census_tract,region,state_fips,county_fips,tract_name,place,place_geoid,tech_score,latitude,longitude,assignment_method
06001400100,Bay Area,06,06001,Census Tract 4001,Oakland,0653000,0.3,37.8676563,-122.2318813,tract interior point in incorporated place
06001400200,Bay Area,06,06001,Census Tract 4002,Oakland,0653000,0.3,37.848147,-122.2495644,tract interior point in incorporated place
06001400300,Bay Area,06,06001,Census Tract 4003,Oakland,0653000,0.3,37.8405841,-122.2544782,tract interior point in incorporated place
06001400400,Bay Area,06,06001,Census Tract 4004,Oakland,0653000,0.3,37.8482759,-122.2574336,tract interior point in incorporated place
06001400500,Bay Area,06,06001,Census Tract 4005,Oakland,0653000,0.3,37.8485452,-122.2647353,tract interior point in incorporated place
06001400600,Bay Area,06,06001,Census Tract 4006,Oakland,0653000,0.3,37.8419909,-122.2648882,tract interior point in incorporated place
06001400700,Bay Area,06,06001,Census Tract 4007,Oakland,0653000,0.3,37.8417014,-122.2722628,tract interior point in incorporated place
06001400800,Bay Area,06,06001,Census Tract 4008,Oakland,0653000,0.3,37.845413,-122.2832255,tract interior point in incorporated place
06001400900,Bay Area,06,06001,Census Tract 4009,Oakland,0653000,0.3,37.839413,-122.280255,tract interior point in incorporated place
06001401000,Bay Area,06,06001,Census Tract 4010,Oakland,0653000,0.3,37.8312039,-122.2718872,tract interior point in incorporated place
06001401100,Bay Area,06,06001,Census Tract 4011,Oakland,0653000,0.3,37.8304839,-122.2638399,tract interior point in incorporated place
06001401200,Bay Area,06,06001,Census Tract 4012,Oakland,0653000,0.3,37.8306009,-122.2579159,tract interior point in incorporated place
06001401300,Bay Area,06,06001,Census Tract 4013,Oakland,0653000,0.3,37.8181386,-122.2667055,tract interior point in incorporated place
06001401400,Bay Area,06,06001,Census Tract 4014,Oakland,0653000,0.3,37.8207423,-122.273409,tract interior point in incorporated place
06001401500,Bay Area,06,06001,Census Tract 4015,Oakland,0653000,0.3,37.8229286,-122.2806336,tract interior point in incorporated place
06001401600,Bay Area,06,06001,Census Tract 4016,Oakland,0653000,0.3,37.8173713,-122.2814822,tract interior point in incorporated place
06001401700,Bay Area,06,06001,Census Tract 4017,Oakland,0653000,0.3,37.8222429,-122.3278324,tract interior point in incorporated place
06001401800,Bay Area,06,06001,Census Tract 4018,Oakland,0653000,0.3,37.8095098,-122.2982554,tract interior point in incorporated place
06001402200,Bay Area,06,06001,Census Tract 4022,Oakland,0653000,0.3,37.8063266,-122.2962183,tract interior point in incorporated place
06001402400,Bay Area,06,06001,Census Tract 4024,Oakland,0653000,0.3,37.8120305,-122.2824576,tract interior point in incorporated place
06001402500,Bay Area,06,06001,Census Tract 4025,Oakland,0653000,0.3,37.8057305,-122.2847803,tract interior point in incorporated place
06001402600,Bay Area,06,06001,Census Tract 4026,Oakland,0653000,0.3,37.80427,-122.2799551,tract interior point in incorporated place
06001402700,Bay Area,06,06001,Census Tract 4027,Oakland,0653000,0.3,37.8103325,-122.2770981,tract interior point in incorporated place
06001402801,Bay Area,06,06001,Census Tract 4028.01,Oakland,0653000,0.3,37.8095483,-122.2707403,tract interior point in incorporated place
06001402802,Bay Area,06,06001,Census Tract 4028.02,Oakland,0653000,0.3,37.8070174,-122.2735577,tract interior point in incorporated place
06001402900,Bay Area,06,06001,Census Tract 4029,Oakland,0653000,0.3,37.8071852,-122.2667035,tract interior point in incorporated place
06001403000,Bay Area,06,06001,Census Tract 4030,Oakland,0653000,0.3,37.8004341,-122.2707274,tract interior point in incorporated place
06001403100,Bay Area,06,06001,Census Tract 4031,Oakland,0653000,0.3,37.8022741,-122.2755012,tract interior point in incorporated place
06001403301,Bay Area,06,06001,Census Tract 4033.01,Oakland,0653000,0.3,37.7981065,-122.266955,tract interior point in incorporated place
06001403302,Bay Area,06,06001,Census Tract 4033.02,Oakland,0653000,0.3,37.7937603,-122.2667344,tract interior point in incorporated place
06001403401,Bay Area,06,06001,Census Tract 4034.01,Oakland,0653000,0.3,37.8077583,-122.2597833,tract interior point in incorporated place
06001403402,Bay Area,06,06001,Census Tract 4034.02,Oakland,0653000,0.3,37.8024095,-122.2651075,tract interior point in incorporated place
06001403501,Bay Area,06,06001,Census Tract 4035.01,Oakland,0653000,0.3,37.8177398,-122.2600504,tract interior point in incorporated place
06001403502,Bay Area,06,06001,Census Tract 4035.02,Oakland,0653000,0.3,37.8159444,-122.2569636,tract interior point in incorporated place
06001403600,Bay Area,06,06001,Census Tract 4036,Oakland,0653000,0.3,37.8135239,-122.2534812,tract interior point in incorporated place
06001403701,Bay Area,06,06001,Census Tract 4037.01,Oakland,0653000,0.3,37.8112134,-122.2586656,tract interior point in incorporated place
06001403702,Bay Area,06,06001,Census Tract 4037.02,Oakland,0653000,0.3,37.8094979,-122.2520933,tract interior point in incorporated place
06001403800,Bay Area,06,06001,Census Tract 4038,Oakland,0653000,0.3,37.8148236,-122.2416662,tract interior point in incorporated place
06001403900,Bay Area,06,06001,Census Tract 4039,Oakland,0653000,0.3,37.8171784,-122.2487713,tract interior point in incorporated place
06001404000,Bay Area,06,06001,Census Tract 4040,Oakland,0653000,0.3,37.8233126,-122.2536627,tract interior point in incorporated place
06001404101,Bay Area,06,06001,Census Tract 4041.01,Oakland,0653000,0.3,37.8300877,-122.2498696,tract interior point in incorporated place
06001404102,Bay Area,06,06001,Census Tract 4041.02,Oakland,0653000,0.3,37.8260219,-122.2510667,tract interior point in incorporated place
06001404200,Bay Area,06,06001,Census Tract 4042,Oakland,0653000,0.3,37.8361098,-122.2344695,tract interior point in incorporated place
06001404300,Bay Area,06,06001,Census Tract 4043,Oakland,0653000,0.3,37.844821,-122.2385523,tract interior point in incorporated place
06001404400,Bay Area,06,06001,Census Tract 4044,Oakland,0653000,0.3,37.8462326,-122.2149774,tract interior point in incorporated place
06001404501,Bay Area,06,06001,Census Tract 4045.01,Oakland,0653000,0.3,37.8271315,-122.2171622,tract interior point in incorporated place
06001404502,Bay Area,06,06001,Census Tract 4045.02,Oakland,0653000,0.3,37.8346277,-122.2024752,tract interior point in incorporated place
06001404600,Bay Area,06,06001,Census Tract 4046,Oakland,0653000,0.3,37.8199301,-122.1912387,tract interior point in incorporated place
06001404700,Bay Area,06,06001,Census Tract 4047,Oakland,0653000,0.3,37.8133308,-122.2069747,tract interior point in incorporated place
06001404800,Bay Area,06,06001,Census Tract 4048,Oakland,0653000,0.3,37.8055076,-122.2131962,tract interior point in incorporated place
06001404900,Bay Area,06,06001,Census Tract 4049,Oakland,0653000,0.3,37.8041422,-122.2215059,tract interior point in incorporated place
06001405000,Bay Area,06,06001,Census Tract 4050,Oakland,0653000,0.3,37.8120851,-122.2190899,tract interior point in incorporated place
06001405100,Bay Area,06,06001,Census Tract 4051,Oakland,0653000,0.3,37.811425,-122.2322366,tract interior point in incorporated place
06001405200,Bay Area,06,06001,Census Tract 4052,Oakland,0653000,0.3,37.8052759,-122.2433884,tract interior point in incorporated place
06001405301,Bay Area,06,06001,Census Tract 4053.01,Oakland,0653000,0.3,37.8020757,-122.2513558,tract interior point in incorporated place
06001405302,Bay Area,06,06001,Census Tract 4053.02,Oakland,0653000,0.3,37.7985075,-122.2543138,tract interior point in incorporated place
06001405401,Bay Area,06,06001,Census Tract 4054.01,Oakland,0653000,0.3,37.7965384,-122.2494562,tract interior point in incorporated place
06001405402,Bay Area,06,06001,Census Tract 4054.02,Oakland,0653000,0.3,37.7933319,-122.2461006,tract interior point in incorporated place
06001405500,Bay Area,06,06001,Census Tract 4055,Oakland,0653000,0.3,37.7982821,-122.243279,tract interior point in incorporated place
06001405600,Bay Area,06,06001,Census Tract 4056,Oakland,0653000,0.3,37.8008019,-122.2372726,tract interior point in incorporated place
06001405700,Bay Area,06,06001,Census Tract 4057,Oakland,0653000,0.3,37.7982307,-122.2296737,tract interior point in incorporated place
06001405800,Bay Area,06,06001,Census Tract 4058,Oakland,0653000,0.3,37.7939452,-122.2330985,tract interior point in incorporated place
06001405901,Bay Area,06,06001,Census Tract 4059.01,Oakland,0653000,0.3,37.7877859,-122.2357701,tract interior point in incorporated place
06001405902,Bay Area,06,06001,Census Tract 4059.02,Oakland,0653000,0.3,37.7909447,-122.240953,tract interior point in incorporated place
06001406000,Bay Area,06,06001,Census Tract 4060,Oakland,0653000,0.3,37.79237,-122.2603108,tract interior point in incorporated place
06001406100,Bay Area,06,06001,Census Tract 4061,Oakland,0653000,0.3,37.7741755,-122.2275801,tract interior point in incorporated place
06001406201,Bay Area,06,06001,Census Tract 4062.01,Oakland,0653000,0.3,37.7850449,-122.2307359,tract interior point in incorporated place
06001406202,Bay Area,06,06001,Census Tract 4062.02,Oakland,0653000,0.3,37.7819786,-122.2265557,tract interior point in incorporated place
06001406300,Bay Area,06,06001,Census Tract 4063,Oakland,0653000,0.3,37.789288,-122.2250127,tract interior point in incorporated place
06001406400,Bay Area,06,06001,Census Tract 4064,Oakland,0653000,0.3,37.7950795,-122.22522,tract interior point in incorporated place
06001406500,Bay Area,06,06001,Census Tract 4065,Oakland,0653000,0.3,37.7880811,-122.2169865,tract interior point in incorporated place
06001406601,Bay Area,06,06001,Census Tract 4066.01,Oakland,0653000,0.3,37.7936093,-122.2079606,tract interior point in incorporated place
06001406602,Bay Area,06,06001,Census Tract 4066.02,Oakland,0653000,0.3,37.7964782,-122.2143072,tract interior point in incorporated place
06001406700,Bay Area,06,06001,Census Tract 4067,Oakland,0653000,0.3,37.8033164,-122.2022249,tract interior point in incorporated place
06001406800,Bay Area,06,06001,Census Tract 4068,Oakland,0653000,0.3,37.7978944,-122.1949575,tract interior point in incorporated place
06001406900,Bay Area,06,06001,Census Tract 4069,Oakland,0653000,0.3,37.7932754,-122.1903789,tract interior point in incorporated place
06001407000,Bay Area,06,06001,Census Tract 4070,Oakland,0653000,0.3,37.7879458,-122.2024901,tract interior point in incorporated place
06001407101,Bay Area,06,06001,Census Tract 4071.01,Oakland,0653000,0.3,37.7831286,-122.2143965,tract interior point in incorporated place
06001407102,Bay Area,06,06001,Census Tract 4071.02,Oakland,0653000,0.3,37.7807761,-122.2102384,tract interior point in incorporated place
06001407200,Bay Area,06,06001,Census Tract 4072,Oakland,0653000,0.3,37.7777848,-122.2192819,tract interior point in incorporated place
06001407300,Bay Area,06,06001,Census Tract 4073,Oakland,0653000,0.3,37.7598158,-122.2084226,tract interior point in incorporated place
06001407400,Bay Area,06,06001,Census Tract 4074,Oakland,0653000,0.3,37.7710407,-122.2067479,tract interior point in incorporated place
06001407500,Bay Area,06,06001,Census Tract 4075,Oakland,0653000,0.3,37.769515,-122.1976093,tract interior point in incorporated place
06001407600,Bay Area,06,06001,Census Tract 4076,Oakland,0653000,0.3,37.7775293,-122.2031992,tract interior point in incorporated place
06001407700,Bay Area,06,06001,Census Tract 4077,Oakland,0653000,0.3,37.7765251,-122.1932278,tract interior point in incorporated place
06001407800,Bay Area,06,06001,Census Tract 4078,Oakland,0653000,0.3,37.7817468,-122.1868539,tract interior point in incorporated place
06001407900,Bay Area,06,06001,Census Tract 4079,Oakland,0653000,0.3,37.7884273,-122.1847831,tract interior point in incorporated place
06001408000,Bay Area,06,06001,Census Tract 4080,Oakland,0653000,0.3,37.8029603,-122.1828718,tract interior point in incorporated place
06001408100,Bay Area,06,06001,Census Tract 4081,Oakland,0653000,0.3,37.7854008,-122.1572103,tract interior point in incorporated place
06001408200,Bay Area,06,06001,Census Tract 4082,Oakland,0653000,0.3,37.775104,-122.1755739,tract interior point in incorporated place
06001408300,Bay Area,06,06001,Census Tract 4083,Oakland,0653000,0.3,37.7711951,-122.1646018,tract interior point in incorporated place
06001408400,Bay Area,06,06001,Census Tract 4084,Oakland,0653000,0.3,37.7646042,-122.1709592,tract interior point in incorporated place
06001408500,Bay Area,06,06001,Census Tract 4085,Oakland,0653000,0.3,37.7604176,-122.1785112,tract interior point in incorporated place
06001408600,Bay Area,06,06001,Census Tract 4086,Oakland,0653000,0.3,37.7661938,-122.1822982,tract interior point in incorporated place
06001408700,Bay Area,06,06001,Census Tract 4087,Oakland,0653000,0.3,37.7688645,-122.1889326,tract interior point in incorporated place
06001408800,Bay Area,06,06001,Census Tract 4088,Oakland,0653000,0.3,37.758918,-122.1969979,tract interior point in incorporated place
06001408900,Bay Area,06,06001,Census Tract 4089,Oakland,0653000,0.3,37.7541581,-122.1889463,tract interior point in incorporated place
06001409000,Bay Area,06,06001,Census Tract 4090,Oakland,0653000,0.3,37.7299438,-122.2164551,tract interior point in incorporated place
06001409100,Bay Area,06,06001,Census Tract 4091,Oakland,0653000,0.3,37.7323419,-122.1834828,tract interior point in incorporated place
06001409200,Bay Area,06,06001,Census Tract 4092,Oakland,0653000,0.3,37.7291306,-122.1778427,tract interior point in incorporated place
06001409300,Bay Area,06,06001,Census Tract 4093,Oakland,0653000,0.3,37.7378474,-122.1733603,tract interior point in incorporated place
06001409400,Bay Area,06,06001,Census Tract 4094,Oakland,0653000,0.3,37.744613,-122.1803623,tract interior point in incorporated place
06001409500,Bay Area,06,06001,Census Tract 4095,Oakland,0653000,0.3,37.7504463,-122.1837659,tract interior point in incorporated place
06001409600,Bay Area,06,06001,Census Tract 4096,Oakland,0653000,0.3,37.7532669,-122.1726197,tract interior point in incorporated place
06001409700,Bay Area,06,06001,Census Tract 4097,Oakland,0653000,0.3,37.7564185,-122.1658933,tract interior point in incorporated place
06001409800,Bay Area,06,06001,Census Tract 4098,Oakland,0653000,0.3,37.7603601,-122.1557634,tract interior point in incorporated place
06001409900,Bay Area,06,06001,Census Tract 4099,Oakland,0653000,0.3,37.7620318,-122.1358942,tract interior point in incorporated place
06001410000,Bay Area,06,06001,Census Tract 4100,Oakland,0653000,0.3,37.7448401,-122.1335559,tract interior point in incorporated place
06001410100,Bay Area,06,06001,Census Tract 4101,Oakland,0653000,0.3,37.7477424,-122.1533513,tract interior point in incorporated place
06001410200,Bay Area,06,06001,Census Tract 4102,Oakland,0653000,0.3,37.7453063,-122.1571742,tract interior point in incorporated place
06001410300,Bay Area,06,06001,Census Tract 4103,Oakland,0653000,0.3,37.7466798,-122.1661407,tract interior point in incorporated place
06001410400,Bay Area,06,06001,Census Tract 4104,Oakland,0653000,0.3,37.7408161,-122.1621741,tract interior point in incorporated place
06001410500,Bay Area,06,06001,Census Tract 4105,Oakland,0653000,0.3,37.8100772,-122.2889321,tract interior point in incorporated place
06001420100,Bay Area,06,06001,Census Tract 4201,Outside named places,,0.0,37.8946938,-122.2909385,tract interior point in incorporated place
06001420200,Bay Area,06,06001,Census Tract 4202,Outside named places,,0.0,37.8944075,-122.2974489,tract interior point in incorporated place
06001420301,Bay Area,06,06001,Census Tract 4203.01,Outside named places,,0.0,37.8947347,-122.3047951,tract interior point in incorporated place
06001420302,Bay Area,06,06001,Census Tract 4203.02,Outside named places,,0.0,37.8906499,-122.3181164,tract interior point in incorporated place
06001420401,Bay Area,06,06001,Census Tract 4204.01,Outside named places,,0.0,37.8848762,-122.2997917,tract interior point in incorporated place
06001420402,Bay Area,06,06001,Census Tract 4204.02,Outside named places,,0.0,37.886211,-122.3141636,tract interior point in incorporated place
06001420500,Bay Area,06,06001,Census Tract 4205,Outside named places,,0.0,37.8866878,-122.2949826,tract interior point in incorporated place
06001420600,Bay Area,06,06001,Census Tract 4206,Outside named places,,0.0,37.8869937,-122.2870443,tract interior point in incorporated place
06001421100,Bay Area,06,06001,Census Tract 4211,Berkeley,0606000,0.3,37.899434,-122.2661928,tract interior point in incorporated place
06001421200,Bay Area,06,06001,Census Tract 4212,Berkeley,0606000,0.3,37.8962495,-122.2746943,tract interior point in incorporated place
06001421300,Bay Area,06,06001,Census Tract 4213,Berkeley,0606000,0.3,37.8910377,-122.2812606,tract interior point in incorporated place
06001421400,Bay Area,06,06001,Census Tract 4214,Berkeley,0606000,0.3,37.8883409,-122.270922,tract interior point in incorporated place
06001421500,Bay Area,06,06001,Census Tract 4215,Berkeley,0606000,0.3,37.8917124,-122.2594988,tract interior point in incorporated place
06001421600,Bay Area,06,06001,Census Tract 4216,Berkeley,0606000,0.3,37.883908,-122.2560319,tract interior point in incorporated place
06001421700,Bay Area,06,06001,Census Tract 4217,Berkeley,0606000,0.3,37.8819398,-122.2701842,tract interior point in incorporated place
06001421800,Bay Area,06,06001,Census Tract 4218,Berkeley,0606000,0.3,37.8802854,-122.2782006,tract interior point in incorporated place
06001421900,Bay Area,06,06001,Census Tract 4219,Berkeley,0606000,0.3,37.8794472,-122.2896362,tract interior point in incorporated place
06001422000,Bay Area,06,06001,Census Tract 4220,Berkeley,0606000,0.3,37.8592091,-122.3016412,tract interior point in incorporated place
06001422100,Bay Area,06,06001,Census Tract 4221,Berkeley,0606000,0.3,37.8733067,-122.2965336,tract interior point in incorporated place
06001422200,Bay Area,06,06001,Census Tract 4222,Berkeley,0606000,0.3,37.8728828,-122.2878171,tract interior point in incorporated place
06001422300,Bay Area,06,06001,Census Tract 4223,Berkeley,0606000,0.3,37.8740722,-122.2779151,tract interior point in incorporated place
06001422400,Bay Area,06,06001,Census Tract 4224,Berkeley,0606000,0.3,37.8752396,-122.2695878,tract interior point in incorporated place
06001422500,Bay Area,06,06001,Census Tract 4225,Berkeley,0606000,0.3,37.8773363,-122.2602634,tract interior point in incorporated place
06001422700,Bay Area,06,06001,Census Tract 4227,Berkeley,0606000,0.3,37.8679151,-122.2495095,tract interior point in incorporated place
06001422800,Bay Area,06,06001,Census Tract 4228,Berkeley,0606000,0.3,37.8667875,-122.259979,tract interior point in incorporated place
06001422901,Bay Area,06,06001,Census Tract 4229.01,Berkeley,0606000,0.3,37.8657427,-122.2678632,tract interior point in incorporated place
06001422902,Bay Area,06,06001,Census Tract 4229.02,Berkeley,0606000,0.3,37.8687746,-122.2698172,tract interior point in incorporated place
06001423000,Bay Area,06,06001,Census Tract 4230,Berkeley,0606000,0.3,37.8668441,-122.2771352,tract interior point in incorporated place
06001423100,Bay Area,06,06001,Census Tract 4231,Berkeley,0606000,0.3,37.865807,-122.2863197,tract interior point in incorporated place
06001423200,Bay Area,06,06001,Census Tract 4232,Berkeley,0606000,0.3,37.8645164,-122.2936857,tract interior point in incorporated place
06001423300,Bay Area,06,06001,Census Tract 4233,Berkeley,0606000,0.3,37.8573281,-122.2842016,tract interior point in incorporated place
06001423400,Bay Area,06,06001,Census Tract 4234,Berkeley,0606000,0.3,37.8583735,-122.275884,tract interior point in incorporated place
06001423500,Bay Area,06,06001,Census Tract 4235,Berkeley,0606000,0.3,37.8593612,-122.268048,tract interior point in incorporated place
06001423601,Bay Area,06,06001,Census Tract 4236.01,Berkeley,0606000,0.3,37.8588898,-122.258719,tract interior point in incorporated place
06001423602,Bay Area,06,06001,Census Tract 4236.02,Berkeley,0606000,0.3,37.8631828,-122.2592684,tract interior point in incorporated place
06001423700,Bay Area,06,06001,Census Tract 4237,Berkeley,0606000,0.3,37.8618284,-122.2490093,tract interior point in incorporated place
06001423800,Bay Area,06,06001,Census Tract 4238,Berkeley,0606000,0.3,37.8547209,-122.2441397,tract interior point in incorporated place
06001423901,Bay Area,06,06001,Census Tract 4239.01,Berkeley,0606000,0.3,37.852246,-122.267564,tract interior point in incorporated place
06001423902,Bay Area,06,06001,Census Tract 4239.02,Berkeley,0606000,0.3,37.8548712,-122.257602,tract interior point in incorporated place
06001424001,Bay Area,06,06001,Census Tract 4240.01,Berkeley,0606000,0.3,37.8503694,-122.2746228,tract interior point in incorporated place
06001424002,Bay Area,06,06001,Census Tract 4240.02,Berkeley,0606000,0.3,37.8504772,-122.281531,tract interior point in incorporated place
06001425101,Bay Area,06,06001,Census Tract 4251.01,Outside named places,,0.0,37.8391588,-122.3020952,tract interior point in incorporated place
06001425102,Bay Area,06,06001,Census Tract 4251.02,Outside named places,,0.0,37.8398785,-122.2946351,tract interior point in incorporated place
06001425103,Bay Area,06,06001,Census Tract 4251.03,Outside named places,,0.0,37.8425683,-122.2898142,tract interior point in incorporated place
06001425104,Bay Area,06,06001,Census Tract 4251.04,Outside named places,,0.0,37.832659,-122.2833251,tract interior point in incorporated place
06001426100,Bay Area,06,06001,Census Tract 4261,Outside named places,,0.0,37.8216083,-122.2252725,tract interior point in incorporated place
06001426200,Bay Area,06,06001,Census Tract 4262,Outside named places,,0.0,37.8246262,-122.2406411,tract interior point in incorporated place
06001427100,Bay Area,06,06001,Census Tract 4271,Outside named places,,0.0,37.764909,-122.2299614,tract interior point in incorporated place
06001427200,Bay Area,06,06001,Census Tract 4272,Outside named places,,0.0,37.780827,-122.248255,tract interior point in incorporated place
06001427300,Bay Area,06,06001,Census Tract 4273,Outside named places,,0.0,37.7810489,-122.2662775,tract interior point in incorporated place
06001427600,Bay Area,06,06001,Census Tract 4276,Outside named places,,0.0,37.7778323,-122.2835978,tract interior point in incorporated place
06001427700,Bay Area,06,06001,Census Tract 4277,Outside named places,,0.0,37.7677097,-122.2877866,tract interior point in incorporated place
06001427800,Bay Area,06,06001,Census Tract 4278,Outside named places,,0.0,37.7714922,-122.2690581,tract interior point in incorporated place
06001427900,Bay Area,06,06001,Census Tract 4279,Outside named places,,0.0,37.7698045,-122.2582454,tract interior point in incorporated place
06001428000,Bay Area,06,06001,Census Tract 4280,Outside named places,,0.0,37.7666414,-122.2475404,tract interior point in incorporated place
06001428100,Bay Area,06,06001,Census Tract 4281,Outside named places,,0.0,37.7589136,-122.2346068,tract interior point in incorporated place
06001428200,Bay Area,06,06001,Census Tract 4282,Outside named places,,0.0,37.7533497,-122.2396803,tract interior point in incorporated place
06001428301,Bay Area,06,06001,Census Tract 4283.01,Outside named places,,0.0,37.7344929,-122.2414385,tract interior point in incorporated place
06001428302,Bay Area,06,06001,Census Tract 4283.02,Outside named places,,0.0,37.7439032,-122.2493273,tract interior point in incorporated place
06001428400,Bay Area,06,06001,Census Tract 4284,Outside named places,,0.0,37.7564138,-122.2559068,tract interior point in incorporated place
06001428500,Bay Area,06,06001,Census Tract 4285,Outside named places,,0.0,37.7601324,-122.2593887,tract interior point in incorporated place
06001428600,Bay Area,06,06001,Census Tract 4286,Outside named places,,0.0,37.766273,-122.2738461,tract interior point in incorporated place
06001428700,Bay Area,06,06001,Census Tract 4287,Outside named places,,0.0,37.7860194,-122.3167339,tract interior point in incorporated place
06001430101,Bay Area,06,06001,Census Tract 4301.01,Outside named places,,0.0,37.7272887,-122.0150232,tract interior point in incorporated place
06001430102,Bay Area,06,06001,Census Tract 4301.02,Outside named places,,0.0,37.7678903,-122.0513409,tract interior point in incorporated place
06001430200,Bay Area,06,06001,Census Tract 4302,Outside named places,,0.0,37.7216585,-122.0615699,tract interior point in incorporated place
06001430300,Bay Area,06,06001,Census Tract 4303,Outside named places,,0.0,37.7171194,-122.0816142,tract interior point in incorporated place
06001430400,Bay Area,06,06001,Census Tract 4304,Outside named places,,0.0,37.7210533,-122.1001035,tract interior point in incorporated place
06001430500,Bay Area,06,06001,Census Tract 4305,Outside named places,,0.0,37.7049262,-122.1091621,tract interior point in incorporated place
06001430600,Bay Area,06,06001,Census Tract 4306,Outside named places,,0.0,37.7041757,-122.0969638,tract interior point in incorporated place
06001430700,Bay Area,06,06001,Census Tract 4307,Outside named places,,0.0,37.7060948,-122.0822254,tract interior point in incorporated place
06001430800,Bay Area,06,06001,Census Tract 4308,Outside named places,,0.0,37.6992109,-122.0650346,tract interior point in incorporated place
06001430900,Bay Area,06,06001,Census Tract 4309,Outside named places,,0.0,37.6982784,-122.0828322,tract interior point in incorporated place
06001431000,Bay Area,06,06001,Census Tract 4310,Outside named places,,0.0,37.6929313,-122.0784573,tract interior point in incorporated place
06001431100,Bay Area,06,06001,Census Tract 4311,Outside named places,,0.0,37.6881137,-122.0672905,tract interior point in incorporated place
06001431200,Bay Area,06,06001,Census Tract 4312,Outside named places,,0.0,37.6871184,-122.0834504,tract interior point in incorporated place
06001432100,Bay Area,06,06001,Census Tract 4321,Outside named places,,0.0,37.7360495,-122.1466048,tract interior point in incorporated place
06001432200,Bay Area,06,06001,Census Tract 4322,Outside named places,,0.0,37.7330544,-122.1562452,tract interior point in incorporated place
06001432300,Bay Area,06,06001,Census Tract 4323,Outside named places,,0.0,37.7308763,-122.1656514,tract interior point in incorporated place
06001432400,Bay Area,06,06001,Census Tract 4324,Outside named places,,0.0,37.7085402,-122.1858996,tract interior point in incorporated place
06001432501,Bay Area,06,06001,Census Tract 4325.01,Outside named places,,0.0,37.7167215,-122.1661682,tract interior point in incorporated place
06001432502,Bay Area,06,06001,Census Tract 4325.02,Outside named places,,0.0,37.7234991,-122.1735223,tract interior point in incorporated place
06001432601,Bay Area,06,06001,Census Tract 4326.01,Outside named places,,0.0,37.7215214,-122.1576682,tract interior point in incorporated place
06001432602,Bay Area,06,06001,Census Tract 4326.02,Outside named places,,0.0,37.7247163,-122.1508066,tract interior point in incorporated place
06001432700,Bay Area,06,06001,Census Tract 4327,Outside named places,,0.0,37.7270704,-122.1428436,tract interior point in incorporated place
06001432800,Bay Area,06,06001,Census Tract 4328,Outside named places,,0.0,37.7212465,-122.123827,tract interior point in incorporated place
06001433000,Bay Area,06,06001,Census Tract 4330,Outside named places,,0.0,37.7159042,-122.1354894,tract interior point in incorporated place
06001433102,Bay Area,06,06001,Census Tract 4331.02,Outside named places,,0.0,37.7020462,-122.1331241,tract interior point in incorporated place
06001433103,Bay Area,06,06001,Census Tract 4331.03,Outside named places,,0.0,37.7093385,-122.1390414,tract interior point in incorporated place
06001433104,Bay Area,06,06001,Census Tract 4331.04,Outside named places,,0.0,37.7142641,-122.1469937,tract interior point in incorporated place
06001433200,Bay Area,06,06001,Census Tract 4332,Outside named places,,0.0,37.7017249,-122.1470315,tract interior point in incorporated place
06001433300,Bay Area,06,06001,Census Tract 4333,Outside named places,,0.0,37.6985123,-122.1575782,tract interior point in incorporated place
06001433400,Bay Area,06,06001,Census Tract 4334,Outside named places,,0.0,37.6862098,-122.1772459,tract interior point in incorporated place
06001433500,Bay Area,06,06001,Census Tract 4335,Outside named places,,0.0,37.6845055,-122.155317,tract interior point in incorporated place
06001433600,Bay Area,06,06001,Census Tract 4336,Outside named places,,0.0,37.6860856,-122.1437723,tract interior point in incorporated place
06001433700,Bay Area,06,06001,Census Tract 4337,Outside named places,,0.0,37.6876466,-122.1145204,tract interior point in incorporated place
06001433801,Bay Area,06,06001,Census Tract 4338.01,Outside named places,,0.0,37.7049461,-122.1226567,tract interior point in incorporated place
06001433802,Bay Area,06,06001,Census Tract 4338.02,Outside named places,,0.0,37.6948314,-122.123894,tract interior point in incorporated place
06001433900,Bay Area,06,06001,Census Tract 4339,Outside named places,,0.0,37.6992655,-122.1135392,tract interior point in incorporated place
06001434000,Bay Area,06,06001,Census Tract 4340,Outside named places,,0.0,37.692345,-122.1102056,tract interior point in incorporated place
06001435102,Bay Area,06,06001,Census Tract 4351.02,Outside named places,,0.0,37.655131,-122.0456272,tract interior point in incorporated place
06001435103,Bay Area,06,06001,Census Tract 4351.03,Outside named places,,0.0,37.6516747,-121.9827815,tract interior point in incorporated place
06001435104,Bay Area,06,06001,Census Tract 4351.04,Outside named places,,0.0,37.6385144,-122.0388422,tract interior point in incorporated place
06001435200,Bay Area,06,06001,Census Tract 4352,Outside named places,,0.0,37.6884456,-122.0501882,tract interior point in incorporated place
06001435300,Bay Area,06,06001,Census Tract 4353,Outside named places,,0.0,37.6807762,-122.0646561,tract interior point in incorporated place
06001435400,Bay Area,06,06001,Census Tract 4354,Outside named places,,0.0,37.6739167,-122.08317,tract interior point in incorporated place
06001435500,Bay Area,06,06001,Census Tract 4355,Outside named places,,0.0,37.6809369,-122.09333,tract interior point in incorporated place
06001435601,Bay Area,06,06001,Census Tract 4356.01,Outside named places,,0.0,37.6746707,-122.1022676,tract interior point in incorporated place
06001435602,Bay Area,06,06001,Census Tract 4356.02,Outside named places,,0.0,37.6819299,-122.107,tract interior point in incorporated place
06001435700,Bay Area,06,06001,Census Tract 4357,Outside named places,,0.0,37.6786744,-122.1161142,tract interior point in incorporated place
06001435800,Bay Area,06,06001,Census Tract 4358,Outside named places,,0.0,37.6793903,-122.1296211,tract interior point in incorporated place
06001435900,Bay Area,06,06001,Census Tract 4359,Outside named places,,0.0,37.6724681,-122.147305,tract interior point in incorporated place
06001436000,Bay Area,06,06001,Census Tract 4360,Outside named places,,0.0,37.6690407,-122.1375296,tract interior point in incorporated place
06001436100,Bay Area,06,06001,Census Tract 4361,Outside named places,,0.0,37.6717496,-122.1236242,tract interior point in incorporated place
06001436200,Bay Area,06,06001,Census Tract 4362,Outside named places,,0.0,37.6685047,-122.11212,tract interior point in incorporated place
06001436301,Bay Area,06,06001,Census Tract 4363.01,Outside named places,,0.0,37.6678078,-122.0945904,tract interior point in incorporated place
06001436302,Bay Area,06,06001,Census Tract 4363.02,Outside named places,,0.0,37.6641766,-122.087795,tract interior point in incorporated place
06001436402,Bay Area,06,06001,Census Tract 4364.02,Outside named places,,0.0,37.6668235,-122.0404127,tract interior point in incorporated place
06001436403,Bay Area,06,06001,Census Tract 4364.03,Outside named places,,0.0,37.669152,-122.0708563,tract interior point in incorporated place
06001436404,Bay Area,06,06001,Census Tract 4364.04,Outside named places,,0.0,37.6737239,-122.0592192,tract interior point in incorporated place
06001436500,Bay Area,06,06001,Census Tract 4365,Outside named places,,0.0,37.6586484,-122.0688949,tract interior point in incorporated place
06001436601,Bay Area,06,06001,Census Tract 4366.01,Outside named places,,0.0,37.6567776,-122.0788946,tract interior point in incorporated place
06001436602,Bay Area,06,06001,Census Tract 4366.02,Outside named places,,0.0,37.6518201,-122.0851944,tract interior point in incorporated place
06001436700,Bay Area,06,06001,Census Tract 4367,Outside named places,,0.0,37.6619708,-122.1005195,tract interior point in incorporated place
06001436800,Bay Area,06,06001,Census Tract 4368,Outside named places,,0.0,37.6535732,-122.0944503,tract interior point in incorporated place
06001436900,Bay Area,06,06001,Census Tract 4369,Outside named places,,0.0,37.6603504,-122.1097205,tract interior point in incorporated place
06001437000,Bay Area,06,06001,Census Tract 4370,Outside named places,,0.0,37.647144,-122.1015751,tract interior point in incorporated place
06001437101,Bay Area,06,06001,Census Tract 4371.01,Outside named places,,0.0,37.6059048,-122.126873,tract interior point in incorporated place
06001437102,Bay Area,06,06001,Census Tract 4371.02,Outside named places,,0.0,37.6298655,-122.1002746,tract interior point in incorporated place
06001437200,Bay Area,06,06001,Census Tract 4372,Outside named places,,0.0,37.6431726,-122.1115983,tract interior point in incorporated place
06001437300,Bay Area,06,06001,Census Tract 4373,Outside named places,,0.0,37.6362157,-122.0929895,tract interior point in incorporated place
06001437400,Bay Area,06,06001,Census Tract 4374,Outside named places,,0.0,37.6428175,-122.0876396,tract interior point in incorporated place
06001437500,Bay Area,06,06001,Census Tract 4375,Outside named places,,0.0,37.6440336,-122.0793901,tract interior point in incorporated place
06001437600,Bay Area,06,06001,Census Tract 4376,Outside named places,,0.0,37.6353602,-122.0804834,tract interior point in incorporated place
06001437701,Bay Area,06,06001,Census Tract 4377.01,Outside named places,,0.0,37.6348665,-122.0697491,tract interior point in incorporated place
06001437702,Bay Area,06,06001,Census Tract 4377.02,Outside named places,,0.0,37.638444,-122.0734492,tract interior point in incorporated place
06001437800,Bay Area,06,06001,Census Tract 4378,Outside named places,,0.0,37.6431437,-122.068697,tract interior point in incorporated place
06001437900,Bay Area,06,06001,Census Tract 4379,Outside named places,,0.0,37.6428283,-122.0613135,tract interior point in incorporated place
06001438000,Bay Area,06,06001,Census Tract 4380,Outside named places,,0.0,37.6190827,-122.0284675,tract interior point in incorporated place
06001438100,Bay Area,06,06001,Census Tract 4381,Outside named places,,0.0,37.6181753,-122.0389678,tract interior point in incorporated place
06001438201,Bay Area,06,06001,Census Tract 4382.01,Outside named places,,0.0,37.6262681,-122.0764388,tract interior point in incorporated place
06001438203,Bay Area,06,06001,Census Tract 4382.03,Outside named places,,0.0,37.6156286,-122.0575298,tract interior point in incorporated place
06001438204,Bay Area,06,06001,Census Tract 4382.04,Outside named places,,0.0,37.6270595,-122.0596257,tract interior point in incorporated place
06001438300,Bay Area,06,06001,Census Tract 4383,Outside named places,,0.0,37.6282241,-122.088523,tract interior point in incorporated place
06001438400,Bay Area,06,06001,Census Tract 4384,Outside named places,,0.0,37.6184511,-122.082604,tract interior point in incorporated place
06001440100,Bay Area,06,06001,Census Tract 4401,Outside named places,,0.0,37.6164242,-121.9814908,tract interior point in incorporated place
06001440200,Bay Area,06,06001,Census Tract 4402,Outside named places,,0.0,37.6003622,-122.0225189,tract interior point in incorporated place
06001440301,Bay Area,06,06001,Census Tract 4403.01,Outside named places,,0.0,37.6012643,-122.0427413,tract interior point in incorporated place
06001440304,Bay Area,06,06001,Census Tract 4403.04,Outside named places,,0.0,37.5868721,-122.0766157,tract interior point in incorporated place
06001440305,Bay Area,06,06001,Census Tract 4403.05,Outside named places,,0.0,37.5773823,-122.0746665,tract interior point in incorporated place
06001440306,Bay Area,06,06001,Census Tract 4403.06,Outside named places,,0.0,37.5849957,-122.0683439,tract interior point in incorporated place
06001440307,Bay Area,06,06001,Census Tract 4403.07,Outside named places,,0.0,37.5911451,-122.0486878,tract interior point in incorporated place
06001440308,Bay Area,06,06001,Census Tract 4403.08,Outside named places,,0.0,37.5893168,-122.027817,tract interior point in incorporated place
06001440331,Bay Area,06,06001,Census Tract 4403.31,Outside named places,,0.0,37.5980622,-122.0829553,tract interior point in incorporated place
06001440332,Bay Area,06,06001,Census Tract 4403.32,Outside named places,,0.0,37.5828284,-122.0858891,tract interior point in incorporated place
06001440333,Bay Area,06,06001,Census Tract 4403.33,Outside named places,,0.0,37.6053298,-122.0738277,tract interior point in incorporated place
06001440334,Bay Area,06,06001,Census Tract 4403.34,Outside named places,,0.0,37.5938189,-122.0649125,tract interior point in incorporated place
06001440336,Bay Area,06,06001,Census Tract 4403.36,Outside named places,,0.0,37.58102,-122.0173599,tract interior point in incorporated place
06001440337,Bay Area,06,06001,Census Tract 4403.37,Outside named places,,0.0,37.5937696,-122.0108429,tract interior point in incorporated place
06001440338,Bay Area,06,06001,Census Tract 4403.38,Outside named places,,0.0,37.5882461,-122.0142011,tract interior point in incorporated place
06001441100,Bay Area,06,06001,Census Tract 4411,Outside named places,,0.0,37.5856169,-121.9620462,tract interior point in incorporated place
06001441200,Bay Area,06,06001,Census Tract 4412,Outside named places,,0.0,37.5780625,-121.9910071,tract interior point in incorporated place
06001441301,Bay Area,06,06001,Census Tract 4413.01,Outside named places,,0.0,37.5716231,-122.0024689,tract interior point in incorporated place
06001441302,Bay Area,06,06001,Census Tract 4413.02,Outside named places,,0.0,37.5693426,-122.0194346,tract interior point in incorporated place
06001441401,Bay Area,06,06001,Census Tract 4414.01,Outside named places,,0.0,37.5735085,-122.0375264,tract interior point in incorporated place
06001441402,Bay Area,06,06001,Census Tract 4414.02,Outside named places,,0.0,37.5823293,-122.0400088,tract interior point in incorporated place
06001441501,Bay Area,06,06001,Census Tract 4415.01,Outside named places,,0.0,37.5695603,-122.0740416,tract interior point in incorporated place
06001441503,Bay Area,06,06001,Census Tract 4415.03,Outside named places,,0.0,37.488238,-121.9728118,tract interior point in incorporated place
06001441521,Bay Area,06,06001,Census Tract 4415.21,Outside named places,,0.0,37.5730234,-122.0528477,tract interior point in incorporated place
06001441522,Bay Area,06,06001,Census Tract 4415.22,Outside named places,,0.0,37.5846106,-122.0572653,tract interior point in incorporated place
06001441523,Bay Area,06,06001,Census Tract 4415.23,Outside named places,,0.0,37.5647764,-122.0464882,tract interior point in incorporated place
06001441524,Bay Area,06,06001,Census Tract 4415.24,Outside named places,,0.0,37.559478,-122.0506929,tract interior point in incorporated place
06001441525,Bay Area,06,06001,Census Tract 4415.25,Outside named places,,0.0,37.4990214,-121.9388552,tract interior point in incorporated place
06001441601,Bay Area,06,06001,Census Tract 4416.01,Outside named places,,0.0,37.5635065,-122.0305636,tract interior point in incorporated place
06001441602,Bay Area,06,06001,Census Tract 4416.02,Outside named places,,0.0,37.5569619,-122.0212342,tract interior point in incorporated place
06001441701,Bay Area,06,06001,Census Tract 4417.01,Outside named places,,0.0,37.5479521,-122.0150386,tract interior point in incorporated place
06001441702,Bay Area,06,06001,Census Tract 4417.02,Outside named places,,0.0,37.5583412,-122.0082979,tract interior point in incorporated place
06001441800,Bay Area,06,06001,Census Tract 4418,Outside named places,,0.0,37.5591958,-121.9915699,tract interior point in incorporated place
06001441921,Bay Area,06,06001,Census Tract 4419.21,Outside named places,,0.0,37.5424223,-121.9678076,tract interior point in incorporated place
06001441923,Bay Area,06,06001,Census Tract 4419.23,Outside named places,,0.0,37.5509616,-121.9850062,tract interior point in incorporated place
06001441924,Bay Area,06,06001,Census Tract 4419.24,Outside named places,,0.0,37.5647659,-121.9732496,tract interior point in incorporated place
06001441926,Bay Area,06,06001,Census Tract 4419.26,Outside named places,,0.0,37.540812,-121.97872,tract interior point in incorporated place
06001441927,Bay Area,06,06001,Census Tract 4419.27,Outside named places,,0.0,37.5465021,-121.976577,tract interior point in incorporated place
06001441928,Bay Area,06,06001,Census Tract 4419.28,Outside named places,,0.0,37.5499103,-121.9629333,tract interior point in incorporated place
06001441929,Bay Area,06,06001,Census Tract 4419.29,Outside named places,,0.0,37.5543457,-121.9723074,tract interior point in incorporated place
06001442000,Bay Area,06,06001,Census Tract 4420,Outside named places,,0.0,37.5590456,-121.9353151,tract interior point in incorporated place
06001442100,Bay Area,06,06001,Census Tract 4421,Outside named places,,0.0,37.5481429,-121.9499143,tract interior point in incorporated place
06001442200,Bay Area,06,06001,Census Tract 4422,Outside named places,,0.0,37.5345806,-121.942108,tract interior point in incorporated place
06001442301,Bay Area,06,06001,Census Tract 4423.01,Outside named places,,0.0,37.527781,-121.9613408,tract interior point in incorporated place
06001442302,Bay Area,06,06001,Census Tract 4423.02,Outside named places,,0.0,37.5360343,-121.9604172,tract interior point in incorporated place
06001442400,Bay Area,06,06001,Census Tract 4424,Outside named places,,0.0,37.5313806,-121.9737794,tract interior point in incorporated place
06001442501,Bay Area,06,06001,Census Tract 4425.01,Outside named places,,0.0,37.5346224,-121.9839849,tract interior point in incorporated place
06001442502,Bay Area,06,06001,Census Tract 4425.02,Outside named places,,0.0,37.5396667,-121.9903682,tract interior point in incorporated place
06001442601,Bay Area,06,06001,Census Tract 4426.01,Outside named places,,0.0,37.544306,-121.9976615,tract interior point in incorporated place
06001442602,Bay Area,06,06001,Census Tract 4426.02,Outside named places,,0.0,37.5481936,-122.0049837,tract interior point in incorporated place
06001442700,Bay Area,06,06001,Census Tract 4427,Outside named places,,0.0,37.5371513,-122.0081095,tract interior point in incorporated place
06001442800,Bay Area,06,06001,Census Tract 4428,Outside named places,,0.0,37.5293619,-121.9931002,tract interior point in incorporated place
06001442900,Bay Area,06,06001,Census Tract 4429,Outside named places,,0.0,37.5184093,-121.9748369,tract interior point in incorporated place
06001443001,Bay Area,06,06001,Census Tract 4430.01,Outside named places,,0.0,37.5184218,-121.9515237,tract interior point in incorporated place
06001443002,Bay Area,06,06001,Census Tract 4430.02,Outside named places,,0.0,37.5168343,-121.9605916,tract interior point in incorporated place
06001443102,Bay Area,06,06001,Census Tract 4431.02,Outside named places,,0.0,37.5072245,-121.9271486,tract interior point in incorporated place
06001443103,Bay Area,06,06001,Census Tract 4431.03,Outside named places,,0.0,37.5270917,-121.901582,tract interior point in incorporated place
06001443104,Bay Area,06,06001,Census Tract 4431.04,Outside named places,,0.0,37.5313774,-121.9266867,tract interior point in incorporated place
06001443105,Bay Area,06,06001,Census Tract 4431.05,Outside named places,,0.0,37.5218355,-121.932256,tract interior point in incorporated place
06001443200,Bay Area,06,06001,Census Tract 4432,Outside named places,,0.0,37.4877231,-121.8955045,tract interior point in incorporated place
06001443301,Bay Area,06,06001,Census Tract 4433.01,Outside named places,,0.0,37.4707721,-121.9130472,tract interior point in incorporated place
06001443321,Bay Area,06,06001,Census Tract 4433.21,Outside named places,,0.0,37.4902703,-121.9242859,tract interior point in incorporated place
06001443322,Bay Area,06,06001,Census Tract 4433.22,Outside named places,,0.0,37.4829831,-121.9198352,tract interior point in incorporated place
06001444100,Bay Area,06,06001,Census Tract 4441,Outside named places,,0.0,37.5500649,-122.034257,tract interior point in incorporated place
06001444200,Bay Area,06,06001,Census Tract 4442,Outside named places,,0.0,37.5425433,-122.045728,tract interior point in incorporated place
06001444301,Bay Area,06,06001,Census Tract 4443.01,Outside named places,,0.0,37.536519,-122.0571016,tract interior point in incorporated place
06001444303,Bay Area,06,06001,Census Tract 4443.03,Outside named places,,0.0,37.5249502,-122.0812538,tract interior point in incorporated place
06001444304,Bay Area,06,06001,Census Tract 4443.04,Outside named places,,0.0,37.508137,-122.0358825,tract interior point in incorporated place
06001444400,Bay Area,06,06001,Census Tract 4444,Outside named places,,0.0,37.5362315,-122.035338,tract interior point in incorporated place
06001444500,Bay Area,06,06001,Census Tract 4445,Outside named places,,0.0,37.5342653,-122.0273658,tract interior point in incorporated place
06001444601,Bay Area,06,06001,Census Tract 4446.01,Outside named places,,0.0,37.5270567,-122.0162477,tract interior point in incorporated place
06001444602,Bay Area,06,06001,Census Tract 4446.02,Outside named places,,0.0,37.5116224,-122.0028758,tract interior point in incorporated place
06001450101,Bay Area,06,06001,Census Tract 4501.01,Outside named places,,0.0,37.7050855,-121.8851378,tract interior point in incorporated place
06001450102,Bay Area,06,06001,Census Tract 4501.02,Outside named places,,0.0,37.7208539,-121.8911569,tract interior point in incorporated place
06001450200,Bay Area,06,06001,Census Tract 4502,Outside named places,,0.0,37.7224277,-121.9154123,tract interior point in incorporated place
06001450300,Bay Area,06,06001,Census Tract 4503,Outside named places,,0.0,37.7106517,-121.9177272,tract interior point in incorporated place
06001450400,Bay Area,06,06001,Census Tract 4504,Outside named places,,0.0,37.7126655,-121.9324172,tract interior point in incorporated place
06001450501,Bay Area,06,06001,Census Tract 4505.01,Outside named places,,0.0,37.7068496,-121.9419577,tract interior point in incorporated place
06001450502,Bay Area,06,06001,Census Tract 4505.02,Outside named places,,0.0,37.7102505,-121.9676415,tract interior point in incorporated place
06001450601,Bay Area,06,06001,Census Tract 4506.01,Outside named places,,0.0,37.653267,-121.9307573,tract interior point in incorporated place
06001450603,Bay Area,06,06001,Census Tract 4506.03,Outside named places,,0.0,37.6888372,-121.9106075,tract interior point in incorporated place
06001450604,Bay Area,06,06001,Census Tract 4506.04,Outside named places,,0.0,37.6811898,-121.8865528,tract interior point in incorporated place
06001450605,Bay Area,06,06001,Census Tract 4506.05,Outside named places,,0.0,37.6721104,-121.8819955,tract interior point in incorporated place
06001450606,Bay Area,06,06001,Census Tract 4506.06,Outside named places,,0.0,37.6694706,-121.899759,tract interior point in incorporated place
06001450607,Bay Area,06,06001,Census Tract 4506.07,Outside named places,,0.0,37.6571981,-121.8877285,tract interior point in incorporated place
06001450608,Bay Area,06,06001,Census Tract 4506.08,Outside named places,,0.0,37.6564813,-121.9043199,tract interior point in incorporated place
06001450609,Bay Area,06,06001,Census Tract 4506.09,Outside named places,,0.0,37.6891989,-121.92397,tract interior point in incorporated place
06001450701,Bay Area,06,06001,Census Tract 4507.01,Outside named places,,0.0,37.5511338,-121.8054596,tract interior point in incorporated place
06001450741,Bay Area,06,06001,Census Tract 4507.41,Outside named places,,0.0,37.6602378,-121.8650769,tract interior point in incorporated place
06001450742,Bay Area,06,06001,Census Tract 4507.42,Outside named places,,0.0,37.6661914,-121.8260872,tract interior point in incorporated place
06001450743,Bay Area,06,06001,Census Tract 4507.43,Outside named places,,0.0,37.6930411,-121.8924273,tract interior point in incorporated place
06001450744,Bay Area,06,06001,Census Tract 4507.44,Outside named places,,0.0,37.6969031,-121.8651217,tract interior point in incorporated place
06001450745,Bay Area,06,06001,Census Tract 4507.45,Outside named places,,0.0,37.6803328,-121.8519308,tract interior point in incorporated place
06001450746,Bay Area,06,06001,Census Tract 4507.46,Outside named places,,0.0,37.6736928,-121.8685808,tract interior point in incorporated place
06001450750,Bay Area,06,06001,Census Tract 4507.50,Outside named places,,0.0,37.7054323,-121.8611962,tract interior point in incorporated place
06001450751,Bay Area,06,06001,Census Tract 4507.51,Outside named places,,0.0,37.7164128,-121.8428623,tract interior point in incorporated place
06001450752,Bay Area,06,06001,Census Tract 4507.52,Outside named places,,0.0,37.7409198,-121.8239108,tract interior point in incorporated place
06001451102,Bay Area,06,06001,Census Tract 4511.02,Outside named places,,0.0,37.6499567,-121.7869392,tract interior point in incorporated place
06001451103,Bay Area,06,06001,Census Tract 4511.03,Outside named places,,0.0,37.6388221,-121.729043,tract interior point in incorporated place
06001451104,Bay Area,06,06001,Census Tract 4511.04,Outside named places,,0.0,37.6343064,-121.6163068,tract interior point in incorporated place
06001451201,Bay Area,06,06001,Census Tract 4512.01,Outside named places,,0.0,37.7127935,-121.7417475,tract interior point in incorporated place
06001451202,Bay Area,06,06001,Census Tract 4512.02,Outside named places,,0.0,37.7346905,-121.769005,tract interior point in incorporated place
06001451300,Bay Area,06,06001,Census Tract 4513,Outside named places,,0.0,37.6930926,-121.8176792,tract interior point in incorporated place
06001451401,Bay Area,06,06001,Census Tract 4514.01,Outside named places,,0.0,37.6959835,-121.7629309,tract interior point in incorporated place
06001451403,Bay Area,06,06001,Census Tract 4514.03,Outside named places,,0.0,37.6912321,-121.78425,tract interior point in incorporated place
06001451404,Bay Area,06,06001,Census Tract 4514.04,Outside named places,,0.0,37.6852758,-121.7803514,tract interior point in incorporated place
06001451501,Bay Area,06,06001,Census Tract 4515.01,Outside named places,,0.0,37.6733478,-121.7369681,tract interior point in incorporated place
06001451503,Bay Area,06,06001,Census Tract 4515.03,Outside named places,,0.0,37.6849518,-121.7489971,tract interior point in incorporated place
06001451504,Bay Area,06,06001,Census Tract 4515.04,Outside named places,,0.0,37.6979401,-121.7322366,tract interior point in incorporated place
06001451505,Bay Area,06,06001,Census Tract 4515.05,Outside named places,,0.0,37.6894445,-121.7246715,tract interior point in incorporated place
06001451506,Bay Area,06,06001,Census Tract 4515.06,Outside named places,,0.0,37.6833516,-121.7291862,tract interior point in incorporated place
06001451601,Bay Area,06,06001,Census Tract 4516.01,Outside named places,,0.0,37.6683795,-121.7607445,tract interior point in incorporated place
06001451602,Bay Area,06,06001,Census Tract 4516.02,Outside named places,,0.0,37.6712489,-121.7756214,tract interior point in incorporated place
06001451701,Bay Area,06,06001,Census Tract 4517.01,Outside named places,,0.0,37.6721084,-121.787947,tract interior point in incorporated place
06001451703,Bay Area,06,06001,Census Tract 4517.03,Outside named places,,0.0,37.6673232,-121.8010388,tract interior point in incorporated place
06001451704,Bay Area,06,06001,Census Tract 4517.04,Outside named places,,0.0,37.6621234,-121.7900629,tract interior point in incorporated place
06001981900,Bay Area,06,06001,Census Tract 9819,Oakland,0653000,0.3,37.7998452,-122.3173831,tract interior point in incorporated place
06001982000,Bay Area,06,06001,Census Tract 9820,Oakland,0653000,0.3,37.7961767,-122.2949529,tract interior point in incorporated place
06001982100,Bay Area,06,06001,Census Tract 9821,Berkeley,0606000,0.3,37.8737516,-122.2546176,tract interior point in incorporated place
06001983200,Bay Area,06,06001,Census Tract 9832,Oakland,0653000,0.3,37.7959455,-122.277268,tract interior point in incorporated place
06001990000,Bay Area,06,06001,Census Tract 9900,Oakland,0653000,0.3,37.6836727,-122.2287162,tract interior point in incorporated place
06013301000,Bay Area,06,06013,Census Tract 3010,Outside named places,,0.0,38.0381229,-121.6299682,tract interior point in incorporated place
06013302005,Bay Area,06,06013,Census Tract 3020.05,Outside named places,,0.0,37.999313,-121.7329343,tract interior point in incorporated place
06013302006,Bay Area,06,06013,Census Tract 3020.06,Outside named places,,0.0,38.0089572,-121.7020054,tract interior point in incorporated place
06013302007,Bay Area,06,06013,Census Tract 3020.07,Outside named places,,0.0,37.9837231,-121.7056383,tract interior point in incorporated place
06013302009,Bay Area,06,06013,Census Tract 3020.09,Outside named places,,0.0,37.9714091,-121.7478636,tract interior point in incorporated place
06013302011,Bay Area,06,06013,Census Tract 3020.11,Outside named places,,0.0,37.9865882,-121.6613938,tract interior point in incorporated place
06013302012,Bay Area,06,06013,Census Tract 3020.12,Outside named places,,0.0,37.9775022,-121.6879255,tract interior point in incorporated place
06013302013,Bay Area,06,06013,Census Tract 3020.13,Outside named places,,0.0,37.9884917,-121.7399442,tract interior point in incorporated place
06013302014,Bay Area,06,06013,Census Tract 3020.14,Outside named places,,0.0,37.979776,-121.7231589,tract interior point in incorporated place
06013303104,Bay Area,06,06013,Census Tract 3031.04,Outside named places,,0.0,37.9629721,-121.7095374,tract interior point in incorporated place
06013303105,Bay Area,06,06013,Census Tract 3031.05,Outside named places,,0.0,37.9474152,-121.7033573,tract interior point in incorporated place
06013303106,Bay Area,06,06013,Census Tract 3031.06,Outside named places,,0.0,37.9366457,-121.6618676,tract interior point in incorporated place
06013303107,Bay Area,06,06013,Census Tract 3031.07,Outside named places,,0.0,37.9299323,-121.6859542,tract interior point in incorporated place
06013303202,Bay Area,06,06013,Census Tract 3032.02,Outside named places,,0.0,37.942375,-121.7148585,tract interior point in incorporated place
06013303204,Bay Area,06,06013,Census Tract 3032.04,Outside named places,,0.0,37.9289405,-121.7089879,tract interior point in incorporated place
06013303206,Bay Area,06,06013,Census Tract 3032.06,Outside named places,,0.0,37.9348893,-121.756426,tract interior point in incorporated place
06013303207,Bay Area,06,06013,Census Tract 3032.07,Outside named places,,0.0,37.9542876,-121.7620861,tract interior point in incorporated place
06013303208,Bay Area,06,06013,Census Tract 3032.08,Outside named places,,0.0,37.9353992,-121.7306268,tract interior point in incorporated place
06013303209,Bay Area,06,06013,Census Tract 3032.09,Outside named places,,0.0,37.9539324,-121.7331883,tract interior point in incorporated place
06013303210,Bay Area,06,06013,Census Tract 3032.10,Outside named places,,0.0,37.9162534,-121.7224193,tract interior point in incorporated place
06013303211,Bay Area,06,06013,Census Tract 3032.11,Outside named places,,0.0,37.9091889,-121.6951185,tract interior point in incorporated place
06013304001,Bay Area,06,06013,Census Tract 3040.01,Outside named places,,0.0,37.8836154,-121.7487938,tract interior point in incorporated place
06013304002,Bay Area,06,06013,Census Tract 3040.02,Outside named places,,0.0,37.8586722,-121.6217616,tract interior point in incorporated place
06013304003,Bay Area,06,06013,Census Tract 3040.03,Outside named places,,0.0,37.9038421,-121.5772406,tract interior point in incorporated place
06013304004,Bay Area,06,06013,Census Tract 3040.04,Outside named places,,0.0,37.894462,-121.610093,tract interior point in incorporated place
06013304006,Bay Area,06,06013,Census Tract 3040.06,Outside named places,,0.0,37.9521279,-121.5995247,tract interior point in incorporated place
06013304007,Bay Area,06,06013,Census Tract 3040.07,Outside named places,,0.0,37.9035472,-121.6319653,tract interior point in incorporated place
06013305000,Bay Area,06,06013,Census Tract 3050,Outside named places,,0.0,38.0162584,-121.831016,tract interior point in incorporated place
06013306002,Bay Area,06,06013,Census Tract 3060.02,Outside named places,,0.0,38.0077939,-121.7632372,tract interior point in incorporated place
06013306003,Bay Area,06,06013,Census Tract 3060.03,Outside named places,,0.0,38.0053331,-121.7994409,tract interior point in incorporated place
06013306004,Bay Area,06,06013,Census Tract 3060.04,Outside named places,,0.0,38.0085744,-121.7845356,tract interior point in incorporated place
06013307101,Bay Area,06,06013,Census Tract 3071.01,Outside named places,,0.0,37.9866563,-121.8155459,tract interior point in incorporated place
06013307102,Bay Area,06,06013,Census Tract 3071.02,Outside named places,,0.0,38.0004738,-121.8155705,tract interior point in incorporated place
06013307201,Bay Area,06,06013,Census Tract 3072.01,Outside named places,,0.0,38.0025255,-121.8485862,tract interior point in incorporated place
06013307202,Bay Area,06,06013,Census Tract 3072.02,Outside named places,,0.0,38.0037021,-121.8278013,tract interior point in incorporated place
06013307204,Bay Area,06,06013,Census Tract 3072.04,Outside named places,,0.0,37.9946847,-121.8308707,tract interior point in incorporated place
06013307205,Bay Area,06,06013,Census Tract 3072.05,Outside named places,,0.0,37.9860335,-121.845027,tract interior point in incorporated place
06013308001,Bay Area,06,06013,Census Tract 3080.01,Outside named places,,0.0,37.991814,-121.7962474,tract interior point in incorporated place
06013308002,Bay Area,06,06013,Census Tract 3080.02,Outside named places,,0.0,37.9886857,-121.7667083,tract interior point in incorporated place
06013309000,Bay Area,06,06013,Census Tract 3090,Outside named places,,0.0,38.0392742,-121.8641513,tract interior point in incorporated place
06013310000,Bay Area,06,06013,Census Tract 3100,Outside named places,,0.0,38.0264788,-121.8917588,tract interior point in incorporated place
06013311000,Bay Area,06,06013,Census Tract 3110,Outside named places,,0.0,38.0214223,-121.8935623,tract interior point in incorporated place
06013312000,Bay Area,06,06013,Census Tract 3120,Outside named places,,0.0,38.0151349,-121.8694525,tract interior point in incorporated place
06013313102,Bay Area,06,06013,Census Tract 3131.02,Outside named places,,0.0,38.0053449,-121.8611115,tract interior point in incorporated place
06013313104,Bay Area,06,06013,Census Tract 3131.04,Outside named places,,0.0,38.005762,-121.8893306,tract interior point in incorporated place
06013313105,Bay Area,06,06013,Census Tract 3131.05,Outside named places,,0.0,38.0068733,-121.8786584,tract interior point in incorporated place
06013313106,Bay Area,06,06013,Census Tract 3131.06,Outside named places,,0.0,37.9797609,-121.8749222,tract interior point in incorporated place
06013313107,Bay Area,06,06013,Census Tract 3131.07,Outside named places,,0.0,37.9945465,-121.8812282,tract interior point in incorporated place
06013313203,Bay Area,06,06013,Census Tract 3132.03,Outside named places,,0.0,38.0140103,-121.9333515,tract interior point in incorporated place
06013313204,Bay Area,06,06013,Census Tract 3132.04,Outside named places,,0.0,37.9888812,-121.923712,tract interior point in incorporated place
06013313205,Bay Area,06,06013,Census Tract 3132.05,Outside named places,,0.0,38.0162991,-121.9166488,tract interior point in incorporated place
06013313206,Bay Area,06,06013,Census Tract 3132.06,Outside named places,,0.0,38.0139154,-121.8993653,tract interior point in incorporated place
06013314102,Bay Area,06,06013,Census Tract 3141.02,Outside named places,,0.0,38.0312985,-121.9172218,tract interior point in incorporated place
06013314103,Bay Area,06,06013,Census Tract 3141.03,Outside named places,,0.0,38.0410615,-121.9444403,tract interior point in incorporated place
06013314105,Bay Area,06,06013,Census Tract 3141.05,Outside named places,,0.0,38.0234307,-121.9514739,tract interior point in incorporated place
06013314106,Bay Area,06,06013,Census Tract 3141.06,Outside named places,,0.0,38.0229463,-121.9350969,tract interior point in incorporated place
06013314200,Bay Area,06,06013,Census Tract 3142,Outside named places,,0.0,38.0472577,-121.9829813,tract interior point in incorporated place
06013315000,Bay Area,06,06013,Census Tract 3150,Outside named places,,0.0,38.0389987,-122.0299974,tract interior point in incorporated place
06013316000,Bay Area,06,06013,Census Tract 3160,Outside named places,,0.0,38.0234589,-122.1383209,tract interior point in incorporated place
06013317000,Bay Area,06,06013,Census Tract 3170,Outside named places,,0.0,38.0176878,-122.1262123,tract interior point in incorporated place
06013318000,Bay Area,06,06013,Census Tract 3180,Outside named places,,0.0,38.0170765,-122.1602988,tract interior point in incorporated place
06013319001,Bay Area,06,06013,Census Tract 3190.01,Outside named places,,0.0,37.9967508,-122.126487,tract interior point in incorporated place
06013319002,Bay Area,06,06013,Census Tract 3190.02,Outside named places,,0.0,38.0068998,-122.1226147,tract interior point in incorporated place
06013320001,Bay Area,06,06013,Census Tract 3200.01,Outside named places,,0.0,38.022125,-122.0954226,tract interior point in incorporated place
06013320003,Bay Area,06,06013,Census Tract 3200.03,Outside named places,,0.0,37.9987252,-122.1074271,tract interior point in incorporated place
06013320004,Bay Area,06,06013,Census Tract 3200.04,Outside named places,,0.0,37.9992449,-122.0795275,tract interior point in incorporated place
06013321101,Bay Area,06,06013,Census Tract 3211.01,Outside named places,,0.0,37.9885816,-122.1027369,tract interior point in incorporated place
06013321102,Bay Area,06,06013,Census Tract 3211.02,Outside named places,,0.0,37.9754057,-122.0929416,tract interior point in incorporated place
06013321103,Bay Area,06,06013,Census Tract 3211.03,Outside named places,,0.0,37.9701324,-122.1123948,tract interior point in incorporated place
06013321200,Bay Area,06,06013,Census Tract 3212,Outside named places,,0.0,37.9821461,-122.0714008,tract interior point in incorporated place
06013322000,Bay Area,06,06013,Census Tract 3220,Outside named places,,0.0,37.9623355,-122.0743,tract interior point in incorporated place
06013323000,Bay Area,06,06013,Census Tract 3230,Outside named places,,0.0,37.9504334,-122.0726576,tract interior point in incorporated place
06013324002,Bay Area,06,06013,Census Tract 3240.02,Outside named places,,0.0,37.9515743,-122.0605372,tract interior point in incorporated place
06013324003,Bay Area,06,06013,Census Tract 3240.03,Outside named places,,0.0,37.929923,-122.0571612,tract interior point in incorporated place
06013324004,Bay Area,06,06013,Census Tract 3240.04,Outside named places,,0.0,37.9416678,-122.0553462,tract interior point in incorporated place
06013325000,Bay Area,06,06013,Census Tract 3250,Outside named places,,0.0,37.9354715,-122.0743431,tract interior point in incorporated place
06013326000,Bay Area,06,06013,Census Tract 3260,Outside named places,,0.0,37.9374179,-122.088446,tract interior point in incorporated place
06013327001,Bay Area,06,06013,Census Tract 3270.01,Outside named places,,0.0,37.9817769,-122.055368,tract interior point in incorporated place
06013327002,Bay Area,06,06013,Census Tract 3270.02,Outside named places,,0.0,37.9974209,-122.0447125,tract interior point in incorporated place
06013328000,Bay Area,06,06013,Census Tract 3280,Outside named places,,0.0,37.9756138,-122.0378047,tract interior point in incorporated place
06013329000,Bay Area,06,06013,Census Tract 3290,Outside named places,,0.0,37.9950373,-122.033801,tract interior point in incorporated place
06013330000,Bay Area,06,06013,Census Tract 3300,Outside named places,,0.0,37.9884608,-122.0261931,tract interior point in incorporated place
06013331000,Bay Area,06,06013,Census Tract 3310,Outside named places,,0.0,37.9762076,-122.01211,tract interior point in incorporated place
06013332000,Bay Area,06,06013,Census Tract 3320,Outside named places,,0.0,37.9815004,-121.9973254,tract interior point in incorporated place
06013333101,Bay Area,06,06013,Census Tract 3331.01,Outside named places,,0.0,37.9649027,-121.9701248,tract interior point in incorporated place
06013333102,Bay Area,06,06013,Census Tract 3331.02,Outside named places,,0.0,37.95982,-121.9580843,tract interior point in incorporated place
06013333200,Bay Area,06,06013,Census Tract 3332,Outside named places,,0.0,37.9689866,-121.9851343,tract interior point in incorporated place
06013334001,Bay Area,06,06013,Census Tract 3340.01,Outside named places,,0.0,37.9631644,-122.0017469,tract interior point in incorporated place
06013334006,Bay Area,06,06013,Census Tract 3340.06,Outside named places,,0.0,37.9517965,-121.9873999,tract interior point in incorporated place
06013334007,Bay Area,06,06013,Census Tract 3340.07,Outside named places,,0.0,37.9582537,-121.9860714,tract interior point in incorporated place
06013334008,Bay Area,06,06013,Census Tract 3340.08,Outside named places,,0.0,37.9516811,-121.9680486,tract interior point in incorporated place
06013334200,Bay Area,06,06013,Census Tract 3342,Outside named places,,0.0,37.8735349,-122.0541871,tract interior point in incorporated place
06013335000,Bay Area,06,06013,Census Tract 3350,Outside named places,,0.0,37.9691106,-122.0203707,tract interior point in incorporated place
06013336101,Bay Area,06,06013,Census Tract 3361.01,Outside named places,,0.0,37.9667898,-122.0346276,tract interior point in incorporated place
06013336103,Bay Area,06,06013,Census Tract 3361.03,Outside named places,,0.0,37.9644055,-122.0398545,tract interior point in incorporated place
06013336104,Bay Area,06,06013,Census Tract 3361.04,Outside named places,,0.0,37.9696018,-122.0398238,tract interior point in incorporated place
06013336201,Bay Area,06,06013,Census Tract 3362.01,Outside named places,,0.0,37.9604171,-122.0474661,tract interior point in incorporated place
06013336202,Bay Area,06,06013,Census Tract 3362.02,Outside named places,,0.0,37.9550367,-122.0446082,tract interior point in incorporated place
06013337100,Bay Area,06,06013,Census Tract 3371,Outside named places,,0.0,37.9572626,-122.01491,tract interior point in incorporated place
06013337201,Bay Area,06,06013,Census Tract 3372.01,Outside named places,,0.0,37.9527725,-122.0311578,tract interior point in incorporated place
06013337202,Bay Area,06,06013,Census Tract 3372.02,Outside named places,,0.0,37.9504592,-122.0230424,tract interior point in incorporated place
06013337300,Bay Area,06,06013,Census Tract 3373,Walnut Creek,0683346,0.1,37.9402165,-122.0080941,tract interior point in incorporated place
06013338101,Bay Area,06,06013,Census Tract 3381.01,Outside named places,,0.0,37.9489174,-122.0424911,tract interior point in incorporated place
06013338102,Bay Area,06,06013,Census Tract 3381.02,Outside named places,,0.0,37.9412497,-122.0417539,tract interior point in incorporated place
06013338201,Bay Area,06,06013,Census Tract 3382.01,Walnut Creek,0683346,0.1,37.9314923,-122.031045,tract interior point in incorporated place
06013338203,Bay Area,06,06013,Census Tract 3382.03,Outside named places,,0.0,37.9256927,-122.0541352,tract interior point in incorporated place
06013338204,Bay Area,06,06013,Census Tract 3382.04,Walnut Creek,0683346,0.1,37.9190883,-122.0467663,tract interior point in incorporated place
06013338301,Bay Area,06,06013,Census Tract 3383.01,Walnut Creek,0683346,0.1,37.9200316,-122.019661,tract interior point in incorporated place
06013338302,Bay Area,06,06013,Census Tract 3383.02,Walnut Creek,0683346,0.1,37.9065751,-122.0146435,tract interior point in incorporated place
06013339001,Bay Area,06,06013,Census Tract 3390.01,Walnut Creek,0683346,0.1,37.8917794,-122.0584254,tract interior point in incorporated place
06013339003,Bay Area,06,06013,Census Tract 3390.03,Walnut Creek,0683346,0.1,37.9015582,-122.0632774,tract interior point in incorporated place
06013339004,Bay Area,06,06013,Census Tract 3390.04,Walnut Creek,0683346,0.1,37.911254,-122.0627985,tract interior point in incorporated place
06013340001,Bay Area,06,06013,Census Tract 3400.01,Walnut Creek,0683346,0.1,37.9232319,-122.0689509,tract interior point in incorporated place
06013340003,Bay Area,06,06013,Census Tract 3400.03,Walnut Creek,0683346,0.1,37.9182611,-122.0889917,tract interior point in incorporated place
06013340004,Bay Area,06,06013,Census Tract 3400.04,Outside named places,,0.0,37.9060698,-122.0816223,tract interior point in incorporated place
06013341000,Bay Area,06,06013,Census Tract 3410,Outside named places,,0.0,37.8863487,-122.0839533,tract interior point in incorporated place
06013343001,Bay Area,06,06013,Census Tract 3430.01,Walnut Creek,0683346,0.1,37.8931142,-122.0459606,tract interior point in incorporated place
06013343002,Bay Area,06,06013,Census Tract 3430.02,Walnut Creek,0683346,0.1,37.903484,-122.0398813,tract interior point in incorporated place
06013343003,Bay Area,06,06013,Census Tract 3430.03,Outside named places,,0.0,37.8871646,-122.0283977,tract interior point in incorporated place
06013345101,Bay Area,06,06013,Census Tract 3451.01,Outside named places,,0.0,37.7318894,-121.9385114,tract interior point in incorporated place
06013345102,Bay Area,06,06013,Census Tract 3451.02,Outside named places,,0.0,37.7449859,-121.9480394,tract interior point in incorporated place
06013345103,Bay Area,06,06013,Census Tract 3451.03,Outside named places,,0.0,37.7387221,-121.9283794,tract interior point in incorporated place
06013345105,Bay Area,06,06013,Census Tract 3451.05,Outside named places,,0.0,37.7968123,-121.979604,tract interior point in incorporated place
06013345111,Bay Area,06,06013,Census Tract 3451.11,Outside named places,,0.0,37.7570588,-121.9526204,tract interior point in incorporated place
06013345112,Bay Area,06,06013,Census Tract 3451.12,Outside named places,,0.0,37.761519,-121.9272789,tract interior point in incorporated place
06013345113,Bay Area,06,06013,Census Tract 3451.13,Outside named places,,0.0,37.7955701,-121.9415913,tract interior point in incorporated place
06013345114,Bay Area,06,06013,Census Tract 3451.14,Outside named places,,0.0,37.7992956,-121.9650894,tract interior point in incorporated place
06013345115,Bay Area,06,06013,Census Tract 3451.15,Outside named places,,0.0,37.7423916,-121.9756333,tract interior point in incorporated place
06013345116,Bay Area,06,06013,Census Tract 3451.16,Outside named places,,0.0,37.7642579,-121.9742235,tract interior point in incorporated place
06013345117,Bay Area,06,06013,Census Tract 3451.17,Outside named places,,0.0,37.7762405,-121.9432378,tract interior point in incorporated place
06013345118,Bay Area,06,06013,Census Tract 3451.18,Outside named places,,0.0,37.7706784,-121.9577289,tract interior point in incorporated place
06013345203,Bay Area,06,06013,Census Tract 3452.03,Outside named places,,0.0,37.8053853,-122.0228527,tract interior point in incorporated place
06013345204,Bay Area,06,06013,Census Tract 3452.04,Outside named places,,0.0,37.8301022,-122.0444544,tract interior point in incorporated place
06013345205,Bay Area,06,06013,Census Tract 3452.05,Outside named places,,0.0,37.7858204,-121.9867395,tract interior point in incorporated place
06013345206,Bay Area,06,06013,Census Tract 3452.06,Outside named places,,0.0,37.765644,-121.9926624,tract interior point in incorporated place
06013346101,Bay Area,06,06013,Census Tract 3461.01,Outside named places,,0.0,37.8805837,-122.0082587,tract interior point in incorporated place
06013346102,Bay Area,06,06013,Census Tract 3461.02,Outside named places,,0.0,37.86371,-121.9837208,tract interior point in incorporated place
06013346203,Bay Area,06,06013,Census Tract 3462.03,Outside named places,,0.0,37.8199523,-121.9861799,tract interior point in incorporated place
06013346204,Bay Area,06,06013,Census Tract 3462.04,Outside named places,,0.0,37.8194973,-121.9505957,tract interior point in incorporated place
06013346205,Bay Area,06,06013,Census Tract 3462.05,Outside named places,,0.0,37.8471642,-121.9581382,tract interior point in incorporated place
06013346206,Bay Area,06,06013,Census Tract 3462.06,Outside named places,,0.0,37.8416451,-122.0018029,tract interior point in incorporated place
06013347000,Bay Area,06,06013,Census Tract 3470,Outside named places,,0.0,37.9337512,-122.120158,tract interior point in incorporated place
06013348000,Bay Area,06,06013,Census Tract 3480,Outside named places,,0.0,37.9036791,-122.1326937,tract interior point in incorporated place
06013349000,Bay Area,06,06013,Census Tract 3490,Outside named places,,0.0,37.8895825,-122.1040793,tract interior point in incorporated place
06013350000,Bay Area,06,06013,Census Tract 3500,Outside named places,,0.0,37.8798005,-122.1364824,tract interior point in incorporated place
06013351101,Bay Area,06,06013,Census Tract 3511.01,Walnut Creek,0683346,0.1,37.8525912,-122.0650875,tract interior point in incorporated place
06013351103,Bay Area,06,06013,Census Tract 3511.03,Walnut Creek,0683346,0.1,37.8644359,-122.0638053,tract interior point in incorporated place
06013351104,Bay Area,06,06013,Census Tract 3511.04,Walnut Creek,0683346,0.1,37.871978,-122.0816412,tract interior point in incorporated place
06013351105,Bay Area,06,06013,Census Tract 3511.05,Walnut Creek,0683346,0.1,37.8744086,-122.0776411,tract interior point in incorporated place
06013351200,Bay Area,06,06013,Census Tract 3512,Outside named places,,0.0,37.8682136,-122.1047907,tract interior point in incorporated place
06013352101,Bay Area,06,06013,Census Tract 3521.01,Outside named places,,0.0,37.8462326,-122.0981153,tract interior point in incorporated place
06013352102,Bay Area,06,06013,Census Tract 3521.02,Outside named places,,0.0,37.8189061,-122.0878269,tract interior point in incorporated place
06013352201,Bay Area,06,06013,Census Tract 3522.01,Outside named places,,0.0,37.8529718,-122.1392991,tract interior point in incorporated place
06013352202,Bay Area,06,06013,Census Tract 3522.02,Outside named places,,0.0,37.8296923,-122.1594391,tract interior point in incorporated place
06013353001,Bay Area,06,06013,Census Tract 3530.01,Outside named places,,0.0,37.8532128,-122.1805916,tract interior point in incorporated place
06013353002,Bay Area,06,06013,Census Tract 3530.02,Outside named places,,0.0,37.8795036,-122.1684185,tract interior point in incorporated place
06013354001,Bay Area,06,06013,Census Tract 3540.01,Outside named places,,0.0,37.8838858,-122.216677,tract interior point in incorporated place
06013354002,Bay Area,06,06013,Census Tract 3540.02,Outside named places,,0.0,37.9008569,-122.1824793,tract interior point in incorporated place
06013355107,Bay Area,06,06013,Census Tract 3551.07,Outside named places,,0.0,37.9294582,-121.8494194,tract interior point in incorporated place
06013355109,Bay Area,06,06013,Census Tract 3551.09,Outside named places,,0.0,37.9762424,-121.7937278,tract interior point in incorporated place
06013355110,Bay Area,06,06013,Census Tract 3551.10,Outside named places,,0.0,37.967884,-121.7692731,tract interior point in incorporated place
06013355111,Bay Area,06,06013,Census Tract 3551.11,Outside named places,,0.0,37.9781266,-121.7752261,tract interior point in incorporated place
06013355112,Bay Area,06,06013,Census Tract 3551.12,Outside named places,,0.0,37.8295355,-121.7974671,tract interior point in incorporated place
06013355113,Bay Area,06,06013,Census Tract 3551.13,Outside named places,,0.0,37.8042063,-121.9046453,tract interior point in incorporated place
06013355115,Bay Area,06,06013,Census Tract 3551.15,Outside named places,,0.0,37.7626429,-121.9121996,tract interior point in incorporated place
06013355118,Bay Area,06,06013,Census Tract 3551.18,Outside named places,,0.0,37.961197,-121.8103813,tract interior point in incorporated place
06013355119,Bay Area,06,06013,Census Tract 3551.19,Outside named places,,0.0,37.9403403,-121.8011251,tract interior point in incorporated place
06013355120,Bay Area,06,06013,Census Tract 3551.20,Outside named places,,0.0,37.9642256,-121.7886864,tract interior point in incorporated place
06013355121,Bay Area,06,06013,Census Tract 3551.21,Outside named places,,0.0,37.78368,-121.9137603,tract interior point in incorporated place
06013355122,Bay Area,06,06013,Census Tract 3551.22,Outside named places,,0.0,37.7932113,-121.8990398,tract interior point in incorporated place
06013355123,Bay Area,06,06013,Census Tract 3551.23,Outside named places,,0.0,37.742379,-121.8969675,tract interior point in incorporated place
06013355124,Bay Area,06,06013,Census Tract 3551.24,Outside named places,,0.0,37.7568691,-121.896725,tract interior point in incorporated place
06013355125,Bay Area,06,06013,Census Tract 3551.25,Outside named places,,0.0,37.7672133,-121.8990719,tract interior point in incorporated place
06013355126,Bay Area,06,06013,Census Tract 3551.26,Outside named places,,0.0,37.7738098,-121.8797382,tract interior point in incorporated place
06013355201,Bay Area,06,06013,Census Tract 3552.01,Outside named places,,0.0,38.0117032,-121.9521066,tract interior point in incorporated place
06013355202,Bay Area,06,06013,Census Tract 3552.02,Outside named places,,0.0,37.994766,-121.9800064,tract interior point in incorporated place
06013355302,Bay Area,06,06013,Census Tract 3553.02,Walnut Creek,0683346,0.1,37.9212391,-121.9942166,tract interior point in incorporated place
06013355306,Bay Area,06,06013,Census Tract 3553.06,Outside named places,,0.0,37.8783647,-121.9067025,tract interior point in incorporated place
06013355307,Bay Area,06,06013,Census Tract 3553.07,Outside named places,,0.0,37.9566884,-121.928483,tract interior point in incorporated place
06013355308,Bay Area,06,06013,Census Tract 3553.08,Outside named places,,0.0,37.9403941,-121.929448,tract interior point in incorporated place
06013355309,Bay Area,06,06013,Census Tract 3553.09,Outside named places,,0.0,37.936015,-121.9719745,tract interior point in incorporated place
06013355310,Bay Area,06,06013,Census Tract 3553.10,Outside named places,,0.0,37.9455756,-121.9580586,tract interior point in incorporated place
06013356001,Bay Area,06,06013,Census Tract 3560.01,Outside named places,,0.0,38.0245131,-122.2274445,tract interior point in incorporated place
06013356002,Bay Area,06,06013,Census Tract 3560.02,Outside named places,,0.0,37.9540677,-122.1903602,tract interior point in incorporated place
06013357000,Bay Area,06,06013,Census Tract 3570,Outside named places,,0.0,38.0407401,-122.1962349,tract interior point in incorporated place
06013358000,Bay Area,06,06013,Census Tract 3580,Outside named places,,0.0,38.0481856,-122.2538488,tract interior point in incorporated place
06013359102,Bay Area,06,06013,Census Tract 3591.02,Outside named places,,0.0,38.0074496,-122.3056649,tract interior point in incorporated place
06013359103,Bay Area,06,06013,Census Tract 3591.03,Outside named places,,0.0,38.000836,-122.2941567,tract interior point in incorporated place
06013359104,Bay Area,06,06013,Census Tract 3591.04,Outside named places,,0.0,38.0095232,-122.2780117,tract interior point in incorporated place
06013359105,Bay Area,06,06013,Census Tract 3591.05,Outside named places,,0.0,38.0168819,-122.2866998,tract interior point in incorporated place
06013359202,Bay Area,06,06013,Census Tract 3592.02,Outside named places,,0.0,37.9831992,-122.2501115,tract interior point in incorporated place
06013359203,Bay Area,06,06013,Census Tract 3592.03,Outside named places,,0.0,38.0084411,-122.2568119,tract interior point in incorporated place
06013359204,Bay Area,06,06013,Census Tract 3592.04,Outside named places,,0.0,37.9995137,-122.265433,tract interior point in incorporated place
06013360101,Bay Area,06,06013,Census Tract 3601.01,Outside named places,,0.0,37.9825777,-122.2872266,tract interior point in incorporated place
06013360102,Bay Area,06,06013,Census Tract 3601.02,Outside named places,,0.0,37.9683461,-122.2659021,tract interior point in incorporated place
06013360200,Bay Area,06,06013,Census Tract 3602,Outside named places,,0.0,37.9689431,-122.2944098,tract interior point in incorporated place
06013361000,Bay Area,06,06013,Census Tract 3610,Outside named places,,0.0,37.9434529,-122.2881474,tract interior point in incorporated place
06013362000,Bay Area,06,06013,Census Tract 3620,Outside named places,,0.0,37.9457158,-122.3152708,tract interior point in incorporated place
06013363000,Bay Area,06,06013,Census Tract 3630,Outside named places,,0.0,37.9788489,-122.3087165,tract interior point in incorporated place
06013364002,Bay Area,06,06013,Census Tract 3640.02,Outside named places,,0.0,37.9937248,-122.3179579,tract interior point in incorporated place
06013365002,Bay Area,06,06013,Census Tract 3650.02,Outside named places,,0.0,37.9597812,-122.3842063,tract interior point in incorporated place
06013365003,Bay Area,06,06013,Census Tract 3650.03,Outside named places,,0.0,37.9821375,-122.3264034,tract interior point in incorporated place
06013366001,Bay Area,06,06013,Census Tract 3660.01,Outside named places,,0.0,37.9761945,-122.3459994,tract interior point in incorporated place
06013366002,Bay Area,06,06013,Census Tract 3660.02,Outside named places,,0.0,37.9689923,-122.3509224,tract interior point in incorporated place
06013367100,Bay Area,06,06013,Census Tract 3671,Outside named places,,0.0,37.970609,-122.3305065,tract interior point in incorporated place
06013367200,Bay Area,06,06013,Census Tract 3672,Outside named places,,0.0,37.9660275,-122.3355517,tract interior point in incorporated place
06013368001,Bay Area,06,06013,Census Tract 3680.01,Outside named places,,0.0,37.9542751,-122.3524999,tract interior point in incorporated place
06013368002,Bay Area,06,06013,Census Tract 3680.02,Outside named places,,0.0,37.9610553,-122.3520991,tract interior point in incorporated place
06013369001,Bay Area,06,06013,Census Tract 3690.01,Outside named places,,0.0,37.9567823,-122.3365954,tract interior point in incorporated place
06013369002,Bay Area,06,06013,Census Tract 3690.02,Outside named places,,0.0,37.9587227,-122.323664,tract interior point in incorporated place
06013370000,Bay Area,06,06013,Census Tract 3700,Outside named places,,0.0,37.9398973,-122.3223418,tract interior point in incorporated place
06013371000,Bay Area,06,06013,Census Tract 3710,Outside named places,,0.0,37.9403079,-122.3299515,tract interior point in incorporated place
06013372000,Bay Area,06,06013,Census Tract 3720,Outside named places,,0.0,37.9485229,-122.3399385,tract interior point in incorporated place
06013373000,Bay Area,06,06013,Census Tract 3730,Outside named places,,0.0,37.9476192,-122.3538132,tract interior point in incorporated place
06013374000,Bay Area,06,06013,Census Tract 3740,Outside named places,,0.0,37.9394176,-122.3414882,tract interior point in incorporated place
06013375000,Bay Area,06,06013,Census Tract 3750,Outside named places,,0.0,37.9402568,-122.3518215,tract interior point in incorporated place
06013376000,Bay Area,06,06013,Census Tract 3760,Outside named places,,0.0,37.9409897,-122.3623529,tract interior point in incorporated place
06013377000,Bay Area,06,06013,Census Tract 3770,Outside named places,,0.0,37.9337791,-122.3629918,tract interior point in incorporated place
06013378000,Bay Area,06,06013,Census Tract 3780,Outside named places,,0.0,37.9448548,-122.4048891,tract interior point in incorporated place
06013379000,Bay Area,06,06013,Census Tract 3790,Outside named places,,0.0,37.9283071,-122.3567296,tract interior point in incorporated place
06013380001,Bay Area,06,06013,Census Tract 3800.01,Outside named places,,0.0,37.90785,-122.3463635,tract interior point in incorporated place
06013380002,Bay Area,06,06013,Census Tract 3800.02,Outside named places,,0.0,37.9196248,-122.3507865,tract interior point in incorporated place
06013381000,Bay Area,06,06013,Census Tract 3810,Outside named places,,0.0,37.9301992,-122.3350677,tract interior point in incorporated place
06013382000,Bay Area,06,06013,Census Tract 3820,Outside named places,,0.0,37.9161083,-122.3229325,tract interior point in incorporated place
06013383000,Bay Area,06,06013,Census Tract 3830,Outside named places,,0.0,37.9088884,-122.3116766,tract interior point in incorporated place
06013384000,Bay Area,06,06013,Census Tract 3840,Outside named places,,0.0,37.9340884,-122.312203,tract interior point in incorporated place
06013385100,Bay Area,06,06013,Census Tract 3851,Outside named places,,0.0,37.9242312,-122.2957499,tract interior point in incorporated place
06013385200,Bay Area,06,06013,Census Tract 3852,Outside named places,,0.0,37.9274762,-122.3087345,tract interior point in incorporated place
06013386000,Bay Area,06,06013,Census Tract 3860,Outside named places,,0.0,37.9226826,-122.3152165,tract interior point in incorporated place
06013387000,Bay Area,06,06013,Census Tract 3870,Outside named places,,0.0,37.9170443,-122.3059217,tract interior point in incorporated place
06013388000,Bay Area,06,06013,Census Tract 3880,Outside named places,,0.0,37.9089645,-122.3022233,tract interior point in incorporated place
06013389100,Bay Area,06,06013,Census Tract 3891,Outside named places,,0.0,37.9021831,-122.2980729,tract interior point in incorporated place
06013389200,Bay Area,06,06013,Census Tract 3892,Outside named places,,0.0,37.9010521,-122.3052141,tract interior point in incorporated place
06013390100,Bay Area,06,06013,Census Tract 3901,Outside named places,,0.0,37.9139339,-122.2934883,tract interior point in incorporated place
06013390200,Bay Area,06,06013,Census Tract 3902,Outside named places,,0.0,37.904474,-122.2911565,tract interior point in incorporated place
06013391000,Bay Area,06,06013,Census Tract 3910,Outside named places,,0.0,37.9070641,-122.2842554,tract interior point in incorporated place
06013392000,Bay Area,06,06013,Census Tract 3920,Outside named places,,0.0,37.9094178,-122.2748795,tract interior point in incorporated place
06013392201,Bay Area,06,06013,Census Tract 3922.01,Outside named places,,0.0,38.0007547,-122.3548817,tract interior point in incorporated place
06013392202,Bay Area,06,06013,Census Tract 3922.02,Outside named places,,0.0,38.0070063,-122.3202051,tract interior point in incorporated place
06013392300,Bay Area,06,06013,Census Tract 3923,Outside named places,,0.0,38.0250409,-122.2756878,tract interior point in incorporated place
06013980000,Bay Area,06,06013,Census Tract 9800,Outside named places,,0.0,37.9944965,-122.3542244,tract interior point in incorporated place
06013990000,Bay Area,06,06013,Census Tract 9900,Outside named places,,0.0,38.0258765,-122.311671,tract interior point in incorporated place
06041101100,Bay Area,06,06041,Census Tract 1011,Outside named places,,0.0,38.1284118,-122.5334216,tract interior point in incorporated place
06041101200,Bay Area,06,06041,Census Tract 1012,Outside named places,,0.0,38.0990075,-122.545749,tract interior point in incorporated place
06041102100,Bay Area,06,06041,Census Tract 1021,Outside named places,,0.0,38.1315685,-122.5915684,tract interior point in incorporated place
06041102202,Bay Area,06,06041,Census Tract 1022.02,Outside named places,,0.0,38.1166084,-122.5912872,tract interior point in incorporated place
06041102203,Bay Area,06,06041,Census Tract 1022.03,Outside named places,,0.0,38.1104411,-122.5703276,tract interior point in incorporated place
06041103100,Bay Area,06,06041,Census Tract 1031,Outside named places,,0.0,38.133232,-122.6580087,tract interior point in incorporated place
06041103200,Bay Area,06,06041,Census Tract 1032,Outside named places,,0.0,38.098306,-122.5861375,tract interior point in incorporated place
06041104102,Bay Area,06,06041,Census Tract 1041.02,Outside named places,,0.0,38.0879383,-122.5585807,tract interior point in incorporated place
06041104103,Bay Area,06,06041,Census Tract 1041.03,Outside named places,,0.0,38.0844628,-122.5745218,tract interior point in incorporated place
06041104104,Bay Area,06,06041,Census Tract 1041.04,Outside named places,,0.0,38.0739618,-122.5535431,tract interior point in incorporated place
06041104200,Bay Area,06,06041,Census Tract 1042,Outside named places,,0.0,38.0608177,-122.5689222,tract interior point in incorporated place
06041104300,Bay Area,06,06041,Census Tract 1043,Outside named places,,0.0,38.081771,-122.5158909,tract interior point in incorporated place
06041105001,Bay Area,06,06041,Census Tract 1050.01,Outside named places,,0.0,38.0494562,-122.5270622,tract interior point in incorporated place
06041105002,Bay Area,06,06041,Census Tract 1050.02,Outside named places,,0.0,38.0600556,-122.5064623,tract interior point in incorporated place
06041106001,Bay Area,06,06041,Census Tract 1060.01,Outside named places,,0.0,38.0300931,-122.5177623,tract interior point in incorporated place
06041106002,Bay Area,06,06041,Census Tract 1060.02,Outside named places,,0.0,38.0055375,-122.5028107,tract interior point in incorporated place
06041107000,Bay Area,06,06041,Census Tract 1070,Outside named places,,0.0,38.0384996,-122.5839959,tract interior point in incorporated place
06041108100,Bay Area,06,06041,Census Tract 1081,Outside named places,,0.0,38.017656,-122.5616702,tract interior point in incorporated place
06041108201,Bay Area,06,06041,Census Tract 1082.01,Outside named places,,0.0,37.9972146,-122.53873,tract interior point in incorporated place
06041108202,Bay Area,06,06041,Census Tract 1082.02,Outside named places,,0.0,37.9991444,-122.5498145,tract interior point in incorporated place
06041109001,Bay Area,06,06041,Census Tract 1090.01,Outside named places,,0.0,37.9815035,-122.5305031,tract interior point in incorporated place
06041109002,Bay Area,06,06041,Census Tract 1090.02,Outside named places,,0.0,37.983487,-122.5480915,tract interior point in incorporated place
06041110100,Bay Area,06,06041,Census Tract 1101,Outside named places,,0.0,37.9905142,-122.5094406,tract interior point in incorporated place
06041110200,Bay Area,06,06041,Census Tract 1102,Outside named places,,0.0,37.9855,-122.4742139,tract interior point in incorporated place
06041111001,Bay Area,06,06041,Census Tract 1110.01,Outside named places,,0.0,37.9718673,-122.526997,tract interior point in incorporated place
06041111002,Bay Area,06,06041,Census Tract 1110.02,Outside named places,,0.0,37.9698609,-122.5395198,tract interior point in incorporated place
06041112100,Bay Area,06,06041,Census Tract 1121,Outside named places,,0.0,37.9610214,-122.5206079,tract interior point in incorporated place
06041112202,Bay Area,06,06041,Census Tract 1122.02,Outside named places,,0.0,37.9553449,-122.4935075,tract interior point in incorporated place
06041112203,Bay Area,06,06041,Census Tract 1122.03,Outside named places,,0.0,37.9647246,-122.5035931,tract interior point in incorporated place
06041112204,Bay Area,06,06041,Census Tract 1122.04,Outside named places,,0.0,37.9659228,-122.505765,tract interior point in incorporated place
06041113000,Bay Area,06,06041,Census Tract 1130,Outside named places,,0.0,38.0139328,-122.6665068,tract interior point in incorporated place
06041114100,Bay Area,06,06041,Census Tract 1141,Outside named places,,0.0,37.9758046,-122.5935768,tract interior point in incorporated place
06041114200,Bay Area,06,06041,Census Tract 1142,Outside named places,,0.0,38.0029324,-122.5996143,tract interior point in incorporated place
06041115000,Bay Area,06,06041,Census Tract 1150,Outside named places,,0.0,38.0060117,-122.5832526,tract interior point in incorporated place
06041116000,Bay Area,06,06041,Census Tract 1160,Outside named places,,0.0,37.979641,-122.5758726,tract interior point in incorporated place
06041117000,Bay Area,06,06041,Census Tract 1170,Outside named places,,0.0,37.974622,-122.5640075,tract interior point in incorporated place
06041118100,Bay Area,06,06041,Census Tract 1181,Outside named places,,0.0,37.9638025,-122.5614951,tract interior point in incorporated place
06041119100,Bay Area,06,06041,Census Tract 1191,Outside named places,,0.0,37.9437642,-122.5530589,tract interior point in incorporated place
06041119201,Bay Area,06,06041,Census Tract 1192.01,Outside named places,,0.0,37.9456796,-122.5282641,tract interior point in incorporated place
06041119202,Bay Area,06,06041,Census Tract 1192.02,Outside named places,,0.0,37.9530661,-122.5245086,tract interior point in incorporated place
06041120001,Bay Area,06,06041,Census Tract 1200.01,Outside named places,,0.0,37.9480146,-122.5464833,tract interior point in incorporated place
06041120002,Bay Area,06,06041,Census Tract 1200.02,Outside named places,,0.0,37.9337978,-122.5370667,tract interior point in incorporated place
06041121100,Bay Area,06,06041,Census Tract 1211,Outside named places,,0.0,37.9240821,-122.5231872,tract interior point in incorporated place
06041121200,Bay Area,06,06041,Census Tract 1212,Outside named places,,0.0,37.9219866,-122.5004034,tract interior point in incorporated place
06041122000,Bay Area,06,06041,Census Tract 1220,Outside named places,,0.0,37.9411316,-122.4920858,tract interior point in incorporated place
06041123000,Bay Area,06,06041,Census Tract 1230,Outside named places,,0.0,37.8753031,-122.4722369,tract interior point in incorporated place
06041124100,Bay Area,06,06041,Census Tract 1241,Outside named places,,0.0,37.9024024,-122.4871676,tract interior point in incorporated place
06041124200,Bay Area,06,06041,Census Tract 1242,Outside named places,,0.0,37.8787769,-122.4496504,tract interior point in incorporated place
06041125000,Bay Area,06,06041,Census Tract 1250,Outside named places,,0.0,37.8886599,-122.5058805,tract interior point in incorporated place
06041126100,Bay Area,06,06041,Census Tract 1261,Outside named places,,0.0,37.9121527,-122.5404887,tract interior point in incorporated place
06041126200,Bay Area,06,06041,Census Tract 1262,Outside named places,,0.0,37.899975,-122.5225708,tract interior point in incorporated place
06041127000,Bay Area,06,06041,Census Tract 1270,Outside named places,,0.0,37.9104369,-122.5585065,tract interior point in incorporated place
06041128100,Bay Area,06,06041,Census Tract 1281,Outside named places,,0.0,37.8716996,-122.5316069,tract interior point in incorporated place
06041128200,Bay Area,06,06041,Census Tract 1282,Outside named places,,0.0,37.8938572,-122.5496131,tract interior point in incorporated place
06041129000,Bay Area,06,06041,Census Tract 1290,Outside named places,,0.0,37.8688708,-122.5128206,tract interior point in incorporated place
06041130201,Bay Area,06,06041,Census Tract 1302.01,Outside named places,,0.0,37.8511021,-122.4854014,tract interior point in incorporated place
06041130203,Bay Area,06,06041,Census Tract 1302.03,Outside named places,,0.0,37.8653134,-122.5026362,tract interior point in incorporated place
06041130204,Bay Area,06,06041,Census Tract 1302.04,Outside named places,,0.0,37.8630375,-122.4916395,tract interior point in incorporated place
06041131100,Bay Area,06,06041,Census Tract 1311,Outside named places,,0.0,37.9207111,-122.5974613,tract interior point in incorporated place
06041132100,Bay Area,06,06041,Census Tract 1321,Outside named places,,0.0,37.9223752,-122.6994354,tract interior point in incorporated place
06041132200,Bay Area,06,06041,Census Tract 1322,Outside named places,,0.0,38.0645852,-122.8837383,tract interior point in incorporated place
06041133000,Bay Area,06,06041,Census Tract 1330,Outside named places,,0.0,38.1836088,-122.8024986,tract interior point in incorporated place
06041990100,Bay Area,06,06041,Census Tract 9901,Outside named places,,0.0,37.9956135,-123.0361398,tract interior point in incorporated place
06055200201,Bay Area,06,06055,Census Tract 2002.01,Outside named places,,0.0,38.2918397,-122.2978636,tract interior point in incorporated place
06055200202,Bay Area,06,06055,Census Tract 2002.02,Outside named places,,0.0,38.2954236,-122.2885169,tract interior point in incorporated place
06055200203,Bay Area,06,06055,Census Tract 2002.03,Outside named places,,0.0,38.2870988,-122.2891839,tract interior point in incorporated place
06055200301,Bay Area,06,06055,Census Tract 2003.01,Outside named places,,0.0,38.2903565,-122.2741065,tract interior point in incorporated place
06055200302,Bay Area,06,06055,Census Tract 2003.02,Outside named places,,0.0,38.2871085,-122.2574885,tract interior point in incorporated place
06055200400,Bay Area,06,06055,Census Tract 2004,Outside named places,,0.0,38.2994775,-122.2572603,tract interior point in incorporated place
06055200501,Bay Area,06,06055,Census Tract 2005.01,Outside named places,,0.0,38.3110983,-122.3010928,tract interior point in incorporated place
06055200503,Bay Area,06,06055,Census Tract 2005.03,Outside named places,,0.0,38.3059334,-122.2875923,tract interior point in incorporated place
06055200504,Bay Area,06,06055,Census Tract 2005.04,Outside named places,,0.0,38.317079,-122.2915951,tract interior point in incorporated place
06055200505,Bay Area,06,06055,Census Tract 2005.05,Outside named places,,0.0,38.3152192,-122.2812515,tract interior point in incorporated place
06055200601,Bay Area,06,06055,Census Tract 2006.01,Outside named places,,0.0,38.3317566,-122.3124397,tract interior point in incorporated place
06055200602,Bay Area,06,06055,Census Tract 2006.02,Outside named places,,0.0,38.3345796,-122.2995028,tract interior point in incorporated place
06055200703,Bay Area,06,06055,Census Tract 2007.03,Outside named places,,0.0,38.3098465,-122.3294506,tract interior point in incorporated place
06055200704,Bay Area,06,06055,Census Tract 2007.04,Outside named places,,0.0,38.3153568,-122.315412,tract interior point in incorporated place
06055200705,Bay Area,06,06055,Census Tract 2007.05,Outside named places,,0.0,38.3056856,-122.3106008,tract interior point in incorporated place
06055200706,Bay Area,06,06055,Census Tract 2007.06,Outside named places,,0.0,38.3307724,-122.3302221,tract interior point in incorporated place
06055200707,Bay Area,06,06055,Census Tract 2007.07,Outside named places,,0.0,38.3234476,-122.3205427,tract interior point in incorporated place
06055200802,Bay Area,06,06055,Census Tract 2008.02,Outside named places,,0.0,38.2692454,-122.3027922,tract interior point in incorporated place
06055200803,Bay Area,06,06055,Census Tract 2008.03,Outside named places,,0.0,38.2939316,-122.3320809,tract interior point in incorporated place
06055200804,Bay Area,06,06055,Census Tract 2008.04,Outside named places,,0.0,38.2946547,-122.3074338,tract interior point in incorporated place
06055200900,Bay Area,06,06055,Census Tract 2009,Outside named places,,0.0,38.271278,-122.2721526,tract interior point in incorporated place
06055201003,Bay Area,06,06055,Census Tract 2010.03,Outside named places,,0.0,38.2484795,-122.2314239,tract interior point in incorporated place
06055201004,Bay Area,06,06055,Census Tract 2010.04,Outside named places,,0.0,38.1612495,-122.2397673,tract interior point in incorporated place
06055201005,Bay Area,06,06055,Census Tract 2010.05,Outside named places,,0.0,38.204968,-122.2872835,tract interior point in incorporated place
06055201006,Bay Area,06,06055,Census Tract 2010.06,Outside named places,,0.0,38.1712166,-122.260628,tract interior point in incorporated place
06055201007,Bay Area,06,06055,Census Tract 2010.07,Outside named places,,0.0,38.1609837,-122.2597964,tract interior point in incorporated place
06055201101,Bay Area,06,06055,Census Tract 2011.01,Outside named places,,0.0,38.3068422,-122.3458092,tract interior point in incorporated place
06055201102,Bay Area,06,06055,Census Tract 2011.02,Outside named places,,0.0,38.2693402,-122.3654576,tract interior point in incorporated place
06055201200,Bay Area,06,06055,Census Tract 2012,Outside named places,,0.0,38.3715297,-122.3600675,tract interior point in incorporated place
06055201300,Bay Area,06,06055,Census Tract 2013,Outside named places,,0.0,38.3935118,-122.3655355,tract interior point in incorporated place
06055201401,Bay Area,06,06055,Census Tract 2014.01,Outside named places,,0.0,38.3967286,-122.2701012,tract interior point in incorporated place
06055201402,Bay Area,06,06055,Census Tract 2014.02,Outside named places,,0.0,38.333702,-122.2194089,tract interior point in incorporated place
06055201403,Bay Area,06,06055,Census Tract 2014.03,Outside named places,,0.0,38.4005865,-122.1830675,tract interior point in incorporated place
06055201500,Bay Area,06,06055,Census Tract 2015,Outside named places,,0.0,38.4774215,-122.4629011,tract interior point in incorporated place
06055201601,Bay Area,06,06055,Census Tract 2016.01,Outside named places,,0.0,38.5025783,-122.4518846,tract interior point in incorporated place
06055201602,Bay Area,06,06055,Census Tract 2016.02,Outside named places,,0.0,38.5079061,-122.4790061,tract interior point in incorporated place
06055201700,Bay Area,06,06055,Census Tract 2017,Outside named places,,0.0,38.5549305,-122.4312529,tract interior point in incorporated place
06055201800,Bay Area,06,06055,Census Tract 2018,Outside named places,,0.0,38.6404729,-122.2866466,tract interior point in incorporated place
06055201900,Bay Area,06,06055,Census Tract 2019,Outside named places,,0.0,38.6391394,-122.5283222,tract interior point in incorporated place
06055202000,Bay Area,06,06055,Census Tract 2020,Outside named places,,0.0,38.5814083,-122.5826961,tract interior point in incorporated place
06075010101,Bay Area,06,06075,Census Tract 101.01,San Francisco,0667000,0.7,37.8083499,-122.4097935,tract interior point in incorporated place
06075010102,Bay Area,06,06075,Census Tract 101.02,San Francisco,0667000,0.7,37.80469,-122.4139437,tract interior point in incorporated place
06075010201,Bay Area,06,06075,Census Tract 102.01,San Francisco,0667000,0.7,37.8013029,-122.4212147,tract interior point in incorporated place
06075010202,Bay Area,06,06075,Census Tract 102.02,San Francisco,0667000,0.7,37.8106454,-122.4245951,tract interior point in incorporated place
06075010300,Bay Area,06,06075,Census Tract 103,San Francisco,0667000,0.7,37.80162,-122.415681,tract interior point in incorporated place
06075010401,Bay Area,06,06075,Census Tract 104.01,San Francisco,0667000,0.7,37.8027796,-122.410688,tract interior point in incorporated place
06075010402,Bay Area,06,06075,Census Tract 104.02,San Francisco,0667000,0.7,37.8018998,-122.4052575,tract interior point in incorporated place
06075010500,Bay Area,06,06075,Census Tract 105,San Francisco,0667000,0.7,37.8026835,-122.39905,tract interior point in incorporated place
06075010600,Bay Area,06,06075,Census Tract 106,San Francisco,0667000,0.7,37.7993784,-122.4063879,tract interior point in incorporated place
06075010701,Bay Area,06,06075,Census Tract 107.01,San Francisco,0667000,0.7,37.7974989,-122.4092568,tract interior point in incorporated place
06075010702,Bay Area,06,06075,Census Tract 107.02,San Francisco,0667000,0.7,37.7996811,-122.4109547,tract interior point in incorporated place
06075010800,Bay Area,06,06075,Census Tract 108,San Francisco,0667000,0.7,37.7964984,-122.4142913,tract interior point in incorporated place
06075010901,Bay Area,06,06075,Census Tract 109.01,San Francisco,0667000,0.7,37.7982726,-122.4188607,tract interior point in incorporated place
06075010902,Bay Area,06,06075,Census Tract 109.02,San Francisco,0667000,0.7,37.7978102,-122.4221947,tract interior point in incorporated place
06075011001,Bay Area,06,06075,Census Tract 110.01,San Francisco,0667000,0.7,37.7934678,-122.4196321,tract interior point in incorporated place
06075011002,Bay Area,06,06075,Census Tract 110.02,San Francisco,0667000,0.7,37.7952617,-122.4199592,tract interior point in incorporated place
06075011101,Bay Area,06,06075,Census Tract 111.01,San Francisco,0667000,0.7,37.7916822,-122.4192656,tract interior point in incorporated place
06075011102,Bay Area,06,06075,Census Tract 111.02,San Francisco,0667000,0.7,37.7898365,-122.4189044,tract interior point in incorporated place
06075011200,Bay Area,06,06075,Census Tract 112,San Francisco,0667000,0.7,37.7929713,-122.4127333,tract interior point in incorporated place
06075011300,Bay Area,06,06075,Census Tract 113,San Francisco,0667000,0.7,37.7946971,-122.4093492,tract interior point in incorporated place
06075011700,Bay Area,06,06075,Census Tract 117,San Francisco,0667000,0.7,37.7904975,-122.403475,tract interior point in incorporated place
06075011800,Bay Area,06,06075,Census Tract 118,San Francisco,0667000,0.7,37.7933506,-122.4061645,tract interior point in incorporated place
06075011901,Bay Area,06,06075,Census Tract 119.01,San Francisco,0667000,0.7,37.7904728,-122.4139142,tract interior point in incorporated place
06075011902,Bay Area,06,06075,Census Tract 119.02,San Francisco,0667000,0.7,37.7909959,-122.4098067,tract interior point in incorporated place
06075012001,Bay Area,06,06075,Census Tract 120.01,San Francisco,0667000,0.7,37.7884288,-122.4186288,tract interior point in incorporated place
06075012002,Bay Area,06,06075,Census Tract 120.02,San Francisco,0667000,0.7,37.7874957,-122.4184249,tract interior point in incorporated place
06075012100,Bay Area,06,06075,Census Tract 121,San Francisco,0667000,0.7,37.7888066,-122.4118881,tract interior point in incorporated place
06075012202,Bay Area,06,06075,Census Tract 122.02,San Francisco,0667000,0.7,37.785427,-122.4196803,tract interior point in incorporated place
06075012203,Bay Area,06,06075,Census Tract 122.03,San Francisco,0667000,0.7,37.7857412,-122.4171743,tract interior point in incorporated place
06075012204,Bay Area,06,06075,Census Tract 122.04,San Francisco,0667000,0.7,37.7859515,-122.4155341,tract interior point in incorporated place
06075012301,Bay Area,06,06075,Census Tract 123.01,San Francisco,0667000,0.7,37.7859203,-122.410746,tract interior point in incorporated place
06075012302,Bay Area,06,06075,Census Tract 123.02,San Francisco,0667000,0.7,37.7870222,-122.412097,tract interior point in incorporated place
06075012403,Bay Area,06,06075,Census Tract 124.03,San Francisco,0667000,0.7,37.7829458,-122.4166093,tract interior point in incorporated place
06075012404,Bay Area,06,06075,Census Tract 124.04,San Francisco,0667000,0.7,37.7831562,-122.4149685,tract interior point in incorporated place
06075012405,Bay Area,06,06075,Census Tract 124.05,San Francisco,0667000,0.7,37.7795195,-122.417462,tract interior point in incorporated place
06075012406,Bay Area,06,06075,Census Tract 124.06,San Francisco,0667000,0.7,37.783094,-122.4192115,tract interior point in incorporated place
06075012502,Bay Area,06,06075,Census Tract 125.02,San Francisco,0667000,0.7,37.783933,-122.4125954,tract interior point in incorporated place
06075012503,Bay Area,06,06075,Census Tract 125.03,San Francisco,0667000,0.7,37.7834657,-122.4105086,tract interior point in incorporated place
06075012504,Bay Area,06,06075,Census Tract 125.04,San Francisco,0667000,0.7,37.7811411,-122.4129545,tract interior point in incorporated place
06075012601,Bay Area,06,06075,Census Tract 126.01,San Francisco,0667000,0.7,37.8022683,-122.4391509,tract interior point in incorporated place
06075012602,Bay Area,06,06075,Census Tract 126.02,San Francisco,0667000,0.7,37.8062885,-122.4348613,tract interior point in incorporated place
06075012700,Bay Area,06,06075,Census Tract 127,San Francisco,0667000,0.7,37.8049771,-122.4447185,tract interior point in incorporated place
06075012801,Bay Area,06,06075,Census Tract 128.01,San Francisco,0667000,0.7,37.7974428,-122.4438958,tract interior point in incorporated place
06075012802,Bay Area,06,06075,Census Tract 128.02,San Francisco,0667000,0.7,37.7983583,-122.4385354,tract interior point in incorporated place
06075012901,Bay Area,06,06075,Census Tract 129.01,San Francisco,0667000,0.7,37.8019597,-122.427249,tract interior point in incorporated place
06075012902,Bay Area,06,06075,Census Tract 129.02,San Francisco,0667000,0.7,37.8006183,-122.4321105,tract interior point in incorporated place
06075013001,Bay Area,06,06075,Census Tract 130.01,San Francisco,0667000,0.7,37.7976627,-122.4272277,tract interior point in incorporated place
06075013002,Bay Area,06,06075,Census Tract 130.02,San Francisco,0667000,0.7,37.7968323,-122.4337546,tract interior point in incorporated place
06075013101,Bay Area,06,06075,Census Tract 131.01,San Francisco,0667000,0.7,37.7937795,-122.4247496,tract interior point in incorporated place
06075013102,Bay Area,06,06075,Census Tract 131.02,San Francisco,0667000,0.7,37.79262,-122.4274313,tract interior point in incorporated place
06075013200,Bay Area,06,06075,Census Tract 132,San Francisco,0667000,0.7,37.7936676,-122.4387455,tract interior point in incorporated place
06075013300,Bay Area,06,06075,Census Tract 133,San Francisco,0667000,0.7,37.7887307,-122.4524293,tract interior point in incorporated place
06075013401,Bay Area,06,06075,Census Tract 134.01,San Francisco,0667000,0.7,37.790159,-122.4383313,tract interior point in incorporated place
06075013402,Bay Area,06,06075,Census Tract 134.02,San Francisco,0667000,0.7,37.7895361,-122.4432888,tract interior point in incorporated place
06075013500,Bay Area,06,06075,Census Tract 135,San Francisco,0667000,0.7,37.7908976,-122.4325551,tract interior point in incorporated place
06075015100,Bay Area,06,06075,Census Tract 151,San Francisco,0667000,0.7,37.7874563,-122.4234259,tract interior point in incorporated place
06075015201,Bay Area,06,06075,Census Tract 152.01,San Francisco,0667000,0.7,37.7883324,-122.4269759,tract interior point in incorporated place
06075015202,Bay Area,06,06075,Census Tract 152.02,San Francisco,0667000,0.7,37.7877048,-122.4319111,tract interior point in incorporated place
06075015300,Bay Area,06,06075,Census Tract 153,San Francisco,0667000,0.7,37.7867618,-122.4393346,tract interior point in incorporated place
06075015401,Bay Area,06,06075,Census Tract 154.01,San Francisco,0667000,0.7,37.7833424,-122.4507276,tract interior point in incorporated place
06075015402,Bay Area,06,06075,Census Tract 154.02,San Francisco,0667000,0.7,37.7855854,-122.4514018,tract interior point in incorporated place
06075015500,Bay Area,06,06075,Census Tract 155,San Francisco,0667000,0.7,37.7850941,-122.4341319,tract interior point in incorporated place
06075015600,Bay Area,06,06075,Census Tract 156,San Francisco,0667000,0.7,37.7782473,-122.4564269,tract interior point in incorporated place
06075015701,Bay Area,06,06075,Census Tract 157.01,San Francisco,0667000,0.7,37.7784855,-122.4507192,tract interior point in incorporated place
06075015702,Bay Area,06,06075,Census Tract 157.02,San Francisco,0667000,0.7,37.7794926,-122.4443716,tract interior point in incorporated place
06075015801,Bay Area,06,06075,Census Tract 158.01,San Francisco,0667000,0.7,37.7813045,-122.4373585,tract interior point in incorporated place
06075015802,Bay Area,06,06075,Census Tract 158.02,San Francisco,0667000,0.7,37.778079,-122.4385024,tract interior point in incorporated place
06075015900,Bay Area,06,06075,Census Tract 159,San Francisco,0667000,0.7,37.7833409,-122.4293428,tract interior point in incorporated place
06075016000,Bay Area,06,06075,Census Tract 160,San Francisco,0667000,0.7,37.7823391,-122.4224915,tract interior point in incorporated place
06075016101,Bay Area,06,06075,Census Tract 161.01,San Francisco,0667000,0.7,37.7795615,-122.4319544,tract interior point in incorporated place
06075016102,Bay Area,06,06075,Census Tract 161.02,San Francisco,0667000,0.7,37.7801932,-122.4270222,tract interior point in incorporated place
06075016200,Bay Area,06,06075,Census Tract 162,San Francisco,0667000,0.7,37.7771541,-122.4228807,tract interior point in incorporated place
06075016300,Bay Area,06,06075,Census Tract 163,San Francisco,0667000,0.7,37.7760456,-122.4295509,tract interior point in incorporated place
06075016400,Bay Area,06,06075,Census Tract 164,San Francisco,0667000,0.7,37.7750995,-122.436973,tract interior point in incorporated place
06075016500,Bay Area,06,06075,Census Tract 165,San Francisco,0667000,0.7,37.7741957,-122.4477882,tract interior point in incorporated place
06075016601,Bay Area,06,06075,Census Tract 166.01,San Francisco,0667000,0.7,37.7708668,-122.4449409,tract interior point in incorporated place
06075016602,Bay Area,06,06075,Census Tract 166.02,San Francisco,0667000,0.7,37.7699467,-122.4511458,tract interior point in incorporated place
06075016700,Bay Area,06,06075,Census Tract 167,San Francisco,0667000,0.7,37.7703481,-122.4377358,tract interior point in incorporated place
06075016801,Bay Area,06,06075,Census Tract 168.01,San Francisco,0667000,0.7,37.7713309,-122.4290133,tract interior point in incorporated place
06075016802,Bay Area,06,06075,Census Tract 168.02,San Francisco,0667000,0.7,37.7735446,-122.4249292,tract interior point in incorporated place
06075016900,Bay Area,06,06075,Census Tract 169,San Francisco,0667000,0.7,37.7671003,-122.432467,tract interior point in incorporated place
06075017000,Bay Area,06,06075,Census Tract 170,San Francisco,0667000,0.7,37.7648873,-122.4394974,tract interior point in incorporated place
06075017101,Bay Area,06,06075,Census Tract 171.01,San Francisco,0667000,0.7,37.7657245,-122.4460838,tract interior point in incorporated place
06075017102,Bay Area,06,06075,Census Tract 171.02,San Francisco,0667000,0.7,37.7654353,-122.4504754,tract interior point in incorporated place
06075017602,Bay Area,06,06075,Census Tract 176.02,San Francisco,0667000,0.7,37.7821241,-122.4070181,tract interior point in incorporated place
06075017603,Bay Area,06,06075,Census Tract 176.03,San Francisco,0667000,0.7,37.7763092,-122.4143407,tract interior point in incorporated place
06075017604,Bay Area,06,06075,Census Tract 176.04,San Francisco,0667000,0.7,37.7798582,-122.4117434,tract interior point in incorporated place
06075017700,Bay Area,06,06075,Census Tract 177,San Francisco,0667000,0.7,37.768044,-122.4124918,tract interior point in incorporated place
06075017801,Bay Area,06,06075,Census Tract 178.01,San Francisco,0667000,0.7,37.7820284,-122.4011589,tract interior point in incorporated place
06075017803,Bay Area,06,06075,Census Tract 178.03,San Francisco,0667000,0.7,37.773426,-122.4120419,tract interior point in incorporated place
06075017804,Bay Area,06,06075,Census Tract 178.04,San Francisco,0667000,0.7,37.7776291,-122.4067243,tract interior point in incorporated place
06075017903,Bay Area,06,06075,Census Tract 179.03,San Francisco,0667000,0.7,37.8194586,-122.3704229,tract interior point in incorporated place
06075018000,Bay Area,06,06075,Census Tract 180,San Francisco,0667000,0.7,37.7753353,-122.4022844,tract interior point in incorporated place
06075020101,Bay Area,06,06075,Census Tract 201.01,San Francisco,0667000,0.7,37.7702373,-122.4201473,tract interior point in incorporated place
06075020102,Bay Area,06,06075,Census Tract 201.02,San Francisco,0667000,0.7,37.7650522,-122.419688,tract interior point in incorporated place
06075020201,Bay Area,06,06075,Census Tract 202.01,San Francisco,0667000,0.7,37.7647879,-122.4240946,tract interior point in incorporated place
06075020202,Bay Area,06,06075,Census Tract 202.02,San Francisco,0667000,0.7,37.7687818,-122.4242369,tract interior point in incorporated place
06075020300,Bay Area,06,06075,Census Tract 203,San Francisco,0667000,0.7,37.7649354,-122.4294366,tract interior point in incorporated place
06075020401,Bay Area,06,06075,Census Tract 204.01,San Francisco,0667000,0.7,37.7595115,-122.4434831,tract interior point in incorporated place
06075020402,Bay Area,06,06075,Census Tract 204.02,San Francisco,0667000,0.7,37.7528393,-122.4444126,tract interior point in incorporated place
06075020500,Bay Area,06,06075,Census Tract 205,San Francisco,0667000,0.7,37.7591282,-122.4370296,tract interior point in incorporated place
06075020601,Bay Area,06,06075,Census Tract 206.01,San Francisco,0667000,0.7,37.7609052,-122.4300824,tract interior point in incorporated place
06075020602,Bay Area,06,06075,Census Tract 206.02,San Francisco,0667000,0.7,37.7578121,-122.4306825,tract interior point in incorporated place
06075020701,Bay Area,06,06075,Census Tract 207.01,San Francisco,0667000,0.7,37.7575672,-122.4233994,tract interior point in incorporated place
06075020702,Bay Area,06,06075,Census Tract 207.02,San Francisco,0667000,0.7,37.7615686,-122.4237834,tract interior point in incorporated place
06075020801,Bay Area,06,06075,Census Tract 208.01,San Francisco,0667000,0.7,37.7578341,-122.418996,tract interior point in incorporated place
06075020802,Bay Area,06,06075,Census Tract 208.02,San Francisco,0667000,0.7,37.7618332,-122.4193778,tract interior point in incorporated place
06075020900,Bay Area,06,06075,Census Tract 209,San Francisco,0667000,0.7,37.7518211,-122.4184134,tract interior point in incorporated place
06075021000,Bay Area,06,06075,Census Tract 210,San Francisco,0667000,0.7,37.7515888,-122.4228445,tract interior point in incorporated place
06075021100,Bay Area,06,06075,Census Tract 211,San Francisco,0667000,0.7,37.7539709,-122.4298155,tract interior point in incorporated place
06075021200,Bay Area,06,06075,Census Tract 212,San Francisco,0667000,0.7,37.7531762,-122.4381261,tract interior point in incorporated place
06075021300,Bay Area,06,06075,Census Tract 213,San Francisco,0667000,0.7,37.7492624,-122.4384746,tract interior point in incorporated place
06075021400,Bay Area,06,06075,Census Tract 214,San Francisco,0667000,0.7,37.7495712,-122.4293939,tract interior point in incorporated place
06075021500,Bay Area,06,06075,Census Tract 215,San Francisco,0667000,0.7,37.744964,-122.4269056,tract interior point in incorporated place
06075021600,Bay Area,06,06075,Census Tract 216,San Francisco,0667000,0.7,37.745496,-122.4381399,tract interior point in incorporated place
06075021700,Bay Area,06,06075,Census Tract 217,San Francisco,0667000,0.7,37.7402533,-122.4392771,tract interior point in incorporated place
06075021800,Bay Area,06,06075,Census Tract 218,San Francisco,0667000,0.7,37.7379203,-122.4291348,tract interior point in incorporated place
06075022600,Bay Area,06,06075,Census Tract 226,San Francisco,0667000,0.7,37.7601234,-122.3852679,tract interior point in incorporated place
06075022702,Bay Area,06,06075,Census Tract 227.02,San Francisco,0667000,0.7,37.7626143,-122.3955143,tract interior point in incorporated place
06075022704,Bay Area,06,06075,Census Tract 227.04,San Francisco,0667000,0.7,37.7609519,-122.4019893,tract interior point in incorporated place
06075022801,Bay Area,06,06075,Census Tract 228.01,San Francisco,0667000,0.7,37.7607269,-122.4125113,tract interior point in incorporated place
06075022802,Bay Area,06,06075,Census Tract 228.02,San Francisco,0667000,0.7,37.7589131,-122.4062337,tract interior point in incorporated place
06075022803,Bay Area,06,06075,Census Tract 228.03,San Francisco,0667000,0.7,37.7558368,-122.4120842,tract interior point in incorporated place
06075022901,Bay Area,06,06075,Census Tract 229.01,San Francisco,0667000,0.7,37.751201,-122.4139445,tract interior point in incorporated place
06075022902,Bay Area,06,06075,Census Tract 229.02,San Francisco,0667000,0.7,37.751344,-122.4103787,tract interior point in incorporated place
06075022903,Bay Area,06,06075,Census Tract 229.03,San Francisco,0667000,0.7,37.7517619,-122.4062182,tract interior point in incorporated place
06075023001,Bay Area,06,06075,Census Tract 230.01,San Francisco,0667000,0.7,37.7351931,-122.4017614,tract interior point in incorporated place
06075023003,Bay Area,06,06075,Census Tract 230.03,San Francisco,0667000,0.7,37.7326749,-122.3958349,tract interior point in incorporated place
06075023102,Bay Area,06,06075,Census Tract 231.02,San Francisco,0667000,0.7,37.7345195,-122.3845849,tract interior point in incorporated place
06075023103,Bay Area,06,06075,Census Tract 231.03,San Francisco,0667000,0.7,37.7320268,-122.3725647,tract interior point in incorporated place
06075023200,Bay Area,06,06075,Census Tract 232,San Francisco,0667000,0.7,37.7277635,-122.3861501,tract interior point in incorporated place
06075023300,Bay Area,06,06075,Census Tract 233,San Francisco,0667000,0.7,37.7254423,-122.3977657,tract interior point in incorporated place
06075023400,Bay Area,06,06075,Census Tract 234,San Francisco,0667000,0.7,37.7215892,-122.3900597,tract interior point in incorporated place
06075025100,Bay Area,06,06075,Census Tract 251,San Francisco,0667000,0.7,37.7439405,-122.4076933,tract interior point in incorporated place
06075025200,Bay Area,06,06075,Census Tract 252,San Francisco,0667000,0.7,37.7437123,-122.4142166,tract interior point in incorporated place
06075025300,Bay Area,06,06075,Census Tract 253,San Francisco,0667000,0.7,37.7438747,-122.4202434,tract interior point in incorporated place
06075025401,Bay Area,06,06075,Census Tract 254.01,San Francisco,0667000,0.7,37.7396295,-122.4224695,tract interior point in incorporated place
06075025402,Bay Area,06,06075,Census Tract 254.02,San Francisco,0667000,0.7,37.7368768,-122.4127788,tract interior point in incorporated place
06075025403,Bay Area,06,06075,Census Tract 254.03,San Francisco,0667000,0.7,37.7337691,-122.4206236,tract interior point in incorporated place
06075025501,Bay Area,06,06075,Census Tract 255.01,San Francisco,0667000,0.7,37.7256849,-122.4411925,tract interior point in incorporated place
06075025502,Bay Area,06,06075,Census Tract 255.02,San Francisco,0667000,0.7,37.7304262,-122.4333557,tract interior point in incorporated place
06075025600,Bay Area,06,06075,Census Tract 256,San Francisco,0667000,0.7,37.7287884,-122.4223771,tract interior point in incorporated place
06075025701,Bay Area,06,06075,Census Tract 257.01,San Francisco,0667000,0.7,37.7315825,-122.4119406,tract interior point in incorporated place
06075025702,Bay Area,06,06075,Census Tract 257.02,San Francisco,0667000,0.7,37.7281305,-122.4057589,tract interior point in incorporated place
06075025800,Bay Area,06,06075,Census Tract 258,San Francisco,0667000,0.7,37.7214949,-122.4018971,tract interior point in incorporated place
06075025900,Bay Area,06,06075,Census Tract 259,San Francisco,0667000,0.7,37.7234533,-122.4105033,tract interior point in incorporated place
06075026001,Bay Area,06,06075,Census Tract 260.01,San Francisco,0667000,0.7,37.7235502,-122.4322434,tract interior point in incorporated place
06075026002,Bay Area,06,06075,Census Tract 260.02,San Francisco,0667000,0.7,37.7261195,-122.4262822,tract interior point in incorporated place
06075026003,Bay Area,06,06075,Census Tract 260.03,San Francisco,0667000,0.7,37.7195817,-122.4287703,tract interior point in incorporated place
06075026004,Bay Area,06,06075,Census Tract 260.04,San Francisco,0667000,0.7,37.7178918,-122.4357033,tract interior point in incorporated place
06075026100,Bay Area,06,06075,Census Tract 261,San Francisco,0667000,0.7,37.7196238,-122.44316,tract interior point in incorporated place
06075026201,Bay Area,06,06075,Census Tract 262.01,San Francisco,0667000,0.7,37.7096856,-122.4582522,tract interior point in incorporated place
06075026202,Bay Area,06,06075,Census Tract 262.02,San Francisco,0667000,0.7,37.7134049,-122.4483179,tract interior point in incorporated place
06075026301,Bay Area,06,06075,Census Tract 263.01,San Francisco,0667000,0.7,37.7138687,-122.4395362,tract interior point in incorporated place
06075026302,Bay Area,06,06075,Census Tract 263.02,San Francisco,0667000,0.7,37.7116465,-122.4308192,tract interior point in incorporated place
06075026303,Bay Area,06,06075,Census Tract 263.03,San Francisco,0667000,0.7,37.7096833,-122.4432903,tract interior point in incorporated place
06075026401,Bay Area,06,06075,Census Tract 264.01,San Francisco,0667000,0.7,37.7135251,-122.4112834,tract interior point in incorporated place
06075026402,Bay Area,06,06075,Census Tract 264.02,San Francisco,0667000,0.7,37.7164934,-122.4034909,tract interior point in incorporated place
06075026403,Bay Area,06,06075,Census Tract 264.03,San Francisco,0667000,0.7,37.7112292,-122.4068948,tract interior point in incorporated place
06075026404,Bay Area,06,06075,Census Tract 264.04,San Francisco,0667000,0.7,37.7096685,-122.4152901,tract interior point in incorporated place
06075030101,Bay Area,06,06075,Census Tract 301.01,San Francisco,0667000,0.7,37.7642568,-122.4597429,tract interior point in incorporated place
06075030102,Bay Area,06,06075,Census Tract 301.02,San Francisco,0667000,0.7,37.758542,-122.4582807,tract interior point in incorporated place
06075030201,Bay Area,06,06075,Census Tract 302.01,San Francisco,0667000,0.7,37.7628136,-122.473784,tract interior point in incorporated place
06075030202,Bay Area,06,06075,Census Tract 302.02,San Francisco,0667000,0.7,37.7630946,-122.4673205,tract interior point in incorporated place
06075030301,Bay Area,06,06075,Census Tract 303.01,San Francisco,0667000,0.7,37.7569391,-122.4692332,tract interior point in incorporated place
06075030302,Bay Area,06,06075,Census Tract 303.02,San Francisco,0667000,0.7,37.7519364,-122.4716313,tract interior point in incorporated place
06075030400,Bay Area,06,06075,Census Tract 304,San Francisco,0667000,0.7,37.7469525,-122.4675254,tract interior point in incorporated place
06075030500,Bay Area,06,06075,Census Tract 305,San Francisco,0667000,0.7,37.7528316,-122.4516817,tract interior point in incorporated place
06075030600,Bay Area,06,06075,Census Tract 306,San Francisco,0667000,0.7,37.7437535,-122.4571389,tract interior point in incorporated place
06075030700,Bay Area,06,06075,Census Tract 307,San Francisco,0667000,0.7,37.7372232,-122.4503095,tract interior point in incorporated place
06075030800,Bay Area,06,06075,Census Tract 308,San Francisco,0667000,0.7,37.739192,-122.467864,tract interior point in incorporated place
06075030900,Bay Area,06,06075,Census Tract 309,San Francisco,0667000,0.7,37.7282698,-122.4683645,tract interior point in incorporated place
06075031000,Bay Area,06,06075,Census Tract 310,San Francisco,0667000,0.7,37.7286248,-122.4571615,tract interior point in incorporated place
06075031100,Bay Area,06,06075,Census Tract 311,San Francisco,0667000,0.7,37.7296129,-122.4462246,tract interior point in incorporated place
06075031201,Bay Area,06,06075,Census Tract 312.01,San Francisco,0667000,0.7,37.7217837,-122.4573318,tract interior point in incorporated place
06075031202,Bay Area,06,06075,Census Tract 312.02,San Francisco,0667000,0.7,37.7193286,-122.4523956,tract interior point in incorporated place
06075031301,Bay Area,06,06075,Census Tract 313.01,San Francisco,0667000,0.7,37.7193281,-122.4678662,tract interior point in incorporated place
06075031302,Bay Area,06,06075,Census Tract 313.02,San Francisco,0667000,0.7,37.7133926,-122.4671072,tract interior point in incorporated place
06075031401,Bay Area,06,06075,Census Tract 314.01,San Francisco,0667000,0.7,37.7128911,-122.4571078,tract interior point in incorporated place
06075031402,Bay Area,06,06075,Census Tract 314.02,San Francisco,0667000,0.7,37.7160857,-122.4571712,tract interior point in incorporated place
06075032601,Bay Area,06,06075,Census Tract 326.01,San Francisco,0667000,0.7,37.7624894,-122.4807987,tract interior point in incorporated place
06075032602,Bay Area,06,06075,Census Tract 326.02,San Francisco,0667000,0.7,37.7588987,-122.4825797,tract interior point in incorporated place
06075032700,Bay Area,06,06075,Census Tract 327,San Francisco,0667000,0.7,37.7601691,-122.4911696,tract interior point in incorporated place
06075032801,Bay Area,06,06075,Census Tract 328.01,San Francisco,0667000,0.7,37.746019,-122.4804356,tract interior point in incorporated place
06075032802,Bay Area,06,06075,Census Tract 328.02,San Francisco,0667000,0.7,37.7530955,-122.4812305,tract interior point in incorporated place
06075032901,Bay Area,06,06075,Census Tract 329.01,San Francisco,0667000,0.7,37.746154,-122.4901873,tract interior point in incorporated place
06075032902,Bay Area,06,06075,Census Tract 329.02,San Francisco,0667000,0.7,37.7526804,-122.4906464,tract interior point in incorporated place
06075033001,Bay Area,06,06075,Census Tract 330.01,San Francisco,0667000,0.7,37.740465,-122.490765,tract interior point in incorporated place
06075033002,Bay Area,06,06075,Census Tract 330.02,San Francisco,0667000,0.7,37.7381305,-122.4812569,tract interior point in incorporated place
06075033100,Bay Area,06,06075,Census Tract 331,San Francisco,0667000,0.7,37.7322046,-122.4871887,tract interior point in incorporated place
06075033201,Bay Area,06,06075,Census Tract 332.01,San Francisco,0667000,0.7,37.7263801,-122.4798147,tract interior point in incorporated place
06075033203,Bay Area,06,06075,Census Tract 332.03,San Francisco,0667000,0.7,37.7159219,-122.4782648,tract interior point in incorporated place
06075033204,Bay Area,06,06075,Census Tract 332.04,San Francisco,0667000,0.7,37.7196514,-122.4803901,tract interior point in incorporated place
06075035101,Bay Area,06,06075,Census Tract 351.01,San Francisco,0667000,0.7,37.7616792,-122.4993329,tract interior point in incorporated place
06075035102,Bay Area,06,06075,Census Tract 351.02,San Francisco,0667000,0.7,37.754778,-122.4990243,tract interior point in incorporated place
06075035201,Bay Area,06,06075,Census Tract 352.01,San Francisco,0667000,0.7,37.7566323,-122.5104356,tract interior point in incorporated place
06075035202,Bay Area,06,06075,Census Tract 352.02,San Francisco,0667000,0.7,37.7613995,-122.5061469,tract interior point in incorporated place
06075035300,Bay Area,06,06075,Census Tract 353,San Francisco,0667000,0.7,37.7425282,-122.4978589,tract interior point in incorporated place
06075035400,Bay Area,06,06075,Census Tract 354,San Francisco,0667000,0.7,37.7421123,-122.5072288,tract interior point in incorporated place
06075040100,Bay Area,06,06075,Census Tract 401,San Francisco,0667000,0.7,37.7851587,-122.461815,tract interior point in incorporated place
06075040200,Bay Area,06,06075,Census Tract 402,San Francisco,0667000,0.7,37.7843303,-122.4683869,tract interior point in incorporated place
06075042601,Bay Area,06,06075,Census Tract 426.01,San Francisco,0667000,0.7,37.7831223,-122.481191,tract interior point in incorporated place
06075042602,Bay Area,06,06075,Census Tract 426.02,San Francisco,0667000,0.7,37.7833847,-122.4754789,tract interior point in incorporated place
06075042700,Bay Area,06,06075,Census Tract 427,San Francisco,0667000,0.7,37.7822707,-122.4881761,tract interior point in incorporated place
06075042800,Bay Area,06,06075,Census Tract 428,San Francisco,0667000,0.7,37.7880433,-122.4885865,tract interior point in incorporated place
06075045100,Bay Area,06,06075,Census Tract 451,San Francisco,0667000,0.7,37.7775849,-122.4613475,tract interior point in incorporated place
06075045201,Bay Area,06,06075,Census Tract 452.01,San Francisco,0667000,0.7,37.7770419,-122.4696013,tract interior point in incorporated place
06075045202,Bay Area,06,06075,Census Tract 452.02,San Francisco,0667000,0.7,37.7772373,-122.465624,tract interior point in incorporated place
06075047600,Bay Area,06,06075,Census Tract 476,San Francisco,0667000,0.7,37.7767733,-122.475544,tract interior point in incorporated place
06075047701,Bay Area,06,06075,Census Tract 477.01,San Francisco,0667000,0.7,37.7782559,-122.4840627,tract interior point in incorporated place
06075047702,Bay Area,06,06075,Census Tract 477.02,San Francisco,0667000,0.7,37.7744602,-122.4837889,tract interior point in incorporated place
06075047801,Bay Area,06,06075,Census Tract 478.01,San Francisco,0667000,0.7,37.7758427,-122.4921123,tract interior point in incorporated place
06075047802,Bay Area,06,06075,Census Tract 478.02,San Francisco,0667000,0.7,37.779204,-122.497393,tract interior point in incorporated place
06075047902,Bay Area,06,06075,Census Tract 479.02,San Francisco,0667000,0.7,37.7792384,-122.5041008,tract interior point in incorporated place
06075047903,Bay Area,06,06075,Census Tract 479.03,San Francisco,0667000,0.7,37.775421,-122.50374,tract interior point in incorporated place
06075047904,Bay Area,06,06075,Census Tract 479.04,San Francisco,0667000,0.7,37.7824917,-122.5098754,tract interior point in incorporated place
06075060100,Bay Area,06,06075,Census Tract 601,San Francisco,0667000,0.7,37.806767,-122.4747108,tract interior point in incorporated place
06075060400,Bay Area,06,06075,Census Tract 604,San Francisco,0667000,0.7,37.7219101,-122.4913026,tract interior point in incorporated place
06075060502,Bay Area,06,06075,Census Tract 605.02,San Francisco,0667000,0.7,37.7114639,-122.4204799,tract interior point in incorporated place
06075060701,Bay Area,06,06075,Census Tract 607.01,San Francisco,0667000,0.7,37.7743655,-122.3835948,tract interior point in incorporated place
06075060702,Bay Area,06,06075,Census Tract 607.02,San Francisco,0667000,0.7,37.768521,-122.3996878,tract interior point in incorporated place
06075060703,Bay Area,06,06075,Census Tract 607.03,San Francisco,0667000,0.7,37.7754833,-122.3951506,tract interior point in incorporated place
06075061000,Bay Area,06,06075,Census Tract 610,San Francisco,0667000,0.7,37.7133134,-122.3849404,tract interior point in incorporated place
06075061101,Bay Area,06,06075,Census Tract 611.01,San Francisco,0667000,0.7,37.7956249,-122.4033562,tract interior point in incorporated place
06075061102,Bay Area,06,06075,Census Tract 611.02,San Francisco,0667000,0.7,37.7954827,-122.4073658,tract interior point in incorporated place
06075061200,Bay Area,06,06075,Census Tract 612,San Francisco,0667000,0.7,37.7370495,-122.3901596,tract interior point in incorporated place
06075061401,Bay Area,06,06075,Census Tract 614.01,San Francisco,0667000,0.7,37.7537616,-122.3999432,tract interior point in incorporated place
06075061402,Bay Area,06,06075,Census Tract 614.02,San Francisco,0667000,0.7,37.7565832,-122.3947008,tract interior point in incorporated place
06075061501,Bay Area,06,06075,Census Tract 615.01,San Francisco,0667000,0.7,37.7878384,-122.4001079,tract interior point in incorporated place
06075061502,Bay Area,06,06075,Census Tract 615.02,San Francisco,0667000,0.7,37.7817147,-122.3929796,tract interior point in incorporated place
06075061503,Bay Area,06,06075,Census Tract 615.03,San Francisco,0667000,0.7,37.7857922,-122.3965353,tract interior point in incorporated place
06075061504,Bay Area,06,06075,Census Tract 615.04,San Francisco,0667000,0.7,37.7852562,-122.3924125,tract interior point in incorporated place
06075061505,Bay Area,06,06075,Census Tract 615.05,San Francisco,0667000,0.7,37.7891027,-122.3906438,tract interior point in incorporated place
06075061506,Bay Area,06,06075,Census Tract 615.06,San Francisco,0667000,0.7,37.7876594,-122.3910165,tract interior point in incorporated place
06075061507,Bay Area,06,06075,Census Tract 615.07,San Francisco,0667000,0.7,37.7911428,-122.3895646,tract interior point in incorporated place
06075061508,Bay Area,06,06075,Census Tract 615.08,San Francisco,0667000,0.7,37.7860679,-122.3863351,tract interior point in incorporated place
06075980200,Bay Area,06,06075,Census Tract 9802,San Francisco,0667000,0.7,37.785046,-122.5019092,tract interior point in incorporated place
06075980300,Bay Area,06,06075,Census Tract 9803,San Francisco,0667000,0.7,37.7684025,-122.4920873,tract interior point in incorporated place
06075980401,Bay Area,06,06075,Census Tract 9804.01,San Francisco,0667000,0.7,37.7272391,-123.0322294,tract interior point in incorporated place
06075980501,Bay Area,06,06075,Census Tract 9805.01,San Francisco,0667000,0.7,37.7162081,-122.4193463,tract interior point in incorporated place
06075980600,Bay Area,06,06075,Census Tract 9806,San Francisco,0667000,0.7,37.7231655,-122.3685424,tract interior point in incorporated place
06075980900,Bay Area,06,06075,Census Tract 9809,San Francisco,0667000,0.7,37.746286,-122.3894769,tract interior point in incorporated place
06075990100,Bay Area,06,06075,Census Tract 9901,San Francisco,0667000,0.7,37.76216,-122.5518622,tract interior point in incorporated place
06075990200,Bay Area,06,06075,Census Tract 9902,San Francisco,0667000,0.7,37.8046157,-122.3728695,tract interior point in incorporated place
06081600100,Bay Area,06,06081,Census Tract 6001,Outside named places,,0.0,37.6866578,-122.4051408,tract interior point in incorporated place
06081600200,Bay Area,06,06081,Census Tract 6002,Outside named places,,0.0,37.7045748,-122.415878,tract interior point in incorporated place
06081600300,Bay Area,06,06081,Census Tract 6003,Outside named places,,0.0,37.7021433,-122.4318046,tract interior point in incorporated place
06081600401,Bay Area,06,06081,Census Tract 6004.01,Outside named places,,0.0,37.7054527,-122.4443647,tract interior point in incorporated place
06081600402,Bay Area,06,06081,Census Tract 6004.02,Outside named places,,0.0,37.7051376,-122.4529104,tract interior point in incorporated place
06081600501,Bay Area,06,06081,Census Tract 6005.01,Outside named places,,0.0,37.7001412,-122.4583264,tract interior point in incorporated place
06081600502,Bay Area,06,06081,Census Tract 6005.02,Outside named places,,0.0,37.6949354,-122.4558927,tract interior point in incorporated place
06081600600,Bay Area,06,06081,Census Tract 6006,Outside named places,,0.0,37.6975475,-122.4665757,tract interior point in incorporated place
06081600701,Bay Area,06,06081,Census Tract 6007.01,Outside named places,,0.0,37.7063622,-122.4625596,tract interior point in incorporated place
06081600702,Bay Area,06,06081,Census Tract 6007.02,Outside named places,,0.0,37.7033239,-122.4671356,tract interior point in incorporated place
06081600800,Bay Area,06,06081,Census Tract 6008,Outside named places,,0.0,37.6999363,-122.4806606,tract interior point in incorporated place
06081600900,Bay Area,06,06081,Census Tract 6009,Outside named places,,0.0,37.705618,-122.4922886,tract interior point in incorporated place
06081601000,Bay Area,06,06081,Census Tract 6010,Outside named places,,0.0,37.6727071,-122.4929607,tract interior point in incorporated place
06081601100,Bay Area,06,06081,Census Tract 6011,Outside named places,,0.0,37.692162,-122.4894101,tract interior point in incorporated place
06081601200,Bay Area,06,06081,Census Tract 6012,Outside named places,,0.0,37.6932893,-122.4784394,tract interior point in incorporated place
06081601301,Bay Area,06,06081,Census Tract 6013.01,Outside named places,,0.0,37.6902592,-122.4664094,tract interior point in incorporated place
06081601302,Bay Area,06,06081,Census Tract 6013.02,Outside named places,,0.0,37.685876,-122.4646177,tract interior point in incorporated place
06081601400,Bay Area,06,06081,Census Tract 6014,Outside named places,,0.0,37.6810989,-122.4788078,tract interior point in incorporated place
06081601501,Bay Area,06,06081,Census Tract 6015.01,Outside named places,,0.0,37.6750754,-122.4856364,tract interior point in incorporated place
06081601502,Bay Area,06,06081,Census Tract 6015.02,Outside named places,,0.0,37.6691797,-122.4783648,tract interior point in incorporated place
06081601601,Bay Area,06,06081,Census Tract 6016.01,Outside named places,,0.0,37.6782568,-122.4497356,tract interior point in incorporated place
06081601603,Bay Area,06,06081,Census Tract 6016.03,Outside named places,,0.0,37.6554243,-122.4609313,tract interior point in incorporated place
06081601604,Bay Area,06,06081,Census Tract 6016.04,Outside named places,,0.0,37.6695269,-122.469134,tract interior point in incorporated place
06081601605,Bay Area,06,06081,Census Tract 6016.05,Outside named places,,0.0,37.6569608,-122.4698327,tract interior point in incorporated place
06081601700,Bay Area,06,06081,Census Tract 6017,Outside named places,,0.0,37.6626736,-122.4560776,tract interior point in incorporated place
06081601800,Bay Area,06,06081,Census Tract 6018,Outside named places,,0.0,37.6552995,-122.4460522,tract interior point in incorporated place
06081601901,Bay Area,06,06081,Census Tract 6019.01,Outside named places,,0.0,37.6659681,-122.4343717,tract interior point in incorporated place
06081601902,Bay Area,06,06081,Census Tract 6019.02,Outside named places,,0.0,37.6604897,-122.4373082,tract interior point in incorporated place
06081602001,Bay Area,06,06081,Census Tract 6020.01,Outside named places,,0.0,37.6626495,-122.4197376,tract interior point in incorporated place
06081602002,Bay Area,06,06081,Census Tract 6020.02,Outside named places,,0.0,37.6713222,-122.4206062,tract interior point in incorporated place
06081602100,Bay Area,06,06081,Census Tract 6021,Outside named places,,0.0,37.6618014,-122.4064186,tract interior point in incorporated place
06081602201,Bay Area,06,06081,Census Tract 6022.01,Outside named places,,0.0,37.6572141,-122.4228916,tract interior point in incorporated place
06081602202,Bay Area,06,06081,Census Tract 6022.02,Outside named places,,0.0,37.6551094,-122.4115181,tract interior point in incorporated place
06081602300,Bay Area,06,06081,Census Tract 6023,Outside named places,,0.0,37.6518485,-122.3971877,tract interior point in incorporated place
06081602400,Bay Area,06,06081,Census Tract 6024,Outside named places,,0.0,37.6444886,-122.4357422,tract interior point in incorporated place
06081602500,Bay Area,06,06081,Census Tract 6025,Outside named places,,0.0,37.6399723,-122.4505916,tract interior point in incorporated place
06081602601,Bay Area,06,06081,Census Tract 6026.01,Outside named places,,0.0,37.6463794,-122.4568702,tract interior point in incorporated place
06081602602,Bay Area,06,06081,Census Tract 6026.02,Outside named places,,0.0,37.6460249,-122.4660787,tract interior point in incorporated place
06081602700,Bay Area,06,06081,Census Tract 6027,Outside named places,,0.0,37.6486213,-122.4752474,tract interior point in incorporated place
06081602800,Bay Area,06,06081,Census Tract 6028,Outside named places,,0.0,37.6593942,-122.4838467,tract interior point in incorporated place
06081602900,Bay Area,06,06081,Census Tract 6029,Outside named places,,0.0,37.6532841,-122.4918058,tract interior point in incorporated place
06081603000,Bay Area,06,06081,Census Tract 6030,Outside named places,,0.0,37.6364758,-122.4859426,tract interior point in incorporated place
06081603100,Bay Area,06,06081,Census Tract 6031,Outside named places,,0.0,37.621105,-122.4739205,tract interior point in incorporated place
06081603200,Bay Area,06,06081,Census Tract 6032,Outside named places,,0.0,37.5928565,-122.5095191,tract interior point in incorporated place
06081603300,Bay Area,06,06081,Census Tract 6033,Outside named places,,0.0,37.5808809,-122.4857578,tract interior point in incorporated place
06081603400,Bay Area,06,06081,Census Tract 6034,Outside named places,,0.0,37.5945277,-122.4628764,tract interior point in incorporated place
06081603700,Bay Area,06,06081,Census Tract 6037,Outside named places,,0.0,37.6326394,-122.4484921,tract interior point in incorporated place
06081603801,Bay Area,06,06081,Census Tract 6038.01,Outside named places,,0.0,37.620041,-122.4282283,tract interior point in incorporated place
06081603802,Bay Area,06,06081,Census Tract 6038.02,Outside named places,,0.0,37.6190778,-122.4345807,tract interior point in incorporated place
06081603900,Bay Area,06,06081,Census Tract 6039,Outside named places,,0.0,37.614101,-122.4171185,tract interior point in incorporated place
06081604000,Bay Area,06,06081,Census Tract 6040,Outside named places,,0.0,37.62342,-122.4206865,tract interior point in incorporated place
06081604102,Bay Area,06,06081,Census Tract 6041.02,Outside named places,,0.0,37.6332687,-122.4257253,tract interior point in incorporated place
06081604103,Bay Area,06,06081,Census Tract 6041.03,Outside named places,,0.0,37.6186529,-122.4065562,tract interior point in incorporated place
06081604104,Bay Area,06,06081,Census Tract 6041.04,Outside named places,,0.0,37.6290085,-122.4138753,tract interior point in incorporated place
06081604200,Bay Area,06,06081,Census Tract 6042,Outside named places,,0.0,37.6273901,-122.4061479,tract interior point in incorporated place
06081604400,Bay Area,06,06081,Census Tract 6044,Outside named places,,0.0,37.6044311,-122.3887434,tract interior point in incorporated place
06081604500,Bay Area,06,06081,Census Tract 6045,Outside named places,,0.0,37.606214,-122.4100762,tract interior point in incorporated place
06081604600,Bay Area,06,06081,Census Tract 6046,Outside named places,,0.0,37.6002716,-122.4182149,tract interior point in incorporated place
06081604700,Bay Area,06,06081,Census Tract 6047,Outside named places,,0.0,37.5936832,-122.4066723,tract interior point in incorporated place
06081604800,Bay Area,06,06081,Census Tract 6048,Outside named places,,0.0,37.5995316,-122.3977958,tract interior point in incorporated place
06081604900,Bay Area,06,06081,Census Tract 6049,Outside named places,,0.0,37.5892853,-122.3981155,tract interior point in incorporated place
06081605000,Bay Area,06,06081,Census Tract 6050,Outside named places,,0.0,37.5814599,-122.3897966,tract interior point in incorporated place
06081605100,Bay Area,06,06081,Census Tract 6051,Outside named places,,0.0,37.5973795,-122.3682086,tract interior point in incorporated place
06081605200,Bay Area,06,06081,Census Tract 6052,Outside named places,,0.0,37.5833866,-122.3766437,tract interior point in incorporated place
06081605300,Bay Area,06,06081,Census Tract 6053,Outside named places,,0.0,37.5820081,-122.3620338,tract interior point in incorporated place
06081605400,Bay Area,06,06081,Census Tract 6054,Outside named places,,0.0,37.5910356,-122.3453899,tract interior point in incorporated place
06081605501,Bay Area,06,06081,Census Tract 6055.01,Outside named places,,0.0,37.5793766,-122.3506015,tract interior point in incorporated place
06081605502,Bay Area,06,06081,Census Tract 6055.02,Outside named places,,0.0,37.5751582,-122.3471428,tract interior point in incorporated place
06081605600,Bay Area,06,06081,Census Tract 6056,Outside named places,,0.0,37.564885,-122.3690847,tract interior point in incorporated place
06081605700,Bay Area,06,06081,Census Tract 6057,Outside named places,,0.0,37.5480176,-122.3482411,tract interior point in incorporated place
06081605800,Bay Area,06,06081,Census Tract 6058,Outside named places,,0.0,37.5680135,-122.345218,tract interior point in incorporated place
06081605901,Bay Area,06,06081,Census Tract 6059.01,Outside named places,,0.0,37.57385,-122.3366392,tract interior point in incorporated place
06081605902,Bay Area,06,06081,Census Tract 6059.02,Outside named places,,0.0,37.5702636,-122.330426,tract interior point in incorporated place
06081606000,Bay Area,06,06081,Census Tract 6060,Outside named places,,0.0,37.5810274,-122.3314611,tract interior point in incorporated place
06081606100,Bay Area,06,06081,Census Tract 6061,Outside named places,,0.0,37.5807361,-122.3144888,tract interior point in incorporated place
06081606201,Bay Area,06,06081,Census Tract 6062.01,Outside named places,,0.0,37.5750097,-122.3247999,tract interior point in incorporated place
06081606202,Bay Area,06,06081,Census Tract 6062.02,Outside named places,,0.0,37.5702163,-122.3191027,tract interior point in incorporated place
06081606300,Bay Area,06,06081,Census Tract 6063,Outside named places,,0.0,37.5653494,-122.3193395,tract interior point in incorporated place
06081606400,Bay Area,06,06081,Census Tract 6064,Outside named places,,0.0,37.561382,-122.3256207,tract interior point in incorporated place
06081606500,Bay Area,06,06081,Census Tract 6065,Outside named places,,0.0,37.5533155,-122.3309357,tract interior point in incorporated place
06081606600,Bay Area,06,06081,Census Tract 6066,Outside named places,,0.0,37.5528991,-122.3170375,tract interior point in incorporated place
06081606700,Bay Area,06,06081,Census Tract 6067,Outside named places,,0.0,37.5404786,-122.32346,tract interior point in incorporated place
06081606800,Bay Area,06,06081,Census Tract 6068,Outside named places,,0.0,37.5294842,-122.337771,tract interior point in incorporated place
06081606900,Bay Area,06,06081,Census Tract 6069,Outside named places,,0.0,37.5199653,-122.3457246,tract interior point in incorporated place
06081607000,Bay Area,06,06081,Census Tract 6070,Outside named places,,0.0,37.5247705,-122.3231914,tract interior point in incorporated place
06081607100,Bay Area,06,06081,Census Tract 6071,Outside named places,,0.0,37.5272105,-122.3046072,tract interior point in incorporated place
06081607200,Bay Area,06,06081,Census Tract 6072,Outside named places,,0.0,37.53317,-122.2974907,tract interior point in incorporated place
06081607300,Bay Area,06,06081,Census Tract 6073,Outside named places,,0.0,37.5342152,-122.3119515,tract interior point in incorporated place
06081607400,Bay Area,06,06081,Census Tract 6074,Outside named places,,0.0,37.5442997,-122.3122363,tract interior point in incorporated place
06081607500,Bay Area,06,06081,Census Tract 6075,Outside named places,,0.0,37.5467322,-122.2997355,tract interior point in incorporated place
06081607600,Bay Area,06,06081,Census Tract 6076,Outside named places,,0.0,37.5581261,-122.3066879,tract interior point in incorporated place
06081607701,Bay Area,06,06081,Census Tract 6077.01,Outside named places,,0.0,37.5711424,-122.3033906,tract interior point in incorporated place
06081607702,Bay Area,06,06081,Census Tract 6077.02,Outside named places,,0.0,37.5649305,-122.302688,tract interior point in incorporated place
06081607800,Bay Area,06,06081,Census Tract 6078,Outside named places,,0.0,37.5604085,-122.2954266,tract interior point in incorporated place
06081607900,Bay Area,06,06081,Census Tract 6079,Outside named places,,0.0,37.5619661,-122.2861609,tract interior point in incorporated place
06081608001,Bay Area,06,06081,Census Tract 6080.01,Outside named places,,0.0,37.55112,-122.2576522,tract interior point in incorporated place
06081608002,Bay Area,06,06081,Census Tract 6080.02,Outside named places,,0.0,37.5485489,-122.2676162,tract interior point in incorporated place
06081608013,Bay Area,06,06081,Census Tract 6080.13,Outside named places,,0.0,37.54088,-122.2619095,tract interior point in incorporated place
06081608023,Bay Area,06,06081,Census Tract 6080.23,Outside named places,,0.0,37.5411705,-122.2710817,tract interior point in incorporated place
06081608024,Bay Area,06,06081,Census Tract 6080.24,Outside named places,,0.0,37.5499373,-122.2783395,tract interior point in incorporated place
06081608025,Bay Area,06,06081,Census Tract 6080.25,Outside named places,,0.0,37.5686738,-122.2745605,tract interior point in incorporated place
06081608100,Bay Area,06,06081,Census Tract 6081,Outside named places,,0.0,37.562035,-122.2617686,tract interior point in incorporated place
06081608200,Bay Area,06,06081,Census Tract 6082,Outside named places,,0.0,37.5684295,-122.2599908,tract interior point in incorporated place
06081608300,Bay Area,06,06081,Census Tract 6083,Outside named places,,0.0,37.5590519,-122.24891,tract interior point in incorporated place
06081608400,Bay Area,06,06081,Census Tract 6084,Outside named places,,0.0,37.5436595,-122.2787295,tract interior point in incorporated place
06081608501,Bay Area,06,06081,Census Tract 6085.01,Outside named places,,0.0,37.5373868,-122.2888778,tract interior point in incorporated place
06081608502,Bay Area,06,06081,Census Tract 6085.02,Outside named places,,0.0,37.5317393,-122.2825699,tract interior point in incorporated place
06081608600,Bay Area,06,06081,Census Tract 6086,Outside named places,,0.0,37.5263341,-122.2736047,tract interior point in incorporated place
06081608700,Bay Area,06,06081,Census Tract 6087,Outside named places,,0.0,37.5208244,-122.2883185,tract interior point in incorporated place
06081608800,Bay Area,06,06081,Census Tract 6088,Outside named places,,0.0,37.5164993,-122.3109497,tract interior point in incorporated place
06081608900,Bay Area,06,06081,Census Tract 6089,Outside named places,,0.0,37.5037533,-122.3032763,tract interior point in incorporated place
06081609000,Bay Area,06,06081,Census Tract 6090,Outside named places,,0.0,37.5133939,-122.2803174,tract interior point in incorporated place
06081609100,Bay Area,06,06081,Census Tract 6091,Outside named places,,0.0,37.5092723,-122.2562667,tract interior point in incorporated place
06081609201,Bay Area,06,06081,Census Tract 6092.01,Outside named places,,0.0,37.4991322,-122.2566652,tract interior point in incorporated place
06081609202,Bay Area,06,06081,Census Tract 6092.02,Outside named places,,0.0,37.5077834,-122.2658726,tract interior point in incorporated place
06081609300,Bay Area,06,06081,Census Tract 6093,Outside named places,,0.0,37.490783,-122.2518537,tract interior point in incorporated place
06081609400,Bay Area,06,06081,Census Tract 6094,Outside named places,,0.0,37.4946511,-122.2631297,tract interior point in incorporated place
06081609500,Bay Area,06,06081,Census Tract 6095,Outside named places,,0.0,37.5048267,-122.2774924,tract interior point in incorporated place
06081609601,Bay Area,06,06081,Census Tract 6096.01,Outside named places,,0.0,37.4953796,-122.2832578,tract interior point in incorporated place
06081609602,Bay Area,06,06081,Census Tract 6096.02,Outside named places,,0.0,37.488909,-122.2762011,tract interior point in incorporated place
06081609603,Bay Area,06,06081,Census Tract 6096.03,Outside named places,,0.0,37.481517,-122.2815962,tract interior point in incorporated place
06081609700,Bay Area,06,06081,Census Tract 6097,Redwood City,0660102,0.9,37.4677128,-122.2805671,tract interior point in incorporated place
06081609800,Bay Area,06,06081,Census Tract 6098,Outside named places,,0.0,37.4722061,-122.2530479,tract interior point in incorporated place
06081609900,Bay Area,06,06081,Census Tract 6099,Redwood City,0660102,0.9,37.4800834,-122.2479926,tract interior point in incorporated place
06081610000,Bay Area,06,06081,Census Tract 6100,Redwood City,0660102,0.9,37.4844284,-122.2412155,tract interior point in incorporated place
06081610100,Bay Area,06,06081,Census Tract 6101,Redwood City,0660102,0.9,37.4932339,-122.2387004,tract interior point in incorporated place
06081610201,Bay Area,06,06081,Census Tract 6102.01,Redwood City,0660102,0.9,37.48478,-122.2138236,tract interior point in incorporated place
06081610202,Bay Area,06,06081,Census Tract 6102.02,Redwood City,0660102,0.9,37.4894646,-122.2304327,tract interior point in incorporated place
06081610203,Bay Area,06,06081,Census Tract 6102.03,Redwood City,0660102,0.9,37.4797864,-122.2233247,tract interior point in incorporated place
06081610302,Bay Area,06,06081,Census Tract 6103.02,Redwood City,0660102,0.9,37.5289207,-122.2112234,tract interior point in incorporated place
06081610303,Bay Area,06,06081,Census Tract 6103.03,Redwood City,0660102,0.9,37.54149,-122.2386118,tract interior point in incorporated place
06081610304,Bay Area,06,06081,Census Tract 6103.04,Redwood City,0660102,0.9,37.5224782,-122.2557011,tract interior point in incorporated place
06081610400,Bay Area,06,06081,Census Tract 6104,Redwood City,0660102,0.9,37.48254,-122.1915154,tract interior point in incorporated place
06081610500,Bay Area,06,06081,Census Tract 6105,Outside named places,,0.0,37.479876,-122.2044112,tract interior point in incorporated place
06081610601,Bay Area,06,06081,Census Tract 6106.01,Outside named places,,0.0,37.4714554,-122.2091351,tract interior point in incorporated place
06081610602,Bay Area,06,06081,Census Tract 6106.02,Outside named places,,0.0,37.4745766,-122.1975375,tract interior point in incorporated place
06081610700,Bay Area,06,06081,Census Tract 6107,Redwood City,0660102,0.9,37.4699794,-122.2192352,tract interior point in incorporated place
06081610800,Bay Area,06,06081,Census Tract 6108,Redwood City,0660102,0.9,37.4701804,-122.2260217,tract interior point in incorporated place
06081610901,Bay Area,06,06081,Census Tract 6109.01,Redwood City,0660102,0.9,37.4788785,-122.2342081,tract interior point in incorporated place
06081610902,Bay Area,06,06081,Census Tract 6109.02,Redwood City,0660102,0.9,37.474582,-122.2300774,tract interior point in incorporated place
06081611000,Bay Area,06,06081,Census Tract 6110,Redwood City,0660102,0.9,37.4663593,-122.2336412,tract interior point in incorporated place
06081611100,Bay Area,06,06081,Census Tract 6111,Redwood City,0660102,0.9,37.4580008,-122.2524753,tract interior point in incorporated place
06081611200,Bay Area,06,06081,Census Tract 6112,Redwood City,0660102,0.9,37.4564914,-122.2345971,tract interior point in incorporated place
06081611300,Bay Area,06,06081,Census Tract 6113,Outside named places,,0.0,37.451725,-122.2251406,tract interior point in incorporated place
06081611400,Bay Area,06,06081,Census Tract 6114,Outside named places,,0.0,37.4458195,-122.2151885,tract interior point in incorporated place
06081611500,Bay Area,06,06081,Census Tract 6115,Outside named places,,0.0,37.4675561,-122.1850155,tract interior point in incorporated place
06081611600,Bay Area,06,06081,Census Tract 6116,Menlo Park,0646870,0.9,37.4748009,-122.1706968,tract interior point in incorporated place
06081611700,Bay Area,06,06081,Census Tract 6117,Menlo Park,0646870,0.9,37.4943019,-122.1502245,tract interior point in incorporated place
06081611800,Bay Area,06,06081,Census Tract 6118,Outside named places,,0.0,37.4769001,-122.1320637,tract interior point in incorporated place
06081611901,Bay Area,06,06081,Census Tract 6119.01,Outside named places,,0.0,37.4653691,-122.1352134,tract interior point in incorporated place
06081611902,Bay Area,06,06081,Census Tract 6119.02,Outside named places,,0.0,37.4673964,-122.1248407,tract interior point in incorporated place
06081612001,Bay Area,06,06081,Census Tract 6120.01,Outside named places,,0.0,37.4698593,-122.150592,tract interior point in incorporated place
06081612002,Bay Area,06,06081,Census Tract 6120.02,Outside named places,,0.0,37.4665634,-122.1427825,tract interior point in incorporated place
06081612101,Bay Area,06,06081,Census Tract 6121.01,Menlo Park,0646870,0.9,37.4605444,-122.1476465,tract interior point in incorporated place
06081612102,Bay Area,06,06081,Census Tract 6121.02,Outside named places,,0.0,37.4560668,-122.136319,tract interior point in incorporated place
06081612500,Bay Area,06,06081,Census Tract 6125,Menlo Park,0646870,0.9,37.4557091,-122.177839,tract interior point in incorporated place
06081612600,Bay Area,06,06081,Census Tract 6126,Menlo Park,0646870,0.9,37.4492142,-122.181719,tract interior point in incorporated place
06081612700,Bay Area,06,06081,Census Tract 6127,Menlo Park,0646870,0.9,37.4439637,-122.1886855,tract interior point in incorporated place
06081612800,Bay Area,06,06081,Census Tract 6128,Menlo Park,0646870,0.9,37.4364465,-122.1923294,tract interior point in incorporated place
06081612900,Bay Area,06,06081,Census Tract 6129,Outside named places,,0.0,37.4321826,-122.2034339,tract interior point in incorporated place
06081613000,Bay Area,06,06081,Census Tract 6130,Menlo Park,0646870,0.9,37.4229973,-122.2028024,tract interior point in incorporated place
06081613200,Bay Area,06,06081,Census Tract 6132,Outside named places,,0.0,37.3746166,-122.2171166,tract interior point in incorporated place
06081613300,Bay Area,06,06081,Census Tract 6133,Outside named places,,0.0,37.4406517,-122.2489966,tract interior point in incorporated place
06081613400,Bay Area,06,06081,Census Tract 6134,Outside named places,,0.0,37.4229582,-122.2859491,tract interior point in incorporated place
06081613501,Bay Area,06,06081,Census Tract 6135.01,Outside named places,,0.0,37.5392855,-122.4240902,tract interior point in incorporated place
06081613502,Bay Area,06,06081,Census Tract 6135.02,Outside named places,,0.0,37.5208742,-122.4708427,tract interior point in incorporated place
06081613600,Bay Area,06,06081,Census Tract 6136,Outside named places,,0.0,37.5526431,-122.4960393,tract interior point in incorporated place
06081613701,Bay Area,06,06081,Census Tract 6137.01,Outside named places,,0.0,37.4455157,-122.4377577,tract interior point in incorporated place
06081613702,Bay Area,06,06081,Census Tract 6137.02,Outside named places,,0.0,37.4437305,-122.3724159,tract interior point in incorporated place
06081613800,Bay Area,06,06081,Census Tract 6138,Outside named places,,0.0,37.2827241,-122.3443974,tract interior point in incorporated place
06081613900,Bay Area,06,06081,Census Tract 6139,Menlo Park,0646870,0.9,37.4623895,-122.161986,tract interior point in incorporated place
06081614000,Bay Area,06,06081,Census Tract 6140,Outside named places,,0.0,37.6276315,-122.4598112,tract interior point in incorporated place
06081984300,Bay Area,06,06081,Census Tract 9843,Outside named places,,0.0,37.6203823,-122.3769119,tract interior point in incorporated place
06081990100,Bay Area,06,06081,Census Tract 9901,Outside named places,,0.0,37.6266098,-122.5248394,tract interior point in incorporated place
06085500100,Bay Area,06,06085,Census Tract 5001,San Jose,0668000,0.7,37.3584847,-121.8927601,tract interior point in incorporated place
06085500200,Bay Area,06,06085,Census Tract 5002,San Jose,0668000,0.7,37.3499085,-121.9021695,tract interior point in incorporated place
06085500300,Bay Area,06,06085,Census Tract 5003,San Jose,0668000,0.7,37.3395959,-121.9080736,tract interior point in incorporated place
06085500400,Bay Area,06,06085,Census Tract 5004,San Jose,0668000,0.7,37.3401522,-121.9220248,tract interior point in incorporated place
06085500500,Bay Area,06,06085,Census Tract 5005,San Jose,0668000,0.7,37.3299565,-121.9278951,tract interior point in incorporated place
06085500600,Bay Area,06,06085,Census Tract 5006,San Jose,0668000,0.7,37.3334224,-121.9145625,tract interior point in incorporated place
06085500800,Bay Area,06,06085,Census Tract 5008,San Jose,0668000,0.7,37.3306153,-121.8955567,tract interior point in incorporated place
06085500901,Bay Area,06,06085,Census Tract 5009.01,San Jose,0668000,0.7,37.3351801,-121.8840965,tract interior point in incorporated place
06085500902,Bay Area,06,06085,Census Tract 5009.02,San Jose,0668000,0.7,37.333015,-121.8796398,tract interior point in incorporated place
06085501000,Bay Area,06,06085,Census Tract 5010,San Jose,0668000,0.7,37.3416421,-121.8880715,tract interior point in incorporated place
06085501101,Bay Area,06,06085,Census Tract 5011.01,San Jose,0668000,0.7,37.3480957,-121.8919669,tract interior point in incorporated place
06085501102,Bay Area,06,06085,Census Tract 5011.02,San Jose,0668000,0.7,37.3540383,-121.8812234,tract interior point in incorporated place
06085501200,Bay Area,06,06085,Census Tract 5012,San Jose,0668000,0.7,37.3465601,-121.8787471,tract interior point in incorporated place
06085501300,Bay Area,06,06085,Census Tract 5013,San Jose,0668000,0.7,37.3387146,-121.8745424,tract interior point in incorporated place
06085501401,Bay Area,06,06085,Census Tract 5014.01,San Jose,0668000,0.7,37.3514873,-121.8697601,tract interior point in incorporated place
06085501402,Bay Area,06,06085,Census Tract 5014.02,San Jose,0668000,0.7,37.3453341,-121.8665169,tract interior point in incorporated place
06085501501,Bay Area,06,06085,Census Tract 5015.01,San Jose,0668000,0.7,37.3416169,-121.8583144,tract interior point in incorporated place
06085501502,Bay Area,06,06085,Census Tract 5015.02,San Jose,0668000,0.7,37.3374972,-121.8644026,tract interior point in incorporated place
06085501601,Bay Area,06,06085,Census Tract 5016.01,San Jose,0668000,0.7,37.333456,-121.8709378,tract interior point in incorporated place
06085501602,Bay Area,06,06085,Census Tract 5016.02,San Jose,0668000,0.7,37.3293246,-121.8781864,tract interior point in incorporated place
06085501700,Bay Area,06,06085,Census Tract 5017,San Jose,0668000,0.7,37.3231579,-121.8864264,tract interior point in incorporated place
06085501800,Bay Area,06,06085,Census Tract 5018,San Jose,0668000,0.7,37.3163695,-121.8965524,tract interior point in incorporated place
06085501901,Bay Area,06,06085,Census Tract 5019.01,San Jose,0668000,0.7,37.3236809,-121.9078195,tract interior point in incorporated place
06085501902,Bay Area,06,06085,Census Tract 5019.02,San Jose,0668000,0.7,37.3162127,-121.9087833,tract interior point in incorporated place
06085502001,Bay Area,06,06085,Census Tract 5020.01,San Jose,0668000,0.7,37.3224577,-121.9330738,tract interior point in incorporated place
06085502002,Bay Area,06,06085,Census Tract 5020.02,San Jose,0668000,0.7,37.319403,-121.9209269,tract interior point in incorporated place
06085502101,Bay Area,06,06085,Census Tract 5021.01,San Jose,0668000,0.7,37.3059451,-121.9360263,tract interior point in incorporated place
06085502103,Bay Area,06,06085,Census Tract 5021.03,San Jose,0668000,0.7,37.31332,-121.92366,tract interior point in incorporated place
06085502104,Bay Area,06,06085,Census Tract 5021.04,San Jose,0668000,0.7,37.3061059,-121.9278721,tract interior point in incorporated place
06085502202,Bay Area,06,06085,Census Tract 5022.02,San Jose,0668000,0.7,37.2980468,-121.9205873,tract interior point in incorporated place
06085502203,Bay Area,06,06085,Census Tract 5022.03,San Jose,0668000,0.7,37.3063756,-121.9180681,tract interior point in incorporated place
06085502204,Bay Area,06,06085,Census Tract 5022.04,San Jose,0668000,0.7,37.3013832,-121.9258424,tract interior point in incorporated place
06085502301,Bay Area,06,06085,Census Tract 5023.01,San Jose,0668000,0.7,37.3010965,-121.9070616,tract interior point in incorporated place
06085502302,Bay Area,06,06085,Census Tract 5023.02,San Jose,0668000,0.7,37.3083189,-121.908379,tract interior point in incorporated place
06085502400,Bay Area,06,06085,Census Tract 5024,San Jose,0668000,0.7,37.3046948,-121.8926106,tract interior point in incorporated place
06085502500,Bay Area,06,06085,Census Tract 5025,San Jose,0668000,0.7,37.2931927,-121.8928401,tract interior point in incorporated place
06085502601,Bay Area,06,06085,Census Tract 5026.01,San Jose,0668000,0.7,37.2902315,-121.914692,tract interior point in incorporated place
06085502603,Bay Area,06,06085,Census Tract 5026.03,Outside named places,,0.0,37.2876026,-121.9272392,tract interior point in incorporated place
06085502604,Bay Area,06,06085,Census Tract 5026.04,Outside named places,,0.0,37.2838102,-121.9372335,tract interior point in incorporated place
06085502701,Bay Area,06,06085,Census Tract 5027.01,San Jose,0668000,0.7,37.2711908,-121.9382471,tract interior point in incorporated place
06085502703,Bay Area,06,06085,Census Tract 5027.03,Outside named places,,0.0,37.261793,-121.945591,tract interior point in incorporated place
06085502704,Bay Area,06,06085,Census Tract 5027.04,San Jose,0668000,0.7,37.2550203,-121.9400151,tract interior point in incorporated place
06085502800,Bay Area,06,06085,Census Tract 5028,San Jose,0668000,0.7,37.255728,-121.9230305,tract interior point in incorporated place
06085502901,Bay Area,06,06085,Census Tract 5029.01,San Jose,0668000,0.7,37.2713891,-121.9270197,tract interior point in incorporated place
06085502902,Bay Area,06,06085,Census Tract 5029.02,San Jose,0668000,0.7,37.273586,-121.9156579,tract interior point in incorporated place
06085502903,Bay Area,06,06085,Census Tract 5029.03,San Jose,0668000,0.7,37.2779339,-121.9050522,tract interior point in incorporated place
06085502906,Bay Area,06,06085,Census Tract 5029.06,San Jose,0668000,0.7,37.2478128,-121.9014134,tract interior point in incorporated place
06085502907,Bay Area,06,06085,Census Tract 5029.07,San Jose,0668000,0.7,37.2633246,-121.8972821,tract interior point in incorporated place
06085502908,Bay Area,06,06085,Census Tract 5029.08,San Jose,0668000,0.7,37.2593227,-121.9087021,tract interior point in incorporated place
06085502909,Bay Area,06,06085,Census Tract 5029.09,San Jose,0668000,0.7,37.2565056,-121.8874578,tract interior point in incorporated place
06085502910,Bay Area,06,06085,Census Tract 5029.10,San Jose,0668000,0.7,37.2514817,-121.8840433,tract interior point in incorporated place
06085503001,Bay Area,06,06085,Census Tract 5030.01,San Jose,0668000,0.7,37.2840433,-121.8919507,tract interior point in incorporated place
06085503002,Bay Area,06,06085,Census Tract 5030.02,San Jose,0668000,0.7,37.276823,-121.8872996,tract interior point in incorporated place
06085503003,Bay Area,06,06085,Census Tract 5030.03,San Jose,0668000,0.7,37.2674809,-121.8850395,tract interior point in incorporated place
06085503105,Bay Area,06,06085,Census Tract 5031.05,San Jose,0668000,0.7,37.3261978,-121.8587581,tract interior point in incorporated place
06085503110,Bay Area,06,06085,Census Tract 5031.10,San Jose,0668000,0.7,37.3330764,-121.8498294,tract interior point in incorporated place
06085503111,Bay Area,06,06085,Census Tract 5031.11,San Jose,0668000,0.7,37.3225494,-121.839789,tract interior point in incorporated place
06085503112,Bay Area,06,06085,Census Tract 5031.12,San Jose,0668000,0.7,37.3223269,-121.8710045,tract interior point in incorporated place
06085503113,Bay Area,06,06085,Census Tract 5031.13,San Jose,0668000,0.7,37.3156874,-121.8809726,tract interior point in incorporated place
06085503116,Bay Area,06,06085,Census Tract 5031.16,San Jose,0668000,0.7,37.2774484,-121.853732,tract interior point in incorporated place
06085503117,Bay Area,06,06085,Census Tract 5031.17,San Jose,0668000,0.7,37.3274052,-121.8516044,tract interior point in incorporated place
06085503118,Bay Area,06,06085,Census Tract 5031.18,San Jose,0668000,0.7,37.3186929,-121.8429993,tract interior point in incorporated place
06085503121,Bay Area,06,06085,Census Tract 5031.21,San Jose,0668000,0.7,37.3061873,-121.8725034,tract interior point in incorporated place
06085503122,Bay Area,06,06085,Census Tract 5031.22,San Jose,0668000,0.7,37.3124908,-121.8569324,tract interior point in incorporated place
06085503123,Bay Area,06,06085,Census Tract 5031.23,San Jose,0668000,0.7,37.29773,-121.8778357,tract interior point in incorporated place
06085503124,Bay Area,06,06085,Census Tract 5031.24,San Jose,0668000,0.7,37.2836065,-121.8718216,tract interior point in incorporated place
06085503125,Bay Area,06,06085,Census Tract 5031.25,San Jose,0668000,0.7,37.2832604,-121.8775331,tract interior point in incorporated place
06085503126,Bay Area,06,06085,Census Tract 5031.26,San Jose,0668000,0.7,37.2953016,-121.8591564,tract interior point in incorporated place
06085503127,Bay Area,06,06085,Census Tract 5031.27,San Jose,0668000,0.7,37.2858514,-121.8568775,tract interior point in incorporated place
06085503207,Bay Area,06,06085,Census Tract 5032.07,San Jose,0668000,0.7,37.2944788,-121.8154729,tract interior point in incorporated place
06085503208,Bay Area,06,06085,Census Tract 5032.08,San Jose,0668000,0.7,37.2807411,-121.8160936,tract interior point in incorporated place
06085503210,Bay Area,06,06085,Census Tract 5032.10,San Jose,0668000,0.7,37.2904505,-121.822862,tract interior point in incorporated place
06085503211,Bay Area,06,06085,Census Tract 5032.11,San Jose,0668000,0.7,37.3118086,-121.8324347,tract interior point in incorporated place
06085503212,Bay Area,06,06085,Census Tract 5032.12,San Jose,0668000,0.7,37.3046221,-121.8289144,tract interior point in incorporated place
06085503213,Bay Area,06,06085,Census Tract 5032.13,San Jose,0668000,0.7,37.3016723,-121.8373674,tract interior point in incorporated place
06085503217,Bay Area,06,06085,Census Tract 5032.17,San Jose,0668000,0.7,37.2867501,-121.8303183,tract interior point in incorporated place
06085503218,Bay Area,06,06085,Census Tract 5032.18,San Jose,0668000,0.7,37.2804873,-121.8299569,tract interior point in incorporated place
06085503219,Bay Area,06,06085,Census Tract 5032.19,San Jose,0668000,0.7,37.292524,-121.8417606,tract interior point in incorporated place
06085503220,Bay Area,06,06085,Census Tract 5032.20,San Jose,0668000,0.7,37.2873934,-121.8380451,tract interior point in incorporated place
06085503221,Bay Area,06,06085,Census Tract 5032.21,Outside named places,,0.0,37.3012945,-121.8501153,tract interior point in incorporated place
06085503222,Bay Area,06,06085,Census Tract 5032.22,San Jose,0668000,0.7,37.2961288,-121.8451132,tract interior point in incorporated place
06085503304,Bay Area,06,06085,Census Tract 5033.04,San Jose,0668000,0.7,37.3126099,-121.8212218,tract interior point in incorporated place
06085503305,Bay Area,06,06085,Census Tract 5033.05,San Jose,0668000,0.7,37.3198735,-121.8146799,tract interior point in incorporated place
06085503306,Bay Area,06,06085,Census Tract 5033.06,San Jose,0668000,0.7,37.3314079,-121.8221358,tract interior point in incorporated place
06085503312,Bay Area,06,06085,Census Tract 5033.12,Outside named places,,0.0,37.3488536,-121.762946,tract interior point in incorporated place
06085503313,Bay Area,06,06085,Census Tract 5033.13,San Jose,0668000,0.7,37.3312838,-121.7764695,tract interior point in incorporated place
06085503315,Bay Area,06,06085,Census Tract 5033.15,San Jose,0668000,0.7,37.3184032,-121.8013312,tract interior point in incorporated place
06085503321,Bay Area,06,06085,Census Tract 5033.21,San Jose,0668000,0.7,37.3320024,-121.8050953,tract interior point in incorporated place
06085503322,Bay Area,06,06085,Census Tract 5033.22,San Jose,0668000,0.7,37.3413457,-121.7977324,tract interior point in incorporated place
06085503323,Bay Area,06,06085,Census Tract 5033.23,San Jose,0668000,0.7,37.3336993,-121.7916431,tract interior point in incorporated place
06085503324,Bay Area,06,06085,Census Tract 5033.24,San Jose,0668000,0.7,37.3276407,-121.7892747,tract interior point in incorporated place
06085503325,Bay Area,06,06085,Census Tract 5033.25,San Jose,0668000,0.7,37.3206767,-121.7888418,tract interior point in incorporated place
06085503326,Bay Area,06,06085,Census Tract 5033.26,San Jose,0668000,0.7,37.3249229,-121.764157,tract interior point in incorporated place
06085503327,Bay Area,06,06085,Census Tract 5033.27,San Jose,0668000,0.7,37.308027,-121.7887155,tract interior point in incorporated place
06085503329,Bay Area,06,06085,Census Tract 5033.29,San Jose,0668000,0.7,37.3115146,-121.7792789,tract interior point in incorporated place
06085503330,Bay Area,06,06085,Census Tract 5033.30,Outside named places,,0.0,37.3089937,-121.7397926,tract interior point in incorporated place
06085503331,Bay Area,06,06085,Census Tract 5033.31,San Jose,0668000,0.7,37.2948911,-121.7588008,tract interior point in incorporated place
06085503332,Bay Area,06,06085,Census Tract 5033.32,Outside named places,,0.0,37.281521,-121.7383531,tract interior point in incorporated place
06085503333,Bay Area,06,06085,Census Tract 5033.33,San Jose,0668000,0.7,37.301126,-121.7886395,tract interior point in incorporated place
06085503336,Bay Area,06,06085,Census Tract 5033.36,San Jose,0668000,0.7,37.3067498,-121.8043765,tract interior point in incorporated place
06085503337,Bay Area,06,06085,Census Tract 5033.37,San Jose,0668000,0.7,37.3010098,-121.8099934,tract interior point in incorporated place
06085503338,Bay Area,06,06085,Census Tract 5033.38,San Jose,0668000,0.7,37.2767906,-121.7696638,tract interior point in incorporated place
06085503339,Bay Area,06,06085,Census Tract 5033.39,San Jose,0668000,0.7,37.2849697,-121.7667846,tract interior point in incorporated place
06085503401,Bay Area,06,06085,Census Tract 5034.01,San Jose,0668000,0.7,37.3330729,-121.840794,tract interior point in incorporated place
06085503402,Bay Area,06,06085,Census Tract 5034.02,San Jose,0668000,0.7,37.3242017,-121.8329376,tract interior point in incorporated place
06085503504,Bay Area,06,06085,Census Tract 5035.04,San Jose,0668000,0.7,37.3358272,-121.8341637,tract interior point in incorporated place
06085503506,Bay Area,06,06085,Census Tract 5035.06,San Jose,0668000,0.7,37.3436482,-121.8272382,tract interior point in incorporated place
06085503507,Bay Area,06,06085,Census Tract 5035.07,San Jose,0668000,0.7,37.340185,-121.8319402,tract interior point in incorporated place
06085503508,Bay Area,06,06085,Census Tract 5035.08,San Jose,0668000,0.7,37.3545123,-121.81141,tract interior point in incorporated place
06085503509,Bay Area,06,06085,Census Tract 5035.09,San Jose,0668000,0.7,37.3487217,-121.801472,tract interior point in incorporated place
06085503510,Bay Area,06,06085,Census Tract 5035.10,San Jose,0668000,0.7,37.3494389,-121.8196391,tract interior point in incorporated place
06085503511,Bay Area,06,06085,Census Tract 5035.11,San Jose,0668000,0.7,37.3426023,-121.8140638,tract interior point in incorporated place
06085503601,Bay Area,06,06085,Census Tract 5036.01,San Jose,0668000,0.7,37.3583268,-121.8661802,tract interior point in incorporated place
06085503602,Bay Area,06,06085,Census Tract 5036.02,San Jose,0668000,0.7,37.344543,-121.8523293,tract interior point in incorporated place
06085503703,Bay Area,06,06085,Census Tract 5037.03,San Jose,0668000,0.7,37.3456372,-121.8393992,tract interior point in incorporated place
06085503707,Bay Area,06,06085,Census Tract 5037.07,San Jose,0668000,0.7,37.3578973,-121.8538129,tract interior point in incorporated place
06085503708,Bay Area,06,06085,Census Tract 5037.08,San Jose,0668000,0.7,37.3694488,-121.8546251,tract interior point in incorporated place
06085503709,Bay Area,06,06085,Census Tract 5037.09,San Jose,0668000,0.7,37.3645486,-121.8620422,tract interior point in incorporated place
06085503710,Bay Area,06,06085,Census Tract 5037.10,San Jose,0668000,0.7,37.3547002,-121.8469654,tract interior point in incorporated place
06085503711,Bay Area,06,06085,Census Tract 5037.11,San Jose,0668000,0.7,37.3498677,-121.8443656,tract interior point in incorporated place
06085503712,Bay Area,06,06085,Census Tract 5037.12,San Jose,0668000,0.7,37.3622865,-121.8466432,tract interior point in incorporated place
06085503713,Bay Area,06,06085,Census Tract 5037.13,San Jose,0668000,0.7,37.3647252,-121.841006,tract interior point in incorporated place
06085503802,Bay Area,06,06085,Census Tract 5038.02,San Jose,0668000,0.7,37.3842879,-121.8355147,tract interior point in incorporated place
06085503803,Bay Area,06,06085,Census Tract 5038.03,San Jose,0668000,0.7,37.3835982,-121.8497624,tract interior point in incorporated place
06085503804,Bay Area,06,06085,Census Tract 5038.04,San Jose,0668000,0.7,37.3759232,-121.8448761,tract interior point in incorporated place
06085503902,Bay Area,06,06085,Census Tract 5039.02,Outside named places,,0.0,37.3735315,-121.8283204,tract interior point in incorporated place
06085503903,Bay Area,06,06085,Census Tract 5039.03,San Jose,0668000,0.7,37.3684579,-121.8355428,tract interior point in incorporated place
06085504001,Bay Area,06,06085,Census Tract 5040.01,San Jose,0668000,0.7,37.358625,-121.8272151,tract interior point in incorporated place
06085504002,Bay Area,06,06085,Census Tract 5040.02,San Jose,0668000,0.7,37.3546753,-121.8340275,tract interior point in incorporated place
06085504101,Bay Area,06,06085,Census Tract 5041.01,Outside named places,,0.0,37.3693439,-121.8203724,tract interior point in incorporated place
06085504102,Bay Area,06,06085,Census Tract 5041.02,Outside named places,,0.0,37.3640803,-121.8149359,tract interior point in incorporated place
06085504201,Bay Area,06,06085,Census Tract 5042.01,Outside named places,,0.0,37.3845968,-121.8211354,tract interior point in incorporated place
06085504202,Bay Area,06,06085,Census Tract 5042.02,Outside named places,,0.0,37.3764599,-121.7923207,tract interior point in incorporated place
06085504307,Bay Area,06,06085,Census Tract 5043.07,San Jose,0668000,0.7,37.3907632,-121.8525385,tract interior point in incorporated place
06085504308,Bay Area,06,06085,Census Tract 5043.08,Outside named places,,0.0,37.4093718,-121.8131628,tract interior point in incorporated place
06085504311,Bay Area,06,06085,Census Tract 5043.11,San Jose,0668000,0.7,37.3775246,-121.8845878,tract interior point in incorporated place
06085504314,Bay Area,06,06085,Census Tract 5043.14,San Jose,0668000,0.7,37.4018243,-121.8548256,tract interior point in incorporated place
06085504315,Bay Area,06,06085,Census Tract 5043.15,San Jose,0668000,0.7,37.4093269,-121.8596884,tract interior point in incorporated place
06085504316,Bay Area,06,06085,Census Tract 5043.16,San Jose,0668000,0.7,37.3869267,-121.8708177,tract interior point in incorporated place
06085504317,Bay Area,06,06085,Census Tract 5043.17,San Jose,0668000,0.7,37.3828815,-121.8767483,tract interior point in incorporated place
06085504318,Bay Area,06,06085,Census Tract 5043.18,San Jose,0668000,0.7,37.37683,-121.8956853,tract interior point in incorporated place
06085504319,Bay Area,06,06085,Census Tract 5043.19,San Jose,0668000,0.7,37.3737018,-121.8672416,tract interior point in incorporated place
06085504320,Bay Area,06,06085,Census Tract 5043.20,San Jose,0668000,0.7,37.402805,-121.8713866,tract interior point in incorporated place
06085504321,Bay Area,06,06085,Census Tract 5043.21,San Jose,0668000,0.7,37.3931319,-121.8651427,tract interior point in incorporated place
06085504322,Bay Area,06,06085,Census Tract 5043.22,San Jose,0668000,0.7,37.3943438,-121.8929699,tract interior point in incorporated place
06085504323,Bay Area,06,06085,Census Tract 5043.23,San Jose,0668000,0.7,37.3988343,-121.8810513,tract interior point in incorporated place
06085504410,Bay Area,06,06085,Census Tract 5044.10,San Jose,0668000,0.7,37.4093719,-121.8788884,tract interior point in incorporated place
06085504411,Bay Area,06,06085,Census Tract 5044.11,San Jose,0668000,0.7,37.4160962,-121.8648388,tract interior point in incorporated place
06085504412,Bay Area,06,06085,Census Tract 5044.12,Outside named places,,0.0,37.4394547,-121.8817696,tract interior point in incorporated place
06085504413,Bay Area,06,06085,Census Tract 5044.13,Outside named places,,0.0,37.4373395,-121.9046561,tract interior point in incorporated place
06085504414,Bay Area,06,06085,Census Tract 5044.14,Outside named places,,0.0,37.4404253,-121.8966446,tract interior point in incorporated place
06085504415,Bay Area,06,06085,Census Tract 5044.15,Outside named places,,0.0,37.4260378,-121.8694198,tract interior point in incorporated place
06085504416,Bay Area,06,06085,Census Tract 5044.16,Outside named places,,0.0,37.4207097,-121.8760864,tract interior point in incorporated place
06085504418,Bay Area,06,06085,Census Tract 5044.18,Outside named places,,0.0,37.4320219,-121.8806285,tract interior point in incorporated place
06085504421,Bay Area,06,06085,Census Tract 5044.21,Outside named places,,0.0,37.4514096,-121.9009356,tract interior point in incorporated place
06085504422,Bay Area,06,06085,Census Tract 5044.22,Outside named places,,0.0,37.4585779,-121.9069469,tract interior point in incorporated place
06085504423,Bay Area,06,06085,Census Tract 5044.23,Outside named places,,0.0,37.4335965,-121.8706784,tract interior point in incorporated place
06085504424,Bay Area,06,06085,Census Tract 5044.24,Outside named places,,0.0,37.4524963,-121.8635532,tract interior point in incorporated place
06085504505,Bay Area,06,06085,Census Tract 5045.05,Outside named places,,0.0,37.4089281,-121.9019886,tract interior point in incorporated place
06085504506,Bay Area,06,06085,Census Tract 5045.06,Outside named places,,0.0,37.4503166,-121.9162075,tract interior point in incorporated place
06085504507,Bay Area,06,06085,Census Tract 5045.07,Outside named places,,0.0,37.4358428,-121.9128553,tract interior point in incorporated place
06085504508,Bay Area,06,06085,Census Tract 5045.08,Outside named places,,0.0,37.4216684,-121.9105196,tract interior point in incorporated place
06085504509,Bay Area,06,06085,Census Tract 5045.09,Outside named places,,0.0,37.4219626,-121.8902998,tract interior point in incorporated place
06085504510,Bay Area,06,06085,Census Tract 5045.10,Outside named places,,0.0,37.4209203,-121.9012805,tract interior point in incorporated place
06085504601,Bay Area,06,06085,Census Tract 5046.01,Outside named places,,0.0,37.4428194,-122.0860254,tract interior point in incorporated place
06085504602,Bay Area,06,06085,Census Tract 5046.02,San Jose,0668000,0.7,37.4496561,-121.9940084,tract interior point in incorporated place
06085504700,Bay Area,06,06085,Census Tract 5047,Outside named places,,0.0,37.41628,-122.050474,tract interior point in incorporated place
06085504802,Bay Area,06,06085,Census Tract 5048.02,Sunnyvale,0677000,1.0,37.4003903,-121.9911751,tract interior point in incorporated place
06085504805,Bay Area,06,06085,Census Tract 5048.05,Sunnyvale,0677000,1.0,37.4031701,-122.0033067,tract interior point in incorporated place
06085504806,Bay Area,06,06085,Census Tract 5048.06,Sunnyvale,0677000,1.0,37.3959386,-122.0017169,tract interior point in incorporated place
06085504807,Bay Area,06,06085,Census Tract 5048.07,Sunnyvale,0677000,1.0,37.40117,-122.0157372,tract interior point in incorporated place
06085504808,Bay Area,06,06085,Census Tract 5048.08,Sunnyvale,0677000,1.0,37.4010219,-122.02654,tract interior point in incorporated place
06085504902,Bay Area,06,06085,Census Tract 5049.02,Santa Clara,0669084,0.7,37.39557,-121.9540658,tract interior point in incorporated place
06085504903,Bay Area,06,06085,Census Tract 5049.03,Santa Clara,0669084,0.7,37.3973289,-121.9464072,tract interior point in incorporated place
06085505006,Bay Area,06,06085,Census Tract 5050.06,San Jose,0668000,0.7,37.3935811,-121.9211348,tract interior point in incorporated place
06085505007,Bay Area,06,06085,Census Tract 5050.07,Santa Clara,0669084,0.7,37.3851644,-121.948078,tract interior point in incorporated place
06085505010,Bay Area,06,06085,Census Tract 5050.10,Santa Clara,0669084,0.7,37.3997722,-121.9732048,tract interior point in incorporated place
06085505011,Bay Area,06,06085,Census Tract 5050.11,Santa Clara,0669084,0.7,37.403787,-121.9576916,tract interior point in incorporated place
06085505012,Bay Area,06,06085,Census Tract 5050.12,San Jose,0668000,0.7,37.4043634,-121.946572,tract interior point in incorporated place
06085505013,Bay Area,06,06085,Census Tract 5050.13,San Jose,0668000,0.7,37.4073881,-121.9391312,tract interior point in incorporated place
06085505014,Bay Area,06,06085,Census Tract 5050.14,San Jose,0668000,0.7,37.4137859,-121.9573026,tract interior point in incorporated place
06085505015,Bay Area,06,06085,Census Tract 5050.15,San Jose,0668000,0.7,37.4161406,-121.9408683,tract interior point in incorporated place
06085505100,Bay Area,06,06085,Census Tract 5051,San Jose,0668000,0.7,37.362814,-121.9239928,tract interior point in incorporated place
06085505202,Bay Area,06,06085,Census Tract 5052.02,Santa Clara,0669084,0.7,37.3702943,-121.9606672,tract interior point in incorporated place
06085505203,Bay Area,06,06085,Census Tract 5052.03,Santa Clara,0669084,0.7,37.3467177,-121.9327888,tract interior point in incorporated place
06085505301,Bay Area,06,06085,Census Tract 5053.01,Santa Clara,0669084,0.7,37.3678315,-121.9845986,tract interior point in incorporated place
06085505302,Bay Area,06,06085,Census Tract 5053.02,Santa Clara,0669084,0.7,37.3606844,-121.9724091,tract interior point in incorporated place
06085505303,Bay Area,06,06085,Census Tract 5053.03,Santa Clara,0669084,0.7,37.3583023,-121.9639619,tract interior point in incorporated place
06085505304,Bay Area,06,06085,Census Tract 5053.04,Santa Clara,0669084,0.7,37.3596272,-121.98154,tract interior point in incorporated place
06085505305,Bay Area,06,06085,Census Tract 5053.05,Santa Clara,0669084,0.7,37.3590161,-121.990586,tract interior point in incorporated place
06085505401,Bay Area,06,06085,Census Tract 5054.01,Santa Clara,0669084,0.7,37.3490022,-121.9872253,tract interior point in incorporated place
06085505402,Bay Area,06,06085,Census Tract 5054.02,Santa Clara,0669084,0.7,37.3461125,-121.9734997,tract interior point in incorporated place
06085505403,Bay Area,06,06085,Census Tract 5054.03,Santa Clara,0669084,0.7,37.3418351,-121.9862214,tract interior point in incorporated place
06085505500,Bay Area,06,06085,Census Tract 5055,Santa Clara,0669084,0.7,37.3471628,-121.9621405,tract interior point in incorporated place
06085505600,Bay Area,06,06085,Census Tract 5056,Santa Clara,0669084,0.7,37.3512545,-121.9455635,tract interior point in incorporated place
06085505700,Bay Area,06,06085,Census Tract 5057,Santa Clara,0669084,0.7,37.3430271,-121.9443826,tract interior point in incorporated place
06085505800,Bay Area,06,06085,Census Tract 5058,San Jose,0668000,0.7,37.3315973,-121.9439802,tract interior point in incorporated place
06085505901,Bay Area,06,06085,Census Tract 5059.01,Santa Clara,0669084,0.7,37.3273218,-121.9595385,tract interior point in incorporated place
06085505902,Bay Area,06,06085,Census Tract 5059.02,Santa Clara,0669084,0.7,37.3344951,-121.9536944,tract interior point in incorporated place
06085506000,Bay Area,06,06085,Census Tract 5060,Santa Clara,0669084,0.7,37.3379084,-121.9621875,tract interior point in incorporated place
06085506101,Bay Area,06,06085,Census Tract 5061.01,Santa Clara,0669084,0.7,37.3341512,-121.9845409,tract interior point in incorporated place
06085506102,Bay Area,06,06085,Census Tract 5061.02,Santa Clara,0669084,0.7,37.3314674,-121.9714325,tract interior point in incorporated place
06085506103,Bay Area,06,06085,Census Tract 5061.03,Santa Clara,0669084,0.7,37.3268094,-121.9858298,tract interior point in incorporated place
06085506202,Bay Area,06,06085,Census Tract 5062.02,San Jose,0668000,0.7,37.3011233,-121.9904291,tract interior point in incorporated place
06085506203,Bay Area,06,06085,Census Tract 5062.03,San Jose,0668000,0.7,37.3206524,-121.98293,tract interior point in incorporated place
06085506204,Bay Area,06,06085,Census Tract 5062.04,San Jose,0668000,0.7,37.3135949,-121.9863813,tract interior point in incorporated place
06085506301,Bay Area,06,06085,Census Tract 5063.01,San Jose,0668000,0.7,37.3196554,-121.9615175,tract interior point in incorporated place
06085506302,Bay Area,06,06085,Census Tract 5063.02,San Jose,0668000,0.7,37.3088699,-121.956866,tract interior point in incorporated place
06085506304,Bay Area,06,06085,Census Tract 5063.04,San Jose,0668000,0.7,37.3122608,-121.9703576,tract interior point in incorporated place
06085506305,Bay Area,06,06085,Census Tract 5063.05,San Jose,0668000,0.7,37.3045277,-121.9716433,tract interior point in incorporated place
06085506401,Bay Area,06,06085,Census Tract 5064.01,San Jose,0668000,0.7,37.3163691,-121.9452259,tract interior point in incorporated place
06085506402,Bay Area,06,06085,Census Tract 5064.02,Outside named places,,0.0,37.3016601,-121.9450528,tract interior point in incorporated place
06085506502,Bay Area,06,06085,Census Tract 5065.02,Outside named places,,0.0,37.2793321,-121.9460936,tract interior point in incorporated place
06085506503,Bay Area,06,06085,Census Tract 5065.03,Outside named places,,0.0,37.2857451,-121.9547473,tract interior point in incorporated place
06085506504,Bay Area,06,06085,Census Tract 5065.04,San Jose,0668000,0.7,37.2992039,-121.9521951,tract interior point in incorporated place
06085506505,Bay Area,06,06085,Census Tract 5065.05,San Jose,0668000,0.7,37.2977336,-121.957282,tract interior point in incorporated place
06085506601,Bay Area,06,06085,Census Tract 5066.01,San Jose,0668000,0.7,37.2928527,-121.9823802,tract interior point in incorporated place
06085506603,Bay Area,06,06085,Census Tract 5066.03,San Jose,0668000,0.7,37.2822302,-121.9693427,tract interior point in incorporated place
06085506604,Bay Area,06,06085,Census Tract 5066.04,San Jose,0668000,0.7,37.2808226,-121.9867096,tract interior point in incorporated place
06085506605,Bay Area,06,06085,Census Tract 5066.05,San Jose,0668000,0.7,37.2974131,-121.9693967,tract interior point in incorporated place
06085506606,Bay Area,06,06085,Census Tract 5066.06,Outside named places,,0.0,37.2902566,-121.9687321,tract interior point in incorporated place
06085506701,Bay Area,06,06085,Census Tract 5067.01,Outside named places,,0.0,37.2706528,-121.9793303,tract interior point in incorporated place
06085506702,Bay Area,06,06085,Census Tract 5067.02,Outside named places,,0.0,37.2743294,-121.9625593,tract interior point in incorporated place
06085506703,Bay Area,06,06085,Census Tract 5067.03,Outside named places,,0.0,37.2646993,-121.9669404,tract interior point in incorporated place
06085506801,Bay Area,06,06085,Census Tract 5068.01,Outside named places,,0.0,37.2422641,-121.9563613,tract interior point in incorporated place
06085506802,Bay Area,06,06085,Census Tract 5068.02,San Jose,0668000,0.7,37.2469476,-121.9361955,tract interior point in incorporated place
06085506803,Bay Area,06,06085,Census Tract 5068.03,San Jose,0668000,0.7,37.2428218,-121.9143244,tract interior point in incorporated place
06085506804,Bay Area,06,06085,Census Tract 5068.04,Outside named places,,0.0,37.2397512,-121.9339441,tract interior point in incorporated place
06085506900,Bay Area,06,06085,Census Tract 5069,Outside named places,,0.0,37.2276416,-121.9321866,tract interior point in incorporated place
06085507002,Bay Area,06,06085,Census Tract 5070.02,Outside named places,,0.0,37.2095662,-121.9492296,tract interior point in incorporated place
06085507003,Bay Area,06,06085,Census Tract 5070.03,Outside named places,,0.0,37.2199919,-121.9979469,tract interior point in incorporated place
06085507004,Bay Area,06,06085,Census Tract 5070.04,Outside named places,,0.0,37.2260168,-121.9763843,tract interior point in incorporated place
06085507100,Bay Area,06,06085,Census Tract 5071,Outside named places,,0.0,37.238092,-121.973612,tract interior point in incorporated place
06085507203,Bay Area,06,06085,Census Tract 5072.03,Outside named places,,0.0,37.251361,-121.964454,tract interior point in incorporated place
06085507205,Bay Area,06,06085,Census Tract 5072.05,Outside named places,,0.0,37.2576127,-121.9812179,tract interior point in incorporated place
06085507206,Bay Area,06,06085,Census Tract 5072.06,Outside named places,,0.0,37.2436526,-121.985561,tract interior point in incorporated place
06085507301,Bay Area,06,06085,Census Tract 5073.01,Outside named places,,0.0,37.2588676,-122.0079378,tract interior point in incorporated place
06085507302,Bay Area,06,06085,Census Tract 5073.02,Outside named places,,0.0,37.2383772,-122.0292561,tract interior point in incorporated place
06085507401,Bay Area,06,06085,Census Tract 5074.01,Outside named places,,0.0,37.2882247,-122.0182492,tract interior point in incorporated place
06085507402,Bay Area,06,06085,Census Tract 5074.02,Outside named places,,0.0,37.2816285,-121.9995882,tract interior point in incorporated place
06085507500,Bay Area,06,06085,Census Tract 5075,Outside named places,,0.0,37.2743998,-122.0239726,tract interior point in incorporated place
06085507600,Bay Area,06,06085,Census Tract 5076,Outside named places,,0.0,37.2712569,-122.0526822,tract interior point in incorporated place
06085507701,Bay Area,06,06085,Census Tract 5077.01,Cupertino,0617610,1.0,37.3185985,-122.0493596,tract interior point in incorporated place
06085507702,Bay Area,06,06085,Census Tract 5077.02,Cupertino,0617610,1.0,37.2982903,-122.0593721,tract interior point in incorporated place
06085507704,Bay Area,06,06085,Census Tract 5077.04,Cupertino,0617610,1.0,37.3271563,-122.0672795,tract interior point in incorporated place
06085507705,Bay Area,06,06085,Census Tract 5077.05,Cupertino,0617610,1.0,37.3059907,-122.0829224,tract interior point in incorporated place
06085507805,Bay Area,06,06085,Census Tract 5078.05,Sunnyvale,0677000,1.0,37.3333072,-122.0519949,tract interior point in incorporated place
06085507806,Bay Area,06,06085,Census Tract 5078.06,Cupertino,0617610,1.0,37.3285223,-122.0408528,tract interior point in incorporated place
06085507807,Bay Area,06,06085,Census Tract 5078.07,Cupertino,0617610,1.0,37.3124132,-122.0405536,tract interior point in incorporated place
06085507808,Bay Area,06,06085,Census Tract 5078.08,Cupertino,0617610,1.0,37.3022849,-122.0379286,tract interior point in incorporated place
06085507903,Bay Area,06,06085,Census Tract 5079.03,San Jose,0668000,0.7,37.3026197,-122.0102044,tract interior point in incorporated place
06085507904,Bay Area,06,06085,Census Tract 5079.04,San Jose,0668000,0.7,37.3019065,-122.0019032,tract interior point in incorporated place
06085507905,Bay Area,06,06085,Census Tract 5079.05,San Jose,0668000,0.7,37.3026087,-122.02812,tract interior point in incorporated place
06085507906,Bay Area,06,06085,Census Tract 5079.06,San Jose,0668000,0.7,37.3019892,-122.019228,tract interior point in incorporated place
06085508003,Bay Area,06,06085,Census Tract 5080.03,Cupertino,0617610,1.0,37.317103,-122.010266,tract interior point in incorporated place
06085508004,Bay Area,06,06085,Census Tract 5080.04,Cupertino,0617610,1.0,37.3163796,-122.0012063,tract interior point in incorporated place
06085508005,Bay Area,06,06085,Census Tract 5080.05,Cupertino,0617610,1.0,37.3169847,-122.0275787,tract interior point in incorporated place
06085508006,Bay Area,06,06085,Census Tract 5080.06,Cupertino,0617610,1.0,37.3163396,-122.0183989,tract interior point in incorporated place
06085508101,Bay Area,06,06085,Census Tract 5081.01,Cupertino,0617610,1.0,37.3302791,-122.0232965,tract interior point in incorporated place
06085508102,Bay Area,06,06085,Census Tract 5081.02,Cupertino,0617610,1.0,37.3303633,-122.0048875,tract interior point in incorporated place
06085508203,Bay Area,06,06085,Census Tract 5082.03,Sunnyvale,0677000,1.0,37.3451032,-122.0268266,tract interior point in incorporated place
06085508204,Bay Area,06,06085,Census Tract 5082.04,Sunnyvale,0677000,1.0,37.344548,-122.0178787,tract interior point in incorporated place
06085508205,Bay Area,06,06085,Census Tract 5082.05,Sunnyvale,0677000,1.0,37.3487184,-122.004968,tract interior point in incorporated place
06085508206,Bay Area,06,06085,Census Tract 5082.06,Sunnyvale,0677000,1.0,37.3415391,-122.0050075,tract interior point in incorporated place
06085508301,Bay Area,06,06085,Census Tract 5083.01,Sunnyvale,0677000,1.0,37.3448268,-122.0570907,tract interior point in incorporated place
06085508303,Bay Area,06,06085,Census Tract 5083.03,Sunnyvale,0677000,1.0,37.3448825,-122.0458423,tract interior point in incorporated place
06085508305,Bay Area,06,06085,Census Tract 5083.05,Sunnyvale,0677000,1.0,37.3400957,-122.0374423,tract interior point in incorporated place
06085508306,Bay Area,06,06085,Census Tract 5083.06,Sunnyvale,0677000,1.0,37.3471326,-122.0367347,tract interior point in incorporated place
06085508401,Bay Area,06,06085,Census Tract 5084.01,Sunnyvale,0677000,1.0,37.3625769,-122.0562147,tract interior point in incorporated place
06085508403,Bay Area,06,06085,Census Tract 5084.03,Sunnyvale,0677000,1.0,37.3556397,-122.0415378,tract interior point in incorporated place
06085508404,Bay Area,06,06085,Census Tract 5084.04,Sunnyvale,0677000,1.0,37.36461,-122.0416419,tract interior point in incorporated place
06085508503,Bay Area,06,06085,Census Tract 5085.03,Sunnyvale,0677000,1.0,37.3573031,-122.0260531,tract interior point in incorporated place
06085508505,Bay Area,06,06085,Census Tract 5085.05,Sunnyvale,0677000,1.0,37.3588628,-122.0097817,tract interior point in incorporated place
06085508507,Bay Area,06,06085,Census Tract 5085.07,Santa Clara,0669084,0.7,37.356236,-121.9983729,tract interior point in incorporated place
06085508508,Bay Area,06,06085,Census Tract 5085.08,Sunnyvale,0677000,1.0,37.3614064,-122.0020068,tract interior point in incorporated place
06085508509,Bay Area,06,06085,Census Tract 5085.09,Sunnyvale,0677000,1.0,37.3653324,-122.0239218,tract interior point in incorporated place
06085508510,Bay Area,06,06085,Census Tract 5085.10,Sunnyvale,0677000,1.0,37.3603463,-122.0177173,tract interior point in incorporated place
06085508601,Bay Area,06,06085,Census Tract 5086.01,Sunnyvale,0677000,1.0,37.3759323,-122.0410019,tract interior point in incorporated place
06085508602,Bay Area,06,06085,Census Tract 5086.02,Sunnyvale,0677000,1.0,37.3727792,-122.0289163,tract interior point in incorporated place
06085508705,Bay Area,06,06085,Census Tract 5087.05,Sunnyvale,0677000,1.0,37.3703845,-122.017895,tract interior point in incorporated place
06085508706,Bay Area,06,06085,Census Tract 5087.06,Sunnyvale,0677000,1.0,37.3693384,-122.0059341,tract interior point in incorporated place
06085508707,Bay Area,06,06085,Census Tract 5087.07,Sunnyvale,0677000,1.0,37.3799483,-122.023162,tract interior point in incorporated place
06085508708,Bay Area,06,06085,Census Tract 5087.08,Sunnyvale,0677000,1.0,37.3800505,-122.0006021,tract interior point in incorporated place
06085508800,Bay Area,06,06085,Census Tract 5088,Sunnyvale,0677000,1.0,37.3851461,-122.0247804,tract interior point in incorporated place
06085508900,Bay Area,06,06085,Census Tract 5089,Sunnyvale,0677000,1.0,37.3910614,-122.0063863,tract interior point in incorporated place
06085509001,Bay Area,06,06085,Census Tract 5090.01,Sunnyvale,0677000,1.0,37.3936552,-122.0243888,tract interior point in incorporated place
06085509002,Bay Area,06,06085,Census Tract 5090.02,Sunnyvale,0677000,1.0,37.3904903,-122.0182184,tract interior point in incorporated place
06085509102,Bay Area,06,06085,Census Tract 5091.02,Sunnyvale,0677000,1.0,37.3915529,-122.0385404,tract interior point in incorporated place
06085509106,Bay Area,06,06085,Census Tract 5091.06,Sunnyvale,0677000,1.0,37.378605,-122.0504659,tract interior point in incorporated place
06085509107,Bay Area,06,06085,Census Tract 5091.07,Sunnyvale,0677000,1.0,37.3797672,-122.0565575,tract interior point in incorporated place
06085509108,Bay Area,06,06085,Census Tract 5091.08,Mountain View,0649670,1.0,37.4004175,-122.0571846,tract interior point in incorporated place
06085509109,Bay Area,06,06085,Census Tract 5091.09,Mountain View,0649670,1.0,37.3914589,-122.0596946,tract interior point in incorporated place
06085509110,Bay Area,06,06085,Census Tract 5091.10,Mountain View,0649670,1.0,37.372961,-122.0635682,tract interior point in incorporated place
06085509111,Bay Area,06,06085,Census Tract 5091.11,Mountain View,0649670,1.0,37.3820251,-122.0620648,tract interior point in incorporated place
06085509201,Bay Area,06,06085,Census Tract 5092.01,Mountain View,0649670,1.0,37.4011514,-122.0743742,tract interior point in incorporated place
06085509202,Bay Area,06,06085,Census Tract 5092.02,Mountain View,0649670,1.0,37.4059123,-122.0838789,tract interior point in incorporated place
06085509302,Bay Area,06,06085,Census Tract 5093.02,Mountain View,0649670,1.0,37.4092345,-122.1006445,tract interior point in incorporated place
06085509303,Bay Area,06,06085,Census Tract 5093.03,Mountain View,0649670,1.0,37.4060297,-122.0922777,tract interior point in incorporated place
06085509304,Bay Area,06,06085,Census Tract 5093.04,Mountain View,0649670,1.0,37.4174151,-122.0952078,tract interior point in incorporated place
06085509401,Bay Area,06,06085,Census Tract 5094.01,Palo Alto,0655282,1.0,37.4069801,-122.1144634,tract interior point in incorporated place
06085509403,Bay Area,06,06085,Census Tract 5094.03,Mountain View,0649670,1.0,37.3981136,-122.0968319,tract interior point in incorporated place
06085509404,Bay Area,06,06085,Census Tract 5094.04,Mountain View,0649670,1.0,37.4018859,-122.1055733,tract interior point in incorporated place
06085509500,Bay Area,06,06085,Census Tract 5095,Mountain View,0649670,1.0,37.3944485,-122.089659,tract interior point in incorporated place
06085509600,Bay Area,06,06085,Census Tract 5096,Mountain View,0649670,1.0,37.3908184,-122.0804567,tract interior point in incorporated place
06085509700,Bay Area,06,06085,Census Tract 5097,Mountain View,0649670,1.0,37.3853602,-122.0731927,tract interior point in incorporated place
06085509801,Bay Area,06,06085,Census Tract 5098.01,Mountain View,0649670,1.0,37.378794,-122.0894335,tract interior point in incorporated place
06085509802,Bay Area,06,06085,Census Tract 5098.02,Mountain View,0649670,1.0,37.3787663,-122.0823277,tract interior point in incorporated place
06085509901,Bay Area,06,06085,Census Tract 5099.01,Mountain View,0649670,1.0,37.3694638,-122.0863812,tract interior point in incorporated place
06085509902,Bay Area,06,06085,Census Tract 5099.02,Mountain View,0649670,1.0,37.3700086,-122.0718854,tract interior point in incorporated place
06085510001,Bay Area,06,06085,Census Tract 5100.01,Outside named places,,0.0,37.3584207,-122.0797124,tract interior point in incorporated place
06085510002,Bay Area,06,06085,Census Tract 5100.02,Outside named places,,0.0,37.3465424,-122.0718652,tract interior point in incorporated place
06085510100,Bay Area,06,06085,Census Tract 5101,Outside named places,,0.0,37.3407497,-122.0798238,tract interior point in incorporated place
06085510200,Bay Area,06,06085,Census Tract 5102,Outside named places,,0.0,37.3720591,-122.1017322,tract interior point in incorporated place
06085510300,Bay Area,06,06085,Census Tract 5103,Outside named places,,0.0,37.3774027,-122.1116665,tract interior point in incorporated place
06085510400,Bay Area,06,06085,Census Tract 5104,Outside named places,,0.0,37.3913139,-122.1076263,tract interior point in incorporated place
06085510500,Bay Area,06,06085,Census Tract 5105,Outside named places,,0.0,37.3927552,-122.1201614,tract interior point in incorporated place
06085510600,Bay Area,06,06085,Census Tract 5106,Palo Alto,0655282,1.0,37.4087715,-122.1302626,tract interior point in incorporated place
06085510700,Bay Area,06,06085,Census Tract 5107,Palo Alto,0655282,1.0,37.4174201,-122.1281611,tract interior point in incorporated place
06085510801,Bay Area,06,06085,Census Tract 5108.01,Palo Alto,0655282,1.0,37.4270272,-122.1097779,tract interior point in incorporated place
06085510802,Bay Area,06,06085,Census Tract 5108.02,Palo Alto,0655282,1.0,37.4144228,-122.1103922,tract interior point in incorporated place
06085510803,Bay Area,06,06085,Census Tract 5108.03,Palo Alto,0655282,1.0,37.4205586,-122.1184486,tract interior point in incorporated place
06085510900,Bay Area,06,06085,Census Tract 5109,Palo Alto,0655282,1.0,37.4276964,-122.1296787,tract interior point in incorporated place
06085511000,Bay Area,06,06085,Census Tract 5110,Palo Alto,0655282,1.0,37.4375636,-122.1218491,tract interior point in incorporated place
06085511100,Bay Area,06,06085,Census Tract 5111,Palo Alto,0655282,1.0,37.4457468,-122.1325243,tract interior point in incorporated place
06085511200,Bay Area,06,06085,Census Tract 5112,Palo Alto,0655282,1.0,37.4511933,-122.1470199,tract interior point in incorporated place
06085511301,Bay Area,06,06085,Census Tract 5113.01,Palo Alto,0655282,1.0,37.4431681,-122.1532785,tract interior point in incorporated place
06085511302,Bay Area,06,06085,Census Tract 5113.02,Palo Alto,0655282,1.0,37.4480075,-122.1622126,tract interior point in incorporated place
06085511400,Bay Area,06,06085,Census Tract 5114,Palo Alto,0655282,1.0,37.4359496,-122.1435945,tract interior point in incorporated place
06085511501,Bay Area,06,06085,Census Tract 5115.01,Palo Alto,0655282,1.0,37.4299081,-122.1475911,tract interior point in incorporated place
06085511502,Bay Area,06,06085,Census Tract 5115.02,Outside named places,,0.0,37.4155195,-122.1617499,tract interior point in incorporated place
06085511608,Bay Area,06,06085,Census Tract 5116.08,Outside named places,,0.0,37.4292567,-122.1772178,tract interior point in incorporated place
06085511609,Bay Area,06,06085,Census Tract 5116.09,Palo Alto,0655282,1.0,37.4385457,-122.1744126,tract interior point in incorporated place
06085511701,Bay Area,06,06085,Census Tract 5117.01,Outside named places,,0.0,37.3782599,-122.1319059,tract interior point in incorporated place
06085511702,Bay Area,06,06085,Census Tract 5117.02,Outside named places,,0.0,37.3534047,-122.0975415,tract interior point in incorporated place
06085511704,Bay Area,06,06085,Census Tract 5117.04,Outside named places,,0.0,37.3610552,-122.1406585,tract interior point in incorporated place
06085511705,Bay Area,06,06085,Census Tract 5117.05,Outside named places,,0.0,37.4057029,-122.161914,tract interior point in incorporated place
06085511707,Bay Area,06,06085,Census Tract 5117.07,Outside named places,,0.0,37.292658,-122.1190201,tract interior point in incorporated place
06085511800,Bay Area,06,06085,Census Tract 5118,Outside named places,,0.0,37.160449,-121.9417467,tract interior point in incorporated place
06085511905,Bay Area,06,06085,Census Tract 5119.05,San Jose,0668000,0.7,37.2147222,-121.8583082,tract interior point in incorporated place
06085511907,Bay Area,06,06085,Census Tract 5119.07,San Jose,0668000,0.7,37.2197592,-121.8542492,tract interior point in incorporated place
06085511910,Bay Area,06,06085,Census Tract 5119.10,San Jose,0668000,0.7,37.2129865,-121.8693977,tract interior point in incorporated place
06085511911,Bay Area,06,06085,Census Tract 5119.11,Outside named places,,0.0,37.2009931,-121.8181173,tract interior point in incorporated place
06085511912,Bay Area,06,06085,Census Tract 5119.12,San Jose,0668000,0.7,37.2057326,-121.8341741,tract interior point in incorporated place
06085511913,Bay Area,06,06085,Census Tract 5119.13,San Jose,0668000,0.7,37.2275027,-121.8912184,tract interior point in incorporated place
06085511914,Bay Area,06,06085,Census Tract 5119.14,San Jose,0668000,0.7,37.2305812,-121.8770809,tract interior point in incorporated place
06085511915,Bay Area,06,06085,Census Tract 5119.15,San Jose,0668000,0.7,37.244753,-121.8807146,tract interior point in incorporated place
06085511916,Bay Area,06,06085,Census Tract 5119.16,San Jose,0668000,0.7,37.2368478,-121.8958888,tract interior point in incorporated place
06085511917,Bay Area,06,06085,Census Tract 5119.17,San Jose,0668000,0.7,37.201114,-121.8480117,tract interior point in incorporated place
06085511918,Bay Area,06,06085,Census Tract 5119.18,Outside named places,,0.0,37.185742,-121.8427536,tract interior point in incorporated place
06085512001,Bay Area,06,06085,Census Tract 5120.01,Outside named places,,0.0,37.2568596,-121.7680942,tract interior point in incorporated place
06085512005,Bay Area,06,06085,Census Tract 5120.05,San Jose,0668000,0.7,37.2700187,-121.8655792,tract interior point in incorporated place
06085512019,Bay Area,06,06085,Census Tract 5120.19,San Jose,0668000,0.7,37.2707459,-121.8458034,tract interior point in incorporated place
06085512021,Bay Area,06,06085,Census Tract 5120.21,San Jose,0668000,0.7,37.2635211,-121.8239467,tract interior point in incorporated place
06085512022,Bay Area,06,06085,Census Tract 5120.22,San Jose,0668000,0.7,37.2551956,-121.8109259,tract interior point in incorporated place
06085512023,Bay Area,06,06085,Census Tract 5120.23,San Jose,0668000,0.7,37.2550468,-121.824356,tract interior point in incorporated place
06085512024,Bay Area,06,06085,Census Tract 5120.24,San Jose,0668000,0.7,37.2600361,-121.8696954,tract interior point in incorporated place
06085512025,Bay Area,06,06085,Census Tract 5120.25,San Jose,0668000,0.7,37.2608921,-121.8525836,tract interior point in incorporated place
06085512026,Bay Area,06,06085,Census Tract 5120.26,San Jose,0668000,0.7,37.2584565,-121.8379668,tract interior point in incorporated place
06085512027,Bay Area,06,06085,Census Tract 5120.27,San Jose,0668000,0.7,37.2542237,-121.8543848,tract interior point in incorporated place
06085512029,Bay Area,06,06085,Census Tract 5120.29,San Jose,0668000,0.7,37.2476813,-121.8160666,tract interior point in incorporated place
06085512030,Bay Area,06,06085,Census Tract 5120.30,San Jose,0668000,0.7,37.2327046,-121.8241916,tract interior point in incorporated place
06085512031,Bay Area,06,06085,Census Tract 5120.31,San Jose,0668000,0.7,37.231499,-121.8102325,tract interior point in incorporated place
06085512032,Bay Area,06,06085,Census Tract 5120.32,San Jose,0668000,0.7,37.232926,-121.7825093,tract interior point in incorporated place
06085512034,Bay Area,06,06085,Census Tract 5120.34,San Jose,0668000,0.7,37.2293395,-121.7707429,tract interior point in incorporated place
06085512035,Bay Area,06,06085,Census Tract 5120.35,San Jose,0668000,0.7,37.2236094,-121.7614495,tract interior point in incorporated place
06085512036,Bay Area,06,06085,Census Tract 5120.36,San Jose,0668000,0.7,37.2401629,-121.810595,tract interior point in incorporated place
06085512037,Bay Area,06,06085,Census Tract 5120.37,San Jose,0668000,0.7,37.2411911,-121.8246191,tract interior point in incorporated place
06085512038,Bay Area,06,06085,Census Tract 5120.38,San Jose,0668000,0.7,37.2348353,-121.7620714,tract interior point in incorporated place
06085512039,Bay Area,06,06085,Census Tract 5120.39,San Jose,0668000,0.7,37.2488508,-121.7864273,tract interior point in incorporated place
06085512042,Bay Area,06,06085,Census Tract 5120.42,San Jose,0668000,0.7,37.2661049,-121.814509,tract interior point in incorporated place
06085512043,Bay Area,06,06085,Census Tract 5120.43,San Jose,0668000,0.7,37.2616899,-121.8047156,tract interior point in incorporated place
06085512045,Bay Area,06,06085,Census Tract 5120.45,San Jose,0668000,0.7,37.2384961,-121.8352509,tract interior point in incorporated place
06085512047,Bay Area,06,06085,Census Tract 5120.47,San Jose,0668000,0.7,37.2410744,-121.8445214,tract interior point in incorporated place
06085512052,Bay Area,06,06085,Census Tract 5120.52,San Jose,0668000,0.7,37.2484034,-121.8645577,tract interior point in incorporated place
06085512053,Bay Area,06,06085,Census Tract 5120.53,San Jose,0668000,0.7,37.2436327,-121.853464,tract interior point in incorporated place
06085512054,Bay Area,06,06085,Census Tract 5120.54,San Jose,0668000,0.7,37.2760754,-121.836858,tract interior point in incorporated place
06085512055,Bay Area,06,06085,Census Tract 5120.55,San Jose,0668000,0.7,37.2697738,-121.8357569,tract interior point in incorporated place
06085512056,Bay Area,06,06085,Census Tract 5120.56,San Jose,0668000,0.7,37.2721374,-121.8082789,tract interior point in incorporated place
06085512057,Bay Area,06,06085,Census Tract 5120.57,San Jose,0668000,0.7,37.2737909,-121.8229031,tract interior point in incorporated place
06085512058,Bay Area,06,06085,Census Tract 5120.58,San Jose,0668000,0.7,37.2469505,-121.7969833,tract interior point in incorporated place
06085512059,Bay Area,06,06085,Census Tract 5120.59,San Jose,0668000,0.7,37.2337395,-121.7963166,tract interior point in incorporated place
06085512100,Bay Area,06,06085,Census Tract 5121,Outside named places,,0.0,37.1795926,-121.7294875,tract interior point in incorporated place
06085512200,Bay Area,06,06085,Census Tract 5122,Outside named places,,0.0,37.0467866,-121.7095187,tract interior point in incorporated place
06085512305,Bay Area,06,06085,Census Tract 5123.05,Outside named places,,0.0,37.114153,-121.6737,tract interior point in incorporated place
06085512307,Bay Area,06,06085,Census Tract 5123.07,Outside named places,,0.0,37.0997288,-121.6367125,tract interior point in incorporated place
06085512308,Bay Area,06,06085,Census Tract 5123.08,Outside named places,,0.0,37.1511729,-121.6268394,tract interior point in incorporated place
06085512309,Bay Area,06,06085,Census Tract 5123.09,Outside named places,,0.0,37.1300123,-121.6087697,tract interior point in incorporated place
06085512310,Bay Area,06,06085,Census Tract 5123.10,Outside named places,,0.0,37.1170324,-121.6337601,tract interior point in incorporated place
06085512311,Bay Area,06,06085,Census Tract 5123.11,Outside named places,,0.0,37.1495734,-121.6601298,tract interior point in incorporated place
06085512312,Bay Area,06,06085,Census Tract 5123.12,Outside named places,,0.0,37.1330764,-121.6430656,tract interior point in incorporated place
06085512313,Bay Area,06,06085,Census Tract 5123.13,Outside named places,,0.0,37.1159262,-121.6532803,tract interior point in incorporated place
06085512314,Bay Area,06,06085,Census Tract 5123.14,Outside named places,,0.0,37.1283275,-121.6632475,tract interior point in incorporated place
06085512401,Bay Area,06,06085,Census Tract 5124.01,Outside named places,,0.0,37.0604098,-121.6025818,tract interior point in incorporated place
06085512402,Bay Area,06,06085,Census Tract 5124.02,Outside named places,,0.0,37.0947506,-121.5672177,tract interior point in incorporated place
06085512505,Bay Area,06,06085,Census Tract 5125.05,Outside named places,,0.0,37.0245729,-121.5925004,tract interior point in incorporated place
06085512509,Bay Area,06,06085,Census Tract 5125.09,Outside named places,,0.0,36.9879163,-121.5715156,tract interior point in incorporated place
06085512510,Bay Area,06,06085,Census Tract 5125.10,Outside named places,,0.0,36.9775543,-121.5863515,tract interior point in incorporated place
06085512511,Bay Area,06,06085,Census Tract 5125.11,Outside named places,,0.0,37.0076293,-121.5810721,tract interior point in incorporated place
06085512512,Bay Area,06,06085,Census Tract 5125.12,Outside named places,,0.0,37.0008369,-121.5756972,tract interior point in incorporated place
06085512513,Bay Area,06,06085,Census Tract 5125.13,Outside named places,,0.0,37.0257555,-121.580832,tract interior point in incorporated place
06085512514,Bay Area,06,06085,Census Tract 5125.14,Outside named places,,0.0,37.0229981,-121.5834218,tract interior point in incorporated place
06085512515,Bay Area,06,06085,Census Tract 5125.15,Outside named places,,0.0,37.0334208,-121.6278603,tract interior point in incorporated place
06085512516,Bay Area,06,06085,Census Tract 5125.16,Outside named places,,0.0,37.0146086,-121.6113934,tract interior point in incorporated place
06085512602,Bay Area,06,06085,Census Tract 5126.02,Outside named places,,0.0,37.0180768,-121.5244138,tract interior point in incorporated place
06085512603,Bay Area,06,06085,Census Tract 5126.03,Outside named places,,0.0,37.0017257,-121.5626711,tract interior point in incorporated place
06085512604,Bay Area,06,06085,Census Tract 5126.04,Outside named places,,0.0,37.0198203,-121.5705811,tract interior point in incorporated place
06085513000,Bay Area,06,06085,Census Tract 5130,Outside named places,,0.0,37.4288643,-122.1617975,tract interior point in incorporated place
06085513500,Bay Area,06,06085,Census Tract 5135,Outside named places,,0.0,37.248099,-121.5279664,tract interior point in incorporated place
06095250103,Bay Area,06,06095,Census Tract 2501.03,Outside named places,,0.0,38.1133275,-122.222301,tract interior point in incorporated place
06095250104,Bay Area,06,06095,Census Tract 2501.04,Outside named places,,0.0,38.1138632,-122.2082024,tract interior point in incorporated place
06095250105,Bay Area,06,06095,Census Tract 2501.05,Outside named places,,0.0,38.1295384,-122.2141788,tract interior point in incorporated place
06095250106,Bay Area,06,06095,Census Tract 2501.06,Outside named places,,0.0,38.1360395,-122.1860515,tract interior point in incorporated place
06095250200,Bay Area,06,06095,Census Tract 2502,Outside named places,,0.0,38.1044764,-122.2101165,tract interior point in incorporated place
06095250300,Bay Area,06,06095,Census Tract 2503,Outside named places,,0.0,38.1048704,-122.2235767,tract interior point in incorporated place
06095250400,Bay Area,06,06095,Census Tract 2504,Outside named places,,0.0,38.0949864,-122.2238939,tract interior point in incorporated place
06095250501,Bay Area,06,06095,Census Tract 2505.01,Outside named places,,0.0,38.0933279,-122.2138367,tract interior point in incorporated place
06095250502,Bay Area,06,06095,Census Tract 2505.02,Outside named places,,0.0,38.0910546,-122.2030664,tract interior point in incorporated place
06095250601,Bay Area,06,06095,Census Tract 2506.01,Outside named places,,0.0,38.0816906,-122.2234633,tract interior point in incorporated place
06095250604,Bay Area,06,06095,Census Tract 2506.04,Outside named places,,0.0,38.0687077,-122.2191793,tract interior point in incorporated place
06095250605,Bay Area,06,06095,Census Tract 2506.05,Outside named places,,0.0,38.0700529,-122.2027379,tract interior point in incorporated place
06095250701,Bay Area,06,06095,Census Tract 2507.01,Outside named places,,0.0,38.0900421,-122.2449025,tract interior point in incorporated place
06095250801,Bay Area,06,06095,Census Tract 2508.01,Outside named places,,0.0,38.1218312,-122.3187277,tract interior point in incorporated place
06095250900,Bay Area,06,06095,Census Tract 2509,Outside named places,,0.0,38.1017927,-122.259038,tract interior point in incorporated place
06095251000,Bay Area,06,06095,Census Tract 2510,Outside named places,,0.0,38.1011281,-122.2485428,tract interior point in incorporated place
06095251100,Bay Area,06,06095,Census Tract 2511,Outside named places,,0.0,38.0970267,-122.236521,tract interior point in incorporated place
06095251200,Bay Area,06,06095,Census Tract 2512,Outside named places,,0.0,38.1052893,-122.2365335,tract interior point in incorporated place
06095251300,Bay Area,06,06095,Census Tract 2513,Outside named places,,0.0,38.114676,-122.2358356,tract interior point in incorporated place
06095251400,Bay Area,06,06095,Census Tract 2514,Outside named places,,0.0,38.1235139,-122.2398887,tract interior point in incorporated place
06095251500,Bay Area,06,06095,Census Tract 2515,Outside named places,,0.0,38.111521,-122.2497147,tract interior point in incorporated place
06095251600,Bay Area,06,06095,Census Tract 2516,Outside named places,,0.0,38.1083885,-122.2622993,tract interior point in incorporated place
06095251701,Bay Area,06,06095,Census Tract 2517.01,Outside named places,,0.0,38.1165979,-122.266959,tract interior point in incorporated place
06095251702,Bay Area,06,06095,Census Tract 2517.02,Outside named places,,0.0,38.122102,-122.2687692,tract interior point in incorporated place
06095251802,Bay Area,06,06095,Census Tract 2518.02,Outside named places,,0.0,38.1298948,-122.2585044,tract interior point in incorporated place
06095251803,Bay Area,06,06095,Census Tract 2518.03,Outside named places,,0.0,38.1359049,-122.265137,tract interior point in incorporated place
06095251804,Bay Area,06,06095,Census Tract 2518.04,Outside named places,,0.0,38.1503908,-122.282969,tract interior point in incorporated place
06095251901,Bay Area,06,06095,Census Tract 2519.01,Outside named places,,0.0,38.1377065,-122.2405415,tract interior point in incorporated place
06095251902,Bay Area,06,06095,Census Tract 2519.02,Outside named places,,0.0,38.1482702,-122.2443068,tract interior point in incorporated place
06095251903,Bay Area,06,06095,Census Tract 2519.03,Outside named places,,0.0,38.1478379,-122.2282174,tract interior point in incorporated place
06095252000,Bay Area,06,06095,Census Tract 2520,Outside named places,,0.0,38.0621001,-122.1791737,tract interior point in incorporated place
06095252102,Bay Area,06,06095,Census Tract 2521.02,Outside named places,,0.0,38.0863311,-122.1070698,tract interior point in incorporated place
06095252103,Bay Area,06,06095,Census Tract 2521.03,Outside named places,,0.0,38.1051019,-122.1920737,tract interior point in incorporated place
06095252104,Bay Area,06,06095,Census Tract 2521.04,Outside named places,,0.0,38.0908319,-122.1636212,tract interior point in incorporated place
06095252105,Bay Area,06,06095,Census Tract 2521.05,Outside named places,,0.0,38.0849333,-122.1823744,tract interior point in incorporated place
06095252106,Bay Area,06,06095,Census Tract 2521.06,Outside named places,,0.0,38.0753462,-122.1678055,tract interior point in incorporated place
06095252107,Bay Area,06,06095,Census Tract 2521.07,Outside named places,,0.0,38.0697573,-122.1542669,tract interior point in incorporated place
06095252108,Bay Area,06,06095,Census Tract 2521.08,Outside named places,,0.0,38.0609883,-122.1631107,tract interior point in incorporated place
06095252203,Bay Area,06,06095,Census Tract 2522.03,Outside named places,,0.0,38.2685187,-122.143077,tract interior point in incorporated place
06095252204,Bay Area,06,06095,Census Tract 2522.04,Outside named places,,0.0,38.239549,-122.1785353,tract interior point in incorporated place
06095252205,Bay Area,06,06095,Census Tract 2522.05,Outside named places,,0.0,38.1518715,-122.1368191,tract interior point in incorporated place
06095252206,Bay Area,06,06095,Census Tract 2522.06,Outside named places,,0.0,38.1707179,-122.166751,tract interior point in incorporated place
06095252305,Bay Area,06,06095,Census Tract 2523.05,Outside named places,,0.0,38.2198735,-122.0935747,tract interior point in incorporated place
06095252306,Bay Area,06,06095,Census Tract 2523.06,Outside named places,,0.0,38.2655712,-122.0643005,tract interior point in incorporated place
06095252310,Bay Area,06,06095,Census Tract 2523.10,Outside named places,,0.0,38.286044,-122.099081,tract interior point in incorporated place
06095252311,Bay Area,06,06095,Census Tract 2523.11,Outside named places,,0.0,38.2949139,-122.0506429,tract interior point in incorporated place
06095252312,Bay Area,06,06095,Census Tract 2523.12,Outside named places,,0.0,38.2753544,-122.0561706,tract interior point in incorporated place
06095252313,Bay Area,06,06095,Census Tract 2523.13,Outside named places,,0.0,38.300551,-122.027337,tract interior point in incorporated place
06095252314,Bay Area,06,06095,Census Tract 2523.14,Outside named places,,0.0,38.2770446,-122.0358165,tract interior point in incorporated place
06095252315,Bay Area,06,06095,Census Tract 2523.15,Outside named places,,0.0,38.2840121,-122.0150107,tract interior point in incorporated place
06095252316,Bay Area,06,06095,Census Tract 2523.16,Outside named places,,0.0,38.2762632,-122.0156731,tract interior point in incorporated place
06095252317,Bay Area,06,06095,Census Tract 2523.17,Outside named places,,0.0,38.2917061,-121.971705,tract interior point in incorporated place
06095252401,Bay Area,06,06095,Census Tract 2524.01,Outside named places,,0.0,38.2534089,-122.0580589,tract interior point in incorporated place
06095252402,Bay Area,06,06095,Census Tract 2524.02,Outside named places,,0.0,38.2205759,-122.0685278,tract interior point in incorporated place
06095252501,Bay Area,06,06095,Census Tract 2525.01,Outside named places,,0.0,38.255026,-122.0412873,tract interior point in incorporated place
06095252502,Bay Area,06,06095,Census Tract 2525.02,Outside named places,,0.0,38.2471153,-122.0446962,tract interior point in incorporated place
06095252604,Bay Area,06,06095,Census Tract 2526.04,Outside named places,,0.0,38.2641804,-122.0512736,tract interior point in incorporated place
06095252605,Bay Area,06,06095,Census Tract 2526.05,Outside named places,,0.0,38.2655914,-122.039698,tract interior point in incorporated place
06095252606,Bay Area,06,06095,Census Tract 2526.06,Outside named places,,0.0,38.265491,-122.0295802,tract interior point in incorporated place
06095252607,Bay Area,06,06095,Census Tract 2526.07,Outside named places,,0.0,38.2546226,-122.0294348,tract interior point in incorporated place
06095252608,Bay Area,06,06095,Census Tract 2526.08,Outside named places,,0.0,38.2665083,-122.0232104,tract interior point in incorporated place
06095252610,Bay Area,06,06095,Census Tract 2526.10,Outside named places,,0.0,38.2700745,-122.006417,tract interior point in incorporated place
06095252611,Bay Area,06,06095,Census Tract 2526.11,Outside named places,,0.0,38.263885,-122.013848,tract interior point in incorporated place
06095252702,Bay Area,06,06095,Census Tract 2527.02,Outside named places,,0.0,38.1377528,-121.9771056,tract interior point in incorporated place
06095252703,Bay Area,06,06095,Census Tract 2527.03,Outside named places,,0.0,38.2485983,-122.0272236,tract interior point in incorporated place
06095252704,Bay Area,06,06095,Census Tract 2527.04,Outside named places,,0.0,38.2490976,-122.014721,tract interior point in incorporated place
06095252705,Bay Area,06,06095,Census Tract 2527.05,Outside named places,,0.0,38.2500177,-121.9964026,tract interior point in incorporated place
06095252706,Bay Area,06,06095,Census Tract 2527.06,Outside named places,,0.0,38.2543954,-121.9773339,tract interior point in incorporated place
06095252707,Bay Area,06,06095,Census Tract 2527.07,Outside named places,,0.0,38.2599906,-122.0011886,tract interior point in incorporated place
06095252801,Bay Area,06,06095,Census Tract 2528.01,Outside named places,,0.0,38.2790208,-121.9458892,tract interior point in incorporated place
06095252802,Bay Area,06,06095,Census Tract 2528.02,Outside named places,,0.0,38.2715195,-121.9462484,tract interior point in incorporated place
06095252903,Bay Area,06,06095,Census Tract 2529.03,Outside named places,,0.0,38.4382394,-122.0343538,tract interior point in incorporated place
06095252904,Bay Area,06,06095,Census Tract 2529.04,Outside named places,,0.0,38.4043799,-121.9310345,tract interior point in incorporated place
06095252908,Bay Area,06,06095,Census Tract 2529.08,Outside named places,,0.0,38.342431,-121.9569363,tract interior point in incorporated place
06095252909,Bay Area,06,06095,Census Tract 2529.09,Outside named places,,0.0,38.3449258,-121.9203767,tract interior point in incorporated place
06095252910,Bay Area,06,06095,Census Tract 2529.10,Outside named places,,0.0,38.3401253,-121.9444368,tract interior point in incorporated place
06095252911,Bay Area,06,06095,Census Tract 2529.11,Outside named places,,0.0,38.3695164,-121.9443944,tract interior point in incorporated place
06095252912,Bay Area,06,06095,Census Tract 2529.12,Outside named places,,0.0,38.3572492,-121.944357,tract interior point in incorporated place
06095252913,Bay Area,06,06095,Census Tract 2529.13,Outside named places,,0.0,38.3255211,-121.9657382,tract interior point in incorporated place
06095252914,Bay Area,06,06095,Census Tract 2529.14,Outside named places,,0.0,38.3327352,-121.9437893,tract interior point in incorporated place
06095252915,Bay Area,06,06095,Census Tract 2529.15,Outside named places,,0.0,38.3190872,-121.9246211,tract interior point in incorporated place
06095253000,Bay Area,06,06095,Census Tract 2530,Outside named places,,0.0,38.3212625,-121.9786117,tract interior point in incorporated place
06095253101,Bay Area,06,06095,Census Tract 2531.01,Outside named places,,0.0,38.3504671,-122.0064354,tract interior point in incorporated place
06095253105,Bay Area,06,06095,Census Tract 2531.05,Outside named places,,0.0,38.3539119,-121.9670998,tract interior point in incorporated place
06095253106,Bay Area,06,06095,Census Tract 2531.06,Outside named places,,0.0,38.3417498,-121.9660442,tract interior point in incorporated place
06095253107,Bay Area,06,06095,Census Tract 2531.07,Outside named places,,0.0,38.3420882,-121.9790499,tract interior point in incorporated place
06095253108,Bay Area,06,06095,Census Tract 2531.08,Outside named places,,0.0,38.3286051,-122.0012041,tract interior point in incorporated place
06095253201,Bay Area,06,06095,Census Tract 2532.01,Outside named places,,0.0,38.3703098,-122.011505,tract interior point in incorporated place
06095253203,Bay Area,06,06095,Census Tract 2532.03,Outside named places,,0.0,38.3622131,-121.996768,tract interior point in incorporated place
06095253205,Bay Area,06,06095,Census Tract 2532.05,Outside named places,,0.0,38.3724624,-121.9717511,tract interior point in incorporated place
06095253206,Bay Area,06,06095,Census Tract 2532.06,Outside named places,,0.0,38.3979467,-121.9743819,tract interior point in incorporated place
06095253207,Bay Area,06,06095,Census Tract 2532.07,Outside named places,,0.0,38.37916,-121.988909,tract interior point in incorporated place
06095253208,Bay Area,06,06095,Census Tract 2532.08,Outside named places,,0.0,38.3772973,-121.9802182,tract interior point in incorporated place
06095253300,Bay Area,06,06095,Census Tract 2533,Outside named places,,0.0,38.4198882,-121.7998024,tract interior point in incorporated place
06095253402,Bay Area,06,06095,Census Tract 2534.02,Outside named places,,0.0,38.4390017,-121.8179317,tract interior point in incorporated place
06095253403,Bay Area,06,06095,Census Tract 2534.03,Outside named places,,0.0,38.4377064,-121.8475707,tract interior point in incorporated place
06095253404,Bay Area,06,06095,Census Tract 2534.04,Outside named places,,0.0,38.4601521,-121.8307255,tract interior point in incorporated place
06095253501,Bay Area,06,06095,Census Tract 2535.01,Outside named places,,0.0,38.2466064,-121.7607697,tract interior point in incorporated place
06095253502,Bay Area,06,06095,Census Tract 2535.02,Outside named places,,0.0,38.1311499,-121.8217361,tract interior point in incorporated place
06095980000,Bay Area,06,06095,Census Tract 9800,Outside named places,,0.0,38.2545543,-121.9456581,tract interior point in incorporated place
06097150100,Bay Area,06,06097,Census Tract 1501,Outside named places,,0.0,38.1981906,-122.4133842,tract interior point in incorporated place
06097150203,Bay Area,06,06097,Census Tract 1502.03,Outside named places,,0.0,38.2775429,-122.4621651,tract interior point in incorporated place
06097150204,Bay Area,06,06097,Census Tract 1502.04,Outside named places,,0.0,38.2867706,-122.4510104,tract interior point in incorporated place
06097150205,Bay Area,06,06097,Census Tract 1502.05,Outside named places,,0.0,38.3260902,-122.4518786,tract interior point in incorporated place
06097150206,Bay Area,06,06097,Census Tract 1502.06,Outside named places,,0.0,38.3121064,-122.427682,tract interior point in incorporated place
06097150303,Bay Area,06,06097,Census Tract 1503.03,Outside named places,,0.0,38.3244331,-122.533986,tract interior point in incorporated place
06097150304,Bay Area,06,06097,Census Tract 1503.04,Outside named places,,0.0,38.3067265,-122.4901697,tract interior point in incorporated place
06097150305,Bay Area,06,06097,Census Tract 1503.05,Outside named places,,0.0,38.3261142,-122.4927508,tract interior point in incorporated place
06097150306,Bay Area,06,06097,Census Tract 1503.06,Outside named places,,0.0,38.339239,-122.4691776,tract interior point in incorporated place
06097150501,Bay Area,06,06097,Census Tract 1505.01,Outside named places,,0.0,38.3773322,-122.5730583,tract interior point in incorporated place
06097150502,Bay Area,06,06097,Census Tract 1505.02,Outside named places,,0.0,38.4022828,-122.4988531,tract interior point in incorporated place
06097150601,Bay Area,06,06097,Census Tract 1506.01,Outside named places,,0.0,38.2376164,-122.6132538,tract interior point in incorporated place
06097150602,Bay Area,06,06097,Census Tract 1506.02,Outside named places,,0.0,38.2440564,-122.6067891,tract interior point in incorporated place
06097150603,Bay Area,06,06097,Census Tract 1506.03,Outside named places,,0.0,38.2544898,-122.6179426,tract interior point in incorporated place
06097150607,Bay Area,06,06097,Census Tract 1506.07,Outside named places,,0.0,38.2766586,-122.6437521,tract interior point in incorporated place
06097150609,Bay Area,06,06097,Census Tract 1506.09,Outside named places,,0.0,38.2600055,-122.6438313,tract interior point in incorporated place
06097150610,Bay Area,06,06097,Census Tract 1506.10,Outside named places,,0.0,38.2654848,-122.6401778,tract interior point in incorporated place
06097150611,Bay Area,06,06097,Census Tract 1506.11,Outside named places,,0.0,38.2329343,-122.579047,tract interior point in incorporated place
06097150612,Bay Area,06,06097,Census Tract 1506.12,Outside named places,,0.0,38.2116884,-122.5343549,tract interior point in incorporated place
06097150701,Bay Area,06,06097,Census Tract 1507.01,Outside named places,,0.0,38.2337041,-122.6302963,tract interior point in incorporated place
06097150702,Bay Area,06,06097,Census Tract 1507.02,Outside named places,,0.0,38.201075,-122.6258587,tract interior point in incorporated place
06097150800,Bay Area,06,06097,Census Tract 1508,Outside named places,,0.0,38.2087678,-122.6647282,tract interior point in incorporated place
06097150901,Bay Area,06,06097,Census Tract 1509.01,Outside named places,,0.0,38.2475852,-122.6439087,tract interior point in incorporated place
06097150902,Bay Area,06,06097,Census Tract 1509.02,Outside named places,,0.0,38.2443641,-122.653264,tract interior point in incorporated place
06097151000,Bay Area,06,06097,Census Tract 1510,Outside named places,,0.0,38.2576583,-122.6798744,tract interior point in incorporated place
06097151100,Bay Area,06,06097,Census Tract 1511,Outside named places,,0.0,38.270835,-122.7528049,tract interior point in incorporated place
06097151203,Bay Area,06,06097,Census Tract 1512.03,Outside named places,,0.0,38.322283,-122.6934098,tract interior point in incorporated place
06097151204,Bay Area,06,06097,Census Tract 1512.04,Outside named places,,0.0,38.3184553,-122.7071995,tract interior point in incorporated place
06097151205,Bay Area,06,06097,Census Tract 1512.05,Outside named places,,0.0,38.298648,-122.6798799,tract interior point in incorporated place
06097151206,Bay Area,06,06097,Census Tract 1512.06,Outside named places,,0.0,38.3345436,-122.7257208,tract interior point in incorporated place
06097151301,Bay Area,06,06097,Census Tract 1513.01,Outside named places,,0.0,38.3342271,-122.7001585,tract interior point in incorporated place
06097151305,Bay Area,06,06097,Census Tract 1513.05,Outside named places,,0.0,38.3433806,-122.7067066,tract interior point in incorporated place
06097151306,Bay Area,06,06097,Census Tract 1513.06,Outside named places,,0.0,38.347139,-122.6932768,tract interior point in incorporated place
06097151307,Bay Area,06,06097,Census Tract 1513.07,Outside named places,,0.0,38.3705059,-122.6996383,tract interior point in incorporated place
06097151308,Bay Area,06,06097,Census Tract 1513.08,Outside named places,,0.0,38.3562805,-122.6998518,tract interior point in incorporated place
06097151309,Bay Area,06,06097,Census Tract 1513.09,Outside named places,,0.0,38.3441032,-122.6337915,tract interior point in incorporated place
06097151310,Bay Area,06,06097,Census Tract 1513.10,Outside named places,,0.0,38.339813,-122.6813617,tract interior point in incorporated place
06097151311,Bay Area,06,06097,Census Tract 1513.11,Outside named places,,0.0,38.3260142,-122.6768445,tract interior point in incorporated place
06097151403,Bay Area,06,06097,Census Tract 1514.03,Outside named places,,0.0,38.4060891,-122.685796,tract interior point in incorporated place
06097151404,Bay Area,06,06097,Census Tract 1514.04,Outside named places,,0.0,38.4278406,-122.7036893,tract interior point in incorporated place
06097151405,Bay Area,06,06097,Census Tract 1514.05,Outside named places,,0.0,38.3926107,-122.7046899,tract interior point in incorporated place
06097151406,Bay Area,06,06097,Census Tract 1514.06,Outside named places,,0.0,38.4187838,-122.7104093,tract interior point in incorporated place
06097151503,Bay Area,06,06097,Census Tract 1515.03,Outside named places,,0.0,38.4125282,-122.6286521,tract interior point in incorporated place
06097151504,Bay Area,06,06097,Census Tract 1515.04,Outside named places,,0.0,38.4360805,-122.6677168,tract interior point in incorporated place
06097151505,Bay Area,06,06097,Census Tract 1515.05,Outside named places,,0.0,38.3851197,-122.6516573,tract interior point in incorporated place
06097151506,Bay Area,06,06097,Census Tract 1515.06,Outside named places,,0.0,38.4270571,-122.6702873,tract interior point in incorporated place
06097151601,Bay Area,06,06097,Census Tract 1516.01,Outside named places,,0.0,38.4497874,-122.559096,tract interior point in incorporated place
06097151602,Bay Area,06,06097,Census Tract 1516.02,Outside named places,,0.0,38.4244429,-122.5943905,tract interior point in incorporated place
06097151701,Bay Area,06,06097,Census Tract 1517.01,Outside named places,,0.0,38.4428937,-122.6739179,tract interior point in incorporated place
06097151702,Bay Area,06,06097,Census Tract 1517.02,Outside named places,,0.0,38.4509561,-122.6610288,tract interior point in incorporated place
06097151800,Bay Area,06,06097,Census Tract 1518,Outside named places,,0.0,38.4427045,-122.6913822,tract interior point in incorporated place
06097151900,Bay Area,06,06097,Census Tract 1519,Outside named places,,0.0,38.43518,-122.708351,tract interior point in incorporated place
06097152000,Bay Area,06,06097,Census Tract 1520,Outside named places,,0.0,38.4416422,-122.713301,tract interior point in incorporated place
06097152100,Bay Area,06,06097,Census Tract 1521,Outside named places,,0.0,38.4592719,-122.7228816,tract interior point in incorporated place
06097152201,Bay Area,06,06097,Census Tract 1522.01,Outside named places,,0.0,38.4570299,-122.7128443,tract interior point in incorporated place
06097152203,Bay Area,06,06097,Census Tract 1522.03,Outside named places,,0.0,38.4483381,-122.7070355,tract interior point in incorporated place
06097152204,Bay Area,06,06097,Census Tract 1522.04,Outside named places,,0.0,38.4630396,-122.6754382,tract interior point in incorporated place
06097152205,Bay Area,06,06097,Census Tract 1522.05,Outside named places,,0.0,38.4751756,-122.6751526,tract interior point in incorporated place
06097152300,Bay Area,06,06097,Census Tract 1523,Outside named places,,0.0,38.4600991,-122.6991912,tract interior point in incorporated place
06097152401,Bay Area,06,06097,Census Tract 1524.01,Outside named places,,0.0,38.4815708,-122.6925847,tract interior point in incorporated place
06097152402,Bay Area,06,06097,Census Tract 1524.02,Outside named places,,0.0,38.4956233,-122.7185182,tract interior point in incorporated place
06097152501,Bay Area,06,06097,Census Tract 1525.01,Outside named places,,0.0,38.4655736,-122.6567894,tract interior point in incorporated place
06097152502,Bay Area,06,06097,Census Tract 1525.02,Outside named places,,0.0,38.478416,-122.66415,tract interior point in incorporated place
06097152601,Bay Area,06,06097,Census Tract 1526.01,Outside named places,,0.0,38.5058699,-122.6643077,tract interior point in incorporated place
06097152602,Bay Area,06,06097,Census Tract 1526.02,Outside named places,,0.0,38.5333374,-122.6225737,tract interior point in incorporated place
06097152701,Bay Area,06,06097,Census Tract 1527.01,Outside named places,,0.0,38.5289963,-122.7468369,tract interior point in incorporated place
06097152702,Bay Area,06,06097,Census Tract 1527.02,Outside named places,,0.0,38.5043514,-122.7912202,tract interior point in incorporated place
06097152801,Bay Area,06,06097,Census Tract 1528.01,Outside named places,,0.0,38.482824,-122.7503028,tract interior point in incorporated place
06097152803,Bay Area,06,06097,Census Tract 1528.03,Outside named places,,0.0,38.4655202,-122.7382164,tract interior point in incorporated place
06097152804,Bay Area,06,06097,Census Tract 1528.04,Outside named places,,0.0,38.4641357,-122.7310534,tract interior point in incorporated place
06097152903,Bay Area,06,06097,Census Tract 1529.03,Outside named places,,0.0,38.4573439,-122.7481362,tract interior point in incorporated place
06097152904,Bay Area,06,06097,Census Tract 1529.04,Outside named places,,0.0,38.4611543,-122.7607067,tract interior point in incorporated place
06097152905,Bay Area,06,06097,Census Tract 1529.05,Outside named places,,0.0,38.4702327,-122.759351,tract interior point in incorporated place
06097152906,Bay Area,06,06097,Census Tract 1529.06,Outside named places,,0.0,38.4725689,-122.8006952,tract interior point in incorporated place
06097153001,Bay Area,06,06097,Census Tract 1530.01,Outside named places,,0.0,38.4509389,-122.736743,tract interior point in incorporated place
06097153002,Bay Area,06,06097,Census Tract 1530.02,Outside named places,,0.0,38.4410944,-122.7327644,tract interior point in incorporated place
06097153003,Bay Area,06,06097,Census Tract 1530.03,Outside named places,,0.0,38.4340246,-122.7383629,tract interior point in incorporated place
06097153005,Bay Area,06,06097,Census Tract 1530.05,Outside named places,,0.0,38.4334559,-122.8012458,tract interior point in incorporated place
06097153006,Bay Area,06,06097,Census Tract 1530.06,Outside named places,,0.0,38.4432935,-122.7584148,tract interior point in incorporated place
06097153102,Bay Area,06,06097,Census Tract 1531.02,Outside named places,,0.0,38.4201079,-122.7216605,tract interior point in incorporated place
06097153103,Bay Area,06,06097,Census Tract 1531.03,Outside named places,,0.0,38.4198166,-122.7341732,tract interior point in incorporated place
06097153104,Bay Area,06,06097,Census Tract 1531.04,Outside named places,,0.0,38.4288774,-122.7274638,tract interior point in incorporated place
06097153201,Bay Area,06,06097,Census Tract 1532.01,Outside named places,,0.0,38.4078526,-122.728393,tract interior point in incorporated place
06097153202,Bay Area,06,06097,Census Tract 1532.02,Outside named places,,0.0,38.3820955,-122.7284091,tract interior point in incorporated place
06097153301,Bay Area,06,06097,Census Tract 1533.01,Outside named places,,0.0,38.3918573,-122.7695059,tract interior point in incorporated place
06097153302,Bay Area,06,06097,Census Tract 1533.02,Outside named places,,0.0,38.4136158,-122.7542692,tract interior point in incorporated place
06097153403,Bay Area,06,06097,Census Tract 1534.03,Outside named places,,0.0,38.3806559,-122.7996795,tract interior point in incorporated place
06097153404,Bay Area,06,06097,Census Tract 1534.04,Outside named places,,0.0,38.3819817,-122.8272234,tract interior point in incorporated place
06097153405,Bay Area,06,06097,Census Tract 1534.05,Outside named places,,0.0,38.4144344,-122.8473555,tract interior point in incorporated place
06097153406,Bay Area,06,06097,Census Tract 1534.06,Outside named places,,0.0,38.4083965,-122.826599,tract interior point in incorporated place
06097153501,Bay Area,06,06097,Census Tract 1535.01,Outside named places,,0.0,38.3374048,-122.7943613,tract interior point in incorporated place
06097153502,Bay Area,06,06097,Census Tract 1535.02,Outside named places,,0.0,38.3435352,-122.8801129,tract interior point in incorporated place
06097153601,Bay Area,06,06097,Census Tract 1536.01,Outside named places,,0.0,38.4363229,-122.8579577,tract interior point in incorporated place
06097153602,Bay Area,06,06097,Census Tract 1536.02,Outside named places,,0.0,38.415157,-122.8986059,tract interior point in incorporated place
06097153705,Bay Area,06,06097,Census Tract 1537.05,Outside named places,,0.0,38.5217003,-122.9164215,tract interior point in incorporated place
06097153707,Bay Area,06,06097,Census Tract 1537.07,Outside named places,,0.0,38.4929431,-123.0421642,tract interior point in incorporated place
06097153708,Bay Area,06,06097,Census Tract 1537.08,Outside named places,,0.0,38.4605395,-122.9868326,tract interior point in incorporated place
06097153709,Bay Area,06,06097,Census Tract 1537.09,Outside named places,,0.0,38.5480623,-123.0245313,tract interior point in incorporated place
06097153710,Bay Area,06,06097,Census Tract 1537.10,Outside named places,,0.0,38.5059242,-122.9767931,tract interior point in incorporated place
06097153711,Bay Area,06,06097,Census Tract 1537.11,Outside named places,,0.0,38.4669039,-122.9237405,tract interior point in incorporated place
06097153712,Bay Area,06,06097,Census Tract 1537.12,Outside named places,,0.0,38.4576015,-122.8658363,tract interior point in incorporated place
06097153804,Bay Area,06,06097,Census Tract 1538.04,Outside named places,,0.0,38.5565366,-122.8126594,tract interior point in incorporated place
06097153806,Bay Area,06,06097,Census Tract 1538.06,Outside named places,,0.0,38.5532547,-122.8024814,tract interior point in incorporated place
06097153807,Bay Area,06,06097,Census Tract 1538.07,Outside named places,,0.0,38.5682582,-122.7504101,tract interior point in incorporated place
06097153808,Bay Area,06,06097,Census Tract 1538.08,Outside named places,,0.0,38.5426788,-122.8080843,tract interior point in incorporated place
06097153809,Bay Area,06,06097,Census Tract 1538.09,Outside named places,,0.0,38.5331527,-122.7812918,tract interior point in incorporated place
06097153810,Bay Area,06,06097,Census Tract 1538.10,Outside named places,,0.0,38.5252871,-122.8554323,tract interior point in incorporated place
06097153811,Bay Area,06,06097,Census Tract 1538.11,Outside named places,,0.0,38.5278331,-122.8219606,tract interior point in incorporated place
06097153902,Bay Area,06,06097,Census Tract 1539.02,Outside named places,,0.0,38.6120817,-122.8671471,tract interior point in incorporated place
06097153903,Bay Area,06,06097,Census Tract 1539.03,Outside named places,,0.0,38.6190156,-122.8569212,tract interior point in incorporated place
06097153904,Bay Area,06,06097,Census Tract 1539.04,Outside named places,,0.0,38.5845228,-122.8226027,tract interior point in incorporated place
06097153905,Bay Area,06,06097,Census Tract 1539.05,Outside named places,,0.0,38.6077606,-122.8136876,tract interior point in incorporated place
06097154000,Bay Area,06,06097,Census Tract 1540,Outside named places,,0.0,38.6085041,-122.9661991,tract interior point in incorporated place
06097154100,Bay Area,06,06097,Census Tract 1541,Outside named places,,0.0,38.7074813,-122.8057785,tract interior point in incorporated place
06097154201,Bay Area,06,06097,Census Tract 1542.01,Outside named places,,0.0,38.8133955,-123.0170717,tract interior point in incorporated place
06097154202,Bay Area,06,06097,Census Tract 1542.02,Outside named places,,0.0,38.7844814,-123.1143177,tract interior point in incorporated place
06097154304,Bay Area,06,06097,Census Tract 1543.04,Outside named places,,0.0,38.6435073,-123.1933099,tract interior point in incorporated place
06097154305,Bay Area,06,06097,Census Tract 1543.05,Outside named places,,0.0,38.3499066,-123.0135453,tract interior point in incorporated place
06097154306,Bay Area,06,06097,Census Tract 1543.06,Outside named places,,0.0,38.3856433,-122.9507504,tract interior point in incorporated place
06097154307,Bay Area,06,06097,Census Tract 1543.07,Outside named places,,0.0,38.5786079,-123.3140349,tract interior point in incorporated place
06097154308,Bay Area,06,06097,Census Tract 1543.08,Outside named places,,0.0,38.7531796,-123.4845088,tract interior point in incorporated place
06097990100,Bay Area,06,06097,Census Tract 9901,Outside named places,,0.0,38.5339212,-123.3162791,tract interior point in incorporated place
53033000101,Seattle/Puget Sound,53,53033,Census Tract 1.01,Seattle,5363000,0.8,47.730115,-122.2930741,tract interior point in incorporated place
53033000102,Seattle/Puget Sound,53,53033,Census Tract 1.02,Seattle,5363000,0.8,47.7247297,-122.2845705,tract interior point in incorporated place
53033000201,Seattle/Puget Sound,53,53033,Census Tract 2.01,Seattle,5363000,0.8,47.7263725,-122.3160435,tract interior point in incorporated place
53033000202,Seattle/Puget Sound,53,53033,Census Tract 2.02,Seattle,5363000,0.8,47.7269637,-122.3026174,tract interior point in incorporated place
53033000300,Seattle/Puget Sound,53,53033,Census Tract 3,Seattle,5363000,0.8,47.7305259,-122.3329277,tract interior point in incorporated place
53033000402,Seattle/Puget Sound,53,53033,Census Tract 4.02,Seattle,5363000,0.8,47.7168585,-122.3523664,tract interior point in incorporated place
53033000403,Seattle/Puget Sound,53,53033,Census Tract 4.03,Seattle,5363000,0.8,47.7279716,-122.3536298,tract interior point in incorporated place
53033000404,Seattle/Puget Sound,53,53033,Census Tract 4.04,Seattle,5363000,0.8,47.7309491,-122.3518318,tract interior point in incorporated place
53033000500,Seattle/Puget Sound,53,53033,Census Tract 5,Seattle,5363000,0.8,47.7224094,-122.3710555,tract interior point in incorporated place
53033000601,Seattle/Puget Sound,53,53033,Census Tract 6.01,Seattle,5363000,0.8,47.7167031,-122.3232436,tract interior point in incorporated place
53033000602,Seattle/Puget Sound,53,53033,Census Tract 6.02,Seattle,5363000,0.8,47.7183288,-122.3362068,tract interior point in incorporated place
53033000700,Seattle/Puget Sound,53,53033,Census Tract 7,Seattle,5363000,0.8,47.7156896,-122.3018611,tract interior point in incorporated place
53033000800,Seattle/Puget Sound,53,53033,Census Tract 8,Seattle,5363000,0.8,47.7112517,-122.2860818,tract interior point in incorporated place
53033000900,Seattle/Puget Sound,53,53033,Census Tract 9,Seattle,5363000,0.8,47.7067218,-122.2749455,tract interior point in incorporated place
53033001000,Seattle/Puget Sound,53,53033,Census Tract 10,Seattle,5363000,0.8,47.7064073,-122.2960632,tract interior point in incorporated place
53033001100,Seattle/Puget Sound,53,53033,Census Tract 11,Seattle,5363000,0.8,47.7065465,-122.306806,tract interior point in incorporated place
53033001201,Seattle/Puget Sound,53,53033,Census Tract 12.01,Seattle,5363000,0.8,47.7079921,-122.3273315,tract interior point in incorporated place
53033001202,Seattle/Puget Sound,53,53033,Census Tract 12.02,Seattle,5363000,0.8,47.7060217,-122.3172561,tract interior point in incorporated place
53033001300,Seattle/Puget Sound,53,53033,Census Tract 13,Seattle,5363000,0.8,47.7022935,-122.3421875,tract interior point in incorporated place
53033001400,Seattle/Puget Sound,53,53033,Census Tract 14,Seattle,5363000,0.8,47.7078795,-122.3674088,tract interior point in incorporated place
53033001500,Seattle/Puget Sound,53,53033,Census Tract 15,Seattle,5363000,0.8,47.6979702,-122.3952683,tract interior point in incorporated place
53033001600,Seattle/Puget Sound,53,53033,Census Tract 16,Seattle,5363000,0.8,47.7004832,-122.3799371,tract interior point in incorporated place
53033001701,Seattle/Puget Sound,53,53033,Census Tract 17.01,Seattle,5363000,0.8,47.6963619,-122.3544843,tract interior point in incorporated place
53033001702,Seattle/Puget Sound,53,53033,Census Tract 17.02,Seattle,5363000,0.8,47.6965211,-122.3639488,tract interior point in incorporated place
53033001800,Seattle/Puget Sound,53,53033,Census Tract 18,Seattle,5363000,0.8,47.6940568,-122.3419681,tract interior point in incorporated place
53033001900,Seattle/Puget Sound,53,53033,Census Tract 19,Seattle,5363000,0.8,47.6965229,-122.3262226,tract interior point in incorporated place
53033002000,Seattle/Puget Sound,53,53033,Census Tract 20,Seattle,5363000,0.8,47.6954718,-122.3118714,tract interior point in incorporated place
53033002100,Seattle/Puget Sound,53,53033,Census Tract 21,Seattle,5363000,0.8,47.6953673,-122.2980453,tract interior point in incorporated place
53033002200,Seattle/Puget Sound,53,53033,Census Tract 22,Seattle,5363000,0.8,47.6941159,-122.2754574,tract interior point in incorporated place
53033002400,Seattle/Puget Sound,53,53033,Census Tract 24,Seattle,5363000,0.8,47.6866167,-122.2879302,tract interior point in incorporated place
53033002500,Seattle/Puget Sound,53,53033,Census Tract 25,Seattle,5363000,0.8,47.6838969,-122.3022793,tract interior point in incorporated place
53033002600,Seattle/Puget Sound,53,53033,Census Tract 26,Seattle,5363000,0.8,47.6822031,-122.3113993,tract interior point in incorporated place
53033002700,Seattle/Puget Sound,53,53033,Census Tract 27,Seattle,5363000,0.8,47.6868572,-122.3310895,tract interior point in incorporated place
53033002800,Seattle/Puget Sound,53,53033,Census Tract 28,Seattle,5363000,0.8,47.6851257,-122.3498985,tract interior point in incorporated place
53033002900,Seattle/Puget Sound,53,53033,Census Tract 29,Seattle,5363000,0.8,47.6850872,-122.3606466,tract interior point in incorporated place
53033003000,Seattle/Puget Sound,53,53033,Census Tract 30,Seattle,5363000,0.8,47.6850958,-122.3740444,tract interior point in incorporated place
53033003100,Seattle/Puget Sound,53,53033,Census Tract 31,Seattle,5363000,0.8,47.6877574,-122.3964308,tract interior point in incorporated place
53033003201,Seattle/Puget Sound,53,53033,Census Tract 32.01,Seattle,5363000,0.8,47.6752462,-122.4040825,tract interior point in incorporated place
53033003202,Seattle/Puget Sound,53,53033,Census Tract 32.02,Seattle,5363000,0.8,47.6752342,-122.3942667,tract interior point in incorporated place
53033003301,Seattle/Puget Sound,53,53033,Census Tract 33.01,Seattle,5363000,0.8,47.675937,-122.3820154,tract interior point in incorporated place
53033003302,Seattle/Puget Sound,53,53033,Census Tract 33.02,Seattle,5363000,0.8,47.676008,-122.3712585,tract interior point in incorporated place
53033003400,Seattle/Puget Sound,53,53033,Census Tract 34,Seattle,5363000,0.8,47.6740646,-122.3617462,tract interior point in incorporated place
53033003500,Seattle/Puget Sound,53,53033,Census Tract 35,Seattle,5363000,0.8,47.6725466,-122.352088,tract interior point in incorporated place
53033003601,Seattle/Puget Sound,53,53033,Census Tract 36.01,Seattle,5363000,0.8,47.6749093,-122.326043,tract interior point in incorporated place
53033003602,Seattle/Puget Sound,53,53033,Census Tract 36.02,Seattle,5363000,0.8,47.6801362,-122.3218336,tract interior point in incorporated place
53033003800,Seattle/Puget Sound,53,53033,Census Tract 38,Seattle,5363000,0.8,47.6794093,-122.2955292,tract interior point in incorporated place
53033003900,Seattle/Puget Sound,53,53033,Census Tract 39,Seattle,5363000,0.8,47.6794117,-122.2823415,tract interior point in incorporated place
53033004000,Seattle/Puget Sound,53,53033,Census Tract 40,Seattle,5363000,0.8,47.6801653,-122.2516302,tract interior point in incorporated place
53033004101,Seattle/Puget Sound,53,53033,Census Tract 41.01,Seattle,5363000,0.8,47.66064,-122.2694346,tract interior point in incorporated place
53033004102,Seattle/Puget Sound,53,53033,Census Tract 41.02,Seattle,5363000,0.8,47.6737465,-122.25175,tract interior point in incorporated place
53033004201,Seattle/Puget Sound,53,53033,Census Tract 42.01,Seattle,5363000,0.8,47.671624,-122.277599,tract interior point in incorporated place
53033004202,Seattle/Puget Sound,53,53033,Census Tract 42.02,Seattle,5363000,0.8,47.6687521,-122.2907266,tract interior point in incorporated place
53033004301,Seattle/Puget Sound,53,53033,Census Tract 43.01,Seattle,5363000,0.8,47.6694019,-122.3002216,tract interior point in incorporated place
53033004302,Seattle/Puget Sound,53,53033,Census Tract 43.02,Seattle,5363000,0.8,47.6647387,-122.3035964,tract interior point in incorporated place
53033004401,Seattle/Puget Sound,53,53033,Census Tract 44.01,Seattle,5363000,0.8,47.671271,-122.3107454,tract interior point in incorporated place
53033004402,Seattle/Puget Sound,53,53033,Census Tract 44.02,Seattle,5363000,0.8,47.6681501,-122.3147285,tract interior point in incorporated place
53033004500,Seattle/Puget Sound,53,53033,Census Tract 45,Seattle,5363000,0.8,47.6685824,-122.3229111,tract interior point in incorporated place
53033004600,Seattle/Puget Sound,53,53033,Census Tract 46,Seattle,5363000,0.8,47.6738738,-122.3347099,tract interior point in incorporated place
53033004701,Seattle/Puget Sound,53,53033,Census Tract 47.01,Seattle,5363000,0.8,47.6654796,-122.3828943,tract interior point in incorporated place
53033004702,Seattle/Puget Sound,53,53033,Census Tract 47.02,Seattle,5363000,0.8,47.670513,-122.3778052,tract interior point in incorporated place
53033004703,Seattle/Puget Sound,53,53033,Census Tract 47.03,Seattle,5363000,0.8,47.6643472,-122.3721352,tract interior point in incorporated place
53033004800,Seattle/Puget Sound,53,53033,Census Tract 48,Seattle,5363000,0.8,47.6608472,-122.3601847,tract interior point in incorporated place
53033004901,Seattle/Puget Sound,53,53033,Census Tract 49.01,Seattle,5363000,0.8,47.6613804,-122.3513529,tract interior point in incorporated place
53033004902,Seattle/Puget Sound,53,53033,Census Tract 49.02,Seattle,5363000,0.8,47.652783,-122.3506012,tract interior point in incorporated place
53033005000,Seattle/Puget Sound,53,53033,Census Tract 50,Seattle,5363000,0.8,47.6608696,-122.3418076,tract interior point in incorporated place
53033005100,Seattle/Puget Sound,53,53033,Census Tract 51,Seattle,5363000,0.8,47.6585183,-122.332248,tract interior point in incorporated place
53033005201,Seattle/Puget Sound,53,53033,Census Tract 52.01,Seattle,5363000,0.8,47.6595743,-122.3245993,tract interior point in incorporated place
53033005202,Seattle/Puget Sound,53,53033,Census Tract 52.02,Seattle,5363000,0.8,47.6567013,-122.3203201,tract interior point in incorporated place
53033005303,Seattle/Puget Sound,53,53033,Census Tract 53.03,Seattle,5363000,0.8,47.6540399,-122.3012544,tract interior point in incorporated place
53033005304,Seattle/Puget Sound,53,53033,Census Tract 53.04,Seattle,5363000,0.8,47.6561001,-122.3150258,tract interior point in incorporated place
53033005305,Seattle/Puget Sound,53,53033,Census Tract 53.05,Seattle,5363000,0.8,47.6590644,-122.3148784,tract interior point in incorporated place
53033005306,Seattle/Puget Sound,53,53033,Census Tract 53.06,Seattle,5363000,0.8,47.6630891,-122.3141376,tract interior point in incorporated place
53033005307,Seattle/Puget Sound,53,53033,Census Tract 53.07,Seattle,5363000,0.8,47.66306,-122.3086776,tract interior point in incorporated place
53033005401,Seattle/Puget Sound,53,53033,Census Tract 54.01,Seattle,5363000,0.8,47.6475292,-122.3381077,tract interior point in incorporated place
53033005402,Seattle/Puget Sound,53,53033,Census Tract 54.02,Seattle,5363000,0.8,47.654105,-122.3411359,tract interior point in incorporated place
53033005600,Seattle/Puget Sound,53,53033,Census Tract 56,Seattle,5363000,0.8,47.6405468,-122.4071053,tract interior point in incorporated place
53033005700,Seattle/Puget Sound,53,53033,Census Tract 57,Seattle,5363000,0.8,47.6581015,-122.4137704,tract interior point in incorporated place
53033005801,Seattle/Puget Sound,53,53033,Census Tract 58.01,Seattle,5363000,0.8,47.6548926,-122.3850376,tract interior point in incorporated place
53033005803,Seattle/Puget Sound,53,53033,Census Tract 58.03,Seattle,5363000,0.8,47.6424544,-122.3878383,tract interior point in incorporated place
53033005804,Seattle/Puget Sound,53,53033,Census Tract 58.04,Seattle,5363000,0.8,47.6319354,-122.3774788,tract interior point in incorporated place
53033005901,Seattle/Puget Sound,53,53033,Census Tract 59.01,Seattle,5363000,0.8,47.6530716,-122.3696366,tract interior point in incorporated place
53033005902,Seattle/Puget Sound,53,53033,Census Tract 59.02,Seattle,5363000,0.8,47.6444414,-122.3684358,tract interior point in incorporated place
53033006000,Seattle/Puget Sound,53,53033,Census Tract 60,Seattle,5363000,0.8,47.6433217,-122.3525509,tract interior point in incorporated place
53033006100,Seattle/Puget Sound,53,53033,Census Tract 61,Seattle,5363000,0.8,47.6444403,-122.3222647,tract interior point in incorporated place
53033006200,Seattle/Puget Sound,53,53033,Census Tract 62,Seattle,5363000,0.8,47.6391316,-122.3012264,tract interior point in incorporated place
53033006300,Seattle/Puget Sound,53,53033,Census Tract 63,Seattle,5363000,0.8,47.6347432,-122.2765813,tract interior point in incorporated place
53033006400,Seattle/Puget Sound,53,53033,Census Tract 64,Seattle,5363000,0.8,47.6285398,-122.3048258,tract interior point in incorporated place
53033006500,Seattle/Puget Sound,53,53033,Census Tract 65,Seattle,5363000,0.8,47.6309633,-122.3177579,tract interior point in incorporated place
53033006600,Seattle/Puget Sound,53,53033,Census Tract 66,Seattle,5363000,0.8,47.62809,-122.3312907,tract interior point in incorporated place
53033006701,Seattle/Puget Sound,53,53033,Census Tract 67.01,Seattle,5363000,0.8,47.6324357,-122.3407732,tract interior point in incorporated place
53033006702,Seattle/Puget Sound,53,53033,Census Tract 67.02,Seattle,5363000,0.8,47.6273058,-122.3456689,tract interior point in incorporated place
53033006703,Seattle/Puget Sound,53,53033,Census Tract 67.03,Seattle,5363000,0.8,47.6345035,-122.3473591,tract interior point in incorporated place
53033006800,Seattle/Puget Sound,53,53033,Census Tract 68,Seattle,5363000,0.8,47.6360306,-122.3564653,tract interior point in incorporated place
53033006900,Seattle/Puget Sound,53,53033,Census Tract 69,Seattle,5363000,0.8,47.6343813,-122.3669907,tract interior point in incorporated place
53033007001,Seattle/Puget Sound,53,53033,Census Tract 70.01,Seattle,5363000,0.8,47.6278767,-122.3603612,tract interior point in incorporated place
53033007002,Seattle/Puget Sound,53,53033,Census Tract 70.02,Seattle,5363000,0.8,47.628523,-122.3541023,tract interior point in incorporated place
53033007101,Seattle/Puget Sound,53,53033,Census Tract 71.01,Seattle,5363000,0.8,47.6216965,-122.3530304,tract interior point in incorporated place
53033007102,Seattle/Puget Sound,53,53033,Census Tract 71.02,Seattle,5363000,0.8,47.6231794,-122.3626414,tract interior point in incorporated place
53033007201,Seattle/Puget Sound,53,53033,Census Tract 72.01,Seattle,5363000,0.8,47.6171374,-122.3460833,tract interior point in incorporated place
53033007202,Seattle/Puget Sound,53,53033,Census Tract 72.02,Seattle,5363000,0.8,47.61536,-122.340578,tract interior point in incorporated place
53033007203,Seattle/Puget Sound,53,53033,Census Tract 72.03,Seattle,5363000,0.8,47.6220291,-122.3435701,tract interior point in incorporated place
53033007301,Seattle/Puget Sound,53,53033,Census Tract 73.01,Seattle,5363000,0.8,47.6219263,-122.3308665,tract interior point in incorporated place
53033007302,Seattle/Puget Sound,53,53033,Census Tract 73.02,Seattle,5363000,0.8,47.6163784,-122.3341111,tract interior point in incorporated place
53033007303,Seattle/Puget Sound,53,53033,Census Tract 73.03,Seattle,5363000,0.8,47.6219789,-122.335832,tract interior point in incorporated place
53033007403,Seattle/Puget Sound,53,53033,Census Tract 74.03,Seattle,5363000,0.8,47.6228951,-122.3227163,tract interior point in incorporated place
53033007404,Seattle/Puget Sound,53,53033,Census Tract 74.04,Seattle,5363000,0.8,47.6230967,-122.3264852,tract interior point in incorporated place
53033007405,Seattle/Puget Sound,53,53033,Census Tract 74.05,Seattle,5363000,0.8,47.6180293,-122.3235972,tract interior point in incorporated place
53033007406,Seattle/Puget Sound,53,53033,Census Tract 74.06,Seattle,5363000,0.8,47.6193203,-122.3260062,tract interior point in incorporated place
53033007501,Seattle/Puget Sound,53,53033,Census Tract 75.01,Seattle,5363000,0.8,47.6221056,-122.3167948,tract interior point in incorporated place
53033007502,Seattle/Puget Sound,53,53033,Census Tract 75.02,Seattle,5363000,0.8,47.6176046,-122.316793,tract interior point in incorporated place
53033007503,Seattle/Puget Sound,53,53033,Census Tract 75.03,Seattle,5363000,0.8,47.6138039,-122.317187,tract interior point in incorporated place
53033007600,Seattle/Puget Sound,53,53033,Census Tract 76,Seattle,5363000,0.8,47.6218678,-122.3075858,tract interior point in incorporated place
53033007700,Seattle/Puget Sound,53,53033,Census Tract 77,Seattle,5363000,0.8,47.6191203,-122.2973516,tract interior point in incorporated place
53033007800,Seattle/Puget Sound,53,53033,Census Tract 78,Seattle,5363000,0.8,47.6141558,-122.2810958,tract interior point in incorporated place
53033007901,Seattle/Puget Sound,53,53033,Census Tract 79.01,Seattle,5363000,0.8,47.6144349,-122.3108156,tract interior point in incorporated place
53033007902,Seattle/Puget Sound,53,53033,Census Tract 79.02,Seattle,5363000,0.8,47.6143565,-122.3057243,tract interior point in incorporated place
53033008002,Seattle/Puget Sound,53,53033,Census Tract 80.02,Seattle,5363000,0.8,47.6120898,-122.3453618,tract interior point in incorporated place
53033008003,Seattle/Puget Sound,53,53033,Census Tract 80.03,Seattle,5363000,0.8,47.6161316,-122.3495916,tract interior point in incorporated place
53033008004,Seattle/Puget Sound,53,53033,Census Tract 80.04,Seattle,5363000,0.8,47.6150718,-122.3552018,tract interior point in incorporated place
53033008101,Seattle/Puget Sound,53,53033,Census Tract 81.01,Seattle,5363000,0.8,47.6074716,-122.3427956,tract interior point in incorporated place
53033008102,Seattle/Puget Sound,53,53033,Census Tract 81.02,Seattle,5363000,0.8,47.605282,-122.336012,tract interior point in incorporated place
53033008200,Seattle/Puget Sound,53,53033,Census Tract 82,Seattle,5363000,0.8,47.6102887,-122.3318896,tract interior point in incorporated place
53033008300,Seattle/Puget Sound,53,53033,Census Tract 83,Seattle,5363000,0.8,47.6118181,-122.3280064,tract interior point in incorporated place
53033008401,Seattle/Puget Sound,53,53033,Census Tract 84.01,Seattle,5363000,0.8,47.6123725,-122.3226009,tract interior point in incorporated place
53033008402,Seattle/Puget Sound,53,53033,Census Tract 84.02,Seattle,5363000,0.8,47.6148658,-122.3260059,tract interior point in incorporated place
53033008500,Seattle/Puget Sound,53,53033,Census Tract 85,Seattle,5363000,0.8,47.6049717,-122.3249555,tract interior point in incorporated place
53033008600,Seattle/Puget Sound,53,53033,Census Tract 86,Seattle,5363000,0.8,47.6071013,-122.3166895,tract interior point in incorporated place
53033008700,Seattle/Puget Sound,53,53033,Census Tract 87,Seattle,5363000,0.8,47.6059236,-122.3077909,tract interior point in incorporated place
53033008800,Seattle/Puget Sound,53,53033,Census Tract 88,Seattle,5363000,0.8,47.6073299,-122.2976324,tract interior point in incorporated place
53033008900,Seattle/Puget Sound,53,53033,Census Tract 89,Seattle,5363000,0.8,47.6010291,-122.285229,tract interior point in incorporated place
53033009000,Seattle/Puget Sound,53,53033,Census Tract 90,Seattle,5363000,0.8,47.5980274,-122.308902,tract interior point in incorporated place
53033009100,Seattle/Puget Sound,53,53033,Census Tract 91,Seattle,5363000,0.8,47.5983847,-122.3217349,tract interior point in incorporated place
53033009200,Seattle/Puget Sound,53,53033,Census Tract 92,Seattle,5363000,0.8,47.6004609,-122.3335323,tract interior point in incorporated place
53033009300,Seattle/Puget Sound,53,53033,Census Tract 93,Seattle,5363000,0.8,47.5771253,-122.330936,tract interior point in incorporated place
53033009400,Seattle/Puget Sound,53,53033,Census Tract 94,Seattle,5363000,0.8,47.5880988,-122.3099702,tract interior point in incorporated place
53033009500,Seattle/Puget Sound,53,53033,Census Tract 95,Seattle,5363000,0.8,47.5761109,-122.2820554,tract interior point in incorporated place
53033009600,Seattle/Puget Sound,53,53033,Census Tract 96,Seattle,5363000,0.8,47.5899898,-122.3882351,tract interior point in incorporated place
53033009701,Seattle/Puget Sound,53,53033,Census Tract 97.01,Seattle,5363000,0.8,47.5731929,-122.4101745,tract interior point in incorporated place
53033009702,Seattle/Puget Sound,53,53033,Census Tract 97.02,Seattle,5363000,0.8,47.5719337,-122.3960103,tract interior point in incorporated place
53033009801,Seattle/Puget Sound,53,53033,Census Tract 98.01,Seattle,5363000,0.8,47.5762555,-122.383143,tract interior point in incorporated place
53033009802,Seattle/Puget Sound,53,53033,Census Tract 98.02,Seattle,5363000,0.8,47.5672342,-122.3830567,tract interior point in incorporated place
53033009900,Seattle/Puget Sound,53,53033,Census Tract 99,Seattle,5363000,0.8,47.5783169,-122.3556262,tract interior point in incorporated place
53033010001,Seattle/Puget Sound,53,53033,Census Tract 100.01,Seattle,5363000,0.8,47.5679917,-122.3049847,tract interior point in incorporated place
53033010002,Seattle/Puget Sound,53,53033,Census Tract 100.02,Seattle,5363000,0.8,47.5765865,-122.3095716,tract interior point in incorporated place
53033010101,Seattle/Puget Sound,53,53033,Census Tract 101.01,Seattle,5363000,0.8,47.5657253,-122.2906975,tract interior point in incorporated place
53033010102,Seattle/Puget Sound,53,53033,Census Tract 101.02,Seattle,5363000,0.8,47.5660585,-122.2688521,tract interior point in incorporated place
53033010200,Seattle/Puget Sound,53,53033,Census Tract 102,Seattle,5363000,0.8,47.5564564,-122.2517138,tract interior point in incorporated place
53033010301,Seattle/Puget Sound,53,53033,Census Tract 103.01,Seattle,5363000,0.8,47.5521545,-122.2805848,tract interior point in incorporated place
53033010302,Seattle/Puget Sound,53,53033,Census Tract 103.02,Seattle,5363000,0.8,47.557377,-122.2858807,tract interior point in incorporated place
53033010401,Seattle/Puget Sound,53,53033,Census Tract 104.01,Seattle,5363000,0.8,47.5532124,-122.2955882,tract interior point in incorporated place
53033010402,Seattle/Puget Sound,53,53033,Census Tract 104.02,Seattle,5363000,0.8,47.5539478,-122.3101489,tract interior point in incorporated place
53033010501,Seattle/Puget Sound,53,53033,Census Tract 105.01,Seattle,5363000,0.8,47.5576235,-122.3801107,tract interior point in incorporated place
53033010502,Seattle/Puget Sound,53,53033,Census Tract 105.02,Seattle,5363000,0.8,47.5573014,-122.3896847,tract interior point in incorporated place
53033010601,Seattle/Puget Sound,53,53033,Census Tract 106.01,Seattle,5363000,0.8,47.5459808,-122.3816984,tract interior point in incorporated place
53033010602,Seattle/Puget Sound,53,53033,Census Tract 106.02,Seattle,5363000,0.8,47.5476919,-122.3967392,tract interior point in incorporated place
53033010701,Seattle/Puget Sound,53,53033,Census Tract 107.01,Seattle,5363000,0.8,47.5451169,-122.3675448,tract interior point in incorporated place
53033010702,Seattle/Puget Sound,53,53033,Census Tract 107.02,Seattle,5363000,0.8,47.5467996,-122.3730587,tract interior point in incorporated place
53033010800,Seattle/Puget Sound,53,53033,Census Tract 108,Seattle,5363000,0.8,47.5440342,-122.3498743,tract interior point in incorporated place
53033010900,Seattle/Puget Sound,53,53033,Census Tract 109,Seattle,5363000,0.8,47.5408335,-122.3175563,tract interior point in incorporated place
53033011001,Seattle/Puget Sound,53,53033,Census Tract 110.01,Seattle,5363000,0.8,47.5384101,-122.2861704,tract interior point in incorporated place
53033011002,Seattle/Puget Sound,53,53033,Census Tract 110.02,Seattle,5363000,0.8,47.5405945,-122.2991995,tract interior point in incorporated place
53033011101,Seattle/Puget Sound,53,53033,Census Tract 111.01,Seattle,5363000,0.8,47.5394734,-122.2773089,tract interior point in incorporated place
53033011102,Seattle/Puget Sound,53,53033,Census Tract 111.02,Seattle,5363000,0.8,47.5447043,-122.2578692,tract interior point in incorporated place
53033011200,Seattle/Puget Sound,53,53033,Census Tract 112,Seattle,5363000,0.8,47.5290238,-122.3250483,tract interior point in incorporated place
53033011300,Seattle/Puget Sound,53,53033,Census Tract 113,Seattle,5363000,0.8,47.5292186,-122.3435714,tract interior point in incorporated place
53033011401,Seattle/Puget Sound,53,53033,Census Tract 114.01,Seattle,5363000,0.8,47.5297061,-122.362028,tract interior point in incorporated place
53033011402,Seattle/Puget Sound,53,53033,Census Tract 114.02,Seattle,5363000,0.8,47.5206654,-122.3646254,tract interior point in incorporated place
53033011500,Seattle/Puget Sound,53,53033,Census Tract 115,Seattle,5363000,0.8,47.5301833,-122.375533,tract interior point in incorporated place
53033011601,Seattle/Puget Sound,53,53033,Census Tract 116.01,Seattle,5363000,0.8,47.5235901,-122.3885434,tract interior point in incorporated place
53033011602,Seattle/Puget Sound,53,53033,Census Tract 116.02,Seattle,5363000,0.8,47.5338344,-122.3952427,tract interior point in incorporated place
53033011700,Seattle/Puget Sound,53,53033,Census Tract 117,Seattle,5363000,0.8,47.5201682,-122.2828633,tract interior point in incorporated place
53033011801,Seattle/Puget Sound,53,53033,Census Tract 118.01,Seattle,5363000,0.8,47.5278065,-122.2655724,tract interior point in incorporated place
53033011802,Seattle/Puget Sound,53,53033,Census Tract 118.02,Seattle,5363000,0.8,47.5187835,-122.2586613,tract interior point in incorporated place
53033011901,Seattle/Puget Sound,53,53033,Census Tract 119.01,Seattle,5363000,0.8,47.5049971,-122.2650093,tract interior point in incorporated place
53033011902,Seattle/Puget Sound,53,53033,Census Tract 119.02,Seattle,5363000,0.8,47.5100217,-122.2442425,tract interior point in incorporated place
53033012000,Seattle/Puget Sound,53,53033,Census Tract 120,Seattle,5363000,0.8,47.5128928,-122.3806115,tract interior point in incorporated place
53033012100,Seattle/Puget Sound,53,53033,Census Tract 121,Seattle,5363000,0.8,47.507595,-122.3873799,tract interior point in incorporated place
53033020100,Seattle/Puget Sound,53,53033,Census Tract 201,Outside named places,,0.0,47.7707111,-122.387361,tract interior point in incorporated place
53033020200,Seattle/Puget Sound,53,53033,Census Tract 202,Outside named places,,0.0,47.7716671,-122.3633577,tract interior point in incorporated place
53033020301,Seattle/Puget Sound,53,53033,Census Tract 203.01,Outside named places,,0.0,47.7719079,-122.3410989,tract interior point in incorporated place
53033020302,Seattle/Puget Sound,53,53033,Census Tract 203.02,Outside named places,,0.0,47.767342,-122.3392599,tract interior point in incorporated place
53033020401,Seattle/Puget Sound,53,53033,Census Tract 204.01,Outside named places,,0.0,47.7708201,-122.3195433,tract interior point in incorporated place
53033020402,Seattle/Puget Sound,53,53033,Census Tract 204.02,Outside named places,,0.0,47.7695042,-122.2970351,tract interior point in incorporated place
53033020500,Seattle/Puget Sound,53,53033,Census Tract 205,Outside named places,,0.0,47.7562524,-122.3138057,tract interior point in incorporated place
53033020600,Seattle/Puget Sound,53,53033,Census Tract 206,Outside named places,,0.0,47.7559993,-122.3320996,tract interior point in incorporated place
53033020700,Seattle/Puget Sound,53,53033,Census Tract 207,Outside named places,,0.0,47.7561637,-122.3473227,tract interior point in incorporated place
53033020800,Seattle/Puget Sound,53,53033,Census Tract 208,Outside named places,,0.0,47.756977,-122.3716178,tract interior point in incorporated place
53033020900,Seattle/Puget Sound,53,53033,Census Tract 209,Outside named places,,0.0,47.7432786,-122.3639033,tract interior point in incorporated place
53033021000,Seattle/Puget Sound,53,53033,Census Tract 210,Outside named places,,0.0,47.7396007,-122.3357847,tract interior point in incorporated place
53033021100,Seattle/Puget Sound,53,53033,Census Tract 211,Outside named places,,0.0,47.7412054,-122.3128854,tract interior point in incorporated place
53033021300,Seattle/Puget Sound,53,53033,Census Tract 213,Outside named places,,0.0,47.7402939,-122.286956,tract interior point in incorporated place
53033021400,Seattle/Puget Sound,53,53033,Census Tract 214,Outside named places,,0.0,47.7507662,-122.2924491,tract interior point in incorporated place
53033021500,Seattle/Puget Sound,53,53033,Census Tract 215,Outside named places,,0.0,47.7643848,-122.2737863,tract interior point in incorporated place
53033021600,Seattle/Puget Sound,53,53033,Census Tract 216,Outside named places,,0.0,47.7661738,-122.25821,tract interior point in incorporated place
53033021701,Seattle/Puget Sound,53,53033,Census Tract 217.01,Outside named places,,0.0,47.7709407,-122.2375721,tract interior point in incorporated place
53033021702,Seattle/Puget Sound,53,53033,Census Tract 217.02,Outside named places,,0.0,47.7587336,-122.2334798,tract interior point in incorporated place
53033021802,Seattle/Puget Sound,53,53033,Census Tract 218.02,Bothell,5307380,0.4,47.7674648,-122.1726215,tract interior point in incorporated place
53033021803,Seattle/Puget Sound,53,53033,Census Tract 218.03,Bothell,5307380,0.4,47.7644399,-122.2145092,tract interior point in incorporated place
53033021804,Seattle/Puget Sound,53,53033,Census Tract 218.04,Bothell,5307380,0.4,47.7657296,-122.1963089,tract interior point in incorporated place
53033021903,Seattle/Puget Sound,53,53033,Census Tract 219.03,Kirkland,5335940,0.8,47.7175937,-122.1785216,tract interior point in incorporated place
53033021904,Seattle/Puget Sound,53,53033,Census Tract 219.04,Kirkland,5335940,0.8,47.7229154,-122.1615736,tract interior point in incorporated place
53033021905,Seattle/Puget Sound,53,53033,Census Tract 219.05,Bothell,5307380,0.4,47.7430044,-122.1814339,tract interior point in incorporated place
53033021906,Seattle/Puget Sound,53,53033,Census Tract 219.06,Outside named places,,0.0,47.7406439,-122.1648554,tract interior point in incorporated place
53033022001,Seattle/Puget Sound,53,53033,Census Tract 220.01,Bothell,5307380,0.4,47.7453001,-122.1988962,tract interior point in incorporated place
53033022003,Seattle/Puget Sound,53,53033,Census Tract 220.03,Kirkland,5335940,0.8,47.7257721,-122.1984943,tract interior point in incorporated place
53033022005,Seattle/Puget Sound,53,53033,Census Tract 220.05,Kirkland,5335940,0.8,47.7116198,-122.1938925,tract interior point in incorporated place
53033022006,Seattle/Puget Sound,53,53033,Census Tract 220.06,Kirkland,5335940,0.8,47.7043423,-122.1992669,tract interior point in incorporated place
53033022101,Seattle/Puget Sound,53,53033,Census Tract 221.01,Outside named places,,0.0,47.7418778,-122.255917,tract interior point in incorporated place
53033022102,Seattle/Puget Sound,53,53033,Census Tract 221.02,Outside named places,,0.0,47.7424731,-122.225926,tract interior point in incorporated place
53033022201,Seattle/Puget Sound,53,53033,Census Tract 222.01,Kirkland,5335940,0.8,47.7263403,-122.2320467,tract interior point in incorporated place
53033022203,Seattle/Puget Sound,53,53033,Census Tract 222.03,Kirkland,5335940,0.8,47.7078698,-122.2247702,tract interior point in incorporated place
53033022204,Seattle/Puget Sound,53,53033,Census Tract 222.04,Kirkland,5335940,0.8,47.7259013,-122.2150408,tract interior point in incorporated place
53033022205,Seattle/Puget Sound,53,53033,Census Tract 222.05,Kirkland,5335940,0.8,47.7124231,-122.2132077,tract interior point in incorporated place
53033022300,Seattle/Puget Sound,53,53033,Census Tract 223,Kirkland,5335940,0.8,47.7149324,-122.2492921,tract interior point in incorporated place
53033022401,Seattle/Puget Sound,53,53033,Census Tract 224.01,Kirkland,5335940,0.8,47.6938359,-122.1997778,tract interior point in incorporated place
53033022402,Seattle/Puget Sound,53,53033,Census Tract 224.02,Kirkland,5335940,0.8,47.6815026,-122.213624,tract interior point in incorporated place
53033022501,Seattle/Puget Sound,53,53033,Census Tract 225.01,Kirkland,5335940,0.8,47.6842794,-122.1881832,tract interior point in incorporated place
53033022502,Seattle/Puget Sound,53,53033,Census Tract 225.02,Kirkland,5335940,0.8,47.6742077,-122.1993985,tract interior point in incorporated place
53033022603,Seattle/Puget Sound,53,53033,Census Tract 226.03,Kirkland,5335940,0.8,47.6948177,-122.17163,tract interior point in incorporated place
53033022604,Seattle/Puget Sound,53,53033,Census Tract 226.04,Kirkland,5335940,0.8,47.6762219,-122.1739912,tract interior point in incorporated place
53033022605,Seattle/Puget Sound,53,53033,Census Tract 226.05,Redmond,5357535,1.0,47.6914611,-122.1557449,tract interior point in incorporated place
53033022606,Seattle/Puget Sound,53,53033,Census Tract 226.06,Redmond,5357535,1.0,47.6689188,-122.1547915,tract interior point in incorporated place
53033022701,Seattle/Puget Sound,53,53033,Census Tract 227.01,Kirkland,5335940,0.8,47.6548917,-122.2056786,tract interior point in incorporated place
53033022702,Seattle/Puget Sound,53,53033,Census Tract 227.02,Kirkland,5335940,0.8,47.6568498,-122.194254,tract interior point in incorporated place
53033022703,Seattle/Puget Sound,53,53033,Census Tract 227.03,Kirkland,5335940,0.8,47.657302,-122.1758428,tract interior point in incorporated place
53033022802,Seattle/Puget Sound,53,53033,Census Tract 228.02,Redmond,5357535,1.0,47.6634066,-122.1350036,tract interior point in incorporated place
53033022803,Seattle/Puget Sound,53,53033,Census Tract 228.03,Redmond,5357535,1.0,47.643933,-122.1312723,tract interior point in incorporated place
53033022804,Seattle/Puget Sound,53,53033,Census Tract 228.04,Bellevue,5305210,1.0,47.6379751,-122.1474819,tract interior point in incorporated place
53033022805,Seattle/Puget Sound,53,53033,Census Tract 228.05,Bellevue,5305210,1.0,47.6486766,-122.1547452,tract interior point in incorporated place
53033022901,Seattle/Puget Sound,53,53033,Census Tract 229.01,Bellevue,5305210,1.0,47.6366049,-122.1183889,tract interior point in incorporated place
53033022902,Seattle/Puget Sound,53,53033,Census Tract 229.02,Redmond,5357535,1.0,47.6403935,-122.102278,tract interior point in incorporated place
53033023000,Seattle/Puget Sound,53,53033,Census Tract 230,Bellevue,5305210,1.0,47.6217389,-122.1029997,tract interior point in incorporated place
53033023100,Seattle/Puget Sound,53,53033,Census Tract 231,Bellevue,5305210,1.0,47.5973381,-122.1103293,tract interior point in incorporated place
53033023201,Seattle/Puget Sound,53,53033,Census Tract 232.01,Bellevue,5305210,1.0,47.6186878,-122.137617,tract interior point in incorporated place
53033023202,Seattle/Puget Sound,53,53033,Census Tract 232.02,Bellevue,5305210,1.0,47.6178862,-122.1271368,tract interior point in incorporated place
53033023300,Seattle/Puget Sound,53,53033,Census Tract 233,Bellevue,5305210,1.0,47.6003452,-122.1289619,tract interior point in incorporated place
53033023401,Seattle/Puget Sound,53,53033,Census Tract 234.01,Bellevue,5305210,1.0,47.5868216,-122.1468183,tract interior point in incorporated place
53033023403,Seattle/Puget Sound,53,53033,Census Tract 234.03,Bellevue,5305210,1.0,47.5805595,-122.1141855,tract interior point in incorporated place
53033023404,Seattle/Puget Sound,53,53033,Census Tract 234.04,Outside named places,,0.0,47.5669008,-122.0863383,tract interior point in incorporated place
53033023500,Seattle/Puget Sound,53,53033,Census Tract 235,Bellevue,5305210,1.0,47.5917924,-122.1734356,tract interior point in incorporated place
53033023601,Seattle/Puget Sound,53,53033,Census Tract 236.01,Bellevue,5305210,1.0,47.6104071,-122.1717598,tract interior point in incorporated place
53033023603,Seattle/Puget Sound,53,53033,Census Tract 236.03,Bellevue,5305210,1.0,47.6173889,-122.1507628,tract interior point in incorporated place
53033023604,Seattle/Puget Sound,53,53033,Census Tract 236.04,Bellevue,5305210,1.0,47.5993994,-122.1538559,tract interior point in incorporated place
53033023701,Seattle/Puget Sound,53,53033,Census Tract 237.01,Bellevue,5305210,1.0,47.6387236,-122.1767944,tract interior point in incorporated place
53033023702,Seattle/Puget Sound,53,53033,Census Tract 237.02,Bellevue,5305210,1.0,47.6240909,-122.1710911,tract interior point in incorporated place
53033023801,Seattle/Puget Sound,53,53033,Census Tract 238.01,Bellevue,5305210,1.0,47.5956791,-122.1891073,tract interior point in incorporated place
53033023805,Seattle/Puget Sound,53,53033,Census Tract 238.05,Bellevue,5305210,1.0,47.6192553,-122.2016602,tract interior point in incorporated place
53033023806,Seattle/Puget Sound,53,53033,Census Tract 238.06,Bellevue,5305210,1.0,47.6192524,-122.1925281,tract interior point in incorporated place
53033023807,Seattle/Puget Sound,53,53033,Census Tract 238.07,Bellevue,5305210,1.0,47.6139313,-122.1999085,tract interior point in incorporated place
53033023808,Seattle/Puget Sound,53,53033,Census Tract 238.08,Bellevue,5305210,1.0,47.6119127,-122.1938322,tract interior point in incorporated place
53033023901,Seattle/Puget Sound,53,53033,Census Tract 239.01,Bellevue,5305210,1.0,47.5930104,-122.2079349,tract interior point in incorporated place
53033023902,Seattle/Puget Sound,53,53033,Census Tract 239.02,Bellevue,5305210,1.0,47.5691316,-122.1891507,tract interior point in incorporated place
53033024001,Seattle/Puget Sound,53,53033,Census Tract 240.01,Bellevue,5305210,1.0,47.6320617,-122.199121,tract interior point in incorporated place
53033024002,Seattle/Puget Sound,53,53033,Census Tract 240.02,Bellevue,5305210,1.0,47.6183622,-122.2121125,tract interior point in incorporated place
53033024100,Seattle/Puget Sound,53,53033,Census Tract 241,Outside named places,,0.0,47.6445856,-122.2199912,tract interior point in incorporated place
53033024200,Seattle/Puget Sound,53,53033,Census Tract 242,Outside named places,,0.0,47.634866,-122.2402688,tract interior point in incorporated place
53033024301,Seattle/Puget Sound,53,53033,Census Tract 243.01,Outside named places,,0.0,47.5820446,-122.2335462,tract interior point in incorporated place
53033024302,Seattle/Puget Sound,53,53033,Census Tract 243.02,Outside named places,,0.0,47.5926899,-122.2449557,tract interior point in incorporated place
53033024400,Seattle/Puget Sound,53,53033,Census Tract 244,Outside named places,,0.0,47.5788389,-122.2131521,tract interior point in incorporated place
53033024500,Seattle/Puget Sound,53,53033,Census Tract 245,Outside named places,,0.0,47.5664296,-122.2170417,tract interior point in incorporated place
53033024601,Seattle/Puget Sound,53,53033,Census Tract 246.01,Outside named places,,0.0,47.5484721,-122.2236604,tract interior point in incorporated place
53033024602,Seattle/Puget Sound,53,53033,Census Tract 246.02,Outside named places,,0.0,47.5311176,-122.2338055,tract interior point in incorporated place
53033024701,Seattle/Puget Sound,53,53033,Census Tract 247.01,Bellevue,5305210,1.0,47.5615487,-122.1806659,tract interior point in incorporated place
53033024703,Seattle/Puget Sound,53,53033,Census Tract 247.03,Outside named places,,0.0,47.5280151,-122.1851357,tract interior point in incorporated place
53033024704,Seattle/Puget Sound,53,53033,Census Tract 247.04,Outside named places,,0.0,47.5396126,-122.1898819,tract interior point in incorporated place
53033024800,Seattle/Puget Sound,53,53033,Census Tract 248,Bellevue,5305210,1.0,47.5743868,-122.1520699,tract interior point in incorporated place
53033024901,Seattle/Puget Sound,53,53033,Census Tract 249.01,Bellevue,5305210,1.0,47.5633934,-122.1568428,tract interior point in incorporated place
53033024902,Seattle/Puget Sound,53,53033,Census Tract 249.02,Bellevue,5305210,1.0,47.5653697,-122.1337183,tract interior point in incorporated place
53033024904,Seattle/Puget Sound,53,53033,Census Tract 249.04,Bellevue,5305210,1.0,47.5461877,-122.1463703,tract interior point in incorporated place
53033024905,Seattle/Puget Sound,53,53033,Census Tract 249.05,Bellevue,5305210,1.0,47.5542223,-122.1375616,tract interior point in incorporated place
53033025001,Seattle/Puget Sound,53,53033,Census Tract 250.01,Outside named places,,0.0,47.5379558,-122.1689468,tract interior point in incorporated place
53033025005,Seattle/Puget Sound,53,53033,Census Tract 250.05,Outside named places,,0.0,47.5306824,-122.1466867,tract interior point in incorporated place
53033025006,Seattle/Puget Sound,53,53033,Census Tract 250.06,Outside named places,,0.0,47.5269279,-122.0986626,tract interior point in incorporated place
53033025007,Seattle/Puget Sound,53,53033,Census Tract 250.07,Bellevue,5305210,1.0,47.5529149,-122.1054184,tract interior point in incorporated place
53033025008,Seattle/Puget Sound,53,53033,Census Tract 250.08,Bellevue,5305210,1.0,47.5638066,-122.1122579,tract interior point in incorporated place
53033025101,Seattle/Puget Sound,53,53033,Census Tract 251.01,Outside named places,,0.0,47.509392,-122.1549957,tract interior point in incorporated place
53033025103,Seattle/Puget Sound,53,53033,Census Tract 251.03,Outside named places,,0.0,47.4947076,-122.1557587,tract interior point in incorporated place
53033025104,Seattle/Puget Sound,53,53033,Census Tract 251.04,Outside named places,,0.0,47.4992681,-122.1355354,tract interior point in incorporated place
53033025201,Seattle/Puget Sound,53,53033,Census Tract 252.01,Outside named places,,0.0,47.5078428,-122.1923034,tract interior point in incorporated place
53033025202,Seattle/Puget Sound,53,53033,Census Tract 252.02,Outside named places,,0.0,47.5121074,-122.1764378,tract interior point in incorporated place
53033025302,Seattle/Puget Sound,53,53033,Census Tract 253.02,Outside named places,,0.0,47.4920109,-122.2153549,tract interior point in incorporated place
53033025303,Seattle/Puget Sound,53,53033,Census Tract 253.03,Outside named places,,0.0,47.4913584,-122.1998442,tract interior point in incorporated place
53033025304,Seattle/Puget Sound,53,53033,Census Tract 253.04,Outside named places,,0.0,47.5178634,-122.2078846,tract interior point in incorporated place
53033025401,Seattle/Puget Sound,53,53033,Census Tract 254.01,Outside named places,,0.0,47.4977587,-122.1813358,tract interior point in incorporated place
53033025402,Seattle/Puget Sound,53,53033,Census Tract 254.02,Outside named places,,0.0,47.4910343,-122.1867087,tract interior point in incorporated place
53033025500,Seattle/Puget Sound,53,53033,Census Tract 255,Outside named places,,0.0,47.4970782,-122.1699572,tract interior point in incorporated place
53033025601,Seattle/Puget Sound,53,53033,Census Tract 256.01,Outside named places,,0.0,47.4828415,-122.1749934,tract interior point in incorporated place
53033025602,Seattle/Puget Sound,53,53033,Census Tract 256.02,Outside named places,,0.0,47.4777777,-122.149199,tract interior point in incorporated place
53033025702,Seattle/Puget Sound,53,53033,Census Tract 257.02,Outside named places,,0.0,47.4635505,-122.164279,tract interior point in incorporated place
53033025703,Seattle/Puget Sound,53,53033,Census Tract 257.03,Outside named places,,0.0,47.465953,-122.1987897,tract interior point in incorporated place
53033025704,Seattle/Puget Sound,53,53033,Census Tract 257.04,Outside named places,,0.0,47.4735006,-122.1884561,tract interior point in incorporated place
53033025803,Seattle/Puget Sound,53,53033,Census Tract 258.03,Outside named places,,0.0,47.4503896,-122.178457,tract interior point in incorporated place
53033025804,Seattle/Puget Sound,53,53033,Census Tract 258.04,Outside named places,,0.0,47.454782,-122.1691753,tract interior point in incorporated place
53033025805,Seattle/Puget Sound,53,53033,Census Tract 258.05,Outside named places,,0.0,47.4546858,-122.1937967,tract interior point in incorporated place
53033025806,Seattle/Puget Sound,53,53033,Census Tract 258.06,Outside named places,,0.0,47.4542299,-122.2095973,tract interior point in incorporated place
53033026001,Seattle/Puget Sound,53,53033,Census Tract 260.01,Outside named places,,0.0,47.4988699,-122.2358957,tract interior point in incorporated place
53033026003,Seattle/Puget Sound,53,53033,Census Tract 260.03,Outside named places,,0.0,47.478827,-122.2417612,tract interior point in incorporated place
53033026004,Seattle/Puget Sound,53,53033,Census Tract 260.04,Outside named places,,0.0,47.4905387,-122.2230349,tract interior point in incorporated place
53033026101,Seattle/Puget Sound,53,53033,Census Tract 261.01,Outside named places,,0.0,47.4874622,-122.2518616,tract interior point in incorporated place
53033026102,Seattle/Puget Sound,53,53033,Census Tract 261.02,Outside named places,,0.0,47.4949418,-122.2498458,tract interior point in incorporated place
53033026200,Seattle/Puget Sound,53,53033,Census Tract 262,Outside named places,,0.0,47.4492541,-122.2432373,tract interior point in incorporated place
53033026300,Seattle/Puget Sound,53,53033,Census Tract 263,Outside named places,,0.0,47.5036921,-122.2847033,tract interior point in incorporated place
53033026400,Seattle/Puget Sound,53,53033,Census Tract 264,Outside named places,,0.0,47.5090918,-122.3112029,tract interior point in incorporated place
53033026500,Seattle/Puget Sound,53,53033,Census Tract 265,Outside named places,,0.0,47.5129979,-122.3375902,tract interior point in incorporated place
53033026600,Seattle/Puget Sound,53,53033,Census Tract 266,Outside named places,,0.0,47.512846,-122.3632681,tract interior point in incorporated place
53033026700,Seattle/Puget Sound,53,53033,Census Tract 267,Outside named places,,0.0,47.4958065,-122.3640333,tract interior point in incorporated place
53033026801,Seattle/Puget Sound,53,53033,Census Tract 268.01,Outside named places,,0.0,47.5076338,-122.3433587,tract interior point in incorporated place
53033026802,Seattle/Puget Sound,53,53033,Census Tract 268.02,Outside named places,,0.0,47.497829,-122.3413234,tract interior point in incorporated place
53033027000,Seattle/Puget Sound,53,53033,Census Tract 270,Outside named places,,0.0,47.4976819,-122.3219067,tract interior point in incorporated place
53033027100,Seattle/Puget Sound,53,53033,Census Tract 271,Outside named places,,0.0,47.4920578,-122.2998501,tract interior point in incorporated place
53033027200,Seattle/Puget Sound,53,53033,Census Tract 272,Outside named places,,0.0,47.4867948,-122.2813197,tract interior point in incorporated place
53033027300,Seattle/Puget Sound,53,53033,Census Tract 273,Outside named places,,0.0,47.480596,-122.2985241,tract interior point in incorporated place
53033027400,Seattle/Puget Sound,53,53033,Census Tract 274,Outside named places,,0.0,47.4827326,-122.3236114,tract interior point in incorporated place
53033027500,Seattle/Puget Sound,53,53033,Census Tract 275,Outside named places,,0.0,47.4816357,-122.341172,tract interior point in incorporated place
53033027600,Seattle/Puget Sound,53,53033,Census Tract 276,Outside named places,,0.0,47.4758418,-122.358743,tract interior point in incorporated place
53033027701,Seattle/Puget Sound,53,53033,Census Tract 277.01,Outside named places,,0.0,47.4509608,-122.4764915,tract interior point in incorporated place
53033027702,Seattle/Puget Sound,53,53033,Census Tract 277.02,Outside named places,,0.0,47.3758443,-122.4365251,tract interior point in incorporated place
53033027800,Seattle/Puget Sound,53,53033,Census Tract 278,Outside named places,,0.0,47.4515094,-122.3679231,tract interior point in incorporated place
53033027901,Seattle/Puget Sound,53,53033,Census Tract 279.01,Outside named places,,0.0,47.4660648,-122.3488771,tract interior point in incorporated place
53033027902,Seattle/Puget Sound,53,53033,Census Tract 279.02,Outside named places,,0.0,47.4668558,-122.341531,tract interior point in incorporated place
53033028000,Seattle/Puget Sound,53,53033,Census Tract 280,Outside named places,,0.0,47.466716,-122.3244687,tract interior point in incorporated place
53033028100,Seattle/Puget Sound,53,53033,Census Tract 281,Outside named places,,0.0,47.4687361,-122.2988958,tract interior point in incorporated place
53033028200,Seattle/Puget Sound,53,53033,Census Tract 282,Outside named places,,0.0,47.4657741,-122.2768563,tract interior point in incorporated place
53033028300,Seattle/Puget Sound,53,53033,Census Tract 283,Outside named places,,0.0,47.436365,-122.2655054,tract interior point in incorporated place
53033028402,Seattle/Puget Sound,53,53033,Census Tract 284.02,Outside named places,,0.0,47.4504671,-122.3032766,tract interior point in incorporated place
53033028403,Seattle/Puget Sound,53,53033,Census Tract 284.03,Outside named places,,0.0,47.4367795,-122.2839568,tract interior point in incorporated place
53033028500,Seattle/Puget Sound,53,53033,Census Tract 285,Outside named places,,0.0,47.4454085,-122.3248135,tract interior point in incorporated place
53033028600,Seattle/Puget Sound,53,53033,Census Tract 286,Outside named places,,0.0,47.4329749,-122.3446892,tract interior point in incorporated place
53033028700,Seattle/Puget Sound,53,53033,Census Tract 287,Outside named places,,0.0,47.4212394,-122.3278018,tract interior point in incorporated place
53033028801,Seattle/Puget Sound,53,53033,Census Tract 288.01,Outside named places,,0.0,47.4207125,-122.3085621,tract interior point in incorporated place
53033028802,Seattle/Puget Sound,53,53033,Census Tract 288.02,Outside named places,,0.0,47.4258563,-122.2858035,tract interior point in incorporated place
53033028901,Seattle/Puget Sound,53,53033,Census Tract 289.01,Outside named places,,0.0,47.4026302,-122.3203514,tract interior point in incorporated place
53033028902,Seattle/Puget Sound,53,53033,Census Tract 289.02,Outside named places,,0.0,47.399399,-122.301752,tract interior point in incorporated place
53033029001,Seattle/Puget Sound,53,53033,Census Tract 290.01,Outside named places,,0.0,47.3840072,-122.3220797,tract interior point in incorporated place
53033029003,Seattle/Puget Sound,53,53033,Census Tract 290.03,Outside named places,,0.0,47.3825199,-122.3057587,tract interior point in incorporated place
53033029004,Seattle/Puget Sound,53,53033,Census Tract 290.04,Outside named places,,0.0,47.3798558,-122.2968868,tract interior point in incorporated place
53033029101,Seattle/Puget Sound,53,53033,Census Tract 291.01,Outside named places,,0.0,47.3978567,-122.2786386,tract interior point in incorporated place
53033029102,Seattle/Puget Sound,53,53033,Census Tract 291.02,Outside named places,,0.0,47.379886,-122.2841327,tract interior point in incorporated place
53033029203,Seattle/Puget Sound,53,53033,Census Tract 292.03,Outside named places,,0.0,47.3862784,-122.2313781,tract interior point in incorporated place
53033029205,Seattle/Puget Sound,53,53033,Census Tract 292.05,Outside named places,,0.0,47.3878067,-122.2638518,tract interior point in incorporated place
53033029206,Seattle/Puget Sound,53,53033,Census Tract 292.06,Outside named places,,0.0,47.4143628,-122.2429291,tract interior point in incorporated place
53033029207,Seattle/Puget Sound,53,53033,Census Tract 292.07,Outside named places,,0.0,47.4048596,-122.2107966,tract interior point in incorporated place
53033029208,Seattle/Puget Sound,53,53033,Census Tract 292.08,Outside named places,,0.0,47.3953102,-122.220574,tract interior point in incorporated place
53033029304,Seattle/Puget Sound,53,53033,Census Tract 293.04,Outside named places,,0.0,47.4385923,-122.169186,tract interior point in incorporated place
53033029305,Seattle/Puget Sound,53,53033,Census Tract 293.05,Outside named places,,0.0,47.4219407,-122.2122994,tract interior point in incorporated place
53033029306,Seattle/Puget Sound,53,53033,Census Tract 293.06,Outside named places,,0.0,47.4214221,-122.1801056,tract interior point in incorporated place
53033029307,Seattle/Puget Sound,53,53033,Census Tract 293.07,Outside named places,,0.0,47.4214151,-122.160679,tract interior point in incorporated place
53033029308,Seattle/Puget Sound,53,53033,Census Tract 293.08,Outside named places,,0.0,47.437735,-122.1916538,tract interior point in incorporated place
53033029309,Seattle/Puget Sound,53,53033,Census Tract 293.09,Outside named places,,0.0,47.4363871,-122.2072334,tract interior point in incorporated place
53033029403,Seattle/Puget Sound,53,53033,Census Tract 294.03,Outside named places,,0.0,47.4101291,-122.1995844,tract interior point in incorporated place
53033029405,Seattle/Puget Sound,53,53033,Census Tract 294.05,Outside named places,,0.0,47.4089182,-122.1759183,tract interior point in incorporated place
53033029406,Seattle/Puget Sound,53,53033,Census Tract 294.06,Outside named places,,0.0,47.3974344,-122.1786915,tract interior point in incorporated place
53033029407,Seattle/Puget Sound,53,53033,Census Tract 294.07,Outside named places,,0.0,47.3941343,-122.2018618,tract interior point in incorporated place
53033029408,Seattle/Puget Sound,53,53033,Census Tract 294.08,Outside named places,,0.0,47.3947994,-122.1917809,tract interior point in incorporated place
53033029504,Seattle/Puget Sound,53,53033,Census Tract 295.04,Outside named places,,0.0,47.3797202,-122.1945496,tract interior point in incorporated place
53033029505,Seattle/Puget Sound,53,53033,Census Tract 295.05,Outside named places,,0.0,47.3803885,-122.2083785,tract interior point in incorporated place
53033029506,Seattle/Puget Sound,53,53033,Census Tract 295.06,Outside named places,,0.0,47.3697588,-122.1987143,tract interior point in incorporated place
53033029507,Seattle/Puget Sound,53,53033,Census Tract 295.07,Outside named places,,0.0,47.3671453,-122.1743525,tract interior point in incorporated place
53033029508,Seattle/Puget Sound,53,53033,Census Tract 295.08,Outside named places,,0.0,47.3851005,-122.178754,tract interior point in incorporated place
53033029602,Seattle/Puget Sound,53,53033,Census Tract 296.02,Outside named places,,0.0,47.3398972,-122.1867112,tract interior point in incorporated place
53033029603,Seattle/Puget Sound,53,53033,Census Tract 296.03,Outside named places,,0.0,47.3595157,-122.1888016,tract interior point in incorporated place
53033029604,Seattle/Puget Sound,53,53033,Census Tract 296.04,Outside named places,,0.0,47.3534316,-122.1901109,tract interior point in incorporated place
53033029701,Seattle/Puget Sound,53,53033,Census Tract 297.01,Outside named places,,0.0,47.3741503,-122.2259367,tract interior point in incorporated place
53033029702,Seattle/Puget Sound,53,53033,Census Tract 297.02,Outside named places,,0.0,47.3588998,-122.222478,tract interior point in incorporated place
53033029803,Seattle/Puget Sound,53,53033,Census Tract 298.03,Outside named places,,0.0,47.3647476,-122.2637248,tract interior point in incorporated place
53033029804,Seattle/Puget Sound,53,53033,Census Tract 298.04,Outside named places,,0.0,47.3614589,-122.2825109,tract interior point in incorporated place
53033029805,Seattle/Puget Sound,53,53033,Census Tract 298.05,Outside named places,,0.0,47.3399246,-122.2716387,tract interior point in incorporated place
53033029806,Seattle/Puget Sound,53,53033,Census Tract 298.06,Outside named places,,0.0,47.3499788,-122.2771826,tract interior point in incorporated place
53033029901,Seattle/Puget Sound,53,53033,Census Tract 299.01,Outside named places,,0.0,47.3240587,-122.282336,tract interior point in incorporated place
53033029902,Seattle/Puget Sound,53,53033,Census Tract 299.02,Outside named places,,0.0,47.3205788,-122.2617029,tract interior point in incorporated place
53033030003,Seattle/Puget Sound,53,53033,Census Tract 300.03,Outside named places,,0.0,47.3588458,-122.3152313,tract interior point in incorporated place
53033030005,Seattle/Puget Sound,53,53033,Census Tract 300.05,Outside named places,,0.0,47.3365978,-122.3028494,tract interior point in incorporated place
53033030006,Seattle/Puget Sound,53,53033,Census Tract 300.06,Outside named places,,0.0,47.3240385,-122.3041386,tract interior point in incorporated place
53033030007,Seattle/Puget Sound,53,53033,Census Tract 300.07,Outside named places,,0.0,47.353129,-122.3075675,tract interior point in incorporated place
53033030008,Seattle/Puget Sound,53,53033,Census Tract 300.08,Outside named places,,0.0,47.3487317,-122.3015522,tract interior point in incorporated place
53033030101,Seattle/Puget Sound,53,53033,Census Tract 301.01,Outside named places,,0.0,47.3328717,-122.3638854,tract interior point in incorporated place
53033030102,Seattle/Puget Sound,53,53033,Census Tract 301.02,Outside named places,,0.0,47.338177,-122.3285768,tract interior point in incorporated place
53033030201,Seattle/Puget Sound,53,53033,Census Tract 302.01,Outside named places,,0.0,47.3206958,-122.3487088,tract interior point in incorporated place
53033030203,Seattle/Puget Sound,53,53033,Census Tract 302.03,Outside named places,,0.0,47.3194456,-122.324909,tract interior point in incorporated place
53033030204,Seattle/Puget Sound,53,53033,Census Tract 302.04,Outside named places,,0.0,47.3284826,-122.3216107,tract interior point in incorporated place
53033030304,Seattle/Puget Sound,53,53033,Census Tract 303.04,Outside named places,,0.0,47.2766844,-122.3301304,tract interior point in incorporated place
53033030305,Seattle/Puget Sound,53,53033,Census Tract 303.05,Outside named places,,0.0,47.3189904,-122.3888642,tract interior point in incorporated place
53033030306,Seattle/Puget Sound,53,53033,Census Tract 303.06,Outside named places,,0.0,47.3130965,-122.3998983,tract interior point in incorporated place
53033030308,Seattle/Puget Sound,53,53033,Census Tract 303.08,Outside named places,,0.0,47.3083168,-122.3520249,tract interior point in incorporated place
53033030309,Seattle/Puget Sound,53,53033,Census Tract 303.09,Outside named places,,0.0,47.3024416,-122.3383244,tract interior point in incorporated place
53033030310,Seattle/Puget Sound,53,53033,Census Tract 303.10,Outside named places,,0.0,47.2901057,-122.3495936,tract interior point in incorporated place
53033030311,Seattle/Puget Sound,53,53033,Census Tract 303.11,Outside named places,,0.0,47.3078497,-122.3679774,tract interior point in incorporated place
53033030312,Seattle/Puget Sound,53,53033,Census Tract 303.12,Outside named places,,0.0,47.2932388,-122.3681721,tract interior point in incorporated place
53033030313,Seattle/Puget Sound,53,53033,Census Tract 303.13,Outside named places,,0.0,47.3002007,-122.3138424,tract interior point in incorporated place
53033030314,Seattle/Puget Sound,53,53033,Census Tract 303.14,Outside named places,,0.0,47.3080966,-122.3237353,tract interior point in incorporated place
53033030403,Seattle/Puget Sound,53,53033,Census Tract 304.03,Outside named places,,0.0,47.2677487,-122.3092311,tract interior point in incorporated place
53033030404,Seattle/Puget Sound,53,53033,Census Tract 304.04,Outside named places,,0.0,47.267424,-122.2759315,tract interior point in incorporated place
53033030405,Seattle/Puget Sound,53,53033,Census Tract 304.05,Outside named places,,0.0,47.2906969,-122.2698427,tract interior point in incorporated place
53033030406,Seattle/Puget Sound,53,53033,Census Tract 304.06,Outside named places,,0.0,47.2843452,-122.2907002,tract interior point in incorporated place
53033030407,Seattle/Puget Sound,53,53033,Census Tract 304.07,Outside named places,,0.0,47.3073464,-122.2889671,tract interior point in incorporated place
53033030501,Seattle/Puget Sound,53,53033,Census Tract 305.01,Outside named places,,0.0,47.3273852,-122.2353377,tract interior point in incorporated place
53033030503,Seattle/Puget Sound,53,53033,Census Tract 305.03,Outside named places,,0.0,47.3427789,-122.2131236,tract interior point in incorporated place
53033030504,Seattle/Puget Sound,53,53033,Census Tract 305.04,Outside named places,,0.0,47.3211155,-122.2135048,tract interior point in incorporated place
53033030600,Seattle/Puget Sound,53,53033,Census Tract 306,Outside named places,,0.0,47.3064626,-122.2067812,tract interior point in incorporated place
53033030700,Seattle/Puget Sound,53,53033,Census Tract 307,Outside named places,,0.0,47.2971235,-122.2215758,tract interior point in incorporated place
53033030801,Seattle/Puget Sound,53,53033,Census Tract 308.01,Outside named places,,0.0,47.2866689,-122.2357123,tract interior point in incorporated place
53033030802,Seattle/Puget Sound,53,53033,Census Tract 308.02,Outside named places,,0.0,47.2861014,-122.2136873,tract interior point in incorporated place
53033030901,Seattle/Puget Sound,53,53033,Census Tract 309.01,Outside named places,,0.0,47.2807128,-122.2531121,tract interior point in incorporated place
53033030902,Seattle/Puget Sound,53,53033,Census Tract 309.02,Outside named places,,0.0,47.2657557,-122.2444934,tract interior point in incorporated place
53033031000,Seattle/Puget Sound,53,53033,Census Tract 310,Outside named places,,0.0,47.268951,-122.1862103,tract interior point in incorporated place
53033031101,Seattle/Puget Sound,53,53033,Census Tract 311.01,Outside named places,,0.0,47.2932886,-122.1877375,tract interior point in incorporated place
53033031102,Seattle/Puget Sound,53,53033,Census Tract 311.02,Outside named places,,0.0,47.2832266,-122.1951001,tract interior point in incorporated place
53033031202,Seattle/Puget Sound,53,53033,Census Tract 312.02,Outside named places,,0.0,47.2520248,-122.0673356,tract interior point in incorporated place
53033031204,Seattle/Puget Sound,53,53033,Census Tract 312.04,Outside named places,,0.0,47.306388,-122.129911,tract interior point in incorporated place
53033031206,Seattle/Puget Sound,53,53033,Census Tract 312.06,Outside named places,,0.0,47.3135677,-122.1836154,tract interior point in incorporated place
53033031207,Seattle/Puget Sound,53,53033,Census Tract 312.07,Outside named places,,0.0,47.3314737,-122.162181,tract interior point in incorporated place
53033031208,Seattle/Puget Sound,53,53033,Census Tract 312.08,Outside named places,,0.0,47.3191857,-122.197036,tract interior point in incorporated place
53033031301,Seattle/Puget Sound,53,53033,Census Tract 313.01,Outside named places,,0.0,47.2046996,-122.0589541,tract interior point in incorporated place
53033031302,Seattle/Puget Sound,53,53033,Census Tract 313.02,Outside named places,,0.0,47.1859751,-122.0119002,tract interior point in incorporated place
53033031400,Seattle/Puget Sound,53,53033,Census Tract 314,Outside named places,,0.0,47.206636,-121.9889145,tract interior point in incorporated place
53033031501,Seattle/Puget Sound,53,53033,Census Tract 315.01,Outside named places,,0.0,47.3203992,-121.879209,tract interior point in incorporated place
53033031502,Seattle/Puget Sound,53,53033,Census Tract 315.02,Outside named places,,0.0,47.2402889,-121.6344475,tract interior point in incorporated place
53033031601,Seattle/Puget Sound,53,53033,Census Tract 316.01,Outside named places,,0.0,47.3326828,-122.0886305,tract interior point in incorporated place
53033031603,Seattle/Puget Sound,53,53033,Census Tract 316.03,Outside named places,,0.0,47.3236554,-121.991822,tract interior point in incorporated place
53033031604,Seattle/Puget Sound,53,53033,Census Tract 316.04,Outside named places,,0.0,47.3550055,-122.0281639,tract interior point in incorporated place
53033031605,Seattle/Puget Sound,53,53033,Census Tract 316.05,Outside named places,,0.0,47.3236526,-122.0467384,tract interior point in incorporated place
53033031704,Seattle/Puget Sound,53,53033,Census Tract 317.04,Outside named places,,0.0,47.348502,-122.145187,tract interior point in incorporated place
53033031705,Seattle/Puget Sound,53,53033,Census Tract 317.05,Outside named places,,0.0,47.3827692,-122.1145744,tract interior point in incorporated place
53033031707,Seattle/Puget Sound,53,53033,Census Tract 317.07,Outside named places,,0.0,47.3804384,-122.1546595,tract interior point in incorporated place
53033031708,Seattle/Puget Sound,53,53033,Census Tract 317.08,Outside named places,,0.0,47.3646051,-122.148026,tract interior point in incorporated place
53033031709,Seattle/Puget Sound,53,53033,Census Tract 317.09,Outside named places,,0.0,47.3671678,-122.1216212,tract interior point in incorporated place
53033031710,Seattle/Puget Sound,53,53033,Census Tract 317.10,Outside named places,,0.0,47.3611079,-122.1118518,tract interior point in incorporated place
53033031800,Seattle/Puget Sound,53,53033,Census Tract 318,Outside named places,,0.0,47.4085335,-122.1178188,tract interior point in incorporated place
53033031904,Seattle/Puget Sound,53,53033,Census Tract 319.04,Outside named places,,0.0,47.4683312,-122.0626344,tract interior point in incorporated place
53033031906,Seattle/Puget Sound,53,53033,Census Tract 319.06,Outside named places,,0.0,47.4434233,-122.0959278,tract interior point in incorporated place
53033031908,Seattle/Puget Sound,53,53033,Census Tract 319.08,Outside named places,,0.0,47.4471071,-122.1427639,tract interior point in incorporated place
53033031909,Seattle/Puget Sound,53,53033,Census Tract 319.09,Outside named places,,0.0,47.4378388,-122.1434771,tract interior point in incorporated place
53033031910,Seattle/Puget Sound,53,53033,Census Tract 319.10,Outside named places,,0.0,47.4583518,-122.1374379,tract interior point in incorporated place
53033031911,Seattle/Puget Sound,53,53033,Census Tract 319.11,Outside named places,,0.0,47.4464533,-122.1201591,tract interior point in incorporated place
53033031912,Seattle/Puget Sound,53,53033,Census Tract 319.12,Outside named places,,0.0,47.4879638,-122.1052429,tract interior point in incorporated place
53033031913,Seattle/Puget Sound,53,53033,Census Tract 319.13,Outside named places,,0.0,47.4712497,-122.1214769,tract interior point in incorporated place
53033032002,Seattle/Puget Sound,53,53033,Census Tract 320.02,Outside named places,,0.0,47.4314238,-122.0546573,tract interior point in incorporated place
53033032003,Seattle/Puget Sound,53,53033,Census Tract 320.03,Outside named places,,0.0,47.4409399,-121.9259862,tract interior point in incorporated place
53033032005,Seattle/Puget Sound,53,53033,Census Tract 320.05,Outside named places,,0.0,47.3733054,-122.0848083,tract interior point in incorporated place
53033032006,Seattle/Puget Sound,53,53033,Census Tract 320.06,Outside named places,,0.0,47.3499202,-122.0803474,tract interior point in incorporated place
53033032007,Seattle/Puget Sound,53,53033,Census Tract 320.07,Outside named places,,0.0,47.3911627,-122.0736583,tract interior point in incorporated place
53033032008,Seattle/Puget Sound,53,53033,Census Tract 320.08,Outside named places,,0.0,47.364506,-122.0492466,tract interior point in incorporated place
53033032010,Seattle/Puget Sound,53,53033,Census Tract 320.10,Outside named places,,0.0,47.3791911,-122.0247031,tract interior point in incorporated place
53033032011,Seattle/Puget Sound,53,53033,Census Tract 320.11,Outside named places,,0.0,47.3671108,-122.030164,tract interior point in incorporated place
53033032102,Seattle/Puget Sound,53,53033,Census Tract 321.02,Outside named places,,0.0,47.4851507,-121.9657839,tract interior point in incorporated place
53033032103,Seattle/Puget Sound,53,53033,Census Tract 321.03,Outside named places,,0.0,47.5385933,-122.0479034,tract interior point in incorporated place
53033032104,Seattle/Puget Sound,53,53033,Census Tract 321.04,Outside named places,,0.0,47.5049542,-122.0533488,tract interior point in incorporated place
53033032207,Seattle/Puget Sound,53,53033,Census Tract 322.07,Sammamish,5361115,0.4,47.5834873,-122.0602972,tract interior point in incorporated place
53033032211,Seattle/Puget Sound,53,53033,Census Tract 322.11,Sammamish,5361115,0.4,47.5798212,-122.0193634,tract interior point in incorporated place
53033032213,Seattle/Puget Sound,53,53033,Census Tract 322.13,Sammamish,5361115,0.4,47.5861359,-121.9872146,tract interior point in incorporated place
53033032215,Seattle/Puget Sound,53,53033,Census Tract 322.15,Outside named places,,0.0,47.6066963,-121.9869787,tract interior point in incorporated place
53033032216,Seattle/Puget Sound,53,53033,Census Tract 322.16,Sammamish,5361115,0.4,47.6036467,-122.0467685,tract interior point in incorporated place
53033032217,Seattle/Puget Sound,53,53033,Census Tract 322.17,Sammamish,5361115,0.4,47.5968731,-122.0719998,tract interior point in incorporated place
53033032218,Seattle/Puget Sound,53,53033,Census Tract 322.18,Outside named places,,0.0,47.5713149,-122.038565,tract interior point in incorporated place
53033032219,Seattle/Puget Sound,53,53033,Census Tract 322.19,Outside named places,,0.0,47.5594257,-122.0540538,tract interior point in incorporated place
53033032220,Seattle/Puget Sound,53,53033,Census Tract 322.20,Outside named places,,0.0,47.5468306,-122.0152219,tract interior point in incorporated place
53033032221,Seattle/Puget Sound,53,53033,Census Tract 322.21,Outside named places,,0.0,47.5496906,-121.9549377,tract interior point in incorporated place
53033032222,Seattle/Puget Sound,53,53033,Census Tract 322.22,Sammamish,5361115,0.4,47.5715386,-121.9981579,tract interior point in incorporated place
53033032223,Seattle/Puget Sound,53,53033,Census Tract 322.23,Sammamish,5361115,0.4,47.5645237,-122.0151668,tract interior point in incorporated place
53033032224,Seattle/Puget Sound,53,53033,Census Tract 322.24,Sammamish,5361115,0.4,47.5948656,-122.0221409,tract interior point in incorporated place
53033032225,Seattle/Puget Sound,53,53033,Census Tract 322.25,Sammamish,5361115,0.4,47.6101404,-122.0258971,tract interior point in incorporated place
53033032307,Seattle/Puget Sound,53,53033,Census Tract 323.07,Outside named places,,0.0,47.7541296,-122.1018948,tract interior point in incorporated place
53033032311,Seattle/Puget Sound,53,53033,Census Tract 323.11,Outside named places,,0.0,47.7515039,-122.0387481,tract interior point in incorporated place
53033032313,Seattle/Puget Sound,53,53033,Census Tract 323.13,Redmond,5357535,1.0,47.6703874,-122.0891324,tract interior point in incorporated place
53033032315,Seattle/Puget Sound,53,53033,Census Tract 323.15,Outside named places,,0.0,47.6642529,-121.976789,tract interior point in incorporated place
53033032316,Seattle/Puget Sound,53,53033,Census Tract 323.16,Sammamish,5361115,0.4,47.6392224,-122.071245,tract interior point in incorporated place
53033032317,Seattle/Puget Sound,53,53033,Census Tract 323.17,Sammamish,5361115,0.4,47.6276165,-122.047985,tract interior point in incorporated place
53033032318,Seattle/Puget Sound,53,53033,Census Tract 323.18,Sammamish,5361115,0.4,47.6370944,-122.0391825,tract interior point in incorporated place
53033032319,Seattle/Puget Sound,53,53033,Census Tract 323.19,Outside named places,,0.0,47.7595594,-122.1476069,tract interior point in incorporated place
53033032320,Seattle/Puget Sound,53,53033,Census Tract 323.20,Outside named places,,0.0,47.7564769,-122.1244452,tract interior point in incorporated place
53033032321,Seattle/Puget Sound,53,53033,Census Tract 323.21,Outside named places,,0.0,47.7180124,-122.1262416,tract interior point in incorporated place
53033032322,Seattle/Puget Sound,53,53033,Census Tract 323.22,Outside named places,,0.0,47.7262356,-122.0977,tract interior point in incorporated place
53033032323,Seattle/Puget Sound,53,53033,Census Tract 323.23,Redmond,5357535,1.0,47.6986018,-122.1117667,tract interior point in incorporated place
53033032324,Seattle/Puget Sound,53,53033,Census Tract 323.24,Redmond,5357535,1.0,47.6855267,-122.1199841,tract interior point in incorporated place
53033032325,Seattle/Puget Sound,53,53033,Census Tract 323.25,Redmond,5357535,1.0,47.6864819,-122.1049565,tract interior point in incorporated place
53033032326,Seattle/Puget Sound,53,53033,Census Tract 323.26,Outside named places,,0.0,47.7242618,-122.0785815,tract interior point in incorporated place
53033032327,Seattle/Puget Sound,53,53033,Census Tract 323.27,Redmond,5357535,1.0,47.7094527,-122.0423942,tract interior point in incorporated place
53033032328,Seattle/Puget Sound,53,53033,Census Tract 323.28,Outside named places,,0.0,47.6641638,-122.0461286,tract interior point in incorporated place
53033032330,Seattle/Puget Sound,53,53033,Census Tract 323.30,Redmond,5357535,1.0,47.6899362,-122.1381057,tract interior point in incorporated place
53033032331,Seattle/Puget Sound,53,53033,Census Tract 323.31,Redmond,5357535,1.0,47.6723963,-122.1210863,tract interior point in incorporated place
53033032332,Seattle/Puget Sound,53,53033,Census Tract 323.32,Outside named places,,0.0,47.6794897,-122.0383201,tract interior point in incorporated place
53033032333,Seattle/Puget Sound,53,53033,Census Tract 323.33,Outside named places,,0.0,47.6877305,-122.0213688,tract interior point in incorporated place
53033032401,Seattle/Puget Sound,53,53033,Census Tract 324.01,Outside named places,,0.0,47.7495909,-121.9508942,tract interior point in incorporated place
53033032402,Seattle/Puget Sound,53,53033,Census Tract 324.02,Outside named places,,0.0,47.7060971,-121.9499588,tract interior point in incorporated place
53033032500,Seattle/Puget Sound,53,53033,Census Tract 325,Outside named places,,0.0,47.7019073,-121.8274607,tract interior point in incorporated place
53033032601,Seattle/Puget Sound,53,53033,Census Tract 326.01,Outside named places,,0.0,47.581599,-121.8693353,tract interior point in incorporated place
53033032603,Seattle/Puget Sound,53,53033,Census Tract 326.03,Outside named places,,0.0,47.5505897,-121.8677826,tract interior point in incorporated place
53033032604,Seattle/Puget Sound,53,53033,Census Tract 326.04,Outside named places,,0.0,47.5218155,-121.8815284,tract interior point in incorporated place
53033032605,Seattle/Puget Sound,53,53033,Census Tract 326.05,Outside named places,,0.0,47.5368811,-121.9007672,tract interior point in incorporated place
53033032703,Seattle/Puget Sound,53,53033,Census Tract 327.03,Outside named places,,0.0,47.5143018,-121.8179238,tract interior point in incorporated place
53033032704,Seattle/Puget Sound,53,53033,Census Tract 327.04,Outside named places,,0.0,47.4938907,-121.7741712,tract interior point in incorporated place
53033032705,Seattle/Puget Sound,53,53033,Census Tract 327.05,Outside named places,,0.0,47.4750465,-121.8137431,tract interior point in incorporated place
53033032706,Seattle/Puget Sound,53,53033,Census Tract 327.06,Outside named places,,0.0,47.4631747,-121.4990555,tract interior point in incorporated place
53033032800,Seattle/Puget Sound,53,53033,Census Tract 328,Outside named places,,0.0,47.6530738,-121.4312774,tract interior point in incorporated place
53033990100,Seattle/Puget Sound,53,53033,Census Tract 9901,Seattle,5363000,0.8,47.5114466,-122.4154275,tract interior point in incorporated place
53035080101,Seattle/Puget Sound,53,53035,Census Tract 801.01,Outside named places,,0.0,47.5971819,-122.6482136,tract interior point in incorporated place
53035080102,Seattle/Puget Sound,53,53035,Census Tract 801.02,Outside named places,,0.0,47.5919702,-122.6378825,tract interior point in incorporated place
53035080200,Seattle/Puget Sound,53,53035,Census Tract 802,Outside named places,,0.0,47.5975999,-122.6212773,tract interior point in incorporated place
53035080300,Seattle/Puget Sound,53,53035,Census Tract 803,Outside named places,,0.0,47.583206,-122.6220877,tract interior point in incorporated place
53035080400,Seattle/Puget Sound,53,53035,Census Tract 804,Outside named places,,0.0,47.5931881,-122.5949652,tract interior point in incorporated place
53035080500,Seattle/Puget Sound,53,53035,Census Tract 805,Outside named places,,0.0,47.563195,-122.6240601,tract interior point in incorporated place
53035080600,Seattle/Puget Sound,53,53035,Census Tract 806,Outside named places,,0.0,47.5794687,-122.6494564,tract interior point in incorporated place
53035080700,Seattle/Puget Sound,53,53035,Census Tract 807,Outside named places,,0.0,47.5916034,-122.674829,tract interior point in incorporated place
53035080800,Seattle/Puget Sound,53,53035,Census Tract 808,Outside named places,,0.0,47.5906614,-122.6899677,tract interior point in incorporated place
53035080900,Seattle/Puget Sound,53,53035,Census Tract 809,Outside named places,,0.0,47.5616166,-122.6985413,tract interior point in incorporated place
53035081000,Seattle/Puget Sound,53,53035,Census Tract 810,Outside named places,,0.0,47.5534128,-122.6691142,tract interior point in incorporated place
53035081100,Seattle/Puget Sound,53,53035,Census Tract 811,Outside named places,,0.0,47.5651325,-122.6577561,tract interior point in incorporated place
53035081200,Seattle/Puget Sound,53,53035,Census Tract 812,Outside named places,,0.0,47.5671935,-122.6427741,tract interior point in incorporated place
53035081400,Seattle/Puget Sound,53,53035,Census Tract 814,Outside named places,,0.0,47.5621761,-122.6332483,tract interior point in incorporated place
53035090101,Seattle/Puget Sound,53,53035,Census Tract 901.01,Outside named places,,0.0,47.8581857,-122.5704932,tract interior point in incorporated place
53035090102,Seattle/Puget Sound,53,53035,Census Tract 901.02,Outside named places,,0.0,47.8201656,-122.5111769,tract interior point in incorporated place
53035090201,Seattle/Puget Sound,53,53035,Census Tract 902.01,Outside named places,,0.0,47.7888698,-122.6697699,tract interior point in incorporated place
53035090202,Seattle/Puget Sound,53,53035,Census Tract 902.02,Outside named places,,0.0,47.8016795,-122.6116982,tract interior point in incorporated place
53035090300,Seattle/Puget Sound,53,53035,Census Tract 903,Outside named places,,0.0,47.7245503,-122.7160114,tract interior point in incorporated place
53035090400,Seattle/Puget Sound,53,53035,Census Tract 904,Outside named places,,0.0,47.7155873,-122.6722692,tract interior point in incorporated place
53035090501,Seattle/Puget Sound,53,53035,Census Tract 905.01,Outside named places,,0.0,47.7428025,-122.6504594,tract interior point in incorporated place
53035090502,Seattle/Puget Sound,53,53035,Census Tract 905.02,Outside named places,,0.0,47.7402073,-122.6267559,tract interior point in incorporated place
53035090700,Seattle/Puget Sound,53,53035,Census Tract 907,Outside named places,,0.0,47.6852765,-122.5277148,tract interior point in incorporated place
53035090800,Seattle/Puget Sound,53,53035,Census Tract 908,Outside named places,,0.0,47.6692086,-122.5598869,tract interior point in incorporated place
53035090901,Seattle/Puget Sound,53,53035,Census Tract 909.01,Outside named places,,0.0,47.627632,-122.5235838,tract interior point in incorporated place
53035090902,Seattle/Puget Sound,53,53035,Census Tract 909.02,Outside named places,,0.0,47.6361972,-122.5070824,tract interior point in incorporated place
53035091001,Seattle/Puget Sound,53,53035,Census Tract 910.01,Outside named places,,0.0,47.6157579,-122.5635795,tract interior point in incorporated place
53035091002,Seattle/Puget Sound,53,53035,Census Tract 910.02,Outside named places,,0.0,47.5841524,-122.5141539,tract interior point in incorporated place
53035091100,Seattle/Puget Sound,53,53035,Census Tract 911,Outside named places,,0.0,47.6756645,-122.6317547,tract interior point in incorporated place
53035091201,Seattle/Puget Sound,53,53035,Census Tract 912.01,Outside named places,,0.0,47.6484942,-122.7008884,tract interior point in incorporated place
53035091204,Seattle/Puget Sound,53,53035,Census Tract 912.04,Outside named places,,0.0,47.6476102,-122.6745265,tract interior point in incorporated place
53035091205,Seattle/Puget Sound,53,53035,Census Tract 912.05,Outside named places,,0.0,47.677604,-122.6633739,tract interior point in incorporated place
53035091206,Seattle/Puget Sound,53,53035,Census Tract 912.06,Outside named places,,0.0,47.6686575,-122.6736618,tract interior point in incorporated place
53035091301,Seattle/Puget Sound,53,53035,Census Tract 913.01,Outside named places,,0.0,47.618616,-122.8171253,tract interior point in incorporated place
53035091302,Seattle/Puget Sound,53,53035,Census Tract 913.02,Outside named places,,0.0,47.6522391,-122.7423623,tract interior point in incorporated place
53035091400,Seattle/Puget Sound,53,53035,Census Tract 914,Outside named places,,0.0,47.6019181,-122.689175,tract interior point in incorporated place
53035091500,Seattle/Puget Sound,53,53035,Census Tract 915,Outside named places,,0.0,47.6289311,-122.669034,tract interior point in incorporated place
53035091600,Seattle/Puget Sound,53,53035,Census Tract 916,Outside named places,,0.0,47.6355961,-122.6398152,tract interior point in incorporated place
53035091701,Seattle/Puget Sound,53,53035,Census Tract 917.01,Outside named places,,0.0,47.6385276,-122.6065403,tract interior point in incorporated place
53035091702,Seattle/Puget Sound,53,53035,Census Tract 917.02,Outside named places,,0.0,47.6263371,-122.6167556,tract interior point in incorporated place
53035091800,Seattle/Puget Sound,53,53035,Census Tract 918,Outside named places,,0.0,47.6083906,-122.6021165,tract interior point in incorporated place
53035091900,Seattle/Puget Sound,53,53035,Census Tract 919,Outside named places,,0.0,47.6116265,-122.6535644,tract interior point in incorporated place
53035092000,Seattle/Puget Sound,53,53035,Census Tract 920,Outside named places,,0.0,47.5723821,-122.848081,tract interior point in incorporated place
53035092101,Seattle/Puget Sound,53,53035,Census Tract 921.01,Outside named places,,0.0,47.4889818,-122.7193851,tract interior point in incorporated place
53035092102,Seattle/Puget Sound,53,53035,Census Tract 921.02,Outside named places,,0.0,47.5109434,-122.7306406,tract interior point in incorporated place
53035092200,Seattle/Puget Sound,53,53035,Census Tract 922,Outside named places,,0.0,47.5289923,-122.6484447,tract interior point in incorporated place
53035092300,Seattle/Puget Sound,53,53035,Census Tract 923,Outside named places,,0.0,47.518952,-122.6250033,tract interior point in incorporated place
53035092400,Seattle/Puget Sound,53,53035,Census Tract 924,Outside named places,,0.0,47.5212725,-122.5964115,tract interior point in incorporated place
53035092500,Seattle/Puget Sound,53,53035,Census Tract 925,Outside named places,,0.0,47.5549633,-122.5904544,tract interior point in incorporated place
53035092600,Seattle/Puget Sound,53,53035,Census Tract 926,Outside named places,,0.0,47.5604095,-122.5525019,tract interior point in incorporated place
53035092701,Seattle/Puget Sound,53,53035,Census Tract 927.01,Outside named places,,0.0,47.4903543,-122.5751326,tract interior point in incorporated place
53035092704,Seattle/Puget Sound,53,53035,Census Tract 927.04,Outside named places,,0.0,47.5064576,-122.5168074,tract interior point in incorporated place
53035092801,Seattle/Puget Sound,53,53035,Census Tract 928.01,Outside named places,,0.0,47.4907629,-122.6126715,tract interior point in incorporated place
53035092802,Seattle/Puget Sound,53,53035,Census Tract 928.02,Outside named places,,0.0,47.4534918,-122.5753279,tract interior point in incorporated place
53035092803,Seattle/Puget Sound,53,53035,Census Tract 928.03,Outside named places,,0.0,47.4150138,-122.5864467,tract interior point in incorporated place
53035092901,Seattle/Puget Sound,53,53035,Census Tract 929.01,Outside named places,,0.0,47.432584,-122.7131011,tract interior point in incorporated place
53035092902,Seattle/Puget Sound,53,53035,Census Tract 929.02,Outside named places,,0.0,47.4341433,-122.6417881,tract interior point in incorporated place
53035940000,Seattle/Puget Sound,53,53035,Census Tract 9400,Outside named places,,0.0,47.7555291,-122.5114909,tract interior point in incorporated place
53035940100,Seattle/Puget Sound,53,53035,Census Tract 9401,Outside named places,,0.0,47.7321188,-122.5802904,tract interior point in incorporated place
53035990100,Seattle/Puget Sound,53,53035,Census Tract 9901,Outside named places,,0.0,47.7237539,-122.4652339,tract interior point in incorporated place
53053060200,Seattle/Puget Sound,53,53053,Census Tract 602,Tacoma,5370000,-0.2,47.2668489,-122.4078355,tract interior point in incorporated place
53053060300,Seattle/Puget Sound,53,53053,Census Tract 603,Tacoma,5370000,-0.2,47.306805,-122.5268439,tract interior point in incorporated place
53053060400,Seattle/Puget Sound,53,53053,Census Tract 604,Tacoma,5370000,-0.2,47.2841047,-122.4834095,tract interior point in incorporated place
53053060500,Seattle/Puget Sound,53,53053,Census Tract 605,Tacoma,5370000,-0.2,47.275214,-122.4746683,tract interior point in incorporated place
53053060600,Seattle/Puget Sound,53,53053,Census Tract 606,Tacoma,5370000,-0.2,47.2733562,-122.4580971,tract interior point in incorporated place
53053060700,Seattle/Puget Sound,53,53053,Census Tract 607,Tacoma,5370000,-0.2,47.261373,-122.4785267,tract interior point in incorporated place
53053060800,Seattle/Puget Sound,53,53053,Census Tract 608,Tacoma,5370000,-0.2,47.265596,-122.4963465,tract interior point in incorporated place
53053060903,Seattle/Puget Sound,53,53053,Census Tract 609.03,Tacoma,5370000,-0.2,47.28601,-122.5263881,tract interior point in incorporated place
53053060904,Seattle/Puget Sound,53,53053,Census Tract 609.04,Tacoma,5370000,-0.2,47.2808047,-122.5099314,tract interior point in incorporated place
53053060906,Seattle/Puget Sound,53,53053,Census Tract 609.06,Tacoma,5370000,-0.2,47.2633152,-122.5097996,tract interior point in incorporated place
53053060907,Seattle/Puget Sound,53,53053,Census Tract 609.07,Tacoma,5370000,-0.2,47.262159,-122.52585,tract interior point in incorporated place
53053060908,Seattle/Puget Sound,53,53053,Census Tract 609.08,Tacoma,5370000,-0.2,47.2692566,-122.5364386,tract interior point in incorporated place
53053061001,Seattle/Puget Sound,53,53053,Census Tract 610.01,Tacoma,5370000,-0.2,47.2539313,-122.5484041,tract interior point in incorporated place
53053061002,Seattle/Puget Sound,53,53053,Census Tract 610.02,Tacoma,5370000,-0.2,47.2462062,-122.5223595,tract interior point in incorporated place
53053061100,Seattle/Puget Sound,53,53053,Census Tract 611,Tacoma,5370000,-0.2,47.2455764,-122.4936719,tract interior point in incorporated place
53053061200,Seattle/Puget Sound,53,53053,Census Tract 612,Tacoma,5370000,-0.2,47.2490842,-122.4745331,tract interior point in incorporated place
53053061300,Seattle/Puget Sound,53,53053,Census Tract 613,Tacoma,5370000,-0.2,47.2500153,-122.4589966,tract interior point in incorporated place
53053061400,Seattle/Puget Sound,53,53053,Census Tract 614,Tacoma,5370000,-0.2,47.2502437,-122.4483265,tract interior point in incorporated place
53053061501,Seattle/Puget Sound,53,53053,Census Tract 615.01,Tacoma,5370000,-0.2,47.2596123,-122.448931,tract interior point in incorporated place
53053061502,Seattle/Puget Sound,53,53053,Census Tract 615.02,Tacoma,5370000,-0.2,47.2644619,-122.4499209,tract interior point in incorporated place
53053061601,Seattle/Puget Sound,53,53053,Census Tract 616.01,Tacoma,5370000,-0.2,47.2542261,-122.440231,tract interior point in incorporated place
53053061602,Seattle/Puget Sound,53,53053,Census Tract 616.02,Tacoma,5370000,-0.2,47.2401451,-122.4377427,tract interior point in incorporated place
53053061700,Seattle/Puget Sound,53,53053,Census Tract 617,Tacoma,5370000,-0.2,47.2386879,-122.4578238,tract interior point in incorporated place
53053061800,Seattle/Puget Sound,53,53053,Census Tract 618,Tacoma,5370000,-0.2,47.2267872,-122.4518338,tract interior point in incorporated place
53053061900,Seattle/Puget Sound,53,53053,Census Tract 619,Tacoma,5370000,-0.2,47.2276734,-122.4341708,tract interior point in incorporated place
53053062000,Seattle/Puget Sound,53,53053,Census Tract 620,Tacoma,5370000,-0.2,47.2293124,-122.4184094,tract interior point in incorporated place
53053062300,Seattle/Puget Sound,53,53053,Census Tract 623,Tacoma,5370000,-0.2,47.2142233,-122.4167847,tract interior point in incorporated place
53053062400,Seattle/Puget Sound,53,53053,Census Tract 624,Tacoma,5370000,-0.2,47.2145262,-122.4337774,tract interior point in incorporated place
53053062501,Seattle/Puget Sound,53,53053,Census Tract 625.01,Tacoma,5370000,-0.2,47.2184714,-122.4524128,tract interior point in incorporated place
53053062502,Seattle/Puget Sound,53,53053,Census Tract 625.02,Tacoma,5370000,-0.2,47.2101343,-122.4519248,tract interior point in incorporated place
53053062600,Seattle/Puget Sound,53,53053,Census Tract 626,Tacoma,5370000,-0.2,47.2203846,-122.4773836,tract interior point in incorporated place
53053062801,Seattle/Puget Sound,53,53053,Census Tract 628.01,Tacoma,5370000,-0.2,47.2214582,-122.4975602,tract interior point in incorporated place
53053062802,Seattle/Puget Sound,53,53053,Census Tract 628.02,Tacoma,5370000,-0.2,47.1940032,-122.496469,tract interior point in incorporated place
53053062901,Seattle/Puget Sound,53,53053,Census Tract 629.01,Tacoma,5370000,-0.2,47.2126892,-122.4783941,tract interior point in incorporated place
53053062902,Seattle/Puget Sound,53,53053,Census Tract 629.02,Tacoma,5370000,-0.2,47.1944018,-122.4787394,tract interior point in incorporated place
53053063000,Seattle/Puget Sound,53,53053,Census Tract 630,Tacoma,5370000,-0.2,47.1971869,-122.4677762,tract interior point in incorporated place
53053063100,Seattle/Puget Sound,53,53053,Census Tract 631,Tacoma,5370000,-0.2,47.1974147,-122.45178,tract interior point in incorporated place
53053063200,Seattle/Puget Sound,53,53053,Census Tract 632,Tacoma,5370000,-0.2,47.1989933,-122.4321664,tract interior point in incorporated place
53053063301,Seattle/Puget Sound,53,53053,Census Tract 633.01,Tacoma,5370000,-0.2,47.1982231,-122.4027137,tract interior point in incorporated place
53053063302,Seattle/Puget Sound,53,53053,Census Tract 633.02,Tacoma,5370000,-0.2,47.1999913,-122.4161571,tract interior point in incorporated place
53053063401,Seattle/Puget Sound,53,53053,Census Tract 634.01,Tacoma,5370000,-0.2,47.1864116,-122.4314315,tract interior point in incorporated place
53053063402,Seattle/Puget Sound,53,53053,Census Tract 634.02,Tacoma,5370000,-0.2,47.1755039,-122.4314828,tract interior point in incorporated place
53053063501,Seattle/Puget Sound,53,53053,Census Tract 635.01,Tacoma,5370000,-0.2,47.1863864,-122.4524028,tract interior point in incorporated place
53053063502,Seattle/Puget Sound,53,53053,Census Tract 635.02,Tacoma,5370000,-0.2,47.175076,-122.4516633,tract interior point in incorporated place
53053070100,Seattle/Puget Sound,53,53053,Census Tract 701,Outside named places,,0.0,46.9558204,-121.8166567,tract interior point in incorporated place
53053070204,Seattle/Puget Sound,53,53053,Census Tract 702.04,Outside named places,,0.0,47.1431958,-122.1276219,tract interior point in incorporated place
53053070205,Seattle/Puget Sound,53,53053,Census Tract 702.05,Outside named places,,0.0,47.1594128,-122.0886628,tract interior point in incorporated place
53053070206,Seattle/Puget Sound,53,53053,Census Tract 702.06,Outside named places,,0.0,47.109651,-122.0917982,tract interior point in incorporated place
53053070207,Seattle/Puget Sound,53,53053,Census Tract 702.07,Outside named places,,0.0,47.1508101,-122.0114366,tract interior point in incorporated place
53053070208,Seattle/Puget Sound,53,53053,Census Tract 702.08,Outside named places,,0.0,47.1279496,-122.1909749,tract interior point in incorporated place
53053070209,Seattle/Puget Sound,53,53053,Census Tract 702.09,Outside named places,,0.0,47.1071215,-122.1632351,tract interior point in incorporated place
53053070307,Seattle/Puget Sound,53,53053,Census Tract 703.07,Outside named places,,0.0,47.2169005,-122.1294816,tract interior point in incorporated place
53053070308,Seattle/Puget Sound,53,53053,Census Tract 703.08,Outside named places,,0.0,47.1830838,-122.1760903,tract interior point in incorporated place
53053070309,Seattle/Puget Sound,53,53053,Census Tract 703.09,Outside named places,,0.0,47.1854881,-122.1500502,tract interior point in incorporated place
53053070310,Seattle/Puget Sound,53,53053,Census Tract 703.10,Outside named places,,0.0,47.1607635,-122.1650031,tract interior point in incorporated place
53053070311,Seattle/Puget Sound,53,53053,Census Tract 703.11,Outside named places,,0.0,47.1573307,-122.1379143,tract interior point in incorporated place
53053070312,Seattle/Puget Sound,53,53053,Census Tract 703.12,Outside named places,,0.0,47.1706804,-122.2045849,tract interior point in incorporated place
53053070313,Seattle/Puget Sound,53,53053,Census Tract 703.13,Outside named places,,0.0,47.2078839,-122.193698,tract interior point in incorporated place
53053070314,Seattle/Puget Sound,53,53053,Census Tract 703.14,Outside named places,,0.0,47.2247289,-122.1859129,tract interior point in incorporated place
53053070315,Seattle/Puget Sound,53,53053,Census Tract 703.15,Outside named places,,0.0,47.2466147,-122.1799036,tract interior point in incorporated place
53053070316,Seattle/Puget Sound,53,53053,Census Tract 703.16,Outside named places,,0.0,47.2464515,-122.2155896,tract interior point in incorporated place
53053070401,Seattle/Puget Sound,53,53053,Census Tract 704.01,Outside named places,,0.0,47.1678946,-122.2248685,tract interior point in incorporated place
53053070403,Seattle/Puget Sound,53,53053,Census Tract 704.03,Outside named places,,0.0,47.0802058,-122.2117266,tract interior point in incorporated place
53053070404,Seattle/Puget Sound,53,53053,Census Tract 704.04,Outside named places,,0.0,47.1114636,-122.2227873,tract interior point in incorporated place
53053070703,Seattle/Puget Sound,53,53053,Census Tract 707.03,Outside named places,,0.0,47.2489124,-122.3177058,tract interior point in incorporated place
53053071100,Seattle/Puget Sound,53,53053,Census Tract 711,Outside named places,,0.0,47.1755036,-122.3744596,tract interior point in incorporated place
53053071205,Seattle/Puget Sound,53,53053,Census Tract 712.05,Outside named places,,0.0,47.1871648,-122.3417554,tract interior point in incorporated place
53053071206,Seattle/Puget Sound,53,53053,Census Tract 712.06,Outside named places,,0.0,47.1661261,-122.3239661,tract interior point in incorporated place
53053071207,Seattle/Puget Sound,53,53053,Census Tract 712.07,Outside named places,,0.0,47.1609922,-122.2813728,tract interior point in incorporated place
53053071209,Seattle/Puget Sound,53,53053,Census Tract 712.09,Outside named places,,0.0,47.1635254,-122.264972,tract interior point in incorporated place
53053071210,Seattle/Puget Sound,53,53053,Census Tract 712.10,Outside named places,,0.0,47.1680811,-122.2409392,tract interior point in incorporated place
53053071211,Seattle/Puget Sound,53,53053,Census Tract 712.11,Outside named places,,0.0,47.1438851,-122.2787871,tract interior point in incorporated place
53053071212,Seattle/Puget Sound,53,53053,Census Tract 712.12,Outside named places,,0.0,47.1347094,-122.2864171,tract interior point in incorporated place
53053071304,Seattle/Puget Sound,53,53053,Census Tract 713.04,Outside named places,,0.0,47.1369786,-122.310162,tract interior point in incorporated place
53053071305,Seattle/Puget Sound,53,53053,Census Tract 713.05,Outside named places,,0.0,47.1506823,-122.3862318,tract interior point in incorporated place
53053071306,Seattle/Puget Sound,53,53053,Census Tract 713.06,Outside named places,,0.0,47.1240725,-122.3793225,tract interior point in incorporated place
53053071307,Seattle/Puget Sound,53,53053,Census Tract 713.07,Outside named places,,0.0,47.1484353,-122.3321204,tract interior point in incorporated place
53053071309,Seattle/Puget Sound,53,53053,Census Tract 713.09,Outside named places,,0.0,47.1150433,-122.3403114,tract interior point in incorporated place
53053071310,Seattle/Puget Sound,53,53053,Census Tract 713.10,Outside named places,,0.0,47.1298642,-122.3386491,tract interior point in incorporated place
53053071403,Seattle/Puget Sound,53,53053,Census Tract 714.03,Outside named places,,0.0,47.1086836,-122.4515591,tract interior point in incorporated place
53053071408,Seattle/Puget Sound,53,53053,Census Tract 714.08,Outside named places,,0.0,47.1098273,-122.4204449,tract interior point in incorporated place
53053071409,Seattle/Puget Sound,53,53053,Census Tract 714.09,Outside named places,,0.0,47.1007056,-122.4174613,tract interior point in incorporated place
53053071411,Seattle/Puget Sound,53,53053,Census Tract 714.11,Outside named places,,0.0,47.0718654,-122.4088762,tract interior point in incorporated place
53053071412,Seattle/Puget Sound,53,53053,Census Tract 714.12,Outside named places,,0.0,47.0942447,-122.3847267,tract interior point in incorporated place
53053071413,Seattle/Puget Sound,53,53053,Census Tract 714.13,Outside named places,,0.0,47.0733912,-122.3779677,tract interior point in incorporated place
53053071414,Seattle/Puget Sound,53,53053,Census Tract 714.14,Outside named places,,0.0,47.0622162,-122.3672691,tract interior point in incorporated place
53053071415,Seattle/Puget Sound,53,53053,Census Tract 714.15,Outside named places,,0.0,47.0615739,-122.3412099,tract interior point in incorporated place
53053071416,Seattle/Puget Sound,53,53053,Census Tract 714.16,Outside named places,,0.0,47.0799711,-122.42813,tract interior point in incorporated place
53053071417,Seattle/Puget Sound,53,53053,Census Tract 714.17,Outside named places,,0.0,47.0897876,-122.4142409,tract interior point in incorporated place
53053071503,Seattle/Puget Sound,53,53053,Census Tract 715.03,Outside named places,,0.0,47.134101,-122.452236,tract interior point in incorporated place
53053071504,Seattle/Puget Sound,53,53053,Census Tract 715.04,Outside named places,,0.0,47.145689,-122.4452788,tract interior point in incorporated place
53053071505,Seattle/Puget Sound,53,53053,Census Tract 715.05,Outside named places,,0.0,47.132363,-122.4234689,tract interior point in incorporated place
53053071506,Seattle/Puget Sound,53,53053,Census Tract 715.06,Outside named places,,0.0,47.1215545,-122.4053778,tract interior point in incorporated place
53053071601,Seattle/Puget Sound,53,53053,Census Tract 716.01,Outside named places,,0.0,47.1797628,-122.4100405,tract interior point in incorporated place
53053071603,Seattle/Puget Sound,53,53053,Census Tract 716.03,Outside named places,,0.0,47.1642608,-122.4170286,tract interior point in incorporated place
53053071604,Seattle/Puget Sound,53,53053,Census Tract 716.04,Outside named places,,0.0,47.1538354,-122.4201159,tract interior point in incorporated place
53053071703,Seattle/Puget Sound,53,53053,Census Tract 717.03,Tacoma,5370000,-0.2,47.1709835,-122.463994,tract interior point in incorporated place
53053071704,Seattle/Puget Sound,53,53053,Census Tract 717.04,Outside named places,,0.0,47.1638216,-122.4667714,tract interior point in incorporated place
53053071705,Seattle/Puget Sound,53,53053,Census Tract 717.05,Outside named places,,0.0,47.1641759,-122.4434196,tract interior point in incorporated place
53053071706,Seattle/Puget Sound,53,53053,Census Tract 717.06,Outside named places,,0.0,47.1564837,-122.4672129,tract interior point in incorporated place
53053071707,Seattle/Puget Sound,53,53053,Census Tract 717.07,Outside named places,,0.0,47.1547542,-122.442304,tract interior point in incorporated place
53053071803,Seattle/Puget Sound,53,53053,Census Tract 718.03,Outside named places,,0.0,47.1847497,-122.507901,tract interior point in incorporated place
53053071805,Seattle/Puget Sound,53,53053,Census Tract 718.05,Outside named places,,0.0,47.1599265,-122.5002916,tract interior point in incorporated place
53053071806,Seattle/Puget Sound,53,53053,Census Tract 718.06,Outside named places,,0.0,47.1444505,-122.5052549,tract interior point in incorporated place
53053071807,Seattle/Puget Sound,53,53053,Census Tract 718.07,Outside named places,,0.0,47.1696254,-122.4954777,tract interior point in incorporated place
53053071808,Seattle/Puget Sound,53,53053,Census Tract 718.08,Outside named places,,0.0,47.1780257,-122.4720069,tract interior point in incorporated place
53053071901,Seattle/Puget Sound,53,53053,Census Tract 719.01,Outside named places,,0.0,47.1580824,-122.5177253,tract interior point in incorporated place
53053071902,Seattle/Puget Sound,53,53053,Census Tract 719.02,Outside named places,,0.0,47.1530137,-122.5374064,tract interior point in incorporated place
53053072000,Seattle/Puget Sound,53,53053,Census Tract 720,Outside named places,,0.0,47.1229256,-122.5401796,tract interior point in incorporated place
53053072105,Seattle/Puget Sound,53,53053,Census Tract 721.05,Outside named places,,0.0,47.1871468,-122.553261,tract interior point in incorporated place
53053072106,Seattle/Puget Sound,53,53053,Census Tract 721.06,Outside named places,,0.0,47.1861747,-122.5339376,tract interior point in incorporated place
53053072107,Seattle/Puget Sound,53,53053,Census Tract 721.07,Outside named places,,0.0,47.1707817,-122.5576536,tract interior point in incorporated place
53053072108,Seattle/Puget Sound,53,53053,Census Tract 721.08,Outside named places,,0.0,47.1454232,-122.5576115,tract interior point in incorporated place
53053072109,Seattle/Puget Sound,53,53053,Census Tract 721.09,Outside named places,,0.0,47.1621943,-122.6316638,tract interior point in incorporated place
53053072111,Seattle/Puget Sound,53,53053,Census Tract 721.11,Outside named places,,0.0,47.166168,-122.5908409,tract interior point in incorporated place
53053072112,Seattle/Puget Sound,53,53053,Census Tract 721.12,Outside named places,,0.0,47.1605593,-122.5773633,tract interior point in incorporated place
53053072305,Seattle/Puget Sound,53,53053,Census Tract 723.05,Outside named places,,0.0,47.2311155,-122.5158341,tract interior point in incorporated place
53053072307,Seattle/Puget Sound,53,53053,Census Tract 723.07,Outside named places,,0.0,47.2165495,-122.5529414,tract interior point in incorporated place
53053072309,Seattle/Puget Sound,53,53053,Census Tract 723.09,Outside named places,,0.0,47.2193054,-122.5672166,tract interior point in incorporated place
53053072310,Seattle/Puget Sound,53,53053,Census Tract 723.10,Outside named places,,0.0,47.2295839,-122.5435661,tract interior point in incorporated place
53053072311,Seattle/Puget Sound,53,53053,Census Tract 723.11,Outside named places,,0.0,47.2314021,-122.5306088,tract interior point in incorporated place
53053072312,Seattle/Puget Sound,53,53053,Census Tract 723.12,Outside named places,,0.0,47.2043152,-122.5203159,tract interior point in incorporated place
53053072313,Seattle/Puget Sound,53,53053,Census Tract 723.13,Outside named places,,0.0,47.2136116,-122.5174316,tract interior point in incorporated place
53053072314,Seattle/Puget Sound,53,53053,Census Tract 723.14,Outside named places,,0.0,47.2034387,-122.5414093,tract interior point in incorporated place
53053072315,Seattle/Puget Sound,53,53053,Census Tract 723.15,Outside named places,,0.0,47.1985927,-122.5826736,tract interior point in incorporated place
53053072405,Seattle/Puget Sound,53,53053,Census Tract 724.05,Outside named places,,0.0,47.293233,-122.6786958,tract interior point in incorporated place
53053072406,Seattle/Puget Sound,53,53053,Census Tract 724.06,Outside named places,,0.0,47.3077625,-122.6229515,tract interior point in incorporated place
53053072407,Seattle/Puget Sound,53,53053,Census Tract 724.07,Outside named places,,0.0,47.2984283,-122.5635099,tract interior point in incorporated place
53053072408,Seattle/Puget Sound,53,53053,Census Tract 724.08,Outside named places,,0.0,47.2877797,-122.5899163,tract interior point in incorporated place
53053072409,Seattle/Puget Sound,53,53053,Census Tract 724.09,Outside named places,,0.0,47.2834914,-122.6153637,tract interior point in incorporated place
53053072410,Seattle/Puget Sound,53,53053,Census Tract 724.10,Outside named places,,0.0,47.2544163,-122.6428957,tract interior point in incorporated place
53053072503,Seattle/Puget Sound,53,53053,Census Tract 725.03,Outside named places,,0.0,47.3845546,-122.6606454,tract interior point in incorporated place
53053072504,Seattle/Puget Sound,53,53053,Census Tract 725.04,Outside named places,,0.0,47.3413086,-122.6325255,tract interior point in incorporated place
53053072506,Seattle/Puget Sound,53,53053,Census Tract 725.06,Outside named places,,0.0,47.3769605,-122.548719,tract interior point in incorporated place
53053072507,Seattle/Puget Sound,53,53053,Census Tract 725.07,Outside named places,,0.0,47.3287892,-122.5856632,tract interior point in incorporated place
53053072508,Seattle/Puget Sound,53,53053,Census Tract 725.08,Outside named places,,0.0,47.3878766,-122.5979963,tract interior point in incorporated place
53053072509,Seattle/Puget Sound,53,53053,Census Tract 725.09,Outside named places,,0.0,47.356225,-122.5970682,tract interior point in incorporated place
53053072601,Seattle/Puget Sound,53,53053,Census Tract 726.01,Outside named places,,0.0,47.3761635,-122.7468956,tract interior point in incorporated place
53053072602,Seattle/Puget Sound,53,53053,Census Tract 726.02,Outside named places,,0.0,47.3099593,-122.7642334,tract interior point in incorporated place
53053072603,Seattle/Puget Sound,53,53053,Census Tract 726.03,Outside named places,,0.0,47.2094984,-122.6842971,tract interior point in incorporated place
53053072801,Seattle/Puget Sound,53,53053,Census Tract 728.01,Outside named places,,0.0,47.1066426,-122.6620765,tract interior point in incorporated place
53053072802,Seattle/Puget Sound,53,53053,Census Tract 728.02,Outside named places,,0.0,47.0988979,-122.6379447,tract interior point in incorporated place
53053072901,Seattle/Puget Sound,53,53053,Census Tract 729.01,Outside named places,,0.0,47.1294588,-122.4910671,tract interior point in incorporated place
53053072903,Seattle/Puget Sound,53,53053,Census Tract 729.03,Outside named places,,0.0,47.1293195,-122.6014267,tract interior point in incorporated place
53053072907,Seattle/Puget Sound,53,53053,Census Tract 729.07,Outside named places,,0.0,47.1061131,-122.5398573,tract interior point in incorporated place
53053072908,Seattle/Puget Sound,53,53053,Census Tract 729.08,Outside named places,,0.0,47.0908885,-122.606741,tract interior point in incorporated place
53053072909,Seattle/Puget Sound,53,53053,Census Tract 729.09,Outside named places,,0.0,47.030149,-122.5501134,tract interior point in incorporated place
53053073001,Seattle/Puget Sound,53,53053,Census Tract 730.01,Outside named places,,0.0,46.9697834,-122.4998112,tract interior point in incorporated place
53053073005,Seattle/Puget Sound,53,53053,Census Tract 730.05,Outside named places,,0.0,46.9714101,-122.3918463,tract interior point in incorporated place
53053073006,Seattle/Puget Sound,53,53053,Census Tract 730.06,Outside named places,,0.0,46.8987367,-122.4185317,tract interior point in incorporated place
53053073110,Seattle/Puget Sound,53,53053,Census Tract 731.10,Outside named places,,0.0,47.1326261,-122.2536636,tract interior point in incorporated place
53053073111,Seattle/Puget Sound,53,53053,Census Tract 731.11,Outside named places,,0.0,47.1222681,-122.2774266,tract interior point in incorporated place
53053073114,Seattle/Puget Sound,53,53053,Census Tract 731.14,Outside named places,,0.0,47.034908,-122.3776507,tract interior point in incorporated place
53053073115,Seattle/Puget Sound,53,53053,Census Tract 731.15,Outside named places,,0.0,47.0363194,-122.3452845,tract interior point in incorporated place
53053073116,Seattle/Puget Sound,53,53053,Census Tract 731.16,Outside named places,,0.0,47.0237735,-122.3219734,tract interior point in incorporated place
53053073117,Seattle/Puget Sound,53,53053,Census Tract 731.17,Outside named places,,0.0,46.968545,-122.3263276,tract interior point in incorporated place
53053073118,Seattle/Puget Sound,53,53053,Census Tract 731.18,Outside named places,,0.0,47.0450185,-122.2380132,tract interior point in incorporated place
53053073119,Seattle/Puget Sound,53,53053,Census Tract 731.19,Outside named places,,0.0,46.9720036,-122.2137899,tract interior point in incorporated place
53053073120,Seattle/Puget Sound,53,53053,Census Tract 731.20,Outside named places,,0.0,47.1162852,-122.3006495,tract interior point in incorporated place
53053073121,Seattle/Puget Sound,53,53053,Census Tract 731.21,Outside named places,,0.0,47.1034973,-122.3054333,tract interior point in incorporated place
53053073122,Seattle/Puget Sound,53,53053,Census Tract 731.22,Outside named places,,0.0,47.1057867,-122.2741688,tract interior point in incorporated place
53053073123,Seattle/Puget Sound,53,53053,Census Tract 731.23,Outside named places,,0.0,47.0899506,-122.2435988,tract interior point in incorporated place
53053073124,Seattle/Puget Sound,53,53053,Census Tract 731.24,Outside named places,,0.0,47.0645059,-122.3041249,tract interior point in incorporated place
53053073126,Seattle/Puget Sound,53,53053,Census Tract 731.26,Outside named places,,0.0,47.0907184,-122.3014936,tract interior point in incorporated place
53053073127,Seattle/Puget Sound,53,53053,Census Tract 731.27,Outside named places,,0.0,47.1037071,-122.3351508,tract interior point in incorporated place
53053073128,Seattle/Puget Sound,53,53053,Census Tract 731.28,Outside named places,,0.0,47.0855495,-122.3387386,tract interior point in incorporated place
53053073129,Seattle/Puget Sound,53,53053,Census Tract 731.29,Outside named places,,0.0,47.0840181,-122.2841537,tract interior point in incorporated place
53053073130,Seattle/Puget Sound,53,53053,Census Tract 731.30,Outside named places,,0.0,47.0630028,-122.2648707,tract interior point in incorporated place
53053073131,Seattle/Puget Sound,53,53053,Census Tract 731.31,Outside named places,,0.0,47.0903402,-122.3177597,tract interior point in incorporated place
53053073132,Seattle/Puget Sound,53,53053,Census Tract 731.32,Outside named places,,0.0,47.0790429,-122.3076156,tract interior point in incorporated place
53053073133,Seattle/Puget Sound,53,53053,Census Tract 731.33,Outside named places,,0.0,47.0712029,-122.3237941,tract interior point in incorporated place
53053073200,Seattle/Puget Sound,53,53053,Census Tract 732,Outside named places,,0.0,46.8389981,-122.1303032,tract interior point in incorporated place
53053073301,Seattle/Puget Sound,53,53053,Census Tract 733.01,Outside named places,,0.0,47.2323555,-122.2377757,tract interior point in incorporated place
53053073302,Seattle/Puget Sound,53,53053,Census Tract 733.02,Outside named places,,0.0,47.1972444,-122.2362705,tract interior point in incorporated place
53053073404,Seattle/Puget Sound,53,53053,Census Tract 734.04,Outside named places,,0.0,47.1826415,-122.3069138,tract interior point in incorporated place
53053073405,Seattle/Puget Sound,53,53053,Census Tract 734.05,Outside named places,,0.0,47.1759973,-122.2763481,tract interior point in incorporated place
53053073406,Seattle/Puget Sound,53,53053,Census Tract 734.06,Outside named places,,0.0,47.1840148,-122.2645236,tract interior point in incorporated place
53053073407,Seattle/Puget Sound,53,53053,Census Tract 734.07,Outside named places,,0.0,47.1980063,-122.296097,tract interior point in incorporated place
53053073408,Seattle/Puget Sound,53,53053,Census Tract 734.08,Outside named places,,0.0,47.1994555,-122.3202118,tract interior point in incorporated place
53053073501,Seattle/Puget Sound,53,53053,Census Tract 735.01,Outside named places,,0.0,47.2416946,-122.2721944,tract interior point in incorporated place
53053073502,Seattle/Puget Sound,53,53053,Census Tract 735.02,Outside named places,,0.0,47.2213491,-122.2726529,tract interior point in incorporated place
53053940001,Seattle/Puget Sound,53,53053,Census Tract 9400.01,Outside named places,,0.0,47.3047207,-122.4440514,tract interior point in incorporated place
53053940002,Seattle/Puget Sound,53,53053,Census Tract 9400.02,Tacoma,5370000,-0.2,47.2491493,-122.3641906,tract interior point in incorporated place
53053940004,Seattle/Puget Sound,53,53053,Census Tract 9400.04,Outside named places,,0.0,47.2050296,-122.3726372,tract interior point in incorporated place
53053940005,Seattle/Puget Sound,53,53053,Census Tract 9400.05,Tacoma,5370000,-0.2,47.2792626,-122.3721882,tract interior point in incorporated place
53053940006,Seattle/Puget Sound,53,53053,Census Tract 9400.06,Tacoma,5370000,-0.2,47.2153937,-122.401224,tract interior point in incorporated place
53053940007,Seattle/Puget Sound,53,53053,Census Tract 9400.07,Tacoma,5370000,-0.2,47.232117,-122.4011947,tract interior point in incorporated place
53053940008,Seattle/Puget Sound,53,53053,Census Tract 9400.08,Tacoma,5370000,-0.2,47.2940003,-122.3954557,tract interior point in incorporated place
53053940009,Seattle/Puget Sound,53,53053,Census Tract 9400.09,Outside named places,,0.0,47.2296303,-122.3128054,tract interior point in incorporated place
53053940010,Seattle/Puget Sound,53,53053,Census Tract 9400.10,Outside named places,,0.0,47.2059958,-122.301554,tract interior point in incorporated place
53053940011,Seattle/Puget Sound,53,53053,Census Tract 9400.11,Tacoma,5370000,-0.2,47.3011396,-122.4159959,tract interior point in incorporated place
53053940012,Seattle/Puget Sound,53,53053,Census Tract 9400.12,Outside named places,,0.0,47.2340318,-122.3458425,tract interior point in incorporated place
53053940013,Seattle/Puget Sound,53,53053,Census Tract 9400.13,Outside named places,,0.0,47.222257,-122.3495232,tract interior point in incorporated place
53061040100,Seattle/Puget Sound,53,53061,Census Tract 401,Everett,5322640,0.1,48.0046635,-122.219493,tract interior point in incorporated place
53061040200,Seattle/Puget Sound,53,53061,Census Tract 402,Everett,5322640,0.1,48.0024713,-122.1870446,tract interior point in incorporated place
53061040300,Seattle/Puget Sound,53,53061,Census Tract 403,Everett,5322640,0.1,47.9941342,-122.2000385,tract interior point in incorporated place
53061040400,Seattle/Puget Sound,53,53061,Census Tract 404,Everett,5322640,0.1,47.9855853,-122.2165614,tract interior point in incorporated place
53061040500,Seattle/Puget Sound,53,53061,Census Tract 405,Everett,5322640,0.1,47.9849396,-122.1815113,tract interior point in incorporated place
53061040700,Seattle/Puget Sound,53,53061,Census Tract 407,Everett,5322640,0.1,47.9729237,-122.1968288,tract interior point in incorporated place
53061040800,Seattle/Puget Sound,53,53061,Census Tract 408,Everett,5322640,0.1,47.9807703,-122.2303214,tract interior point in incorporated place
53061040900,Seattle/Puget Sound,53,53061,Census Tract 409,Everett,5322640,0.1,47.9601341,-122.23608,tract interior point in incorporated place
53061041000,Seattle/Puget Sound,53,53061,Census Tract 410,Everett,5322640,0.1,47.9602219,-122.2134422,tract interior point in incorporated place
53061041100,Seattle/Puget Sound,53,53061,Census Tract 411,Everett,5322640,0.1,47.9501936,-122.2256297,tract interior point in incorporated place
53061041201,Seattle/Puget Sound,53,53061,Census Tract 412.01,Everett,5322640,0.1,47.9447835,-122.2356418,tract interior point in incorporated place
53061041202,Seattle/Puget Sound,53,53061,Census Tract 412.02,Everett,5322640,0.1,47.9282413,-122.2252643,tract interior point in incorporated place
53061041301,Seattle/Puget Sound,53,53061,Census Tract 413.01,Outside named places,,0.0,47.9335357,-122.3017754,tract interior point in incorporated place
53061041303,Seattle/Puget Sound,53,53061,Census Tract 413.03,Everett,5322640,0.1,47.9408129,-122.2465473,tract interior point in incorporated place
53061041304,Seattle/Puget Sound,53,53061,Census Tract 413.04,Everett,5322640,0.1,47.9454881,-122.2666291,tract interior point in incorporated place
53061041400,Seattle/Puget Sound,53,53061,Census Tract 414,Everett,5322640,0.1,47.9419101,-122.2035977,tract interior point in incorporated place
53061041500,Seattle/Puget Sound,53,53061,Census Tract 415,Everett,5322640,0.1,47.9427427,-122.1834188,tract interior point in incorporated place
53061041601,Seattle/Puget Sound,53,53061,Census Tract 416.01,Outside named places,,0.0,47.9162493,-122.1932837,tract interior point in incorporated place
53061041605,Seattle/Puget Sound,53,53061,Census Tract 416.05,Everett,5322640,0.1,47.9016683,-122.195362,tract interior point in incorporated place
53061041606,Seattle/Puget Sound,53,53061,Census Tract 416.06,Outside named places,,0.0,47.8857346,-122.1969528,tract interior point in incorporated place
53061041607,Seattle/Puget Sound,53,53061,Census Tract 416.07,Outside named places,,0.0,47.8983544,-122.1734856,tract interior point in incorporated place
53061041609,Seattle/Puget Sound,53,53061,Census Tract 416.09,Outside named places,,0.0,47.8843206,-122.176833,tract interior point in incorporated place
53061041610,Seattle/Puget Sound,53,53061,Census Tract 416.10,Outside named places,,0.0,47.8879241,-122.1593119,tract interior point in incorporated place
53061041701,Seattle/Puget Sound,53,53061,Census Tract 417.01,Outside named places,,0.0,47.8899399,-122.2149774,tract interior point in incorporated place
53061041703,Seattle/Puget Sound,53,53061,Census Tract 417.03,Outside named places,,0.0,47.8614062,-122.2381437,tract interior point in incorporated place
53061041704,Seattle/Puget Sound,53,53061,Census Tract 417.04,Outside named places,,0.0,47.8673757,-122.2251849,tract interior point in incorporated place
53061041805,Seattle/Puget Sound,53,53061,Census Tract 418.05,Everett,5322640,0.1,47.914062,-122.2228507,tract interior point in incorporated place
53061041808,Seattle/Puget Sound,53,53061,Census Tract 418.08,Outside named places,,0.0,47.8907825,-122.2308969,tract interior point in incorporated place
53061041809,Seattle/Puget Sound,53,53061,Census Tract 418.09,Outside named places,,0.0,47.8917497,-122.2455166,tract interior point in incorporated place
53061041810,Seattle/Puget Sound,53,53061,Census Tract 418.10,Outside named places,,0.0,47.8860716,-122.2490656,tract interior point in incorporated place
53061041812,Seattle/Puget Sound,53,53061,Census Tract 418.12,Outside named places,,0.0,47.8750633,-122.2668852,tract interior point in incorporated place
53061041813,Seattle/Puget Sound,53,53061,Census Tract 418.13,Outside named places,,0.0,47.9012937,-122.2381593,tract interior point in incorporated place
53061041814,Seattle/Puget Sound,53,53061,Census Tract 418.14,Everett,5322640,0.1,47.9021112,-122.2222073,tract interior point in incorporated place
53061041815,Seattle/Puget Sound,53,53061,Census Tract 418.15,Outside named places,,0.0,47.8754116,-122.2489302,tract interior point in incorporated place
53061041816,Seattle/Puget Sound,53,53061,Census Tract 418.16,Outside named places,,0.0,47.8675284,-122.2564815,tract interior point in incorporated place
53061041901,Seattle/Puget Sound,53,53061,Census Tract 419.01,Outside named places,,0.0,47.901657,-122.2789279,tract interior point in incorporated place
53061041904,Seattle/Puget Sound,53,53061,Census Tract 419.04,Everett,5322640,0.1,47.916771,-122.238878,tract interior point in incorporated place
53061041905,Seattle/Puget Sound,53,53061,Census Tract 419.05,Everett,5322640,0.1,47.9014135,-122.2571911,tract interior point in incorporated place
53061041906,Seattle/Puget Sound,53,53061,Census Tract 419.06,Everett,5322640,0.1,47.9162827,-122.261052,tract interior point in incorporated place
53061041907,Seattle/Puget Sound,53,53061,Census Tract 419.07,Everett,5322640,0.1,47.9130242,-122.2505627,tract interior point in incorporated place
53061042001,Seattle/Puget Sound,53,53061,Census Tract 420.01,Outside named places,,0.0,47.9114849,-122.3146889,tract interior point in incorporated place
53061042003,Seattle/Puget Sound,53,53061,Census Tract 420.03,Outside named places,,0.0,47.8677509,-122.3235416,tract interior point in incorporated place
53061042004,Seattle/Puget Sound,53,53061,Census Tract 420.04,Outside named places,,0.0,47.867814,-122.2820583,tract interior point in incorporated place
53061042005,Seattle/Puget Sound,53,53061,Census Tract 420.05,Outside named places,,0.0,47.8899675,-122.317567,tract interior point in incorporated place
53061042006,Seattle/Puget Sound,53,53061,Census Tract 420.06,Outside named places,,0.0,47.8941067,-122.2989261,tract interior point in incorporated place
53061050101,Seattle/Puget Sound,53,53061,Census Tract 501.01,Outside named places,,0.0,47.8605867,-122.3237491,tract interior point in incorporated place
53061050102,Seattle/Puget Sound,53,53061,Census Tract 501.02,Outside named places,,0.0,47.858122,-122.2955906,tract interior point in incorporated place
53061050200,Seattle/Puget Sound,53,53061,Census Tract 502,Outside named places,,0.0,47.8411001,-122.347295,tract interior point in incorporated place
53061050300,Seattle/Puget Sound,53,53061,Census Tract 503,Outside named places,,0.0,47.8281986,-122.3577383,tract interior point in incorporated place
53061050402,Seattle/Puget Sound,53,53061,Census Tract 504.02,Outside named places,,0.0,47.804391,-122.3498495,tract interior point in incorporated place
53061050403,Seattle/Puget Sound,53,53061,Census Tract 504.03,Outside named places,,0.0,47.8160066,-122.3542772,tract interior point in incorporated place
53061050404,Seattle/Puget Sound,53,53061,Census Tract 504.04,Outside named places,,0.0,47.8119664,-122.33914,tract interior point in incorporated place
53061050501,Seattle/Puget Sound,53,53061,Census Tract 505.01,Outside named places,,0.0,47.8065533,-122.3819714,tract interior point in incorporated place
53061050502,Seattle/Puget Sound,53,53061,Census Tract 505.02,Outside named places,,0.0,47.803995,-122.3712358,tract interior point in incorporated place
53061050600,Seattle/Puget Sound,53,53061,Census Tract 506,Outside named places,,0.0,47.7835175,-122.3883372,tract interior point in incorporated place
53061050700,Seattle/Puget Sound,53,53061,Census Tract 507,Outside named places,,0.0,47.784638,-122.3651161,tract interior point in incorporated place
53061050800,Seattle/Puget Sound,53,53061,Census Tract 508,Outside named places,,0.0,47.793236,-122.3490897,tract interior point in incorporated place
53061050900,Seattle/Puget Sound,53,53061,Census Tract 509,Outside named places,,0.0,47.7859889,-122.337135,tract interior point in incorporated place
53061051000,Seattle/Puget Sound,53,53061,Census Tract 510,Outside named places,,0.0,47.7936798,-122.3233276,tract interior point in incorporated place
53061051100,Seattle/Puget Sound,53,53061,Census Tract 511,Outside named places,,0.0,47.7839887,-122.3071171,tract interior point in incorporated place
53061051200,Seattle/Puget Sound,53,53061,Census Tract 512,Outside named places,,0.0,47.7978114,-122.305815,tract interior point in incorporated place
53061051301,Seattle/Puget Sound,53,53061,Census Tract 513.01,Outside named places,,0.0,47.7991968,-122.2900604,tract interior point in incorporated place
53061051302,Seattle/Puget Sound,53,53061,Census Tract 513.02,Outside named places,,0.0,47.7858064,-122.2924406,tract interior point in incorporated place
53061051401,Seattle/Puget Sound,53,53061,Census Tract 514.01,Outside named places,,0.0,47.8118166,-122.3173448,tract interior point in incorporated place
53061051402,Seattle/Puget Sound,53,53061,Census Tract 514.02,Outside named places,,0.0,47.8130441,-122.2998127,tract interior point in incorporated place
53061051500,Seattle/Puget Sound,53,53061,Census Tract 515,Outside named places,,0.0,47.8207651,-122.326422,tract interior point in incorporated place
53061051601,Seattle/Puget Sound,53,53061,Census Tract 516.01,Outside named places,,0.0,47.8448173,-122.3092836,tract interior point in incorporated place
53061051602,Seattle/Puget Sound,53,53061,Census Tract 516.02,Outside named places,,0.0,47.8340051,-122.3155944,tract interior point in incorporated place
53061051701,Seattle/Puget Sound,53,53061,Census Tract 517.01,Outside named places,,0.0,47.8299818,-122.2999432,tract interior point in incorporated place
53061051702,Seattle/Puget Sound,53,53061,Census Tract 517.02,Outside named places,,0.0,47.8312109,-122.2863815,tract interior point in incorporated place
53061051802,Seattle/Puget Sound,53,53061,Census Tract 518.02,Outside named places,,0.0,47.8398339,-122.2736543,tract interior point in incorporated place
53061051803,Seattle/Puget Sound,53,53061,Census Tract 518.03,Outside named places,,0.0,47.8562368,-122.2815196,tract interior point in incorporated place
53061051804,Seattle/Puget Sound,53,53061,Census Tract 518.04,Outside named places,,0.0,47.857222,-122.2638366,tract interior point in incorporated place
53061051912,Seattle/Puget Sound,53,53061,Census Tract 519.12,Outside named places,,0.0,47.7843352,-122.1060047,tract interior point in incorporated place
53061051913,Seattle/Puget Sound,53,53061,Census Tract 519.13,Outside named places,,0.0,47.7999634,-122.2682735,tract interior point in incorporated place
53061051914,Seattle/Puget Sound,53,53061,Census Tract 519.14,Outside named places,,0.0,47.7843486,-122.2726505,tract interior point in incorporated place
53061051916,Seattle/Puget Sound,53,53061,Census Tract 519.16,Bothell,5307380,0.4,47.8002326,-122.2291713,tract interior point in incorporated place
53061051917,Seattle/Puget Sound,53,53061,Census Tract 519.17,Outside named places,,0.0,47.7840394,-122.245169,tract interior point in incorporated place
53061051918,Seattle/Puget Sound,53,53061,Census Tract 519.18,Bothell,5307380,0.4,47.7834491,-122.2143889,tract interior point in incorporated place
53061051921,Seattle/Puget Sound,53,53061,Census Tract 519.21,Outside named places,,0.0,47.8208453,-122.2204838,tract interior point in incorporated place
53061051922,Seattle/Puget Sound,53,53061,Census Tract 519.22,Outside named places,,0.0,47.8111938,-122.2246762,tract interior point in incorporated place
53061051926,Seattle/Puget Sound,53,53061,Census Tract 519.26,Outside named places,,0.0,47.7937223,-122.1619673,tract interior point in incorporated place
53061051927,Seattle/Puget Sound,53,53061,Census Tract 519.27,Outside named places,,0.0,47.8354357,-122.2381882,tract interior point in incorporated place
53061051928,Seattle/Puget Sound,53,53061,Census Tract 519.28,Outside named places,,0.0,47.8434034,-122.2480848,tract interior point in incorporated place
53061051929,Seattle/Puget Sound,53,53061,Census Tract 519.29,Outside named places,,0.0,47.812485,-122.2816005,tract interior point in incorporated place
53061051930,Seattle/Puget Sound,53,53061,Census Tract 519.30,Outside named places,,0.0,47.8189812,-122.2626598,tract interior point in incorporated place
53061051931,Seattle/Puget Sound,53,53061,Census Tract 519.31,Outside named places,,0.0,47.8145782,-122.2457508,tract interior point in incorporated place
53061051932,Seattle/Puget Sound,53,53061,Census Tract 519.32,Bothell,5307380,0.4,47.7994579,-122.247354,tract interior point in incorporated place
53061051933,Seattle/Puget Sound,53,53061,Census Tract 519.33,Outside named places,,0.0,47.8348293,-122.2169199,tract interior point in incorporated place
53061051934,Seattle/Puget Sound,53,53061,Census Tract 519.34,Outside named places,,0.0,47.8301407,-122.1990771,tract interior point in incorporated place
53061051935,Seattle/Puget Sound,53,53061,Census Tract 519.35,Outside named places,,0.0,47.8214335,-122.1928479,tract interior point in incorporated place
53061051936,Seattle/Puget Sound,53,53061,Census Tract 519.36,Outside named places,,0.0,47.8151621,-122.2012558,tract interior point in incorporated place
53061051937,Seattle/Puget Sound,53,53061,Census Tract 519.37,Bothell,5307380,0.4,47.8028629,-122.1927292,tract interior point in incorporated place
53061051938,Seattle/Puget Sound,53,53061,Census Tract 519.38,Bothell,5307380,0.4,47.7868962,-122.1893505,tract interior point in incorporated place
53061052004,Seattle/Puget Sound,53,53061,Census Tract 520.04,Outside named places,,0.0,47.8687285,-122.2072495,tract interior point in incorporated place
53061052005,Seattle/Puget Sound,53,53061,Census Tract 520.05,Outside named places,,0.0,47.8578901,-122.203846,tract interior point in incorporated place
53061052006,Seattle/Puget Sound,53,53061,Census Tract 520.06,Outside named places,,0.0,47.8494688,-122.1963238,tract interior point in incorporated place
53061052007,Seattle/Puget Sound,53,53061,Census Tract 520.07,Outside named places,,0.0,47.8395035,-122.1993428,tract interior point in incorporated place
53061052008,Seattle/Puget Sound,53,53061,Census Tract 520.08,Outside named places,,0.0,47.8705129,-122.1809281,tract interior point in incorporated place
53061052009,Seattle/Puget Sound,53,53061,Census Tract 520.09,Outside named places,,0.0,47.8436528,-122.1769122,tract interior point in incorporated place
53061052010,Seattle/Puget Sound,53,53061,Census Tract 520.10,Outside named places,,0.0,47.8566944,-122.1791458,tract interior point in incorporated place
53061052104,Seattle/Puget Sound,53,53061,Census Tract 521.04,Everett,5322640,0.1,47.98669,-122.1669598,tract interior point in incorporated place
53061052105,Seattle/Puget Sound,53,53061,Census Tract 521.05,Outside named places,,0.0,47.8770763,-122.0961288,tract interior point in incorporated place
53061052107,Seattle/Puget Sound,53,53061,Census Tract 521.07,Outside named places,,0.0,47.8242011,-122.1557794,tract interior point in incorporated place
53061052108,Seattle/Puget Sound,53,53061,Census Tract 521.08,Outside named places,,0.0,47.8311543,-122.1027753,tract interior point in incorporated place
53061052112,Seattle/Puget Sound,53,53061,Census Tract 521.12,Outside named places,,0.0,47.8015401,-122.0714441,tract interior point in incorporated place
53061052113,Seattle/Puget Sound,53,53061,Census Tract 521.13,Outside named places,,0.0,47.7927605,-122.022016,tract interior point in incorporated place
53061052114,Seattle/Puget Sound,53,53061,Census Tract 521.14,Outside named places,,0.0,47.8507229,-122.1547037,tract interior point in incorporated place
53061052119,Seattle/Puget Sound,53,53061,Census Tract 521.19,Outside named places,,0.0,47.8715231,-122.1632712,tract interior point in incorporated place
53061052120,Seattle/Puget Sound,53,53061,Census Tract 521.20,Outside named places,,0.0,47.86827,-122.1509386,tract interior point in incorporated place
53061052121,Seattle/Puget Sound,53,53061,Census Tract 521.21,Outside named places,,0.0,47.8813812,-122.1464488,tract interior point in incorporated place
53061052122,Seattle/Puget Sound,53,53061,Census Tract 521.22,Outside named places,,0.0,47.8617605,-122.127549,tract interior point in incorporated place
53061052203,Seattle/Puget Sound,53,53061,Census Tract 522.03,Outside named places,,0.0,47.8782193,-121.9822044,tract interior point in incorporated place
53061052204,Seattle/Puget Sound,53,53061,Census Tract 522.04,Outside named places,,0.0,47.8652822,-122.0178334,tract interior point in incorporated place
53061052206,Seattle/Puget Sound,53,53061,Census Tract 522.06,Outside named places,,0.0,47.927243,-121.938058,tract interior point in incorporated place
53061052207,Seattle/Puget Sound,53,53061,Census Tract 522.07,Outside named places,,0.0,47.9021504,-121.8778153,tract interior point in incorporated place
53061052208,Seattle/Puget Sound,53,53061,Census Tract 522.08,Outside named places,,0.0,47.85613,-121.9858885,tract interior point in incorporated place
53061052210,Seattle/Puget Sound,53,53061,Census Tract 522.10,Outside named places,,0.0,47.8499213,-121.9792683,tract interior point in incorporated place
53061052211,Seattle/Puget Sound,53,53061,Census Tract 522.11,Outside named places,,0.0,47.8349978,-122.0103665,tract interior point in incorporated place
53061052301,Seattle/Puget Sound,53,53061,Census Tract 523.01,Outside named places,,0.0,47.9615588,-122.0179744,tract interior point in incorporated place
53061052302,Seattle/Puget Sound,53,53061,Census Tract 523.02,Outside named places,,0.0,47.9119988,-122.0322076,tract interior point in incorporated place
53061052401,Seattle/Puget Sound,53,53061,Census Tract 524.01,Outside named places,,0.0,47.9257757,-122.0892015,tract interior point in incorporated place
53061052402,Seattle/Puget Sound,53,53061,Census Tract 524.02,Outside named places,,0.0,47.9150606,-122.0895205,tract interior point in incorporated place
53061052502,Seattle/Puget Sound,53,53061,Census Tract 525.02,Outside named places,,0.0,47.9347064,-122.1187816,tract interior point in incorporated place
53061052504,Seattle/Puget Sound,53,53061,Census Tract 525.04,Outside named places,,0.0,47.9658451,-122.1113055,tract interior point in incorporated place
53061052505,Seattle/Puget Sound,53,53061,Census Tract 525.05,Outside named places,,0.0,47.9878895,-122.1229998,tract interior point in incorporated place
53061052506,Seattle/Puget Sound,53,53061,Census Tract 525.06,Outside named places,,0.0,47.9849865,-122.108408,tract interior point in incorporated place
53061052603,Seattle/Puget Sound,53,53061,Census Tract 526.03,Outside named places,,0.0,48.0314339,-122.0831626,tract interior point in incorporated place
53061052604,Seattle/Puget Sound,53,53061,Census Tract 526.04,Outside named places,,0.0,47.9993012,-122.093746,tract interior point in incorporated place
53061052605,Seattle/Puget Sound,53,53061,Census Tract 526.05,Outside named places,,0.0,48.0191053,-122.0667747,tract interior point in incorporated place
53061052606,Seattle/Puget Sound,53,53061,Census Tract 526.06,Outside named places,,0.0,48.0041007,-122.0494588,tract interior point in incorporated place
53061052607,Seattle/Puget Sound,53,53061,Census Tract 526.07,Outside named places,,0.0,47.9688262,-122.0745008,tract interior point in incorporated place
53061052701,Seattle/Puget Sound,53,53061,Census Tract 527.01,Outside named places,,0.0,48.1245256,-122.1185986,tract interior point in incorporated place
53061052706,Seattle/Puget Sound,53,53061,Census Tract 527.06,Outside named places,,0.0,48.0086872,-122.1211573,tract interior point in incorporated place
53061052707,Seattle/Puget Sound,53,53061,Census Tract 527.07,Outside named places,,0.0,48.0261678,-122.1149932,tract interior point in incorporated place
53061052708,Seattle/Puget Sound,53,53061,Census Tract 527.08,Outside named places,,0.0,48.0626285,-122.1301068,tract interior point in incorporated place
53061052709,Seattle/Puget Sound,53,53061,Census Tract 527.09,Outside named places,,0.0,48.0899357,-122.0985926,tract interior point in incorporated place
53061052710,Seattle/Puget Sound,53,53061,Census Tract 527.10,Outside named places,,0.0,48.0451529,-122.132146,tract interior point in incorporated place
53061052711,Seattle/Puget Sound,53,53061,Census Tract 527.11,Outside named places,,0.0,48.0431485,-122.1111089,tract interior point in incorporated place
53061052803,Seattle/Puget Sound,53,53061,Census Tract 528.03,Outside named places,,0.0,48.1335519,-122.1637626,tract interior point in incorporated place
53061052805,Seattle/Puget Sound,53,53061,Census Tract 528.05,Outside named places,,0.0,48.0861101,-122.1740005,tract interior point in incorporated place
53061052807,Seattle/Puget Sound,53,53061,Census Tract 528.07,Outside named places,,0.0,48.1026424,-122.1698581,tract interior point in incorporated place
53061052808,Seattle/Puget Sound,53,53061,Census Tract 528.08,Outside named places,,0.0,48.1058151,-122.1537386,tract interior point in incorporated place
53061052809,Seattle/Puget Sound,53,53061,Census Tract 528.09,Outside named places,,0.0,48.0886932,-122.1512256,tract interior point in incorporated place
53061052810,Seattle/Puget Sound,53,53061,Census Tract 528.10,Outside named places,,0.0,48.0800788,-122.1510715,tract interior point in incorporated place
53061052903,Seattle/Puget Sound,53,53061,Census Tract 529.03,Outside named places,,0.0,48.0531551,-122.1722506,tract interior point in incorporated place
53061052904,Seattle/Puget Sound,53,53061,Census Tract 529.04,Outside named places,,0.0,48.0510765,-122.1500285,tract interior point in incorporated place
53061052905,Seattle/Puget Sound,53,53061,Census Tract 529.05,Outside named places,,0.0,48.067527,-122.1732159,tract interior point in incorporated place
53061052906,Seattle/Puget Sound,53,53061,Census Tract 529.06,Outside named places,,0.0,48.069198,-122.1536756,tract interior point in incorporated place
53061053101,Seattle/Puget Sound,53,53061,Census Tract 531.01,Outside named places,,0.0,48.1730236,-122.2333219,tract interior point in incorporated place
53061053102,Seattle/Puget Sound,53,53061,Census Tract 531.02,Outside named places,,0.0,48.140546,-122.2375894,tract interior point in incorporated place
53061053201,Seattle/Puget Sound,53,53061,Census Tract 532.01,Outside named places,,0.0,48.1952183,-122.3171137,tract interior point in incorporated place
53061053202,Seattle/Puget Sound,53,53061,Census Tract 532.02,Outside named places,,0.0,48.1425085,-122.3422759,tract interior point in incorporated place
53061053301,Seattle/Puget Sound,53,53061,Census Tract 533.01,Outside named places,,0.0,48.2560314,-122.3660164,tract interior point in incorporated place
53061053302,Seattle/Puget Sound,53,53061,Census Tract 533.02,Outside named places,,0.0,48.2589939,-122.2781367,tract interior point in incorporated place
53061053400,Seattle/Puget Sound,53,53061,Census Tract 534,Outside named places,,0.0,48.2767455,-122.1470144,tract interior point in incorporated place
53061053505,Seattle/Puget Sound,53,53061,Census Tract 535.05,Outside named places,,0.0,48.116454,-122.0449079,tract interior point in incorporated place
53061053506,Seattle/Puget Sound,53,53061,Census Tract 535.06,Outside named places,,0.0,48.2012466,-121.9823992,tract interior point in incorporated place
53061053507,Seattle/Puget Sound,53,53061,Census Tract 535.07,Outside named places,,0.0,48.1643577,-122.1298577,tract interior point in incorporated place
53061053508,Seattle/Puget Sound,53,53061,Census Tract 535.08,Outside named places,,0.0,48.1874368,-122.1660771,tract interior point in incorporated place
53061053509,Seattle/Puget Sound,53,53061,Census Tract 535.09,Outside named places,,0.0,48.1633186,-122.1616281,tract interior point in incorporated place
53061053510,Seattle/Puget Sound,53,53061,Census Tract 535.10,Outside named places,,0.0,48.1946566,-122.1140132,tract interior point in incorporated place
53061053511,Seattle/Puget Sound,53,53061,Census Tract 535.11,Outside named places,,0.0,48.1693845,-122.1086927,tract interior point in incorporated place
53061053603,Seattle/Puget Sound,53,53061,Census Tract 536.03,Outside named places,,0.0,48.0468123,-122.0181379,tract interior point in incorporated place
53061053604,Seattle/Puget Sound,53,53061,Census Tract 536.04,Outside named places,,0.0,48.0805128,-122.0070255,tract interior point in incorporated place
53061053605,Seattle/Puget Sound,53,53061,Census Tract 536.05,Outside named places,,0.0,48.031226,-121.9638812,tract interior point in incorporated place
53061053606,Seattle/Puget Sound,53,53061,Census Tract 536.06,Outside named places,,0.0,48.0123109,-121.6782609,tract interior point in incorporated place
53061053700,Seattle/Puget Sound,53,53061,Census Tract 537,Outside named places,,0.0,48.2371094,-121.4416703,tract interior point in incorporated place
53061053801,Seattle/Puget Sound,53,53061,Census Tract 538.01,Outside named places,,0.0,47.8728737,-121.4464055,tract interior point in incorporated place
53061053802,Seattle/Puget Sound,53,53061,Census Tract 538.02,Outside named places,,0.0,47.8621681,-121.8285906,tract interior point in incorporated place
53061053803,Seattle/Puget Sound,53,53061,Census Tract 538.03,Outside named places,,0.0,47.8955608,-121.6492101,tract interior point in incorporated place
53061940001,Seattle/Puget Sound,53,53061,Census Tract 9400.01,Outside named places,,0.0,48.0752244,-122.2219406,tract interior point in incorporated place
53061940002,Seattle/Puget Sound,53,53061,Census Tract 9400.02,Outside named places,,0.0,48.0958858,-122.3021811,tract interior point in incorporated place
53061990002,Seattle/Puget Sound,53,53061,Census Tract 9900.02,Outside named places,,0.0,48.0002035,-122.335387,tract interior point in incorporated place
53061990100,Seattle/Puget Sound,53,53061,Census Tract 9901,Outside named places,,0.0,48.2831458,-122.4110634,tract interior point in incorporated place
53067010100,Seattle/Puget Sound,53,53067,Census Tract 101,Outside named places,,0.0,47.0452755,-122.9023537,tract interior point in incorporated place
53067010200,Seattle/Puget Sound,53,53067,Census Tract 102,Outside named places,,0.0,47.0610404,-122.8812859,tract interior point in incorporated place
53067010300,Seattle/Puget Sound,53,53067,Census Tract 103,Outside named places,,0.0,47.0447883,-122.8734533,tract interior point in incorporated place
53067010400,Seattle/Puget Sound,53,53067,Census Tract 104,Outside named places,,0.0,47.0242809,-122.8842817,tract interior point in incorporated place
53067010510,Seattle/Puget Sound,53,53067,Census Tract 105.10,Outside named places,,0.0,47.0417218,-122.9441939,tract interior point in incorporated place
53067010520,Seattle/Puget Sound,53,53067,Census Tract 105.20,Outside named places,,0.0,47.0368384,-122.9181757,tract interior point in incorporated place
53067010600,Seattle/Puget Sound,53,53067,Census Tract 106,Outside named places,,0.0,47.0593855,-122.923587,tract interior point in incorporated place
53067010700,Seattle/Puget Sound,53,53067,Census Tract 107,Outside named places,,0.0,47.0287483,-122.8607989,tract interior point in incorporated place
53067010801,Seattle/Puget Sound,53,53067,Census Tract 108.01,Outside named places,,0.0,46.9734459,-122.9118975,tract interior point in incorporated place
53067010802,Seattle/Puget Sound,53,53067,Census Tract 108.02,Outside named places,,0.0,46.9984093,-122.8948352,tract interior point in incorporated place
53067010910,Seattle/Puget Sound,53,53067,Census Tract 109.10,Outside named places,,0.0,47.0150836,-122.9280694,tract interior point in incorporated place
53067010920,Seattle/Puget Sound,53,53067,Census Tract 109.20,Outside named places,,0.0,46.9981402,-122.9366537,tract interior point in incorporated place
53067011000,Seattle/Puget Sound,53,53067,Census Tract 110,Outside named places,,0.0,46.9855209,-122.9727597,tract interior point in incorporated place
53067011100,Seattle/Puget Sound,53,53067,Census Tract 111,Outside named places,,0.0,47.0670269,-122.9363824,tract interior point in incorporated place
53067011200,Seattle/Puget Sound,53,53067,Census Tract 112,Outside named places,,0.0,47.0464928,-122.816103,tract interior point in incorporated place
53067011300,Seattle/Puget Sound,53,53067,Census Tract 113,Outside named places,,0.0,47.0249695,-122.8350725,tract interior point in incorporated place
53067011410,Seattle/Puget Sound,53,53067,Census Tract 114.10,Outside named places,,0.0,47.0298796,-122.8092591,tract interior point in incorporated place
53067011421,Seattle/Puget Sound,53,53067,Census Tract 114.21,Outside named places,,0.0,47.0147911,-122.8165671,tract interior point in incorporated place
53067011422,Seattle/Puget Sound,53,53067,Census Tract 114.22,Outside named places,,0.0,47.0131029,-122.7925036,tract interior point in incorporated place
53067011500,Seattle/Puget Sound,53,53067,Census Tract 115,Outside named places,,0.0,47.0528069,-122.7795308,tract interior point in incorporated place
53067011622,Seattle/Puget Sound,53,53067,Census Tract 116.22,Outside named places,,0.0,46.9987725,-122.7991135,tract interior point in incorporated place
53067011623,Seattle/Puget Sound,53,53067,Census Tract 116.23,Outside named places,,0.0,46.9922591,-122.8142443,tract interior point in incorporated place
53067011624,Seattle/Puget Sound,53,53067,Census Tract 116.24,Outside named places,,0.0,46.9958534,-122.7652143,tract interior point in incorporated place
53067011625,Seattle/Puget Sound,53,53067,Census Tract 116.25,Outside named places,,0.0,47.0015742,-122.8153791,tract interior point in incorporated place
53067011626,Seattle/Puget Sound,53,53067,Census Tract 116.26,Outside named places,,0.0,47.0078141,-122.8357171,tract interior point in incorporated place
53067011627,Seattle/Puget Sound,53,53067,Census Tract 116.27,Outside named places,,0.0,47.0338748,-122.7692398,tract interior point in incorporated place
53067011628,Seattle/Puget Sound,53,53067,Census Tract 116.28,Outside named places,,0.0,47.017745,-122.7672105,tract interior point in incorporated place
53067011720,Seattle/Puget Sound,53,53067,Census Tract 117.20,Outside named places,,0.0,46.9665406,-122.8578794,tract interior point in incorporated place
53067011721,Seattle/Puget Sound,53,53067,Census Tract 117.21,Outside named places,,0.0,47.0092942,-122.8612378,tract interior point in incorporated place
53067011722,Seattle/Puget Sound,53,53067,Census Tract 117.22,Outside named places,,0.0,46.9953442,-122.8546523,tract interior point in incorporated place
53067011810,Seattle/Puget Sound,53,53067,Census Tract 118.10,Outside named places,,0.0,46.9626129,-123.0848245,tract interior point in incorporated place
53067011821,Seattle/Puget Sound,53,53067,Census Tract 118.21,Outside named places,,0.0,46.9299079,-122.9227614,tract interior point in incorporated place
53067011822,Seattle/Puget Sound,53,53067,Census Tract 118.22,Outside named places,,0.0,46.9372189,-122.9755025,tract interior point in incorporated place
53067011901,Seattle/Puget Sound,53,53067,Census Tract 119.01,Outside named places,,0.0,47.061304,-123.0508525,tract interior point in incorporated place
53067011902,Seattle/Puget Sound,53,53067,Census Tract 119.02,Outside named places,,0.0,47.1226858,-122.9852541,tract interior point in incorporated place
53067012001,Seattle/Puget Sound,53,53067,Census Tract 120.01,Outside named places,,0.0,47.0676555,-122.982505,tract interior point in incorporated place
53067012002,Seattle/Puget Sound,53,53067,Census Tract 120.02,Outside named places,,0.0,47.1160993,-122.9356205,tract interior point in incorporated place
53067012100,Seattle/Puget Sound,53,53067,Census Tract 121,Outside named places,,0.0,47.1355247,-122.8749908,tract interior point in incorporated place
53067012211,Seattle/Puget Sound,53,53067,Census Tract 122.11,Outside named places,,0.0,47.0942349,-122.8470325,tract interior point in incorporated place
53067012221,Seattle/Puget Sound,53,53067,Census Tract 122.21,Outside named places,,0.0,47.1137683,-122.8064783,tract interior point in incorporated place
53067012223,Seattle/Puget Sound,53,53067,Census Tract 122.23,Outside named places,,0.0,47.0575883,-122.8504441,tract interior point in incorporated place
53067012224,Seattle/Puget Sound,53,53067,Census Tract 122.24,Outside named places,,0.0,47.0589602,-122.8239157,tract interior point in incorporated place
53067012225,Seattle/Puget Sound,53,53067,Census Tract 122.25,Outside named places,,0.0,47.1100307,-122.7691791,tract interior point in incorporated place
53067012226,Seattle/Puget Sound,53,53067,Census Tract 122.26,Outside named places,,0.0,47.0916519,-122.7331188,tract interior point in incorporated place
53067012320,Seattle/Puget Sound,53,53067,Census Tract 123.20,Outside named places,,0.0,47.0275683,-122.6839154,tract interior point in incorporated place
53067012330,Seattle/Puget Sound,53,53067,Census Tract 123.30,Outside named places,,0.0,47.0571389,-122.7532346,tract interior point in incorporated place
53067012331,Seattle/Puget Sound,53,53067,Census Tract 123.31,Outside named places,,0.0,47.0197708,-122.7485133,tract interior point in incorporated place
53067012332,Seattle/Puget Sound,53,53067,Census Tract 123.32,Outside named places,,0.0,47.043918,-122.745043,tract interior point in incorporated place
53067012412,Seattle/Puget Sound,53,53067,Census Tract 124.12,Outside named places,,0.0,46.9295158,-122.5977626,tract interior point in incorporated place
53067012420,Seattle/Puget Sound,53,53067,Census Tract 124.20,Outside named places,,0.0,46.9564727,-122.7168816,tract interior point in incorporated place
53067012421,Seattle/Puget Sound,53,53067,Census Tract 124.21,Outside named places,,0.0,46.9346019,-122.6333551,tract interior point in incorporated place
53067012422,Seattle/Puget Sound,53,53067,Census Tract 124.22,Outside named places,,0.0,46.9630188,-122.6048364,tract interior point in incorporated place
53067012510,Seattle/Puget Sound,53,53067,Census Tract 125.10,Outside named places,,0.0,46.8042084,-122.4096727,tract interior point in incorporated place
53067012530,Seattle/Puget Sound,53,53067,Census Tract 125.30,Outside named places,,0.0,46.8922147,-122.7219396,tract interior point in incorporated place
53067012531,Seattle/Puget Sound,53,53067,Census Tract 125.31,Outside named places,,0.0,46.8074843,-122.5886632,tract interior point in incorporated place
53067012532,Seattle/Puget Sound,53,53067,Census Tract 125.32,Outside named places,,0.0,46.8979578,-122.5640792,tract interior point in incorporated place
53067012610,Seattle/Puget Sound,53,53067,Census Tract 126.10,Outside named places,,0.0,46.8831974,-122.8804379,tract interior point in incorporated place
53067012620,Seattle/Puget Sound,53,53067,Census Tract 126.20,Outside named places,,0.0,46.8166888,-122.8190701,tract interior point in incorporated place
53067012710,Seattle/Puget Sound,53,53067,Census Tract 127.10,Outside named places,,0.0,46.8035617,-122.9585168,tract interior point in incorporated place
53067012720,Seattle/Puget Sound,53,53067,Census Tract 127.20,Outside named places,,0.0,46.7926655,-123.0860904,tract interior point in incorporated place
53067012730,Seattle/Puget Sound,53,53067,Census Tract 127.30,Outside named places,,0.0,46.8584367,-123.0587556,tract interior point in incorporated place
53067990100,Seattle/Puget Sound,53,53067,Census Tract 9901,Outside named places,,0.0,47.1439146,-122.7747864,tract interior point in incorporated place
