observation_id,entity_id,entity_scope,period_end,fiscal_label,published_at,available_at,retrieved_at,source_id,source_sha256,source_url,page_or_table,metric,value,unit,denominator,portfolio_scope,geography,status,missing_reason,metric_definition_version,assumption_set_id,transform_code_version,scope,notes,review_method,raw_value,normalization_multiplier,input_observation_ids,source_page_text_sha256,vintage_status,reviewed_table_row
obs_0488fb396dc889fb928db9b9,WAFD,reported consolidated issuer,2026-06-30,FY2026Q3,2026-07-16,2026-07-17T12:00:00+00:00,2026-10-07T15:13:11.834647+00:00,src_3d1fb233d362d51f86e3167e,5d285d3fbdef414f833415aefc027932c3cde821d9d833d0b92b970f52c40cd5,https://www.wafdbank.com/documents/financial-news/2026/wafd-bank-press-release-20260716.pdf,PDF page 2,cash,676.467,USD_million,not_applicable,all,all,observed,,cash.v1,,9491fe5e7f31717dc64759272319e51683bb808d+tree.f3c55c4a81547502,"{""basis"": ""reported"", ""entity"": ""WAFD"", ""geography"": ""all"", ""measurement"": ""stock"", ""netting"": ""reported"", ""occupancy"": ""all"", ""ownership"": ""consolidated"", ""period_end"": ""2026-06-30"", ""portfolio"": ""all""}",,human table review; numeric token presence check,676467.0,0.001,[],f9fa2e98e6f532e5c77f1c77031daed040edfb07703e21fb1af01cd720b6a42c,reconstructed from currently retrieved published document; not an archived contemporaneous download,
obs_58060e18cd2fa7e812f64997,WAFD,reported consolidated issuer,2026-03-31,FY2026Q2,2026-07-16,2026-07-17T12:00:00+00:00,2026-10-07T15:13:11.834647+00:00,src_3d1fb233d362d51f86e3167e,5d285d3fbdef414f833415aefc027932c3cde821d9d833d0b92b970f52c40cd5,https://www.wafdbank.com/documents/financial-news/2026/wafd-bank-press-release-20260716.pdf,PDF page 2,cash,669.799,USD_million,not_applicable,all,all,observed,,cash.v1,,9491fe5e7f31717dc64759272319e51683bb808d+tree.f3c55c4a81547502,"{""basis"": ""reported"", ""entity"": ""WAFD"", ""geography"": ""all"", ""measurement"": ""stock"", ""netting"": ""reported"", ""occupancy"": ""all"", ""ownership"": ""consolidated"", ""period_end"": ""2026-03-31"", ""portfolio"": ""all""}",,human table review; numeric token presence check,669799.0,0.001,[],f9fa2e98e6f532e5c77f1c77031daed040edfb07703e21fb1af01cd720b6a42c,reconstructed from currently retrieved published document; not an archived contemporaneous download,
obs_1ca273d52fbfb7b97b672b6f,WAFD,reported consolidated issuer,2025-12-31,FY2026Q1,2026-07-16,2026-07-17T12:00:00+00:00,2026-10-07T15:13:11.834647+00:00,src_3d1fb233d362d51f86e3167e,5d285d3fbdef414f833415aefc027932c3cde821d9d833d0b92b970f52c40cd5,https://www.wafdbank.com/documents/financial-news/2026/wafd-bank-press-release-20260716.pdf,PDF page 2,cash,734.915,USD_million,not_applicable,all,all,observed,,cash.v1,,9491fe5e7f31717dc64759272319e51683bb808d+tree.f3c55c4a81547502,"{""basis"": ""reported"", ""entity"": ""WAFD"", ""geography"": ""all"", ""measurement"": ""stock"", ""netting"": ""reported"", ""occupancy"": ""all"", ""ownership"": ""consolidated"", ""period_end"": ""2025-12-31"", ""portfolio"": ""all""}",,human table review; numeric token presence check,734915.0,0.001,[],f9fa2e98e6f532e5c77f1c77031daed040edfb07703e21fb1af01cd720b6a42c,reconstructed from currently retrieved published document; not an archived contemporaneous download,
obs_b7107368af8ea267044eaa6a,WAFD,reported consolidated issuer,2026-06-30,FY2026Q3,2026-07-16,2026-07-17T12:00:00+00:00,2026-10-07T15:13:11.834647+00:00,src_3d1fb233d362d51f86e3167e,5d285d3fbdef414f833415aefc027932c3cde821d9d833d0b92b970f52c40cd5,https://www.wafdbank.com/documents/financial-news/2026/wafd-bank-press-release-20260716.pdf,PDF page 2,loans_net,20017.876,USD_million,not_applicable,all,all,observed,,loans_net.v1,,9491fe5e7f31717dc64759272319e51683bb808d+tree.f3c55c4a81547502,"{""basis"": ""reported"", ""entity"": ""WAFD"", ""geography"": ""all"", ""measurement"": ""stock"", ""netting"": ""reported"", ""occupancy"": ""all"", ""ownership"": ""consolidated"", ""period_end"": ""2026-06-30"", ""portfolio"": ""all""}",,human table review; numeric token presence check,20017876.0,0.001,[],f9fa2e98e6f532e5c77f1c77031daed040edfb07703e21fb1af01cd720b6a42c,reconstructed from currently retrieved published document; not an archived contemporaneous download,
obs_9d8f2cef81ad6b02ef728a11,WAFD,reported consolidated issuer,2026-03-31,FY2026Q2,2026-07-16,2026-07-17T12:00:00+00:00,2026-10-07T15:13:11.834647+00:00,src_3d1fb233d362d51f86e3167e,5d285d3fbdef414f833415aefc027932c3cde821d9d833d0b92b970f52c40cd5,https://www.wafdbank.com/documents/financial-news/2026/wafd-bank-press-release-20260716.pdf,PDF page 2,loans_net,19966.983,USD_million,not_applicable,all,all,observed,,loans_net.v1,,9491fe5e7f31717dc64759272319e51683bb808d+tree.f3c55c4a81547502,"{""basis"": ""reported"", ""entity"": ""WAFD"", ""geography"": ""all"", ""measurement"": ""stock"", ""netting"": ""reported"", ""occupancy"": ""all"", ""ownership"": ""consolidated"", ""period_end"": ""2026-03-31"", ""portfolio"": ""all""}",,human table review; numeric token presence check,19966983.0,0.001,[],f9fa2e98e6f532e5c77f1c77031daed040edfb07703e21fb1af01cd720b6a42c,reconstructed from currently retrieved published document; not an archived contemporaneous download,
obs_66822ce01ff3a47a902dc6ed,WAFD,reported consolidated issuer,2025-12-31,FY2026Q1,2026-07-16,2026-07-17T12:00:00+00:00,2026-10-07T15:13:11.834647+00:00,src_3d1fb233d362d51f86e3167e,5d285d3fbdef414f833415aefc027932c3cde821d9d833d0b92b970f52c40cd5,https://www.wafdbank.com/documents/financial-news/2026/wafd-bank-press-release-20260716.pdf,PDF page 2,loans_net,19848.156,USD_million,not_applicable,all,all,observed,,loans_net.v1,,9491fe5e7f31717dc64759272319e51683bb808d+tree.f3c55c4a81547502,"{""basis"": ""reported"", ""entity"": ""WAFD"", ""geography"": ""all"", ""measurement"": ""stock"", ""netting"": ""reported"", ""occupancy"": ""all"", ""ownership"": ""consolidated"", ""period_end"": ""2025-12-31"", ""portfolio"": ""all""}",,human table review; numeric token presence check,19848156.0,0.001,[],f9fa2e98e6f532e5c77f1c77031daed040edfb07703e21fb1af01cd720b6a42c,reconstructed from currently retrieved published document; not an archived contemporaneous download,
obs_b1473a09973044268ab014f2,WAFD,reported consolidated issuer,2026-06-30,FY2026Q3,2026-07-16,2026-07-17T12:00:00+00:00,2026-10-07T15:13:11.834647+00:00,src_3d1fb233d362d51f86e3167e,5d285d3fbdef414f833415aefc027932c3cde821d9d833d0b92b970f52c40cd5,https://www.wafdbank.com/documents/financial-news/2026/wafd-bank-press-release-20260716.pdf,PDF page 2,afs_fair_value,4190.263,USD_million,not_applicable,all,all,observed,,afs_fair_value.v1,,9491fe5e7f31717dc64759272319e51683bb808d+tree.f3c55c4a81547502,"{""basis"": ""reported"", ""entity"": ""WAFD"", ""geography"": ""all"", ""measurement"": ""stock"", ""netting"": ""reported"", ""occupancy"": ""all"", ""ownership"": ""consolidated"", ""period_end"": ""2026-06-30"", ""portfolio"": ""all""}",,human table review; numeric token presence check,4190263.0,0.001,[],f9fa2e98e6f532e5c77f1c77031daed040edfb07703e21fb1af01cd720b6a42c,reconstructed from currently retrieved published document; not an archived contemporaneous download,
obs_f706a8af8b02a2dd158895f0,WAFD,reported consolidated issuer,2026-03-31,FY2026Q2,2026-07-16,2026-07-17T12:00:00+00:00,2026-10-07T15:13:11.834647+00:00,src_3d1fb233d362d51f86e3167e,5d285d3fbdef414f833415aefc027932c3cde821d9d833d0b92b970f52c40cd5,https://www.wafdbank.com/documents/financial-news/2026/wafd-bank-press-release-20260716.pdf,PDF page 2,afs_fair_value,4352.258,USD_million,not_applicable,all,all,observed,,afs_fair_value.v1,,9491fe5e7f31717dc64759272319e51683bb808d+tree.f3c55c4a81547502,"{""basis"": ""reported"", ""entity"": ""WAFD"", ""geography"": ""all"", ""measurement"": ""stock"", ""netting"": ""reported"", ""occupancy"": ""all"", ""ownership"": ""consolidated"", ""period_end"": ""2026-03-31"", ""portfolio"": ""all""}",,human table review; numeric token presence check,4352258.0,0.001,[],f9fa2e98e6f532e5c77f1c77031daed040edfb07703e21fb1af01cd720b6a42c,reconstructed from currently retrieved published document; not an archived contemporaneous download,
obs_4525f3f1442678e25d58d65e,WAFD,reported consolidated issuer,2025-12-31,FY2026Q1,2026-07-16,2026-07-17T12:00:00+00:00,2026-10-07T15:13:11.834647+00:00,src_3d1fb233d362d51f86e3167e,5d285d3fbdef414f833415aefc027932c3cde821d9d833d0b92b970f52c40cd5,https://www.wafdbank.com/documents/financial-news/2026/wafd-bank-press-release-20260716.pdf,PDF page 2,afs_fair_value,4142.285,USD_million,not_applicable,all,all,observed,,afs_fair_value.v1,,9491fe5e7f31717dc64759272319e51683bb808d+tree.f3c55c4a81547502,"{""basis"": ""reported"", ""entity"": ""WAFD"", ""geography"": ""all"", ""measurement"": ""stock"", ""netting"": ""reported"", ""occupancy"": ""all"", ""ownership"": ""consolidated"", ""period_end"": ""2025-12-31"", ""portfolio"": ""all""}",,human table review; numeric token presence check,4142285.0,0.001,[],f9fa2e98e6f532e5c77f1c77031daed040edfb07703e21fb1af01cd720b6a42c,reconstructed from currently retrieved published document; not an archived contemporaneous download,
obs_d74eebea12b248ce80e8879d,WAFD,reported consolidated issuer,2026-06-30,FY2026Q3,2026-07-16,2026-07-17T12:00:00+00:00,2026-10-07T15:13:11.834647+00:00,src_3d1fb233d362d51f86e3167e,5d285d3fbdef414f833415aefc027932c3cde821d9d833d0b92b970f52c40cd5,https://www.wafdbank.com/documents/financial-news/2026/wafd-bank-press-release-20260716.pdf,PDF page 2,htm_amortized_cost,858.261,USD_million,not_applicable,all,all,observed,,htm_amortized_cost.v1,,9491fe5e7f31717dc64759272319e51683bb808d+tree.f3c55c4a81547502,"{""basis"": ""reported"", ""entity"": ""WAFD"", ""geography"": ""all"", ""measurement"": ""stock"", ""netting"": ""reported"", ""occupancy"": ""all"", ""ownership"": ""consolidated"", ""period_end"": ""2026-06-30"", ""portfolio"": ""all""}",,human table review; numeric token presence check,858261.0,0.001,[],f9fa2e98e6f532e5c77f1c77031daed040edfb07703e21fb1af01cd720b6a42c,reconstructed from currently retrieved published document; not an archived contemporaneous download,
obs_b37f806ee44e0cdb977d79c1,WAFD,reported consolidated issuer,2026-03-31,FY2026Q2,2026-07-16,2026-07-17T12:00:00+00:00,2026-10-07T15:13:11.834647+00:00,src_3d1fb233d362d51f86e3167e,5d285d3fbdef414f833415aefc027932c3cde821d9d833d0b92b970f52c40cd5,https://www.wafdbank.com/documents/financial-news/2026/wafd-bank-press-release-20260716.pdf,PDF page 2,htm_amortized_cost,745.727,USD_million,not_applicable,all,all,observed,,htm_amortized_cost.v1,,9491fe5e7f31717dc64759272319e51683bb808d+tree.f3c55c4a81547502,"{""basis"": ""reported"", ""entity"": ""WAFD"", ""geography"": ""all"", ""measurement"": ""stock"", ""netting"": ""reported"", ""occupancy"": ""all"", ""ownership"": ""consolidated"", ""period_end"": ""2026-03-31"", ""portfolio"": ""all""}",,human table review; numeric token presence check,745727.0,0.001,[],f9fa2e98e6f532e5c77f1c77031daed040edfb07703e21fb1af01cd720b6a42c,reconstructed from currently retrieved published document; not an archived contemporaneous download,
obs_db4cb156bff1c8ba28af8128,WAFD,reported consolidated issuer,2025-12-31,FY2026Q1,2026-07-16,2026-07-17T12:00:00+00:00,2026-10-07T15:13:11.834647+00:00,src_3d1fb233d362d51f86e3167e,5d285d3fbdef414f833415aefc027932c3cde821d9d833d0b92b970f52c40cd5,https://www.wafdbank.com/documents/financial-news/2026/wafd-bank-press-release-20260716.pdf,PDF page 2,htm_amortized_cost,764.794,USD_million,not_applicable,all,all,observed,,htm_amortized_cost.v1,,9491fe5e7f31717dc64759272319e51683bb808d+tree.f3c55c4a81547502,"{""basis"": ""reported"", ""entity"": ""WAFD"", ""geography"": ""all"", ""measurement"": ""stock"", ""netting"": ""reported"", ""occupancy"": ""all"", ""ownership"": ""consolidated"", ""period_end"": ""2025-12-31"", ""portfolio"": ""all""}",,human table review; numeric token presence check,764794.0,0.001,[],f9fa2e98e6f532e5c77f1c77031daed040edfb07703e21fb1af01cd720b6a42c,reconstructed from currently retrieved published document; not an archived contemporaneous download,
obs_9d4fdb195b0b63e8cb30f5d9,WAFD,reported consolidated issuer,2026-06-30,FY2026Q3,2026-07-16,2026-07-17T12:00:00+00:00,2026-10-07T15:13:11.834647+00:00,src_3d1fb233d362d51f86e3167e,5d285d3fbdef414f833415aefc027932c3cde821d9d833d0b92b970f52c40cd5,https://www.wafdbank.com/documents/financial-news/2026/wafd-bank-press-release-20260716.pdf,PDF page 2,assets,27596.97,USD_million,not_applicable,all,all,observed,,assets.v1,,9491fe5e7f31717dc64759272319e51683bb808d+tree.f3c55c4a81547502,"{""basis"": ""reported"", ""entity"": ""WAFD"", ""geography"": ""all"", ""measurement"": ""stock"", ""netting"": ""reported"", ""occupancy"": ""all"", ""ownership"": ""consolidated"", ""period_end"": ""2026-06-30"", ""portfolio"": ""all""}",,human table review; numeric token presence check,27596970.0,0.001,[],f9fa2e98e6f532e5c77f1c77031daed040edfb07703e21fb1af01cd720b6a42c,reconstructed from currently retrieved published document; not an archived contemporaneous download,
obs_4388c38b21faaf70e77ba73b,WAFD,reported consolidated issuer,2026-03-31,FY2026Q2,2026-07-16,2026-07-17T12:00:00+00:00,2026-10-07T15:13:11.834647+00:00,src_3d1fb233d362d51f86e3167e,5d285d3fbdef414f833415aefc027932c3cde821d9d833d0b92b970f52c40cd5,https://www.wafdbank.com/documents/financial-news/2026/wafd-bank-press-release-20260716.pdf,PDF page 2,assets,27568.785,USD_million,not_applicable,all,all,observed,,assets.v1,,9491fe5e7f31717dc64759272319e51683bb808d+tree.f3c55c4a81547502,"{""basis"": ""reported"", ""entity"": ""WAFD"", ""geography"": ""all"", ""measurement"": ""stock"", ""netting"": ""reported"", ""occupancy"": ""all"", ""ownership"": ""consolidated"", ""period_end"": ""2026-03-31"", ""portfolio"": ""all""}",,human table review; numeric token presence check,27568785.0,0.001,[],f9fa2e98e6f532e5c77f1c77031daed040edfb07703e21fb1af01cd720b6a42c,reconstructed from currently retrieved published document; not an archived contemporaneous download,
obs_8d254d88864d936bb0dd4f91,WAFD,reported consolidated issuer,2025-12-31,FY2026Q1,2026-07-16,2026-07-17T12:00:00+00:00,2026-10-07T15:13:11.834647+00:00,src_3d1fb233d362d51f86e3167e,5d285d3fbdef414f833415aefc027932c3cde821d9d833d0b92b970f52c40cd5,https://www.wafdbank.com/documents/financial-news/2026/wafd-bank-press-release-20260716.pdf,PDF page 2,assets,27285.744,USD_million,not_applicable,all,all,observed,,assets.v1,,9491fe5e7f31717dc64759272319e51683bb808d+tree.f3c55c4a81547502,"{""basis"": ""reported"", ""entity"": ""WAFD"", ""geography"": ""all"", ""measurement"": ""stock"", ""netting"": ""reported"", ""occupancy"": ""all"", ""ownership"": ""consolidated"", ""period_end"": ""2025-12-31"", ""portfolio"": ""all""}",,human table review; numeric token presence check,27285744.0,0.001,[],f9fa2e98e6f532e5c77f1c77031daed040edfb07703e21fb1af01cd720b6a42c,reconstructed from currently retrieved published document; not an archived contemporaneous download,
obs_9d66fbe057c7d76d68476ea4,WAFD,reported consolidated issuer,2026-06-30,FY2026Q3,2026-07-16,2026-07-17T12:00:00+00:00,2026-10-07T15:13:11.834647+00:00,src_3d1fb233d362d51f86e3167e,5d285d3fbdef414f833415aefc027932c3cde821d9d833d0b92b970f52c40cd5,https://www.wafdbank.com/documents/financial-news/2026/wafd-bank-press-release-20260716.pdf,PDF page 2,deposits,20932.075,USD_million,not_applicable,all,all,observed,,deposits.v1,,9491fe5e7f31717dc64759272319e51683bb808d+tree.f3c55c4a81547502,"{""basis"": ""reported"", ""entity"": ""WAFD"", ""geography"": ""all"", ""measurement"": ""stock"", ""netting"": ""reported"", ""occupancy"": ""all"", ""ownership"": ""consolidated"", ""period_end"": ""2026-06-30"", ""portfolio"": ""all""}",,human table review; numeric token presence check,20932075.0,0.001,[],f9fa2e98e6f532e5c77f1c77031daed040edfb07703e21fb1af01cd720b6a42c,reconstructed from currently retrieved published document; not an archived contemporaneous download,
obs_5f12dabde2336a891ac1dca5,WAFD,reported consolidated issuer,2026-03-31,FY2026Q2,2026-07-16,2026-07-17T12:00:00+00:00,2026-10-07T15:13:11.834647+00:00,src_3d1fb233d362d51f86e3167e,5d285d3fbdef414f833415aefc027932c3cde821d9d833d0b92b970f52c40cd5,https://www.wafdbank.com/documents/financial-news/2026/wafd-bank-press-release-20260716.pdf,PDF page 2,deposits,21124.151,USD_million,not_applicable,all,all,observed,,deposits.v1,,9491fe5e7f31717dc64759272319e51683bb808d+tree.f3c55c4a81547502,"{""basis"": ""reported"", ""entity"": ""WAFD"", ""geography"": ""all"", ""measurement"": ""stock"", ""netting"": ""reported"", ""occupancy"": ""all"", ""ownership"": ""consolidated"", ""period_end"": ""2026-03-31"", ""portfolio"": ""all""}",,human table review; numeric token presence check,21124151.0,0.001,[],f9fa2e98e6f532e5c77f1c77031daed040edfb07703e21fb1af01cd720b6a42c,reconstructed from currently retrieved published document; not an archived contemporaneous download,
obs_3388747213bfe3293c3d9f8d,WAFD,reported consolidated issuer,2025-12-31,FY2026Q1,2026-07-16,2026-07-17T12:00:00+00:00,2026-10-07T15:13:11.834647+00:00,src_3d1fb233d362d51f86e3167e,5d285d3fbdef414f833415aefc027932c3cde821d9d833d0b92b970f52c40cd5,https://www.wafdbank.com/documents/financial-news/2026/wafd-bank-press-release-20260716.pdf,PDF page 2,deposits,21416.97,USD_million,not_applicable,all,all,observed,,deposits.v1,,9491fe5e7f31717dc64759272319e51683bb808d+tree.f3c55c4a81547502,"{""basis"": ""reported"", ""entity"": ""WAFD"", ""geography"": ""all"", ""measurement"": ""stock"", ""netting"": ""reported"", ""occupancy"": ""all"", ""ownership"": ""consolidated"", ""period_end"": ""2025-12-31"", ""portfolio"": ""all""}",,human table review; numeric token presence check,21416970.0,0.001,[],f9fa2e98e6f532e5c77f1c77031daed040edfb07703e21fb1af01cd720b6a42c,reconstructed from currently retrieved published document; not an archived contemporaneous download,
obs_9425487b52662677f80cc7be,WAFD,reported consolidated issuer,2026-06-30,FY2026Q3,2026-07-16,2026-07-17T12:00:00+00:00,2026-10-07T15:13:11.834647+00:00,src_3d1fb233d362d51f86e3167e,5d285d3fbdef414f833415aefc027932c3cde821d9d833d0b92b970f52c40cd5,https://www.wafdbank.com/documents/financial-news/2026/wafd-bank-press-release-20260716.pdf,PDF page 2,borrowings_including_junior,3315.697,USD_million,not_applicable,all,all,observed,,borrowings_including_junior.v1,,9491fe5e7f31717dc64759272319e51683bb808d+tree.f3c55c4a81547502,"{""basis"": ""reported"", ""entity"": ""WAFD"", ""geography"": ""all"", ""measurement"": ""stock"", ""netting"": ""reported"", ""occupancy"": ""all"", ""ownership"": ""consolidated"", ""period_end"": ""2026-06-30"", ""portfolio"": ""all""}",,human table review; numeric token presence check,3315697.0,0.001,[],f9fa2e98e6f532e5c77f1c77031daed040edfb07703e21fb1af01cd720b6a42c,reconstructed from currently retrieved published document; not an archived contemporaneous download,
obs_a08c1dfb6f41c1e99ac0e1e3,WAFD,reported consolidated issuer,2026-03-31,FY2026Q2,2026-07-16,2026-07-17T12:00:00+00:00,2026-10-07T15:13:11.834647+00:00,src_3d1fb233d362d51f86e3167e,5d285d3fbdef414f833415aefc027932c3cde821d9d833d0b92b970f52c40cd5,https://www.wafdbank.com/documents/financial-news/2026/wafd-bank-press-release-20260716.pdf,PDF page 2,borrowings_including_junior,3114.5480000000002,USD_million,not_applicable,all,all,observed,,borrowings_including_junior.v1,,9491fe5e7f31717dc64759272319e51683bb808d+tree.f3c55c4a81547502,"{""basis"": ""reported"", ""entity"": ""WAFD"", ""geography"": ""all"", ""measurement"": ""stock"", ""netting"": ""reported"", ""occupancy"": ""all"", ""ownership"": ""consolidated"", ""period_end"": ""2026-03-31"", ""portfolio"": ""all""}",,human table review; numeric token presence check,3114548.0,0.001,[],f9fa2e98e6f532e5c77f1c77031daed040edfb07703e21fb1af01cd720b6a42c,reconstructed from currently retrieved published document; not an archived contemporaneous download,
obs_21d80040a796b73d54e6fcea,WAFD,reported consolidated issuer,2025-12-31,FY2026Q1,2026-07-16,2026-07-17T12:00:00+00:00,2026-10-07T15:13:11.834647+00:00,src_3d1fb233d362d51f86e3167e,5d285d3fbdef414f833415aefc027932c3cde821d9d833d0b92b970f52c40cd5,https://www.wafdbank.com/documents/financial-news/2026/wafd-bank-press-release-20260716.pdf,PDF page 2,borrowings_including_junior,2488.411,USD_million,not_applicable,all,all,observed,,borrowings_including_junior.v1,,9491fe5e7f31717dc64759272319e51683bb808d+tree.f3c55c4a81547502,"{""basis"": ""reported"", ""entity"": ""WAFD"", ""geography"": ""all"", ""measurement"": ""stock"", ""netting"": ""reported"", ""occupancy"": ""all"", ""ownership"": ""consolidated"", ""period_end"": ""2025-12-31"", ""portfolio"": ""all""}",,human table review; numeric token presence check,2488411.0,0.001,[],f9fa2e98e6f532e5c77f1c77031daed040edfb07703e21fb1af01cd720b6a42c,reconstructed from currently retrieved published document; not an archived contemporaneous download,
obs_18563f82447a88dfafac5f4a,WAFD,reported consolidated issuer,2026-06-30,FY2026Q3,2026-07-16,2026-07-17T12:00:00+00:00,2026-10-07T15:13:11.834647+00:00,src_3d1fb233d362d51f86e3167e,5d285d3fbdef414f833415aefc027932c3cde821d9d833d0b92b970f52c40cd5,https://www.wafdbank.com/documents/financial-news/2026/wafd-bank-press-release-20260716.pdf,PDF page 2,nim_gaap,2.81,percent,average earning assets,all,all,observed,,nim_gaap.v1,,9491fe5e7f31717dc64759272319e51683bb808d+tree.f3c55c4a81547502,"{""basis"": ""reported"", ""entity"": ""WAFD"", ""geography"": ""all"", ""measurement"": ""quarter_annualized"", ""netting"": ""reported"", ""occupancy"": ""all"", ""ownership"": ""consolidated"", ""period_end"": ""2026-06-30"", ""portfolio"": ""all""}",Criticized and classified overlap; never add. Delinquency definition differs from COLB buckets.,human table review; numeric token presence check,2.81,1.0,[],f9fa2e98e6f532e5c77f1c77031daed040edfb07703e21fb1af01cd720b6a42c,reconstructed from currently retrieved published document; not an archived contemporaneous download,
obs_0918c509b47fb51e316eed2f,WAFD,reported consolidated issuer,2026-03-31,FY2026Q2,2026-07-16,2026-07-17T12:00:00+00:00,2026-10-07T15:13:11.834647+00:00,src_3d1fb233d362d51f86e3167e,5d285d3fbdef414f833415aefc027932c3cde821d9d833d0b92b970f52c40cd5,https://www.wafdbank.com/documents/financial-news/2026/wafd-bank-press-release-20260716.pdf,PDF page 2,nim_gaap,2.81,percent,average earning assets,all,all,observed,,nim_gaap.v1,,9491fe5e7f31717dc64759272319e51683bb808d+tree.f3c55c4a81547502,"{""basis"": ""reported"", ""entity"": ""WAFD"", ""geography"": ""all"", ""measurement"": ""quarter_annualized"", ""netting"": ""reported"", ""occupancy"": ""all"", ""ownership"": ""consolidated"", ""period_end"": ""2026-03-31"", ""portfolio"": ""all""}",Criticized and classified overlap; never add. Delinquency definition differs from COLB buckets.,human table review; numeric token presence check,2.81,1.0,[],f9fa2e98e6f532e5c77f1c77031daed040edfb07703e21fb1af01cd720b6a42c,reconstructed from currently retrieved published document; not an archived contemporaneous download,
obs_ca9f6b0a7cb42d41697f8476,WAFD,reported consolidated issuer,2025-12-31,FY2026Q1,2026-07-16,2026-07-17T12:00:00+00:00,2026-10-07T15:13:11.834647+00:00,src_3d1fb233d362d51f86e3167e,5d285d3fbdef414f833415aefc027932c3cde821d9d833d0b92b970f52c40cd5,https://www.wafdbank.com/documents/financial-news/2026/wafd-bank-press-release-20260716.pdf,PDF page 2,nim_gaap,2.7,percent,average earning assets,all,all,observed,,nim_gaap.v1,,9491fe5e7f31717dc64759272319e51683bb808d+tree.f3c55c4a81547502,"{""basis"": ""reported"", ""entity"": ""WAFD"", ""geography"": ""all"", ""measurement"": ""quarter_annualized"", ""netting"": ""reported"", ""occupancy"": ""all"", ""ownership"": ""consolidated"", ""period_end"": ""2025-12-31"", ""portfolio"": ""all""}",Criticized and classified overlap; never add. Delinquency definition differs from COLB buckets.,human table review; numeric token presence check,2.7,1.0,[],f9fa2e98e6f532e5c77f1c77031daed040edfb07703e21fb1af01cd720b6a42c,reconstructed from currently retrieved published document; not an archived contemporaneous download,
obs_d1a219d901398bcf7134a982,WAFD,reported consolidated issuer,2026-06-30,FY2026Q3,2026-07-16,2026-07-17T12:00:00+00:00,2026-10-07T15:13:11.834647+00:00,src_3d1fb233d362d51f86e3167e,5d285d3fbdef414f833415aefc027932c3cde821d9d833d0b92b970f52c40cd5,https://www.wafdbank.com/documents/financial-news/2026/wafd-bank-press-release-20260716.pdf,PDF page 2,tbv_per_share,30.82,USD_per_share,common shares,all,all,observed,,tbv_per_share.v1,,9491fe5e7f31717dc64759272319e51683bb808d+tree.f3c55c4a81547502,"{""basis"": ""reported"", ""entity"": ""WAFD"", ""geography"": ""all"", ""measurement"": ""stock"", ""netting"": ""reported"", ""occupancy"": ""all"", ""ownership"": ""consolidated"", ""period_end"": ""2026-06-30"", ""portfolio"": ""all""}",,human table review; numeric token presence check,30.82,1.0,[],f9fa2e98e6f532e5c77f1c77031daed040edfb07703e21fb1af01cd720b6a42c,reconstructed from currently retrieved published document; not an archived contemporaneous download,
obs_64d5b6537bf54b16e9da85cb,WAFD,reported consolidated issuer,2026-03-31,FY2026Q2,2026-07-16,2026-07-17T12:00:00+00:00,2026-10-07T15:13:11.834647+00:00,src_3d1fb233d362d51f86e3167e,5d285d3fbdef414f833415aefc027932c3cde821d9d833d0b92b970f52c40cd5,https://www.wafdbank.com/documents/financial-news/2026/wafd-bank-press-release-20260716.pdf,PDF page 2,tbv_per_share,30.27,USD_per_share,common shares,all,all,observed,,tbv_per_share.v1,,9491fe5e7f31717dc64759272319e51683bb808d+tree.f3c55c4a81547502,"{""basis"": ""reported"", ""entity"": ""WAFD"", ""geography"": ""all"", ""measurement"": ""stock"", ""netting"": ""reported"", ""occupancy"": ""all"", ""ownership"": ""consolidated"", ""period_end"": ""2026-03-31"", ""portfolio"": ""all""}",,human table review; numeric token presence check,30.27,1.0,[],f9fa2e98e6f532e5c77f1c77031daed040edfb07703e21fb1af01cd720b6a42c,reconstructed from currently retrieved published document; not an archived contemporaneous download,
obs_89a107062b22ef54fce3a5bb,WAFD,reported consolidated issuer,2025-12-31,FY2026Q1,2026-07-16,2026-07-17T12:00:00+00:00,2026-10-07T15:13:11.834647+00:00,src_3d1fb233d362d51f86e3167e,5d285d3fbdef414f833415aefc027932c3cde821d9d833d0b92b970f52c40cd5,https://www.wafdbank.com/documents/financial-news/2026/wafd-bank-press-release-20260716.pdf,PDF page 2,tbv_per_share,29.91,USD_per_share,common shares,all,all,observed,,tbv_per_share.v1,,9491fe5e7f31717dc64759272319e51683bb808d+tree.f3c55c4a81547502,"{""basis"": ""reported"", ""entity"": ""WAFD"", ""geography"": ""all"", ""measurement"": ""stock"", ""netting"": ""reported"", ""occupancy"": ""all"", ""ownership"": ""consolidated"", ""period_end"": ""2025-12-31"", ""portfolio"": ""all""}",,human table review; numeric token presence check,29.91,1.0,[],f9fa2e98e6f532e5c77f1c77031daed040edfb07703e21fb1af01cd720b6a42c,reconstructed from currently retrieved published document; not an archived contemporaneous download,
obs_4704a860e05cf7d6579262c2,WAFD,reported consolidated issuer,2026-06-30,FY2026Q3,2026-07-16,2026-07-17T12:00:00+00:00,2026-10-07T15:13:11.834647+00:00,src_3d1fb233d362d51f86e3167e,5d285d3fbdef414f833415aefc027932c3cde821d9d833d0b92b970f52c40cd5,https://www.wafdbank.com/documents/financial-news/2026/wafd-bank-press-release-20260716.pdf,PDF page 7,nii,181.338,USD_million,not_applicable,all,all,observed,,nii.v1,,9491fe5e7f31717dc64759272319e51683bb808d+tree.f3c55c4a81547502,"{""basis"": ""reported"", ""entity"": ""WAFD"", ""geography"": ""all"", ""measurement"": ""quarter_flow"", ""netting"": ""reported"", ""occupancy"": ""all"", ""ownership"": ""consolidated"", ""period_end"": ""2026-06-30"", ""portfolio"": ""all""}",,human table review; numeric token presence check,181338.0,0.001,[],607e00f754aa138562153842b54972f26294a708c4e7ca3001d7c586bc8707e2,reconstructed from currently retrieved published document; not an archived contemporaneous download,
obs_c6e75b9bc2756667dfc43112,WAFD,reported consolidated issuer,2026-03-31,FY2026Q2,2026-07-16,2026-07-17T12:00:00+00:00,2026-10-07T15:13:11.834647+00:00,src_3d1fb233d362d51f86e3167e,5d285d3fbdef414f833415aefc027932c3cde821d9d833d0b92b970f52c40cd5,https://www.wafdbank.com/documents/financial-news/2026/wafd-bank-press-release-20260716.pdf,PDF page 7,nii,177.57,USD_million,not_applicable,all,all,observed,,nii.v1,,9491fe5e7f31717dc64759272319e51683bb808d+tree.f3c55c4a81547502,"{""basis"": ""reported"", ""entity"": ""WAFD"", ""geography"": ""all"", ""measurement"": ""quarter_flow"", ""netting"": ""reported"", ""occupancy"": ""all"", ""ownership"": ""consolidated"", ""period_end"": ""2026-03-31"", ""portfolio"": ""all""}",,human table review; numeric token presence check,177570.0,0.001,[],607e00f754aa138562153842b54972f26294a708c4e7ca3001d7c586bc8707e2,reconstructed from currently retrieved published document; not an archived contemporaneous download,
obs_75db8bc34c1ff40b397e8ad1,WAFD,reported consolidated issuer,2025-12-31,FY2026Q1,2026-07-16,2026-07-17T12:00:00+00:00,2026-10-07T15:13:11.834647+00:00,src_3d1fb233d362d51f86e3167e,5d285d3fbdef414f833415aefc027932c3cde821d9d833d0b92b970f52c40cd5,https://www.wafdbank.com/documents/financial-news/2026/wafd-bank-press-release-20260716.pdf,PDF page 7,nii,171.111,USD_million,not_applicable,all,all,observed,,nii.v1,,9491fe5e7f31717dc64759272319e51683bb808d+tree.f3c55c4a81547502,"{""basis"": ""reported"", ""entity"": ""WAFD"", ""geography"": ""all"", ""measurement"": ""quarter_flow"", ""netting"": ""reported"", ""occupancy"": ""all"", ""ownership"": ""consolidated"", ""period_end"": ""2025-12-31"", ""portfolio"": ""all""}",,human table review; numeric token presence check,171111.0,0.001,[],607e00f754aa138562153842b54972f26294a708c4e7ca3001d7c586bc8707e2,reconstructed from currently retrieved published document; not an archived contemporaneous download,
obs_14c26618823c9c1c0e9319dd,WAFD,reported consolidated issuer,2026-06-30,FY2026Q3,2026-07-16,2026-07-17T12:00:00+00:00,2026-10-07T15:13:11.834647+00:00,src_3d1fb233d362d51f86e3167e,5d285d3fbdef414f833415aefc027932c3cde821d9d833d0b92b970f52c40cd5,https://www.wafdbank.com/documents/financial-news/2026/wafd-bank-press-release-20260716.pdf,PDF page 7,noninterest_income,24.178,USD_million,not_applicable,all,all,observed,,noninterest_income.v1,,9491fe5e7f31717dc64759272319e51683bb808d+tree.f3c55c4a81547502,"{""basis"": ""reported"", ""entity"": ""WAFD"", ""geography"": ""all"", ""measurement"": ""quarter_flow"", ""netting"": ""reported"", ""occupancy"": ""all"", ""ownership"": ""consolidated"", ""period_end"": ""2026-06-30"", ""portfolio"": ""all""}",,human table review; numeric token presence check,24178.0,0.001,[],607e00f754aa138562153842b54972f26294a708c4e7ca3001d7c586bc8707e2,reconstructed from currently retrieved published document; not an archived contemporaneous download,
obs_922b62b497299c07a320d8c2,WAFD,reported consolidated issuer,2026-03-31,FY2026Q2,2026-07-16,2026-07-17T12:00:00+00:00,2026-10-07T15:13:11.834647+00:00,src_3d1fb233d362d51f86e3167e,5d285d3fbdef414f833415aefc027932c3cde821d9d833d0b92b970f52c40cd5,https://www.wafdbank.com/documents/financial-news/2026/wafd-bank-press-release-20260716.pdf,PDF page 7,noninterest_income,19.813,USD_million,not_applicable,all,all,observed,,noninterest_income.v1,,9491fe5e7f31717dc64759272319e51683bb808d+tree.f3c55c4a81547502,"{""basis"": ""reported"", ""entity"": ""WAFD"", ""geography"": ""all"", ""measurement"": ""quarter_flow"", ""netting"": ""reported"", ""occupancy"": ""all"", ""ownership"": ""consolidated"", ""period_end"": ""2026-03-31"", ""portfolio"": ""all""}",,human table review; numeric token presence check,19813.0,0.001,[],607e00f754aa138562153842b54972f26294a708c4e7ca3001d7c586bc8707e2,reconstructed from currently retrieved published document; not an archived contemporaneous download,
obs_da49629c9e6a7a3402df141a,WAFD,reported consolidated issuer,2025-12-31,FY2026Q1,2026-07-16,2026-07-17T12:00:00+00:00,2026-10-07T15:13:11.834647+00:00,src_3d1fb233d362d51f86e3167e,5d285d3fbdef414f833415aefc027932c3cde821d9d833d0b92b970f52c40cd5,https://www.wafdbank.com/documents/financial-news/2026/wafd-bank-press-release-20260716.pdf,PDF page 7,noninterest_income,20.255,USD_million,not_applicable,all,all,observed,,noninterest_income.v1,,9491fe5e7f31717dc64759272319e51683bb808d+tree.f3c55c4a81547502,"{""basis"": ""reported"", ""entity"": ""WAFD"", ""geography"": ""all"", ""measurement"": ""quarter_flow"", ""netting"": ""reported"", ""occupancy"": ""all"", ""ownership"": ""consolidated"", ""period_end"": ""2025-12-31"", ""portfolio"": ""all""}",,human table review; numeric token presence check,20255.0,0.001,[],607e00f754aa138562153842b54972f26294a708c4e7ca3001d7c586bc8707e2,reconstructed from currently retrieved published document; not an archived contemporaneous download,
obs_fe630e86a03749a40ef294f4,WAFD,reported consolidated issuer,2026-06-30,FY2026Q3,2026-07-16,2026-07-17T12:00:00+00:00,2026-10-07T15:13:11.834647+00:00,src_3d1fb233d362d51f86e3167e,5d285d3fbdef414f833415aefc027932c3cde821d9d833d0b92b970f52c40cd5,https://www.wafdbank.com/documents/financial-news/2026/wafd-bank-press-release-20260716.pdf,PDF page 7,noninterest_expense,110.334,USD_million,not_applicable,all,all,observed,,noninterest_expense.v1,,9491fe5e7f31717dc64759272319e51683bb808d+tree.f3c55c4a81547502,"{""basis"": ""reported"", ""entity"": ""WAFD"", ""geography"": ""all"", ""measurement"": ""quarter_flow"", ""netting"": ""reported"", ""occupancy"": ""all"", ""ownership"": ""consolidated"", ""period_end"": ""2026-06-30"", ""portfolio"": ""all""}",,human table review; numeric token presence check,110334.0,0.001,[],607e00f754aa138562153842b54972f26294a708c4e7ca3001d7c586bc8707e2,reconstructed from currently retrieved published document; not an archived contemporaneous download,
obs_85bae6a695d13602a4db4e91,WAFD,reported consolidated issuer,2026-03-31,FY2026Q2,2026-07-16,2026-07-17T12:00:00+00:00,2026-10-07T15:13:11.834647+00:00,src_3d1fb233d362d51f86e3167e,5d285d3fbdef414f833415aefc027932c3cde821d9d833d0b92b970f52c40cd5,https://www.wafdbank.com/documents/financial-news/2026/wafd-bank-press-release-20260716.pdf,PDF page 7,noninterest_expense,109.857,USD_million,not_applicable,all,all,observed,,noninterest_expense.v1,,9491fe5e7f31717dc64759272319e51683bb808d+tree.f3c55c4a81547502,"{""basis"": ""reported"", ""entity"": ""WAFD"", ""geography"": ""all"", ""measurement"": ""quarter_flow"", ""netting"": ""reported"", ""occupancy"": ""all"", ""ownership"": ""consolidated"", ""period_end"": ""2026-03-31"", ""portfolio"": ""all""}",,human table review; numeric token presence check,109857.0,0.001,[],607e00f754aa138562153842b54972f26294a708c4e7ca3001d7c586bc8707e2,reconstructed from currently retrieved published document; not an archived contemporaneous download,
obs_4d28b817e6880afbf036f342,WAFD,reported consolidated issuer,2025-12-31,FY2026Q1,2026-07-16,2026-07-17T12:00:00+00:00,2026-10-07T15:13:11.834647+00:00,src_3d1fb233d362d51f86e3167e,5d285d3fbdef414f833415aefc027932c3cde821d9d833d0b92b970f52c40cd5,https://www.wafdbank.com/documents/financial-news/2026/wafd-bank-press-release-20260716.pdf,PDF page 7,noninterest_expense,105.721,USD_million,not_applicable,all,all,observed,,noninterest_expense.v1,,9491fe5e7f31717dc64759272319e51683bb808d+tree.f3c55c4a81547502,"{""basis"": ""reported"", ""entity"": ""WAFD"", ""geography"": ""all"", ""measurement"": ""quarter_flow"", ""netting"": ""reported"", ""occupancy"": ""all"", ""ownership"": ""consolidated"", ""period_end"": ""2025-12-31"", ""portfolio"": ""all""}",,human table review; numeric token presence check,105721.0,0.001,[],607e00f754aa138562153842b54972f26294a708c4e7ca3001d7c586bc8707e2,reconstructed from currently retrieved published document; not an archived contemporaneous download,
obs_af6d066985a6a229ddd2606b,WAFD,reported consolidated issuer,2026-06-30,FY2026Q3,2026-07-16,2026-07-17T12:00:00+00:00,2026-10-07T15:13:11.834647+00:00,src_3d1fb233d362d51f86e3167e,5d285d3fbdef414f833415aefc027932c3cde821d9d833d0b92b970f52c40cd5,https://www.wafdbank.com/documents/financial-news/2026/wafd-bank-press-release-20260716.pdf,PDF page 7,pretax_income,84.349,USD_million,not_applicable,all,all,observed,,pretax_income.v1,,9491fe5e7f31717dc64759272319e51683bb808d+tree.f3c55c4a81547502,"{""basis"": ""reported"", ""entity"": ""WAFD"", ""geography"": ""all"", ""measurement"": ""quarter_flow"", ""netting"": ""reported"", ""occupancy"": ""all"", ""ownership"": ""consolidated"", ""period_end"": ""2026-06-30"", ""portfolio"": ""all""}",,human table review; numeric token presence check,84349.0,0.001,[],607e00f754aa138562153842b54972f26294a708c4e7ca3001d7c586bc8707e2,reconstructed from currently retrieved published document; not an archived contemporaneous download,
obs_5a586a7983c65d3097cc0a19,WAFD,reported consolidated issuer,2026-03-31,FY2026Q2,2026-07-16,2026-07-17T12:00:00+00:00,2026-10-07T15:13:11.834647+00:00,src_3d1fb233d362d51f86e3167e,5d285d3fbdef414f833415aefc027932c3cde821d9d833d0b92b970f52c40cd5,https://www.wafdbank.com/documents/financial-news/2026/wafd-bank-press-release-20260716.pdf,PDF page 7,pretax_income,83.806,USD_million,not_applicable,all,all,observed,,pretax_income.v1,,9491fe5e7f31717dc64759272319e51683bb808d+tree.f3c55c4a81547502,"{""basis"": ""reported"", ""entity"": ""WAFD"", ""geography"": ""all"", ""measurement"": ""quarter_flow"", ""netting"": ""reported"", ""occupancy"": ""all"", ""ownership"": ""consolidated"", ""period_end"": ""2026-03-31"", ""portfolio"": ""all""}",,human table review; numeric token presence check,83806.0,0.001,[],607e00f754aa138562153842b54972f26294a708c4e7ca3001d7c586bc8707e2,reconstructed from currently retrieved published document; not an archived contemporaneous download,
obs_3787c8fdbf063f5c4073151d,WAFD,reported consolidated issuer,2025-12-31,FY2026Q1,2026-07-16,2026-07-17T12:00:00+00:00,2026-10-07T15:13:11.834647+00:00,src_3d1fb233d362d51f86e3167e,5d285d3fbdef414f833415aefc027932c3cde821d9d833d0b92b970f52c40cd5,https://www.wafdbank.com/documents/financial-news/2026/wafd-bank-press-release-20260716.pdf,PDF page 7,pretax_income,82.301,USD_million,not_applicable,all,all,observed,,pretax_income.v1,,9491fe5e7f31717dc64759272319e51683bb808d+tree.f3c55c4a81547502,"{""basis"": ""reported"", ""entity"": ""WAFD"", ""geography"": ""all"", ""measurement"": ""quarter_flow"", ""netting"": ""reported"", ""occupancy"": ""all"", ""ownership"": ""consolidated"", ""period_end"": ""2025-12-31"", ""portfolio"": ""all""}",,human table review; numeric token presence check,82301.0,0.001,[],607e00f754aa138562153842b54972f26294a708c4e7ca3001d7c586bc8707e2,reconstructed from currently retrieved published document; not an archived contemporaneous download,
obs_e04b82ac02c4b919156d2270,WAFD,reported consolidated issuer,2026-06-30,FY2026Q3,2026-07-16,2026-07-17T12:00:00+00:00,2026-10-07T15:13:11.834647+00:00,src_3d1fb233d362d51f86e3167e,5d285d3fbdef414f833415aefc027932c3cde821d9d833d0b92b970f52c40cd5,https://www.wafdbank.com/documents/financial-news/2026/wafd-bank-press-release-20260716.pdf,PDF page 7,deposit_interest_expense,123.07900000000001,USD_million,not_applicable,all,all,observed,,deposit_interest_expense.v1,,9491fe5e7f31717dc64759272319e51683bb808d+tree.f3c55c4a81547502,"{""basis"": ""reported"", ""entity"": ""WAFD"", ""geography"": ""all"", ""measurement"": ""quarter_flow"", ""netting"": ""reported"", ""occupancy"": ""all"", ""ownership"": ""consolidated"", ""period_end"": ""2026-06-30"", ""portfolio"": ""all""}",,human table review; numeric token presence check,123079.0,0.001,[],607e00f754aa138562153842b54972f26294a708c4e7ca3001d7c586bc8707e2,reconstructed from currently retrieved published document; not an archived contemporaneous download,
obs_67e498d4d5b06e6adc255fc4,WAFD,reported consolidated issuer,2026-03-31,FY2026Q2,2026-07-16,2026-07-17T12:00:00+00:00,2026-10-07T15:13:11.834647+00:00,src_3d1fb233d362d51f86e3167e,5d285d3fbdef414f833415aefc027932c3cde821d9d833d0b92b970f52c40cd5,https://www.wafdbank.com/documents/financial-news/2026/wafd-bank-press-release-20260716.pdf,PDF page 7,deposit_interest_expense,125.99900000000001,USD_million,not_applicable,all,all,observed,,deposit_interest_expense.v1,,9491fe5e7f31717dc64759272319e51683bb808d+tree.f3c55c4a81547502,"{""basis"": ""reported"", ""entity"": ""WAFD"", ""geography"": ""all"", ""measurement"": ""quarter_flow"", ""netting"": ""reported"", ""occupancy"": ""all"", ""ownership"": ""consolidated"", ""period_end"": ""2026-03-31"", ""portfolio"": ""all""}",,human table review; numeric token presence check,125999.0,0.001,[],607e00f754aa138562153842b54972f26294a708c4e7ca3001d7c586bc8707e2,reconstructed from currently retrieved published document; not an archived contemporaneous download,
obs_85bbdfded27eeb27aaa96120,WAFD,reported consolidated issuer,2025-12-31,FY2026Q1,2026-07-16,2026-07-17T12:00:00+00:00,2026-10-07T15:13:11.834647+00:00,src_3d1fb233d362d51f86e3167e,5d285d3fbdef414f833415aefc027932c3cde821d9d833d0b92b970f52c40cd5,https://www.wafdbank.com/documents/financial-news/2026/wafd-bank-press-release-20260716.pdf,PDF page 7,deposit_interest_expense,136.214,USD_million,not_applicable,all,all,observed,,deposit_interest_expense.v1,,9491fe5e7f31717dc64759272319e51683bb808d+tree.f3c55c4a81547502,"{""basis"": ""reported"", ""entity"": ""WAFD"", ""geography"": ""all"", ""measurement"": ""quarter_flow"", ""netting"": ""reported"", ""occupancy"": ""all"", ""ownership"": ""consolidated"", ""period_end"": ""2025-12-31"", ""portfolio"": ""all""}",,human table review; numeric token presence check,136214.0,0.001,[],607e00f754aa138562153842b54972f26294a708c4e7ca3001d7c586bc8707e2,reconstructed from currently retrieved published document; not an archived contemporaneous download,
obs_6a715bc1b35dee8e779f44c6,WAFD,reported consolidated issuer,2026-06-30,FY2026Q3,2026-07-16,2026-07-17T12:00:00+00:00,2026-10-07T15:13:11.834647+00:00,src_3d1fb233d362d51f86e3167e,5d285d3fbdef414f833415aefc027932c3cde821d9d833d0b92b970f52c40cd5,https://www.wafdbank.com/documents/financial-news/2026/wafd-bank-press-release-20260716.pdf,PDF page 7,borrowing_interest_expense,27.708000000000002,USD_million,not_applicable,all,all,observed,,borrowing_interest_expense.v1,,9491fe5e7f31717dc64759272319e51683bb808d+tree.f3c55c4a81547502,"{""basis"": ""reported"", ""entity"": ""WAFD"", ""geography"": ""all"", ""measurement"": ""quarter_flow"", ""netting"": ""reported"", ""occupancy"": ""all"", ""ownership"": ""consolidated"", ""period_end"": ""2026-06-30"", ""portfolio"": ""all""}",,human table review; numeric token presence check,27708.0,0.001,[],607e00f754aa138562153842b54972f26294a708c4e7ca3001d7c586bc8707e2,reconstructed from currently retrieved published document; not an archived contemporaneous download,
obs_21f766a71b266db0d9b70fd9,WAFD,reported consolidated issuer,2026-03-31,FY2026Q2,2026-07-16,2026-07-17T12:00:00+00:00,2026-10-07T15:13:11.834647+00:00,src_3d1fb233d362d51f86e3167e,5d285d3fbdef414f833415aefc027932c3cde821d9d833d0b92b970f52c40cd5,https://www.wafdbank.com/documents/financial-news/2026/wafd-bank-press-release-20260716.pdf,PDF page 7,borrowing_interest_expense,21.165,USD_million,not_applicable,all,all,observed,,borrowing_interest_expense.v1,,9491fe5e7f31717dc64759272319e51683bb808d+tree.f3c55c4a81547502,"{""basis"": ""reported"", ""entity"": ""WAFD"", ""geography"": ""all"", ""measurement"": ""quarter_flow"", ""netting"": ""reported"", ""occupancy"": ""all"", ""ownership"": ""consolidated"", ""period_end"": ""2026-03-31"", ""portfolio"": ""all""}",,human table review; numeric token presence check,21165.0,0.001,[],607e00f754aa138562153842b54972f26294a708c4e7ca3001d7c586bc8707e2,reconstructed from currently retrieved published document; not an archived contemporaneous download,
obs_a1e63a8c10849d44c91ccdc1,WAFD,reported consolidated issuer,2025-12-31,FY2026Q1,2026-07-16,2026-07-17T12:00:00+00:00,2026-10-07T15:13:11.834647+00:00,src_3d1fb233d362d51f86e3167e,5d285d3fbdef414f833415aefc027932c3cde821d9d833d0b92b970f52c40cd5,https://www.wafdbank.com/documents/financial-news/2026/wafd-bank-press-release-20260716.pdf,PDF page 7,borrowing_interest_expense,15.171000000000001,USD_million,not_applicable,all,all,observed,,borrowing_interest_expense.v1,,9491fe5e7f31717dc64759272319e51683bb808d+tree.f3c55c4a81547502,"{""basis"": ""reported"", ""entity"": ""WAFD"", ""geography"": ""all"", ""measurement"": ""quarter_flow"", ""netting"": ""reported"", ""occupancy"": ""all"", ""ownership"": ""consolidated"", ""period_end"": ""2025-12-31"", ""portfolio"": ""all""}",,human table review; numeric token presence check,15171.0,0.001,[],607e00f754aa138562153842b54972f26294a708c4e7ca3001d7c586bc8707e2,reconstructed from currently retrieved published document; not an archived contemporaneous download,
obs_f6e5f660ae41b3ac3f974cf8,WAFD,reported consolidated issuer,2026-06-30,FY2026Q3,2026-07-16,2026-07-17T12:00:00+00:00,2026-10-07T15:13:11.834647+00:00,src_3d1fb233d362d51f86e3167e,5d285d3fbdef414f833415aefc027932c3cde821d9d833d0b92b970f52c40cd5,https://www.wafdbank.com/documents/financial-news/2026/wafd-bank-press-release-20260716.pdf,PDF page 19,nib_deposits,2646.6150000000002,USD_million,not_applicable,all,all,observed,,nib_deposits.v1,,9491fe5e7f31717dc64759272319e51683bb808d+tree.f3c55c4a81547502,"{""basis"": ""reported"", ""entity"": ""WAFD"", ""geography"": ""all"", ""measurement"": ""stock"", ""netting"": ""reported"", ""occupancy"": ""all"", ""ownership"": ""consolidated"", ""period_end"": ""2026-06-30"", ""portfolio"": ""all""}",,human table review; numeric token presence check,2646615.0,0.001,[],45e220818e392a1658d0cb11e9a7ced3c59fbf5771730ba2de41ba353ca4edbf,reconstructed from currently retrieved published document; not an archived contemporaneous download,
obs_599c33082e3761ffddefeb41,WAFD,reported consolidated issuer,2026-03-31,FY2026Q2,2026-07-16,2026-07-17T12:00:00+00:00,2026-10-07T15:13:11.834647+00:00,src_3d1fb233d362d51f86e3167e,5d285d3fbdef414f833415aefc027932c3cde821d9d833d0b92b970f52c40cd5,https://www.wafdbank.com/documents/financial-news/2026/wafd-bank-press-release-20260716.pdf,PDF page 19,nib_deposits,2577.976,USD_million,not_applicable,all,all,observed,,nib_deposits.v1,,9491fe5e7f31717dc64759272319e51683bb808d+tree.f3c55c4a81547502,"{""basis"": ""reported"", ""entity"": ""WAFD"", ""geography"": ""all"", ""measurement"": ""stock"", ""netting"": ""reported"", ""occupancy"": ""all"", ""ownership"": ""consolidated"", ""period_end"": ""2026-03-31"", ""portfolio"": ""all""}",,human table review; numeric token presence check,2577976.0,0.001,[],45e220818e392a1658d0cb11e9a7ced3c59fbf5771730ba2de41ba353ca4edbf,reconstructed from currently retrieved published document; not an archived contemporaneous download,
obs_fc90380b4d70f17b151b774c,WAFD,reported consolidated issuer,2025-12-31,FY2026Q1,2026-07-16,2026-07-17T12:00:00+00:00,2026-10-07T15:13:11.834647+00:00,src_3d1fb233d362d51f86e3167e,5d285d3fbdef414f833415aefc027932c3cde821d9d833d0b92b970f52c40cd5,https://www.wafdbank.com/documents/financial-news/2026/wafd-bank-press-release-20260716.pdf,PDF page 19,nib_deposits,2692.68,USD_million,not_applicable,all,all,observed,,nib_deposits.v1,,9491fe5e7f31717dc64759272319e51683bb808d+tree.f3c55c4a81547502,"{""basis"": ""reported"", ""entity"": ""WAFD"", ""geography"": ""all"", ""measurement"": ""stock"", ""netting"": ""reported"", ""occupancy"": ""all"", ""ownership"": ""consolidated"", ""period_end"": ""2025-12-31"", ""portfolio"": ""all""}",,human table review; numeric token presence check,2692680.0,0.001,[],45e220818e392a1658d0cb11e9a7ced3c59fbf5771730ba2de41ba353ca4edbf,reconstructed from currently retrieved published document; not an archived contemporaneous download,
obs_00b6470cf58e1ec563a740e3,WAFD,reported consolidated issuer,2026-06-30,FY2026Q3,2026-07-16,2026-07-17T12:00:00+00:00,2026-10-07T15:13:11.834647+00:00,src_3d1fb233d362d51f86e3167e,5d285d3fbdef414f833415aefc027932c3cde821d9d833d0b92b970f52c40cd5,https://www.wafdbank.com/documents/financial-news/2026/wafd-bank-press-release-20260716.pdf,PDF page 19,uninsured_and_uncollateralized_deposits,5326.972,USD_million,not_applicable,all,all,observed,,uninsured_and_uncollateralized_deposits.v1,,9491fe5e7f31717dc64759272319e51683bb808d+tree.f3c55c4a81547502,"{""basis"": ""reported"", ""entity"": ""WAFD"", ""geography"": ""all"", ""measurement"": ""stock"", ""netting"": ""reported"", ""occupancy"": ""all"", ""ownership"": ""consolidated"", ""period_end"": ""2026-06-30"", ""portfolio"": ""all""}",Intersection: uninsured AND non-collateralized; not comparable to COLB uninsured total.,human table review; numeric token presence check,5326972.0,0.001,[],45e220818e392a1658d0cb11e9a7ced3c59fbf5771730ba2de41ba353ca4edbf,reconstructed from currently retrieved published document; not an archived contemporaneous download,
obs_7837f61e0c8339bf1aeb3c5e,WAFD,reported consolidated issuer,2026-03-31,FY2026Q2,2026-07-16,2026-07-17T12:00:00+00:00,2026-10-07T15:13:11.834647+00:00,src_3d1fb233d362d51f86e3167e,5d285d3fbdef414f833415aefc027932c3cde821d9d833d0b92b970f52c40cd5,https://www.wafdbank.com/documents/financial-news/2026/wafd-bank-press-release-20260716.pdf,PDF page 19,uninsured_and_uncollateralized_deposits,5333.317,USD_million,not_applicable,all,all,observed,,uninsured_and_uncollateralized_deposits.v1,,9491fe5e7f31717dc64759272319e51683bb808d+tree.f3c55c4a81547502,"{""basis"": ""reported"", ""entity"": ""WAFD"", ""geography"": ""all"", ""measurement"": ""stock"", ""netting"": ""reported"", ""occupancy"": ""all"", ""ownership"": ""consolidated"", ""period_end"": ""2026-03-31"", ""portfolio"": ""all""}",Intersection: uninsured AND non-collateralized; not comparable to COLB uninsured total.,human table review; numeric token presence check,5333317.0,0.001,[],45e220818e392a1658d0cb11e9a7ced3c59fbf5771730ba2de41ba353ca4edbf,reconstructed from currently retrieved published document; not an archived contemporaneous download,
obs_ab559dfa6b270cd934c3b60b,WAFD,reported consolidated issuer,2025-12-31,FY2026Q1,2026-07-16,2026-07-17T12:00:00+00:00,2026-10-07T15:13:11.834647+00:00,src_3d1fb233d362d51f86e3167e,5d285d3fbdef414f833415aefc027932c3cde821d9d833d0b92b970f52c40cd5,https://www.wafdbank.com/documents/financial-news/2026/wafd-bank-press-release-20260716.pdf,PDF page 19,uninsured_and_uncollateralized_deposits,5607.476000000001,USD_million,not_applicable,all,all,observed,,uninsured_and_uncollateralized_deposits.v1,,9491fe5e7f31717dc64759272319e51683bb808d+tree.f3c55c4a81547502,"{""basis"": ""reported"", ""entity"": ""WAFD"", ""geography"": ""all"", ""measurement"": ""stock"", ""netting"": ""reported"", ""occupancy"": ""all"", ""ownership"": ""consolidated"", ""period_end"": ""2025-12-31"", ""portfolio"": ""all""}",Intersection: uninsured AND non-collateralized; not comparable to COLB uninsured total.,human table review; numeric token presence check,5607476.0,0.001,[],45e220818e392a1658d0cb11e9a7ced3c59fbf5771730ba2de41ba353ca4edbf,reconstructed from currently retrieved published document; not an archived contemporaneous download,
obs_57ecbcf65c235fcbdb039093,WAFD,reported consolidated issuer,2026-06-30,FY2026Q3,2026-07-16,2026-07-17T12:00:00+00:00,2026-10-07T15:13:11.834647+00:00,src_3d1fb233d362d51f86e3167e,5d285d3fbdef414f833415aefc027932c3cde821d9d833d0b92b970f52c40cd5,https://www.wafdbank.com/documents/financial-news/2026/wafd-bank-press-release-20260716.pdf,PDF page 19,uninsured_and_uncollateralized_pct,25.4,percent,total deposits,all,all,observed,,uninsured_and_uncollateralized_pct.v1,,9491fe5e7f31717dc64759272319e51683bb808d+tree.f3c55c4a81547502,"{""basis"": ""reported"", ""entity"": ""WAFD"", ""geography"": ""all"", ""measurement"": ""stock"", ""netting"": ""reported"", ""occupancy"": ""all"", ""ownership"": ""consolidated"", ""period_end"": ""2026-06-30"", ""portfolio"": ""all""}",,human table review; numeric token presence check,25.4,1.0,[],45e220818e392a1658d0cb11e9a7ced3c59fbf5771730ba2de41ba353ca4edbf,reconstructed from currently retrieved published document; not an archived contemporaneous download,
obs_19036e235dd8da436fff9dde,WAFD,reported consolidated issuer,2026-03-31,FY2026Q2,2026-07-16,2026-07-17T12:00:00+00:00,2026-10-07T15:13:11.834647+00:00,src_3d1fb233d362d51f86e3167e,5d285d3fbdef414f833415aefc027932c3cde821d9d833d0b92b970f52c40cd5,https://www.wafdbank.com/documents/financial-news/2026/wafd-bank-press-release-20260716.pdf,PDF page 19,uninsured_and_uncollateralized_pct,25.2,percent,total deposits,all,all,observed,,uninsured_and_uncollateralized_pct.v1,,9491fe5e7f31717dc64759272319e51683bb808d+tree.f3c55c4a81547502,"{""basis"": ""reported"", ""entity"": ""WAFD"", ""geography"": ""all"", ""measurement"": ""stock"", ""netting"": ""reported"", ""occupancy"": ""all"", ""ownership"": ""consolidated"", ""period_end"": ""2026-03-31"", ""portfolio"": ""all""}",,human table review; numeric token presence check,25.2,1.0,[],45e220818e392a1658d0cb11e9a7ced3c59fbf5771730ba2de41ba353ca4edbf,reconstructed from currently retrieved published document; not an archived contemporaneous download,
obs_8bea08f51f816b1273419dff,WAFD,reported consolidated issuer,2025-12-31,FY2026Q1,2026-07-16,2026-07-17T12:00:00+00:00,2026-10-07T15:13:11.834647+00:00,src_3d1fb233d362d51f86e3167e,5d285d3fbdef414f833415aefc027932c3cde821d9d833d0b92b970f52c40cd5,https://www.wafdbank.com/documents/financial-news/2026/wafd-bank-press-release-20260716.pdf,PDF page 19,uninsured_and_uncollateralized_pct,26.2,percent,total deposits,all,all,observed,,uninsured_and_uncollateralized_pct.v1,,9491fe5e7f31717dc64759272319e51683bb808d+tree.f3c55c4a81547502,"{""basis"": ""reported"", ""entity"": ""WAFD"", ""geography"": ""all"", ""measurement"": ""stock"", ""netting"": ""reported"", ""occupancy"": ""all"", ""ownership"": ""consolidated"", ""period_end"": ""2025-12-31"", ""portfolio"": ""all""}",,human table review; numeric token presence check,26.2,1.0,[],45e220818e392a1658d0cb11e9a7ced3c59fbf5771730ba2de41ba353ca4edbf,reconstructed from currently retrieved published document; not an archived contemporaneous download,
obs_ea161fab09d3f725c1182aba,WAFD,reported consolidated issuer,2026-06-30,FY2026Q3,2026-07-16,2026-07-17T12:00:00+00:00,2026-10-07T15:13:11.834647+00:00,src_3d1fb233d362d51f86e3167e,5d285d3fbdef414f833415aefc027932c3cde821d9d833d0b92b970f52c40cd5,https://www.wafdbank.com/documents/financial-news/2026/wafd-bank-press-release-20260716.pdf,PDF page 19,borrowings_effective_maturity_within_3m,1645.0,USD_million,not_applicable,all,all,observed,,borrowings_effective_maturity_within_3m.v1,,9491fe5e7f31717dc64759272319e51683bb808d+tree.f3c55c4a81547502,"{""basis"": ""reported"", ""entity"": ""WAFD"", ""geography"": ""all"", ""measurement"": ""stock"", ""netting"": ""reported"", ""occupancy"": ""all"", ""ownership"": ""consolidated"", ""period_end"": ""2026-06-30"", ""portfolio"": ""all""}",Effective maturity; includes junior subordinated debentures.,human table review; numeric token presence check,1645000.0,0.001,[],45e220818e392a1658d0cb11e9a7ced3c59fbf5771730ba2de41ba353ca4edbf,reconstructed from currently retrieved published document; not an archived contemporaneous download,
obs_cf6f5d77b2aad6d1dc630544,WAFD,reported consolidated issuer,2026-03-31,FY2026Q2,2026-07-16,2026-07-17T12:00:00+00:00,2026-10-07T15:13:11.834647+00:00,src_3d1fb233d362d51f86e3167e,5d285d3fbdef414f833415aefc027932c3cde821d9d833d0b92b970f52c40cd5,https://www.wafdbank.com/documents/financial-news/2026/wafd-bank-press-release-20260716.pdf,PDF page 19,borrowings_effective_maturity_within_3m,1425.0,USD_million,not_applicable,all,all,observed,,borrowings_effective_maturity_within_3m.v1,,9491fe5e7f31717dc64759272319e51683bb808d+tree.f3c55c4a81547502,"{""basis"": ""reported"", ""entity"": ""WAFD"", ""geography"": ""all"", ""measurement"": ""stock"", ""netting"": ""reported"", ""occupancy"": ""all"", ""ownership"": ""consolidated"", ""period_end"": ""2026-03-31"", ""portfolio"": ""all""}",Effective maturity; includes junior subordinated debentures.,human table review; numeric token presence check,1425000.0,0.001,[],45e220818e392a1658d0cb11e9a7ced3c59fbf5771730ba2de41ba353ca4edbf,reconstructed from currently retrieved published document; not an archived contemporaneous download,
obs_6b5d9c39ab36f95944be09e8,WAFD,reported consolidated issuer,2025-12-31,FY2026Q1,2026-07-16,2026-07-17T12:00:00+00:00,2026-10-07T15:13:11.834647+00:00,src_3d1fb233d362d51f86e3167e,5d285d3fbdef414f833415aefc027932c3cde821d9d833d0b92b970f52c40cd5,https://www.wafdbank.com/documents/financial-news/2026/wafd-bank-press-release-20260716.pdf,PDF page 19,borrowings_effective_maturity_within_3m,800.0,USD_million,not_applicable,all,all,observed,,borrowings_effective_maturity_within_3m.v1,,9491fe5e7f31717dc64759272319e51683bb808d+tree.f3c55c4a81547502,"{""basis"": ""reported"", ""entity"": ""WAFD"", ""geography"": ""all"", ""measurement"": ""stock"", ""netting"": ""reported"", ""occupancy"": ""all"", ""ownership"": ""consolidated"", ""period_end"": ""2025-12-31"", ""portfolio"": ""all""}",Effective maturity; includes junior subordinated debentures.,human table review; numeric token presence check,800000.0,0.001,[],45e220818e392a1658d0cb11e9a7ced3c59fbf5771730ba2de41ba353ca4edbf,reconstructed from currently retrieved published document; not an archived contemporaneous download,
obs_6115fbb1ecd58785c34e42ee,WAFD,reported consolidated issuer,2026-06-30,FY2026Q3,2026-07-16,2026-07-17T12:00:00+00:00,2026-10-07T15:13:11.834647+00:00,src_3d1fb233d362d51f86e3167e,5d285d3fbdef414f833415aefc027932c3cde821d9d833d0b92b970f52c40cd5,https://www.wafdbank.com/documents/financial-news/2026/wafd-bank-press-release-20260716.pdf,PDF page 16,loans_amortized_cost,20232.707000000002,USD_million,not_applicable,all,all,observed,,loans_amortized_cost.v1,,9491fe5e7f31717dc64759272319e51683bb808d+tree.f3c55c4a81547502,"{""basis"": ""reported"", ""entity"": ""WAFD"", ""geography"": ""all"", ""measurement"": ""stock"", ""netting"": ""reported"", ""occupancy"": ""all"", ""ownership"": ""consolidated"", ""period_end"": ""2026-06-30"", ""portfolio"": ""all""}",,human table review; numeric token presence check,20232707.0,0.001,[],5e5ae9bfbc0c9fc377ec19c7a5d1ce6c93a900060bd41497c4843b4a2c5a5168,reconstructed from currently retrieved published document; not an archived contemporaneous download,
obs_05c579e378b3a7074a1df06d,WAFD,reported consolidated issuer,2026-03-31,FY2026Q2,2026-07-16,2026-07-17T12:00:00+00:00,2026-10-07T15:13:11.834647+00:00,src_3d1fb233d362d51f86e3167e,5d285d3fbdef414f833415aefc027932c3cde821d9d833d0b92b970f52c40cd5,https://www.wafdbank.com/documents/financial-news/2026/wafd-bank-press-release-20260716.pdf,PDF page 16,loans_amortized_cost,20168.933,USD_million,not_applicable,all,all,observed,,loans_amortized_cost.v1,,9491fe5e7f31717dc64759272319e51683bb808d+tree.f3c55c4a81547502,"{""basis"": ""reported"", ""entity"": ""WAFD"", ""geography"": ""all"", ""measurement"": ""stock"", ""netting"": ""reported"", ""occupancy"": ""all"", ""ownership"": ""consolidated"", ""period_end"": ""2026-03-31"", ""portfolio"": ""all""}",,human table review; numeric token presence check,20168933.0,0.001,[],5e5ae9bfbc0c9fc377ec19c7a5d1ce6c93a900060bd41497c4843b4a2c5a5168,reconstructed from currently retrieved published document; not an archived contemporaneous download,
obs_a2f9d996885e02241a94fdea,WAFD,reported consolidated issuer,2025-12-31,FY2026Q1,2026-07-16,2026-07-17T12:00:00+00:00,2026-10-07T15:13:11.834647+00:00,src_3d1fb233d362d51f86e3167e,5d285d3fbdef414f833415aefc027932c3cde821d9d833d0b92b970f52c40cd5,https://www.wafdbank.com/documents/financial-news/2026/wafd-bank-press-release-20260716.pdf,PDF page 16,loans_amortized_cost,20047.695,USD_million,not_applicable,all,all,observed,,loans_amortized_cost.v1,,9491fe5e7f31717dc64759272319e51683bb808d+tree.f3c55c4a81547502,"{""basis"": ""reported"", ""entity"": ""WAFD"", ""geography"": ""all"", ""measurement"": ""stock"", ""netting"": ""reported"", ""occupancy"": ""all"", ""ownership"": ""consolidated"", ""period_end"": ""2025-12-31"", ""portfolio"": ""all""}",,human table review; numeric token presence check,20047695.0,0.001,[],5e5ae9bfbc0c9fc377ec19c7a5d1ce6c93a900060bd41497c4843b4a2c5a5168,reconstructed from currently retrieved published document; not an archived contemporaneous download,
obs_805f91740274763f24509f45,WAFD,reported consolidated issuer,2026-06-30,FY2026Q3,2026-07-16,2026-07-17T12:00:00+00:00,2026-10-07T15:13:11.834647+00:00,src_3d1fb233d362d51f86e3167e,5d285d3fbdef414f833415aefc027932c3cde821d9d833d0b92b970f52c40cd5,https://www.wafdbank.com/documents/financial-news/2026/wafd-bank-press-release-20260716.pdf,PDF page 20,nii_shock_plus_100bp,0.9,percent,modeled base NII,all,all,observed,,nii_shock_plus_100bp.v1,,9491fe5e7f31717dc64759272319e51683bb808d+tree.f3c55c4a81547502,"{""basis"": ""management sensitivity"", ""entity"": ""WAFD"", ""geography"": ""all"", ""measurement"": ""stock"", ""netting"": ""reported"", ""occupancy"": ""all"", ""ownership"": ""consolidated"", ""period_end"": ""2026-06-30"", ""portfolio"": ""all""}","Reported model output, not realized return. No balance sheet management action; horizon not verified.",human table review; numeric token presence check,0.9,1.0,[],1088db1abda43e7dfb763d6c7ffc0d55229818c3e1f8b756ca918a85efd452fd,reconstructed from currently retrieved published document; not an archived contemporaneous download,
obs_76be9ea221f022e712ee62ce,WAFD,reported consolidated issuer,2026-03-31,FY2026Q2,2026-07-16,2026-07-17T12:00:00+00:00,2026-10-07T15:13:11.834647+00:00,src_3d1fb233d362d51f86e3167e,5d285d3fbdef414f833415aefc027932c3cde821d9d833d0b92b970f52c40cd5,https://www.wafdbank.com/documents/financial-news/2026/wafd-bank-press-release-20260716.pdf,PDF page 20,nii_shock_plus_100bp,-0.1,percent,modeled base NII,all,all,observed,,nii_shock_plus_100bp.v1,,9491fe5e7f31717dc64759272319e51683bb808d+tree.f3c55c4a81547502,"{""basis"": ""management sensitivity"", ""entity"": ""WAFD"", ""geography"": ""all"", ""measurement"": ""stock"", ""netting"": ""reported"", ""occupancy"": ""all"", ""ownership"": ""consolidated"", ""period_end"": ""2026-03-31"", ""portfolio"": ""all""}","Reported model output, not realized return. No balance sheet management action; horizon not verified.",human table review; numeric token presence check,-0.1,1.0,[],1088db1abda43e7dfb763d6c7ffc0d55229818c3e1f8b756ca918a85efd452fd,reconstructed from currently retrieved published document; not an archived contemporaneous download,
obs_49a163d41da695c5cb4b8edb,WAFD,reported consolidated issuer,2025-12-31,FY2026Q1,2026-07-16,2026-07-17T12:00:00+00:00,2026-10-07T15:13:11.834647+00:00,src_3d1fb233d362d51f86e3167e,5d285d3fbdef414f833415aefc027932c3cde821d9d833d0b92b970f52c40cd5,https://www.wafdbank.com/documents/financial-news/2026/wafd-bank-press-release-20260716.pdf,PDF page 20,nii_shock_plus_100bp,-0.2,percent,modeled base NII,all,all,observed,,nii_shock_plus_100bp.v1,,9491fe5e7f31717dc64759272319e51683bb808d+tree.f3c55c4a81547502,"{""basis"": ""management sensitivity"", ""entity"": ""WAFD"", ""geography"": ""all"", ""measurement"": ""stock"", ""netting"": ""reported"", ""occupancy"": ""all"", ""ownership"": ""consolidated"", ""period_end"": ""2025-12-31"", ""portfolio"": ""all""}","Reported model output, not realized return. No balance sheet management action; horizon not verified.",human table review; numeric token presence check,-0.2,1.0,[],1088db1abda43e7dfb763d6c7ffc0d55229818c3e1f8b756ca918a85efd452fd,reconstructed from currently retrieved published document; not an archived contemporaneous download,
obs_80762bf705de6e8468b4ca66,WAFD,reported consolidated issuer,2026-06-30,FY2026Q3,2026-07-16,2026-07-17T12:00:00+00:00,2026-10-07T15:13:11.834647+00:00,src_3d1fb233d362d51f86e3167e,5d285d3fbdef414f833415aefc027932c3cde821d9d833d0b92b970f52c40cd5,https://www.wafdbank.com/documents/financial-news/2026/wafd-bank-press-release-20260716.pdf,PDF page 20,nii_shock_minus_100bp,5.4,percent,modeled base NII,all,all,observed,,nii_shock_minus_100bp.v1,,9491fe5e7f31717dc64759272319e51683bb808d+tree.f3c55c4a81547502,"{""basis"": ""management sensitivity"", ""entity"": ""WAFD"", ""geography"": ""all"", ""measurement"": ""stock"", ""netting"": ""reported"", ""occupancy"": ""all"", ""ownership"": ""consolidated"", ""period_end"": ""2026-06-30"", ""portfolio"": ""all""}",Reported model output; scenario assumptions belong to issuer. Horizon not verified.,human table review; numeric token presence check,5.4,1.0,[],1088db1abda43e7dfb763d6c7ffc0d55229818c3e1f8b756ca918a85efd452fd,reconstructed from currently retrieved published document; not an archived contemporaneous download,
obs_f30253a8c4ba1f3690829dbd,WAFD,reported consolidated issuer,2026-03-31,FY2026Q2,2026-07-16,2026-07-17T12:00:00+00:00,2026-10-07T15:13:11.834647+00:00,src_3d1fb233d362d51f86e3167e,5d285d3fbdef414f833415aefc027932c3cde821d9d833d0b92b970f52c40cd5,https://www.wafdbank.com/documents/financial-news/2026/wafd-bank-press-release-20260716.pdf,PDF page 20,nii_shock_minus_100bp,6.2,percent,modeled base NII,all,all,observed,,nii_shock_minus_100bp.v1,,9491fe5e7f31717dc64759272319e51683bb808d+tree.f3c55c4a81547502,"{""basis"": ""management sensitivity"", ""entity"": ""WAFD"", ""geography"": ""all"", ""measurement"": ""stock"", ""netting"": ""reported"", ""occupancy"": ""all"", ""ownership"": ""consolidated"", ""period_end"": ""2026-03-31"", ""portfolio"": ""all""}",Reported model output; scenario assumptions belong to issuer. Horizon not verified.,human table review; numeric token presence check,6.2,1.0,[],1088db1abda43e7dfb763d6c7ffc0d55229818c3e1f8b756ca918a85efd452fd,reconstructed from currently retrieved published document; not an archived contemporaneous download,
obs_79a24eb334602e92f3dc5888,WAFD,reported consolidated issuer,2025-12-31,FY2026Q1,2026-07-16,2026-07-17T12:00:00+00:00,2026-10-07T15:13:11.834647+00:00,src_3d1fb233d362d51f86e3167e,5d285d3fbdef414f833415aefc027932c3cde821d9d833d0b92b970f52c40cd5,https://www.wafdbank.com/documents/financial-news/2026/wafd-bank-press-release-20260716.pdf,PDF page 20,nii_shock_minus_100bp,4.8,percent,modeled base NII,all,all,observed,,nii_shock_minus_100bp.v1,,9491fe5e7f31717dc64759272319e51683bb808d+tree.f3c55c4a81547502,"{""basis"": ""management sensitivity"", ""entity"": ""WAFD"", ""geography"": ""all"", ""measurement"": ""stock"", ""netting"": ""reported"", ""occupancy"": ""all"", ""ownership"": ""consolidated"", ""period_end"": ""2025-12-31"", ""portfolio"": ""all""}",Reported model output; scenario assumptions belong to issuer. Horizon not verified.,human table review; numeric token presence check,4.8,1.0,[],1088db1abda43e7dfb763d6c7ffc0d55229818c3e1f8b756ca918a85efd452fd,reconstructed from currently retrieved published document; not an archived contemporaneous download,
obs_4f41feca6a97ab86140fa7ec,WAFD,reported consolidated issuer,2026-06-30,FY2026Q3,2026-07-16,2026-07-17T12:00:00+00:00,2026-10-07T15:13:11.834647+00:00,src_3d1fb233d362d51f86e3167e,5d285d3fbdef414f833415aefc027932c3cde821d9d833d0b92b970f52c40cd5,https://www.wafdbank.com/documents/financial-news/2026/wafd-bank-press-release-20260716.pdf,PDF page 5,aoci,48.087,USD_million,not_applicable,all,all,observed,,aoci.v1,,9491fe5e7f31717dc64759272319e51683bb808d+tree.f3c55c4a81547502,"{""basis"": ""reported"", ""entity"": ""WAFD"", ""geography"": ""all"", ""measurement"": ""stock"", ""netting"": ""reported"", ""occupancy"": ""all"", ""ownership"": ""consolidated"", ""period_end"": ""2026-06-30"", ""portfolio"": ""all""}",,human table review; numeric token presence check,48087.0,0.001,[],8c7e6422ef798cece20bef3978665dca5d72bee1085a88f474127c797630d98a,reconstructed from currently retrieved published document; not an archived contemporaneous download,
obs_2bf6c2bd8961f45f77c6e369,WAFD,reported consolidated issuer,2026-06-30,FY2026Q3,2026-07-27,2026-07-28T12:00:00+00:00,2026-10-07T15:16:54.506956+00:00,src_3b5e880177201c0bc3e4d312,467daf983088d7cc3c4e158be84ec957d5ec4d51c4687dd361878476941075e5,https://www.wafdbank.com/documents/financial-news/2026/wafd-bank-investor-presentation-20260727.pdf,PDF page 17,securities_duration,3.1,years,not_applicable,all,all,observed,,securities_duration.v1,,9491fe5e7f31717dc64759272319e51683bb808d+tree.f3c55c4a81547502,"{""basis"": ""reported"", ""entity"": ""WAFD"", ""geography"": ""all"", ""measurement"": ""stock"", ""netting"": ""reported"", ""occupancy"": ""all"", ""ownership"": ""consolidated"", ""period_end"": ""2026-06-30"", ""portfolio"": ""all""}",Issuer disclosed securities portfolio duration; not loan duration.,human table review; numeric token presence check,3.1,1.0,[],8dcf00b29882bc091a30c48996d03eff0d21a55bb699c2ebfd1160d41a92818c,reconstructed from currently retrieved published document; not an archived contemporaneous download,
obs_703ef68547a05e05eba7c92a,COLB,reported consolidated issuer,2026-06-30,CY2026Q2,2026-07-23,2026-07-24T12:00:00+00:00,2026-10-07T15:16:49.974248+00:00,src_4f22b2562f7211bdfae678f1,f8941ed9ca8a9a773bffdd5be1a6ec734a30e8418ae8f941dddea37a563813f3,https://s26.q4cdn.com/577104185/files/doc_earnings/2026/q2/earnings-result/COLB-2026-Q2-Earnings-Release.pdf,PDF page 8,cash_due_from_banks,648.0,USD_million,not_applicable,all,all,observed,,cash_due_from_banks.v1,,9491fe5e7f31717dc64759272319e51683bb808d+tree.f3c55c4a81547502,"{""basis"": ""reported"", ""entity"": ""COLB"", ""geography"": ""all"", ""measurement"": ""stock"", ""netting"": ""reported"", ""occupancy"": ""all"", ""ownership"": ""consolidated"", ""period_end"": ""2026-06-30"", ""portfolio"": ""all""}",Pacific Premier consolidated since 2025-08-31; all three quarters include acquisition.,human table review; numeric token presence check,648.0,1.0,[],6e1d06aa85a1ab3dd7fa449c77df22db3a3d36d1d65ecfa2f11f255c69fe844d,reconstructed from currently retrieved published document; not an archived contemporaneous download,
obs_dec5f15e7197d00b373e34d1,COLB,reported consolidated issuer,2026-03-31,CY2026Q1,2026-07-23,2026-07-24T12:00:00+00:00,2026-10-07T15:16:49.974248+00:00,src_4f22b2562f7211bdfae678f1,f8941ed9ca8a9a773bffdd5be1a6ec734a30e8418ae8f941dddea37a563813f3,https://s26.q4cdn.com/577104185/files/doc_earnings/2026/q2/earnings-result/COLB-2026-Q2-Earnings-Release.pdf,PDF page 8,cash_due_from_banks,577.0,USD_million,not_applicable,all,all,observed,,cash_due_from_banks.v1,,9491fe5e7f31717dc64759272319e51683bb808d+tree.f3c55c4a81547502,"{""basis"": ""reported"", ""entity"": ""COLB"", ""geography"": ""all"", ""measurement"": ""stock"", ""netting"": ""reported"", ""occupancy"": ""all"", ""ownership"": ""consolidated"", ""period_end"": ""2026-03-31"", ""portfolio"": ""all""}",Pacific Premier consolidated since 2025-08-31; all three quarters include acquisition.,human table review; numeric token presence check,577.0,1.0,[],6e1d06aa85a1ab3dd7fa449c77df22db3a3d36d1d65ecfa2f11f255c69fe844d,reconstructed from currently retrieved published document; not an archived contemporaneous download,
obs_2a0ce25748cb17296ef16615,COLB,reported consolidated issuer,2025-12-31,CY2025Q4,2026-07-23,2026-07-24T12:00:00+00:00,2026-10-07T15:16:49.974248+00:00,src_4f22b2562f7211bdfae678f1,f8941ed9ca8a9a773bffdd5be1a6ec734a30e8418ae8f941dddea37a563813f3,https://s26.q4cdn.com/577104185/files/doc_earnings/2026/q2/earnings-result/COLB-2026-Q2-Earnings-Release.pdf,PDF page 8,cash_due_from_banks,511.0,USD_million,not_applicable,all,all,observed,,cash_due_from_banks.v1,,9491fe5e7f31717dc64759272319e51683bb808d+tree.f3c55c4a81547502,"{""basis"": ""reported"", ""entity"": ""COLB"", ""geography"": ""all"", ""measurement"": ""stock"", ""netting"": ""reported"", ""occupancy"": ""all"", ""ownership"": ""consolidated"", ""period_end"": ""2025-12-31"", ""portfolio"": ""all""}",Pacific Premier consolidated since 2025-08-31; all three quarters include acquisition.,human table review; numeric token presence check,511.0,1.0,[],6e1d06aa85a1ab3dd7fa449c77df22db3a3d36d1d65ecfa2f11f255c69fe844d,reconstructed from currently retrieved published document; not an archived contemporaneous download,
obs_aeefe50d24a3f736b3719083,COLB,reported consolidated issuer,2026-06-30,CY2026Q2,2026-07-23,2026-07-24T12:00:00+00:00,2026-10-07T15:16:49.974248+00:00,src_4f22b2562f7211bdfae678f1,f8941ed9ca8a9a773bffdd5be1a6ec734a30e8418ae8f941dddea37a563813f3,https://s26.q4cdn.com/577104185/files/doc_earnings/2026/q2/earnings-result/COLB-2026-Q2-Earnings-Release.pdf,PDF page 8,interest_bearing_cash,1121.0,USD_million,not_applicable,all,all,observed,,interest_bearing_cash.v1,,9491fe5e7f31717dc64759272319e51683bb808d+tree.f3c55c4a81547502,"{""basis"": ""reported"", ""entity"": ""COLB"", ""geography"": ""all"", ""measurement"": ""stock"", ""netting"": ""reported"", ""occupancy"": ""all"", ""ownership"": ""consolidated"", ""period_end"": ""2026-06-30"", ""portfolio"": ""all""}",Pacific Premier consolidated since 2025-08-31; all three quarters include acquisition.,human table review; numeric token presence check,1121.0,1.0,[],6e1d06aa85a1ab3dd7fa449c77df22db3a3d36d1d65ecfa2f11f255c69fe844d,reconstructed from currently retrieved published document; not an archived contemporaneous download,
obs_426d9a9ce128fd922742e998,COLB,reported consolidated issuer,2026-03-31,CY2026Q1,2026-07-23,2026-07-24T12:00:00+00:00,2026-10-07T15:16:49.974248+00:00,src_4f22b2562f7211bdfae678f1,f8941ed9ca8a9a773bffdd5be1a6ec734a30e8418ae8f941dddea37a563813f3,https://s26.q4cdn.com/577104185/files/doc_earnings/2026/q2/earnings-result/COLB-2026-Q2-Earnings-Release.pdf,PDF page 8,interest_bearing_cash,1522.0,USD_million,not_applicable,all,all,observed,,interest_bearing_cash.v1,,9491fe5e7f31717dc64759272319e51683bb808d+tree.f3c55c4a81547502,"{""basis"": ""reported"", ""entity"": ""COLB"", ""geography"": ""all"", ""measurement"": ""stock"", ""netting"": ""reported"", ""occupancy"": ""all"", ""ownership"": ""consolidated"", ""period_end"": ""2026-03-31"", ""portfolio"": ""all""}",Pacific Premier consolidated since 2025-08-31; all three quarters include acquisition.,human table review; numeric token presence check,1522.0,1.0,[],6e1d06aa85a1ab3dd7fa449c77df22db3a3d36d1d65ecfa2f11f255c69fe844d,reconstructed from currently retrieved published document; not an archived contemporaneous download,
obs_a61d1e704cb95231c35341e8,COLB,reported consolidated issuer,2025-12-31,CY2025Q4,2026-07-23,2026-07-24T12:00:00+00:00,2026-10-07T15:16:49.974248+00:00,src_4f22b2562f7211bdfae678f1,f8941ed9ca8a9a773bffdd5be1a6ec734a30e8418ae8f941dddea37a563813f3,https://s26.q4cdn.com/577104185/files/doc_earnings/2026/q2/earnings-result/COLB-2026-Q2-Earnings-Release.pdf,PDF page 8,interest_bearing_cash,1869.0,USD_million,not_applicable,all,all,observed,,interest_bearing_cash.v1,,9491fe5e7f31717dc64759272319e51683bb808d+tree.f3c55c4a81547502,"{""basis"": ""reported"", ""entity"": ""COLB"", ""geography"": ""all"", ""measurement"": ""stock"", ""netting"": ""reported"", ""occupancy"": ""all"", ""ownership"": ""consolidated"", ""period_end"": ""2025-12-31"", ""portfolio"": ""all""}",Pacific Premier consolidated since 2025-08-31; all three quarters include acquisition.,human table review; numeric token presence check,1869.0,1.0,[],6e1d06aa85a1ab3dd7fa449c77df22db3a3d36d1d65ecfa2f11f255c69fe844d,reconstructed from currently retrieved published document; not an archived contemporaneous download,
obs_d5fe362635a5018aa01029bb,COLB,reported consolidated issuer,2026-06-30,CY2026Q2,2026-07-23,2026-07-24T12:00:00+00:00,2026-10-07T15:16:49.974248+00:00,src_4f22b2562f7211bdfae678f1,f8941ed9ca8a9a773bffdd5be1a6ec734a30e8418ae8f941dddea37a563813f3,https://s26.q4cdn.com/577104185/files/doc_earnings/2026/q2/earnings-result/COLB-2026-Q2-Earnings-Release.pdf,PDF page 8,afs_fair_value,11131.0,USD_million,not_applicable,all,all,observed,,afs_fair_value.v1,,9491fe5e7f31717dc64759272319e51683bb808d+tree.f3c55c4a81547502,"{""basis"": ""reported"", ""entity"": ""COLB"", ""geography"": ""all"", ""measurement"": ""stock"", ""netting"": ""reported"", ""occupancy"": ""all"", ""ownership"": ""consolidated"", ""period_end"": ""2026-06-30"", ""portfolio"": ""all""}",Pacific Premier consolidated since 2025-08-31; all three quarters include acquisition.,human table review; numeric token presence check,11131.0,1.0,[],6e1d06aa85a1ab3dd7fa449c77df22db3a3d36d1d65ecfa2f11f255c69fe844d,reconstructed from currently retrieved published document; not an archived contemporaneous download,
obs_4384b60f1fadc598702d7c16,COLB,reported consolidated issuer,2026-03-31,CY2026Q1,2026-07-23,2026-07-24T12:00:00+00:00,2026-10-07T15:16:49.974248+00:00,src_4f22b2562f7211bdfae678f1,f8941ed9ca8a9a773bffdd5be1a6ec734a30e8418ae8f941dddea37a563813f3,https://s26.q4cdn.com/577104185/files/doc_earnings/2026/q2/earnings-result/COLB-2026-Q2-Earnings-Release.pdf,PDF page 8,afs_fair_value,10915.0,USD_million,not_applicable,all,all,observed,,afs_fair_value.v1,,9491fe5e7f31717dc64759272319e51683bb808d+tree.f3c55c4a81547502,"{""basis"": ""reported"", ""entity"": ""COLB"", ""geography"": ""all"", ""measurement"": ""stock"", ""netting"": ""reported"", ""occupancy"": ""all"", ""ownership"": ""consolidated"", ""period_end"": ""2026-03-31"", ""portfolio"": ""all""}",Pacific Premier consolidated since 2025-08-31; all three quarters include acquisition.,human table review; numeric token presence check,10915.0,1.0,[],6e1d06aa85a1ab3dd7fa449c77df22db3a3d36d1d65ecfa2f11f255c69fe844d,reconstructed from currently retrieved published document; not an archived contemporaneous download,
obs_6601eb7285e714d430d6fa46,COLB,reported consolidated issuer,2025-12-31,CY2025Q4,2026-07-23,2026-07-24T12:00:00+00:00,2026-10-07T15:16:49.974248+00:00,src_4f22b2562f7211bdfae678f1,f8941ed9ca8a9a773bffdd5be1a6ec734a30e8418ae8f941dddea37a563813f3,https://s26.q4cdn.com/577104185/files/doc_earnings/2026/q2/earnings-result/COLB-2026-Q2-Earnings-Release.pdf,PDF page 8,afs_fair_value,11112.0,USD_million,not_applicable,all,all,observed,,afs_fair_value.v1,,9491fe5e7f31717dc64759272319e51683bb808d+tree.f3c55c4a81547502,"{""basis"": ""reported"", ""entity"": ""COLB"", ""geography"": ""all"", ""measurement"": ""stock"", ""netting"": ""reported"", ""occupancy"": ""all"", ""ownership"": ""consolidated"", ""period_end"": ""2025-12-31"", ""portfolio"": ""all""}",Pacific Premier consolidated since 2025-08-31; all three quarters include acquisition.,human table review; numeric token presence check,11112.0,1.0,[],6e1d06aa85a1ab3dd7fa449c77df22db3a3d36d1d65ecfa2f11f255c69fe844d,reconstructed from currently retrieved published document; not an archived contemporaneous download,
obs_5327e118dc9a39ffb350aeac,COLB,reported consolidated issuer,2026-06-30,CY2026Q2,2026-07-23,2026-07-24T12:00:00+00:00,2026-10-07T15:16:49.974248+00:00,src_4f22b2562f7211bdfae678f1,f8941ed9ca8a9a773bffdd5be1a6ec734a30e8418ae8f941dddea37a563813f3,https://s26.q4cdn.com/577104185/files/doc_earnings/2026/q2/earnings-result/COLB-2026-Q2-Earnings-Release.pdf,PDF page 8,htm_amortized_cost,17.0,USD_million,not_applicable,all,all,observed,,htm_amortized_cost.v1,,9491fe5e7f31717dc64759272319e51683bb808d+tree.f3c55c4a81547502,"{""basis"": ""reported"", ""entity"": ""COLB"", ""geography"": ""all"", ""measurement"": ""stock"", ""netting"": ""reported"", ""occupancy"": ""all"", ""ownership"": ""consolidated"", ""period_end"": ""2026-06-30"", ""portfolio"": ""all""}",Pacific Premier consolidated since 2025-08-31; all three quarters include acquisition.,human table review; numeric token presence check,17.0,1.0,[],6e1d06aa85a1ab3dd7fa449c77df22db3a3d36d1d65ecfa2f11f255c69fe844d,reconstructed from currently retrieved published document; not an archived contemporaneous download,
obs_92bbdca770d9f603e01adce9,COLB,reported consolidated issuer,2026-03-31,CY2026Q1,2026-07-23,2026-07-24T12:00:00+00:00,2026-10-07T15:16:49.974248+00:00,src_4f22b2562f7211bdfae678f1,f8941ed9ca8a9a773bffdd5be1a6ec734a30e8418ae8f941dddea37a563813f3,https://s26.q4cdn.com/577104185/files/doc_earnings/2026/q2/earnings-result/COLB-2026-Q2-Earnings-Release.pdf,PDF page 8,htm_amortized_cost,18.0,USD_million,not_applicable,all,all,observed,,htm_amortized_cost.v1,,9491fe5e7f31717dc64759272319e51683bb808d+tree.f3c55c4a81547502,"{""basis"": ""reported"", ""entity"": ""COLB"", ""geography"": ""all"", ""measurement"": ""stock"", ""netting"": ""reported"", ""occupancy"": ""all"", ""ownership"": ""consolidated"", ""period_end"": ""2026-03-31"", ""portfolio"": ""all""}",Pacific Premier consolidated since 2025-08-31; all three quarters include acquisition.,human table review; numeric token presence check,18.0,1.0,[],6e1d06aa85a1ab3dd7fa449c77df22db3a3d36d1d65ecfa2f11f255c69fe844d,reconstructed from currently retrieved published document; not an archived contemporaneous download,
obs_8dc6b9b741a940440772a3d8,COLB,reported consolidated issuer,2025-12-31,CY2025Q4,2026-07-23,2026-07-24T12:00:00+00:00,2026-10-07T15:16:49.974248+00:00,src_4f22b2562f7211bdfae678f1,f8941ed9ca8a9a773bffdd5be1a6ec734a30e8418ae8f941dddea37a563813f3,https://s26.q4cdn.com/577104185/files/doc_earnings/2026/q2/earnings-result/COLB-2026-Q2-Earnings-Release.pdf,PDF page 8,htm_amortized_cost,18.0,USD_million,not_applicable,all,all,observed,,htm_amortized_cost.v1,,9491fe5e7f31717dc64759272319e51683bb808d+tree.f3c55c4a81547502,"{""basis"": ""reported"", ""entity"": ""COLB"", ""geography"": ""all"", ""measurement"": ""stock"", ""netting"": ""reported"", ""occupancy"": ""all"", ""ownership"": ""consolidated"", ""period_end"": ""2025-12-31"", ""portfolio"": ""all""}",Pacific Premier consolidated since 2025-08-31; all three quarters include acquisition.,human table review; numeric token presence check,18.0,1.0,[],6e1d06aa85a1ab3dd7fa449c77df22db3a3d36d1d65ecfa2f11f255c69fe844d,reconstructed from currently retrieved published document; not an archived contemporaneous download,
obs_f9e875f15952518605eb0b2d,COLB,reported consolidated issuer,2026-06-30,CY2026Q2,2026-07-23,2026-07-24T12:00:00+00:00,2026-10-07T15:16:49.974248+00:00,src_4f22b2562f7211bdfae678f1,f8941ed9ca8a9a773bffdd5be1a6ec734a30e8418ae8f941dddea37a563813f3,https://s26.q4cdn.com/577104185/files/doc_earnings/2026/q2/earnings-result/COLB-2026-Q2-Earnings-Release.pdf,PDF page 8,loans_gross_net_fees,47166.0,USD_million,not_applicable,all,all,observed,,loans_gross_net_fees.v1,,9491fe5e7f31717dc64759272319e51683bb808d+tree.f3c55c4a81547502,"{""basis"": ""reported"", ""entity"": ""COLB"", ""geography"": ""all"", ""measurement"": ""stock"", ""netting"": ""reported"", ""occupancy"": ""all"", ""ownership"": ""consolidated"", ""period_end"": ""2026-06-30"", ""portfolio"": ""all""}",Pacific Premier consolidated since 2025-08-31; all three quarters include acquisition.,human table review; numeric token presence check,47166.0,1.0,[],6e1d06aa85a1ab3dd7fa449c77df22db3a3d36d1d65ecfa2f11f255c69fe844d,reconstructed from currently retrieved published document; not an archived contemporaneous download,
obs_b111b3a9979049ca3d9874b0,COLB,reported consolidated issuer,2026-03-31,CY2026Q1,2026-07-23,2026-07-24T12:00:00+00:00,2026-10-07T15:16:49.974248+00:00,src_4f22b2562f7211bdfae678f1,f8941ed9ca8a9a773bffdd5be1a6ec734a30e8418ae8f941dddea37a563813f3,https://s26.q4cdn.com/577104185/files/doc_earnings/2026/q2/earnings-result/COLB-2026-Q2-Earnings-Release.pdf,PDF page 8,loans_gross_net_fees,47697.0,USD_million,not_applicable,all,all,observed,,loans_gross_net_fees.v1,,9491fe5e7f31717dc64759272319e51683bb808d+tree.f3c55c4a81547502,"{""basis"": ""reported"", ""entity"": ""COLB"", ""geography"": ""all"", ""measurement"": ""stock"", ""netting"": ""reported"", ""occupancy"": ""all"", ""ownership"": ""consolidated"", ""period_end"": ""2026-03-31"", ""portfolio"": ""all""}",Pacific Premier consolidated since 2025-08-31; all three quarters include acquisition.,human table review; numeric token presence check,47697.0,1.0,[],6e1d06aa85a1ab3dd7fa449c77df22db3a3d36d1d65ecfa2f11f255c69fe844d,reconstructed from currently retrieved published document; not an archived contemporaneous download,
obs_00d0386d8c49e07bf8157175,COLB,reported consolidated issuer,2025-12-31,CY2025Q4,2026-07-23,2026-07-24T12:00:00+00:00,2026-10-07T15:16:49.974248+00:00,src_4f22b2562f7211bdfae678f1,f8941ed9ca8a9a773bffdd5be1a6ec734a30e8418ae8f941dddea37a563813f3,https://s26.q4cdn.com/577104185/files/doc_earnings/2026/q2/earnings-result/COLB-2026-Q2-Earnings-Release.pdf,PDF page 8,loans_gross_net_fees,47776.0,USD_million,not_applicable,all,all,observed,,loans_gross_net_fees.v1,,9491fe5e7f31717dc64759272319e51683bb808d+tree.f3c55c4a81547502,"{""basis"": ""reported"", ""entity"": ""COLB"", ""geography"": ""all"", ""measurement"": ""stock"", ""netting"": ""reported"", ""occupancy"": ""all"", ""ownership"": ""consolidated"", ""period_end"": ""2025-12-31"", ""portfolio"": ""all""}",Pacific Premier consolidated since 2025-08-31; all three quarters include acquisition.,human table review; numeric token presence check,47776.0,1.0,[],6e1d06aa85a1ab3dd7fa449c77df22db3a3d36d1d65ecfa2f11f255c69fe844d,reconstructed from currently retrieved published document; not an archived contemporaneous download,
obs_cea15c8ab7ff392ec2e5e606,COLB,reported consolidated issuer,2026-06-30,CY2026Q2,2026-07-23,2026-07-24T12:00:00+00:00,2026-10-07T15:16:49.974248+00:00,src_4f22b2562f7211bdfae678f1,f8941ed9ca8a9a773bffdd5be1a6ec734a30e8418ae8f941dddea37a563813f3,https://s26.q4cdn.com/577104185/files/doc_earnings/2026/q2/earnings-result/COLB-2026-Q2-Earnings-Release.pdf,PDF page 8,loans_net,46708.0,USD_million,not_applicable,all,all,observed,,loans_net.v1,,9491fe5e7f31717dc64759272319e51683bb808d+tree.f3c55c4a81547502,"{""basis"": ""reported"", ""entity"": ""COLB"", ""geography"": ""all"", ""measurement"": ""stock"", ""netting"": ""reported"", ""occupancy"": ""all"", ""ownership"": ""consolidated"", ""period_end"": ""2026-06-30"", ""portfolio"": ""all""}",Pacific Premier consolidated since 2025-08-31; all three quarters include acquisition.,human table review; numeric token presence check,46708.0,1.0,[],6e1d06aa85a1ab3dd7fa449c77df22db3a3d36d1d65ecfa2f11f255c69fe844d,reconstructed from currently retrieved published document; not an archived contemporaneous download,
obs_157dd2d702b8c114d77d17d4,COLB,reported consolidated issuer,2026-03-31,CY2026Q1,2026-07-23,2026-07-24T12:00:00+00:00,2026-10-07T15:16:49.974248+00:00,src_4f22b2562f7211bdfae678f1,f8941ed9ca8a9a773bffdd5be1a6ec734a30e8418ae8f941dddea37a563813f3,https://s26.q4cdn.com/577104185/files/doc_earnings/2026/q2/earnings-result/COLB-2026-Q2-Earnings-Release.pdf,PDF page 8,loans_net,47238.0,USD_million,not_applicable,all,all,observed,,loans_net.v1,,9491fe5e7f31717dc64759272319e51683bb808d+tree.f3c55c4a81547502,"{""basis"": ""reported"", ""entity"": ""COLB"", ""geography"": ""all"", ""measurement"": ""stock"", ""netting"": ""reported"", ""occupancy"": ""all"", ""ownership"": ""consolidated"", ""period_end"": ""2026-03-31"", ""portfolio"": ""all""}",Pacific Premier consolidated since 2025-08-31; all three quarters include acquisition.,human table review; numeric token presence check,47238.0,1.0,[],6e1d06aa85a1ab3dd7fa449c77df22db3a3d36d1d65ecfa2f11f255c69fe844d,reconstructed from currently retrieved published document; not an archived contemporaneous download,
obs_2afe33e591ceadae99b0ee3b,COLB,reported consolidated issuer,2025-12-31,CY2025Q4,2026-07-23,2026-07-24T12:00:00+00:00,2026-10-07T15:16:49.974248+00:00,src_4f22b2562f7211bdfae678f1,f8941ed9ca8a9a773bffdd5be1a6ec734a30e8418ae8f941dddea37a563813f3,https://s26.q4cdn.com/577104185/files/doc_earnings/2026/q2/earnings-result/COLB-2026-Q2-Earnings-Release.pdf,PDF page 8,loans_net,47310.0,USD_million,not_applicable,all,all,observed,,loans_net.v1,,9491fe5e7f31717dc64759272319e51683bb808d+tree.f3c55c4a81547502,"{""basis"": ""reported"", ""entity"": ""COLB"", ""geography"": ""all"", ""measurement"": ""stock"", ""netting"": ""reported"", ""occupancy"": ""all"", ""ownership"": ""consolidated"", ""period_end"": ""2025-12-31"", ""portfolio"": ""all""}",Pacific Premier consolidated since 2025-08-31; all three quarters include acquisition.,human table review; numeric token presence check,47310.0,1.0,[],6e1d06aa85a1ab3dd7fa449c77df22db3a3d36d1d65ecfa2f11f255c69fe844d,reconstructed from currently retrieved published document; not an archived contemporaneous download,
obs_d9ec16518e9eb4a7759466b7,COLB,reported consolidated issuer,2026-06-30,CY2026Q2,2026-07-23,2026-07-24T12:00:00+00:00,2026-10-07T15:16:49.974248+00:00,src_4f22b2562f7211bdfae678f1,f8941ed9ca8a9a773bffdd5be1a6ec734a30e8418ae8f941dddea37a563813f3,https://s26.q4cdn.com/577104185/files/doc_earnings/2026/q2/earnings-result/COLB-2026-Q2-Earnings-Release.pdf,PDF page 8,assets,65380.0,USD_million,not_applicable,all,all,observed,,assets.v1,,9491fe5e7f31717dc64759272319e51683bb808d+tree.f3c55c4a81547502,"{""basis"": ""reported"", ""entity"": ""COLB"", ""geography"": ""all"", ""measurement"": ""stock"", ""netting"": ""reported"", ""occupancy"": ""all"", ""ownership"": ""consolidated"", ""period_end"": ""2026-06-30"", ""portfolio"": ""all""}",Pacific Premier consolidated since 2025-08-31; all three quarters include acquisition.,human table review; numeric token presence check,65380.0,1.0,[],6e1d06aa85a1ab3dd7fa449c77df22db3a3d36d1d65ecfa2f11f255c69fe844d,reconstructed from currently retrieved published document; not an archived contemporaneous download,
obs_9d57bdd712a01461e2336633,COLB,reported consolidated issuer,2026-03-31,CY2026Q1,2026-07-23,2026-07-24T12:00:00+00:00,2026-10-07T15:16:49.974248+00:00,src_4f22b2562f7211bdfae678f1,f8941ed9ca8a9a773bffdd5be1a6ec734a30e8418ae8f941dddea37a563813f3,https://s26.q4cdn.com/577104185/files/doc_earnings/2026/q2/earnings-result/COLB-2026-Q2-Earnings-Release.pdf,PDF page 8,assets,66027.0,USD_million,not_applicable,all,all,observed,,assets.v1,,9491fe5e7f31717dc64759272319e51683bb808d+tree.f3c55c4a81547502,"{""basis"": ""reported"", ""entity"": ""COLB"", ""geography"": ""all"", ""measurement"": ""stock"", ""netting"": ""reported"", ""occupancy"": ""all"", ""ownership"": ""consolidated"", ""period_end"": ""2026-03-31"", ""portfolio"": ""all""}",Pacific Premier consolidated since 2025-08-31; all three quarters include acquisition.,human table review; numeric token presence check,66027.0,1.0,[],6e1d06aa85a1ab3dd7fa449c77df22db3a3d36d1d65ecfa2f11f255c69fe844d,reconstructed from currently retrieved published document; not an archived contemporaneous download,
obs_ea621a8f80ee3b26565dff2a,COLB,reported consolidated issuer,2025-12-31,CY2025Q4,2026-07-23,2026-07-24T12:00:00+00:00,2026-10-07T15:16:49.974248+00:00,src_4f22b2562f7211bdfae678f1,f8941ed9ca8a9a773bffdd5be1a6ec734a30e8418ae8f941dddea37a563813f3,https://s26.q4cdn.com/577104185/files/doc_earnings/2026/q2/earnings-result/COLB-2026-Q2-Earnings-Release.pdf,PDF page 8,assets,66832.0,USD_million,not_applicable,all,all,observed,,assets.v1,,9491fe5e7f31717dc64759272319e51683bb808d+tree.f3c55c4a81547502,"{""basis"": ""reported"", ""entity"": ""COLB"", ""geography"": ""all"", ""measurement"": ""stock"", ""netting"": ""reported"", ""occupancy"": ""all"", ""ownership"": ""consolidated"", ""period_end"": ""2025-12-31"", ""portfolio"": ""all""}",Pacific Premier consolidated since 2025-08-31; all three quarters include acquisition.,human table review; numeric token presence check,66832.0,1.0,[],6e1d06aa85a1ab3dd7fa449c77df22db3a3d36d1d65ecfa2f11f255c69fe844d,reconstructed from currently retrieved published document; not an archived contemporaneous download,
obs_7d7d191697542cb93d6d2020,COLB,reported consolidated issuer,2026-06-30,CY2026Q2,2026-07-23,2026-07-24T12:00:00+00:00,2026-10-07T15:16:49.974248+00:00,src_4f22b2562f7211bdfae678f1,f8941ed9ca8a9a773bffdd5be1a6ec734a30e8418ae8f941dddea37a563813f3,https://s26.q4cdn.com/577104185/files/doc_earnings/2026/q2/earnings-result/COLB-2026-Q2-Earnings-Release.pdf,PDF page 8,nib_deposits,17218.0,USD_million,not_applicable,all,all,observed,,nib_deposits.v1,,9491fe5e7f31717dc64759272319e51683bb808d+tree.f3c55c4a81547502,"{""basis"": ""reported"", ""entity"": ""COLB"", ""geography"": ""all"", ""measurement"": ""stock"", ""netting"": ""reported"", ""occupancy"": ""all"", ""ownership"": ""consolidated"", ""period_end"": ""2026-06-30"", ""portfolio"": ""all""}",Pacific Premier consolidated since 2025-08-31; all three quarters include acquisition.,human table review; numeric token presence check,17218.0,1.0,[],6e1d06aa85a1ab3dd7fa449c77df22db3a3d36d1d65ecfa2f11f255c69fe844d,reconstructed from currently retrieved published document; not an archived contemporaneous download,
obs_d70ebf60959c136ca0f72125,COLB,reported consolidated issuer,2026-03-31,CY2026Q1,2026-07-23,2026-07-24T12:00:00+00:00,2026-10-07T15:16:49.974248+00:00,src_4f22b2562f7211bdfae678f1,f8941ed9ca8a9a773bffdd5be1a6ec734a30e8418ae8f941dddea37a563813f3,https://s26.q4cdn.com/577104185/files/doc_earnings/2026/q2/earnings-result/COLB-2026-Q2-Earnings-Release.pdf,PDF page 8,nib_deposits,17635.0,USD_million,not_applicable,all,all,observed,,nib_deposits.v1,,9491fe5e7f31717dc64759272319e51683bb808d+tree.f3c55c4a81547502,"{""basis"": ""reported"", ""entity"": ""COLB"", ""geography"": ""all"", ""measurement"": ""stock"", ""netting"": ""reported"", ""occupancy"": ""all"", ""ownership"": ""consolidated"", ""period_end"": ""2026-03-31"", ""portfolio"": ""all""}",Pacific Premier consolidated since 2025-08-31; all three quarters include acquisition.,human table review; numeric token presence check,17635.0,1.0,[],6e1d06aa85a1ab3dd7fa449c77df22db3a3d36d1d65ecfa2f11f255c69fe844d,reconstructed from currently retrieved published document; not an archived contemporaneous download,
obs_6b92ee029afe99f21b409f10,COLB,reported consolidated issuer,2025-12-31,CY2025Q4,2026-07-23,2026-07-24T12:00:00+00:00,2026-10-07T15:16:49.974248+00:00,src_4f22b2562f7211bdfae678f1,f8941ed9ca8a9a773bffdd5be1a6ec734a30e8418ae8f941dddea37a563813f3,https://s26.q4cdn.com/577104185/files/doc_earnings/2026/q2/earnings-result/COLB-2026-Q2-Earnings-Release.pdf,PDF page 8,nib_deposits,17419.0,USD_million,not_applicable,all,all,observed,,nib_deposits.v1,,9491fe5e7f31717dc64759272319e51683bb808d+tree.f3c55c4a81547502,"{""basis"": ""reported"", ""entity"": ""COLB"", ""geography"": ""all"", ""measurement"": ""stock"", ""netting"": ""reported"", ""occupancy"": ""all"", ""ownership"": ""consolidated"", ""period_end"": ""2025-12-31"", ""portfolio"": ""all""}",Pacific Premier consolidated since 2025-08-31; all three quarters include acquisition.,human table review; numeric token presence check,17419.0,1.0,[],6e1d06aa85a1ab3dd7fa449c77df22db3a3d36d1d65ecfa2f11f255c69fe844d,reconstructed from currently retrieved published document; not an archived contemporaneous download,
obs_17cd1efce36722ec8a439e05,COLB,reported consolidated issuer,2026-06-30,CY2026Q2,2026-07-23,2026-07-24T12:00:00+00:00,2026-10-07T15:16:49.974248+00:00,src_4f22b2562f7211bdfae678f1,f8941ed9ca8a9a773bffdd5be1a6ec734a30e8418ae8f941dddea37a563813f3,https://s26.q4cdn.com/577104185/files/doc_earnings/2026/q2/earnings-result/COLB-2026-Q2-Earnings-Release.pdf,PDF page 8,deposits,52056.0,USD_million,not_applicable,all,all,observed,,deposits.v1,,9491fe5e7f31717dc64759272319e51683bb808d+tree.f3c55c4a81547502,"{""basis"": ""reported"", ""entity"": ""COLB"", ""geography"": ""all"", ""measurement"": ""stock"", ""netting"": ""reported"", ""occupancy"": ""all"", ""ownership"": ""consolidated"", ""period_end"": ""2026-06-30"", ""portfolio"": ""all""}",Pacific Premier consolidated since 2025-08-31; all three quarters include acquisition.,human table review; numeric token presence check,52056.0,1.0,[],6e1d06aa85a1ab3dd7fa449c77df22db3a3d36d1d65ecfa2f11f255c69fe844d,reconstructed from currently retrieved published document; not an archived contemporaneous download,
obs_f793786494917eccb69c8ac6,COLB,reported consolidated issuer,2026-03-31,CY2026Q1,2026-07-23,2026-07-24T12:00:00+00:00,2026-10-07T15:16:49.974248+00:00,src_4f22b2562f7211bdfae678f1,f8941ed9ca8a9a773bffdd5be1a6ec734a30e8418ae8f941dddea37a563813f3,https://s26.q4cdn.com/577104185/files/doc_earnings/2026/q2/earnings-result/COLB-2026-Q2-Earnings-Release.pdf,PDF page 8,deposits,53489.0,USD_million,not_applicable,all,all,observed,,deposits.v1,,9491fe5e7f31717dc64759272319e51683bb808d+tree.f3c55c4a81547502,"{""basis"": ""reported"", ""entity"": ""COLB"", ""geography"": ""all"", ""measurement"": ""stock"", ""netting"": ""reported"", ""occupancy"": ""all"", ""ownership"": ""consolidated"", ""period_end"": ""2026-03-31"", ""portfolio"": ""all""}",Pacific Premier consolidated since 2025-08-31; all three quarters include acquisition.,human table review; numeric token presence check,53489.0,1.0,[],6e1d06aa85a1ab3dd7fa449c77df22db3a3d36d1d65ecfa2f11f255c69fe844d,reconstructed from currently retrieved published document; not an archived contemporaneous download,
obs_97fb5540396600cebaba8f5d,COLB,reported consolidated issuer,2025-12-31,CY2025Q4,2026-07-23,2026-07-24T12:00:00+00:00,2026-10-07T15:16:49.974248+00:00,src_4f22b2562f7211bdfae678f1,f8941ed9ca8a9a773bffdd5be1a6ec734a30e8418ae8f941dddea37a563813f3,https://s26.q4cdn.com/577104185/files/doc_earnings/2026/q2/earnings-result/COLB-2026-Q2-Earnings-Release.pdf,PDF page 8,deposits,54211.0,USD_million,not_applicable,all,all,observed,,deposits.v1,,9491fe5e7f31717dc64759272319e51683bb808d+tree.f3c55c4a81547502,"{""basis"": ""reported"", ""entity"": ""COLB"", ""geography"": ""all"", ""measurement"": ""stock"", ""netting"": ""reported"", ""occupancy"": ""all"", ""ownership"": ""consolidated"", ""period_end"": ""2025-12-31"", ""portfolio"": ""all""}",Pacific Premier consolidated since 2025-08-31; all three quarters include acquisition.,human table review; numeric token presence check,54211.0,1.0,[],6e1d06aa85a1ab3dd7fa449c77df22db3a3d36d1d65ecfa2f11f255c69fe844d,reconstructed from currently retrieved published document; not an archived contemporaneous download,
obs_32315368c364bd20434eee99,COLB,reported consolidated issuer,2026-06-30,CY2026Q2,2026-07-23,2026-07-24T12:00:00+00:00,2026-10-07T15:16:49.974248+00:00,src_4f22b2562f7211bdfae678f1,f8941ed9ca8a9a773bffdd5be1a6ec734a30e8418ae8f941dddea37a563813f3,https://s26.q4cdn.com/577104185/files/doc_earnings/2026/q2/earnings-result/COLB-2026-Q2-Earnings-Release.pdf,PDF page 8,borrowings_excluding_junior,4250.0,USD_million,not_applicable,all,all,observed,,borrowings_excluding_junior.v1,,9491fe5e7f31717dc64759272319e51683bb808d+tree.f3c55c4a81547502,"{""basis"": ""reported"", ""entity"": ""COLB"", ""geography"": ""all"", ""measurement"": ""stock"", ""netting"": ""reported"", ""occupancy"": ""all"", ""ownership"": ""consolidated"", ""period_end"": ""2026-06-30"", ""portfolio"": ""all""}",Pacific Premier consolidated since 2025-08-31; all three quarters include acquisition.,human table review; numeric token presence check,4250.0,1.0,[],6e1d06aa85a1ab3dd7fa449c77df22db3a3d36d1d65ecfa2f11f255c69fe844d,reconstructed from currently retrieved published document; not an archived contemporaneous download,
obs_64a7ac7692b37909ef2be7a7,COLB,reported consolidated issuer,2026-03-31,CY2026Q1,2026-07-23,2026-07-24T12:00:00+00:00,2026-10-07T15:16:49.974248+00:00,src_4f22b2562f7211bdfae678f1,f8941ed9ca8a9a773bffdd5be1a6ec734a30e8418ae8f941dddea37a563813f3,https://s26.q4cdn.com/577104185/files/doc_earnings/2026/q2/earnings-result/COLB-2026-Q2-Earnings-Release.pdf,PDF page 8,borrowings_excluding_junior,3400.0,USD_million,not_applicable,all,all,observed,,borrowings_excluding_junior.v1,,9491fe5e7f31717dc64759272319e51683bb808d+tree.f3c55c4a81547502,"{""basis"": ""reported"", ""entity"": ""COLB"", ""geography"": ""all"", ""measurement"": ""stock"", ""netting"": ""reported"", ""occupancy"": ""all"", ""ownership"": ""consolidated"", ""period_end"": ""2026-03-31"", ""portfolio"": ""all""}",Pacific Premier consolidated since 2025-08-31; all three quarters include acquisition.,human table review; numeric token presence check,3400.0,1.0,[],6e1d06aa85a1ab3dd7fa449c77df22db3a3d36d1d65ecfa2f11f255c69fe844d,reconstructed from currently retrieved published document; not an archived contemporaneous download,
obs_8a7eb1810564c6658fc38edc,COLB,reported consolidated issuer,2025-12-31,CY2025Q4,2026-07-23,2026-07-24T12:00:00+00:00,2026-10-07T15:16:49.974248+00:00,src_4f22b2562f7211bdfae678f1,f8941ed9ca8a9a773bffdd5be1a6ec734a30e8418ae8f941dddea37a563813f3,https://s26.q4cdn.com/577104185/files/doc_earnings/2026/q2/earnings-result/COLB-2026-Q2-Earnings-Release.pdf,PDF page 8,borrowings_excluding_junior,3200.0,USD_million,not_applicable,all,all,observed,,borrowings_excluding_junior.v1,,9491fe5e7f31717dc64759272319e51683bb808d+tree.f3c55c4a81547502,"{""basis"": ""reported"", ""entity"": ""COLB"", ""geography"": ""all"", ""measurement"": ""stock"", ""netting"": ""reported"", ""occupancy"": ""all"", ""ownership"": ""consolidated"", ""period_end"": ""2025-12-31"", ""portfolio"": ""all""}",Pacific Premier consolidated since 2025-08-31; all three quarters include acquisition.,human table review; numeric token presence check,3200.0,1.0,[],6e1d06aa85a1ab3dd7fa449c77df22db3a3d36d1d65ecfa2f11f255c69fe844d,reconstructed from currently retrieved published document; not an archived contemporaneous download,
obs_3ded5fd225ca58fd8a57e53c,COLB,reported consolidated issuer,2026-06-30,CY2026Q2,2026-07-23,2026-07-24T12:00:00+00:00,2026-10-07T15:16:49.974248+00:00,src_4f22b2562f7211bdfae678f1,f8941ed9ca8a9a773bffdd5be1a6ec734a30e8418ae8f941dddea37a563813f3,https://s26.q4cdn.com/577104185/files/doc_earnings/2026/q2/earnings-result/COLB-2026-Q2-Earnings-Release.pdf,PDF page 8,repo_funding,189.0,USD_million,not_applicable,all,all,observed,,repo_funding.v1,,9491fe5e7f31717dc64759272319e51683bb808d+tree.f3c55c4a81547502,"{""basis"": ""reported"", ""entity"": ""COLB"", ""geography"": ""all"", ""measurement"": ""stock"", ""netting"": ""reported"", ""occupancy"": ""all"", ""ownership"": ""consolidated"", ""period_end"": ""2026-06-30"", ""portfolio"": ""all""}",Pacific Premier consolidated since 2025-08-31; all three quarters include acquisition.,human table review; numeric token presence check,189.0,1.0,[],6e1d06aa85a1ab3dd7fa449c77df22db3a3d36d1d65ecfa2f11f255c69fe844d,reconstructed from currently retrieved published document; not an archived contemporaneous download,
obs_9f3dfcc1d35d7c13188529a9,COLB,reported consolidated issuer,2026-03-31,CY2026Q1,2026-07-23,2026-07-24T12:00:00+00:00,2026-10-07T15:16:49.974248+00:00,src_4f22b2562f7211bdfae678f1,f8941ed9ca8a9a773bffdd5be1a6ec734a30e8418ae8f941dddea37a563813f3,https://s26.q4cdn.com/577104185/files/doc_earnings/2026/q2/earnings-result/COLB-2026-Q2-Earnings-Release.pdf,PDF page 8,repo_funding,162.0,USD_million,not_applicable,all,all,observed,,repo_funding.v1,,9491fe5e7f31717dc64759272319e51683bb808d+tree.f3c55c4a81547502,"{""basis"": ""reported"", ""entity"": ""COLB"", ""geography"": ""all"", ""measurement"": ""stock"", ""netting"": ""reported"", ""occupancy"": ""all"", ""ownership"": ""consolidated"", ""period_end"": ""2026-03-31"", ""portfolio"": ""all""}",Pacific Premier consolidated since 2025-08-31; all three quarters include acquisition.,human table review; numeric token presence check,162.0,1.0,[],6e1d06aa85a1ab3dd7fa449c77df22db3a3d36d1d65ecfa2f11f255c69fe844d,reconstructed from currently retrieved published document; not an archived contemporaneous download,
obs_aaa8d67ecb6a256e30f9eb37,COLB,reported consolidated issuer,2025-12-31,CY2025Q4,2026-07-23,2026-07-24T12:00:00+00:00,2026-10-07T15:16:49.974248+00:00,src_4f22b2562f7211bdfae678f1,f8941ed9ca8a9a773bffdd5be1a6ec734a30e8418ae8f941dddea37a563813f3,https://s26.q4cdn.com/577104185/files/doc_earnings/2026/q2/earnings-result/COLB-2026-Q2-Earnings-Release.pdf,PDF page 8,repo_funding,207.0,USD_million,not_applicable,all,all,observed,,repo_funding.v1,,9491fe5e7f31717dc64759272319e51683bb808d+tree.f3c55c4a81547502,"{""basis"": ""reported"", ""entity"": ""COLB"", ""geography"": ""all"", ""measurement"": ""stock"", ""netting"": ""reported"", ""occupancy"": ""all"", ""ownership"": ""consolidated"", ""period_end"": ""2025-12-31"", ""portfolio"": ""all""}",Pacific Premier consolidated since 2025-08-31; all three quarters include acquisition.,human table review; numeric token presence check,207.0,1.0,[],6e1d06aa85a1ab3dd7fa449c77df22db3a3d36d1d65ecfa2f11f255c69fe844d,reconstructed from currently retrieved published document; not an archived contemporaneous download,
obs_42a565a3db050aa1a2b1eb2a,COLB,reported consolidated issuer,2026-06-30,CY2026Q2,2026-07-23,2026-07-24T12:00:00+00:00,2026-10-07T15:16:49.974248+00:00,src_4f22b2562f7211bdfae678f1,f8941ed9ca8a9a773bffdd5be1a6ec734a30e8418ae8f941dddea37a563813f3,https://s26.q4cdn.com/577104185/files/doc_earnings/2026/q2/earnings-result/COLB-2026-Q2-Earnings-Release.pdf,PDF page 8,junior_fair_value,339.0,USD_million,not_applicable,all,all,observed,,junior_fair_value.v1,,9491fe5e7f31717dc64759272319e51683bb808d+tree.f3c55c4a81547502,"{""basis"": ""reported"", ""entity"": ""COLB"", ""geography"": ""all"", ""measurement"": ""stock"", ""netting"": ""reported"", ""occupancy"": ""all"", ""ownership"": ""consolidated"", ""period_end"": ""2026-06-30"", ""portfolio"": ""all""}",Pacific Premier consolidated since 2025-08-31; all three quarters include acquisition.,human table review; numeric token presence check,339.0,1.0,[],6e1d06aa85a1ab3dd7fa449c77df22db3a3d36d1d65ecfa2f11f255c69fe844d,reconstructed from currently retrieved published document; not an archived contemporaneous download,
obs_1911d4b2f6a3549ab2dd6085,COLB,reported consolidated issuer,2026-03-31,CY2026Q1,2026-07-23,2026-07-24T12:00:00+00:00,2026-10-07T15:16:49.974248+00:00,src_4f22b2562f7211bdfae678f1,f8941ed9ca8a9a773bffdd5be1a6ec734a30e8418ae8f941dddea37a563813f3,https://s26.q4cdn.com/577104185/files/doc_earnings/2026/q2/earnings-result/COLB-2026-Q2-Earnings-Release.pdf,PDF page 8,junior_fair_value,333.0,USD_million,not_applicable,all,all,observed,,junior_fair_value.v1,,9491fe5e7f31717dc64759272319e51683bb808d+tree.f3c55c4a81547502,"{""basis"": ""reported"", ""entity"": ""COLB"", ""geography"": ""all"", ""measurement"": ""stock"", ""netting"": ""reported"", ""occupancy"": ""all"", ""ownership"": ""consolidated"", ""period_end"": ""2026-03-31"", ""portfolio"": ""all""}",Pacific Premier consolidated since 2025-08-31; all three quarters include acquisition.,human table review; numeric token presence check,333.0,1.0,[],6e1d06aa85a1ab3dd7fa449c77df22db3a3d36d1d65ecfa2f11f255c69fe844d,reconstructed from currently retrieved published document; not an archived contemporaneous download,
obs_c96a1678fb18196ec439fac6,COLB,reported consolidated issuer,2025-12-31,CY2025Q4,2026-07-23,2026-07-24T12:00:00+00:00,2026-10-07T15:16:49.974248+00:00,src_4f22b2562f7211bdfae678f1,f8941ed9ca8a9a773bffdd5be1a6ec734a30e8418ae8f941dddea37a563813f3,https://s26.q4cdn.com/577104185/files/doc_earnings/2026/q2/earnings-result/COLB-2026-Q2-Earnings-Release.pdf,PDF page 8,junior_fair_value,338.0,USD_million,not_applicable,all,all,observed,,junior_fair_value.v1,,9491fe5e7f31717dc64759272319e51683bb808d+tree.f3c55c4a81547502,"{""basis"": ""reported"", ""entity"": ""COLB"", ""geography"": ""all"", ""measurement"": ""stock"", ""netting"": ""reported"", ""occupancy"": ""all"", ""ownership"": ""consolidated"", ""period_end"": ""2025-12-31"", ""portfolio"": ""all""}",Pacific Premier consolidated since 2025-08-31; all three quarters include acquisition.,human table review; numeric token presence check,338.0,1.0,[],6e1d06aa85a1ab3dd7fa449c77df22db3a3d36d1d65ecfa2f11f255c69fe844d,reconstructed from currently retrieved published document; not an archived contemporaneous download,
obs_fde94b74a5b626d8c83b8845,COLB,reported consolidated issuer,2026-06-30,CY2026Q2,2026-07-23,2026-07-24T12:00:00+00:00,2026-10-07T15:16:49.974248+00:00,src_4f22b2562f7211bdfae678f1,f8941ed9ca8a9a773bffdd5be1a6ec734a30e8418ae8f941dddea37a563813f3,https://s26.q4cdn.com/577104185/files/doc_earnings/2026/q2/earnings-result/COLB-2026-Q2-Earnings-Release.pdf,PDF page 8,junior_other_amortized_cost,97.0,USD_million,not_applicable,all,all,observed,,junior_other_amortized_cost.v1,,9491fe5e7f31717dc64759272319e51683bb808d+tree.f3c55c4a81547502,"{""basis"": ""reported"", ""entity"": ""COLB"", ""geography"": ""all"", ""measurement"": ""stock"", ""netting"": ""reported"", ""occupancy"": ""all"", ""ownership"": ""consolidated"", ""period_end"": ""2026-06-30"", ""portfolio"": ""all""}",Pacific Premier consolidated since 2025-08-31; all three quarters include acquisition.,human table review; numeric token presence check,97.0,1.0,[],6e1d06aa85a1ab3dd7fa449c77df22db3a3d36d1d65ecfa2f11f255c69fe844d,reconstructed from currently retrieved published document; not an archived contemporaneous download,
obs_67ff4a389e5ea1366d8cde04,COLB,reported consolidated issuer,2026-03-31,CY2026Q1,2026-07-23,2026-07-24T12:00:00+00:00,2026-10-07T15:16:49.974248+00:00,src_4f22b2562f7211bdfae678f1,f8941ed9ca8a9a773bffdd5be1a6ec734a30e8418ae8f941dddea37a563813f3,https://s26.q4cdn.com/577104185/files/doc_earnings/2026/q2/earnings-result/COLB-2026-Q2-Earnings-Release.pdf,PDF page 8,junior_other_amortized_cost,97.0,USD_million,not_applicable,all,all,observed,,junior_other_amortized_cost.v1,,9491fe5e7f31717dc64759272319e51683bb808d+tree.f3c55c4a81547502,"{""basis"": ""reported"", ""entity"": ""COLB"", ""geography"": ""all"", ""measurement"": ""stock"", ""netting"": ""reported"", ""occupancy"": ""all"", ""ownership"": ""consolidated"", ""period_end"": ""2026-03-31"", ""portfolio"": ""all""}",Pacific Premier consolidated since 2025-08-31; all three quarters include acquisition.,human table review; numeric token presence check,97.0,1.0,[],6e1d06aa85a1ab3dd7fa449c77df22db3a3d36d1d65ecfa2f11f255c69fe844d,reconstructed from currently retrieved published document; not an archived contemporaneous download,
obs_43885a86cd4ddcb4270830d6,COLB,reported consolidated issuer,2025-12-31,CY2025Q4,2026-07-23,2026-07-24T12:00:00+00:00,2026-10-07T15:16:49.974248+00:00,src_4f22b2562f7211bdfae678f1,f8941ed9ca8a9a773bffdd5be1a6ec734a30e8418ae8f941dddea37a563813f3,https://s26.q4cdn.com/577104185/files/doc_earnings/2026/q2/earnings-result/COLB-2026-Q2-Earnings-Release.pdf,PDF page 8,junior_other_amortized_cost,97.0,USD_million,not_applicable,all,all,observed,,junior_other_amortized_cost.v1,,9491fe5e7f31717dc64759272319e51683bb808d+tree.f3c55c4a81547502,"{""basis"": ""reported"", ""entity"": ""COLB"", ""geography"": ""all"", ""measurement"": ""stock"", ""netting"": ""reported"", ""occupancy"": ""all"", ""ownership"": ""consolidated"", ""period_end"": ""2025-12-31"", ""portfolio"": ""all""}",Pacific Premier consolidated since 2025-08-31; all three quarters include acquisition.,human table review; numeric token presence check,97.0,1.0,[],6e1d06aa85a1ab3dd7fa449c77df22db3a3d36d1d65ecfa2f11f255c69fe844d,reconstructed from currently retrieved published document; not an archived contemporaneous download,
obs_86046facce397b0603dd3943,COLB,reported consolidated issuer,2026-06-30,CY2026Q2,2026-07-23,2026-07-24T12:00:00+00:00,2026-10-07T15:16:49.974248+00:00,src_4f22b2562f7211bdfae678f1,f8941ed9ca8a9a773bffdd5be1a6ec734a30e8418ae8f941dddea37a563813f3,https://s26.q4cdn.com/577104185/files/doc_earnings/2026/q2/earnings-result/COLB-2026-Q2-Earnings-Release.pdf,PDF page 8,aoci,-310.0,USD_million,not_applicable,all,all,observed,,aoci.v1,,9491fe5e7f31717dc64759272319e51683bb808d+tree.f3c55c4a81547502,"{""basis"": ""reported"", ""entity"": ""COLB"", ""geography"": ""all"", ""measurement"": ""stock"", ""netting"": ""reported"", ""occupancy"": ""all"", ""ownership"": ""consolidated"", ""period_end"": ""2026-06-30"", ""portfolio"": ""all""}",Pacific Premier consolidated since 2025-08-31; all three quarters include acquisition.,human table review; numeric token presence check,-310.0,1.0,[],6e1d06aa85a1ab3dd7fa449c77df22db3a3d36d1d65ecfa2f11f255c69fe844d,reconstructed from currently retrieved published document; not an archived contemporaneous download,
obs_864f0329f84f268f4708eb10,COLB,reported consolidated issuer,2026-03-31,CY2026Q1,2026-07-23,2026-07-24T12:00:00+00:00,2026-10-07T15:16:49.974248+00:00,src_4f22b2562f7211bdfae678f1,f8941ed9ca8a9a773bffdd5be1a6ec734a30e8418ae8f941dddea37a563813f3,https://s26.q4cdn.com/577104185/files/doc_earnings/2026/q2/earnings-result/COLB-2026-Q2-Earnings-Release.pdf,PDF page 8,aoci,-291.0,USD_million,not_applicable,all,all,observed,,aoci.v1,,9491fe5e7f31717dc64759272319e51683bb808d+tree.f3c55c4a81547502,"{""basis"": ""reported"", ""entity"": ""COLB"", ""geography"": ""all"", ""measurement"": ""stock"", ""netting"": ""reported"", ""occupancy"": ""all"", ""ownership"": ""consolidated"", ""period_end"": ""2026-03-31"", ""portfolio"": ""all""}",Pacific Premier consolidated since 2025-08-31; all three quarters include acquisition.,human table review; numeric token presence check,-291.0,1.0,[],6e1d06aa85a1ab3dd7fa449c77df22db3a3d36d1d65ecfa2f11f255c69fe844d,reconstructed from currently retrieved published document; not an archived contemporaneous download,
obs_f0a4993ca7c65dc741202204,COLB,reported consolidated issuer,2025-12-31,CY2025Q4,2026-07-23,2026-07-24T12:00:00+00:00,2026-10-07T15:16:49.974248+00:00,src_4f22b2562f7211bdfae678f1,f8941ed9ca8a9a773bffdd5be1a6ec734a30e8418ae8f941dddea37a563813f3,https://s26.q4cdn.com/577104185/files/doc_earnings/2026/q2/earnings-result/COLB-2026-Q2-Earnings-Release.pdf,PDF page 8,aoci,-233.0,USD_million,not_applicable,all,all,observed,,aoci.v1,,9491fe5e7f31717dc64759272319e51683bb808d+tree.f3c55c4a81547502,"{""basis"": ""reported"", ""entity"": ""COLB"", ""geography"": ""all"", ""measurement"": ""stock"", ""netting"": ""reported"", ""occupancy"": ""all"", ""ownership"": ""consolidated"", ""period_end"": ""2025-12-31"", ""portfolio"": ""all""}",Pacific Premier consolidated since 2025-08-31; all three quarters include acquisition.,human table review; numeric token presence check,-233.0,1.0,[],6e1d06aa85a1ab3dd7fa449c77df22db3a3d36d1d65ecfa2f11f255c69fe844d,reconstructed from currently retrieved published document; not an archived contemporaneous download,
obs_d4da94a971afff0038b9dbfc,COLB,reported consolidated issuer,2026-06-30,CY2026Q2,2026-07-23,2026-07-24T12:00:00+00:00,2026-10-07T15:16:49.974248+00:00,src_4f22b2562f7211bdfae678f1,f8941ed9ca8a9a773bffdd5be1a6ec734a30e8418ae8f941dddea37a563813f3,https://s26.q4cdn.com/577104185/files/doc_earnings/2026/q2/earnings-result/COLB-2026-Q2-Earnings-Release.pdf,PDF page 9,tbv_per_share,19.22,USD_per_share,common shares,all,all,observed,,tbv_per_share.v1,,9491fe5e7f31717dc64759272319e51683bb808d+tree.f3c55c4a81547502,"{""basis"": ""reported"", ""entity"": ""COLB"", ""geography"": ""all"", ""measurement"": ""stock"", ""netting"": ""reported"", ""occupancy"": ""all"", ""ownership"": ""consolidated"", ""period_end"": ""2026-06-30"", ""portfolio"": ""all""}",,human table review; numeric token presence check,19.22,1.0,[],7b6f39dcef4a70eba86736054c9f7ce2ca0fec4c8fa3decc6bc663ceb0730754,reconstructed from currently retrieved published document; not an archived contemporaneous download,
obs_677aacd49834454174f7f42d,COLB,reported consolidated issuer,2026-03-31,CY2026Q1,2026-07-23,2026-07-24T12:00:00+00:00,2026-10-07T15:16:49.974248+00:00,src_4f22b2562f7211bdfae678f1,f8941ed9ca8a9a773bffdd5be1a6ec734a30e8418ae8f941dddea37a563813f3,https://s26.q4cdn.com/577104185/files/doc_earnings/2026/q2/earnings-result/COLB-2026-Q2-Earnings-Release.pdf,PDF page 9,tbv_per_share,19.03,USD_per_share,common shares,all,all,observed,,tbv_per_share.v1,,9491fe5e7f31717dc64759272319e51683bb808d+tree.f3c55c4a81547502,"{""basis"": ""reported"", ""entity"": ""COLB"", ""geography"": ""all"", ""measurement"": ""stock"", ""netting"": ""reported"", ""occupancy"": ""all"", ""ownership"": ""consolidated"", ""period_end"": ""2026-03-31"", ""portfolio"": ""all""}",,human table review; numeric token presence check,19.03,1.0,[],7b6f39dcef4a70eba86736054c9f7ce2ca0fec4c8fa3decc6bc663ceb0730754,reconstructed from currently retrieved published document; not an archived contemporaneous download,
obs_5b3cb2a90f6eda7a1a00a37b,COLB,reported consolidated issuer,2025-12-31,CY2025Q4,2026-07-23,2026-07-24T12:00:00+00:00,2026-10-07T15:16:49.974248+00:00,src_4f22b2562f7211bdfae678f1,f8941ed9ca8a9a773bffdd5be1a6ec734a30e8418ae8f941dddea37a563813f3,https://s26.q4cdn.com/577104185/files/doc_earnings/2026/q2/earnings-result/COLB-2026-Q2-Earnings-Release.pdf,PDF page 9,tbv_per_share,19.11,USD_per_share,common shares,all,all,observed,,tbv_per_share.v1,,9491fe5e7f31717dc64759272319e51683bb808d+tree.f3c55c4a81547502,"{""basis"": ""reported"", ""entity"": ""COLB"", ""geography"": ""all"", ""measurement"": ""stock"", ""netting"": ""reported"", ""occupancy"": ""all"", ""ownership"": ""consolidated"", ""period_end"": ""2025-12-31"", ""portfolio"": ""all""}",,human table review; numeric token presence check,19.11,1.0,[],7b6f39dcef4a70eba86736054c9f7ce2ca0fec4c8fa3decc6bc663ceb0730754,reconstructed from currently retrieved published document; not an archived contemporaneous download,
obs_97b7eaf5bffbd45bd7a6bcef,COLB,reported consolidated issuer,2026-06-30,CY2026Q2,2026-07-23,2026-07-24T12:00:00+00:00,2026-10-07T15:16:49.974248+00:00,src_4f22b2562f7211bdfae678f1,f8941ed9ca8a9a773bffdd5be1a6ec734a30e8418ae8f941dddea37a563813f3,https://s26.q4cdn.com/577104185/files/doc_earnings/2026/q2/earnings-result/COLB-2026-Q2-Earnings-Release.pdf,PDF page 9,nim_tax_equivalent,3.93,percent,average earning assets; 21% tax equivalent,all,all,observed,,nim_tax_equivalent.v1,,9491fe5e7f31717dc64759272319e51683bb808d+tree.f3c55c4a81547502,"{""basis"": ""reported"", ""entity"": ""COLB"", ""geography"": ""all"", ""measurement"": ""quarter_annualized"", ""netting"": ""reported"", ""occupancy"": ""all"", ""ownership"": ""consolidated"", ""period_end"": ""2026-06-30"", ""portfolio"": ""all""}",,human table review; numeric token presence check,3.93,1.0,[],7b6f39dcef4a70eba86736054c9f7ce2ca0fec4c8fa3decc6bc663ceb0730754,reconstructed from currently retrieved published document; not an archived contemporaneous download,
obs_7cbb6f4aec87ed9064dc6d95,COLB,reported consolidated issuer,2026-03-31,CY2026Q1,2026-07-23,2026-07-24T12:00:00+00:00,2026-10-07T15:16:49.974248+00:00,src_4f22b2562f7211bdfae678f1,f8941ed9ca8a9a773bffdd5be1a6ec734a30e8418ae8f941dddea37a563813f3,https://s26.q4cdn.com/577104185/files/doc_earnings/2026/q2/earnings-result/COLB-2026-Q2-Earnings-Release.pdf,PDF page 9,nim_tax_equivalent,3.96,percent,average earning assets; 21% tax equivalent,all,all,observed,,nim_tax_equivalent.v1,,9491fe5e7f31717dc64759272319e51683bb808d+tree.f3c55c4a81547502,"{""basis"": ""reported"", ""entity"": ""COLB"", ""geography"": ""all"", ""measurement"": ""quarter_annualized"", ""netting"": ""reported"", ""occupancy"": ""all"", ""ownership"": ""consolidated"", ""period_end"": ""2026-03-31"", ""portfolio"": ""all""}",,human table review; numeric token presence check,3.96,1.0,[],7b6f39dcef4a70eba86736054c9f7ce2ca0fec4c8fa3decc6bc663ceb0730754,reconstructed from currently retrieved published document; not an archived contemporaneous download,
obs_bd9a697746acdcb8447c5878,COLB,reported consolidated issuer,2025-12-31,CY2025Q4,2026-07-23,2026-07-24T12:00:00+00:00,2026-10-07T15:16:49.974248+00:00,src_4f22b2562f7211bdfae678f1,f8941ed9ca8a9a773bffdd5be1a6ec734a30e8418ae8f941dddea37a563813f3,https://s26.q4cdn.com/577104185/files/doc_earnings/2026/q2/earnings-result/COLB-2026-Q2-Earnings-Release.pdf,PDF page 9,nim_tax_equivalent,4.06,percent,average earning assets; 21% tax equivalent,all,all,observed,,nim_tax_equivalent.v1,,9491fe5e7f31717dc64759272319e51683bb808d+tree.f3c55c4a81547502,"{""basis"": ""reported"", ""entity"": ""COLB"", ""geography"": ""all"", ""measurement"": ""quarter_annualized"", ""netting"": ""reported"", ""occupancy"": ""all"", ""ownership"": ""consolidated"", ""period_end"": ""2025-12-31"", ""portfolio"": ""all""}",,human table review; numeric token presence check,4.06,1.0,[],7b6f39dcef4a70eba86736054c9f7ce2ca0fec4c8fa3decc6bc663ceb0730754,reconstructed from currently retrieved published document; not an archived contemporaneous download,
obs_2af76de5c59972d64bc5c98c,COLB,reported consolidated issuer,2026-06-30,CY2026Q2,2026-07-23,2026-07-24T12:00:00+00:00,2026-10-07T15:16:49.974248+00:00,src_4f22b2562f7211bdfae678f1,f8941ed9ca8a9a773bffdd5be1a6ec734a30e8418ae8f941dddea37a563813f3,https://s26.q4cdn.com/577104185/files/doc_earnings/2026/q2/earnings-result/COLB-2026-Q2-Earnings-Release.pdf,PDF page 9,cost_ib_deposits,1.96,percent,average interest bearing deposits,all,all,observed,,cost_ib_deposits.v1,,9491fe5e7f31717dc64759272319e51683bb808d+tree.f3c55c4a81547502,"{""basis"": ""reported"", ""entity"": ""COLB"", ""geography"": ""all"", ""measurement"": ""quarter_annualized"", ""netting"": ""reported"", ""occupancy"": ""all"", ""ownership"": ""consolidated"", ""period_end"": ""2026-06-30"", ""portfolio"": ""all""}",,human table review; numeric token presence check,1.96,1.0,[],7b6f39dcef4a70eba86736054c9f7ce2ca0fec4c8fa3decc6bc663ceb0730754,reconstructed from currently retrieved published document; not an archived contemporaneous download,
obs_828841211d23d1eb63ac9ac2,COLB,reported consolidated issuer,2026-03-31,CY2026Q1,2026-07-23,2026-07-24T12:00:00+00:00,2026-10-07T15:16:49.974248+00:00,src_4f22b2562f7211bdfae678f1,f8941ed9ca8a9a773bffdd5be1a6ec734a30e8418ae8f941dddea37a563813f3,https://s26.q4cdn.com/577104185/files/doc_earnings/2026/q2/earnings-result/COLB-2026-Q2-Earnings-Release.pdf,PDF page 9,cost_ib_deposits,2.04,percent,average interest bearing deposits,all,all,observed,,cost_ib_deposits.v1,,9491fe5e7f31717dc64759272319e51683bb808d+tree.f3c55c4a81547502,"{""basis"": ""reported"", ""entity"": ""COLB"", ""geography"": ""all"", ""measurement"": ""quarter_annualized"", ""netting"": ""reported"", ""occupancy"": ""all"", ""ownership"": ""consolidated"", ""period_end"": ""2026-03-31"", ""portfolio"": ""all""}",,human table review; numeric token presence check,2.04,1.0,[],7b6f39dcef4a70eba86736054c9f7ce2ca0fec4c8fa3decc6bc663ceb0730754,reconstructed from currently retrieved published document; not an archived contemporaneous download,
obs_09177ec6d0e738d2e17f447f,COLB,reported consolidated issuer,2025-12-31,CY2025Q4,2026-07-23,2026-07-24T12:00:00+00:00,2026-10-07T15:16:49.974248+00:00,src_4f22b2562f7211bdfae678f1,f8941ed9ca8a9a773bffdd5be1a6ec734a30e8418ae8f941dddea37a563813f3,https://s26.q4cdn.com/577104185/files/doc_earnings/2026/q2/earnings-result/COLB-2026-Q2-Earnings-Release.pdf,PDF page 9,cost_ib_deposits,2.08,percent,average interest bearing deposits,all,all,observed,,cost_ib_deposits.v1,,9491fe5e7f31717dc64759272319e51683bb808d+tree.f3c55c4a81547502,"{""basis"": ""reported"", ""entity"": ""COLB"", ""geography"": ""all"", ""measurement"": ""quarter_annualized"", ""netting"": ""reported"", ""occupancy"": ""all"", ""ownership"": ""consolidated"", ""period_end"": ""2025-12-31"", ""portfolio"": ""all""}",,human table review; numeric token presence check,2.08,1.0,[],7b6f39dcef4a70eba86736054c9f7ce2ca0fec4c8fa3decc6bc663ceb0730754,reconstructed from currently retrieved published document; not an archived contemporaneous download,
obs_4077ec8897b4df596dace9e1,COLB,reported consolidated issuer,2026-06-30,CY2026Q2,2026-07-23,2026-07-24T12:00:00+00:00,2026-10-07T15:16:49.974248+00:00,src_4f22b2562f7211bdfae678f1,f8941ed9ca8a9a773bffdd5be1a6ec734a30e8418ae8f941dddea37a563813f3,https://s26.q4cdn.com/577104185/files/doc_earnings/2026/q2/earnings-result/COLB-2026-Q2-Earnings-Release.pdf,PDF page 9,cost_total_deposits,1.32,percent,average total deposits,all,all,observed,,cost_total_deposits.v1,,9491fe5e7f31717dc64759272319e51683bb808d+tree.f3c55c4a81547502,"{""basis"": ""reported"", ""entity"": ""COLB"", ""geography"": ""all"", ""measurement"": ""quarter_annualized"", ""netting"": ""reported"", ""occupancy"": ""all"", ""ownership"": ""consolidated"", ""period_end"": ""2026-06-30"", ""portfolio"": ""all""}",,human table review; numeric token presence check,1.32,1.0,[],7b6f39dcef4a70eba86736054c9f7ce2ca0fec4c8fa3decc6bc663ceb0730754,reconstructed from currently retrieved published document; not an archived contemporaneous download,
obs_60ac46925bfac2bfecd16dfa,COLB,reported consolidated issuer,2026-03-31,CY2026Q1,2026-07-23,2026-07-24T12:00:00+00:00,2026-10-07T15:16:49.974248+00:00,src_4f22b2562f7211bdfae678f1,f8941ed9ca8a9a773bffdd5be1a6ec734a30e8418ae8f941dddea37a563813f3,https://s26.q4cdn.com/577104185/files/doc_earnings/2026/q2/earnings-result/COLB-2026-Q2-Earnings-Release.pdf,PDF page 9,cost_total_deposits,1.39,percent,average total deposits,all,all,observed,,cost_total_deposits.v1,,9491fe5e7f31717dc64759272319e51683bb808d+tree.f3c55c4a81547502,"{""basis"": ""reported"", ""entity"": ""COLB"", ""geography"": ""all"", ""measurement"": ""quarter_annualized"", ""netting"": ""reported"", ""occupancy"": ""all"", ""ownership"": ""consolidated"", ""period_end"": ""2026-03-31"", ""portfolio"": ""all""}",,human table review; numeric token presence check,1.39,1.0,[],7b6f39dcef4a70eba86736054c9f7ce2ca0fec4c8fa3decc6bc663ceb0730754,reconstructed from currently retrieved published document; not an archived contemporaneous download,
obs_c0655eaeb127f3aecfc9fadd,COLB,reported consolidated issuer,2025-12-31,CY2025Q4,2026-07-23,2026-07-24T12:00:00+00:00,2026-10-07T15:16:49.974248+00:00,src_4f22b2562f7211bdfae678f1,f8941ed9ca8a9a773bffdd5be1a6ec734a30e8418ae8f941dddea37a563813f3,https://s26.q4cdn.com/577104185/files/doc_earnings/2026/q2/earnings-result/COLB-2026-Q2-Earnings-Release.pdf,PDF page 9,cost_total_deposits,1.4,percent,average total deposits,all,all,observed,,cost_total_deposits.v1,,9491fe5e7f31717dc64759272319e51683bb808d+tree.f3c55c4a81547502,"{""basis"": ""reported"", ""entity"": ""COLB"", ""geography"": ""all"", ""measurement"": ""quarter_annualized"", ""netting"": ""reported"", ""occupancy"": ""all"", ""ownership"": ""consolidated"", ""period_end"": ""2025-12-31"", ""portfolio"": ""all""}",,human table review; numeric token presence check,1.4,1.0,[],7b6f39dcef4a70eba86736054c9f7ce2ca0fec4c8fa3decc6bc663ceb0730754,reconstructed from currently retrieved published document; not an archived contemporaneous download,
obs_9b21c6b176cb1610464abd2e,COLB,reported consolidated issuer,2026-06-30,CY2026Q2,2026-07-23,2026-07-24T12:00:00+00:00,2026-10-07T15:16:49.974248+00:00,src_4f22b2562f7211bdfae678f1,f8941ed9ca8a9a773bffdd5be1a6ec734a30e8418ae8f941dddea37a563813f3,https://s26.q4cdn.com/577104185/files/doc_earnings/2026/q2/earnings-result/COLB-2026-Q2-Earnings-Release.pdf,PDF page 9,loan_yield,5.77,percent,average loans and leases,all,all,observed,,loan_yield.v1,,9491fe5e7f31717dc64759272319e51683bb808d+tree.f3c55c4a81547502,"{""basis"": ""reported"", ""entity"": ""COLB"", ""geography"": ""all"", ""measurement"": ""quarter_annualized"", ""netting"": ""reported"", ""occupancy"": ""all"", ""ownership"": ""consolidated"", ""period_end"": ""2026-06-30"", ""portfolio"": ""all""}",,human table review; numeric token presence check,5.77,1.0,[],7b6f39dcef4a70eba86736054c9f7ce2ca0fec4c8fa3decc6bc663ceb0730754,reconstructed from currently retrieved published document; not an archived contemporaneous download,
obs_d9ba392ba6c1152707c986db,COLB,reported consolidated issuer,2026-03-31,CY2026Q1,2026-07-23,2026-07-24T12:00:00+00:00,2026-10-07T15:16:49.974248+00:00,src_4f22b2562f7211bdfae678f1,f8941ed9ca8a9a773bffdd5be1a6ec734a30e8418ae8f941dddea37a563813f3,https://s26.q4cdn.com/577104185/files/doc_earnings/2026/q2/earnings-result/COLB-2026-Q2-Earnings-Release.pdf,PDF page 9,loan_yield,5.78,percent,average loans and leases,all,all,observed,,loan_yield.v1,,9491fe5e7f31717dc64759272319e51683bb808d+tree.f3c55c4a81547502,"{""basis"": ""reported"", ""entity"": ""COLB"", ""geography"": ""all"", ""measurement"": ""quarter_annualized"", ""netting"": ""reported"", ""occupancy"": ""all"", ""ownership"": ""consolidated"", ""period_end"": ""2026-03-31"", ""portfolio"": ""all""}",,human table review; numeric token presence check,5.78,1.0,[],7b6f39dcef4a70eba86736054c9f7ce2ca0fec4c8fa3decc6bc663ceb0730754,reconstructed from currently retrieved published document; not an archived contemporaneous download,
obs_a3147a974d030c7ae23d93ae,COLB,reported consolidated issuer,2025-12-31,CY2025Q4,2026-07-23,2026-07-24T12:00:00+00:00,2026-10-07T15:16:49.974248+00:00,src_4f22b2562f7211bdfae678f1,f8941ed9ca8a9a773bffdd5be1a6ec734a30e8418ae8f941dddea37a563813f3,https://s26.q4cdn.com/577104185/files/doc_earnings/2026/q2/earnings-result/COLB-2026-Q2-Earnings-Release.pdf,PDF page 9,loan_yield,5.92,percent,average loans and leases,all,all,observed,,loan_yield.v1,,9491fe5e7f31717dc64759272319e51683bb808d+tree.f3c55c4a81547502,"{""basis"": ""reported"", ""entity"": ""COLB"", ""geography"": ""all"", ""measurement"": ""quarter_annualized"", ""netting"": ""reported"", ""occupancy"": ""all"", ""ownership"": ""consolidated"", ""period_end"": ""2025-12-31"", ""portfolio"": ""all""}",,human table review; numeric token presence check,5.92,1.0,[],7b6f39dcef4a70eba86736054c9f7ce2ca0fec4c8fa3decc6bc663ceb0730754,reconstructed from currently retrieved published document; not an archived contemporaneous download,
obs_7a929a1774b773e6658794bb,COLB,reported consolidated issuer,2026-06-30,CY2026Q2,2026-07-23,2026-07-24T12:00:00+00:00,2026-10-07T15:16:49.974248+00:00,src_4f22b2562f7211bdfae678f1,f8941ed9ca8a9a773bffdd5be1a6ec734a30e8418ae8f941dddea37a563813f3,https://s26.q4cdn.com/577104185/files/doc_earnings/2026/q2/earnings-result/COLB-2026-Q2-Earnings-Release.pdf,PDF page 6,nii,589.0,USD_million,not_applicable,all,all,observed,,nii.v1,,9491fe5e7f31717dc64759272319e51683bb808d+tree.f3c55c4a81547502,"{""basis"": ""reported"", ""entity"": ""COLB"", ""geography"": ""all"", ""measurement"": ""quarter_flow"", ""netting"": ""reported"", ""occupancy"": ""all"", ""ownership"": ""consolidated"", ""period_end"": ""2026-06-30"", ""portfolio"": ""all""}",,human table review; numeric token presence check,589.0,1.0,[],5f24b8a7e084cce2e302d48da4fce52324b69cff5869054a02e7f841df23acf8,reconstructed from currently retrieved published document; not an archived contemporaneous download,
obs_da2feae0f623fb7df726ac3e,COLB,reported consolidated issuer,2026-03-31,CY2026Q1,2026-07-23,2026-07-24T12:00:00+00:00,2026-10-07T15:16:49.974248+00:00,src_4f22b2562f7211bdfae678f1,f8941ed9ca8a9a773bffdd5be1a6ec734a30e8418ae8f941dddea37a563813f3,https://s26.q4cdn.com/577104185/files/doc_earnings/2026/q2/earnings-result/COLB-2026-Q2-Earnings-Release.pdf,PDF page 6,nii,594.0,USD_million,not_applicable,all,all,observed,,nii.v1,,9491fe5e7f31717dc64759272319e51683bb808d+tree.f3c55c4a81547502,"{""basis"": ""reported"", ""entity"": ""COLB"", ""geography"": ""all"", ""measurement"": ""quarter_flow"", ""netting"": ""reported"", ""occupancy"": ""all"", ""ownership"": ""consolidated"", ""period_end"": ""2026-03-31"", ""portfolio"": ""all""}",,human table review; numeric token presence check,594.0,1.0,[],5f24b8a7e084cce2e302d48da4fce52324b69cff5869054a02e7f841df23acf8,reconstructed from currently retrieved published document; not an archived contemporaneous download,
obs_71229b487d2f25d59c47ec1d,COLB,reported consolidated issuer,2025-12-31,CY2025Q4,2026-07-23,2026-07-24T12:00:00+00:00,2026-10-07T15:16:49.974248+00:00,src_4f22b2562f7211bdfae678f1,f8941ed9ca8a9a773bffdd5be1a6ec734a30e8418ae8f941dddea37a563813f3,https://s26.q4cdn.com/577104185/files/doc_earnings/2026/q2/earnings-result/COLB-2026-Q2-Earnings-Release.pdf,PDF page 6,nii,627.0,USD_million,not_applicable,all,all,observed,,nii.v1,,9491fe5e7f31717dc64759272319e51683bb808d+tree.f3c55c4a81547502,"{""basis"": ""reported"", ""entity"": ""COLB"", ""geography"": ""all"", ""measurement"": ""quarter_flow"", ""netting"": ""reported"", ""occupancy"": ""all"", ""ownership"": ""consolidated"", ""period_end"": ""2025-12-31"", ""portfolio"": ""all""}",,human table review; numeric token presence check,627.0,1.0,[],5f24b8a7e084cce2e302d48da4fce52324b69cff5869054a02e7f841df23acf8,reconstructed from currently retrieved published document; not an archived contemporaneous download,
obs_bd5716a6f6e16b94e320fb52,COLB,reported consolidated issuer,2026-06-30,CY2026Q2,2026-07-23,2026-07-24T12:00:00+00:00,2026-10-07T15:16:49.974248+00:00,src_4f22b2562f7211bdfae678f1,f8941ed9ca8a9a773bffdd5be1a6ec734a30e8418ae8f941dddea37a563813f3,https://s26.q4cdn.com/577104185/files/doc_earnings/2026/q2/earnings-result/COLB-2026-Q2-Earnings-Release.pdf,PDF page 6,noninterest_income,88.0,USD_million,not_applicable,all,all,observed,,noninterest_income.v1,,9491fe5e7f31717dc64759272319e51683bb808d+tree.f3c55c4a81547502,"{""basis"": ""reported"", ""entity"": ""COLB"", ""geography"": ""all"", ""measurement"": ""quarter_flow"", ""netting"": ""reported"", ""occupancy"": ""all"", ""ownership"": ""consolidated"", ""period_end"": ""2026-06-30"", ""portfolio"": ""all""}",,human table review; numeric token presence check,88.0,1.0,[],5f24b8a7e084cce2e302d48da4fce52324b69cff5869054a02e7f841df23acf8,reconstructed from currently retrieved published document; not an archived contemporaneous download,
obs_60fdb06c5ed922dd777c82e8,COLB,reported consolidated issuer,2026-03-31,CY2026Q1,2026-07-23,2026-07-24T12:00:00+00:00,2026-10-07T15:16:49.974248+00:00,src_4f22b2562f7211bdfae678f1,f8941ed9ca8a9a773bffdd5be1a6ec734a30e8418ae8f941dddea37a563813f3,https://s26.q4cdn.com/577104185/files/doc_earnings/2026/q2/earnings-result/COLB-2026-Q2-Earnings-Release.pdf,PDF page 6,noninterest_income,83.0,USD_million,not_applicable,all,all,observed,,noninterest_income.v1,,9491fe5e7f31717dc64759272319e51683bb808d+tree.f3c55c4a81547502,"{""basis"": ""reported"", ""entity"": ""COLB"", ""geography"": ""all"", ""measurement"": ""quarter_flow"", ""netting"": ""reported"", ""occupancy"": ""all"", ""ownership"": ""consolidated"", ""period_end"": ""2026-03-31"", ""portfolio"": ""all""}",,human table review; numeric token presence check,83.0,1.0,[],5f24b8a7e084cce2e302d48da4fce52324b69cff5869054a02e7f841df23acf8,reconstructed from currently retrieved published document; not an archived contemporaneous download,
obs_1767f21aa19ecbfb9d14b009,COLB,reported consolidated issuer,2025-12-31,CY2025Q4,2026-07-23,2026-07-24T12:00:00+00:00,2026-10-07T15:16:49.974248+00:00,src_4f22b2562f7211bdfae678f1,f8941ed9ca8a9a773bffdd5be1a6ec734a30e8418ae8f941dddea37a563813f3,https://s26.q4cdn.com/577104185/files/doc_earnings/2026/q2/earnings-result/COLB-2026-Q2-Earnings-Release.pdf,PDF page 6,noninterest_income,90.0,USD_million,not_applicable,all,all,observed,,noninterest_income.v1,,9491fe5e7f31717dc64759272319e51683bb808d+tree.f3c55c4a81547502,"{""basis"": ""reported"", ""entity"": ""COLB"", ""geography"": ""all"", ""measurement"": ""quarter_flow"", ""netting"": ""reported"", ""occupancy"": ""all"", ""ownership"": ""consolidated"", ""period_end"": ""2025-12-31"", ""portfolio"": ""all""}",,human table review; numeric token presence check,90.0,1.0,[],5f24b8a7e084cce2e302d48da4fce52324b69cff5869054a02e7f841df23acf8,reconstructed from currently retrieved published document; not an archived contemporaneous download,
obs_5fb4ca4c9164ad9ecf12da7f,COLB,reported consolidated issuer,2026-06-30,CY2026Q2,2026-07-23,2026-07-24T12:00:00+00:00,2026-10-07T15:16:49.974248+00:00,src_4f22b2562f7211bdfae678f1,f8941ed9ca8a9a773bffdd5be1a6ec734a30e8418ae8f941dddea37a563813f3,https://s26.q4cdn.com/577104185/files/doc_earnings/2026/q2/earnings-result/COLB-2026-Q2-Earnings-Release.pdf,PDF page 6,noninterest_expense,375.0,USD_million,not_applicable,all,all,observed,,noninterest_expense.v1,,9491fe5e7f31717dc64759272319e51683bb808d+tree.f3c55c4a81547502,"{""basis"": ""reported"", ""entity"": ""COLB"", ""geography"": ""all"", ""measurement"": ""quarter_flow"", ""netting"": ""reported"", ""occupancy"": ""all"", ""ownership"": ""consolidated"", ""period_end"": ""2026-06-30"", ""portfolio"": ""all""}",,human table review; numeric token presence check,375.0,1.0,[],5f24b8a7e084cce2e302d48da4fce52324b69cff5869054a02e7f841df23acf8,reconstructed from currently retrieved published document; not an archived contemporaneous download,
obs_c3478debea45859716a026a9,COLB,reported consolidated issuer,2026-03-31,CY2026Q1,2026-07-23,2026-07-24T12:00:00+00:00,2026-10-07T15:16:49.974248+00:00,src_4f22b2562f7211bdfae678f1,f8941ed9ca8a9a773bffdd5be1a6ec734a30e8418ae8f941dddea37a563813f3,https://s26.q4cdn.com/577104185/files/doc_earnings/2026/q2/earnings-result/COLB-2026-Q2-Earnings-Release.pdf,PDF page 6,noninterest_expense,394.0,USD_million,not_applicable,all,all,observed,,noninterest_expense.v1,,9491fe5e7f31717dc64759272319e51683bb808d+tree.f3c55c4a81547502,"{""basis"": ""reported"", ""entity"": ""COLB"", ""geography"": ""all"", ""measurement"": ""quarter_flow"", ""netting"": ""reported"", ""occupancy"": ""all"", ""ownership"": ""consolidated"", ""period_end"": ""2026-03-31"", ""portfolio"": ""all""}",,human table review; numeric token presence check,394.0,1.0,[],5f24b8a7e084cce2e302d48da4fce52324b69cff5869054a02e7f841df23acf8,reconstructed from currently retrieved published document; not an archived contemporaneous download,
obs_6bd5b2494716e43e351fbbe4,COLB,reported consolidated issuer,2025-12-31,CY2025Q4,2026-07-23,2026-07-24T12:00:00+00:00,2026-10-07T15:16:49.974248+00:00,src_4f22b2562f7211bdfae678f1,f8941ed9ca8a9a773bffdd5be1a6ec734a30e8418ae8f941dddea37a563813f3,https://s26.q4cdn.com/577104185/files/doc_earnings/2026/q2/earnings-result/COLB-2026-Q2-Earnings-Release.pdf,PDF page 6,noninterest_expense,412.0,USD_million,not_applicable,all,all,observed,,noninterest_expense.v1,,9491fe5e7f31717dc64759272319e51683bb808d+tree.f3c55c4a81547502,"{""basis"": ""reported"", ""entity"": ""COLB"", ""geography"": ""all"", ""measurement"": ""quarter_flow"", ""netting"": ""reported"", ""occupancy"": ""all"", ""ownership"": ""consolidated"", ""period_end"": ""2025-12-31"", ""portfolio"": ""all""}",,human table review; numeric token presence check,412.0,1.0,[],5f24b8a7e084cce2e302d48da4fce52324b69cff5869054a02e7f841df23acf8,reconstructed from currently retrieved published document; not an archived contemporaneous download,
obs_d647e5d2323471619179e203,COLB,reported consolidated issuer,2026-06-30,CY2026Q2,2026-07-23,2026-07-24T12:00:00+00:00,2026-10-07T15:16:49.974248+00:00,src_4f22b2562f7211bdfae678f1,f8941ed9ca8a9a773bffdd5be1a6ec734a30e8418ae8f941dddea37a563813f3,https://s26.q4cdn.com/577104185/files/doc_earnings/2026/q2/earnings-result/COLB-2026-Q2-Earnings-Release.pdf,PDF page 6,pretax_income,275.0,USD_million,not_applicable,all,all,observed,,pretax_income.v1,,9491fe5e7f31717dc64759272319e51683bb808d+tree.f3c55c4a81547502,"{""basis"": ""reported"", ""entity"": ""COLB"", ""geography"": ""all"", ""measurement"": ""quarter_flow"", ""netting"": ""reported"", ""occupancy"": ""all"", ""ownership"": ""consolidated"", ""period_end"": ""2026-06-30"", ""portfolio"": ""all""}",,human table review; numeric token presence check,275.0,1.0,[],5f24b8a7e084cce2e302d48da4fce52324b69cff5869054a02e7f841df23acf8,reconstructed from currently retrieved published document; not an archived contemporaneous download,
obs_daac53fadc06fdd9d7a326c8,COLB,reported consolidated issuer,2026-03-31,CY2026Q1,2026-07-23,2026-07-24T12:00:00+00:00,2026-10-07T15:16:49.974248+00:00,src_4f22b2562f7211bdfae678f1,f8941ed9ca8a9a773bffdd5be1a6ec734a30e8418ae8f941dddea37a563813f3,https://s26.q4cdn.com/577104185/files/doc_earnings/2026/q2/earnings-result/COLB-2026-Q2-Earnings-Release.pdf,PDF page 6,pretax_income,255.0,USD_million,not_applicable,all,all,observed,,pretax_income.v1,,9491fe5e7f31717dc64759272319e51683bb808d+tree.f3c55c4a81547502,"{""basis"": ""reported"", ""entity"": ""COLB"", ""geography"": ""all"", ""measurement"": ""quarter_flow"", ""netting"": ""reported"", ""occupancy"": ""all"", ""ownership"": ""consolidated"", ""period_end"": ""2026-03-31"", ""portfolio"": ""all""}",,human table review; numeric token presence check,255.0,1.0,[],5f24b8a7e084cce2e302d48da4fce52324b69cff5869054a02e7f841df23acf8,reconstructed from currently retrieved published document; not an archived contemporaneous download,
obs_1d06dd2322b971ceca06fa34,COLB,reported consolidated issuer,2025-12-31,CY2025Q4,2026-07-23,2026-07-24T12:00:00+00:00,2026-10-07T15:16:49.974248+00:00,src_4f22b2562f7211bdfae678f1,f8941ed9ca8a9a773bffdd5be1a6ec734a30e8418ae8f941dddea37a563813f3,https://s26.q4cdn.com/577104185/files/doc_earnings/2026/q2/earnings-result/COLB-2026-Q2-Earnings-Release.pdf,PDF page 6,pretax_income,282.0,USD_million,not_applicable,all,all,observed,,pretax_income.v1,,9491fe5e7f31717dc64759272319e51683bb808d+tree.f3c55c4a81547502,"{""basis"": ""reported"", ""entity"": ""COLB"", ""geography"": ""all"", ""measurement"": ""quarter_flow"", ""netting"": ""reported"", ""occupancy"": ""all"", ""ownership"": ""consolidated"", ""period_end"": ""2025-12-31"", ""portfolio"": ""all""}",,human table review; numeric token presence check,282.0,1.0,[],5f24b8a7e084cce2e302d48da4fce52324b69cff5869054a02e7f841df23acf8,reconstructed from currently retrieved published document; not an archived contemporaneous download,
obs_a5e35d5e1b25701a6daab2a8,COLB,reported consolidated issuer,2026-06-30,CY2026Q2,2026-07-23,2026-07-24T12:00:00+00:00,2026-10-07T15:16:49.974248+00:00,src_4f22b2562f7211bdfae678f1,f8941ed9ca8a9a773bffdd5be1a6ec734a30e8418ae8f941dddea37a563813f3,https://s26.q4cdn.com/577104185/files/doc_earnings/2026/q2/earnings-result/COLB-2026-Q2-Earnings-Release.pdf,PDF page 6,merger_expense,9.0,USD_million,not_applicable,all,all,observed,,merger_expense.v1,,9491fe5e7f31717dc64759272319e51683bb808d+tree.f3c55c4a81547502,"{""basis"": ""reported"", ""entity"": ""COLB"", ""geography"": ""all"", ""measurement"": ""quarter_flow"", ""netting"": ""reported"", ""occupancy"": ""all"", ""ownership"": ""consolidated"", ""period_end"": ""2026-06-30"", ""portfolio"": ""all""}",,human table review; numeric token presence check,9.0,1.0,[],5f24b8a7e084cce2e302d48da4fce52324b69cff5869054a02e7f841df23acf8,reconstructed from currently retrieved published document; not an archived contemporaneous download,
obs_fda3d3a68f486a01226d40e2,COLB,reported consolidated issuer,2026-03-31,CY2026Q1,2026-07-23,2026-07-24T12:00:00+00:00,2026-10-07T15:16:49.974248+00:00,src_4f22b2562f7211bdfae678f1,f8941ed9ca8a9a773bffdd5be1a6ec734a30e8418ae8f941dddea37a563813f3,https://s26.q4cdn.com/577104185/files/doc_earnings/2026/q2/earnings-result/COLB-2026-Q2-Earnings-Release.pdf,PDF page 6,merger_expense,24.0,USD_million,not_applicable,all,all,observed,,merger_expense.v1,,9491fe5e7f31717dc64759272319e51683bb808d+tree.f3c55c4a81547502,"{""basis"": ""reported"", ""entity"": ""COLB"", ""geography"": ""all"", ""measurement"": ""quarter_flow"", ""netting"": ""reported"", ""occupancy"": ""all"", ""ownership"": ""consolidated"", ""period_end"": ""2026-03-31"", ""portfolio"": ""all""}",,human table review; numeric token presence check,24.0,1.0,[],5f24b8a7e084cce2e302d48da4fce52324b69cff5869054a02e7f841df23acf8,reconstructed from currently retrieved published document; not an archived contemporaneous download,
obs_c3fbfa28d2c8285868927356,COLB,reported consolidated issuer,2025-12-31,CY2025Q4,2026-07-23,2026-07-24T12:00:00+00:00,2026-10-07T15:16:49.974248+00:00,src_4f22b2562f7211bdfae678f1,f8941ed9ca8a9a773bffdd5be1a6ec734a30e8418ae8f941dddea37a563813f3,https://s26.q4cdn.com/577104185/files/doc_earnings/2026/q2/earnings-result/COLB-2026-Q2-Earnings-Release.pdf,PDF page 6,merger_expense,39.0,USD_million,not_applicable,all,all,observed,,merger_expense.v1,,9491fe5e7f31717dc64759272319e51683bb808d+tree.f3c55c4a81547502,"{""basis"": ""reported"", ""entity"": ""COLB"", ""geography"": ""all"", ""measurement"": ""quarter_flow"", ""netting"": ""reported"", ""occupancy"": ""all"", ""ownership"": ""consolidated"", ""period_end"": ""2025-12-31"", ""portfolio"": ""all""}",,human table review; numeric token presence check,39.0,1.0,[],5f24b8a7e084cce2e302d48da4fce52324b69cff5869054a02e7f841df23acf8,reconstructed from currently retrieved published document; not an archived contemporaneous download,
obs_91674e16417c835716d1f5d9,COLB,reported consolidated issuer,2026-06-30,CY2026Q2,2026-07-23,2026-07-24T12:00:00+00:00,2026-10-07T15:16:52.327494+00:00,src_467aafec62d0e508954950c2,24c8527af2c5125e2dbf31eae9101925395c0d7e5589dcbf28188d3a8e158445,https://s26.q4cdn.com/577104185/files/doc_earnings/2026/q2/presentation/COLB-Q2-2026-Earnings-Presentation-FINAL.pdf,PDF page 27,brokered_deposits,978.0,USD_million,not_applicable,all,all,observed,,brokered_deposits.v1,,9491fe5e7f31717dc64759272319e51683bb808d+tree.f3c55c4a81547502,"{""basis"": ""reported"", ""entity"": ""COLB"", ""geography"": ""all"", ""measurement"": ""stock"", ""netting"": ""reported"", ""occupancy"": ""all"", ""ownership"": ""consolidated"", ""period_end"": ""2026-06-30"", ""portfolio"": ""all""}",,human table review; numeric token presence check,978.0,1.0,[],1650e87917aced1e09d7e4a863efd8c871142909e1bea3dac2411b85510424d4,reconstructed from currently retrieved published document; not an archived contemporaneous download,
obs_5be0a17142122df91ed2f8dd,COLB,reported consolidated issuer,2026-06-30,CY2026Q2,2026-07-23,2026-07-24T12:00:00+00:00,2026-10-07T15:16:52.327494+00:00,src_467aafec62d0e508954950c2,24c8527af2c5125e2dbf31eae9101925395c0d7e5589dcbf28188d3a8e158445,https://s26.q4cdn.com/577104185/files/doc_earnings/2026/q2/presentation/COLB-Q2-2026-Earnings-Presentation-FINAL.pdf,PDF page 27,uninsured_deposits,20600.0,USD_million,not_applicable,all,all,observed,,uninsured_deposits.v1,,9491fe5e7f31717dc64759272319e51683bb808d+tree.f3c55c4a81547502,"{""basis"": ""reported"", ""entity"": ""COLB"", ""geography"": ""all"", ""measurement"": ""stock"", ""netting"": ""reported"", ""occupancy"": ""all"", ""ownership"": ""consolidated"", ""period_end"": ""2026-06-30"", ""portfolio"": ""all""}",Rounded to 0.1 billion; not directly comparable to WAFD intersection.,human table review; numeric token presence check,20.6,1000.0,[],1650e87917aced1e09d7e4a863efd8c871142909e1bea3dac2411b85510424d4,reconstructed from currently retrieved published document; not an archived contemporaneous download,
obs_de27b4bf440246eeaf68946d,COLB,reported consolidated issuer,2026-06-30,CY2026Q2,2026-07-23,2026-07-24T12:00:00+00:00,2026-10-07T15:16:52.327494+00:00,src_467aafec62d0e508954950c2,24c8527af2c5125e2dbf31eae9101925395c0d7e5589dcbf28188d3a8e158445,https://s26.q4cdn.com/577104185/files/doc_earnings/2026/q2/presentation/COLB-Q2-2026-Earnings-Presentation-FINAL.pdf,PDF page 28,afs_duration,5.0,years,not_applicable,all,all,observed,,afs_duration.v1,,9491fe5e7f31717dc64759272319e51683bb808d+tree.f3c55c4a81547502,"{""basis"": ""reported"", ""entity"": ""COLB"", ""geography"": ""all"", ""measurement"": ""stock"", ""netting"": ""reported"", ""occupancy"": ""all"", ""ownership"": ""consolidated"", ""period_end"": ""2026-06-30"", ""portfolio"": ""all""}",,human table review; numeric token presence check,5.0,1.0,[],e5c52a107f5d325a77bea2df5378da9d86e1472bdacae4b068b10ced094906f6,reconstructed from currently retrieved published document; not an archived contemporaneous download,
obs_9071362c57624aff88cbaa1f,COLB,reported consolidated issuer,2026-03-31,CY2026Q1,2026-04-23,2026-04-24T12:00:00+00:00,2026-10-07T15:17:23.687057+00:00,src_c97292e966d6f66f2efdce99,8151f0c35bd1e099e16d03545f4bab9e4dcbdec6ee6cc5578cf8c4401c64f02b,https://s26.q4cdn.com/577104185/files/doc_earnings/2026/q1/presentation/COLB-Q1-2026-Earnings-Presentation-FINAL.pdf,PDF page 26,brokered_deposits,1595.0,USD_million,not_applicable,all,all,observed,,brokered_deposits.v1,,9491fe5e7f31717dc64759272319e51683bb808d+tree.f3c55c4a81547502,"{""basis"": ""reported"", ""entity"": ""COLB"", ""geography"": ""all"", ""measurement"": ""stock"", ""netting"": ""reported"", ""occupancy"": ""all"", ""ownership"": ""consolidated"", ""period_end"": ""2026-03-31"", ""portfolio"": ""all""}",,human table review; numeric token presence check,1595.0,1.0,[],4f4ad58f6ede56a705cc080faf5dd7805277d7aa603016812605209af44359e1,reconstructed from currently retrieved published document; not an archived contemporaneous download,
obs_2f164c6aa83fd62ff69e91a5,COLB,reported consolidated issuer,2026-03-31,CY2026Q1,2026-04-23,2026-04-24T12:00:00+00:00,2026-10-07T15:17:23.687057+00:00,src_c97292e966d6f66f2efdce99,8151f0c35bd1e099e16d03545f4bab9e4dcbdec6ee6cc5578cf8c4401c64f02b,https://s26.q4cdn.com/577104185/files/doc_earnings/2026/q1/presentation/COLB-Q1-2026-Earnings-Presentation-FINAL.pdf,PDF page 26,uninsured_deposits,20900.0,USD_million,not_applicable,all,all,observed,,uninsured_deposits.v1,,9491fe5e7f31717dc64759272319e51683bb808d+tree.f3c55c4a81547502,"{""basis"": ""reported"", ""entity"": ""COLB"", ""geography"": ""all"", ""measurement"": ""stock"", ""netting"": ""reported"", ""occupancy"": ""all"", ""ownership"": ""consolidated"", ""period_end"": ""2026-03-31"", ""portfolio"": ""all""}",Rounded to 0.1 billion; not directly comparable to WAFD intersection.,human table review; numeric token presence check,20.9,1000.0,[],4f4ad58f6ede56a705cc080faf5dd7805277d7aa603016812605209af44359e1,reconstructed from currently retrieved published document; not an archived contemporaneous download,
obs_4f5acba7bf95b7c67b3fcf13,COLB,reported consolidated issuer,2026-03-31,CY2026Q1,2026-04-23,2026-04-24T12:00:00+00:00,2026-10-07T15:17:23.687057+00:00,src_c97292e966d6f66f2efdce99,8151f0c35bd1e099e16d03545f4bab9e4dcbdec6ee6cc5578cf8c4401c64f02b,https://s26.q4cdn.com/577104185/files/doc_earnings/2026/q1/presentation/COLB-Q1-2026-Earnings-Presentation-FINAL.pdf,PDF page 27,afs_duration,5.1,years,not_applicable,all,all,observed,,afs_duration.v1,,9491fe5e7f31717dc64759272319e51683bb808d+tree.f3c55c4a81547502,"{""basis"": ""reported"", ""entity"": ""COLB"", ""geography"": ""all"", ""measurement"": ""stock"", ""netting"": ""reported"", ""occupancy"": ""all"", ""ownership"": ""consolidated"", ""period_end"": ""2026-03-31"", ""portfolio"": ""all""}",,human table review; numeric token presence check,5.1,1.0,[],499bdb2f966a38f824781968c137a858415dc81ac89b89a1530f483d7da66c4e,reconstructed from currently retrieved published document; not an archived contemporaneous download,
obs_d39bc6f9696bf63b8389f5c6,COLB,reported consolidated issuer,2025-12-31,CY2025Q4,2026-01-22,2026-01-23T12:00:00+00:00,2026-10-07T15:17:26.319082+00:00,src_e741b5ff7da1a7ceb9d664d2,8b813e9f9fa1488faab9b8fdd1f324010353e8bc9b903f01a38cc3ceff21ffc8,https://s26.q4cdn.com/577104185/files/doc_earnings/2025/q4/presentation/COLB-Q4-2025-Earnings-Presentation-FINAL.pdf,PDF page 25,brokered_deposits,2355.0,USD_million,not_applicable,all,all,observed,,brokered_deposits.v1,,9491fe5e7f31717dc64759272319e51683bb808d+tree.f3c55c4a81547502,"{""basis"": ""reported"", ""entity"": ""COLB"", ""geography"": ""all"", ""measurement"": ""stock"", ""netting"": ""reported"", ""occupancy"": ""all"", ""ownership"": ""consolidated"", ""period_end"": ""2025-12-31"", ""portfolio"": ""all""}",,human table review; numeric token presence check,2355.0,1.0,[],76519845e2799b752351a77f99f86a42061b97fe72e78150a1baf2bf80ca836d,reconstructed from currently retrieved published document; not an archived contemporaneous download,
obs_8bdd558432426ccd62f4449a,COLB,reported consolidated issuer,2025-12-31,CY2025Q4,2026-01-22,2026-01-23T12:00:00+00:00,2026-10-07T15:17:26.319082+00:00,src_e741b5ff7da1a7ceb9d664d2,8b813e9f9fa1488faab9b8fdd1f324010353e8bc9b903f01a38cc3ceff21ffc8,https://s26.q4cdn.com/577104185/files/doc_earnings/2025/q4/presentation/COLB-Q4-2025-Earnings-Presentation-FINAL.pdf,PDF page 25,uninsured_deposits,19800.0,USD_million,not_applicable,all,all,observed,,uninsured_deposits.v1,,9491fe5e7f31717dc64759272319e51683bb808d+tree.f3c55c4a81547502,"{""basis"": ""reported"", ""entity"": ""COLB"", ""geography"": ""all"", ""measurement"": ""stock"", ""netting"": ""reported"", ""occupancy"": ""all"", ""ownership"": ""consolidated"", ""period_end"": ""2025-12-31"", ""portfolio"": ""all""}",Rounded to 0.1 billion; not directly comparable to WAFD intersection.,human table review; numeric token presence check,19.8,1000.0,[],76519845e2799b752351a77f99f86a42061b97fe72e78150a1baf2bf80ca836d,reconstructed from currently retrieved published document; not an archived contemporaneous download,
obs_4f308461fd5f8bd11da64c6a,COLB,reported consolidated issuer,2025-12-31,CY2025Q4,2026-01-22,2026-01-23T12:00:00+00:00,2026-10-07T15:17:26.319082+00:00,src_e741b5ff7da1a7ceb9d664d2,8b813e9f9fa1488faab9b8fdd1f324010353e8bc9b903f01a38cc3ceff21ffc8,https://s26.q4cdn.com/577104185/files/doc_earnings/2025/q4/presentation/COLB-Q4-2025-Earnings-Presentation-FINAL.pdf,PDF page 11,afs_duration,5.2,years,not_applicable,all,all,observed,,afs_duration.v1,,9491fe5e7f31717dc64759272319e51683bb808d+tree.f3c55c4a81547502,"{""basis"": ""reported"", ""entity"": ""COLB"", ""geography"": ""all"", ""measurement"": ""stock"", ""netting"": ""reported"", ""occupancy"": ""all"", ""ownership"": ""consolidated"", ""period_end"": ""2025-12-31"", ""portfolio"": ""all""}",,human table review; numeric token presence check,5.2,1.0,[],5f7f5b867d5109c82c7278389016401a863babf79a44219ea63e185eda4d2547,reconstructed from currently retrieved published document; not an archived contemporaneous download,
obs_4bcc5681c0ae9ce4d024c47c,COLB,reported consolidated issuer,2026-06-30,CY2026Q2,2026-07-23,2026-07-24T12:00:00+00:00,2026-10-07T15:16:52.327494+00:00,src_467aafec62d0e508954950c2,24c8527af2c5125e2dbf31eae9101925395c0d7e5589dcbf28188d3a8e158445,https://s26.q4cdn.com/577104185/files/doc_earnings/2026/q2/presentation/COLB-Q2-2026-Earnings-Presentation-FINAL.pdf,PDF page 26,office_geography_pct,15.0,percent,deck office portfolio,office deck,Puget Sound,observed,,office_geography_pct.v1,,9491fe5e7f31717dc64759272319e51683bb808d+tree.f3c55c4a81547502,"{""basis"": ""excludes purchase accounting adjustments/deferred fees; reconciliation pending"", ""entity"": ""COLB"", ""geography"": ""Puget Sound"", ""measurement"": ""stock"", ""netting"": ""reported"", ""occupancy"": ""all"", ""ownership"": ""consolidated"", ""period_end"": ""2026-06-30"", ""portfolio"": ""office deck""}",,human visual chart review,15.0,1.0,[],1cf786f5ffa226e39d9c2f451efa7362939dd46d202fac2b4b7e9cb9439c9501,reconstructed from currently retrieved published document; not an archived contemporaneous download,
obs_e2847af01b225e07c6d575ff,COLB,reported consolidated issuer,2026-06-30,CY2026Q2,2026-07-23,2026-07-24T12:00:00+00:00,2026-10-07T15:16:52.327494+00:00,src_467aafec62d0e508954950c2,24c8527af2c5125e2dbf31eae9101925395c0d7e5589dcbf28188d3a8e158445,https://s26.q4cdn.com/577104185/files/doc_earnings/2026/q2/presentation/COLB-Q2-2026-Earnings-Presentation-FINAL.pdf,PDF page 26,office_geography_pct,4.0,percent,deck office portfolio,office deck,Bay Area,observed,,office_geography_pct.v1,,9491fe5e7f31717dc64759272319e51683bb808d+tree.f3c55c4a81547502,"{""basis"": ""excludes purchase accounting adjustments/deferred fees; reconciliation pending"", ""entity"": ""COLB"", ""geography"": ""Bay Area"", ""measurement"": ""stock"", ""netting"": ""reported"", ""occupancy"": ""all"", ""ownership"": ""consolidated"", ""period_end"": ""2026-06-30"", ""portfolio"": ""office deck""}",,human visual chart review,4.0,1.0,[],1cf786f5ffa226e39d9c2f451efa7362939dd46d202fac2b4b7e9cb9439c9501,reconstructed from currently retrieved published document; not an archived contemporaneous download,
obs_d886a5691e17f5b25485bfff,COLB,reported consolidated issuer,2026-06-30,CY2026Q2,2026-07-23,2026-07-24T12:00:00+00:00,2026-10-07T15:16:52.327494+00:00,src_467aafec62d0e508954950c2,24c8527af2c5125e2dbf31eae9101925395c0d7e5589dcbf28188d3a8e158445,https://s26.q4cdn.com/577104185/files/doc_earnings/2026/q2/presentation/COLB-Q2-2026-Earnings-Presentation-FINAL.pdf,PDF page 26,office_contractual_maturity_2027_pct,9.0,percent,deck office portfolio,office deck,all,observed,,office_contractual_maturity_2027_pct.v1,,9491fe5e7f31717dc64759272319e51683bb808d+tree.f3c55c4a81547502,"{""basis"": ""reported"", ""entity"": ""COLB"", ""geography"": ""all"", ""measurement"": ""stock"", ""netting"": ""reported"", ""occupancy"": ""all"", ""ownership"": ""consolidated"", ""period_end"": ""2026-06-30"", ""portfolio"": ""office deck""}",,human visual chart review,9.0,1.0,[],1cf786f5ffa226e39d9c2f451efa7362939dd46d202fac2b4b7e9cb9439c9501,reconstructed from currently retrieved published document; not an archived contemporaneous download,
obs_851c20a0cac5b2f9ae89beed,COLB,reported consolidated issuer,2026-06-30,CY2026Q2,2026-07-23,2026-07-24T12:00:00+00:00,2026-10-07T15:16:52.327494+00:00,src_467aafec62d0e508954950c2,24c8527af2c5125e2dbf31eae9101925395c0d7e5589dcbf28188d3a8e158445,https://s26.q4cdn.com/577104185/files/doc_earnings/2026/q2/presentation/COLB-Q2-2026-Earnings-Presentation-FINAL.pdf,PDF page 26,office_repricing_2027_pct,5.0,percent,deck office portfolio,office deck,all,observed,,office_repricing_2027_pct.v1,,9491fe5e7f31717dc64759272319e51683bb808d+tree.f3c55c4a81547502,"{""basis"": ""reported"", ""entity"": ""COLB"", ""geography"": ""all"", ""measurement"": ""stock"", ""netting"": ""reported"", ""occupancy"": ""all"", ""ownership"": ""consolidated"", ""period_end"": ""2026-06-30"", ""portfolio"": ""office deck""}",,human visual chart review,5.0,1.0,[],1cf786f5ffa226e39d9c2f451efa7362939dd46d202fac2b4b7e9cb9439c9501,reconstructed from currently retrieved published document; not an archived contemporaneous download,
obs_fbd43079a2ad3e988d426a6f,COLB,reported consolidated issuer,2026-06-30,CY2026Q2,2026-07-23,2026-07-24T12:00:00+00:00,2026-10-07T15:16:52.327494+00:00,src_467aafec62d0e508954950c2,24c8527af2c5125e2dbf31eae9101925395c0d7e5589dcbf28188d3a8e158445,https://s26.q4cdn.com/577104185/files/doc_earnings/2026/q2/presentation/COLB-Q2-2026-Earnings-Presentation-FINAL.pdf,PDF page 27,fhlb_line_utilized,4429.0,USD_million,not_applicable,all,all,observed,,fhlb_line_utilized.v1,,9491fe5e7f31717dc64759272319e51683bb808d+tree.f3c55c4a81547502,"{""basis"": ""reported"", ""entity"": ""COLB"", ""geography"": ""all"", ""measurement"": ""stock"", ""netting"": ""reported"", ""occupancy"": ""all"", ""ownership"": ""consolidated"", ""period_end"": ""2026-06-30"", ""portfolio"": ""all""}","Facility utilization, not a verified FHLB borrowing balance.",human table review; numeric token presence check,4429.0,1.0,[],1650e87917aced1e09d7e4a863efd8c871142909e1bea3dac2411b85510424d4,reconstructed from currently retrieved published document; not an archived contemporaneous download,
obs_bb7f8515750fee550e8faf5e,COLB,reported consolidated issuer,2026-06-30,CY2026Q2,2026-07-23,2026-07-24T12:00:00+00:00,2026-10-07T15:16:52.327494+00:00,src_467aafec62d0e508954950c2,24c8527af2c5125e2dbf31eae9101925395c0d7e5589dcbf28188d3a8e158445,https://s26.q4cdn.com/577104185/files/doc_earnings/2026/q2/presentation/COLB-Q2-2026-Earnings-Presentation-FINAL.pdf,PDF page 27,potential_liquidity,25648.0,USD_million,not_applicable,all,all,observed,,potential_liquidity.v1,,9491fe5e7f31717dc64759272319e51683bb808d+tree.f3c55c4a81547502,"{""basis"": ""reported"", ""entity"": ""COLB"", ""geography"": ""all"", ""measurement"": ""stock"", ""netting"": ""reported"", ""occupancy"": ""all"", ""ownership"": ""consolidated"", ""period_end"": ""2026-06-30"", ""portfolio"": ""all""}",Includes unused facilities and collateral; not cash.,human table review; numeric token presence check,25648.0,1.0,[],1650e87917aced1e09d7e4a863efd8c871142909e1bea3dac2411b85510424d4,reconstructed from currently retrieved published document; not an archived contemporaneous download,
obs_1566b554bddb4570ec2c166f,COLB,reported consolidated issuer,2026-06-30,CY2026Q2,2026-08-04,2026-08-05T12:00:00+00:00,,src_fed451f5f829c2b695229eee,7cb3b9e0243e9b005961a0ef6a6d5a82096c06b2df05baf547824e6492be3ad4,https://www.sec.gov/Archives/edgar/data/887343/000088734326000170/colb-20260630.htm,"10-Q CRE by property type, Office row / June 30 Outstanding",office_balance_10q,3559.0,USD_million,not_applicable,office 10-Q,all,observed,,office_balance_10q.v1,,9491fe5e7f31717dc64759272319e51683bb808d+tree.f3c55c4a81547502,"{""basis"": ""10-Q loan carrying basis"", ""entity"": ""COLB"", ""geography"": ""all"", ""measurement"": ""stock"", ""netting"": ""reported"", ""occupancy"": ""all"", ""ownership"": ""consolidated"", ""period_end"": ""2026-06-30"", ""portfolio"": ""office 10-Q""}",10-Q Outstanding column; $30m nonaccrual adjacent. Deck denominator not reconciled.,human HTML table review; exact row check,3559.0,1.0,[],e7b2a13ef9b2ab52c5a0335d6bf6bf7a1be90925e407f1e194f4dbadecd674e1,reconstructed from currently retrieved published document; not an archived contemporaneous download,"Office3,559 30 0.11 %3,619 15 0.05 %"
obs_2266113110e43294dd74ecab,WAFD,reported consolidated issuer,2026-06-30,FY2026Q3,2026-07-16,2026-07-17T12:00:00+00:00,2026-10-07T15:13:11.834647+00:00,src_3d1fb233d362d51f86e3167e,5d285d3fbdef414f833415aefc027932c3cde821d9d833d0b92b970f52c40cd5,https://www.wafdbank.com/documents/financial-news/2026/wafd-bank-press-release-20260716.pdf,PDF page 7,ppnr_gaap_basis,95.349,USD_million,not_applicable,all,all,derived,,ppnr_gaap_basis.v1,,9491fe5e7f31717dc64759272319e51683bb808d+tree.f3c55c4a81547502,"{""basis"": ""reported"", ""entity"": ""WAFD"", ""geography"": ""all"", ""measurement"": ""quarter_flow"", ""netting"": ""reported"", ""occupancy"": ""all"", ""ownership"": ""consolidated"", ""period_end"": ""2026-06-30"", ""portfolio"": ""all""}",Pretax income + total provision. Not issuer adjusted/operating PPNR.,human table review; numeric token presence check,,,"[""obs_af6d066985a6a229ddd2606b"", ""obs_da57f18eabef6a708e201158""]",607e00f754aa138562153842b54972f26294a708c4e7ca3001d7c586bc8707e2,reconstructed from currently retrieved published document; not an archived contemporaneous download,
obs_676b0678cd3642a8e18f0845,WAFD,reported consolidated issuer,2026-03-31,FY2026Q2,2026-07-16,2026-07-17T12:00:00+00:00,2026-10-07T15:13:11.834647+00:00,src_3d1fb233d362d51f86e3167e,5d285d3fbdef414f833415aefc027932c3cde821d9d833d0b92b970f52c40cd5,https://www.wafdbank.com/documents/financial-news/2026/wafd-bank-press-release-20260716.pdf,PDF page 7,ppnr_gaap_basis,87.806,USD_million,not_applicable,all,all,derived,,ppnr_gaap_basis.v1,,9491fe5e7f31717dc64759272319e51683bb808d+tree.f3c55c4a81547502,"{""basis"": ""reported"", ""entity"": ""WAFD"", ""geography"": ""all"", ""measurement"": ""quarter_flow"", ""netting"": ""reported"", ""occupancy"": ""all"", ""ownership"": ""consolidated"", ""period_end"": ""2026-03-31"", ""portfolio"": ""all""}",Pretax income + total provision. Not issuer adjusted/operating PPNR.,human table review; numeric token presence check,,,"[""obs_5a586a7983c65d3097cc0a19"", ""obs_ad43ef54e0b104b52aa1dbcd""]",607e00f754aa138562153842b54972f26294a708c4e7ca3001d7c586bc8707e2,reconstructed from currently retrieved published document; not an archived contemporaneous download,
obs_492a69405d9c860641a6758a,WAFD,reported consolidated issuer,2025-12-31,FY2026Q1,2026-07-16,2026-07-17T12:00:00+00:00,2026-10-07T15:13:11.834647+00:00,src_3d1fb233d362d51f86e3167e,5d285d3fbdef414f833415aefc027932c3cde821d9d833d0b92b970f52c40cd5,https://www.wafdbank.com/documents/financial-news/2026/wafd-bank-press-release-20260716.pdf,PDF page 7,ppnr_gaap_basis,85.801,USD_million,not_applicable,all,all,derived,,ppnr_gaap_basis.v1,,9491fe5e7f31717dc64759272319e51683bb808d+tree.f3c55c4a81547502,"{""basis"": ""reported"", ""entity"": ""WAFD"", ""geography"": ""all"", ""measurement"": ""quarter_flow"", ""netting"": ""reported"", ""occupancy"": ""all"", ""ownership"": ""consolidated"", ""period_end"": ""2025-12-31"", ""portfolio"": ""all""}",Pretax income + total provision. Not issuer adjusted/operating PPNR.,human table review; numeric token presence check,,,"[""obs_3787c8fdbf063f5c4073151d"", ""obs_58694daab1b13147d797a65d""]",607e00f754aa138562153842b54972f26294a708c4e7ca3001d7c586bc8707e2,reconstructed from currently retrieved published document; not an archived contemporaneous download,
obs_94047bcc6ecdedc208b9b637,COLB,reported consolidated issuer,2026-06-30,CY2026Q2,2026-07-23,2026-07-24T12:00:00+00:00,2026-10-07T15:16:49.974248+00:00,src_4f22b2562f7211bdfae678f1,f8941ed9ca8a9a773bffdd5be1a6ec734a30e8418ae8f941dddea37a563813f3,https://s26.q4cdn.com/577104185/files/doc_earnings/2026/q2/earnings-result/COLB-2026-Q2-Earnings-Release.pdf,PDF page 6,ppnr_gaap_basis,302.0,USD_million,not_applicable,all,all,derived,,ppnr_gaap_basis.v1,,9491fe5e7f31717dc64759272319e51683bb808d+tree.f3c55c4a81547502,"{""basis"": ""reported"", ""entity"": ""COLB"", ""geography"": ""all"", ""measurement"": ""quarter_flow"", ""netting"": ""reported"", ""occupancy"": ""all"", ""ownership"": ""consolidated"", ""period_end"": ""2026-06-30"", ""portfolio"": ""all""}",Pretax income + total provision. Not issuer adjusted/operating PPNR.,human table review; numeric token presence check,,,"[""obs_d647e5d2323471619179e203"", ""obs_fb29fd5b328145363ea3e6d5""]",5f24b8a7e084cce2e302d48da4fce52324b69cff5869054a02e7f841df23acf8,reconstructed from currently retrieved published document; not an archived contemporaneous download,
obs_e37df01b75e9906b3c256c01,COLB,reported consolidated issuer,2026-06-30,CY2026Q2,2026-07-23,2026-07-24T12:00:00+00:00,2026-10-07T15:16:49.974248+00:00,src_4f22b2562f7211bdfae678f1,f8941ed9ca8a9a773bffdd5be1a6ec734a30e8418ae8f941dddea37a563813f3,https://s26.q4cdn.com/577104185/files/doc_earnings/2026/q2/earnings-result/COLB-2026-Q2-Earnings-Release.pdf,PDF page 8,cash,1769.0,USD_million,not_applicable,all,all,derived,,cash.v1,,9491fe5e7f31717dc64759272319e51683bb808d+tree.f3c55c4a81547502,"{""basis"": ""reported"", ""entity"": ""COLB"", ""geography"": ""all"", ""measurement"": ""stock"", ""netting"": ""reported"", ""occupancy"": ""all"", ""ownership"": ""consolidated"", ""period_end"": ""2026-06-30"", ""portfolio"": ""all""}",Cash/due from banks + interest-bearing cash/temporary investments. Not liquidity facilities.,human table review; numeric token presence check,,,"[""obs_703ef68547a05e05eba7c92a"", ""obs_aeefe50d24a3f736b3719083""]",6e1d06aa85a1ab3dd7fa449c77df22db3a3d36d1d65ecfa2f11f255c69fe844d,reconstructed from currently retrieved published document; not an archived contemporaneous download,
obs_b88b34ebd5b7a6076c4fe292,COLB,reported consolidated issuer,2026-03-31,CY2026Q1,2026-07-23,2026-07-24T12:00:00+00:00,2026-10-07T15:16:49.974248+00:00,src_4f22b2562f7211bdfae678f1,f8941ed9ca8a9a773bffdd5be1a6ec734a30e8418ae8f941dddea37a563813f3,https://s26.q4cdn.com/577104185/files/doc_earnings/2026/q2/earnings-result/COLB-2026-Q2-Earnings-Release.pdf,PDF page 6,ppnr_gaap_basis,283.0,USD_million,not_applicable,all,all,derived,,ppnr_gaap_basis.v1,,9491fe5e7f31717dc64759272319e51683bb808d+tree.f3c55c4a81547502,"{""basis"": ""reported"", ""entity"": ""COLB"", ""geography"": ""all"", ""measurement"": ""quarter_flow"", ""netting"": ""reported"", ""occupancy"": ""all"", ""ownership"": ""consolidated"", ""period_end"": ""2026-03-31"", ""portfolio"": ""all""}",Pretax income + total provision. Not issuer adjusted/operating PPNR.,human table review; numeric token presence check,,,"[""obs_daac53fadc06fdd9d7a326c8"", ""obs_9b78ce34835b3294a4547542""]",5f24b8a7e084cce2e302d48da4fce52324b69cff5869054a02e7f841df23acf8,reconstructed from currently retrieved published document; not an archived contemporaneous download,
obs_e7ffb33c217b0380da209677,COLB,reported consolidated issuer,2026-03-31,CY2026Q1,2026-07-23,2026-07-24T12:00:00+00:00,2026-10-07T15:16:49.974248+00:00,src_4f22b2562f7211bdfae678f1,f8941ed9ca8a9a773bffdd5be1a6ec734a30e8418ae8f941dddea37a563813f3,https://s26.q4cdn.com/577104185/files/doc_earnings/2026/q2/earnings-result/COLB-2026-Q2-Earnings-Release.pdf,PDF page 8,cash,2099.0,USD_million,not_applicable,all,all,derived,,cash.v1,,9491fe5e7f31717dc64759272319e51683bb808d+tree.f3c55c4a81547502,"{""basis"": ""reported"", ""entity"": ""COLB"", ""geography"": ""all"", ""measurement"": ""stock"", ""netting"": ""reported"", ""occupancy"": ""all"", ""ownership"": ""consolidated"", ""period_end"": ""2026-03-31"", ""portfolio"": ""all""}",Cash/due from banks + interest-bearing cash/temporary investments. Not liquidity facilities.,human table review; numeric token presence check,,,"[""obs_dec5f15e7197d00b373e34d1"", ""obs_426d9a9ce128fd922742e998""]",6e1d06aa85a1ab3dd7fa449c77df22db3a3d36d1d65ecfa2f11f255c69fe844d,reconstructed from currently retrieved published document; not an archived contemporaneous download,
obs_1931c779a4468e4e1fe5d6ee,COLB,reported consolidated issuer,2025-12-31,CY2025Q4,2026-07-23,2026-07-24T12:00:00+00:00,2026-10-07T15:16:49.974248+00:00,src_4f22b2562f7211bdfae678f1,f8941ed9ca8a9a773bffdd5be1a6ec734a30e8418ae8f941dddea37a563813f3,https://s26.q4cdn.com/577104185/files/doc_earnings/2026/q2/earnings-result/COLB-2026-Q2-Earnings-Release.pdf,PDF page 6,ppnr_gaap_basis,305.0,USD_million,not_applicable,all,all,derived,,ppnr_gaap_basis.v1,,9491fe5e7f31717dc64759272319e51683bb808d+tree.f3c55c4a81547502,"{""basis"": ""reported"", ""entity"": ""COLB"", ""geography"": ""all"", ""measurement"": ""quarter_flow"", ""netting"": ""reported"", ""occupancy"": ""all"", ""ownership"": ""consolidated"", ""period_end"": ""2025-12-31"", ""portfolio"": ""all""}",Pretax income + total provision. Not issuer adjusted/operating PPNR.,human table review; numeric token presence check,,,"[""obs_1d06dd2322b971ceca06fa34"", ""obs_0424bcd96ece8695ccf1d7e7""]",5f24b8a7e084cce2e302d48da4fce52324b69cff5869054a02e7f841df23acf8,reconstructed from currently retrieved published document; not an archived contemporaneous download,
obs_9cb45c8aac21715aa76e2bd5,COLB,reported consolidated issuer,2025-12-31,CY2025Q4,2026-07-23,2026-07-24T12:00:00+00:00,2026-10-07T15:16:49.974248+00:00,src_4f22b2562f7211bdfae678f1,f8941ed9ca8a9a773bffdd5be1a6ec734a30e8418ae8f941dddea37a563813f3,https://s26.q4cdn.com/577104185/files/doc_earnings/2026/q2/earnings-result/COLB-2026-Q2-Earnings-Release.pdf,PDF page 8,cash,2380.0,USD_million,not_applicable,all,all,derived,,cash.v1,,9491fe5e7f31717dc64759272319e51683bb808d+tree.f3c55c4a81547502,"{""basis"": ""reported"", ""entity"": ""COLB"", ""geography"": ""all"", ""measurement"": ""stock"", ""netting"": ""reported"", ""occupancy"": ""all"", ""ownership"": ""consolidated"", ""period_end"": ""2025-12-31"", ""portfolio"": ""all""}",Cash/due from banks + interest-bearing cash/temporary investments. Not liquidity facilities.,human table review; numeric token presence check,,,"[""obs_2a0ce25748cb17296ef16615"", ""obs_a61d1e704cb95231c35341e8""]",6e1d06aa85a1ab3dd7fa449c77df22db3a3d36d1d65ecfa2f11f255c69fe844d,reconstructed from currently retrieved published document; not an archived contemporaneous download,
