baseline_cap_rate,noi_change,cap_change_bps,refinance_rate,maximum_ltv,minimum_dscr,amortization_years,noi0,noi_stressed,collateral_value,ltv_capacity,dscr_capacity,max_new_principal,equity_gap,binding_constraint,price_change_pct,max_noi_decline_without_gap_pct,status,unit,scope_match,assumption_set_id,metric_definition_version,transform_code_version,input_observation_ids
0.055,0.0,0,0.06,0.6,1.25,25,9.649122807017545,9.649122807017545,175.43859649122808,105.26315789473685,99.84067275315901,99.84067275315901,0.15932724684098787,DSCR,0.0,-0.15958150365724677,scenario,USD_per_100_existing_principal,incompatible,colb-office-normalized-refi@1,refi-gap@1,aef4a56a6829d5420685a4d498058e83ccc08e12+tree.4e67479291c8900b,core_91b5066f446edff27455cc21;core_9681538c828f8a010da4bb82
0.055,0.0,0,0.06,0.6,1.25,0,9.649122807017545,9.649122807017545,175.43859649122808,105.26315789473685,128.65497076023394,105.26315789473685,0.0,LTV,0.0,5.000000000000016,scenario,USD_per_100_existing_principal,incompatible,colb-office-normalized-refi@1,refi-gap@1,aef4a56a6829d5420685a4d498058e83ccc08e12+tree.4e67479291c8900b,core_91b5066f446edff27455cc21;core_9681538c828f8a010da4bb82
0.055,0.0,0,0.06,0.65,1.25,25,9.649122807017545,9.649122807017545,175.43859649122808,114.03508771929826,99.84067275315901,99.84067275315901,0.15932724684098787,DSCR,0.0,-0.15958150365724677,scenario,USD_per_100_existing_principal,incompatible,colb-office-normalized-refi@1,refi-gap@1,aef4a56a6829d5420685a4d498058e83ccc08e12+tree.4e67479291c8900b,core_91b5066f446edff27455cc21;core_9681538c828f8a010da4bb82
0.055,0.0,0,0.06,0.65,1.25,0,9.649122807017545,9.649122807017545,175.43859649122808,114.03508771929826,128.65497076023394,114.03508771929826,0.0,LTV,0.0,12.307692307692331,scenario,USD_per_100_existing_principal,incompatible,colb-office-normalized-refi@1,refi-gap@1,aef4a56a6829d5420685a4d498058e83ccc08e12+tree.4e67479291c8900b,core_91b5066f446edff27455cc21;core_9681538c828f8a010da4bb82
0.055,0.0,0,0.07,0.6,1.25,25,9.649122807017545,9.649122807017545,175.43859649122808,105.26315789473685,91.01496709032253,91.01496709032253,8.985032909677471,DSCR,0.0,-9.872038849127751,scenario,USD_per_100_existing_principal,incompatible,colb-office-normalized-refi@1,refi-gap@1,aef4a56a6829d5420685a4d498058e83ccc08e12+tree.4e67479291c8900b,core_91b5066f446edff27455cc21;core_9681538c828f8a010da4bb82
0.055,0.0,0,0.07,0.6,1.25,0,9.649122807017545,9.649122807017545,175.43859649122808,105.26315789473685,110.27568922305764,105.26315789473685,0.0,LTV,0.0,5.000000000000016,scenario,USD_per_100_existing_principal,incompatible,colb-office-normalized-refi@1,refi-gap@1,aef4a56a6829d5420685a4d498058e83ccc08e12+tree.4e67479291c8900b,core_91b5066f446edff27455cc21;core_9681538c828f8a010da4bb82
0.055,0.0,0,0.07,0.65,1.25,25,9.649122807017545,9.649122807017545,175.43859649122808,114.03508771929826,91.01496709032253,91.01496709032253,8.985032909677471,DSCR,0.0,-9.872038849127751,scenario,USD_per_100_existing_principal,incompatible,colb-office-normalized-refi@1,refi-gap@1,aef4a56a6829d5420685a4d498058e83ccc08e12+tree.4e67479291c8900b,core_91b5066f446edff27455cc21;core_9681538c828f8a010da4bb82
0.055,0.0,0,0.07,0.65,1.25,0,9.649122807017545,9.649122807017545,175.43859649122808,114.03508771929826,110.27568922305764,110.27568922305764,0.0,DSCR,0.0,9.318181818181825,scenario,USD_per_100_existing_principal,incompatible,colb-office-normalized-refi@1,refi-gap@1,aef4a56a6829d5420685a4d498058e83ccc08e12+tree.4e67479291c8900b,core_91b5066f446edff27455cc21;core_9681538c828f8a010da4bb82
0.055,0.0,0,0.08,0.6,1.25,25,9.649122807017545,9.649122807017545,175.43859649122808,105.26315789473685,83.34559933499997,83.34559933499997,16.654400665000026,DSCR,0.0,-19.98233955707629,scenario,USD_per_100_existing_principal,incompatible,colb-office-normalized-refi@1,refi-gap@1,aef4a56a6829d5420685a4d498058e83ccc08e12+tree.4e67479291c8900b,core_91b5066f446edff27455cc21;core_9681538c828f8a010da4bb82
0.055,0.0,0,0.08,0.6,1.25,0,9.649122807017545,9.649122807017545,175.43859649122808,105.26315789473685,96.49122807017544,96.49122807017544,3.5087719298245617,DSCR,0.0,-3.6363636363636376,scenario,USD_per_100_existing_principal,incompatible,colb-office-normalized-refi@1,refi-gap@1,aef4a56a6829d5420685a4d498058e83ccc08e12+tree.4e67479291c8900b,core_91b5066f446edff27455cc21;core_9681538c828f8a010da4bb82
0.055,0.0,0,0.08,0.65,1.25,25,9.649122807017545,9.649122807017545,175.43859649122808,114.03508771929826,83.34559933499997,83.34559933499997,16.654400665000026,DSCR,0.0,-19.98233955707629,scenario,USD_per_100_existing_principal,incompatible,colb-office-normalized-refi@1,refi-gap@1,aef4a56a6829d5420685a4d498058e83ccc08e12+tree.4e67479291c8900b,core_91b5066f446edff27455cc21;core_9681538c828f8a010da4bb82
0.055,0.0,0,0.08,0.65,1.25,0,9.649122807017545,9.649122807017545,175.43859649122808,114.03508771929826,96.49122807017544,96.49122807017544,3.5087719298245617,DSCR,0.0,-3.6363636363636376,scenario,USD_per_100_existing_principal,incompatible,colb-office-normalized-refi@1,refi-gap@1,aef4a56a6829d5420685a4d498058e83ccc08e12+tree.4e67479291c8900b,core_91b5066f446edff27455cc21;core_9681538c828f8a010da4bb82
0.055,0.0,0,0.09,0.6,1.25,25,9.649122807017545,9.649122807017545,175.43859649122808,105.26315789473685,76.65367507253367,76.65367507253367,23.346324927466327,DSCR,0.0,-30.456889255961727,scenario,USD_per_100_existing_principal,incompatible,colb-office-normalized-refi@1,refi-gap@1,aef4a56a6829d5420685a4d498058e83ccc08e12+tree.4e67479291c8900b,core_91b5066f446edff27455cc21;core_9681538c828f8a010da4bb82
0.055,0.0,0,0.09,0.6,1.25,0,9.649122807017545,9.649122807017545,175.43859649122808,105.26315789473685,85.76998050682262,85.76998050682262,14.23001949317738,DSCR,0.0,-16.59090909090908,scenario,USD_per_100_existing_principal,incompatible,colb-office-normalized-refi@1,refi-gap@1,aef4a56a6829d5420685a4d498058e83ccc08e12+tree.4e67479291c8900b,core_91b5066f446edff27455cc21;core_9681538c828f8a010da4bb82
0.055,0.0,0,0.09,0.65,1.25,25,9.649122807017545,9.649122807017545,175.43859649122808,114.03508771929826,76.65367507253367,76.65367507253367,23.346324927466327,DSCR,0.0,-30.456889255961727,scenario,USD_per_100_existing_principal,incompatible,colb-office-normalized-refi@1,refi-gap@1,aef4a56a6829d5420685a4d498058e83ccc08e12+tree.4e67479291c8900b,core_91b5066f446edff27455cc21;core_9681538c828f8a010da4bb82
0.055,0.0,0,0.09,0.65,1.25,0,9.649122807017545,9.649122807017545,175.43859649122808,114.03508771929826,85.76998050682262,85.76998050682262,14.23001949317738,DSCR,0.0,-16.59090909090908,scenario,USD_per_100_existing_principal,incompatible,colb-office-normalized-refi@1,refi-gap@1,aef4a56a6829d5420685a4d498058e83ccc08e12+tree.4e67479291c8900b,core_91b5066f446edff27455cc21;core_9681538c828f8a010da4bb82
0.055,0.0,100,0.06,0.6,1.25,25,9.649122807017545,9.649122807017545,148.4480431848853,89.06882591093118,99.84067275315901,89.06882591093118,10.931174089068818,LTV,-15.384615384615385,-12.272727272727257,scenario,USD_per_100_existing_principal,incompatible,colb-office-normalized-refi@1,refi-gap@1,aef4a56a6829d5420685a4d498058e83ccc08e12+tree.4e67479291c8900b,core_91b5066f446edff27455cc21;core_9681538c828f8a010da4bb82
0.055,0.0,100,0.06,0.6,1.25,0,9.649122807017545,9.649122807017545,148.4480431848853,89.06882591093118,128.65497076023394,89.06882591093118,10.931174089068818,LTV,-15.384615384615385,-12.272727272727257,scenario,USD_per_100_existing_principal,incompatible,colb-office-normalized-refi@1,refi-gap@1,aef4a56a6829d5420685a4d498058e83ccc08e12+tree.4e67479291c8900b,core_91b5066f446edff27455cc21;core_9681538c828f8a010da4bb82
0.055,0.0,100,0.06,0.65,1.25,25,9.649122807017545,9.649122807017545,148.4480431848853,96.49122807017545,99.84067275315901,96.49122807017545,3.5087719298245474,LTV,-15.384615384615385,-3.6363636363636154,scenario,USD_per_100_existing_principal,incompatible,colb-office-normalized-refi@1,refi-gap@1,aef4a56a6829d5420685a4d498058e83ccc08e12+tree.4e67479291c8900b,core_91b5066f446edff27455cc21;core_9681538c828f8a010da4bb82
0.055,0.0,100,0.06,0.65,1.25,0,9.649122807017545,9.649122807017545,148.4480431848853,96.49122807017545,128.65497076023394,96.49122807017545,3.5087719298245474,LTV,-15.384615384615385,-3.6363636363636154,scenario,USD_per_100_existing_principal,incompatible,colb-office-normalized-refi@1,refi-gap@1,aef4a56a6829d5420685a4d498058e83ccc08e12+tree.4e67479291c8900b,core_91b5066f446edff27455cc21;core_9681538c828f8a010da4bb82
0.055,0.0,100,0.07,0.6,1.25,25,9.649122807017545,9.649122807017545,148.4480431848853,89.06882591093118,91.01496709032253,89.06882591093118,10.931174089068818,LTV,-15.384615384615385,-12.272727272727257,scenario,USD_per_100_existing_principal,incompatible,colb-office-normalized-refi@1,refi-gap@1,aef4a56a6829d5420685a4d498058e83ccc08e12+tree.4e67479291c8900b,core_91b5066f446edff27455cc21;core_9681538c828f8a010da4bb82
0.055,0.0,100,0.07,0.6,1.25,0,9.649122807017545,9.649122807017545,148.4480431848853,89.06882591093118,110.27568922305764,89.06882591093118,10.931174089068818,LTV,-15.384615384615385,-12.272727272727257,scenario,USD_per_100_existing_principal,incompatible,colb-office-normalized-refi@1,refi-gap@1,aef4a56a6829d5420685a4d498058e83ccc08e12+tree.4e67479291c8900b,core_91b5066f446edff27455cc21;core_9681538c828f8a010da4bb82
0.055,0.0,100,0.07,0.65,1.25,25,9.649122807017545,9.649122807017545,148.4480431848853,96.49122807017545,91.01496709032253,91.01496709032253,8.985032909677471,DSCR,-15.384615384615385,-9.872038849127751,scenario,USD_per_100_existing_principal,incompatible,colb-office-normalized-refi@1,refi-gap@1,aef4a56a6829d5420685a4d498058e83ccc08e12+tree.4e67479291c8900b,core_91b5066f446edff27455cc21;core_9681538c828f8a010da4bb82
0.055,0.0,100,0.07,0.65,1.25,0,9.649122807017545,9.649122807017545,148.4480431848853,96.49122807017545,110.27568922305764,96.49122807017545,3.5087719298245474,LTV,-15.384615384615385,-3.6363636363636154,scenario,USD_per_100_existing_principal,incompatible,colb-office-normalized-refi@1,refi-gap@1,aef4a56a6829d5420685a4d498058e83ccc08e12+tree.4e67479291c8900b,core_91b5066f446edff27455cc21;core_9681538c828f8a010da4bb82
0.055,0.0,100,0.08,0.6,1.25,25,9.649122807017545,9.649122807017545,148.4480431848853,89.06882591093118,83.34559933499997,83.34559933499997,16.654400665000026,DSCR,-15.384615384615385,-19.98233955707629,scenario,USD_per_100_existing_principal,incompatible,colb-office-normalized-refi@1,refi-gap@1,aef4a56a6829d5420685a4d498058e83ccc08e12+tree.4e67479291c8900b,core_91b5066f446edff27455cc21;core_9681538c828f8a010da4bb82
0.055,0.0,100,0.08,0.6,1.25,0,9.649122807017545,9.649122807017545,148.4480431848853,89.06882591093118,96.49122807017544,89.06882591093118,10.931174089068818,LTV,-15.384615384615385,-12.272727272727257,scenario,USD_per_100_existing_principal,incompatible,colb-office-normalized-refi@1,refi-gap@1,aef4a56a6829d5420685a4d498058e83ccc08e12+tree.4e67479291c8900b,core_91b5066f446edff27455cc21;core_9681538c828f8a010da4bb82
0.055,0.0,100,0.08,0.65,1.25,25,9.649122807017545,9.649122807017545,148.4480431848853,96.49122807017545,83.34559933499997,83.34559933499997,16.654400665000026,DSCR,-15.384615384615385,-19.98233955707629,scenario,USD_per_100_existing_principal,incompatible,colb-office-normalized-refi@1,refi-gap@1,aef4a56a6829d5420685a4d498058e83ccc08e12+tree.4e67479291c8900b,core_91b5066f446edff27455cc21;core_9681538c828f8a010da4bb82
0.055,0.0,100,0.08,0.65,1.25,0,9.649122807017545,9.649122807017545,148.4480431848853,96.49122807017545,96.49122807017544,96.49122807017544,3.5087719298245617,DSCR,-15.384615384615385,-3.6363636363636376,scenario,USD_per_100_existing_principal,incompatible,colb-office-normalized-refi@1,refi-gap@1,aef4a56a6829d5420685a4d498058e83ccc08e12+tree.4e67479291c8900b,core_91b5066f446edff27455cc21;core_9681538c828f8a010da4bb82
0.055,0.0,100,0.09,0.6,1.25,25,9.649122807017545,9.649122807017545,148.4480431848853,89.06882591093118,76.65367507253367,76.65367507253367,23.346324927466327,DSCR,-15.384615384615385,-30.456889255961727,scenario,USD_per_100_existing_principal,incompatible,colb-office-normalized-refi@1,refi-gap@1,aef4a56a6829d5420685a4d498058e83ccc08e12+tree.4e67479291c8900b,core_91b5066f446edff27455cc21;core_9681538c828f8a010da4bb82
0.055,0.0,100,0.09,0.6,1.25,0,9.649122807017545,9.649122807017545,148.4480431848853,89.06882591093118,85.76998050682262,85.76998050682262,14.23001949317738,DSCR,-15.384615384615385,-16.59090909090908,scenario,USD_per_100_existing_principal,incompatible,colb-office-normalized-refi@1,refi-gap@1,aef4a56a6829d5420685a4d498058e83ccc08e12+tree.4e67479291c8900b,core_91b5066f446edff27455cc21;core_9681538c828f8a010da4bb82
0.055,0.0,100,0.09,0.65,1.25,25,9.649122807017545,9.649122807017545,148.4480431848853,96.49122807017545,76.65367507253367,76.65367507253367,23.346324927466327,DSCR,-15.384615384615385,-30.456889255961727,scenario,USD_per_100_existing_principal,incompatible,colb-office-normalized-refi@1,refi-gap@1,aef4a56a6829d5420685a4d498058e83ccc08e12+tree.4e67479291c8900b,core_91b5066f446edff27455cc21;core_9681538c828f8a010da4bb82
0.055,0.0,100,0.09,0.65,1.25,0,9.649122807017545,9.649122807017545,148.4480431848853,96.49122807017545,85.76998050682262,85.76998050682262,14.23001949317738,DSCR,-15.384615384615385,-16.59090909090908,scenario,USD_per_100_existing_principal,incompatible,colb-office-normalized-refi@1,refi-gap@1,aef4a56a6829d5420685a4d498058e83ccc08e12+tree.4e67479291c8900b,core_91b5066f446edff27455cc21;core_9681538c828f8a010da4bb82
0.055,0.0,200,0.06,0.6,1.25,25,9.649122807017545,9.649122807017545,128.65497076023394,77.19298245614036,99.84067275315901,77.19298245614036,22.807017543859644,LTV,-26.66666666666666,-29.54545454545452,scenario,USD_per_100_existing_principal,incompatible,colb-office-normalized-refi@1,refi-gap@1,aef4a56a6829d5420685a4d498058e83ccc08e12+tree.4e67479291c8900b,core_91b5066f446edff27455cc21;core_9681538c828f8a010da4bb82
0.055,0.0,200,0.06,0.6,1.25,0,9.649122807017545,9.649122807017545,128.65497076023394,77.19298245614036,128.65497076023394,77.19298245614036,22.807017543859644,LTV,-26.66666666666666,-29.54545454545452,scenario,USD_per_100_existing_principal,incompatible,colb-office-normalized-refi@1,refi-gap@1,aef4a56a6829d5420685a4d498058e83ccc08e12+tree.4e67479291c8900b,core_91b5066f446edff27455cc21;core_9681538c828f8a010da4bb82
0.055,0.0,200,0.06,0.65,1.25,25,9.649122807017545,9.649122807017545,128.65497076023394,83.62573099415206,99.84067275315901,83.62573099415206,16.374269005847935,LTV,-26.66666666666666,-19.580419580419562,scenario,USD_per_100_existing_principal,incompatible,colb-office-normalized-refi@1,refi-gap@1,aef4a56a6829d5420685a4d498058e83ccc08e12+tree.4e67479291c8900b,core_91b5066f446edff27455cc21;core_9681538c828f8a010da4bb82
0.055,0.0,200,0.06,0.65,1.25,0,9.649122807017545,9.649122807017545,128.65497076023394,83.62573099415206,128.65497076023394,83.62573099415206,16.374269005847935,LTV,-26.66666666666666,-19.580419580419562,scenario,USD_per_100_existing_principal,incompatible,colb-office-normalized-refi@1,refi-gap@1,aef4a56a6829d5420685a4d498058e83ccc08e12+tree.4e67479291c8900b,core_91b5066f446edff27455cc21;core_9681538c828f8a010da4bb82
0.055,0.0,200,0.07,0.6,1.25,25,9.649122807017545,9.649122807017545,128.65497076023394,77.19298245614036,91.01496709032253,77.19298245614036,22.807017543859644,LTV,-26.66666666666666,-29.54545454545452,scenario,USD_per_100_existing_principal,incompatible,colb-office-normalized-refi@1,refi-gap@1,aef4a56a6829d5420685a4d498058e83ccc08e12+tree.4e67479291c8900b,core_91b5066f446edff27455cc21;core_9681538c828f8a010da4bb82
0.055,0.0,200,0.07,0.6,1.25,0,9.649122807017545,9.649122807017545,128.65497076023394,77.19298245614036,110.27568922305764,77.19298245614036,22.807017543859644,LTV,-26.66666666666666,-29.54545454545452,scenario,USD_per_100_existing_principal,incompatible,colb-office-normalized-refi@1,refi-gap@1,aef4a56a6829d5420685a4d498058e83ccc08e12+tree.4e67479291c8900b,core_91b5066f446edff27455cc21;core_9681538c828f8a010da4bb82
0.055,0.0,200,0.07,0.65,1.25,25,9.649122807017545,9.649122807017545,128.65497076023394,83.62573099415206,91.01496709032253,83.62573099415206,16.374269005847935,LTV,-26.66666666666666,-19.580419580419562,scenario,USD_per_100_existing_principal,incompatible,colb-office-normalized-refi@1,refi-gap@1,aef4a56a6829d5420685a4d498058e83ccc08e12+tree.4e67479291c8900b,core_91b5066f446edff27455cc21;core_9681538c828f8a010da4bb82
0.055,0.0,200,0.07,0.65,1.25,0,9.649122807017545,9.649122807017545,128.65497076023394,83.62573099415206,110.27568922305764,83.62573099415206,16.374269005847935,LTV,-26.66666666666666,-19.580419580419562,scenario,USD_per_100_existing_principal,incompatible,colb-office-normalized-refi@1,refi-gap@1,aef4a56a6829d5420685a4d498058e83ccc08e12+tree.4e67479291c8900b,core_91b5066f446edff27455cc21;core_9681538c828f8a010da4bb82
0.055,0.0,200,0.08,0.6,1.25,25,9.649122807017545,9.649122807017545,128.65497076023394,77.19298245614036,83.34559933499997,77.19298245614036,22.807017543859644,LTV,-26.66666666666666,-29.54545454545452,scenario,USD_per_100_existing_principal,incompatible,colb-office-normalized-refi@1,refi-gap@1,aef4a56a6829d5420685a4d498058e83ccc08e12+tree.4e67479291c8900b,core_91b5066f446edff27455cc21;core_9681538c828f8a010da4bb82
0.055,0.0,200,0.08,0.6,1.25,0,9.649122807017545,9.649122807017545,128.65497076023394,77.19298245614036,96.49122807017544,77.19298245614036,22.807017543859644,LTV,-26.66666666666666,-29.54545454545452,scenario,USD_per_100_existing_principal,incompatible,colb-office-normalized-refi@1,refi-gap@1,aef4a56a6829d5420685a4d498058e83ccc08e12+tree.4e67479291c8900b,core_91b5066f446edff27455cc21;core_9681538c828f8a010da4bb82
0.055,0.0,200,0.08,0.65,1.25,25,9.649122807017545,9.649122807017545,128.65497076023394,83.62573099415206,83.34559933499997,83.34559933499997,16.654400665000026,DSCR,-26.66666666666666,-19.98233955707629,scenario,USD_per_100_existing_principal,incompatible,colb-office-normalized-refi@1,refi-gap@1,aef4a56a6829d5420685a4d498058e83ccc08e12+tree.4e67479291c8900b,core_91b5066f446edff27455cc21;core_9681538c828f8a010da4bb82
0.055,0.0,200,0.08,0.65,1.25,0,9.649122807017545,9.649122807017545,128.65497076023394,83.62573099415206,96.49122807017544,83.62573099415206,16.374269005847935,LTV,-26.66666666666666,-19.580419580419562,scenario,USD_per_100_existing_principal,incompatible,colb-office-normalized-refi@1,refi-gap@1,aef4a56a6829d5420685a4d498058e83ccc08e12+tree.4e67479291c8900b,core_91b5066f446edff27455cc21;core_9681538c828f8a010da4bb82
0.055,0.0,200,0.09,0.6,1.25,25,9.649122807017545,9.649122807017545,128.65497076023394,77.19298245614036,76.65367507253367,76.65367507253367,23.346324927466327,DSCR,-26.66666666666666,-30.456889255961727,scenario,USD_per_100_existing_principal,incompatible,colb-office-normalized-refi@1,refi-gap@1,aef4a56a6829d5420685a4d498058e83ccc08e12+tree.4e67479291c8900b,core_91b5066f446edff27455cc21;core_9681538c828f8a010da4bb82
0.055,0.0,200,0.09,0.6,1.25,0,9.649122807017545,9.649122807017545,128.65497076023394,77.19298245614036,85.76998050682262,77.19298245614036,22.807017543859644,LTV,-26.66666666666666,-29.54545454545452,scenario,USD_per_100_existing_principal,incompatible,colb-office-normalized-refi@1,refi-gap@1,aef4a56a6829d5420685a4d498058e83ccc08e12+tree.4e67479291c8900b,core_91b5066f446edff27455cc21;core_9681538c828f8a010da4bb82
0.055,0.0,200,0.09,0.65,1.25,25,9.649122807017545,9.649122807017545,128.65497076023394,83.62573099415206,76.65367507253367,76.65367507253367,23.346324927466327,DSCR,-26.66666666666666,-30.456889255961727,scenario,USD_per_100_existing_principal,incompatible,colb-office-normalized-refi@1,refi-gap@1,aef4a56a6829d5420685a4d498058e83ccc08e12+tree.4e67479291c8900b,core_91b5066f446edff27455cc21;core_9681538c828f8a010da4bb82
0.055,0.0,200,0.09,0.65,1.25,0,9.649122807017545,9.649122807017545,128.65497076023394,83.62573099415206,85.76998050682262,83.62573099415206,16.374269005847935,LTV,-26.66666666666666,-19.580419580419562,scenario,USD_per_100_existing_principal,incompatible,colb-office-normalized-refi@1,refi-gap@1,aef4a56a6829d5420685a4d498058e83ccc08e12+tree.4e67479291c8900b,core_91b5066f446edff27455cc21;core_9681538c828f8a010da4bb82
0.055,-0.1,0,0.06,0.6,1.25,25,9.649122807017545,8.684210526315791,157.8947368421053,94.73684210526316,89.85660547784313,89.85660547784313,10.143394522156868,DSCR,-9.999999999999986,-0.15958150365724677,scenario,USD_per_100_existing_principal,incompatible,colb-office-normalized-refi@1,refi-gap@1,aef4a56a6829d5420685a4d498058e83ccc08e12+tree.4e67479291c8900b,core_91b5066f446edff27455cc21;core_9681538c828f8a010da4bb82
0.055,-0.1,0,0.06,0.6,1.25,0,9.649122807017545,8.684210526315791,157.8947368421053,94.73684210526316,115.78947368421055,94.73684210526316,5.263157894736835,LTV,-9.999999999999986,5.000000000000016,scenario,USD_per_100_existing_principal,incompatible,colb-office-normalized-refi@1,refi-gap@1,aef4a56a6829d5420685a4d498058e83ccc08e12+tree.4e67479291c8900b,core_91b5066f446edff27455cc21;core_9681538c828f8a010da4bb82
0.055,-0.1,0,0.06,0.65,1.25,25,9.649122807017545,8.684210526315791,157.8947368421053,102.63157894736844,89.85660547784313,89.85660547784313,10.143394522156868,DSCR,-9.999999999999986,-0.15958150365724677,scenario,USD_per_100_existing_principal,incompatible,colb-office-normalized-refi@1,refi-gap@1,aef4a56a6829d5420685a4d498058e83ccc08e12+tree.4e67479291c8900b,core_91b5066f446edff27455cc21;core_9681538c828f8a010da4bb82
0.055,-0.1,0,0.06,0.65,1.25,0,9.649122807017545,8.684210526315791,157.8947368421053,102.63157894736844,115.78947368421055,102.63157894736844,0.0,LTV,-9.999999999999986,12.307692307692331,scenario,USD_per_100_existing_principal,incompatible,colb-office-normalized-refi@1,refi-gap@1,aef4a56a6829d5420685a4d498058e83ccc08e12+tree.4e67479291c8900b,core_91b5066f446edff27455cc21;core_9681538c828f8a010da4bb82
0.055,-0.1,0,0.07,0.6,1.25,25,9.649122807017545,8.684210526315791,157.8947368421053,94.73684210526316,81.9134703812903,81.9134703812903,18.086529618709704,DSCR,-9.999999999999986,-9.872038849127751,scenario,USD_per_100_existing_principal,incompatible,colb-office-normalized-refi@1,refi-gap@1,aef4a56a6829d5420685a4d498058e83ccc08e12+tree.4e67479291c8900b,core_91b5066f446edff27455cc21;core_9681538c828f8a010da4bb82
0.055,-0.1,0,0.07,0.6,1.25,0,9.649122807017545,8.684210526315791,157.8947368421053,94.73684210526316,99.24812030075189,94.73684210526316,5.263157894736835,LTV,-9.999999999999986,5.000000000000016,scenario,USD_per_100_existing_principal,incompatible,colb-office-normalized-refi@1,refi-gap@1,aef4a56a6829d5420685a4d498058e83ccc08e12+tree.4e67479291c8900b,core_91b5066f446edff27455cc21;core_9681538c828f8a010da4bb82
0.055,-0.1,0,0.07,0.65,1.25,25,9.649122807017545,8.684210526315791,157.8947368421053,102.63157894736844,81.9134703812903,81.9134703812903,18.086529618709704,DSCR,-9.999999999999986,-9.872038849127751,scenario,USD_per_100_existing_principal,incompatible,colb-office-normalized-refi@1,refi-gap@1,aef4a56a6829d5420685a4d498058e83ccc08e12+tree.4e67479291c8900b,core_91b5066f446edff27455cc21;core_9681538c828f8a010da4bb82
0.055,-0.1,0,0.07,0.65,1.25,0,9.649122807017545,8.684210526315791,157.8947368421053,102.63157894736844,99.24812030075189,99.24812030075189,0.7518796992481072,DSCR,-9.999999999999986,9.318181818181825,scenario,USD_per_100_existing_principal,incompatible,colb-office-normalized-refi@1,refi-gap@1,aef4a56a6829d5420685a4d498058e83ccc08e12+tree.4e67479291c8900b,core_91b5066f446edff27455cc21;core_9681538c828f8a010da4bb82
0.055,-0.1,0,0.08,0.6,1.25,25,9.649122807017545,8.684210526315791,157.8947368421053,94.73684210526316,75.01103940149999,75.01103940149999,24.988960598500014,DSCR,-9.999999999999986,-19.98233955707629,scenario,USD_per_100_existing_principal,incompatible,colb-office-normalized-refi@1,refi-gap@1,aef4a56a6829d5420685a4d498058e83ccc08e12+tree.4e67479291c8900b,core_91b5066f446edff27455cc21;core_9681538c828f8a010da4bb82
0.055,-0.1,0,0.08,0.6,1.25,0,9.649122807017545,8.684210526315791,157.8947368421053,94.73684210526316,86.8421052631579,86.8421052631579,13.157894736842096,DSCR,-9.999999999999986,-3.6363636363636376,scenario,USD_per_100_existing_principal,incompatible,colb-office-normalized-refi@1,refi-gap@1,aef4a56a6829d5420685a4d498058e83ccc08e12+tree.4e67479291c8900b,core_91b5066f446edff27455cc21;core_9681538c828f8a010da4bb82
0.055,-0.1,0,0.08,0.65,1.25,25,9.649122807017545,8.684210526315791,157.8947368421053,102.63157894736844,75.01103940149999,75.01103940149999,24.988960598500014,DSCR,-9.999999999999986,-19.98233955707629,scenario,USD_per_100_existing_principal,incompatible,colb-office-normalized-refi@1,refi-gap@1,aef4a56a6829d5420685a4d498058e83ccc08e12+tree.4e67479291c8900b,core_91b5066f446edff27455cc21;core_9681538c828f8a010da4bb82
0.055,-0.1,0,0.08,0.65,1.25,0,9.649122807017545,8.684210526315791,157.8947368421053,102.63157894736844,86.8421052631579,86.8421052631579,13.157894736842096,DSCR,-9.999999999999986,-3.6363636363636376,scenario,USD_per_100_existing_principal,incompatible,colb-office-normalized-refi@1,refi-gap@1,aef4a56a6829d5420685a4d498058e83ccc08e12+tree.4e67479291c8900b,core_91b5066f446edff27455cc21;core_9681538c828f8a010da4bb82
0.055,-0.1,0,0.09,0.6,1.25,25,9.649122807017545,8.684210526315791,157.8947368421053,94.73684210526316,68.98830756528031,68.98830756528031,31.01169243471969,DSCR,-9.999999999999986,-30.456889255961727,scenario,USD_per_100_existing_principal,incompatible,colb-office-normalized-refi@1,refi-gap@1,aef4a56a6829d5420685a4d498058e83ccc08e12+tree.4e67479291c8900b,core_91b5066f446edff27455cc21;core_9681538c828f8a010da4bb82
0.055,-0.1,0,0.09,0.6,1.25,0,9.649122807017545,8.684210526315791,157.8947368421053,94.73684210526316,77.19298245614037,77.19298245614037,22.80701754385963,DSCR,-9.999999999999986,-16.59090909090908,scenario,USD_per_100_existing_principal,incompatible,colb-office-normalized-refi@1,refi-gap@1,aef4a56a6829d5420685a4d498058e83ccc08e12+tree.4e67479291c8900b,core_91b5066f446edff27455cc21;core_9681538c828f8a010da4bb82
0.055,-0.1,0,0.09,0.65,1.25,25,9.649122807017545,8.684210526315791,157.8947368421053,102.63157894736844,68.98830756528031,68.98830756528031,31.01169243471969,DSCR,-9.999999999999986,-30.456889255961727,scenario,USD_per_100_existing_principal,incompatible,colb-office-normalized-refi@1,refi-gap@1,aef4a56a6829d5420685a4d498058e83ccc08e12+tree.4e67479291c8900b,core_91b5066f446edff27455cc21;core_9681538c828f8a010da4bb82
0.055,-0.1,0,0.09,0.65,1.25,0,9.649122807017545,8.684210526315791,157.8947368421053,102.63157894736844,77.19298245614037,77.19298245614037,22.80701754385963,DSCR,-9.999999999999986,-16.59090909090908,scenario,USD_per_100_existing_principal,incompatible,colb-office-normalized-refi@1,refi-gap@1,aef4a56a6829d5420685a4d498058e83ccc08e12+tree.4e67479291c8900b,core_91b5066f446edff27455cc21;core_9681538c828f8a010da4bb82
0.055,-0.1,100,0.06,0.6,1.25,25,9.649122807017545,8.684210526315791,133.6032388663968,80.16194331983807,89.85660547784313,80.16194331983807,19.838056680161927,LTV,-23.84615384615383,-12.272727272727257,scenario,USD_per_100_existing_principal,incompatible,colb-office-normalized-refi@1,refi-gap@1,aef4a56a6829d5420685a4d498058e83ccc08e12+tree.4e67479291c8900b,core_91b5066f446edff27455cc21;core_9681538c828f8a010da4bb82
0.055,-0.1,100,0.06,0.6,1.25,0,9.649122807017545,8.684210526315791,133.6032388663968,80.16194331983807,115.78947368421055,80.16194331983807,19.838056680161927,LTV,-23.84615384615383,-12.272727272727257,scenario,USD_per_100_existing_principal,incompatible,colb-office-normalized-refi@1,refi-gap@1,aef4a56a6829d5420685a4d498058e83ccc08e12+tree.4e67479291c8900b,core_91b5066f446edff27455cc21;core_9681538c828f8a010da4bb82
0.055,-0.1,100,0.06,0.65,1.25,25,9.649122807017545,8.684210526315791,133.6032388663968,86.84210526315792,89.85660547784313,86.84210526315792,13.157894736842081,LTV,-23.84615384615383,-3.6363636363636154,scenario,USD_per_100_existing_principal,incompatible,colb-office-normalized-refi@1,refi-gap@1,aef4a56a6829d5420685a4d498058e83ccc08e12+tree.4e67479291c8900b,core_91b5066f446edff27455cc21;core_9681538c828f8a010da4bb82
0.055,-0.1,100,0.06,0.65,1.25,0,9.649122807017545,8.684210526315791,133.6032388663968,86.84210526315792,115.78947368421055,86.84210526315792,13.157894736842081,LTV,-23.84615384615383,-3.6363636363636154,scenario,USD_per_100_existing_principal,incompatible,colb-office-normalized-refi@1,refi-gap@1,aef4a56a6829d5420685a4d498058e83ccc08e12+tree.4e67479291c8900b,core_91b5066f446edff27455cc21;core_9681538c828f8a010da4bb82
0.055,-0.1,100,0.07,0.6,1.25,25,9.649122807017545,8.684210526315791,133.6032388663968,80.16194331983807,81.9134703812903,80.16194331983807,19.838056680161927,LTV,-23.84615384615383,-12.272727272727257,scenario,USD_per_100_existing_principal,incompatible,colb-office-normalized-refi@1,refi-gap@1,aef4a56a6829d5420685a4d498058e83ccc08e12+tree.4e67479291c8900b,core_91b5066f446edff27455cc21;core_9681538c828f8a010da4bb82
0.055,-0.1,100,0.07,0.6,1.25,0,9.649122807017545,8.684210526315791,133.6032388663968,80.16194331983807,99.24812030075189,80.16194331983807,19.838056680161927,LTV,-23.84615384615383,-12.272727272727257,scenario,USD_per_100_existing_principal,incompatible,colb-office-normalized-refi@1,refi-gap@1,aef4a56a6829d5420685a4d498058e83ccc08e12+tree.4e67479291c8900b,core_91b5066f446edff27455cc21;core_9681538c828f8a010da4bb82
0.055,-0.1,100,0.07,0.65,1.25,25,9.649122807017545,8.684210526315791,133.6032388663968,86.84210526315792,81.9134703812903,81.9134703812903,18.086529618709704,DSCR,-23.84615384615383,-9.872038849127751,scenario,USD_per_100_existing_principal,incompatible,colb-office-normalized-refi@1,refi-gap@1,aef4a56a6829d5420685a4d498058e83ccc08e12+tree.4e67479291c8900b,core_91b5066f446edff27455cc21;core_9681538c828f8a010da4bb82
0.055,-0.1,100,0.07,0.65,1.25,0,9.649122807017545,8.684210526315791,133.6032388663968,86.84210526315792,99.24812030075189,86.84210526315792,13.157894736842081,LTV,-23.84615384615383,-3.6363636363636154,scenario,USD_per_100_existing_principal,incompatible,colb-office-normalized-refi@1,refi-gap@1,aef4a56a6829d5420685a4d498058e83ccc08e12+tree.4e67479291c8900b,core_91b5066f446edff27455cc21;core_9681538c828f8a010da4bb82
0.055,-0.1,100,0.08,0.6,1.25,25,9.649122807017545,8.684210526315791,133.6032388663968,80.16194331983807,75.01103940149999,75.01103940149999,24.988960598500014,DSCR,-23.84615384615383,-19.98233955707629,scenario,USD_per_100_existing_principal,incompatible,colb-office-normalized-refi@1,refi-gap@1,aef4a56a6829d5420685a4d498058e83ccc08e12+tree.4e67479291c8900b,core_91b5066f446edff27455cc21;core_9681538c828f8a010da4bb82
0.055,-0.1,100,0.08,0.6,1.25,0,9.649122807017545,8.684210526315791,133.6032388663968,80.16194331983807,86.8421052631579,80.16194331983807,19.838056680161927,LTV,-23.84615384615383,-12.272727272727257,scenario,USD_per_100_existing_principal,incompatible,colb-office-normalized-refi@1,refi-gap@1,aef4a56a6829d5420685a4d498058e83ccc08e12+tree.4e67479291c8900b,core_91b5066f446edff27455cc21;core_9681538c828f8a010da4bb82
0.055,-0.1,100,0.08,0.65,1.25,25,9.649122807017545,8.684210526315791,133.6032388663968,86.84210526315792,75.01103940149999,75.01103940149999,24.988960598500014,DSCR,-23.84615384615383,-19.98233955707629,scenario,USD_per_100_existing_principal,incompatible,colb-office-normalized-refi@1,refi-gap@1,aef4a56a6829d5420685a4d498058e83ccc08e12+tree.4e67479291c8900b,core_91b5066f446edff27455cc21;core_9681538c828f8a010da4bb82
0.055,-0.1,100,0.08,0.65,1.25,0,9.649122807017545,8.684210526315791,133.6032388663968,86.84210526315792,86.8421052631579,86.8421052631579,13.157894736842096,DSCR,-23.84615384615383,-3.6363636363636376,scenario,USD_per_100_existing_principal,incompatible,colb-office-normalized-refi@1,refi-gap@1,aef4a56a6829d5420685a4d498058e83ccc08e12+tree.4e67479291c8900b,core_91b5066f446edff27455cc21;core_9681538c828f8a010da4bb82
0.055,-0.1,100,0.09,0.6,1.25,25,9.649122807017545,8.684210526315791,133.6032388663968,80.16194331983807,68.98830756528031,68.98830756528031,31.01169243471969,DSCR,-23.84615384615383,-30.456889255961727,scenario,USD_per_100_existing_principal,incompatible,colb-office-normalized-refi@1,refi-gap@1,aef4a56a6829d5420685a4d498058e83ccc08e12+tree.4e67479291c8900b,core_91b5066f446edff27455cc21;core_9681538c828f8a010da4bb82
0.055,-0.1,100,0.09,0.6,1.25,0,9.649122807017545,8.684210526315791,133.6032388663968,80.16194331983807,77.19298245614037,77.19298245614037,22.80701754385963,DSCR,-23.84615384615383,-16.59090909090908,scenario,USD_per_100_existing_principal,incompatible,colb-office-normalized-refi@1,refi-gap@1,aef4a56a6829d5420685a4d498058e83ccc08e12+tree.4e67479291c8900b,core_91b5066f446edff27455cc21;core_9681538c828f8a010da4bb82
0.055,-0.1,100,0.09,0.65,1.25,25,9.649122807017545,8.684210526315791,133.6032388663968,86.84210526315792,68.98830756528031,68.98830756528031,31.01169243471969,DSCR,-23.84615384615383,-30.456889255961727,scenario,USD_per_100_existing_principal,incompatible,colb-office-normalized-refi@1,refi-gap@1,aef4a56a6829d5420685a4d498058e83ccc08e12+tree.4e67479291c8900b,core_91b5066f446edff27455cc21;core_9681538c828f8a010da4bb82
0.055,-0.1,100,0.09,0.65,1.25,0,9.649122807017545,8.684210526315791,133.6032388663968,86.84210526315792,77.19298245614037,77.19298245614037,22.80701754385963,DSCR,-23.84615384615383,-16.59090909090908,scenario,USD_per_100_existing_principal,incompatible,colb-office-normalized-refi@1,refi-gap@1,aef4a56a6829d5420685a4d498058e83ccc08e12+tree.4e67479291c8900b,core_91b5066f446edff27455cc21;core_9681538c828f8a010da4bb82
0.055,-0.1,200,0.06,0.6,1.25,25,9.649122807017545,8.684210526315791,115.78947368421055,69.47368421052633,89.85660547784313,69.47368421052633,30.52631578947367,LTV,-34.0,-29.54545454545452,scenario,USD_per_100_existing_principal,incompatible,colb-office-normalized-refi@1,refi-gap@1,aef4a56a6829d5420685a4d498058e83ccc08e12+tree.4e67479291c8900b,core_91b5066f446edff27455cc21;core_9681538c828f8a010da4bb82
0.055,-0.1,200,0.06,0.6,1.25,0,9.649122807017545,8.684210526315791,115.78947368421055,69.47368421052633,115.78947368421055,69.47368421052633,30.52631578947367,LTV,-34.0,-29.54545454545452,scenario,USD_per_100_existing_principal,incompatible,colb-office-normalized-refi@1,refi-gap@1,aef4a56a6829d5420685a4d498058e83ccc08e12+tree.4e67479291c8900b,core_91b5066f446edff27455cc21;core_9681538c828f8a010da4bb82
0.055,-0.1,200,0.06,0.65,1.25,25,9.649122807017545,8.684210526315791,115.78947368421055,75.26315789473686,89.85660547784313,75.26315789473686,24.736842105263136,LTV,-34.0,-19.580419580419562,scenario,USD_per_100_existing_principal,incompatible,colb-office-normalized-refi@1,refi-gap@1,aef4a56a6829d5420685a4d498058e83ccc08e12+tree.4e67479291c8900b,core_91b5066f446edff27455cc21;core_9681538c828f8a010da4bb82
0.055,-0.1,200,0.06,0.65,1.25,0,9.649122807017545,8.684210526315791,115.78947368421055,75.26315789473686,115.78947368421055,75.26315789473686,24.736842105263136,LTV,-34.0,-19.580419580419562,scenario,USD_per_100_existing_principal,incompatible,colb-office-normalized-refi@1,refi-gap@1,aef4a56a6829d5420685a4d498058e83ccc08e12+tree.4e67479291c8900b,core_91b5066f446edff27455cc21;core_9681538c828f8a010da4bb82
0.055,-0.1,200,0.07,0.6,1.25,25,9.649122807017545,8.684210526315791,115.78947368421055,69.47368421052633,81.9134703812903,69.47368421052633,30.52631578947367,LTV,-34.0,-29.54545454545452,scenario,USD_per_100_existing_principal,incompatible,colb-office-normalized-refi@1,refi-gap@1,aef4a56a6829d5420685a4d498058e83ccc08e12+tree.4e67479291c8900b,core_91b5066f446edff27455cc21;core_9681538c828f8a010da4bb82
0.055,-0.1,200,0.07,0.6,1.25,0,9.649122807017545,8.684210526315791,115.78947368421055,69.47368421052633,99.24812030075189,69.47368421052633,30.52631578947367,LTV,-34.0,-29.54545454545452,scenario,USD_per_100_existing_principal,incompatible,colb-office-normalized-refi@1,refi-gap@1,aef4a56a6829d5420685a4d498058e83ccc08e12+tree.4e67479291c8900b,core_91b5066f446edff27455cc21;core_9681538c828f8a010da4bb82
0.055,-0.1,200,0.07,0.65,1.25,25,9.649122807017545,8.684210526315791,115.78947368421055,75.26315789473686,81.9134703812903,75.26315789473686,24.736842105263136,LTV,-34.0,-19.580419580419562,scenario,USD_per_100_existing_principal,incompatible,colb-office-normalized-refi@1,refi-gap@1,aef4a56a6829d5420685a4d498058e83ccc08e12+tree.4e67479291c8900b,core_91b5066f446edff27455cc21;core_9681538c828f8a010da4bb82
0.055,-0.1,200,0.07,0.65,1.25,0,9.649122807017545,8.684210526315791,115.78947368421055,75.26315789473686,99.24812030075189,75.26315789473686,24.736842105263136,LTV,-34.0,-19.580419580419562,scenario,USD_per_100_existing_principal,incompatible,colb-office-normalized-refi@1,refi-gap@1,aef4a56a6829d5420685a4d498058e83ccc08e12+tree.4e67479291c8900b,core_91b5066f446edff27455cc21;core_9681538c828f8a010da4bb82
0.055,-0.1,200,0.08,0.6,1.25,25,9.649122807017545,8.684210526315791,115.78947368421055,69.47368421052633,75.01103940149999,69.47368421052633,30.52631578947367,LTV,-34.0,-29.54545454545452,scenario,USD_per_100_existing_principal,incompatible,colb-office-normalized-refi@1,refi-gap@1,aef4a56a6829d5420685a4d498058e83ccc08e12+tree.4e67479291c8900b,core_91b5066f446edff27455cc21;core_9681538c828f8a010da4bb82
0.055,-0.1,200,0.08,0.6,1.25,0,9.649122807017545,8.684210526315791,115.78947368421055,69.47368421052633,86.8421052631579,69.47368421052633,30.52631578947367,LTV,-34.0,-29.54545454545452,scenario,USD_per_100_existing_principal,incompatible,colb-office-normalized-refi@1,refi-gap@1,aef4a56a6829d5420685a4d498058e83ccc08e12+tree.4e67479291c8900b,core_91b5066f446edff27455cc21;core_9681538c828f8a010da4bb82
0.055,-0.1,200,0.08,0.65,1.25,25,9.649122807017545,8.684210526315791,115.78947368421055,75.26315789473686,75.01103940149999,75.01103940149999,24.988960598500014,DSCR,-34.0,-19.98233955707629,scenario,USD_per_100_existing_principal,incompatible,colb-office-normalized-refi@1,refi-gap@1,aef4a56a6829d5420685a4d498058e83ccc08e12+tree.4e67479291c8900b,core_91b5066f446edff27455cc21;core_9681538c828f8a010da4bb82
0.055,-0.1,200,0.08,0.65,1.25,0,9.649122807017545,8.684210526315791,115.78947368421055,75.26315789473686,86.8421052631579,75.26315789473686,24.736842105263136,LTV,-34.0,-19.580419580419562,scenario,USD_per_100_existing_principal,incompatible,colb-office-normalized-refi@1,refi-gap@1,aef4a56a6829d5420685a4d498058e83ccc08e12+tree.4e67479291c8900b,core_91b5066f446edff27455cc21;core_9681538c828f8a010da4bb82
0.055,-0.1,200,0.09,0.6,1.25,25,9.649122807017545,8.684210526315791,115.78947368421055,69.47368421052633,68.98830756528031,68.98830756528031,31.01169243471969,DSCR,-34.0,-30.456889255961727,scenario,USD_per_100_existing_principal,incompatible,colb-office-normalized-refi@1,refi-gap@1,aef4a56a6829d5420685a4d498058e83ccc08e12+tree.4e67479291c8900b,core_91b5066f446edff27455cc21;core_9681538c828f8a010da4bb82
0.055,-0.1,200,0.09,0.6,1.25,0,9.649122807017545,8.684210526315791,115.78947368421055,69.47368421052633,77.19298245614037,69.47368421052633,30.52631578947367,LTV,-34.0,-29.54545454545452,scenario,USD_per_100_existing_principal,incompatible,colb-office-normalized-refi@1,refi-gap@1,aef4a56a6829d5420685a4d498058e83ccc08e12+tree.4e67479291c8900b,core_91b5066f446edff27455cc21;core_9681538c828f8a010da4bb82
0.055,-0.1,200,0.09,0.65,1.25,25,9.649122807017545,8.684210526315791,115.78947368421055,75.26315789473686,68.98830756528031,68.98830756528031,31.01169243471969,DSCR,-34.0,-30.456889255961727,scenario,USD_per_100_existing_principal,incompatible,colb-office-normalized-refi@1,refi-gap@1,aef4a56a6829d5420685a4d498058e83ccc08e12+tree.4e67479291c8900b,core_91b5066f446edff27455cc21;core_9681538c828f8a010da4bb82
0.055,-0.1,200,0.09,0.65,1.25,0,9.649122807017545,8.684210526315791,115.78947368421055,75.26315789473686,77.19298245614037,75.26315789473686,24.736842105263136,LTV,-34.0,-19.580419580419562,scenario,USD_per_100_existing_principal,incompatible,colb-office-normalized-refi@1,refi-gap@1,aef4a56a6829d5420685a4d498058e83ccc08e12+tree.4e67479291c8900b,core_91b5066f446edff27455cc21;core_9681538c828f8a010da4bb82
0.055,-0.2,0,0.06,0.6,1.25,25,9.649122807017545,7.719298245614036,140.35087719298247,84.21052631578948,79.87253820252722,79.87253820252722,20.127461797472776,DSCR,-19.999999999999996,-0.15958150365724677,scenario,USD_per_100_existing_principal,incompatible,colb-office-normalized-refi@1,refi-gap@1,aef4a56a6829d5420685a4d498058e83ccc08e12+tree.4e67479291c8900b,core_91b5066f446edff27455cc21;core_9681538c828f8a010da4bb82
0.055,-0.2,0,0.06,0.6,1.25,0,9.649122807017545,7.719298245614036,140.35087719298247,84.21052631578948,102.92397660818715,84.21052631578948,15.78947368421052,LTV,-19.999999999999996,5.000000000000016,scenario,USD_per_100_existing_principal,incompatible,colb-office-normalized-refi@1,refi-gap@1,aef4a56a6829d5420685a4d498058e83ccc08e12+tree.4e67479291c8900b,core_91b5066f446edff27455cc21;core_9681538c828f8a010da4bb82
0.055,-0.2,0,0.06,0.65,1.25,25,9.649122807017545,7.719298245614036,140.35087719298247,91.2280701754386,79.87253820252722,79.87253820252722,20.127461797472776,DSCR,-19.999999999999996,-0.15958150365724677,scenario,USD_per_100_existing_principal,incompatible,colb-office-normalized-refi@1,refi-gap@1,aef4a56a6829d5420685a4d498058e83ccc08e12+tree.4e67479291c8900b,core_91b5066f446edff27455cc21;core_9681538c828f8a010da4bb82
0.055,-0.2,0,0.06,0.65,1.25,0,9.649122807017545,7.719298245614036,140.35087719298247,91.2280701754386,102.92397660818715,91.2280701754386,8.771929824561397,LTV,-19.999999999999996,12.307692307692331,scenario,USD_per_100_existing_principal,incompatible,colb-office-normalized-refi@1,refi-gap@1,aef4a56a6829d5420685a4d498058e83ccc08e12+tree.4e67479291c8900b,core_91b5066f446edff27455cc21;core_9681538c828f8a010da4bb82
0.055,-0.2,0,0.07,0.6,1.25,25,9.649122807017545,7.719298245614036,140.35087719298247,84.21052631578948,72.81197367225803,72.81197367225803,27.188026327741966,DSCR,-19.999999999999996,-9.872038849127751,scenario,USD_per_100_existing_principal,incompatible,colb-office-normalized-refi@1,refi-gap@1,aef4a56a6829d5420685a4d498058e83ccc08e12+tree.4e67479291c8900b,core_91b5066f446edff27455cc21;core_9681538c828f8a010da4bb82
0.055,-0.2,0,0.07,0.6,1.25,0,9.649122807017545,7.719298245614036,140.35087719298247,84.21052631578948,88.22055137844612,84.21052631578948,15.78947368421052,LTV,-19.999999999999996,5.000000000000016,scenario,USD_per_100_existing_principal,incompatible,colb-office-normalized-refi@1,refi-gap@1,aef4a56a6829d5420685a4d498058e83ccc08e12+tree.4e67479291c8900b,core_91b5066f446edff27455cc21;core_9681538c828f8a010da4bb82
0.055,-0.2,0,0.07,0.65,1.25,25,9.649122807017545,7.719298245614036,140.35087719298247,91.2280701754386,72.81197367225803,72.81197367225803,27.188026327741966,DSCR,-19.999999999999996,-9.872038849127751,scenario,USD_per_100_existing_principal,incompatible,colb-office-normalized-refi@1,refi-gap@1,aef4a56a6829d5420685a4d498058e83ccc08e12+tree.4e67479291c8900b,core_91b5066f446edff27455cc21;core_9681538c828f8a010da4bb82
0.055,-0.2,0,0.07,0.65,1.25,0,9.649122807017545,7.719298245614036,140.35087719298247,91.2280701754386,88.22055137844612,88.22055137844612,11.779448621553883,DSCR,-19.999999999999996,9.318181818181825,scenario,USD_per_100_existing_principal,incompatible,colb-office-normalized-refi@1,refi-gap@1,aef4a56a6829d5420685a4d498058e83ccc08e12+tree.4e67479291c8900b,core_91b5066f446edff27455cc21;core_9681538c828f8a010da4bb82
0.055,-0.2,0,0.08,0.6,1.25,25,9.649122807017545,7.719298245614036,140.35087719298247,84.21052631578948,66.67647946799998,66.67647946799998,33.32352053200002,DSCR,-19.999999999999996,-19.98233955707629,scenario,USD_per_100_existing_principal,incompatible,colb-office-normalized-refi@1,refi-gap@1,aef4a56a6829d5420685a4d498058e83ccc08e12+tree.4e67479291c8900b,core_91b5066f446edff27455cc21;core_9681538c828f8a010da4bb82
0.055,-0.2,0,0.08,0.6,1.25,0,9.649122807017545,7.719298245614036,140.35087719298247,84.21052631578948,77.19298245614036,77.19298245614036,22.807017543859644,DSCR,-19.999999999999996,-3.6363636363636376,scenario,USD_per_100_existing_principal,incompatible,colb-office-normalized-refi@1,refi-gap@1,aef4a56a6829d5420685a4d498058e83ccc08e12+tree.4e67479291c8900b,core_91b5066f446edff27455cc21;core_9681538c828f8a010da4bb82
0.055,-0.2,0,0.08,0.65,1.25,25,9.649122807017545,7.719298245614036,140.35087719298247,91.2280701754386,66.67647946799998,66.67647946799998,33.32352053200002,DSCR,-19.999999999999996,-19.98233955707629,scenario,USD_per_100_existing_principal,incompatible,colb-office-normalized-refi@1,refi-gap@1,aef4a56a6829d5420685a4d498058e83ccc08e12+tree.4e67479291c8900b,core_91b5066f446edff27455cc21;core_9681538c828f8a010da4bb82
0.055,-0.2,0,0.08,0.65,1.25,0,9.649122807017545,7.719298245614036,140.35087719298247,91.2280701754386,77.19298245614036,77.19298245614036,22.807017543859644,DSCR,-19.999999999999996,-3.6363636363636376,scenario,USD_per_100_existing_principal,incompatible,colb-office-normalized-refi@1,refi-gap@1,aef4a56a6829d5420685a4d498058e83ccc08e12+tree.4e67479291c8900b,core_91b5066f446edff27455cc21;core_9681538c828f8a010da4bb82
0.055,-0.2,0,0.09,0.6,1.25,25,9.649122807017545,7.719298245614036,140.35087719298247,84.21052631578948,61.32294005802694,61.32294005802694,38.67705994197306,DSCR,-19.999999999999996,-30.456889255961727,scenario,USD_per_100_existing_principal,incompatible,colb-office-normalized-refi@1,refi-gap@1,aef4a56a6829d5420685a4d498058e83ccc08e12+tree.4e67479291c8900b,core_91b5066f446edff27455cc21;core_9681538c828f8a010da4bb82
0.055,-0.2,0,0.09,0.6,1.25,0,9.649122807017545,7.719298245614036,140.35087719298247,84.21052631578948,68.61598440545811,68.61598440545811,31.384015594541893,DSCR,-19.999999999999996,-16.59090909090908,scenario,USD_per_100_existing_principal,incompatible,colb-office-normalized-refi@1,refi-gap@1,aef4a56a6829d5420685a4d498058e83ccc08e12+tree.4e67479291c8900b,core_91b5066f446edff27455cc21;core_9681538c828f8a010da4bb82
0.055,-0.2,0,0.09,0.65,1.25,25,9.649122807017545,7.719298245614036,140.35087719298247,91.2280701754386,61.32294005802694,61.32294005802694,38.67705994197306,DSCR,-19.999999999999996,-30.456889255961727,scenario,USD_per_100_existing_principal,incompatible,colb-office-normalized-refi@1,refi-gap@1,aef4a56a6829d5420685a4d498058e83ccc08e12+tree.4e67479291c8900b,core_91b5066f446edff27455cc21;core_9681538c828f8a010da4bb82
0.055,-0.2,0,0.09,0.65,1.25,0,9.649122807017545,7.719298245614036,140.35087719298247,91.2280701754386,68.61598440545811,68.61598440545811,31.384015594541893,DSCR,-19.999999999999996,-16.59090909090908,scenario,USD_per_100_existing_principal,incompatible,colb-office-normalized-refi@1,refi-gap@1,aef4a56a6829d5420685a4d498058e83ccc08e12+tree.4e67479291c8900b,core_91b5066f446edff27455cc21;core_9681538c828f8a010da4bb82
0.055,-0.2,100,0.06,0.6,1.25,25,9.649122807017545,7.719298245614036,118.75843454790824,71.25506072874494,79.87253820252722,71.25506072874494,28.744939271255063,LTV,-32.307692307692314,-12.272727272727257,scenario,USD_per_100_existing_principal,incompatible,colb-office-normalized-refi@1,refi-gap@1,aef4a56a6829d5420685a4d498058e83ccc08e12+tree.4e67479291c8900b,core_91b5066f446edff27455cc21;core_9681538c828f8a010da4bb82
0.055,-0.2,100,0.06,0.6,1.25,0,9.649122807017545,7.719298245614036,118.75843454790824,71.25506072874494,102.92397660818715,71.25506072874494,28.744939271255063,LTV,-32.307692307692314,-12.272727272727257,scenario,USD_per_100_existing_principal,incompatible,colb-office-normalized-refi@1,refi-gap@1,aef4a56a6829d5420685a4d498058e83ccc08e12+tree.4e67479291c8900b,core_91b5066f446edff27455cc21;core_9681538c828f8a010da4bb82
0.055,-0.2,100,0.06,0.65,1.25,25,9.649122807017545,7.719298245614036,118.75843454790824,77.19298245614036,79.87253820252722,77.19298245614036,22.807017543859644,LTV,-32.307692307692314,-3.6363636363636154,scenario,USD_per_100_existing_principal,incompatible,colb-office-normalized-refi@1,refi-gap@1,aef4a56a6829d5420685a4d498058e83ccc08e12+tree.4e67479291c8900b,core_91b5066f446edff27455cc21;core_9681538c828f8a010da4bb82
0.055,-0.2,100,0.06,0.65,1.25,0,9.649122807017545,7.719298245614036,118.75843454790824,77.19298245614036,102.92397660818715,77.19298245614036,22.807017543859644,LTV,-32.307692307692314,-3.6363636363636154,scenario,USD_per_100_existing_principal,incompatible,colb-office-normalized-refi@1,refi-gap@1,aef4a56a6829d5420685a4d498058e83ccc08e12+tree.4e67479291c8900b,core_91b5066f446edff27455cc21;core_9681538c828f8a010da4bb82
0.055,-0.2,100,0.07,0.6,1.25,25,9.649122807017545,7.719298245614036,118.75843454790824,71.25506072874494,72.81197367225803,71.25506072874494,28.744939271255063,LTV,-32.307692307692314,-12.272727272727257,scenario,USD_per_100_existing_principal,incompatible,colb-office-normalized-refi@1,refi-gap@1,aef4a56a6829d5420685a4d498058e83ccc08e12+tree.4e67479291c8900b,core_91b5066f446edff27455cc21;core_9681538c828f8a010da4bb82
0.055,-0.2,100,0.07,0.6,1.25,0,9.649122807017545,7.719298245614036,118.75843454790824,71.25506072874494,88.22055137844612,71.25506072874494,28.744939271255063,LTV,-32.307692307692314,-12.272727272727257,scenario,USD_per_100_existing_principal,incompatible,colb-office-normalized-refi@1,refi-gap@1,aef4a56a6829d5420685a4d498058e83ccc08e12+tree.4e67479291c8900b,core_91b5066f446edff27455cc21;core_9681538c828f8a010da4bb82
0.055,-0.2,100,0.07,0.65,1.25,25,9.649122807017545,7.719298245614036,118.75843454790824,77.19298245614036,72.81197367225803,72.81197367225803,27.188026327741966,DSCR,-32.307692307692314,-9.872038849127751,scenario,USD_per_100_existing_principal,incompatible,colb-office-normalized-refi@1,refi-gap@1,aef4a56a6829d5420685a4d498058e83ccc08e12+tree.4e67479291c8900b,core_91b5066f446edff27455cc21;core_9681538c828f8a010da4bb82
0.055,-0.2,100,0.07,0.65,1.25,0,9.649122807017545,7.719298245614036,118.75843454790824,77.19298245614036,88.22055137844612,77.19298245614036,22.807017543859644,LTV,-32.307692307692314,-3.6363636363636154,scenario,USD_per_100_existing_principal,incompatible,colb-office-normalized-refi@1,refi-gap@1,aef4a56a6829d5420685a4d498058e83ccc08e12+tree.4e67479291c8900b,core_91b5066f446edff27455cc21;core_9681538c828f8a010da4bb82
0.055,-0.2,100,0.08,0.6,1.25,25,9.649122807017545,7.719298245614036,118.75843454790824,71.25506072874494,66.67647946799998,66.67647946799998,33.32352053200002,DSCR,-32.307692307692314,-19.98233955707629,scenario,USD_per_100_existing_principal,incompatible,colb-office-normalized-refi@1,refi-gap@1,aef4a56a6829d5420685a4d498058e83ccc08e12+tree.4e67479291c8900b,core_91b5066f446edff27455cc21;core_9681538c828f8a010da4bb82
0.055,-0.2,100,0.08,0.6,1.25,0,9.649122807017545,7.719298245614036,118.75843454790824,71.25506072874494,77.19298245614036,71.25506072874494,28.744939271255063,LTV,-32.307692307692314,-12.272727272727257,scenario,USD_per_100_existing_principal,incompatible,colb-office-normalized-refi@1,refi-gap@1,aef4a56a6829d5420685a4d498058e83ccc08e12+tree.4e67479291c8900b,core_91b5066f446edff27455cc21;core_9681538c828f8a010da4bb82
0.055,-0.2,100,0.08,0.65,1.25,25,9.649122807017545,7.719298245614036,118.75843454790824,77.19298245614036,66.67647946799998,66.67647946799998,33.32352053200002,DSCR,-32.307692307692314,-19.98233955707629,scenario,USD_per_100_existing_principal,incompatible,colb-office-normalized-refi@1,refi-gap@1,aef4a56a6829d5420685a4d498058e83ccc08e12+tree.4e67479291c8900b,core_91b5066f446edff27455cc21;core_9681538c828f8a010da4bb82
0.055,-0.2,100,0.08,0.65,1.25,0,9.649122807017545,7.719298245614036,118.75843454790824,77.19298245614036,77.19298245614036,77.19298245614036,22.807017543859644,LTV,-32.307692307692314,-3.6363636363636376,scenario,USD_per_100_existing_principal,incompatible,colb-office-normalized-refi@1,refi-gap@1,aef4a56a6829d5420685a4d498058e83ccc08e12+tree.4e67479291c8900b,core_91b5066f446edff27455cc21;core_9681538c828f8a010da4bb82
0.055,-0.2,100,0.09,0.6,1.25,25,9.649122807017545,7.719298245614036,118.75843454790824,71.25506072874494,61.32294005802694,61.32294005802694,38.67705994197306,DSCR,-32.307692307692314,-30.456889255961727,scenario,USD_per_100_existing_principal,incompatible,colb-office-normalized-refi@1,refi-gap@1,aef4a56a6829d5420685a4d498058e83ccc08e12+tree.4e67479291c8900b,core_91b5066f446edff27455cc21;core_9681538c828f8a010da4bb82
0.055,-0.2,100,0.09,0.6,1.25,0,9.649122807017545,7.719298245614036,118.75843454790824,71.25506072874494,68.61598440545811,68.61598440545811,31.384015594541893,DSCR,-32.307692307692314,-16.59090909090908,scenario,USD_per_100_existing_principal,incompatible,colb-office-normalized-refi@1,refi-gap@1,aef4a56a6829d5420685a4d498058e83ccc08e12+tree.4e67479291c8900b,core_91b5066f446edff27455cc21;core_9681538c828f8a010da4bb82
0.055,-0.2,100,0.09,0.65,1.25,25,9.649122807017545,7.719298245614036,118.75843454790824,77.19298245614036,61.32294005802694,61.32294005802694,38.67705994197306,DSCR,-32.307692307692314,-30.456889255961727,scenario,USD_per_100_existing_principal,incompatible,colb-office-normalized-refi@1,refi-gap@1,aef4a56a6829d5420685a4d498058e83ccc08e12+tree.4e67479291c8900b,core_91b5066f446edff27455cc21;core_9681538c828f8a010da4bb82
0.055,-0.2,100,0.09,0.65,1.25,0,9.649122807017545,7.719298245614036,118.75843454790824,77.19298245614036,68.61598440545811,68.61598440545811,31.384015594541893,DSCR,-32.307692307692314,-16.59090909090908,scenario,USD_per_100_existing_principal,incompatible,colb-office-normalized-refi@1,refi-gap@1,aef4a56a6829d5420685a4d498058e83ccc08e12+tree.4e67479291c8900b,core_91b5066f446edff27455cc21;core_9681538c828f8a010da4bb82
0.055,-0.2,200,0.06,0.6,1.25,25,9.649122807017545,7.719298245614036,102.92397660818715,61.75438596491229,79.87253820252722,61.75438596491229,38.24561403508771,LTV,-41.333333333333336,-29.54545454545452,scenario,USD_per_100_existing_principal,incompatible,colb-office-normalized-refi@1,refi-gap@1,aef4a56a6829d5420685a4d498058e83ccc08e12+tree.4e67479291c8900b,core_91b5066f446edff27455cc21;core_9681538c828f8a010da4bb82
0.055,-0.2,200,0.06,0.6,1.25,0,9.649122807017545,7.719298245614036,102.92397660818715,61.75438596491229,102.92397660818715,61.75438596491229,38.24561403508771,LTV,-41.333333333333336,-29.54545454545452,scenario,USD_per_100_existing_principal,incompatible,colb-office-normalized-refi@1,refi-gap@1,aef4a56a6829d5420685a4d498058e83ccc08e12+tree.4e67479291c8900b,core_91b5066f446edff27455cc21;core_9681538c828f8a010da4bb82
0.055,-0.2,200,0.06,0.65,1.25,25,9.649122807017545,7.719298245614036,102.92397660818715,66.90058479532165,79.87253820252722,66.90058479532165,33.09941520467835,LTV,-41.333333333333336,-19.580419580419562,scenario,USD_per_100_existing_principal,incompatible,colb-office-normalized-refi@1,refi-gap@1,aef4a56a6829d5420685a4d498058e83ccc08e12+tree.4e67479291c8900b,core_91b5066f446edff27455cc21;core_9681538c828f8a010da4bb82
0.055,-0.2,200,0.06,0.65,1.25,0,9.649122807017545,7.719298245614036,102.92397660818715,66.90058479532165,102.92397660818715,66.90058479532165,33.09941520467835,LTV,-41.333333333333336,-19.580419580419562,scenario,USD_per_100_existing_principal,incompatible,colb-office-normalized-refi@1,refi-gap@1,aef4a56a6829d5420685a4d498058e83ccc08e12+tree.4e67479291c8900b,core_91b5066f446edff27455cc21;core_9681538c828f8a010da4bb82
0.055,-0.2,200,0.07,0.6,1.25,25,9.649122807017545,7.719298245614036,102.92397660818715,61.75438596491229,72.81197367225803,61.75438596491229,38.24561403508771,LTV,-41.333333333333336,-29.54545454545452,scenario,USD_per_100_existing_principal,incompatible,colb-office-normalized-refi@1,refi-gap@1,aef4a56a6829d5420685a4d498058e83ccc08e12+tree.4e67479291c8900b,core_91b5066f446edff27455cc21;core_9681538c828f8a010da4bb82
0.055,-0.2,200,0.07,0.6,1.25,0,9.649122807017545,7.719298245614036,102.92397660818715,61.75438596491229,88.22055137844612,61.75438596491229,38.24561403508771,LTV,-41.333333333333336,-29.54545454545452,scenario,USD_per_100_existing_principal,incompatible,colb-office-normalized-refi@1,refi-gap@1,aef4a56a6829d5420685a4d498058e83ccc08e12+tree.4e67479291c8900b,core_91b5066f446edff27455cc21;core_9681538c828f8a010da4bb82
0.055,-0.2,200,0.07,0.65,1.25,25,9.649122807017545,7.719298245614036,102.92397660818715,66.90058479532165,72.81197367225803,66.90058479532165,33.09941520467835,LTV,-41.333333333333336,-19.580419580419562,scenario,USD_per_100_existing_principal,incompatible,colb-office-normalized-refi@1,refi-gap@1,aef4a56a6829d5420685a4d498058e83ccc08e12+tree.4e67479291c8900b,core_91b5066f446edff27455cc21;core_9681538c828f8a010da4bb82
0.055,-0.2,200,0.07,0.65,1.25,0,9.649122807017545,7.719298245614036,102.92397660818715,66.90058479532165,88.22055137844612,66.90058479532165,33.09941520467835,LTV,-41.333333333333336,-19.580419580419562,scenario,USD_per_100_existing_principal,incompatible,colb-office-normalized-refi@1,refi-gap@1,aef4a56a6829d5420685a4d498058e83ccc08e12+tree.4e67479291c8900b,core_91b5066f446edff27455cc21;core_9681538c828f8a010da4bb82
0.055,-0.2,200,0.08,0.6,1.25,25,9.649122807017545,7.719298245614036,102.92397660818715,61.75438596491229,66.67647946799998,61.75438596491229,38.24561403508771,LTV,-41.333333333333336,-29.54545454545452,scenario,USD_per_100_existing_principal,incompatible,colb-office-normalized-refi@1,refi-gap@1,aef4a56a6829d5420685a4d498058e83ccc08e12+tree.4e67479291c8900b,core_91b5066f446edff27455cc21;core_9681538c828f8a010da4bb82
0.055,-0.2,200,0.08,0.6,1.25,0,9.649122807017545,7.719298245614036,102.92397660818715,61.75438596491229,77.19298245614036,61.75438596491229,38.24561403508771,LTV,-41.333333333333336,-29.54545454545452,scenario,USD_per_100_existing_principal,incompatible,colb-office-normalized-refi@1,refi-gap@1,aef4a56a6829d5420685a4d498058e83ccc08e12+tree.4e67479291c8900b,core_91b5066f446edff27455cc21;core_9681538c828f8a010da4bb82
0.055,-0.2,200,0.08,0.65,1.25,25,9.649122807017545,7.719298245614036,102.92397660818715,66.90058479532165,66.67647946799998,66.67647946799998,33.32352053200002,DSCR,-41.333333333333336,-19.98233955707629,scenario,USD_per_100_existing_principal,incompatible,colb-office-normalized-refi@1,refi-gap@1,aef4a56a6829d5420685a4d498058e83ccc08e12+tree.4e67479291c8900b,core_91b5066f446edff27455cc21;core_9681538c828f8a010da4bb82
0.055,-0.2,200,0.08,0.65,1.25,0,9.649122807017545,7.719298245614036,102.92397660818715,66.90058479532165,77.19298245614036,66.90058479532165,33.09941520467835,LTV,-41.333333333333336,-19.580419580419562,scenario,USD_per_100_existing_principal,incompatible,colb-office-normalized-refi@1,refi-gap@1,aef4a56a6829d5420685a4d498058e83ccc08e12+tree.4e67479291c8900b,core_91b5066f446edff27455cc21;core_9681538c828f8a010da4bb82
0.055,-0.2,200,0.09,0.6,1.25,25,9.649122807017545,7.719298245614036,102.92397660818715,61.75438596491229,61.32294005802694,61.32294005802694,38.67705994197306,DSCR,-41.333333333333336,-30.456889255961727,scenario,USD_per_100_existing_principal,incompatible,colb-office-normalized-refi@1,refi-gap@1,aef4a56a6829d5420685a4d498058e83ccc08e12+tree.4e67479291c8900b,core_91b5066f446edff27455cc21;core_9681538c828f8a010da4bb82
0.055,-0.2,200,0.09,0.6,1.25,0,9.649122807017545,7.719298245614036,102.92397660818715,61.75438596491229,68.61598440545811,61.75438596491229,38.24561403508771,LTV,-41.333333333333336,-29.54545454545452,scenario,USD_per_100_existing_principal,incompatible,colb-office-normalized-refi@1,refi-gap@1,aef4a56a6829d5420685a4d498058e83ccc08e12+tree.4e67479291c8900b,core_91b5066f446edff27455cc21;core_9681538c828f8a010da4bb82
0.055,-0.2,200,0.09,0.65,1.25,25,9.649122807017545,7.719298245614036,102.92397660818715,66.90058479532165,61.32294005802694,61.32294005802694,38.67705994197306,DSCR,-41.333333333333336,-30.456889255961727,scenario,USD_per_100_existing_principal,incompatible,colb-office-normalized-refi@1,refi-gap@1,aef4a56a6829d5420685a4d498058e83ccc08e12+tree.4e67479291c8900b,core_91b5066f446edff27455cc21;core_9681538c828f8a010da4bb82
0.055,-0.2,200,0.09,0.65,1.25,0,9.649122807017545,7.719298245614036,102.92397660818715,66.90058479532165,68.61598440545811,66.90058479532165,33.09941520467835,LTV,-41.333333333333336,-19.580419580419562,scenario,USD_per_100_existing_principal,incompatible,colb-office-normalized-refi@1,refi-gap@1,aef4a56a6829d5420685a4d498058e83ccc08e12+tree.4e67479291c8900b,core_91b5066f446edff27455cc21;core_9681538c828f8a010da4bb82
0.055,-0.3,0,0.06,0.6,1.25,25,9.649122807017545,6.754385964912281,122.80701754385966,73.6842105263158,69.88847092721132,69.88847092721132,30.111529072788684,DSCR,-30.000000000000004,-0.15958150365724677,scenario,USD_per_100_existing_principal,incompatible,colb-office-normalized-refi@1,refi-gap@1,aef4a56a6829d5420685a4d498058e83ccc08e12+tree.4e67479291c8900b,core_91b5066f446edff27455cc21;core_9681538c828f8a010da4bb82
0.055,-0.3,0,0.06,0.6,1.25,0,9.649122807017545,6.754385964912281,122.80701754385966,73.6842105263158,90.05847953216374,73.6842105263158,26.315789473684205,LTV,-30.000000000000004,5.000000000000016,scenario,USD_per_100_existing_principal,incompatible,colb-office-normalized-refi@1,refi-gap@1,aef4a56a6829d5420685a4d498058e83ccc08e12+tree.4e67479291c8900b,core_91b5066f446edff27455cc21;core_9681538c828f8a010da4bb82
0.055,-0.3,0,0.06,0.65,1.25,25,9.649122807017545,6.754385964912281,122.80701754385966,79.82456140350878,69.88847092721132,69.88847092721132,30.111529072788684,DSCR,-30.000000000000004,-0.15958150365724677,scenario,USD_per_100_existing_principal,incompatible,colb-office-normalized-refi@1,refi-gap@1,aef4a56a6829d5420685a4d498058e83ccc08e12+tree.4e67479291c8900b,core_91b5066f446edff27455cc21;core_9681538c828f8a010da4bb82
0.055,-0.3,0,0.06,0.65,1.25,0,9.649122807017545,6.754385964912281,122.80701754385966,79.82456140350878,90.05847953216374,79.82456140350878,20.17543859649122,LTV,-30.000000000000004,12.307692307692331,scenario,USD_per_100_existing_principal,incompatible,colb-office-normalized-refi@1,refi-gap@1,aef4a56a6829d5420685a4d498058e83ccc08e12+tree.4e67479291c8900b,core_91b5066f446edff27455cc21;core_9681538c828f8a010da4bb82
0.055,-0.3,0,0.07,0.6,1.25,25,9.649122807017545,6.754385964912281,122.80701754385966,73.6842105263158,63.71047696322577,63.71047696322577,36.28952303677423,DSCR,-30.000000000000004,-9.872038849127751,scenario,USD_per_100_existing_principal,incompatible,colb-office-normalized-refi@1,refi-gap@1,aef4a56a6829d5420685a4d498058e83ccc08e12+tree.4e67479291c8900b,core_91b5066f446edff27455cc21;core_9681538c828f8a010da4bb82
0.055,-0.3,0,0.07,0.6,1.25,0,9.649122807017545,6.754385964912281,122.80701754385966,73.6842105263158,77.19298245614034,73.6842105263158,26.315789473684205,LTV,-30.000000000000004,5.000000000000016,scenario,USD_per_100_existing_principal,incompatible,colb-office-normalized-refi@1,refi-gap@1,aef4a56a6829d5420685a4d498058e83ccc08e12+tree.4e67479291c8900b,core_91b5066f446edff27455cc21;core_9681538c828f8a010da4bb82
0.055,-0.3,0,0.07,0.65,1.25,25,9.649122807017545,6.754385964912281,122.80701754385966,79.82456140350878,63.71047696322577,63.71047696322577,36.28952303677423,DSCR,-30.000000000000004,-9.872038849127751,scenario,USD_per_100_existing_principal,incompatible,colb-office-normalized-refi@1,refi-gap@1,aef4a56a6829d5420685a4d498058e83ccc08e12+tree.4e67479291c8900b,core_91b5066f446edff27455cc21;core_9681538c828f8a010da4bb82
0.055,-0.3,0,0.07,0.65,1.25,0,9.649122807017545,6.754385964912281,122.80701754385966,79.82456140350878,77.19298245614034,77.19298245614034,22.807017543859658,DSCR,-30.000000000000004,9.318181818181825,scenario,USD_per_100_existing_principal,incompatible,colb-office-normalized-refi@1,refi-gap@1,aef4a56a6829d5420685a4d498058e83ccc08e12+tree.4e67479291c8900b,core_91b5066f446edff27455cc21;core_9681538c828f8a010da4bb82
0.055,-0.3,0,0.08,0.6,1.25,25,9.649122807017545,6.754385964912281,122.80701754385966,73.6842105263158,58.34191953449998,58.34191953449998,41.65808046550002,DSCR,-30.000000000000004,-19.98233955707629,scenario,USD_per_100_existing_principal,incompatible,colb-office-normalized-refi@1,refi-gap@1,aef4a56a6829d5420685a4d498058e83ccc08e12+tree.4e67479291c8900b,core_91b5066f446edff27455cc21;core_9681538c828f8a010da4bb82
0.055,-0.3,0,0.08,0.6,1.25,0,9.649122807017545,6.754385964912281,122.80701754385966,73.6842105263158,67.54385964912281,67.54385964912281,32.45614035087719,DSCR,-30.000000000000004,-3.6363636363636376,scenario,USD_per_100_existing_principal,incompatible,colb-office-normalized-refi@1,refi-gap@1,aef4a56a6829d5420685a4d498058e83ccc08e12+tree.4e67479291c8900b,core_91b5066f446edff27455cc21;core_9681538c828f8a010da4bb82
0.055,-0.3,0,0.08,0.65,1.25,25,9.649122807017545,6.754385964912281,122.80701754385966,79.82456140350878,58.34191953449998,58.34191953449998,41.65808046550002,DSCR,-30.000000000000004,-19.98233955707629,scenario,USD_per_100_existing_principal,incompatible,colb-office-normalized-refi@1,refi-gap@1,aef4a56a6829d5420685a4d498058e83ccc08e12+tree.4e67479291c8900b,core_91b5066f446edff27455cc21;core_9681538c828f8a010da4bb82
0.055,-0.3,0,0.08,0.65,1.25,0,9.649122807017545,6.754385964912281,122.80701754385966,79.82456140350878,67.54385964912281,67.54385964912281,32.45614035087719,DSCR,-30.000000000000004,-3.6363636363636376,scenario,USD_per_100_existing_principal,incompatible,colb-office-normalized-refi@1,refi-gap@1,aef4a56a6829d5420685a4d498058e83ccc08e12+tree.4e67479291c8900b,core_91b5066f446edff27455cc21;core_9681538c828f8a010da4bb82
0.055,-0.3,0,0.09,0.6,1.25,25,9.649122807017545,6.754385964912281,122.80701754385966,73.6842105263158,53.657572550773565,53.657572550773565,46.342427449226435,DSCR,-30.000000000000004,-30.456889255961727,scenario,USD_per_100_existing_principal,incompatible,colb-office-normalized-refi@1,refi-gap@1,aef4a56a6829d5420685a4d498058e83ccc08e12+tree.4e67479291c8900b,core_91b5066f446edff27455cc21;core_9681538c828f8a010da4bb82
0.055,-0.3,0,0.09,0.6,1.25,0,9.649122807017545,6.754385964912281,122.80701754385966,73.6842105263158,60.03898635477584,60.03898635477584,39.96101364522416,DSCR,-30.000000000000004,-16.59090909090908,scenario,USD_per_100_existing_principal,incompatible,colb-office-normalized-refi@1,refi-gap@1,aef4a56a6829d5420685a4d498058e83ccc08e12+tree.4e67479291c8900b,core_91b5066f446edff27455cc21;core_9681538c828f8a010da4bb82
0.055,-0.3,0,0.09,0.65,1.25,25,9.649122807017545,6.754385964912281,122.80701754385966,79.82456140350878,53.657572550773565,53.657572550773565,46.342427449226435,DSCR,-30.000000000000004,-30.456889255961727,scenario,USD_per_100_existing_principal,incompatible,colb-office-normalized-refi@1,refi-gap@1,aef4a56a6829d5420685a4d498058e83ccc08e12+tree.4e67479291c8900b,core_91b5066f446edff27455cc21;core_9681538c828f8a010da4bb82
0.055,-0.3,0,0.09,0.65,1.25,0,9.649122807017545,6.754385964912281,122.80701754385966,79.82456140350878,60.03898635477584,60.03898635477584,39.96101364522416,DSCR,-30.000000000000004,-16.59090909090908,scenario,USD_per_100_existing_principal,incompatible,colb-office-normalized-refi@1,refi-gap@1,aef4a56a6829d5420685a4d498058e83ccc08e12+tree.4e67479291c8900b,core_91b5066f446edff27455cc21;core_9681538c828f8a010da4bb82
0.055,-0.3,100,0.06,0.6,1.25,25,9.649122807017545,6.754385964912281,103.9136302294197,62.348178137651814,69.88847092721132,62.348178137651814,37.651821862348186,LTV,-40.76923076923078,-12.272727272727257,scenario,USD_per_100_existing_principal,incompatible,colb-office-normalized-refi@1,refi-gap@1,aef4a56a6829d5420685a4d498058e83ccc08e12+tree.4e67479291c8900b,core_91b5066f446edff27455cc21;core_9681538c828f8a010da4bb82
0.055,-0.3,100,0.06,0.6,1.25,0,9.649122807017545,6.754385964912281,103.9136302294197,62.348178137651814,90.05847953216374,62.348178137651814,37.651821862348186,LTV,-40.76923076923078,-12.272727272727257,scenario,USD_per_100_existing_principal,incompatible,colb-office-normalized-refi@1,refi-gap@1,aef4a56a6829d5420685a4d498058e83ccc08e12+tree.4e67479291c8900b,core_91b5066f446edff27455cc21;core_9681538c828f8a010da4bb82
0.055,-0.3,100,0.06,0.65,1.25,25,9.649122807017545,6.754385964912281,103.9136302294197,67.54385964912281,69.88847092721132,67.54385964912281,32.45614035087719,LTV,-40.76923076923078,-3.6363636363636154,scenario,USD_per_100_existing_principal,incompatible,colb-office-normalized-refi@1,refi-gap@1,aef4a56a6829d5420685a4d498058e83ccc08e12+tree.4e67479291c8900b,core_91b5066f446edff27455cc21;core_9681538c828f8a010da4bb82
0.055,-0.3,100,0.06,0.65,1.25,0,9.649122807017545,6.754385964912281,103.9136302294197,67.54385964912281,90.05847953216374,67.54385964912281,32.45614035087719,LTV,-40.76923076923078,-3.6363636363636154,scenario,USD_per_100_existing_principal,incompatible,colb-office-normalized-refi@1,refi-gap@1,aef4a56a6829d5420685a4d498058e83ccc08e12+tree.4e67479291c8900b,core_91b5066f446edff27455cc21;core_9681538c828f8a010da4bb82
0.055,-0.3,100,0.07,0.6,1.25,25,9.649122807017545,6.754385964912281,103.9136302294197,62.348178137651814,63.71047696322577,62.348178137651814,37.651821862348186,LTV,-40.76923076923078,-12.272727272727257,scenario,USD_per_100_existing_principal,incompatible,colb-office-normalized-refi@1,refi-gap@1,aef4a56a6829d5420685a4d498058e83ccc08e12+tree.4e67479291c8900b,core_91b5066f446edff27455cc21;core_9681538c828f8a010da4bb82
0.055,-0.3,100,0.07,0.6,1.25,0,9.649122807017545,6.754385964912281,103.9136302294197,62.348178137651814,77.19298245614034,62.348178137651814,37.651821862348186,LTV,-40.76923076923078,-12.272727272727257,scenario,USD_per_100_existing_principal,incompatible,colb-office-normalized-refi@1,refi-gap@1,aef4a56a6829d5420685a4d498058e83ccc08e12+tree.4e67479291c8900b,core_91b5066f446edff27455cc21;core_9681538c828f8a010da4bb82
0.055,-0.3,100,0.07,0.65,1.25,25,9.649122807017545,6.754385964912281,103.9136302294197,67.54385964912281,63.71047696322577,63.71047696322577,36.28952303677423,DSCR,-40.76923076923078,-9.872038849127751,scenario,USD_per_100_existing_principal,incompatible,colb-office-normalized-refi@1,refi-gap@1,aef4a56a6829d5420685a4d498058e83ccc08e12+tree.4e67479291c8900b,core_91b5066f446edff27455cc21;core_9681538c828f8a010da4bb82
0.055,-0.3,100,0.07,0.65,1.25,0,9.649122807017545,6.754385964912281,103.9136302294197,67.54385964912281,77.19298245614034,67.54385964912281,32.45614035087719,LTV,-40.76923076923078,-3.6363636363636154,scenario,USD_per_100_existing_principal,incompatible,colb-office-normalized-refi@1,refi-gap@1,aef4a56a6829d5420685a4d498058e83ccc08e12+tree.4e67479291c8900b,core_91b5066f446edff27455cc21;core_9681538c828f8a010da4bb82
0.055,-0.3,100,0.08,0.6,1.25,25,9.649122807017545,6.754385964912281,103.9136302294197,62.348178137651814,58.34191953449998,58.34191953449998,41.65808046550002,DSCR,-40.76923076923078,-19.98233955707629,scenario,USD_per_100_existing_principal,incompatible,colb-office-normalized-refi@1,refi-gap@1,aef4a56a6829d5420685a4d498058e83ccc08e12+tree.4e67479291c8900b,core_91b5066f446edff27455cc21;core_9681538c828f8a010da4bb82
0.055,-0.3,100,0.08,0.6,1.25,0,9.649122807017545,6.754385964912281,103.9136302294197,62.348178137651814,67.54385964912281,62.348178137651814,37.651821862348186,LTV,-40.76923076923078,-12.272727272727257,scenario,USD_per_100_existing_principal,incompatible,colb-office-normalized-refi@1,refi-gap@1,aef4a56a6829d5420685a4d498058e83ccc08e12+tree.4e67479291c8900b,core_91b5066f446edff27455cc21;core_9681538c828f8a010da4bb82
0.055,-0.3,100,0.08,0.65,1.25,25,9.649122807017545,6.754385964912281,103.9136302294197,67.54385964912281,58.34191953449998,58.34191953449998,41.65808046550002,DSCR,-40.76923076923078,-19.98233955707629,scenario,USD_per_100_existing_principal,incompatible,colb-office-normalized-refi@1,refi-gap@1,aef4a56a6829d5420685a4d498058e83ccc08e12+tree.4e67479291c8900b,core_91b5066f446edff27455cc21;core_9681538c828f8a010da4bb82
0.055,-0.3,100,0.08,0.65,1.25,0,9.649122807017545,6.754385964912281,103.9136302294197,67.54385964912281,67.54385964912281,67.54385964912281,32.45614035087719,LTV,-40.76923076923078,-3.6363636363636376,scenario,USD_per_100_existing_principal,incompatible,colb-office-normalized-refi@1,refi-gap@1,aef4a56a6829d5420685a4d498058e83ccc08e12+tree.4e67479291c8900b,core_91b5066f446edff27455cc21;core_9681538c828f8a010da4bb82
0.055,-0.3,100,0.09,0.6,1.25,25,9.649122807017545,6.754385964912281,103.9136302294197,62.348178137651814,53.657572550773565,53.657572550773565,46.342427449226435,DSCR,-40.76923076923078,-30.456889255961727,scenario,USD_per_100_existing_principal,incompatible,colb-office-normalized-refi@1,refi-gap@1,aef4a56a6829d5420685a4d498058e83ccc08e12+tree.4e67479291c8900b,core_91b5066f446edff27455cc21;core_9681538c828f8a010da4bb82
0.055,-0.3,100,0.09,0.6,1.25,0,9.649122807017545,6.754385964912281,103.9136302294197,62.348178137651814,60.03898635477584,60.03898635477584,39.96101364522416,DSCR,-40.76923076923078,-16.59090909090908,scenario,USD_per_100_existing_principal,incompatible,colb-office-normalized-refi@1,refi-gap@1,aef4a56a6829d5420685a4d498058e83ccc08e12+tree.4e67479291c8900b,core_91b5066f446edff27455cc21;core_9681538c828f8a010da4bb82
0.055,-0.3,100,0.09,0.65,1.25,25,9.649122807017545,6.754385964912281,103.9136302294197,67.54385964912281,53.657572550773565,53.657572550773565,46.342427449226435,DSCR,-40.76923076923078,-30.456889255961727,scenario,USD_per_100_existing_principal,incompatible,colb-office-normalized-refi@1,refi-gap@1,aef4a56a6829d5420685a4d498058e83ccc08e12+tree.4e67479291c8900b,core_91b5066f446edff27455cc21;core_9681538c828f8a010da4bb82
0.055,-0.3,100,0.09,0.65,1.25,0,9.649122807017545,6.754385964912281,103.9136302294197,67.54385964912281,60.03898635477584,60.03898635477584,39.96101364522416,DSCR,-40.76923076923078,-16.59090909090908,scenario,USD_per_100_existing_principal,incompatible,colb-office-normalized-refi@1,refi-gap@1,aef4a56a6829d5420685a4d498058e83ccc08e12+tree.4e67479291c8900b,core_91b5066f446edff27455cc21;core_9681538c828f8a010da4bb82
0.055,-0.3,200,0.06,0.6,1.25,25,9.649122807017545,6.754385964912281,90.05847953216374,54.03508771929825,69.88847092721132,54.03508771929825,45.96491228070175,LTV,-48.66666666666667,-29.54545454545452,scenario,USD_per_100_existing_principal,incompatible,colb-office-normalized-refi@1,refi-gap@1,aef4a56a6829d5420685a4d498058e83ccc08e12+tree.4e67479291c8900b,core_91b5066f446edff27455cc21;core_9681538c828f8a010da4bb82
0.055,-0.3,200,0.06,0.6,1.25,0,9.649122807017545,6.754385964912281,90.05847953216374,54.03508771929825,90.05847953216374,54.03508771929825,45.96491228070175,LTV,-48.66666666666667,-29.54545454545452,scenario,USD_per_100_existing_principal,incompatible,colb-office-normalized-refi@1,refi-gap@1,aef4a56a6829d5420685a4d498058e83ccc08e12+tree.4e67479291c8900b,core_91b5066f446edff27455cc21;core_9681538c828f8a010da4bb82
0.055,-0.3,200,0.06,0.65,1.25,25,9.649122807017545,6.754385964912281,90.05847953216374,58.538011695906434,69.88847092721132,58.538011695906434,41.461988304093566,LTV,-48.66666666666667,-19.580419580419562,scenario,USD_per_100_existing_principal,incompatible,colb-office-normalized-refi@1,refi-gap@1,aef4a56a6829d5420685a4d498058e83ccc08e12+tree.4e67479291c8900b,core_91b5066f446edff27455cc21;core_9681538c828f8a010da4bb82
0.055,-0.3,200,0.06,0.65,1.25,0,9.649122807017545,6.754385964912281,90.05847953216374,58.538011695906434,90.05847953216374,58.538011695906434,41.461988304093566,LTV,-48.66666666666667,-19.580419580419562,scenario,USD_per_100_existing_principal,incompatible,colb-office-normalized-refi@1,refi-gap@1,aef4a56a6829d5420685a4d498058e83ccc08e12+tree.4e67479291c8900b,core_91b5066f446edff27455cc21;core_9681538c828f8a010da4bb82
0.055,-0.3,200,0.07,0.6,1.25,25,9.649122807017545,6.754385964912281,90.05847953216374,54.03508771929825,63.71047696322577,54.03508771929825,45.96491228070175,LTV,-48.66666666666667,-29.54545454545452,scenario,USD_per_100_existing_principal,incompatible,colb-office-normalized-refi@1,refi-gap@1,aef4a56a6829d5420685a4d498058e83ccc08e12+tree.4e67479291c8900b,core_91b5066f446edff27455cc21;core_9681538c828f8a010da4bb82
0.055,-0.3,200,0.07,0.6,1.25,0,9.649122807017545,6.754385964912281,90.05847953216374,54.03508771929825,77.19298245614034,54.03508771929825,45.96491228070175,LTV,-48.66666666666667,-29.54545454545452,scenario,USD_per_100_existing_principal,incompatible,colb-office-normalized-refi@1,refi-gap@1,aef4a56a6829d5420685a4d498058e83ccc08e12+tree.4e67479291c8900b,core_91b5066f446edff27455cc21;core_9681538c828f8a010da4bb82
0.055,-0.3,200,0.07,0.65,1.25,25,9.649122807017545,6.754385964912281,90.05847953216374,58.538011695906434,63.71047696322577,58.538011695906434,41.461988304093566,LTV,-48.66666666666667,-19.580419580419562,scenario,USD_per_100_existing_principal,incompatible,colb-office-normalized-refi@1,refi-gap@1,aef4a56a6829d5420685a4d498058e83ccc08e12+tree.4e67479291c8900b,core_91b5066f446edff27455cc21;core_9681538c828f8a010da4bb82
0.055,-0.3,200,0.07,0.65,1.25,0,9.649122807017545,6.754385964912281,90.05847953216374,58.538011695906434,77.19298245614034,58.538011695906434,41.461988304093566,LTV,-48.66666666666667,-19.580419580419562,scenario,USD_per_100_existing_principal,incompatible,colb-office-normalized-refi@1,refi-gap@1,aef4a56a6829d5420685a4d498058e83ccc08e12+tree.4e67479291c8900b,core_91b5066f446edff27455cc21;core_9681538c828f8a010da4bb82
0.055,-0.3,200,0.08,0.6,1.25,25,9.649122807017545,6.754385964912281,90.05847953216374,54.03508771929825,58.34191953449998,54.03508771929825,45.96491228070175,LTV,-48.66666666666667,-29.54545454545452,scenario,USD_per_100_existing_principal,incompatible,colb-office-normalized-refi@1,refi-gap@1,aef4a56a6829d5420685a4d498058e83ccc08e12+tree.4e67479291c8900b,core_91b5066f446edff27455cc21;core_9681538c828f8a010da4bb82
0.055,-0.3,200,0.08,0.6,1.25,0,9.649122807017545,6.754385964912281,90.05847953216374,54.03508771929825,67.54385964912281,54.03508771929825,45.96491228070175,LTV,-48.66666666666667,-29.54545454545452,scenario,USD_per_100_existing_principal,incompatible,colb-office-normalized-refi@1,refi-gap@1,aef4a56a6829d5420685a4d498058e83ccc08e12+tree.4e67479291c8900b,core_91b5066f446edff27455cc21;core_9681538c828f8a010da4bb82
0.055,-0.3,200,0.08,0.65,1.25,25,9.649122807017545,6.754385964912281,90.05847953216374,58.538011695906434,58.34191953449998,58.34191953449998,41.65808046550002,DSCR,-48.66666666666667,-19.98233955707629,scenario,USD_per_100_existing_principal,incompatible,colb-office-normalized-refi@1,refi-gap@1,aef4a56a6829d5420685a4d498058e83ccc08e12+tree.4e67479291c8900b,core_91b5066f446edff27455cc21;core_9681538c828f8a010da4bb82
0.055,-0.3,200,0.08,0.65,1.25,0,9.649122807017545,6.754385964912281,90.05847953216374,58.538011695906434,67.54385964912281,58.538011695906434,41.461988304093566,LTV,-48.66666666666667,-19.580419580419562,scenario,USD_per_100_existing_principal,incompatible,colb-office-normalized-refi@1,refi-gap@1,aef4a56a6829d5420685a4d498058e83ccc08e12+tree.4e67479291c8900b,core_91b5066f446edff27455cc21;core_9681538c828f8a010da4bb82
0.055,-0.3,200,0.09,0.6,1.25,25,9.649122807017545,6.754385964912281,90.05847953216374,54.03508771929825,53.657572550773565,53.657572550773565,46.342427449226435,DSCR,-48.66666666666667,-30.456889255961727,scenario,USD_per_100_existing_principal,incompatible,colb-office-normalized-refi@1,refi-gap@1,aef4a56a6829d5420685a4d498058e83ccc08e12+tree.4e67479291c8900b,core_91b5066f446edff27455cc21;core_9681538c828f8a010da4bb82
0.055,-0.3,200,0.09,0.6,1.25,0,9.649122807017545,6.754385964912281,90.05847953216374,54.03508771929825,60.03898635477584,54.03508771929825,45.96491228070175,LTV,-48.66666666666667,-29.54545454545452,scenario,USD_per_100_existing_principal,incompatible,colb-office-normalized-refi@1,refi-gap@1,aef4a56a6829d5420685a4d498058e83ccc08e12+tree.4e67479291c8900b,core_91b5066f446edff27455cc21;core_9681538c828f8a010da4bb82
0.055,-0.3,200,0.09,0.65,1.25,25,9.649122807017545,6.754385964912281,90.05847953216374,58.538011695906434,53.657572550773565,53.657572550773565,46.342427449226435,DSCR,-48.66666666666667,-30.456889255961727,scenario,USD_per_100_existing_principal,incompatible,colb-office-normalized-refi@1,refi-gap@1,aef4a56a6829d5420685a4d498058e83ccc08e12+tree.4e67479291c8900b,core_91b5066f446edff27455cc21;core_9681538c828f8a010da4bb82
0.055,-0.3,200,0.09,0.65,1.25,0,9.649122807017545,6.754385964912281,90.05847953216374,58.538011695906434,60.03898635477584,58.538011695906434,41.461988304093566,LTV,-48.66666666666667,-19.580419580419562,scenario,USD_per_100_existing_principal,incompatible,colb-office-normalized-refi@1,refi-gap@1,aef4a56a6829d5420685a4d498058e83ccc08e12+tree.4e67479291c8900b,core_91b5066f446edff27455cc21;core_9681538c828f8a010da4bb82
0.065,0.0,0,0.06,0.6,1.25,25,11.403508771929825,11.403508771929825,175.43859649122808,105.26315789473685,117.99352234464247,105.26315789473685,0.0,LTV,0.0,5.000000000000004,scenario,USD_per_100_existing_principal,incompatible,colb-office-normalized-refi@1,refi-gap@1,aef4a56a6829d5420685a4d498058e83ccc08e12+tree.4e67479291c8900b,core_91b5066f446edff27455cc21;core_9681538c828f8a010da4bb82
0.065,0.0,0,0.06,0.6,1.25,0,11.403508771929825,11.403508771929825,175.43859649122808,105.26315789473685,152.04678362573102,105.26315789473685,0.0,LTV,0.0,5.000000000000004,scenario,USD_per_100_existing_principal,incompatible,colb-office-normalized-refi@1,refi-gap@1,aef4a56a6829d5420685a4d498058e83ccc08e12+tree.4e67479291c8900b,core_91b5066f446edff27455cc21;core_9681538c828f8a010da4bb82
0.065,0.0,0,0.06,0.65,1.25,25,11.403508771929825,11.403508771929825,175.43859649122808,114.03508771929826,117.99352234464247,114.03508771929826,0.0,LTV,0.0,12.307692307692319,scenario,USD_per_100_existing_principal,incompatible,colb-office-normalized-refi@1,refi-gap@1,aef4a56a6829d5420685a4d498058e83ccc08e12+tree.4e67479291c8900b,core_91b5066f446edff27455cc21;core_9681538c828f8a010da4bb82
0.065,0.0,0,0.06,0.65,1.25,0,11.403508771929825,11.403508771929825,175.43859649122808,114.03508771929826,152.04678362573102,114.03508771929826,0.0,LTV,0.0,12.307692307692319,scenario,USD_per_100_existing_principal,incompatible,colb-office-normalized-refi@1,refi-gap@1,aef4a56a6829d5420685a4d498058e83ccc08e12+tree.4e67479291c8900b,core_91b5066f446edff27455cc21;core_9681538c828f8a010da4bb82
0.065,0.0,0,0.07,0.6,1.25,25,11.403508771929825,11.403508771929825,175.43859649122808,105.26315789473685,107.56314292492662,105.26315789473685,0.0,LTV,0.0,5.000000000000004,scenario,USD_per_100_existing_principal,incompatible,colb-office-normalized-refi@1,refi-gap@1,aef4a56a6829d5420685a4d498058e83ccc08e12+tree.4e67479291c8900b,core_91b5066f446edff27455cc21;core_9681538c828f8a010da4bb82
0.065,0.0,0,0.07,0.6,1.25,0,11.403508771929825,11.403508771929825,175.43859649122808,105.26315789473685,130.32581453634086,105.26315789473685,0.0,LTV,0.0,5.000000000000004,scenario,USD_per_100_existing_principal,incompatible,colb-office-normalized-refi@1,refi-gap@1,aef4a56a6829d5420685a4d498058e83ccc08e12+tree.4e67479291c8900b,core_91b5066f446edff27455cc21;core_9681538c828f8a010da4bb82
0.065,0.0,0,0.07,0.65,1.25,25,11.403508771929825,11.403508771929825,175.43859649122808,114.03508771929826,107.56314292492662,107.56314292492662,0.0,DSCR,0.0,7.0313517430457555,scenario,USD_per_100_existing_principal,incompatible,colb-office-normalized-refi@1,refi-gap@1,aef4a56a6829d5420685a4d498058e83ccc08e12+tree.4e67479291c8900b,core_91b5066f446edff27455cc21;core_9681538c828f8a010da4bb82
0.065,0.0,0,0.07,0.65,1.25,0,11.403508771929825,11.403508771929825,175.43859649122808,114.03508771929826,130.32581453634086,114.03508771929826,0.0,LTV,0.0,12.307692307692319,scenario,USD_per_100_existing_principal,incompatible,colb-office-normalized-refi@1,refi-gap@1,aef4a56a6829d5420685a4d498058e83ccc08e12+tree.4e67479291c8900b,core_91b5066f446edff27455cc21;core_9681538c828f8a010da4bb82
0.065,0.0,0,0.08,0.6,1.25,25,11.403508771929825,11.403508771929825,175.43859649122808,105.26315789473685,98.49934466863634,98.49934466863634,1.5006553313636601,DSCR,0.0,-1.5235180867568587,scenario,USD_per_100_existing_principal,incompatible,colb-office-normalized-refi@1,refi-gap@1,aef4a56a6829d5420685a4d498058e83ccc08e12+tree.4e67479291c8900b,core_91b5066f446edff27455cc21;core_9681538c828f8a010da4bb82
0.065,0.0,0,0.08,0.6,1.25,0,11.403508771929825,11.403508771929825,175.43859649122808,105.26315789473685,114.03508771929825,105.26315789473685,0.0,LTV,0.0,5.000000000000004,scenario,USD_per_100_existing_principal,incompatible,colb-office-normalized-refi@1,refi-gap@1,aef4a56a6829d5420685a4d498058e83ccc08e12+tree.4e67479291c8900b,core_91b5066f446edff27455cc21;core_9681538c828f8a010da4bb82
0.065,0.0,0,0.08,0.65,1.25,25,11.403508771929825,11.403508771929825,175.43859649122808,114.03508771929826,98.49934466863634,98.49934466863634,1.5006553313636601,DSCR,0.0,-1.5235180867568587,scenario,USD_per_100_existing_principal,incompatible,colb-office-normalized-refi@1,refi-gap@1,aef4a56a6829d5420685a4d498058e83ccc08e12+tree.4e67479291c8900b,core_91b5066f446edff27455cc21;core_9681538c828f8a010da4bb82
0.065,0.0,0,0.08,0.65,1.25,0,11.403508771929825,11.403508771929825,175.43859649122808,114.03508771929826,114.03508771929825,114.03508771929825,0.0,DSCR,0.0,12.307692307692308,scenario,USD_per_100_existing_principal,incompatible,colb-office-normalized-refi@1,refi-gap@1,aef4a56a6829d5420685a4d498058e83ccc08e12+tree.4e67479291c8900b,core_91b5066f446edff27455cc21;core_9681538c828f8a010da4bb82
0.065,0.0,0,0.09,0.6,1.25,25,11.403508771929825,11.403508771929825,175.43859649122808,105.26315789473685,90.59070690390342,90.59070690390342,9.409293096096576,DSCR,0.0,-10.386598601198394,scenario,USD_per_100_existing_principal,incompatible,colb-office-normalized-refi@1,refi-gap@1,aef4a56a6829d5420685a4d498058e83ccc08e12+tree.4e67479291c8900b,core_91b5066f446edff27455cc21;core_9681538c828f8a010da4bb82
0.065,0.0,0,0.09,0.6,1.25,0,11.403508771929825,11.403508771929825,175.43859649122808,105.26315789473685,101.364522417154,101.364522417154,0.0,DSCR,0.0,1.3461538461538525,scenario,USD_per_100_existing_principal,incompatible,colb-office-normalized-refi@1,refi-gap@1,aef4a56a6829d5420685a4d498058e83ccc08e12+tree.4e67479291c8900b,core_91b5066f446edff27455cc21;core_9681538c828f8a010da4bb82
0.065,0.0,0,0.09,0.65,1.25,25,11.403508771929825,11.403508771929825,175.43859649122808,114.03508771929826,90.59070690390342,90.59070690390342,9.409293096096576,DSCR,0.0,-10.386598601198394,scenario,USD_per_100_existing_principal,incompatible,colb-office-normalized-refi@1,refi-gap@1,aef4a56a6829d5420685a4d498058e83ccc08e12+tree.4e67479291c8900b,core_91b5066f446edff27455cc21;core_9681538c828f8a010da4bb82
0.065,0.0,0,0.09,0.65,1.25,0,11.403508771929825,11.403508771929825,175.43859649122808,114.03508771929826,101.364522417154,101.364522417154,0.0,DSCR,0.0,1.3461538461538525,scenario,USD_per_100_existing_principal,incompatible,colb-office-normalized-refi@1,refi-gap@1,aef4a56a6829d5420685a4d498058e83ccc08e12+tree.4e67479291c8900b,core_91b5066f446edff27455cc21;core_9681538c828f8a010da4bb82
0.065,0.0,100,0.06,0.6,1.25,25,11.403508771929825,11.403508771929825,152.04678362573102,91.22807017543862,117.99352234464247,91.22807017543862,8.771929824561383,LTV,-13.33333333333332,-9.615384615384603,scenario,USD_per_100_existing_principal,incompatible,colb-office-normalized-refi@1,refi-gap@1,aef4a56a6829d5420685a4d498058e83ccc08e12+tree.4e67479291c8900b,core_91b5066f446edff27455cc21;core_9681538c828f8a010da4bb82
0.065,0.0,100,0.06,0.6,1.25,0,11.403508771929825,11.403508771929825,152.04678362573102,91.22807017543862,152.04678362573102,91.22807017543862,8.771929824561383,LTV,-13.33333333333332,-9.615384615384603,scenario,USD_per_100_existing_principal,incompatible,colb-office-normalized-refi@1,refi-gap@1,aef4a56a6829d5420685a4d498058e83ccc08e12+tree.4e67479291c8900b,core_91b5066f446edff27455cc21;core_9681538c828f8a010da4bb82
0.065,0.0,100,0.06,0.65,1.25,25,11.403508771929825,11.403508771929825,152.04678362573102,98.83040935672517,117.99352234464247,98.83040935672517,1.1695906432748302,LTV,-13.33333333333332,-1.1834319526627057,scenario,USD_per_100_existing_principal,incompatible,colb-office-normalized-refi@1,refi-gap@1,aef4a56a6829d5420685a4d498058e83ccc08e12+tree.4e67479291c8900b,core_91b5066f446edff27455cc21;core_9681538c828f8a010da4bb82
0.065,0.0,100,0.06,0.65,1.25,0,11.403508771929825,11.403508771929825,152.04678362573102,98.83040935672517,152.04678362573102,98.83040935672517,1.1695906432748302,LTV,-13.33333333333332,-1.1834319526627057,scenario,USD_per_100_existing_principal,incompatible,colb-office-normalized-refi@1,refi-gap@1,aef4a56a6829d5420685a4d498058e83ccc08e12+tree.4e67479291c8900b,core_91b5066f446edff27455cc21;core_9681538c828f8a010da4bb82
0.065,0.0,100,0.07,0.6,1.25,25,11.403508771929825,11.403508771929825,152.04678362573102,91.22807017543862,107.56314292492662,91.22807017543862,8.771929824561383,LTV,-13.33333333333332,-9.615384615384603,scenario,USD_per_100_existing_principal,incompatible,colb-office-normalized-refi@1,refi-gap@1,aef4a56a6829d5420685a4d498058e83ccc08e12+tree.4e67479291c8900b,core_91b5066f446edff27455cc21;core_9681538c828f8a010da4bb82
0.065,0.0,100,0.07,0.6,1.25,0,11.403508771929825,11.403508771929825,152.04678362573102,91.22807017543862,130.32581453634086,91.22807017543862,8.771929824561383,LTV,-13.33333333333332,-9.615384615384603,scenario,USD_per_100_existing_principal,incompatible,colb-office-normalized-refi@1,refi-gap@1,aef4a56a6829d5420685a4d498058e83ccc08e12+tree.4e67479291c8900b,core_91b5066f446edff27455cc21;core_9681538c828f8a010da4bb82
0.065,0.0,100,0.07,0.65,1.25,25,11.403508771929825,11.403508771929825,152.04678362573102,98.83040935672517,107.56314292492662,98.83040935672517,1.1695906432748302,LTV,-13.33333333333332,-1.1834319526627057,scenario,USD_per_100_existing_principal,incompatible,colb-office-normalized-refi@1,refi-gap@1,aef4a56a6829d5420685a4d498058e83ccc08e12+tree.4e67479291c8900b,core_91b5066f446edff27455cc21;core_9681538c828f8a010da4bb82
0.065,0.0,100,0.07,0.65,1.25,0,11.403508771929825,11.403508771929825,152.04678362573102,98.83040935672517,130.32581453634086,98.83040935672517,1.1695906432748302,LTV,-13.33333333333332,-1.1834319526627057,scenario,USD_per_100_existing_principal,incompatible,colb-office-normalized-refi@1,refi-gap@1,aef4a56a6829d5420685a4d498058e83ccc08e12+tree.4e67479291c8900b,core_91b5066f446edff27455cc21;core_9681538c828f8a010da4bb82
0.065,0.0,100,0.08,0.6,1.25,25,11.403508771929825,11.403508771929825,152.04678362573102,91.22807017543862,98.49934466863634,91.22807017543862,8.771929824561383,LTV,-13.33333333333332,-9.615384615384603,scenario,USD_per_100_existing_principal,incompatible,colb-office-normalized-refi@1,refi-gap@1,aef4a56a6829d5420685a4d498058e83ccc08e12+tree.4e67479291c8900b,core_91b5066f446edff27455cc21;core_9681538c828f8a010da4bb82
0.065,0.0,100,0.08,0.6,1.25,0,11.403508771929825,11.403508771929825,152.04678362573102,91.22807017543862,114.03508771929825,91.22807017543862,8.771929824561383,LTV,-13.33333333333332,-9.615384615384603,scenario,USD_per_100_existing_principal,incompatible,colb-office-normalized-refi@1,refi-gap@1,aef4a56a6829d5420685a4d498058e83ccc08e12+tree.4e67479291c8900b,core_91b5066f446edff27455cc21;core_9681538c828f8a010da4bb82
0.065,0.0,100,0.08,0.65,1.25,25,11.403508771929825,11.403508771929825,152.04678362573102,98.83040935672517,98.49934466863634,98.49934466863634,1.5006553313636601,DSCR,-13.33333333333332,-1.5235180867568587,scenario,USD_per_100_existing_principal,incompatible,colb-office-normalized-refi@1,refi-gap@1,aef4a56a6829d5420685a4d498058e83ccc08e12+tree.4e67479291c8900b,core_91b5066f446edff27455cc21;core_9681538c828f8a010da4bb82
0.065,0.0,100,0.08,0.65,1.25,0,11.403508771929825,11.403508771929825,152.04678362573102,98.83040935672517,114.03508771929825,98.83040935672517,1.1695906432748302,LTV,-13.33333333333332,-1.1834319526627057,scenario,USD_per_100_existing_principal,incompatible,colb-office-normalized-refi@1,refi-gap@1,aef4a56a6829d5420685a4d498058e83ccc08e12+tree.4e67479291c8900b,core_91b5066f446edff27455cc21;core_9681538c828f8a010da4bb82
0.065,0.0,100,0.09,0.6,1.25,25,11.403508771929825,11.403508771929825,152.04678362573102,91.22807017543862,90.59070690390342,90.59070690390342,9.409293096096576,DSCR,-13.33333333333332,-10.386598601198394,scenario,USD_per_100_existing_principal,incompatible,colb-office-normalized-refi@1,refi-gap@1,aef4a56a6829d5420685a4d498058e83ccc08e12+tree.4e67479291c8900b,core_91b5066f446edff27455cc21;core_9681538c828f8a010da4bb82
0.065,0.0,100,0.09,0.6,1.25,0,11.403508771929825,11.403508771929825,152.04678362573102,91.22807017543862,101.364522417154,91.22807017543862,8.771929824561383,LTV,-13.33333333333332,-9.615384615384603,scenario,USD_per_100_existing_principal,incompatible,colb-office-normalized-refi@1,refi-gap@1,aef4a56a6829d5420685a4d498058e83ccc08e12+tree.4e67479291c8900b,core_91b5066f446edff27455cc21;core_9681538c828f8a010da4bb82
0.065,0.0,100,0.09,0.65,1.25,25,11.403508771929825,11.403508771929825,152.04678362573102,98.83040935672517,90.59070690390342,90.59070690390342,9.409293096096576,DSCR,-13.33333333333332,-10.386598601198394,scenario,USD_per_100_existing_principal,incompatible,colb-office-normalized-refi@1,refi-gap@1,aef4a56a6829d5420685a4d498058e83ccc08e12+tree.4e67479291c8900b,core_91b5066f446edff27455cc21;core_9681538c828f8a010da4bb82
0.065,0.0,100,0.09,0.65,1.25,0,11.403508771929825,11.403508771929825,152.04678362573102,98.83040935672517,101.364522417154,98.83040935672517,1.1695906432748302,LTV,-13.33333333333332,-1.1834319526627057,scenario,USD_per_100_existing_principal,incompatible,colb-office-normalized-refi@1,refi-gap@1,aef4a56a6829d5420685a4d498058e83ccc08e12+tree.4e67479291c8900b,core_91b5066f446edff27455cc21;core_9681538c828f8a010da4bb82
0.065,0.0,200,0.06,0.6,1.25,25,11.403508771929825,11.403508771929825,134.15892672858618,80.49535603715171,117.99352234464247,80.49535603715171,19.50464396284829,LTV,-23.529411764705888,-24.230769230769234,scenario,USD_per_100_existing_principal,incompatible,colb-office-normalized-refi@1,refi-gap@1,aef4a56a6829d5420685a4d498058e83ccc08e12+tree.4e67479291c8900b,core_91b5066f446edff27455cc21;core_9681538c828f8a010da4bb82
0.065,0.0,200,0.06,0.6,1.25,0,11.403508771929825,11.403508771929825,134.15892672858618,80.49535603715171,152.04678362573102,80.49535603715171,19.50464396284829,LTV,-23.529411764705888,-24.230769230769234,scenario,USD_per_100_existing_principal,incompatible,colb-office-normalized-refi@1,refi-gap@1,aef4a56a6829d5420685a4d498058e83ccc08e12+tree.4e67479291c8900b,core_91b5066f446edff27455cc21;core_9681538c828f8a010da4bb82
0.065,0.0,200,0.06,0.65,1.25,25,11.403508771929825,11.403508771929825,134.15892672858618,87.20330237358102,117.99352234464247,87.20330237358102,12.796697626418975,LTV,-23.529411764705888,-14.674556213017741,scenario,USD_per_100_existing_principal,incompatible,colb-office-normalized-refi@1,refi-gap@1,aef4a56a6829d5420685a4d498058e83ccc08e12+tree.4e67479291c8900b,core_91b5066f446edff27455cc21;core_9681538c828f8a010da4bb82
0.065,0.0,200,0.06,0.65,1.25,0,11.403508771929825,11.403508771929825,134.15892672858618,87.20330237358102,152.04678362573102,87.20330237358102,12.796697626418975,LTV,-23.529411764705888,-14.674556213017741,scenario,USD_per_100_existing_principal,incompatible,colb-office-normalized-refi@1,refi-gap@1,aef4a56a6829d5420685a4d498058e83ccc08e12+tree.4e67479291c8900b,core_91b5066f446edff27455cc21;core_9681538c828f8a010da4bb82
0.065,0.0,200,0.07,0.6,1.25,25,11.403508771929825,11.403508771929825,134.15892672858618,80.49535603715171,107.56314292492662,80.49535603715171,19.50464396284829,LTV,-23.529411764705888,-24.230769230769234,scenario,USD_per_100_existing_principal,incompatible,colb-office-normalized-refi@1,refi-gap@1,aef4a56a6829d5420685a4d498058e83ccc08e12+tree.4e67479291c8900b,core_91b5066f446edff27455cc21;core_9681538c828f8a010da4bb82
0.065,0.0,200,0.07,0.6,1.25,0,11.403508771929825,11.403508771929825,134.15892672858618,80.49535603715171,130.32581453634086,80.49535603715171,19.50464396284829,LTV,-23.529411764705888,-24.230769230769234,scenario,USD_per_100_existing_principal,incompatible,colb-office-normalized-refi@1,refi-gap@1,aef4a56a6829d5420685a4d498058e83ccc08e12+tree.4e67479291c8900b,core_91b5066f446edff27455cc21;core_9681538c828f8a010da4bb82
0.065,0.0,200,0.07,0.65,1.25,25,11.403508771929825,11.403508771929825,134.15892672858618,87.20330237358102,107.56314292492662,87.20330237358102,12.796697626418975,LTV,-23.529411764705888,-14.674556213017741,scenario,USD_per_100_existing_principal,incompatible,colb-office-normalized-refi@1,refi-gap@1,aef4a56a6829d5420685a4d498058e83ccc08e12+tree.4e67479291c8900b,core_91b5066f446edff27455cc21;core_9681538c828f8a010da4bb82
0.065,0.0,200,0.07,0.65,1.25,0,11.403508771929825,11.403508771929825,134.15892672858618,87.20330237358102,130.32581453634086,87.20330237358102,12.796697626418975,LTV,-23.529411764705888,-14.674556213017741,scenario,USD_per_100_existing_principal,incompatible,colb-office-normalized-refi@1,refi-gap@1,aef4a56a6829d5420685a4d498058e83ccc08e12+tree.4e67479291c8900b,core_91b5066f446edff27455cc21;core_9681538c828f8a010da4bb82
0.065,0.0,200,0.08,0.6,1.25,25,11.403508771929825,11.403508771929825,134.15892672858618,80.49535603715171,98.49934466863634,80.49535603715171,19.50464396284829,LTV,-23.529411764705888,-24.230769230769234,scenario,USD_per_100_existing_principal,incompatible,colb-office-normalized-refi@1,refi-gap@1,aef4a56a6829d5420685a4d498058e83ccc08e12+tree.4e67479291c8900b,core_91b5066f446edff27455cc21;core_9681538c828f8a010da4bb82
0.065,0.0,200,0.08,0.6,1.25,0,11.403508771929825,11.403508771929825,134.15892672858618,80.49535603715171,114.03508771929825,80.49535603715171,19.50464396284829,LTV,-23.529411764705888,-24.230769230769234,scenario,USD_per_100_existing_principal,incompatible,colb-office-normalized-refi@1,refi-gap@1,aef4a56a6829d5420685a4d498058e83ccc08e12+tree.4e67479291c8900b,core_91b5066f446edff27455cc21;core_9681538c828f8a010da4bb82
0.065,0.0,200,0.08,0.65,1.25,25,11.403508771929825,11.403508771929825,134.15892672858618,87.20330237358102,98.49934466863634,87.20330237358102,12.796697626418975,LTV,-23.529411764705888,-14.674556213017741,scenario,USD_per_100_existing_principal,incompatible,colb-office-normalized-refi@1,refi-gap@1,aef4a56a6829d5420685a4d498058e83ccc08e12+tree.4e67479291c8900b,core_91b5066f446edff27455cc21;core_9681538c828f8a010da4bb82
0.065,0.0,200,0.08,0.65,1.25,0,11.403508771929825,11.403508771929825,134.15892672858618,87.20330237358102,114.03508771929825,87.20330237358102,12.796697626418975,LTV,-23.529411764705888,-14.674556213017741,scenario,USD_per_100_existing_principal,incompatible,colb-office-normalized-refi@1,refi-gap@1,aef4a56a6829d5420685a4d498058e83ccc08e12+tree.4e67479291c8900b,core_91b5066f446edff27455cc21;core_9681538c828f8a010da4bb82
0.065,0.0,200,0.09,0.6,1.25,25,11.403508771929825,11.403508771929825,134.15892672858618,80.49535603715171,90.59070690390342,80.49535603715171,19.50464396284829,LTV,-23.529411764705888,-24.230769230769234,scenario,USD_per_100_existing_principal,incompatible,colb-office-normalized-refi@1,refi-gap@1,aef4a56a6829d5420685a4d498058e83ccc08e12+tree.4e67479291c8900b,core_91b5066f446edff27455cc21;core_9681538c828f8a010da4bb82
0.065,0.0,200,0.09,0.6,1.25,0,11.403508771929825,11.403508771929825,134.15892672858618,80.49535603715171,101.364522417154,80.49535603715171,19.50464396284829,LTV,-23.529411764705888,-24.230769230769234,scenario,USD_per_100_existing_principal,incompatible,colb-office-normalized-refi@1,refi-gap@1,aef4a56a6829d5420685a4d498058e83ccc08e12+tree.4e67479291c8900b,core_91b5066f446edff27455cc21;core_9681538c828f8a010da4bb82
0.065,0.0,200,0.09,0.65,1.25,25,11.403508771929825,11.403508771929825,134.15892672858618,87.20330237358102,90.59070690390342,87.20330237358102,12.796697626418975,LTV,-23.529411764705888,-14.674556213017741,scenario,USD_per_100_existing_principal,incompatible,colb-office-normalized-refi@1,refi-gap@1,aef4a56a6829d5420685a4d498058e83ccc08e12+tree.4e67479291c8900b,core_91b5066f446edff27455cc21;core_9681538c828f8a010da4bb82
0.065,0.0,200,0.09,0.65,1.25,0,11.403508771929825,11.403508771929825,134.15892672858618,87.20330237358102,101.364522417154,87.20330237358102,12.796697626418975,LTV,-23.529411764705888,-14.674556213017741,scenario,USD_per_100_existing_principal,incompatible,colb-office-normalized-refi@1,refi-gap@1,aef4a56a6829d5420685a4d498058e83ccc08e12+tree.4e67479291c8900b,core_91b5066f446edff27455cc21;core_9681538c828f8a010da4bb82
0.065,-0.1,0,0.06,0.6,1.25,25,11.403508771929825,10.263157894736842,157.89473684210526,94.73684210526315,106.19417011017822,94.73684210526315,5.26315789473685,LTV,-10.000000000000009,5.000000000000004,scenario,USD_per_100_existing_principal,incompatible,colb-office-normalized-refi@1,refi-gap@1,aef4a56a6829d5420685a4d498058e83ccc08e12+tree.4e67479291c8900b,core_91b5066f446edff27455cc21;core_9681538c828f8a010da4bb82
0.065,-0.1,0,0.06,0.6,1.25,0,11.403508771929825,10.263157894736842,157.89473684210526,94.73684210526315,136.84210526315792,94.73684210526315,5.26315789473685,LTV,-10.000000000000009,5.000000000000004,scenario,USD_per_100_existing_principal,incompatible,colb-office-normalized-refi@1,refi-gap@1,aef4a56a6829d5420685a4d498058e83ccc08e12+tree.4e67479291c8900b,core_91b5066f446edff27455cc21;core_9681538c828f8a010da4bb82
0.065,-0.1,0,0.06,0.65,1.25,25,11.403508771929825,10.263157894736842,157.89473684210526,102.63157894736842,106.19417011017822,102.63157894736842,0.0,LTV,-10.000000000000009,12.307692307692319,scenario,USD_per_100_existing_principal,incompatible,colb-office-normalized-refi@1,refi-gap@1,aef4a56a6829d5420685a4d498058e83ccc08e12+tree.4e67479291c8900b,core_91b5066f446edff27455cc21;core_9681538c828f8a010da4bb82
0.065,-0.1,0,0.06,0.65,1.25,0,11.403508771929825,10.263157894736842,157.89473684210526,102.63157894736842,136.84210526315792,102.63157894736842,0.0,LTV,-10.000000000000009,12.307692307692319,scenario,USD_per_100_existing_principal,incompatible,colb-office-normalized-refi@1,refi-gap@1,aef4a56a6829d5420685a4d498058e83ccc08e12+tree.4e67479291c8900b,core_91b5066f446edff27455cc21;core_9681538c828f8a010da4bb82
0.065,-0.1,0,0.07,0.6,1.25,25,11.403508771929825,10.263157894736842,157.89473684210526,94.73684210526315,96.80682863243396,94.73684210526315,5.26315789473685,LTV,-10.000000000000009,5.000000000000004,scenario,USD_per_100_existing_principal,incompatible,colb-office-normalized-refi@1,refi-gap@1,aef4a56a6829d5420685a4d498058e83ccc08e12+tree.4e67479291c8900b,core_91b5066f446edff27455cc21;core_9681538c828f8a010da4bb82
0.065,-0.1,0,0.07,0.6,1.25,0,11.403508771929825,10.263157894736842,157.89473684210526,94.73684210526315,117.29323308270676,94.73684210526315,5.26315789473685,LTV,-10.000000000000009,5.000000000000004,scenario,USD_per_100_existing_principal,incompatible,colb-office-normalized-refi@1,refi-gap@1,aef4a56a6829d5420685a4d498058e83ccc08e12+tree.4e67479291c8900b,core_91b5066f446edff27455cc21;core_9681538c828f8a010da4bb82
0.065,-0.1,0,0.07,0.65,1.25,25,11.403508771929825,10.263157894736842,157.89473684210526,102.63157894736842,96.80682863243396,96.80682863243396,3.1931713675660376,DSCR,-10.000000000000009,7.0313517430457555,scenario,USD_per_100_existing_principal,incompatible,colb-office-normalized-refi@1,refi-gap@1,aef4a56a6829d5420685a4d498058e83ccc08e12+tree.4e67479291c8900b,core_91b5066f446edff27455cc21;core_9681538c828f8a010da4bb82
0.065,-0.1,0,0.07,0.65,1.25,0,11.403508771929825,10.263157894736842,157.89473684210526,102.63157894736842,117.29323308270676,102.63157894736842,0.0,LTV,-10.000000000000009,12.307692307692319,scenario,USD_per_100_existing_principal,incompatible,colb-office-normalized-refi@1,refi-gap@1,aef4a56a6829d5420685a4d498058e83ccc08e12+tree.4e67479291c8900b,core_91b5066f446edff27455cc21;core_9681538c828f8a010da4bb82
0.065,-0.1,0,0.08,0.6,1.25,25,11.403508771929825,10.263157894736842,157.89473684210526,94.73684210526315,88.6494102017727,88.6494102017727,11.350589798227304,DSCR,-10.000000000000009,-1.5235180867568587,scenario,USD_per_100_existing_principal,incompatible,colb-office-normalized-refi@1,refi-gap@1,aef4a56a6829d5420685a4d498058e83ccc08e12+tree.4e67479291c8900b,core_91b5066f446edff27455cc21;core_9681538c828f8a010da4bb82
0.065,-0.1,0,0.08,0.6,1.25,0,11.403508771929825,10.263157894736842,157.89473684210526,94.73684210526315,102.63157894736842,94.73684210526315,5.26315789473685,LTV,-10.000000000000009,5.000000000000004,scenario,USD_per_100_existing_principal,incompatible,colb-office-normalized-refi@1,refi-gap@1,aef4a56a6829d5420685a4d498058e83ccc08e12+tree.4e67479291c8900b,core_91b5066f446edff27455cc21;core_9681538c828f8a010da4bb82
0.065,-0.1,0,0.08,0.65,1.25,25,11.403508771929825,10.263157894736842,157.89473684210526,102.63157894736842,88.6494102017727,88.6494102017727,11.350589798227304,DSCR,-10.000000000000009,-1.5235180867568587,scenario,USD_per_100_existing_principal,incompatible,colb-office-normalized-refi@1,refi-gap@1,aef4a56a6829d5420685a4d498058e83ccc08e12+tree.4e67479291c8900b,core_91b5066f446edff27455cc21;core_9681538c828f8a010da4bb82
0.065,-0.1,0,0.08,0.65,1.25,0,11.403508771929825,10.263157894736842,157.89473684210526,102.63157894736842,102.63157894736842,102.63157894736842,0.0,LTV,-10.000000000000009,12.307692307692308,scenario,USD_per_100_existing_principal,incompatible,colb-office-normalized-refi@1,refi-gap@1,aef4a56a6829d5420685a4d498058e83ccc08e12+tree.4e67479291c8900b,core_91b5066f446edff27455cc21;core_9681538c828f8a010da4bb82
0.065,-0.1,0,0.09,0.6,1.25,25,11.403508771929825,10.263157894736842,157.89473684210526,94.73684210526315,81.53163621351308,81.53163621351308,18.46836378648692,DSCR,-10.000000000000009,-10.386598601198394,scenario,USD_per_100_existing_principal,incompatible,colb-office-normalized-refi@1,refi-gap@1,aef4a56a6829d5420685a4d498058e83ccc08e12+tree.4e67479291c8900b,core_91b5066f446edff27455cc21;core_9681538c828f8a010da4bb82
0.065,-0.1,0,0.09,0.6,1.25,0,11.403508771929825,10.263157894736842,157.89473684210526,94.73684210526315,91.2280701754386,91.2280701754386,8.771929824561397,DSCR,-10.000000000000009,1.3461538461538525,scenario,USD_per_100_existing_principal,incompatible,colb-office-normalized-refi@1,refi-gap@1,aef4a56a6829d5420685a4d498058e83ccc08e12+tree.4e67479291c8900b,core_91b5066f446edff27455cc21;core_9681538c828f8a010da4bb82
0.065,-0.1,0,0.09,0.65,1.25,25,11.403508771929825,10.263157894736842,157.89473684210526,102.63157894736842,81.53163621351308,81.53163621351308,18.46836378648692,DSCR,-10.000000000000009,-10.386598601198394,scenario,USD_per_100_existing_principal,incompatible,colb-office-normalized-refi@1,refi-gap@1,aef4a56a6829d5420685a4d498058e83ccc08e12+tree.4e67479291c8900b,core_91b5066f446edff27455cc21;core_9681538c828f8a010da4bb82
0.065,-0.1,0,0.09,0.65,1.25,0,11.403508771929825,10.263157894736842,157.89473684210526,102.63157894736842,91.2280701754386,91.2280701754386,8.771929824561397,DSCR,-10.000000000000009,1.3461538461538525,scenario,USD_per_100_existing_principal,incompatible,colb-office-normalized-refi@1,refi-gap@1,aef4a56a6829d5420685a4d498058e83ccc08e12+tree.4e67479291c8900b,core_91b5066f446edff27455cc21;core_9681538c828f8a010da4bb82
0.065,-0.1,100,0.06,0.6,1.25,25,11.403508771929825,10.263157894736842,136.84210526315792,82.10526315789475,106.19417011017822,82.10526315789475,17.894736842105246,LTV,-21.999999999999996,-9.615384615384603,scenario,USD_per_100_existing_principal,incompatible,colb-office-normalized-refi@1,refi-gap@1,aef4a56a6829d5420685a4d498058e83ccc08e12+tree.4e67479291c8900b,core_91b5066f446edff27455cc21;core_9681538c828f8a010da4bb82
0.065,-0.1,100,0.06,0.6,1.25,0,11.403508771929825,10.263157894736842,136.84210526315792,82.10526315789475,136.84210526315792,82.10526315789475,17.894736842105246,LTV,-21.999999999999996,-9.615384615384603,scenario,USD_per_100_existing_principal,incompatible,colb-office-normalized-refi@1,refi-gap@1,aef4a56a6829d5420685a4d498058e83ccc08e12+tree.4e67479291c8900b,core_91b5066f446edff27455cc21;core_9681538c828f8a010da4bb82
0.065,-0.1,100,0.06,0.65,1.25,25,11.403508771929825,10.263157894736842,136.84210526315792,88.94736842105264,106.19417011017822,88.94736842105264,11.052631578947356,LTV,-21.999999999999996,-1.1834319526627057,scenario,USD_per_100_existing_principal,incompatible,colb-office-normalized-refi@1,refi-gap@1,aef4a56a6829d5420685a4d498058e83ccc08e12+tree.4e67479291c8900b,core_91b5066f446edff27455cc21;core_9681538c828f8a010da4bb82
0.065,-0.1,100,0.06,0.65,1.25,0,11.403508771929825,10.263157894736842,136.84210526315792,88.94736842105264,136.84210526315792,88.94736842105264,11.052631578947356,LTV,-21.999999999999996,-1.1834319526627057,scenario,USD_per_100_existing_principal,incompatible,colb-office-normalized-refi@1,refi-gap@1,aef4a56a6829d5420685a4d498058e83ccc08e12+tree.4e67479291c8900b,core_91b5066f446edff27455cc21;core_9681538c828f8a010da4bb82
0.065,-0.1,100,0.07,0.6,1.25,25,11.403508771929825,10.263157894736842,136.84210526315792,82.10526315789475,96.80682863243396,82.10526315789475,17.894736842105246,LTV,-21.999999999999996,-9.615384615384603,scenario,USD_per_100_existing_principal,incompatible,colb-office-normalized-refi@1,refi-gap@1,aef4a56a6829d5420685a4d498058e83ccc08e12+tree.4e67479291c8900b,core_91b5066f446edff27455cc21;core_9681538c828f8a010da4bb82
0.065,-0.1,100,0.07,0.6,1.25,0,11.403508771929825,10.263157894736842,136.84210526315792,82.10526315789475,117.29323308270676,82.10526315789475,17.894736842105246,LTV,-21.999999999999996,-9.615384615384603,scenario,USD_per_100_existing_principal,incompatible,colb-office-normalized-refi@1,refi-gap@1,aef4a56a6829d5420685a4d498058e83ccc08e12+tree.4e67479291c8900b,core_91b5066f446edff27455cc21;core_9681538c828f8a010da4bb82
0.065,-0.1,100,0.07,0.65,1.25,25,11.403508771929825,10.263157894736842,136.84210526315792,88.94736842105264,96.80682863243396,88.94736842105264,11.052631578947356,LTV,-21.999999999999996,-1.1834319526627057,scenario,USD_per_100_existing_principal,incompatible,colb-office-normalized-refi@1,refi-gap@1,aef4a56a6829d5420685a4d498058e83ccc08e12+tree.4e67479291c8900b,core_91b5066f446edff27455cc21;core_9681538c828f8a010da4bb82
0.065,-0.1,100,0.07,0.65,1.25,0,11.403508771929825,10.263157894736842,136.84210526315792,88.94736842105264,117.29323308270676,88.94736842105264,11.052631578947356,LTV,-21.999999999999996,-1.1834319526627057,scenario,USD_per_100_existing_principal,incompatible,colb-office-normalized-refi@1,refi-gap@1,aef4a56a6829d5420685a4d498058e83ccc08e12+tree.4e67479291c8900b,core_91b5066f446edff27455cc21;core_9681538c828f8a010da4bb82
0.065,-0.1,100,0.08,0.6,1.25,25,11.403508771929825,10.263157894736842,136.84210526315792,82.10526315789475,88.6494102017727,82.10526315789475,17.894736842105246,LTV,-21.999999999999996,-9.615384615384603,scenario,USD_per_100_existing_principal,incompatible,colb-office-normalized-refi@1,refi-gap@1,aef4a56a6829d5420685a4d498058e83ccc08e12+tree.4e67479291c8900b,core_91b5066f446edff27455cc21;core_9681538c828f8a010da4bb82
0.065,-0.1,100,0.08,0.6,1.25,0,11.403508771929825,10.263157894736842,136.84210526315792,82.10526315789475,102.63157894736842,82.10526315789475,17.894736842105246,LTV,-21.999999999999996,-9.615384615384603,scenario,USD_per_100_existing_principal,incompatible,colb-office-normalized-refi@1,refi-gap@1,aef4a56a6829d5420685a4d498058e83ccc08e12+tree.4e67479291c8900b,core_91b5066f446edff27455cc21;core_9681538c828f8a010da4bb82
0.065,-0.1,100,0.08,0.65,1.25,25,11.403508771929825,10.263157894736842,136.84210526315792,88.94736842105264,88.6494102017727,88.6494102017727,11.350589798227304,DSCR,-21.999999999999996,-1.5235180867568587,scenario,USD_per_100_existing_principal,incompatible,colb-office-normalized-refi@1,refi-gap@1,aef4a56a6829d5420685a4d498058e83ccc08e12+tree.4e67479291c8900b,core_91b5066f446edff27455cc21;core_9681538c828f8a010da4bb82
0.065,-0.1,100,0.08,0.65,1.25,0,11.403508771929825,10.263157894736842,136.84210526315792,88.94736842105264,102.63157894736842,88.94736842105264,11.052631578947356,LTV,-21.999999999999996,-1.1834319526627057,scenario,USD_per_100_existing_principal,incompatible,colb-office-normalized-refi@1,refi-gap@1,aef4a56a6829d5420685a4d498058e83ccc08e12+tree.4e67479291c8900b,core_91b5066f446edff27455cc21;core_9681538c828f8a010da4bb82
0.065,-0.1,100,0.09,0.6,1.25,25,11.403508771929825,10.263157894736842,136.84210526315792,82.10526315789475,81.53163621351308,81.53163621351308,18.46836378648692,DSCR,-21.999999999999996,-10.386598601198394,scenario,USD_per_100_existing_principal,incompatible,colb-office-normalized-refi@1,refi-gap@1,aef4a56a6829d5420685a4d498058e83ccc08e12+tree.4e67479291c8900b,core_91b5066f446edff27455cc21;core_9681538c828f8a010da4bb82
0.065,-0.1,100,0.09,0.6,1.25,0,11.403508771929825,10.263157894736842,136.84210526315792,82.10526315789475,91.2280701754386,82.10526315789475,17.894736842105246,LTV,-21.999999999999996,-9.615384615384603,scenario,USD_per_100_existing_principal,incompatible,colb-office-normalized-refi@1,refi-gap@1,aef4a56a6829d5420685a4d498058e83ccc08e12+tree.4e67479291c8900b,core_91b5066f446edff27455cc21;core_9681538c828f8a010da4bb82
0.065,-0.1,100,0.09,0.65,1.25,25,11.403508771929825,10.263157894736842,136.84210526315792,88.94736842105264,81.53163621351308,81.53163621351308,18.46836378648692,DSCR,-21.999999999999996,-10.386598601198394,scenario,USD_per_100_existing_principal,incompatible,colb-office-normalized-refi@1,refi-gap@1,aef4a56a6829d5420685a4d498058e83ccc08e12+tree.4e67479291c8900b,core_91b5066f446edff27455cc21;core_9681538c828f8a010da4bb82
0.065,-0.1,100,0.09,0.65,1.25,0,11.403508771929825,10.263157894736842,136.84210526315792,88.94736842105264,91.2280701754386,88.94736842105264,11.052631578947356,LTV,-21.999999999999996,-1.1834319526627057,scenario,USD_per_100_existing_principal,incompatible,colb-office-normalized-refi@1,refi-gap@1,aef4a56a6829d5420685a4d498058e83ccc08e12+tree.4e67479291c8900b,core_91b5066f446edff27455cc21;core_9681538c828f8a010da4bb82
0.065,-0.1,200,0.06,0.6,1.25,25,11.403508771929825,10.263157894736842,120.74303405572755,72.44582043343652,106.19417011017822,72.44582043343652,27.554179566563477,LTV,-31.176470588235304,-24.230769230769234,scenario,USD_per_100_existing_principal,incompatible,colb-office-normalized-refi@1,refi-gap@1,aef4a56a6829d5420685a4d498058e83ccc08e12+tree.4e67479291c8900b,core_91b5066f446edff27455cc21;core_9681538c828f8a010da4bb82
0.065,-0.1,200,0.06,0.6,1.25,0,11.403508771929825,10.263157894736842,120.74303405572755,72.44582043343652,136.84210526315792,72.44582043343652,27.554179566563477,LTV,-31.176470588235304,-24.230769230769234,scenario,USD_per_100_existing_principal,incompatible,colb-office-normalized-refi@1,refi-gap@1,aef4a56a6829d5420685a4d498058e83ccc08e12+tree.4e67479291c8900b,core_91b5066f446edff27455cc21;core_9681538c828f8a010da4bb82
0.065,-0.1,200,0.06,0.65,1.25,25,11.403508771929825,10.263157894736842,120.74303405572755,78.48297213622291,106.19417011017822,78.48297213622291,21.517027863777088,LTV,-31.176470588235304,-14.674556213017741,scenario,USD_per_100_existing_principal,incompatible,colb-office-normalized-refi@1,refi-gap@1,aef4a56a6829d5420685a4d498058e83ccc08e12+tree.4e67479291c8900b,core_91b5066f446edff27455cc21;core_9681538c828f8a010da4bb82
0.065,-0.1,200,0.06,0.65,1.25,0,11.403508771929825,10.263157894736842,120.74303405572755,78.48297213622291,136.84210526315792,78.48297213622291,21.517027863777088,LTV,-31.176470588235304,-14.674556213017741,scenario,USD_per_100_existing_principal,incompatible,colb-office-normalized-refi@1,refi-gap@1,aef4a56a6829d5420685a4d498058e83ccc08e12+tree.4e67479291c8900b,core_91b5066f446edff27455cc21;core_9681538c828f8a010da4bb82
0.065,-0.1,200,0.07,0.6,1.25,25,11.403508771929825,10.263157894736842,120.74303405572755,72.44582043343652,96.80682863243396,72.44582043343652,27.554179566563477,LTV,-31.176470588235304,-24.230769230769234,scenario,USD_per_100_existing_principal,incompatible,colb-office-normalized-refi@1,refi-gap@1,aef4a56a6829d5420685a4d498058e83ccc08e12+tree.4e67479291c8900b,core_91b5066f446edff27455cc21;core_9681538c828f8a010da4bb82
0.065,-0.1,200,0.07,0.6,1.25,0,11.403508771929825,10.263157894736842,120.74303405572755,72.44582043343652,117.29323308270676,72.44582043343652,27.554179566563477,LTV,-31.176470588235304,-24.230769230769234,scenario,USD_per_100_existing_principal,incompatible,colb-office-normalized-refi@1,refi-gap@1,aef4a56a6829d5420685a4d498058e83ccc08e12+tree.4e67479291c8900b,core_91b5066f446edff27455cc21;core_9681538c828f8a010da4bb82
0.065,-0.1,200,0.07,0.65,1.25,25,11.403508771929825,10.263157894736842,120.74303405572755,78.48297213622291,96.80682863243396,78.48297213622291,21.517027863777088,LTV,-31.176470588235304,-14.674556213017741,scenario,USD_per_100_existing_principal,incompatible,colb-office-normalized-refi@1,refi-gap@1,aef4a56a6829d5420685a4d498058e83ccc08e12+tree.4e67479291c8900b,core_91b5066f446edff27455cc21;core_9681538c828f8a010da4bb82
0.065,-0.1,200,0.07,0.65,1.25,0,11.403508771929825,10.263157894736842,120.74303405572755,78.48297213622291,117.29323308270676,78.48297213622291,21.517027863777088,LTV,-31.176470588235304,-14.674556213017741,scenario,USD_per_100_existing_principal,incompatible,colb-office-normalized-refi@1,refi-gap@1,aef4a56a6829d5420685a4d498058e83ccc08e12+tree.4e67479291c8900b,core_91b5066f446edff27455cc21;core_9681538c828f8a010da4bb82
0.065,-0.1,200,0.08,0.6,1.25,25,11.403508771929825,10.263157894736842,120.74303405572755,72.44582043343652,88.6494102017727,72.44582043343652,27.554179566563477,LTV,-31.176470588235304,-24.230769230769234,scenario,USD_per_100_existing_principal,incompatible,colb-office-normalized-refi@1,refi-gap@1,aef4a56a6829d5420685a4d498058e83ccc08e12+tree.4e67479291c8900b,core_91b5066f446edff27455cc21;core_9681538c828f8a010da4bb82
0.065,-0.1,200,0.08,0.6,1.25,0,11.403508771929825,10.263157894736842,120.74303405572755,72.44582043343652,102.63157894736842,72.44582043343652,27.554179566563477,LTV,-31.176470588235304,-24.230769230769234,scenario,USD_per_100_existing_principal,incompatible,colb-office-normalized-refi@1,refi-gap@1,aef4a56a6829d5420685a4d498058e83ccc08e12+tree.4e67479291c8900b,core_91b5066f446edff27455cc21;core_9681538c828f8a010da4bb82
0.065,-0.1,200,0.08,0.65,1.25,25,11.403508771929825,10.263157894736842,120.74303405572755,78.48297213622291,88.6494102017727,78.48297213622291,21.517027863777088,LTV,-31.176470588235304,-14.674556213017741,scenario,USD_per_100_existing_principal,incompatible,colb-office-normalized-refi@1,refi-gap@1,aef4a56a6829d5420685a4d498058e83ccc08e12+tree.4e67479291c8900b,core_91b5066f446edff27455cc21;core_9681538c828f8a010da4bb82
0.065,-0.1,200,0.08,0.65,1.25,0,11.403508771929825,10.263157894736842,120.74303405572755,78.48297213622291,102.63157894736842,78.48297213622291,21.517027863777088,LTV,-31.176470588235304,-14.674556213017741,scenario,USD_per_100_existing_principal,incompatible,colb-office-normalized-refi@1,refi-gap@1,aef4a56a6829d5420685a4d498058e83ccc08e12+tree.4e67479291c8900b,core_91b5066f446edff27455cc21;core_9681538c828f8a010da4bb82
0.065,-0.1,200,0.09,0.6,1.25,25,11.403508771929825,10.263157894736842,120.74303405572755,72.44582043343652,81.53163621351308,72.44582043343652,27.554179566563477,LTV,-31.176470588235304,-24.230769230769234,scenario,USD_per_100_existing_principal,incompatible,colb-office-normalized-refi@1,refi-gap@1,aef4a56a6829d5420685a4d498058e83ccc08e12+tree.4e67479291c8900b,core_91b5066f446edff27455cc21;core_9681538c828f8a010da4bb82
0.065,-0.1,200,0.09,0.6,1.25,0,11.403508771929825,10.263157894736842,120.74303405572755,72.44582043343652,91.2280701754386,72.44582043343652,27.554179566563477,LTV,-31.176470588235304,-24.230769230769234,scenario,USD_per_100_existing_principal,incompatible,colb-office-normalized-refi@1,refi-gap@1,aef4a56a6829d5420685a4d498058e83ccc08e12+tree.4e67479291c8900b,core_91b5066f446edff27455cc21;core_9681538c828f8a010da4bb82
0.065,-0.1,200,0.09,0.65,1.25,25,11.403508771929825,10.263157894736842,120.74303405572755,78.48297213622291,81.53163621351308,78.48297213622291,21.517027863777088,LTV,-31.176470588235304,-14.674556213017741,scenario,USD_per_100_existing_principal,incompatible,colb-office-normalized-refi@1,refi-gap@1,aef4a56a6829d5420685a4d498058e83ccc08e12+tree.4e67479291c8900b,core_91b5066f446edff27455cc21;core_9681538c828f8a010da4bb82
0.065,-0.1,200,0.09,0.65,1.25,0,11.403508771929825,10.263157894736842,120.74303405572755,78.48297213622291,91.2280701754386,78.48297213622291,21.517027863777088,LTV,-31.176470588235304,-14.674556213017741,scenario,USD_per_100_existing_principal,incompatible,colb-office-normalized-refi@1,refi-gap@1,aef4a56a6829d5420685a4d498058e83ccc08e12+tree.4e67479291c8900b,core_91b5066f446edff27455cc21;core_9681538c828f8a010da4bb82
0.065,-0.2,0,0.06,0.6,1.25,25,11.403508771929825,9.122807017543861,140.35087719298247,84.21052631578948,94.394817875714,84.21052631578948,15.78947368421052,LTV,-19.999999999999996,5.000000000000004,scenario,USD_per_100_existing_principal,incompatible,colb-office-normalized-refi@1,refi-gap@1,aef4a56a6829d5420685a4d498058e83ccc08e12+tree.4e67479291c8900b,core_91b5066f446edff27455cc21;core_9681538c828f8a010da4bb82
0.065,-0.2,0,0.06,0.6,1.25,0,11.403508771929825,9.122807017543861,140.35087719298247,84.21052631578948,121.63742690058483,84.21052631578948,15.78947368421052,LTV,-19.999999999999996,5.000000000000004,scenario,USD_per_100_existing_principal,incompatible,colb-office-normalized-refi@1,refi-gap@1,aef4a56a6829d5420685a4d498058e83ccc08e12+tree.4e67479291c8900b,core_91b5066f446edff27455cc21;core_9681538c828f8a010da4bb82
0.065,-0.2,0,0.06,0.65,1.25,25,11.403508771929825,9.122807017543861,140.35087719298247,91.2280701754386,94.394817875714,91.2280701754386,8.771929824561397,LTV,-19.999999999999996,12.307692307692319,scenario,USD_per_100_existing_principal,incompatible,colb-office-normalized-refi@1,refi-gap@1,aef4a56a6829d5420685a4d498058e83ccc08e12+tree.4e67479291c8900b,core_91b5066f446edff27455cc21;core_9681538c828f8a010da4bb82
0.065,-0.2,0,0.06,0.65,1.25,0,11.403508771929825,9.122807017543861,140.35087719298247,91.2280701754386,121.63742690058483,91.2280701754386,8.771929824561397,LTV,-19.999999999999996,12.307692307692319,scenario,USD_per_100_existing_principal,incompatible,colb-office-normalized-refi@1,refi-gap@1,aef4a56a6829d5420685a4d498058e83ccc08e12+tree.4e67479291c8900b,core_91b5066f446edff27455cc21;core_9681538c828f8a010da4bb82
0.065,-0.2,0,0.07,0.6,1.25,25,11.403508771929825,9.122807017543861,140.35087719298247,84.21052631578948,86.05051433994132,84.21052631578948,15.78947368421052,LTV,-19.999999999999996,5.000000000000004,scenario,USD_per_100_existing_principal,incompatible,colb-office-normalized-refi@1,refi-gap@1,aef4a56a6829d5420685a4d498058e83ccc08e12+tree.4e67479291c8900b,core_91b5066f446edff27455cc21;core_9681538c828f8a010da4bb82
0.065,-0.2,0,0.07,0.6,1.25,0,11.403508771929825,9.122807017543861,140.35087719298247,84.21052631578948,104.2606516290727,84.21052631578948,15.78947368421052,LTV,-19.999999999999996,5.000000000000004,scenario,USD_per_100_existing_principal,incompatible,colb-office-normalized-refi@1,refi-gap@1,aef4a56a6829d5420685a4d498058e83ccc08e12+tree.4e67479291c8900b,core_91b5066f446edff27455cc21;core_9681538c828f8a010da4bb82
0.065,-0.2,0,0.07,0.65,1.25,25,11.403508771929825,9.122807017543861,140.35087719298247,91.2280701754386,86.05051433994132,86.05051433994132,13.949485660058684,DSCR,-19.999999999999996,7.0313517430457555,scenario,USD_per_100_existing_principal,incompatible,colb-office-normalized-refi@1,refi-gap@1,aef4a56a6829d5420685a4d498058e83ccc08e12+tree.4e67479291c8900b,core_91b5066f446edff27455cc21;core_9681538c828f8a010da4bb82
0.065,-0.2,0,0.07,0.65,1.25,0,11.403508771929825,9.122807017543861,140.35087719298247,91.2280701754386,104.2606516290727,91.2280701754386,8.771929824561397,LTV,-19.999999999999996,12.307692307692319,scenario,USD_per_100_existing_principal,incompatible,colb-office-normalized-refi@1,refi-gap@1,aef4a56a6829d5420685a4d498058e83ccc08e12+tree.4e67479291c8900b,core_91b5066f446edff27455cc21;core_9681538c828f8a010da4bb82
0.065,-0.2,0,0.08,0.6,1.25,25,11.403508771929825,9.122807017543861,140.35087719298247,84.21052631578948,78.79947573490908,78.79947573490908,21.20052426509092,DSCR,-19.999999999999996,-1.5235180867568587,scenario,USD_per_100_existing_principal,incompatible,colb-office-normalized-refi@1,refi-gap@1,aef4a56a6829d5420685a4d498058e83ccc08e12+tree.4e67479291c8900b,core_91b5066f446edff27455cc21;core_9681538c828f8a010da4bb82
0.065,-0.2,0,0.08,0.6,1.25,0,11.403508771929825,9.122807017543861,140.35087719298247,84.21052631578948,91.2280701754386,84.21052631578948,15.78947368421052,LTV,-19.999999999999996,5.000000000000004,scenario,USD_per_100_existing_principal,incompatible,colb-office-normalized-refi@1,refi-gap@1,aef4a56a6829d5420685a4d498058e83ccc08e12+tree.4e67479291c8900b,core_91b5066f446edff27455cc21;core_9681538c828f8a010da4bb82
0.065,-0.2,0,0.08,0.65,1.25,25,11.403508771929825,9.122807017543861,140.35087719298247,91.2280701754386,78.79947573490908,78.79947573490908,21.20052426509092,DSCR,-19.999999999999996,-1.5235180867568587,scenario,USD_per_100_existing_principal,incompatible,colb-office-normalized-refi@1,refi-gap@1,aef4a56a6829d5420685a4d498058e83ccc08e12+tree.4e67479291c8900b,core_91b5066f446edff27455cc21;core_9681538c828f8a010da4bb82
0.065,-0.2,0,0.08,0.65,1.25,0,11.403508771929825,9.122807017543861,140.35087719298247,91.2280701754386,91.2280701754386,91.2280701754386,8.771929824561397,LTV,-19.999999999999996,12.307692307692308,scenario,USD_per_100_existing_principal,incompatible,colb-office-normalized-refi@1,refi-gap@1,aef4a56a6829d5420685a4d498058e83ccc08e12+tree.4e67479291c8900b,core_91b5066f446edff27455cc21;core_9681538c828f8a010da4bb82
0.065,-0.2,0,0.09,0.6,1.25,25,11.403508771929825,9.122807017543861,140.35087719298247,84.21052631578948,72.47256552312275,72.47256552312275,27.527434476877247,DSCR,-19.999999999999996,-10.386598601198394,scenario,USD_per_100_existing_principal,incompatible,colb-office-normalized-refi@1,refi-gap@1,aef4a56a6829d5420685a4d498058e83ccc08e12+tree.4e67479291c8900b,core_91b5066f446edff27455cc21;core_9681538c828f8a010da4bb82
0.065,-0.2,0,0.09,0.6,1.25,0,11.403508771929825,9.122807017543861,140.35087719298247,84.21052631578948,81.09161793372321,81.09161793372321,18.908382066276786,DSCR,-19.999999999999996,1.3461538461538525,scenario,USD_per_100_existing_principal,incompatible,colb-office-normalized-refi@1,refi-gap@1,aef4a56a6829d5420685a4d498058e83ccc08e12+tree.4e67479291c8900b,core_91b5066f446edff27455cc21;core_9681538c828f8a010da4bb82
0.065,-0.2,0,0.09,0.65,1.25,25,11.403508771929825,9.122807017543861,140.35087719298247,91.2280701754386,72.47256552312275,72.47256552312275,27.527434476877247,DSCR,-19.999999999999996,-10.386598601198394,scenario,USD_per_100_existing_principal,incompatible,colb-office-normalized-refi@1,refi-gap@1,aef4a56a6829d5420685a4d498058e83ccc08e12+tree.4e67479291c8900b,core_91b5066f446edff27455cc21;core_9681538c828f8a010da4bb82
0.065,-0.2,0,0.09,0.65,1.25,0,11.403508771929825,9.122807017543861,140.35087719298247,91.2280701754386,81.09161793372321,81.09161793372321,18.908382066276786,DSCR,-19.999999999999996,1.3461538461538525,scenario,USD_per_100_existing_principal,incompatible,colb-office-normalized-refi@1,refi-gap@1,aef4a56a6829d5420685a4d498058e83ccc08e12+tree.4e67479291c8900b,core_91b5066f446edff27455cc21;core_9681538c828f8a010da4bb82
0.065,-0.2,100,0.06,0.6,1.25,25,11.403508771929825,9.122807017543861,121.63742690058483,72.98245614035089,94.394817875714,72.98245614035089,27.01754385964911,LTV,-30.666666666666654,-9.615384615384603,scenario,USD_per_100_existing_principal,incompatible,colb-office-normalized-refi@1,refi-gap@1,aef4a56a6829d5420685a4d498058e83ccc08e12+tree.4e67479291c8900b,core_91b5066f446edff27455cc21;core_9681538c828f8a010da4bb82
0.065,-0.2,100,0.06,0.6,1.25,0,11.403508771929825,9.122807017543861,121.63742690058483,72.98245614035089,121.63742690058483,72.98245614035089,27.01754385964911,LTV,-30.666666666666654,-9.615384615384603,scenario,USD_per_100_existing_principal,incompatible,colb-office-normalized-refi@1,refi-gap@1,aef4a56a6829d5420685a4d498058e83ccc08e12+tree.4e67479291c8900b,core_91b5066f446edff27455cc21;core_9681538c828f8a010da4bb82
0.065,-0.2,100,0.06,0.65,1.25,25,11.403508771929825,9.122807017543861,121.63742690058483,79.06432748538015,94.394817875714,79.06432748538015,20.935672514619853,LTV,-30.666666666666654,-1.1834319526627057,scenario,USD_per_100_existing_principal,incompatible,colb-office-normalized-refi@1,refi-gap@1,aef4a56a6829d5420685a4d498058e83ccc08e12+tree.4e67479291c8900b,core_91b5066f446edff27455cc21;core_9681538c828f8a010da4bb82
0.065,-0.2,100,0.06,0.65,1.25,0,11.403508771929825,9.122807017543861,121.63742690058483,79.06432748538015,121.63742690058483,79.06432748538015,20.935672514619853,LTV,-30.666666666666654,-1.1834319526627057,scenario,USD_per_100_existing_principal,incompatible,colb-office-normalized-refi@1,refi-gap@1,aef4a56a6829d5420685a4d498058e83ccc08e12+tree.4e67479291c8900b,core_91b5066f446edff27455cc21;core_9681538c828f8a010da4bb82
0.065,-0.2,100,0.07,0.6,1.25,25,11.403508771929825,9.122807017543861,121.63742690058483,72.98245614035089,86.05051433994132,72.98245614035089,27.01754385964911,LTV,-30.666666666666654,-9.615384615384603,scenario,USD_per_100_existing_principal,incompatible,colb-office-normalized-refi@1,refi-gap@1,aef4a56a6829d5420685a4d498058e83ccc08e12+tree.4e67479291c8900b,core_91b5066f446edff27455cc21;core_9681538c828f8a010da4bb82
0.065,-0.2,100,0.07,0.6,1.25,0,11.403508771929825,9.122807017543861,121.63742690058483,72.98245614035089,104.2606516290727,72.98245614035089,27.01754385964911,LTV,-30.666666666666654,-9.615384615384603,scenario,USD_per_100_existing_principal,incompatible,colb-office-normalized-refi@1,refi-gap@1,aef4a56a6829d5420685a4d498058e83ccc08e12+tree.4e67479291c8900b,core_91b5066f446edff27455cc21;core_9681538c828f8a010da4bb82
0.065,-0.2,100,0.07,0.65,1.25,25,11.403508771929825,9.122807017543861,121.63742690058483,79.06432748538015,86.05051433994132,79.06432748538015,20.935672514619853,LTV,-30.666666666666654,-1.1834319526627057,scenario,USD_per_100_existing_principal,incompatible,colb-office-normalized-refi@1,refi-gap@1,aef4a56a6829d5420685a4d498058e83ccc08e12+tree.4e67479291c8900b,core_91b5066f446edff27455cc21;core_9681538c828f8a010da4bb82
0.065,-0.2,100,0.07,0.65,1.25,0,11.403508771929825,9.122807017543861,121.63742690058483,79.06432748538015,104.2606516290727,79.06432748538015,20.935672514619853,LTV,-30.666666666666654,-1.1834319526627057,scenario,USD_per_100_existing_principal,incompatible,colb-office-normalized-refi@1,refi-gap@1,aef4a56a6829d5420685a4d498058e83ccc08e12+tree.4e67479291c8900b,core_91b5066f446edff27455cc21;core_9681538c828f8a010da4bb82
0.065,-0.2,100,0.08,0.6,1.25,25,11.403508771929825,9.122807017543861,121.63742690058483,72.98245614035089,78.79947573490908,72.98245614035089,27.01754385964911,LTV,-30.666666666666654,-9.615384615384603,scenario,USD_per_100_existing_principal,incompatible,colb-office-normalized-refi@1,refi-gap@1,aef4a56a6829d5420685a4d498058e83ccc08e12+tree.4e67479291c8900b,core_91b5066f446edff27455cc21;core_9681538c828f8a010da4bb82
0.065,-0.2,100,0.08,0.6,1.25,0,11.403508771929825,9.122807017543861,121.63742690058483,72.98245614035089,91.2280701754386,72.98245614035089,27.01754385964911,LTV,-30.666666666666654,-9.615384615384603,scenario,USD_per_100_existing_principal,incompatible,colb-office-normalized-refi@1,refi-gap@1,aef4a56a6829d5420685a4d498058e83ccc08e12+tree.4e67479291c8900b,core_91b5066f446edff27455cc21;core_9681538c828f8a010da4bb82
0.065,-0.2,100,0.08,0.65,1.25,25,11.403508771929825,9.122807017543861,121.63742690058483,79.06432748538015,78.79947573490908,78.79947573490908,21.20052426509092,DSCR,-30.666666666666654,-1.5235180867568587,scenario,USD_per_100_existing_principal,incompatible,colb-office-normalized-refi@1,refi-gap@1,aef4a56a6829d5420685a4d498058e83ccc08e12+tree.4e67479291c8900b,core_91b5066f446edff27455cc21;core_9681538c828f8a010da4bb82
0.065,-0.2,100,0.08,0.65,1.25,0,11.403508771929825,9.122807017543861,121.63742690058483,79.06432748538015,91.2280701754386,79.06432748538015,20.935672514619853,LTV,-30.666666666666654,-1.1834319526627057,scenario,USD_per_100_existing_principal,incompatible,colb-office-normalized-refi@1,refi-gap@1,aef4a56a6829d5420685a4d498058e83ccc08e12+tree.4e67479291c8900b,core_91b5066f446edff27455cc21;core_9681538c828f8a010da4bb82
0.065,-0.2,100,0.09,0.6,1.25,25,11.403508771929825,9.122807017543861,121.63742690058483,72.98245614035089,72.47256552312275,72.47256552312275,27.527434476877247,DSCR,-30.666666666666654,-10.386598601198394,scenario,USD_per_100_existing_principal,incompatible,colb-office-normalized-refi@1,refi-gap@1,aef4a56a6829d5420685a4d498058e83ccc08e12+tree.4e67479291c8900b,core_91b5066f446edff27455cc21;core_9681538c828f8a010da4bb82
0.065,-0.2,100,0.09,0.6,1.25,0,11.403508771929825,9.122807017543861,121.63742690058483,72.98245614035089,81.09161793372321,72.98245614035089,27.01754385964911,LTV,-30.666666666666654,-9.615384615384603,scenario,USD_per_100_existing_principal,incompatible,colb-office-normalized-refi@1,refi-gap@1,aef4a56a6829d5420685a4d498058e83ccc08e12+tree.4e67479291c8900b,core_91b5066f446edff27455cc21;core_9681538c828f8a010da4bb82
0.065,-0.2,100,0.09,0.65,1.25,25,11.403508771929825,9.122807017543861,121.63742690058483,79.06432748538015,72.47256552312275,72.47256552312275,27.527434476877247,DSCR,-30.666666666666654,-10.386598601198394,scenario,USD_per_100_existing_principal,incompatible,colb-office-normalized-refi@1,refi-gap@1,aef4a56a6829d5420685a4d498058e83ccc08e12+tree.4e67479291c8900b,core_91b5066f446edff27455cc21;core_9681538c828f8a010da4bb82
0.065,-0.2,100,0.09,0.65,1.25,0,11.403508771929825,9.122807017543861,121.63742690058483,79.06432748538015,81.09161793372321,79.06432748538015,20.935672514619853,LTV,-30.666666666666654,-1.1834319526627057,scenario,USD_per_100_existing_principal,incompatible,colb-office-normalized-refi@1,refi-gap@1,aef4a56a6829d5420685a4d498058e83ccc08e12+tree.4e67479291c8900b,core_91b5066f446edff27455cc21;core_9681538c828f8a010da4bb82
0.065,-0.2,200,0.06,0.6,1.25,25,11.403508771929825,9.122807017543861,107.32714138286894,64.39628482972137,94.394817875714,64.39628482972137,35.60371517027863,LTV,-38.8235294117647,-24.230769230769234,scenario,USD_per_100_existing_principal,incompatible,colb-office-normalized-refi@1,refi-gap@1,aef4a56a6829d5420685a4d498058e83ccc08e12+tree.4e67479291c8900b,core_91b5066f446edff27455cc21;core_9681538c828f8a010da4bb82
0.065,-0.2,200,0.06,0.6,1.25,0,11.403508771929825,9.122807017543861,107.32714138286894,64.39628482972137,121.63742690058483,64.39628482972137,35.60371517027863,LTV,-38.8235294117647,-24.230769230769234,scenario,USD_per_100_existing_principal,incompatible,colb-office-normalized-refi@1,refi-gap@1,aef4a56a6829d5420685a4d498058e83ccc08e12+tree.4e67479291c8900b,core_91b5066f446edff27455cc21;core_9681538c828f8a010da4bb82
0.065,-0.2,200,0.06,0.65,1.25,25,11.403508771929825,9.122807017543861,107.32714138286894,69.76264189886481,94.394817875714,69.76264189886481,30.237358101135186,LTV,-38.8235294117647,-14.674556213017741,scenario,USD_per_100_existing_principal,incompatible,colb-office-normalized-refi@1,refi-gap@1,aef4a56a6829d5420685a4d498058e83ccc08e12+tree.4e67479291c8900b,core_91b5066f446edff27455cc21;core_9681538c828f8a010da4bb82
0.065,-0.2,200,0.06,0.65,1.25,0,11.403508771929825,9.122807017543861,107.32714138286894,69.76264189886481,121.63742690058483,69.76264189886481,30.237358101135186,LTV,-38.8235294117647,-14.674556213017741,scenario,USD_per_100_existing_principal,incompatible,colb-office-normalized-refi@1,refi-gap@1,aef4a56a6829d5420685a4d498058e83ccc08e12+tree.4e67479291c8900b,core_91b5066f446edff27455cc21;core_9681538c828f8a010da4bb82
0.065,-0.2,200,0.07,0.6,1.25,25,11.403508771929825,9.122807017543861,107.32714138286894,64.39628482972137,86.05051433994132,64.39628482972137,35.60371517027863,LTV,-38.8235294117647,-24.230769230769234,scenario,USD_per_100_existing_principal,incompatible,colb-office-normalized-refi@1,refi-gap@1,aef4a56a6829d5420685a4d498058e83ccc08e12+tree.4e67479291c8900b,core_91b5066f446edff27455cc21;core_9681538c828f8a010da4bb82
0.065,-0.2,200,0.07,0.6,1.25,0,11.403508771929825,9.122807017543861,107.32714138286894,64.39628482972137,104.2606516290727,64.39628482972137,35.60371517027863,LTV,-38.8235294117647,-24.230769230769234,scenario,USD_per_100_existing_principal,incompatible,colb-office-normalized-refi@1,refi-gap@1,aef4a56a6829d5420685a4d498058e83ccc08e12+tree.4e67479291c8900b,core_91b5066f446edff27455cc21;core_9681538c828f8a010da4bb82
0.065,-0.2,200,0.07,0.65,1.25,25,11.403508771929825,9.122807017543861,107.32714138286894,69.76264189886481,86.05051433994132,69.76264189886481,30.237358101135186,LTV,-38.8235294117647,-14.674556213017741,scenario,USD_per_100_existing_principal,incompatible,colb-office-normalized-refi@1,refi-gap@1,aef4a56a6829d5420685a4d498058e83ccc08e12+tree.4e67479291c8900b,core_91b5066f446edff27455cc21;core_9681538c828f8a010da4bb82
0.065,-0.2,200,0.07,0.65,1.25,0,11.403508771929825,9.122807017543861,107.32714138286894,69.76264189886481,104.2606516290727,69.76264189886481,30.237358101135186,LTV,-38.8235294117647,-14.674556213017741,scenario,USD_per_100_existing_principal,incompatible,colb-office-normalized-refi@1,refi-gap@1,aef4a56a6829d5420685a4d498058e83ccc08e12+tree.4e67479291c8900b,core_91b5066f446edff27455cc21;core_9681538c828f8a010da4bb82
0.065,-0.2,200,0.08,0.6,1.25,25,11.403508771929825,9.122807017543861,107.32714138286894,64.39628482972137,78.79947573490908,64.39628482972137,35.60371517027863,LTV,-38.8235294117647,-24.230769230769234,scenario,USD_per_100_existing_principal,incompatible,colb-office-normalized-refi@1,refi-gap@1,aef4a56a6829d5420685a4d498058e83ccc08e12+tree.4e67479291c8900b,core_91b5066f446edff27455cc21;core_9681538c828f8a010da4bb82
0.065,-0.2,200,0.08,0.6,1.25,0,11.403508771929825,9.122807017543861,107.32714138286894,64.39628482972137,91.2280701754386,64.39628482972137,35.60371517027863,LTV,-38.8235294117647,-24.230769230769234,scenario,USD_per_100_existing_principal,incompatible,colb-office-normalized-refi@1,refi-gap@1,aef4a56a6829d5420685a4d498058e83ccc08e12+tree.4e67479291c8900b,core_91b5066f446edff27455cc21;core_9681538c828f8a010da4bb82
0.065,-0.2,200,0.08,0.65,1.25,25,11.403508771929825,9.122807017543861,107.32714138286894,69.76264189886481,78.79947573490908,69.76264189886481,30.237358101135186,LTV,-38.8235294117647,-14.674556213017741,scenario,USD_per_100_existing_principal,incompatible,colb-office-normalized-refi@1,refi-gap@1,aef4a56a6829d5420685a4d498058e83ccc08e12+tree.4e67479291c8900b,core_91b5066f446edff27455cc21;core_9681538c828f8a010da4bb82
0.065,-0.2,200,0.08,0.65,1.25,0,11.403508771929825,9.122807017543861,107.32714138286894,69.76264189886481,91.2280701754386,69.76264189886481,30.237358101135186,LTV,-38.8235294117647,-14.674556213017741,scenario,USD_per_100_existing_principal,incompatible,colb-office-normalized-refi@1,refi-gap@1,aef4a56a6829d5420685a4d498058e83ccc08e12+tree.4e67479291c8900b,core_91b5066f446edff27455cc21;core_9681538c828f8a010da4bb82
0.065,-0.2,200,0.09,0.6,1.25,25,11.403508771929825,9.122807017543861,107.32714138286894,64.39628482972137,72.47256552312275,64.39628482972137,35.60371517027863,LTV,-38.8235294117647,-24.230769230769234,scenario,USD_per_100_existing_principal,incompatible,colb-office-normalized-refi@1,refi-gap@1,aef4a56a6829d5420685a4d498058e83ccc08e12+tree.4e67479291c8900b,core_91b5066f446edff27455cc21;core_9681538c828f8a010da4bb82
0.065,-0.2,200,0.09,0.6,1.25,0,11.403508771929825,9.122807017543861,107.32714138286894,64.39628482972137,81.09161793372321,64.39628482972137,35.60371517027863,LTV,-38.8235294117647,-24.230769230769234,scenario,USD_per_100_existing_principal,incompatible,colb-office-normalized-refi@1,refi-gap@1,aef4a56a6829d5420685a4d498058e83ccc08e12+tree.4e67479291c8900b,core_91b5066f446edff27455cc21;core_9681538c828f8a010da4bb82
0.065,-0.2,200,0.09,0.65,1.25,25,11.403508771929825,9.122807017543861,107.32714138286894,69.76264189886481,72.47256552312275,69.76264189886481,30.237358101135186,LTV,-38.8235294117647,-14.674556213017741,scenario,USD_per_100_existing_principal,incompatible,colb-office-normalized-refi@1,refi-gap@1,aef4a56a6829d5420685a4d498058e83ccc08e12+tree.4e67479291c8900b,core_91b5066f446edff27455cc21;core_9681538c828f8a010da4bb82
0.065,-0.2,200,0.09,0.65,1.25,0,11.403508771929825,9.122807017543861,107.32714138286894,69.76264189886481,81.09161793372321,69.76264189886481,30.237358101135186,LTV,-38.8235294117647,-14.674556213017741,scenario,USD_per_100_existing_principal,incompatible,colb-office-normalized-refi@1,refi-gap@1,aef4a56a6829d5420685a4d498058e83ccc08e12+tree.4e67479291c8900b,core_91b5066f446edff27455cc21;core_9681538c828f8a010da4bb82
0.065,-0.3,0,0.06,0.6,1.25,25,11.403508771929825,7.982456140350878,122.80701754385966,73.6842105263158,82.59546564124973,73.6842105263158,26.315789473684205,LTV,-30.000000000000004,5.000000000000004,scenario,USD_per_100_existing_principal,incompatible,colb-office-normalized-refi@1,refi-gap@1,aef4a56a6829d5420685a4d498058e83ccc08e12+tree.4e67479291c8900b,core_91b5066f446edff27455cc21;core_9681538c828f8a010da4bb82
0.065,-0.3,0,0.06,0.6,1.25,0,11.403508771929825,7.982456140350878,122.80701754385966,73.6842105263158,106.43274853801171,73.6842105263158,26.315789473684205,LTV,-30.000000000000004,5.000000000000004,scenario,USD_per_100_existing_principal,incompatible,colb-office-normalized-refi@1,refi-gap@1,aef4a56a6829d5420685a4d498058e83ccc08e12+tree.4e67479291c8900b,core_91b5066f446edff27455cc21;core_9681538c828f8a010da4bb82
0.065,-0.3,0,0.06,0.65,1.25,25,11.403508771929825,7.982456140350878,122.80701754385966,79.82456140350878,82.59546564124973,79.82456140350878,20.17543859649122,LTV,-30.000000000000004,12.307692307692319,scenario,USD_per_100_existing_principal,incompatible,colb-office-normalized-refi@1,refi-gap@1,aef4a56a6829d5420685a4d498058e83ccc08e12+tree.4e67479291c8900b,core_91b5066f446edff27455cc21;core_9681538c828f8a010da4bb82
0.065,-0.3,0,0.06,0.65,1.25,0,11.403508771929825,7.982456140350878,122.80701754385966,79.82456140350878,106.43274853801171,79.82456140350878,20.17543859649122,LTV,-30.000000000000004,12.307692307692319,scenario,USD_per_100_existing_principal,incompatible,colb-office-normalized-refi@1,refi-gap@1,aef4a56a6829d5420685a4d498058e83ccc08e12+tree.4e67479291c8900b,core_91b5066f446edff27455cc21;core_9681538c828f8a010da4bb82
0.065,-0.3,0,0.07,0.6,1.25,25,11.403508771929825,7.982456140350878,122.80701754385966,73.6842105263158,75.29420004744864,73.6842105263158,26.315789473684205,LTV,-30.000000000000004,5.000000000000004,scenario,USD_per_100_existing_principal,incompatible,colb-office-normalized-refi@1,refi-gap@1,aef4a56a6829d5420685a4d498058e83ccc08e12+tree.4e67479291c8900b,core_91b5066f446edff27455cc21;core_9681538c828f8a010da4bb82
0.065,-0.3,0,0.07,0.6,1.25,0,11.403508771929825,7.982456140350878,122.80701754385966,73.6842105263158,91.22807017543859,73.6842105263158,26.315789473684205,LTV,-30.000000000000004,5.000000000000004,scenario,USD_per_100_existing_principal,incompatible,colb-office-normalized-refi@1,refi-gap@1,aef4a56a6829d5420685a4d498058e83ccc08e12+tree.4e67479291c8900b,core_91b5066f446edff27455cc21;core_9681538c828f8a010da4bb82
0.065,-0.3,0,0.07,0.65,1.25,25,11.403508771929825,7.982456140350878,122.80701754385966,79.82456140350878,75.29420004744864,75.29420004744864,24.70579995255136,DSCR,-30.000000000000004,7.0313517430457555,scenario,USD_per_100_existing_principal,incompatible,colb-office-normalized-refi@1,refi-gap@1,aef4a56a6829d5420685a4d498058e83ccc08e12+tree.4e67479291c8900b,core_91b5066f446edff27455cc21;core_9681538c828f8a010da4bb82
0.065,-0.3,0,0.07,0.65,1.25,0,11.403508771929825,7.982456140350878,122.80701754385966,79.82456140350878,91.22807017543859,79.82456140350878,20.17543859649122,LTV,-30.000000000000004,12.307692307692319,scenario,USD_per_100_existing_principal,incompatible,colb-office-normalized-refi@1,refi-gap@1,aef4a56a6829d5420685a4d498058e83ccc08e12+tree.4e67479291c8900b,core_91b5066f446edff27455cc21;core_9681538c828f8a010da4bb82
0.065,-0.3,0,0.08,0.6,1.25,25,11.403508771929825,7.982456140350878,122.80701754385966,73.6842105263158,68.94954126804544,68.94954126804544,31.050458731954564,DSCR,-30.000000000000004,-1.5235180867568587,scenario,USD_per_100_existing_principal,incompatible,colb-office-normalized-refi@1,refi-gap@1,aef4a56a6829d5420685a4d498058e83ccc08e12+tree.4e67479291c8900b,core_91b5066f446edff27455cc21;core_9681538c828f8a010da4bb82
0.065,-0.3,0,0.08,0.6,1.25,0,11.403508771929825,7.982456140350878,122.80701754385966,73.6842105263158,79.82456140350877,73.6842105263158,26.315789473684205,LTV,-30.000000000000004,5.000000000000004,scenario,USD_per_100_existing_principal,incompatible,colb-office-normalized-refi@1,refi-gap@1,aef4a56a6829d5420685a4d498058e83ccc08e12+tree.4e67479291c8900b,core_91b5066f446edff27455cc21;core_9681538c828f8a010da4bb82
0.065,-0.3,0,0.08,0.65,1.25,25,11.403508771929825,7.982456140350878,122.80701754385966,79.82456140350878,68.94954126804544,68.94954126804544,31.050458731954564,DSCR,-30.000000000000004,-1.5235180867568587,scenario,USD_per_100_existing_principal,incompatible,colb-office-normalized-refi@1,refi-gap@1,aef4a56a6829d5420685a4d498058e83ccc08e12+tree.4e67479291c8900b,core_91b5066f446edff27455cc21;core_9681538c828f8a010da4bb82
0.065,-0.3,0,0.08,0.65,1.25,0,11.403508771929825,7.982456140350878,122.80701754385966,79.82456140350878,79.82456140350877,79.82456140350877,20.175438596491233,DSCR,-30.000000000000004,12.307692307692308,scenario,USD_per_100_existing_principal,incompatible,colb-office-normalized-refi@1,refi-gap@1,aef4a56a6829d5420685a4d498058e83ccc08e12+tree.4e67479291c8900b,core_91b5066f446edff27455cc21;core_9681538c828f8a010da4bb82
0.065,-0.3,0,0.09,0.6,1.25,25,11.403508771929825,7.982456140350878,122.80701754385966,73.6842105263158,63.4134948327324,63.4134948327324,36.5865051672676,DSCR,-30.000000000000004,-10.386598601198394,scenario,USD_per_100_existing_principal,incompatible,colb-office-normalized-refi@1,refi-gap@1,aef4a56a6829d5420685a4d498058e83ccc08e12+tree.4e67479291c8900b,core_91b5066f446edff27455cc21;core_9681538c828f8a010da4bb82
0.065,-0.3,0,0.09,0.6,1.25,0,11.403508771929825,7.982456140350878,122.80701754385966,73.6842105263158,70.95516569200781,70.95516569200781,29.04483430799219,DSCR,-30.000000000000004,1.3461538461538525,scenario,USD_per_100_existing_principal,incompatible,colb-office-normalized-refi@1,refi-gap@1,aef4a56a6829d5420685a4d498058e83ccc08e12+tree.4e67479291c8900b,core_91b5066f446edff27455cc21;core_9681538c828f8a010da4bb82
0.065,-0.3,0,0.09,0.65,1.25,25,11.403508771929825,7.982456140350878,122.80701754385966,79.82456140350878,63.4134948327324,63.4134948327324,36.5865051672676,DSCR,-30.000000000000004,-10.386598601198394,scenario,USD_per_100_existing_principal,incompatible,colb-office-normalized-refi@1,refi-gap@1,aef4a56a6829d5420685a4d498058e83ccc08e12+tree.4e67479291c8900b,core_91b5066f446edff27455cc21;core_9681538c828f8a010da4bb82
0.065,-0.3,0,0.09,0.65,1.25,0,11.403508771929825,7.982456140350878,122.80701754385966,79.82456140350878,70.95516569200781,70.95516569200781,29.04483430799219,DSCR,-30.000000000000004,1.3461538461538525,scenario,USD_per_100_existing_principal,incompatible,colb-office-normalized-refi@1,refi-gap@1,aef4a56a6829d5420685a4d498058e83ccc08e12+tree.4e67479291c8900b,core_91b5066f446edff27455cc21;core_9681538c828f8a010da4bb82
0.065,-0.3,100,0.06,0.6,1.25,25,11.403508771929825,7.982456140350878,106.43274853801171,63.85964912280702,82.59546564124973,63.85964912280702,36.14035087719298,LTV,-39.33333333333333,-9.615384615384603,scenario,USD_per_100_existing_principal,incompatible,colb-office-normalized-refi@1,refi-gap@1,aef4a56a6829d5420685a4d498058e83ccc08e12+tree.4e67479291c8900b,core_91b5066f446edff27455cc21;core_9681538c828f8a010da4bb82
0.065,-0.3,100,0.06,0.6,1.25,0,11.403508771929825,7.982456140350878,106.43274853801171,63.85964912280702,106.43274853801171,63.85964912280702,36.14035087719298,LTV,-39.33333333333333,-9.615384615384603,scenario,USD_per_100_existing_principal,incompatible,colb-office-normalized-refi@1,refi-gap@1,aef4a56a6829d5420685a4d498058e83ccc08e12+tree.4e67479291c8900b,core_91b5066f446edff27455cc21;core_9681538c828f8a010da4bb82
0.065,-0.3,100,0.06,0.65,1.25,25,11.403508771929825,7.982456140350878,106.43274853801171,69.18128654970761,82.59546564124973,69.18128654970761,30.818713450292393,LTV,-39.33333333333333,-1.1834319526627057,scenario,USD_per_100_existing_principal,incompatible,colb-office-normalized-refi@1,refi-gap@1,aef4a56a6829d5420685a4d498058e83ccc08e12+tree.4e67479291c8900b,core_91b5066f446edff27455cc21;core_9681538c828f8a010da4bb82
0.065,-0.3,100,0.06,0.65,1.25,0,11.403508771929825,7.982456140350878,106.43274853801171,69.18128654970761,106.43274853801171,69.18128654970761,30.818713450292393,LTV,-39.33333333333333,-1.1834319526627057,scenario,USD_per_100_existing_principal,incompatible,colb-office-normalized-refi@1,refi-gap@1,aef4a56a6829d5420685a4d498058e83ccc08e12+tree.4e67479291c8900b,core_91b5066f446edff27455cc21;core_9681538c828f8a010da4bb82
0.065,-0.3,100,0.07,0.6,1.25,25,11.403508771929825,7.982456140350878,106.43274853801171,63.85964912280702,75.29420004744864,63.85964912280702,36.14035087719298,LTV,-39.33333333333333,-9.615384615384603,scenario,USD_per_100_existing_principal,incompatible,colb-office-normalized-refi@1,refi-gap@1,aef4a56a6829d5420685a4d498058e83ccc08e12+tree.4e67479291c8900b,core_91b5066f446edff27455cc21;core_9681538c828f8a010da4bb82
0.065,-0.3,100,0.07,0.6,1.25,0,11.403508771929825,7.982456140350878,106.43274853801171,63.85964912280702,91.22807017543859,63.85964912280702,36.14035087719298,LTV,-39.33333333333333,-9.615384615384603,scenario,USD_per_100_existing_principal,incompatible,colb-office-normalized-refi@1,refi-gap@1,aef4a56a6829d5420685a4d498058e83ccc08e12+tree.4e67479291c8900b,core_91b5066f446edff27455cc21;core_9681538c828f8a010da4bb82
0.065,-0.3,100,0.07,0.65,1.25,25,11.403508771929825,7.982456140350878,106.43274853801171,69.18128654970761,75.29420004744864,69.18128654970761,30.818713450292393,LTV,-39.33333333333333,-1.1834319526627057,scenario,USD_per_100_existing_principal,incompatible,colb-office-normalized-refi@1,refi-gap@1,aef4a56a6829d5420685a4d498058e83ccc08e12+tree.4e67479291c8900b,core_91b5066f446edff27455cc21;core_9681538c828f8a010da4bb82
0.065,-0.3,100,0.07,0.65,1.25,0,11.403508771929825,7.982456140350878,106.43274853801171,69.18128654970761,91.22807017543859,69.18128654970761,30.818713450292393,LTV,-39.33333333333333,-1.1834319526627057,scenario,USD_per_100_existing_principal,incompatible,colb-office-normalized-refi@1,refi-gap@1,aef4a56a6829d5420685a4d498058e83ccc08e12+tree.4e67479291c8900b,core_91b5066f446edff27455cc21;core_9681538c828f8a010da4bb82
0.065,-0.3,100,0.08,0.6,1.25,25,11.403508771929825,7.982456140350878,106.43274853801171,63.85964912280702,68.94954126804544,63.85964912280702,36.14035087719298,LTV,-39.33333333333333,-9.615384615384603,scenario,USD_per_100_existing_principal,incompatible,colb-office-normalized-refi@1,refi-gap@1,aef4a56a6829d5420685a4d498058e83ccc08e12+tree.4e67479291c8900b,core_91b5066f446edff27455cc21;core_9681538c828f8a010da4bb82
0.065,-0.3,100,0.08,0.6,1.25,0,11.403508771929825,7.982456140350878,106.43274853801171,63.85964912280702,79.82456140350877,63.85964912280702,36.14035087719298,LTV,-39.33333333333333,-9.615384615384603,scenario,USD_per_100_existing_principal,incompatible,colb-office-normalized-refi@1,refi-gap@1,aef4a56a6829d5420685a4d498058e83ccc08e12+tree.4e67479291c8900b,core_91b5066f446edff27455cc21;core_9681538c828f8a010da4bb82
0.065,-0.3,100,0.08,0.65,1.25,25,11.403508771929825,7.982456140350878,106.43274853801171,69.18128654970761,68.94954126804544,68.94954126804544,31.050458731954564,DSCR,-39.33333333333333,-1.5235180867568587,scenario,USD_per_100_existing_principal,incompatible,colb-office-normalized-refi@1,refi-gap@1,aef4a56a6829d5420685a4d498058e83ccc08e12+tree.4e67479291c8900b,core_91b5066f446edff27455cc21;core_9681538c828f8a010da4bb82
0.065,-0.3,100,0.08,0.65,1.25,0,11.403508771929825,7.982456140350878,106.43274853801171,69.18128654970761,79.82456140350877,69.18128654970761,30.818713450292393,LTV,-39.33333333333333,-1.1834319526627057,scenario,USD_per_100_existing_principal,incompatible,colb-office-normalized-refi@1,refi-gap@1,aef4a56a6829d5420685a4d498058e83ccc08e12+tree.4e67479291c8900b,core_91b5066f446edff27455cc21;core_9681538c828f8a010da4bb82
0.065,-0.3,100,0.09,0.6,1.25,25,11.403508771929825,7.982456140350878,106.43274853801171,63.85964912280702,63.4134948327324,63.4134948327324,36.5865051672676,DSCR,-39.33333333333333,-10.386598601198394,scenario,USD_per_100_existing_principal,incompatible,colb-office-normalized-refi@1,refi-gap@1,aef4a56a6829d5420685a4d498058e83ccc08e12+tree.4e67479291c8900b,core_91b5066f446edff27455cc21;core_9681538c828f8a010da4bb82
0.065,-0.3,100,0.09,0.6,1.25,0,11.403508771929825,7.982456140350878,106.43274853801171,63.85964912280702,70.95516569200781,63.85964912280702,36.14035087719298,LTV,-39.33333333333333,-9.615384615384603,scenario,USD_per_100_existing_principal,incompatible,colb-office-normalized-refi@1,refi-gap@1,aef4a56a6829d5420685a4d498058e83ccc08e12+tree.4e67479291c8900b,core_91b5066f446edff27455cc21;core_9681538c828f8a010da4bb82
0.065,-0.3,100,0.09,0.65,1.25,25,11.403508771929825,7.982456140350878,106.43274853801171,69.18128654970761,63.4134948327324,63.4134948327324,36.5865051672676,DSCR,-39.33333333333333,-10.386598601198394,scenario,USD_per_100_existing_principal,incompatible,colb-office-normalized-refi@1,refi-gap@1,aef4a56a6829d5420685a4d498058e83ccc08e12+tree.4e67479291c8900b,core_91b5066f446edff27455cc21;core_9681538c828f8a010da4bb82
0.065,-0.3,100,0.09,0.65,1.25,0,11.403508771929825,7.982456140350878,106.43274853801171,69.18128654970761,70.95516569200781,69.18128654970761,30.818713450292393,LTV,-39.33333333333333,-1.1834319526627057,scenario,USD_per_100_existing_principal,incompatible,colb-office-normalized-refi@1,refi-gap@1,aef4a56a6829d5420685a4d498058e83ccc08e12+tree.4e67479291c8900b,core_91b5066f446edff27455cc21;core_9681538c828f8a010da4bb82
0.065,-0.3,200,0.06,0.6,1.25,25,11.403508771929825,7.982456140350878,93.91124871001031,56.34674922600619,82.59546564124973,56.34674922600619,43.65325077399381,LTV,-46.47058823529413,-24.230769230769234,scenario,USD_per_100_existing_principal,incompatible,colb-office-normalized-refi@1,refi-gap@1,aef4a56a6829d5420685a4d498058e83ccc08e12+tree.4e67479291c8900b,core_91b5066f446edff27455cc21;core_9681538c828f8a010da4bb82
0.065,-0.3,200,0.06,0.6,1.25,0,11.403508771929825,7.982456140350878,93.91124871001031,56.34674922600619,106.43274853801171,56.34674922600619,43.65325077399381,LTV,-46.47058823529413,-24.230769230769234,scenario,USD_per_100_existing_principal,incompatible,colb-office-normalized-refi@1,refi-gap@1,aef4a56a6829d5420685a4d498058e83ccc08e12+tree.4e67479291c8900b,core_91b5066f446edff27455cc21;core_9681538c828f8a010da4bb82
0.065,-0.3,200,0.06,0.65,1.25,25,11.403508771929825,7.982456140350878,93.91124871001031,61.0423116615067,82.59546564124973,61.0423116615067,38.9576883384933,LTV,-46.47058823529413,-14.674556213017741,scenario,USD_per_100_existing_principal,incompatible,colb-office-normalized-refi@1,refi-gap@1,aef4a56a6829d5420685a4d498058e83ccc08e12+tree.4e67479291c8900b,core_91b5066f446edff27455cc21;core_9681538c828f8a010da4bb82
0.065,-0.3,200,0.06,0.65,1.25,0,11.403508771929825,7.982456140350878,93.91124871001031,61.0423116615067,106.43274853801171,61.0423116615067,38.9576883384933,LTV,-46.47058823529413,-14.674556213017741,scenario,USD_per_100_existing_principal,incompatible,colb-office-normalized-refi@1,refi-gap@1,aef4a56a6829d5420685a4d498058e83ccc08e12+tree.4e67479291c8900b,core_91b5066f446edff27455cc21;core_9681538c828f8a010da4bb82
0.065,-0.3,200,0.07,0.6,1.25,25,11.403508771929825,7.982456140350878,93.91124871001031,56.34674922600619,75.29420004744864,56.34674922600619,43.65325077399381,LTV,-46.47058823529413,-24.230769230769234,scenario,USD_per_100_existing_principal,incompatible,colb-office-normalized-refi@1,refi-gap@1,aef4a56a6829d5420685a4d498058e83ccc08e12+tree.4e67479291c8900b,core_91b5066f446edff27455cc21;core_9681538c828f8a010da4bb82
0.065,-0.3,200,0.07,0.6,1.25,0,11.403508771929825,7.982456140350878,93.91124871001031,56.34674922600619,91.22807017543859,56.34674922600619,43.65325077399381,LTV,-46.47058823529413,-24.230769230769234,scenario,USD_per_100_existing_principal,incompatible,colb-office-normalized-refi@1,refi-gap@1,aef4a56a6829d5420685a4d498058e83ccc08e12+tree.4e67479291c8900b,core_91b5066f446edff27455cc21;core_9681538c828f8a010da4bb82
0.065,-0.3,200,0.07,0.65,1.25,25,11.403508771929825,7.982456140350878,93.91124871001031,61.0423116615067,75.29420004744864,61.0423116615067,38.9576883384933,LTV,-46.47058823529413,-14.674556213017741,scenario,USD_per_100_existing_principal,incompatible,colb-office-normalized-refi@1,refi-gap@1,aef4a56a6829d5420685a4d498058e83ccc08e12+tree.4e67479291c8900b,core_91b5066f446edff27455cc21;core_9681538c828f8a010da4bb82
0.065,-0.3,200,0.07,0.65,1.25,0,11.403508771929825,7.982456140350878,93.91124871001031,61.0423116615067,91.22807017543859,61.0423116615067,38.9576883384933,LTV,-46.47058823529413,-14.674556213017741,scenario,USD_per_100_existing_principal,incompatible,colb-office-normalized-refi@1,refi-gap@1,aef4a56a6829d5420685a4d498058e83ccc08e12+tree.4e67479291c8900b,core_91b5066f446edff27455cc21;core_9681538c828f8a010da4bb82
0.065,-0.3,200,0.08,0.6,1.25,25,11.403508771929825,7.982456140350878,93.91124871001031,56.34674922600619,68.94954126804544,56.34674922600619,43.65325077399381,LTV,-46.47058823529413,-24.230769230769234,scenario,USD_per_100_existing_principal,incompatible,colb-office-normalized-refi@1,refi-gap@1,aef4a56a6829d5420685a4d498058e83ccc08e12+tree.4e67479291c8900b,core_91b5066f446edff27455cc21;core_9681538c828f8a010da4bb82
0.065,-0.3,200,0.08,0.6,1.25,0,11.403508771929825,7.982456140350878,93.91124871001031,56.34674922600619,79.82456140350877,56.34674922600619,43.65325077399381,LTV,-46.47058823529413,-24.230769230769234,scenario,USD_per_100_existing_principal,incompatible,colb-office-normalized-refi@1,refi-gap@1,aef4a56a6829d5420685a4d498058e83ccc08e12+tree.4e67479291c8900b,core_91b5066f446edff27455cc21;core_9681538c828f8a010da4bb82
0.065,-0.3,200,0.08,0.65,1.25,25,11.403508771929825,7.982456140350878,93.91124871001031,61.0423116615067,68.94954126804544,61.0423116615067,38.9576883384933,LTV,-46.47058823529413,-14.674556213017741,scenario,USD_per_100_existing_principal,incompatible,colb-office-normalized-refi@1,refi-gap@1,aef4a56a6829d5420685a4d498058e83ccc08e12+tree.4e67479291c8900b,core_91b5066f446edff27455cc21;core_9681538c828f8a010da4bb82
0.065,-0.3,200,0.08,0.65,1.25,0,11.403508771929825,7.982456140350878,93.91124871001031,61.0423116615067,79.82456140350877,61.0423116615067,38.9576883384933,LTV,-46.47058823529413,-14.674556213017741,scenario,USD_per_100_existing_principal,incompatible,colb-office-normalized-refi@1,refi-gap@1,aef4a56a6829d5420685a4d498058e83ccc08e12+tree.4e67479291c8900b,core_91b5066f446edff27455cc21;core_9681538c828f8a010da4bb82
0.065,-0.3,200,0.09,0.6,1.25,25,11.403508771929825,7.982456140350878,93.91124871001031,56.34674922600619,63.4134948327324,56.34674922600619,43.65325077399381,LTV,-46.47058823529413,-24.230769230769234,scenario,USD_per_100_existing_principal,incompatible,colb-office-normalized-refi@1,refi-gap@1,aef4a56a6829d5420685a4d498058e83ccc08e12+tree.4e67479291c8900b,core_91b5066f446edff27455cc21;core_9681538c828f8a010da4bb82
0.065,-0.3,200,0.09,0.6,1.25,0,11.403508771929825,7.982456140350878,93.91124871001031,56.34674922600619,70.95516569200781,56.34674922600619,43.65325077399381,LTV,-46.47058823529413,-24.230769230769234,scenario,USD_per_100_existing_principal,incompatible,colb-office-normalized-refi@1,refi-gap@1,aef4a56a6829d5420685a4d498058e83ccc08e12+tree.4e67479291c8900b,core_91b5066f446edff27455cc21;core_9681538c828f8a010da4bb82
0.065,-0.3,200,0.09,0.65,1.25,25,11.403508771929825,7.982456140350878,93.91124871001031,61.0423116615067,63.4134948327324,61.0423116615067,38.9576883384933,LTV,-46.47058823529413,-14.674556213017741,scenario,USD_per_100_existing_principal,incompatible,colb-office-normalized-refi@1,refi-gap@1,aef4a56a6829d5420685a4d498058e83ccc08e12+tree.4e67479291c8900b,core_91b5066f446edff27455cc21;core_9681538c828f8a010da4bb82
0.065,-0.3,200,0.09,0.65,1.25,0,11.403508771929825,7.982456140350878,93.91124871001031,61.0423116615067,70.95516569200781,61.0423116615067,38.9576883384933,LTV,-46.47058823529413,-14.674556213017741,scenario,USD_per_100_existing_principal,incompatible,colb-office-normalized-refi@1,refi-gap@1,aef4a56a6829d5420685a4d498058e83ccc08e12+tree.4e67479291c8900b,core_91b5066f446edff27455cc21;core_9681538c828f8a010da4bb82
0.075,0.0,0,0.06,0.6,1.25,25,13.157894736842106,13.157894736842106,175.43859649122808,105.26315789473685,136.14637193612595,105.26315789473685,0.0,LTV,0.0,5.000000000000004,scenario,USD_per_100_existing_principal,incompatible,colb-office-normalized-refi@1,refi-gap@1,aef4a56a6829d5420685a4d498058e83ccc08e12+tree.4e67479291c8900b,core_91b5066f446edff27455cc21;core_9681538c828f8a010da4bb82
0.075,0.0,0,0.06,0.6,1.25,0,13.157894736842106,13.157894736842106,175.43859649122808,105.26315789473685,175.43859649122808,105.26315789473685,0.0,LTV,0.0,5.000000000000004,scenario,USD_per_100_existing_principal,incompatible,colb-office-normalized-refi@1,refi-gap@1,aef4a56a6829d5420685a4d498058e83ccc08e12+tree.4e67479291c8900b,core_91b5066f446edff27455cc21;core_9681538c828f8a010da4bb82
0.075,0.0,0,0.06,0.65,1.25,25,13.157894736842106,13.157894736842106,175.43859649122808,114.03508771929826,136.14637193612595,114.03508771929826,0.0,LTV,0.0,12.307692307692319,scenario,USD_per_100_existing_principal,incompatible,colb-office-normalized-refi@1,refi-gap@1,aef4a56a6829d5420685a4d498058e83ccc08e12+tree.4e67479291c8900b,core_91b5066f446edff27455cc21;core_9681538c828f8a010da4bb82
0.075,0.0,0,0.06,0.65,1.25,0,13.157894736842106,13.157894736842106,175.43859649122808,114.03508771929826,175.43859649122808,114.03508771929826,0.0,LTV,0.0,12.307692307692319,scenario,USD_per_100_existing_principal,incompatible,colb-office-normalized-refi@1,refi-gap@1,aef4a56a6829d5420685a4d498058e83ccc08e12+tree.4e67479291c8900b,core_91b5066f446edff27455cc21;core_9681538c828f8a010da4bb82
0.075,0.0,0,0.07,0.6,1.25,25,13.157894736842106,13.157894736842106,175.43859649122808,105.26315789473685,124.11131875953073,105.26315789473685,0.0,LTV,0.0,5.000000000000004,scenario,USD_per_100_existing_principal,incompatible,colb-office-normalized-refi@1,refi-gap@1,aef4a56a6829d5420685a4d498058e83ccc08e12+tree.4e67479291c8900b,core_91b5066f446edff27455cc21;core_9681538c828f8a010da4bb82
0.075,0.0,0,0.07,0.6,1.25,0,13.157894736842106,13.157894736842106,175.43859649122808,105.26315789473685,150.37593984962405,105.26315789473685,0.0,LTV,0.0,5.000000000000004,scenario,USD_per_100_existing_principal,incompatible,colb-office-normalized-refi@1,refi-gap@1,aef4a56a6829d5420685a4d498058e83ccc08e12+tree.4e67479291c8900b,core_91b5066f446edff27455cc21;core_9681538c828f8a010da4bb82
0.075,0.0,0,0.07,0.65,1.25,25,13.157894736842106,13.157894736842106,175.43859649122808,114.03508771929826,124.11131875953073,114.03508771929826,0.0,LTV,0.0,12.307692307692319,scenario,USD_per_100_existing_principal,incompatible,colb-office-normalized-refi@1,refi-gap@1,aef4a56a6829d5420685a4d498058e83ccc08e12+tree.4e67479291c8900b,core_91b5066f446edff27455cc21;core_9681538c828f8a010da4bb82
0.075,0.0,0,0.07,0.65,1.25,0,13.157894736842106,13.157894736842106,175.43859649122808,114.03508771929826,150.37593984962405,114.03508771929826,0.0,LTV,0.0,12.307692307692319,scenario,USD_per_100_existing_principal,incompatible,colb-office-normalized-refi@1,refi-gap@1,aef4a56a6829d5420685a4d498058e83ccc08e12+tree.4e67479291c8900b,core_91b5066f446edff27455cc21;core_9681538c828f8a010da4bb82
0.075,0.0,0,0.08,0.6,1.25,25,13.157894736842106,13.157894736842106,175.43859649122808,105.26315789473685,113.65309000227269,105.26315789473685,0.0,LTV,0.0,5.000000000000004,scenario,USD_per_100_existing_principal,incompatible,colb-office-normalized-refi@1,refi-gap@1,aef4a56a6829d5420685a4d498058e83ccc08e12+tree.4e67479291c8900b,core_91b5066f446edff27455cc21;core_9681538c828f8a010da4bb82
0.075,0.0,0,0.08,0.6,1.25,0,13.157894736842106,13.157894736842106,175.43859649122808,105.26315789473685,131.57894736842104,105.26315789473685,0.0,LTV,0.0,5.000000000000004,scenario,USD_per_100_existing_principal,incompatible,colb-office-normalized-refi@1,refi-gap@1,aef4a56a6829d5420685a4d498058e83ccc08e12+tree.4e67479291c8900b,core_91b5066f446edff27455cc21;core_9681538c828f8a010da4bb82
0.075,0.0,0,0.08,0.65,1.25,25,13.157894736842106,13.157894736842106,175.43859649122808,114.03508771929826,113.65309000227269,113.65309000227269,0.0,DSCR,0.0,12.012950991477389,scenario,USD_per_100_existing_principal,incompatible,colb-office-normalized-refi@1,refi-gap@1,aef4a56a6829d5420685a4d498058e83ccc08e12+tree.4e67479291c8900b,core_91b5066f446edff27455cc21;core_9681538c828f8a010da4bb82
0.075,0.0,0,0.08,0.65,1.25,0,13.157894736842106,13.157894736842106,175.43859649122808,114.03508771929826,131.57894736842104,114.03508771929826,0.0,LTV,0.0,12.307692307692319,scenario,USD_per_100_existing_principal,incompatible,colb-office-normalized-refi@1,refi-gap@1,aef4a56a6829d5420685a4d498058e83ccc08e12+tree.4e67479291c8900b,core_91b5066f446edff27455cc21;core_9681538c828f8a010da4bb82
0.075,0.0,0,0.09,0.6,1.25,25,13.157894736842106,13.157894736842106,175.43859649122808,105.26315789473685,104.52773873527318,104.52773873527318,0.0,DSCR,0.0,4.331614545628071,scenario,USD_per_100_existing_principal,incompatible,colb-office-normalized-refi@1,refi-gap@1,aef4a56a6829d5420685a4d498058e83ccc08e12+tree.4e67479291c8900b,core_91b5066f446edff27455cc21;core_9681538c828f8a010da4bb82
0.075,0.0,0,0.09,0.6,1.25,0,13.157894736842106,13.157894736842106,175.43859649122808,105.26315789473685,116.9590643274854,105.26315789473685,0.0,LTV,0.0,5.000000000000004,scenario,USD_per_100_existing_principal,incompatible,colb-office-normalized-refi@1,refi-gap@1,aef4a56a6829d5420685a4d498058e83ccc08e12+tree.4e67479291c8900b,core_91b5066f446edff27455cc21;core_9681538c828f8a010da4bb82
0.075,0.0,0,0.09,0.65,1.25,25,13.157894736842106,13.157894736842106,175.43859649122808,114.03508771929826,104.52773873527318,104.52773873527318,0.0,DSCR,0.0,4.331614545628071,scenario,USD_per_100_existing_principal,incompatible,colb-office-normalized-refi@1,refi-gap@1,aef4a56a6829d5420685a4d498058e83ccc08e12+tree.4e67479291c8900b,core_91b5066f446edff27455cc21;core_9681538c828f8a010da4bb82
0.075,0.0,0,0.09,0.65,1.25,0,13.157894736842106,13.157894736842106,175.43859649122808,114.03508771929826,116.9590643274854,114.03508771929826,0.0,LTV,0.0,12.307692307692319,scenario,USD_per_100_existing_principal,incompatible,colb-office-normalized-refi@1,refi-gap@1,aef4a56a6829d5420685a4d498058e83ccc08e12+tree.4e67479291c8900b,core_91b5066f446edff27455cc21;core_9681538c828f8a010da4bb82
0.075,0.0,100,0.06,0.6,1.25,25,13.157894736842106,13.157894736842106,154.79876160990713,92.87925696594428,136.14637193612595,92.87925696594428,7.120743034055721,LTV,-11.764705882352944,-7.666666666666666,scenario,USD_per_100_existing_principal,incompatible,colb-office-normalized-refi@1,refi-gap@1,aef4a56a6829d5420685a4d498058e83ccc08e12+tree.4e67479291c8900b,core_91b5066f446edff27455cc21;core_9681538c828f8a010da4bb82
0.075,0.0,100,0.06,0.6,1.25,0,13.157894736842106,13.157894736842106,154.79876160990713,92.87925696594428,175.43859649122808,92.87925696594428,7.120743034055721,LTV,-11.764705882352944,-7.666666666666666,scenario,USD_per_100_existing_principal,incompatible,colb-office-normalized-refi@1,refi-gap@1,aef4a56a6829d5420685a4d498058e83ccc08e12+tree.4e67479291c8900b,core_91b5066f446edff27455cc21;core_9681538c828f8a010da4bb82
0.075,0.0,100,0.06,0.65,1.25,25,13.157894736842106,13.157894736842106,154.79876160990713,100.61919504643964,136.14637193612595,100.61919504643964,0.0,LTV,-11.764705882352944,0.6153846153846287,scenario,USD_per_100_existing_principal,incompatible,colb-office-normalized-refi@1,refi-gap@1,aef4a56a6829d5420685a4d498058e83ccc08e12+tree.4e67479291c8900b,core_91b5066f446edff27455cc21;core_9681538c828f8a010da4bb82
0.075,0.0,100,0.06,0.65,1.25,0,13.157894736842106,13.157894736842106,154.79876160990713,100.61919504643964,175.43859649122808,100.61919504643964,0.0,LTV,-11.764705882352944,0.6153846153846287,scenario,USD_per_100_existing_principal,incompatible,colb-office-normalized-refi@1,refi-gap@1,aef4a56a6829d5420685a4d498058e83ccc08e12+tree.4e67479291c8900b,core_91b5066f446edff27455cc21;core_9681538c828f8a010da4bb82
0.075,0.0,100,0.07,0.6,1.25,25,13.157894736842106,13.157894736842106,154.79876160990713,92.87925696594428,124.11131875953073,92.87925696594428,7.120743034055721,LTV,-11.764705882352944,-7.666666666666666,scenario,USD_per_100_existing_principal,incompatible,colb-office-normalized-refi@1,refi-gap@1,aef4a56a6829d5420685a4d498058e83ccc08e12+tree.4e67479291c8900b,core_91b5066f446edff27455cc21;core_9681538c828f8a010da4bb82
0.075,0.0,100,0.07,0.6,1.25,0,13.157894736842106,13.157894736842106,154.79876160990713,92.87925696594428,150.37593984962405,92.87925696594428,7.120743034055721,LTV,-11.764705882352944,-7.666666666666666,scenario,USD_per_100_existing_principal,incompatible,colb-office-normalized-refi@1,refi-gap@1,aef4a56a6829d5420685a4d498058e83ccc08e12+tree.4e67479291c8900b,core_91b5066f446edff27455cc21;core_9681538c828f8a010da4bb82
0.075,0.0,100,0.07,0.65,1.25,25,13.157894736842106,13.157894736842106,154.79876160990713,100.61919504643964,124.11131875953073,100.61919504643964,0.0,LTV,-11.764705882352944,0.6153846153846287,scenario,USD_per_100_existing_principal,incompatible,colb-office-normalized-refi@1,refi-gap@1,aef4a56a6829d5420685a4d498058e83ccc08e12+tree.4e67479291c8900b,core_91b5066f446edff27455cc21;core_9681538c828f8a010da4bb82
0.075,0.0,100,0.07,0.65,1.25,0,13.157894736842106,13.157894736842106,154.79876160990713,100.61919504643964,150.37593984962405,100.61919504643964,0.0,LTV,-11.764705882352944,0.6153846153846287,scenario,USD_per_100_existing_principal,incompatible,colb-office-normalized-refi@1,refi-gap@1,aef4a56a6829d5420685a4d498058e83ccc08e12+tree.4e67479291c8900b,core_91b5066f446edff27455cc21;core_9681538c828f8a010da4bb82
0.075,0.0,100,0.08,0.6,1.25,25,13.157894736842106,13.157894736842106,154.79876160990713,92.87925696594428,113.65309000227269,92.87925696594428,7.120743034055721,LTV,-11.764705882352944,-7.666666666666666,scenario,USD_per_100_existing_principal,incompatible,colb-office-normalized-refi@1,refi-gap@1,aef4a56a6829d5420685a4d498058e83ccc08e12+tree.4e67479291c8900b,core_91b5066f446edff27455cc21;core_9681538c828f8a010da4bb82
0.075,0.0,100,0.08,0.6,1.25,0,13.157894736842106,13.157894736842106,154.79876160990713,92.87925696594428,131.57894736842104,92.87925696594428,7.120743034055721,LTV,-11.764705882352944,-7.666666666666666,scenario,USD_per_100_existing_principal,incompatible,colb-office-normalized-refi@1,refi-gap@1,aef4a56a6829d5420685a4d498058e83ccc08e12+tree.4e67479291c8900b,core_91b5066f446edff27455cc21;core_9681538c828f8a010da4bb82
0.075,0.0,100,0.08,0.65,1.25,25,13.157894736842106,13.157894736842106,154.79876160990713,100.61919504643964,113.65309000227269,100.61919504643964,0.0,LTV,-11.764705882352944,0.6153846153846287,scenario,USD_per_100_existing_principal,incompatible,colb-office-normalized-refi@1,refi-gap@1,aef4a56a6829d5420685a4d498058e83ccc08e12+tree.4e67479291c8900b,core_91b5066f446edff27455cc21;core_9681538c828f8a010da4bb82
0.075,0.0,100,0.08,0.65,1.25,0,13.157894736842106,13.157894736842106,154.79876160990713,100.61919504643964,131.57894736842104,100.61919504643964,0.0,LTV,-11.764705882352944,0.6153846153846287,scenario,USD_per_100_existing_principal,incompatible,colb-office-normalized-refi@1,refi-gap@1,aef4a56a6829d5420685a4d498058e83ccc08e12+tree.4e67479291c8900b,core_91b5066f446edff27455cc21;core_9681538c828f8a010da4bb82
0.075,0.0,100,0.09,0.6,1.25,25,13.157894736842106,13.157894736842106,154.79876160990713,92.87925696594428,104.52773873527318,92.87925696594428,7.120743034055721,LTV,-11.764705882352944,-7.666666666666666,scenario,USD_per_100_existing_principal,incompatible,colb-office-normalized-refi@1,refi-gap@1,aef4a56a6829d5420685a4d498058e83ccc08e12+tree.4e67479291c8900b,core_91b5066f446edff27455cc21;core_9681538c828f8a010da4bb82
0.075,0.0,100,0.09,0.6,1.25,0,13.157894736842106,13.157894736842106,154.79876160990713,92.87925696594428,116.9590643274854,92.87925696594428,7.120743034055721,LTV,-11.764705882352944,-7.666666666666666,scenario,USD_per_100_existing_principal,incompatible,colb-office-normalized-refi@1,refi-gap@1,aef4a56a6829d5420685a4d498058e83ccc08e12+tree.4e67479291c8900b,core_91b5066f446edff27455cc21;core_9681538c828f8a010da4bb82
0.075,0.0,100,0.09,0.65,1.25,25,13.157894736842106,13.157894736842106,154.79876160990713,100.61919504643964,104.52773873527318,100.61919504643964,0.0,LTV,-11.764705882352944,0.6153846153846287,scenario,USD_per_100_existing_principal,incompatible,colb-office-normalized-refi@1,refi-gap@1,aef4a56a6829d5420685a4d498058e83ccc08e12+tree.4e67479291c8900b,core_91b5066f446edff27455cc21;core_9681538c828f8a010da4bb82
0.075,0.0,100,0.09,0.65,1.25,0,13.157894736842106,13.157894736842106,154.79876160990713,100.61919504643964,116.9590643274854,100.61919504643964,0.0,LTV,-11.764705882352944,0.6153846153846287,scenario,USD_per_100_existing_principal,incompatible,colb-office-normalized-refi@1,refi-gap@1,aef4a56a6829d5420685a4d498058e83ccc08e12+tree.4e67479291c8900b,core_91b5066f446edff27455cc21;core_9681538c828f8a010da4bb82
0.075,0.0,200,0.06,0.6,1.25,25,13.157894736842106,13.157894736842106,138.50415512465375,83.10249307479225,136.14637193612595,83.10249307479225,16.89750692520775,LTV,-21.052631578947366,-20.333333333333336,scenario,USD_per_100_existing_principal,incompatible,colb-office-normalized-refi@1,refi-gap@1,aef4a56a6829d5420685a4d498058e83ccc08e12+tree.4e67479291c8900b,core_91b5066f446edff27455cc21;core_9681538c828f8a010da4bb82
0.075,0.0,200,0.06,0.6,1.25,0,13.157894736842106,13.157894736842106,138.50415512465375,83.10249307479225,175.43859649122808,83.10249307479225,16.89750692520775,LTV,-21.052631578947366,-20.333333333333336,scenario,USD_per_100_existing_principal,incompatible,colb-office-normalized-refi@1,refi-gap@1,aef4a56a6829d5420685a4d498058e83ccc08e12+tree.4e67479291c8900b,core_91b5066f446edff27455cc21;core_9681538c828f8a010da4bb82
0.075,0.0,200,0.06,0.65,1.25,25,13.157894736842106,13.157894736842106,138.50415512465375,90.02770083102494,136.14637193612595,90.02770083102494,9.972299168975056,LTV,-21.052631578947366,-11.076923076923073,scenario,USD_per_100_existing_principal,incompatible,colb-office-normalized-refi@1,refi-gap@1,aef4a56a6829d5420685a4d498058e83ccc08e12+tree.4e67479291c8900b,core_91b5066f446edff27455cc21;core_9681538c828f8a010da4bb82
0.075,0.0,200,0.06,0.65,1.25,0,13.157894736842106,13.157894736842106,138.50415512465375,90.02770083102494,175.43859649122808,90.02770083102494,9.972299168975056,LTV,-21.052631578947366,-11.076923076923073,scenario,USD_per_100_existing_principal,incompatible,colb-office-normalized-refi@1,refi-gap@1,aef4a56a6829d5420685a4d498058e83ccc08e12+tree.4e67479291c8900b,core_91b5066f446edff27455cc21;core_9681538c828f8a010da4bb82
0.075,0.0,200,0.07,0.6,1.25,25,13.157894736842106,13.157894736842106,138.50415512465375,83.10249307479225,124.11131875953073,83.10249307479225,16.89750692520775,LTV,-21.052631578947366,-20.333333333333336,scenario,USD_per_100_existing_principal,incompatible,colb-office-normalized-refi@1,refi-gap@1,aef4a56a6829d5420685a4d498058e83ccc08e12+tree.4e67479291c8900b,core_91b5066f446edff27455cc21;core_9681538c828f8a010da4bb82
0.075,0.0,200,0.07,0.6,1.25,0,13.157894736842106,13.157894736842106,138.50415512465375,83.10249307479225,150.37593984962405,83.10249307479225,16.89750692520775,LTV,-21.052631578947366,-20.333333333333336,scenario,USD_per_100_existing_principal,incompatible,colb-office-normalized-refi@1,refi-gap@1,aef4a56a6829d5420685a4d498058e83ccc08e12+tree.4e67479291c8900b,core_91b5066f446edff27455cc21;core_9681538c828f8a010da4bb82
0.075,0.0,200,0.07,0.65,1.25,25,13.157894736842106,13.157894736842106,138.50415512465375,90.02770083102494,124.11131875953073,90.02770083102494,9.972299168975056,LTV,-21.052631578947366,-11.076923076923073,scenario,USD_per_100_existing_principal,incompatible,colb-office-normalized-refi@1,refi-gap@1,aef4a56a6829d5420685a4d498058e83ccc08e12+tree.4e67479291c8900b,core_91b5066f446edff27455cc21;core_9681538c828f8a010da4bb82
0.075,0.0,200,0.07,0.65,1.25,0,13.157894736842106,13.157894736842106,138.50415512465375,90.02770083102494,150.37593984962405,90.02770083102494,9.972299168975056,LTV,-21.052631578947366,-11.076923076923073,scenario,USD_per_100_existing_principal,incompatible,colb-office-normalized-refi@1,refi-gap@1,aef4a56a6829d5420685a4d498058e83ccc08e12+tree.4e67479291c8900b,core_91b5066f446edff27455cc21;core_9681538c828f8a010da4bb82
0.075,0.0,200,0.08,0.6,1.25,25,13.157894736842106,13.157894736842106,138.50415512465375,83.10249307479225,113.65309000227269,83.10249307479225,16.89750692520775,LTV,-21.052631578947366,-20.333333333333336,scenario,USD_per_100_existing_principal,incompatible,colb-office-normalized-refi@1,refi-gap@1,aef4a56a6829d5420685a4d498058e83ccc08e12+tree.4e67479291c8900b,core_91b5066f446edff27455cc21;core_9681538c828f8a010da4bb82
0.075,0.0,200,0.08,0.6,1.25,0,13.157894736842106,13.157894736842106,138.50415512465375,83.10249307479225,131.57894736842104,83.10249307479225,16.89750692520775,LTV,-21.052631578947366,-20.333333333333336,scenario,USD_per_100_existing_principal,incompatible,colb-office-normalized-refi@1,refi-gap@1,aef4a56a6829d5420685a4d498058e83ccc08e12+tree.4e67479291c8900b,core_91b5066f446edff27455cc21;core_9681538c828f8a010da4bb82
0.075,0.0,200,0.08,0.65,1.25,25,13.157894736842106,13.157894736842106,138.50415512465375,90.02770083102494,113.65309000227269,90.02770083102494,9.972299168975056,LTV,-21.052631578947366,-11.076923076923073,scenario,USD_per_100_existing_principal,incompatible,colb-office-normalized-refi@1,refi-gap@1,aef4a56a6829d5420685a4d498058e83ccc08e12+tree.4e67479291c8900b,core_91b5066f446edff27455cc21;core_9681538c828f8a010da4bb82
0.075,0.0,200,0.08,0.65,1.25,0,13.157894736842106,13.157894736842106,138.50415512465375,90.02770083102494,131.57894736842104,90.02770083102494,9.972299168975056,LTV,-21.052631578947366,-11.076923076923073,scenario,USD_per_100_existing_principal,incompatible,colb-office-normalized-refi@1,refi-gap@1,aef4a56a6829d5420685a4d498058e83ccc08e12+tree.4e67479291c8900b,core_91b5066f446edff27455cc21;core_9681538c828f8a010da4bb82
0.075,0.0,200,0.09,0.6,1.25,25,13.157894736842106,13.157894736842106,138.50415512465375,83.10249307479225,104.52773873527318,83.10249307479225,16.89750692520775,LTV,-21.052631578947366,-20.333333333333336,scenario,USD_per_100_existing_principal,incompatible,colb-office-normalized-refi@1,refi-gap@1,aef4a56a6829d5420685a4d498058e83ccc08e12+tree.4e67479291c8900b,core_91b5066f446edff27455cc21;core_9681538c828f8a010da4bb82
0.075,0.0,200,0.09,0.6,1.25,0,13.157894736842106,13.157894736842106,138.50415512465375,83.10249307479225,116.9590643274854,83.10249307479225,16.89750692520775,LTV,-21.052631578947366,-20.333333333333336,scenario,USD_per_100_existing_principal,incompatible,colb-office-normalized-refi@1,refi-gap@1,aef4a56a6829d5420685a4d498058e83ccc08e12+tree.4e67479291c8900b,core_91b5066f446edff27455cc21;core_9681538c828f8a010da4bb82
0.075,0.0,200,0.09,0.65,1.25,25,13.157894736842106,13.157894736842106,138.50415512465375,90.02770083102494,104.52773873527318,90.02770083102494,9.972299168975056,LTV,-21.052631578947366,-11.076923076923073,scenario,USD_per_100_existing_principal,incompatible,colb-office-normalized-refi@1,refi-gap@1,aef4a56a6829d5420685a4d498058e83ccc08e12+tree.4e67479291c8900b,core_91b5066f446edff27455cc21;core_9681538c828f8a010da4bb82
0.075,0.0,200,0.09,0.65,1.25,0,13.157894736842106,13.157894736842106,138.50415512465375,90.02770083102494,116.9590643274854,90.02770083102494,9.972299168975056,LTV,-21.052631578947366,-11.076923076923073,scenario,USD_per_100_existing_principal,incompatible,colb-office-normalized-refi@1,refi-gap@1,aef4a56a6829d5420685a4d498058e83ccc08e12+tree.4e67479291c8900b,core_91b5066f446edff27455cc21;core_9681538c828f8a010da4bb82
0.075,-0.1,0,0.06,0.6,1.25,25,13.157894736842106,11.842105263157896,157.8947368421053,94.73684210526316,122.53173474251334,94.73684210526316,5.263157894736835,LTV,-9.999999999999986,5.000000000000004,scenario,USD_per_100_existing_principal,incompatible,colb-office-normalized-refi@1,refi-gap@1,aef4a56a6829d5420685a4d498058e83ccc08e12+tree.4e67479291c8900b,core_91b5066f446edff27455cc21;core_9681538c828f8a010da4bb82
0.075,-0.1,0,0.06,0.6,1.25,0,13.157894736842106,11.842105263157896,157.8947368421053,94.73684210526316,157.8947368421053,94.73684210526316,5.263157894736835,LTV,-9.999999999999986,5.000000000000004,scenario,USD_per_100_existing_principal,incompatible,colb-office-normalized-refi@1,refi-gap@1,aef4a56a6829d5420685a4d498058e83ccc08e12+tree.4e67479291c8900b,core_91b5066f446edff27455cc21;core_9681538c828f8a010da4bb82
0.075,-0.1,0,0.06,0.65,1.25,25,13.157894736842106,11.842105263157896,157.8947368421053,102.63157894736844,122.53173474251334,102.63157894736844,0.0,LTV,-9.999999999999986,12.307692307692319,scenario,USD_per_100_existing_principal,incompatible,colb-office-normalized-refi@1,refi-gap@1,aef4a56a6829d5420685a4d498058e83ccc08e12+tree.4e67479291c8900b,core_91b5066f446edff27455cc21;core_9681538c828f8a010da4bb82
0.075,-0.1,0,0.06,0.65,1.25,0,13.157894736842106,11.842105263157896,157.8947368421053,102.63157894736844,157.8947368421053,102.63157894736844,0.0,LTV,-9.999999999999986,12.307692307692319,scenario,USD_per_100_existing_principal,incompatible,colb-office-normalized-refi@1,refi-gap@1,aef4a56a6829d5420685a4d498058e83ccc08e12+tree.4e67479291c8900b,core_91b5066f446edff27455cc21;core_9681538c828f8a010da4bb82
0.075,-0.1,0,0.07,0.6,1.25,25,13.157894736842106,11.842105263157896,157.8947368421053,94.73684210526316,111.70018688357766,94.73684210526316,5.263157894736835,LTV,-9.999999999999986,5.000000000000004,scenario,USD_per_100_existing_principal,incompatible,colb-office-normalized-refi@1,refi-gap@1,aef4a56a6829d5420685a4d498058e83ccc08e12+tree.4e67479291c8900b,core_91b5066f446edff27455cc21;core_9681538c828f8a010da4bb82
0.075,-0.1,0,0.07,0.6,1.25,0,13.157894736842106,11.842105263157896,157.8947368421053,94.73684210526316,135.33834586466165,94.73684210526316,5.263157894736835,LTV,-9.999999999999986,5.000000000000004,scenario,USD_per_100_existing_principal,incompatible,colb-office-normalized-refi@1,refi-gap@1,aef4a56a6829d5420685a4d498058e83ccc08e12+tree.4e67479291c8900b,core_91b5066f446edff27455cc21;core_9681538c828f8a010da4bb82
0.075,-0.1,0,0.07,0.65,1.25,25,13.157894736842106,11.842105263157896,157.8947368421053,102.63157894736844,111.70018688357766,102.63157894736844,0.0,LTV,-9.999999999999986,12.307692307692319,scenario,USD_per_100_existing_principal,incompatible,colb-office-normalized-refi@1,refi-gap@1,aef4a56a6829d5420685a4d498058e83ccc08e12+tree.4e67479291c8900b,core_91b5066f446edff27455cc21;core_9681538c828f8a010da4bb82
0.075,-0.1,0,0.07,0.65,1.25,0,13.157894736842106,11.842105263157896,157.8947368421053,102.63157894736844,135.33834586466165,102.63157894736844,0.0,LTV,-9.999999999999986,12.307692307692319,scenario,USD_per_100_existing_principal,incompatible,colb-office-normalized-refi@1,refi-gap@1,aef4a56a6829d5420685a4d498058e83ccc08e12+tree.4e67479291c8900b,core_91b5066f446edff27455cc21;core_9681538c828f8a010da4bb82
0.075,-0.1,0,0.08,0.6,1.25,25,13.157894736842106,11.842105263157896,157.8947368421053,94.73684210526316,102.28778100204543,94.73684210526316,5.263157894736835,LTV,-9.999999999999986,5.000000000000004,scenario,USD_per_100_existing_principal,incompatible,colb-office-normalized-refi@1,refi-gap@1,aef4a56a6829d5420685a4d498058e83ccc08e12+tree.4e67479291c8900b,core_91b5066f446edff27455cc21;core_9681538c828f8a010da4bb82
0.075,-0.1,0,0.08,0.6,1.25,0,13.157894736842106,11.842105263157896,157.8947368421053,94.73684210526316,118.42105263157895,94.73684210526316,5.263157894736835,LTV,-9.999999999999986,5.000000000000004,scenario,USD_per_100_existing_principal,incompatible,colb-office-normalized-refi@1,refi-gap@1,aef4a56a6829d5420685a4d498058e83ccc08e12+tree.4e67479291c8900b,core_91b5066f446edff27455cc21;core_9681538c828f8a010da4bb82
0.075,-0.1,0,0.08,0.65,1.25,25,13.157894736842106,11.842105263157896,157.8947368421053,102.63157894736844,102.28778100204543,102.28778100204543,0.0,DSCR,-9.999999999999986,12.012950991477389,scenario,USD_per_100_existing_principal,incompatible,colb-office-normalized-refi@1,refi-gap@1,aef4a56a6829d5420685a4d498058e83ccc08e12+tree.4e67479291c8900b,core_91b5066f446edff27455cc21;core_9681538c828f8a010da4bb82
0.075,-0.1,0,0.08,0.65,1.25,0,13.157894736842106,11.842105263157896,157.8947368421053,102.63157894736844,118.42105263157895,102.63157894736844,0.0,LTV,-9.999999999999986,12.307692307692319,scenario,USD_per_100_existing_principal,incompatible,colb-office-normalized-refi@1,refi-gap@1,aef4a56a6829d5420685a4d498058e83ccc08e12+tree.4e67479291c8900b,core_91b5066f446edff27455cc21;core_9681538c828f8a010da4bb82
0.075,-0.1,0,0.09,0.6,1.25,25,13.157894736842106,11.842105263157896,157.8947368421053,94.73684210526316,94.07496486174587,94.07496486174587,5.925035138254131,DSCR,-9.999999999999986,4.331614545628071,scenario,USD_per_100_existing_principal,incompatible,colb-office-normalized-refi@1,refi-gap@1,aef4a56a6829d5420685a4d498058e83ccc08e12+tree.4e67479291c8900b,core_91b5066f446edff27455cc21;core_9681538c828f8a010da4bb82
0.075,-0.1,0,0.09,0.6,1.25,0,13.157894736842106,11.842105263157896,157.8947368421053,94.73684210526316,105.26315789473686,94.73684210526316,5.263157894736835,LTV,-9.999999999999986,5.000000000000004,scenario,USD_per_100_existing_principal,incompatible,colb-office-normalized-refi@1,refi-gap@1,aef4a56a6829d5420685a4d498058e83ccc08e12+tree.4e67479291c8900b,core_91b5066f446edff27455cc21;core_9681538c828f8a010da4bb82
0.075,-0.1,0,0.09,0.65,1.25,25,13.157894736842106,11.842105263157896,157.8947368421053,102.63157894736844,94.07496486174587,94.07496486174587,5.925035138254131,DSCR,-9.999999999999986,4.331614545628071,scenario,USD_per_100_existing_principal,incompatible,colb-office-normalized-refi@1,refi-gap@1,aef4a56a6829d5420685a4d498058e83ccc08e12+tree.4e67479291c8900b,core_91b5066f446edff27455cc21;core_9681538c828f8a010da4bb82
0.075,-0.1,0,0.09,0.65,1.25,0,13.157894736842106,11.842105263157896,157.8947368421053,102.63157894736844,105.26315789473686,102.63157894736844,0.0,LTV,-9.999999999999986,12.307692307692319,scenario,USD_per_100_existing_principal,incompatible,colb-office-normalized-refi@1,refi-gap@1,aef4a56a6829d5420685a4d498058e83ccc08e12+tree.4e67479291c8900b,core_91b5066f446edff27455cc21;core_9681538c828f8a010da4bb82
0.075,-0.1,100,0.06,0.6,1.25,25,13.157894736842106,11.842105263157896,139.31888544891643,83.59133126934985,122.53173474251334,83.59133126934985,16.40866873065015,LTV,-20.58823529411764,-7.666666666666666,scenario,USD_per_100_existing_principal,incompatible,colb-office-normalized-refi@1,refi-gap@1,aef4a56a6829d5420685a4d498058e83ccc08e12+tree.4e67479291c8900b,core_91b5066f446edff27455cc21;core_9681538c828f8a010da4bb82
0.075,-0.1,100,0.06,0.6,1.25,0,13.157894736842106,11.842105263157896,139.31888544891643,83.59133126934985,157.8947368421053,83.59133126934985,16.40866873065015,LTV,-20.58823529411764,-7.666666666666666,scenario,USD_per_100_existing_principal,incompatible,colb-office-normalized-refi@1,refi-gap@1,aef4a56a6829d5420685a4d498058e83ccc08e12+tree.4e67479291c8900b,core_91b5066f446edff27455cc21;core_9681538c828f8a010da4bb82
0.075,-0.1,100,0.06,0.65,1.25,25,13.157894736842106,11.842105263157896,139.31888544891643,90.55727554179569,122.53173474251334,90.55727554179569,9.44272445820431,LTV,-20.58823529411764,0.6153846153846287,scenario,USD_per_100_existing_principal,incompatible,colb-office-normalized-refi@1,refi-gap@1,aef4a56a6829d5420685a4d498058e83ccc08e12+tree.4e67479291c8900b,core_91b5066f446edff27455cc21;core_9681538c828f8a010da4bb82
0.075,-0.1,100,0.06,0.65,1.25,0,13.157894736842106,11.842105263157896,139.31888544891643,90.55727554179569,157.8947368421053,90.55727554179569,9.44272445820431,LTV,-20.58823529411764,0.6153846153846287,scenario,USD_per_100_existing_principal,incompatible,colb-office-normalized-refi@1,refi-gap@1,aef4a56a6829d5420685a4d498058e83ccc08e12+tree.4e67479291c8900b,core_91b5066f446edff27455cc21;core_9681538c828f8a010da4bb82
0.075,-0.1,100,0.07,0.6,1.25,25,13.157894736842106,11.842105263157896,139.31888544891643,83.59133126934985,111.70018688357766,83.59133126934985,16.40866873065015,LTV,-20.58823529411764,-7.666666666666666,scenario,USD_per_100_existing_principal,incompatible,colb-office-normalized-refi@1,refi-gap@1,aef4a56a6829d5420685a4d498058e83ccc08e12+tree.4e67479291c8900b,core_91b5066f446edff27455cc21;core_9681538c828f8a010da4bb82
0.075,-0.1,100,0.07,0.6,1.25,0,13.157894736842106,11.842105263157896,139.31888544891643,83.59133126934985,135.33834586466165,83.59133126934985,16.40866873065015,LTV,-20.58823529411764,-7.666666666666666,scenario,USD_per_100_existing_principal,incompatible,colb-office-normalized-refi@1,refi-gap@1,aef4a56a6829d5420685a4d498058e83ccc08e12+tree.4e67479291c8900b,core_91b5066f446edff27455cc21;core_9681538c828f8a010da4bb82
0.075,-0.1,100,0.07,0.65,1.25,25,13.157894736842106,11.842105263157896,139.31888544891643,90.55727554179569,111.70018688357766,90.55727554179569,9.44272445820431,LTV,-20.58823529411764,0.6153846153846287,scenario,USD_per_100_existing_principal,incompatible,colb-office-normalized-refi@1,refi-gap@1,aef4a56a6829d5420685a4d498058e83ccc08e12+tree.4e67479291c8900b,core_91b5066f446edff27455cc21;core_9681538c828f8a010da4bb82
0.075,-0.1,100,0.07,0.65,1.25,0,13.157894736842106,11.842105263157896,139.31888544891643,90.55727554179569,135.33834586466165,90.55727554179569,9.44272445820431,LTV,-20.58823529411764,0.6153846153846287,scenario,USD_per_100_existing_principal,incompatible,colb-office-normalized-refi@1,refi-gap@1,aef4a56a6829d5420685a4d498058e83ccc08e12+tree.4e67479291c8900b,core_91b5066f446edff27455cc21;core_9681538c828f8a010da4bb82
0.075,-0.1,100,0.08,0.6,1.25,25,13.157894736842106,11.842105263157896,139.31888544891643,83.59133126934985,102.28778100204543,83.59133126934985,16.40866873065015,LTV,-20.58823529411764,-7.666666666666666,scenario,USD_per_100_existing_principal,incompatible,colb-office-normalized-refi@1,refi-gap@1,aef4a56a6829d5420685a4d498058e83ccc08e12+tree.4e67479291c8900b,core_91b5066f446edff27455cc21;core_9681538c828f8a010da4bb82
0.075,-0.1,100,0.08,0.6,1.25,0,13.157894736842106,11.842105263157896,139.31888544891643,83.59133126934985,118.42105263157895,83.59133126934985,16.40866873065015,LTV,-20.58823529411764,-7.666666666666666,scenario,USD_per_100_existing_principal,incompatible,colb-office-normalized-refi@1,refi-gap@1,aef4a56a6829d5420685a4d498058e83ccc08e12+tree.4e67479291c8900b,core_91b5066f446edff27455cc21;core_9681538c828f8a010da4bb82
0.075,-0.1,100,0.08,0.65,1.25,25,13.157894736842106,11.842105263157896,139.31888544891643,90.55727554179569,102.28778100204543,90.55727554179569,9.44272445820431,LTV,-20.58823529411764,0.6153846153846287,scenario,USD_per_100_existing_principal,incompatible,colb-office-normalized-refi@1,refi-gap@1,aef4a56a6829d5420685a4d498058e83ccc08e12+tree.4e67479291c8900b,core_91b5066f446edff27455cc21;core_9681538c828f8a010da4bb82
0.075,-0.1,100,0.08,0.65,1.25,0,13.157894736842106,11.842105263157896,139.31888544891643,90.55727554179569,118.42105263157895,90.55727554179569,9.44272445820431,LTV,-20.58823529411764,0.6153846153846287,scenario,USD_per_100_existing_principal,incompatible,colb-office-normalized-refi@1,refi-gap@1,aef4a56a6829d5420685a4d498058e83ccc08e12+tree.4e67479291c8900b,core_91b5066f446edff27455cc21;core_9681538c828f8a010da4bb82
0.075,-0.1,100,0.09,0.6,1.25,25,13.157894736842106,11.842105263157896,139.31888544891643,83.59133126934985,94.07496486174587,83.59133126934985,16.40866873065015,LTV,-20.58823529411764,-7.666666666666666,scenario,USD_per_100_existing_principal,incompatible,colb-office-normalized-refi@1,refi-gap@1,aef4a56a6829d5420685a4d498058e83ccc08e12+tree.4e67479291c8900b,core_91b5066f446edff27455cc21;core_9681538c828f8a010da4bb82
0.075,-0.1,100,0.09,0.6,1.25,0,13.157894736842106,11.842105263157896,139.31888544891643,83.59133126934985,105.26315789473686,83.59133126934985,16.40866873065015,LTV,-20.58823529411764,-7.666666666666666,scenario,USD_per_100_existing_principal,incompatible,colb-office-normalized-refi@1,refi-gap@1,aef4a56a6829d5420685a4d498058e83ccc08e12+tree.4e67479291c8900b,core_91b5066f446edff27455cc21;core_9681538c828f8a010da4bb82
0.075,-0.1,100,0.09,0.65,1.25,25,13.157894736842106,11.842105263157896,139.31888544891643,90.55727554179569,94.07496486174587,90.55727554179569,9.44272445820431,LTV,-20.58823529411764,0.6153846153846287,scenario,USD_per_100_existing_principal,incompatible,colb-office-normalized-refi@1,refi-gap@1,aef4a56a6829d5420685a4d498058e83ccc08e12+tree.4e67479291c8900b,core_91b5066f446edff27455cc21;core_9681538c828f8a010da4bb82
0.075,-0.1,100,0.09,0.65,1.25,0,13.157894736842106,11.842105263157896,139.31888544891643,90.55727554179569,105.26315789473686,90.55727554179569,9.44272445820431,LTV,-20.58823529411764,0.6153846153846287,scenario,USD_per_100_existing_principal,incompatible,colb-office-normalized-refi@1,refi-gap@1,aef4a56a6829d5420685a4d498058e83ccc08e12+tree.4e67479291c8900b,core_91b5066f446edff27455cc21;core_9681538c828f8a010da4bb82
0.075,-0.1,200,0.06,0.6,1.25,25,13.157894736842106,11.842105263157896,124.65373961218837,74.79224376731302,122.53173474251334,74.79224376731302,25.207756232686975,LTV,-28.947368421052634,-20.333333333333336,scenario,USD_per_100_existing_principal,incompatible,colb-office-normalized-refi@1,refi-gap@1,aef4a56a6829d5420685a4d498058e83ccc08e12+tree.4e67479291c8900b,core_91b5066f446edff27455cc21;core_9681538c828f8a010da4bb82
0.075,-0.1,200,0.06,0.6,1.25,0,13.157894736842106,11.842105263157896,124.65373961218837,74.79224376731302,157.8947368421053,74.79224376731302,25.207756232686975,LTV,-28.947368421052634,-20.333333333333336,scenario,USD_per_100_existing_principal,incompatible,colb-office-normalized-refi@1,refi-gap@1,aef4a56a6829d5420685a4d498058e83ccc08e12+tree.4e67479291c8900b,core_91b5066f446edff27455cc21;core_9681538c828f8a010da4bb82
0.075,-0.1,200,0.06,0.65,1.25,25,13.157894736842106,11.842105263157896,124.65373961218837,81.02493074792244,122.53173474251334,81.02493074792244,18.97506925207756,LTV,-28.947368421052634,-11.076923076923073,scenario,USD_per_100_existing_principal,incompatible,colb-office-normalized-refi@1,refi-gap@1,aef4a56a6829d5420685a4d498058e83ccc08e12+tree.4e67479291c8900b,core_91b5066f446edff27455cc21;core_9681538c828f8a010da4bb82
0.075,-0.1,200,0.06,0.65,1.25,0,13.157894736842106,11.842105263157896,124.65373961218837,81.02493074792244,157.8947368421053,81.02493074792244,18.97506925207756,LTV,-28.947368421052634,-11.076923076923073,scenario,USD_per_100_existing_principal,incompatible,colb-office-normalized-refi@1,refi-gap@1,aef4a56a6829d5420685a4d498058e83ccc08e12+tree.4e67479291c8900b,core_91b5066f446edff27455cc21;core_9681538c828f8a010da4bb82
0.075,-0.1,200,0.07,0.6,1.25,25,13.157894736842106,11.842105263157896,124.65373961218837,74.79224376731302,111.70018688357766,74.79224376731302,25.207756232686975,LTV,-28.947368421052634,-20.333333333333336,scenario,USD_per_100_existing_principal,incompatible,colb-office-normalized-refi@1,refi-gap@1,aef4a56a6829d5420685a4d498058e83ccc08e12+tree.4e67479291c8900b,core_91b5066f446edff27455cc21;core_9681538c828f8a010da4bb82
0.075,-0.1,200,0.07,0.6,1.25,0,13.157894736842106,11.842105263157896,124.65373961218837,74.79224376731302,135.33834586466165,74.79224376731302,25.207756232686975,LTV,-28.947368421052634,-20.333333333333336,scenario,USD_per_100_existing_principal,incompatible,colb-office-normalized-refi@1,refi-gap@1,aef4a56a6829d5420685a4d498058e83ccc08e12+tree.4e67479291c8900b,core_91b5066f446edff27455cc21;core_9681538c828f8a010da4bb82
0.075,-0.1,200,0.07,0.65,1.25,25,13.157894736842106,11.842105263157896,124.65373961218837,81.02493074792244,111.70018688357766,81.02493074792244,18.97506925207756,LTV,-28.947368421052634,-11.076923076923073,scenario,USD_per_100_existing_principal,incompatible,colb-office-normalized-refi@1,refi-gap@1,aef4a56a6829d5420685a4d498058e83ccc08e12+tree.4e67479291c8900b,core_91b5066f446edff27455cc21;core_9681538c828f8a010da4bb82
0.075,-0.1,200,0.07,0.65,1.25,0,13.157894736842106,11.842105263157896,124.65373961218837,81.02493074792244,135.33834586466165,81.02493074792244,18.97506925207756,LTV,-28.947368421052634,-11.076923076923073,scenario,USD_per_100_existing_principal,incompatible,colb-office-normalized-refi@1,refi-gap@1,aef4a56a6829d5420685a4d498058e83ccc08e12+tree.4e67479291c8900b,core_91b5066f446edff27455cc21;core_9681538c828f8a010da4bb82
0.075,-0.1,200,0.08,0.6,1.25,25,13.157894736842106,11.842105263157896,124.65373961218837,74.79224376731302,102.28778100204543,74.79224376731302,25.207756232686975,LTV,-28.947368421052634,-20.333333333333336,scenario,USD_per_100_existing_principal,incompatible,colb-office-normalized-refi@1,refi-gap@1,aef4a56a6829d5420685a4d498058e83ccc08e12+tree.4e67479291c8900b,core_91b5066f446edff27455cc21;core_9681538c828f8a010da4bb82
0.075,-0.1,200,0.08,0.6,1.25,0,13.157894736842106,11.842105263157896,124.65373961218837,74.79224376731302,118.42105263157895,74.79224376731302,25.207756232686975,LTV,-28.947368421052634,-20.333333333333336,scenario,USD_per_100_existing_principal,incompatible,colb-office-normalized-refi@1,refi-gap@1,aef4a56a6829d5420685a4d498058e83ccc08e12+tree.4e67479291c8900b,core_91b5066f446edff27455cc21;core_9681538c828f8a010da4bb82
0.075,-0.1,200,0.08,0.65,1.25,25,13.157894736842106,11.842105263157896,124.65373961218837,81.02493074792244,102.28778100204543,81.02493074792244,18.97506925207756,LTV,-28.947368421052634,-11.076923076923073,scenario,USD_per_100_existing_principal,incompatible,colb-office-normalized-refi@1,refi-gap@1,aef4a56a6829d5420685a4d498058e83ccc08e12+tree.4e67479291c8900b,core_91b5066f446edff27455cc21;core_9681538c828f8a010da4bb82
0.075,-0.1,200,0.08,0.65,1.25,0,13.157894736842106,11.842105263157896,124.65373961218837,81.02493074792244,118.42105263157895,81.02493074792244,18.97506925207756,LTV,-28.947368421052634,-11.076923076923073,scenario,USD_per_100_existing_principal,incompatible,colb-office-normalized-refi@1,refi-gap@1,aef4a56a6829d5420685a4d498058e83ccc08e12+tree.4e67479291c8900b,core_91b5066f446edff27455cc21;core_9681538c828f8a010da4bb82
0.075,-0.1,200,0.09,0.6,1.25,25,13.157894736842106,11.842105263157896,124.65373961218837,74.79224376731302,94.07496486174587,74.79224376731302,25.207756232686975,LTV,-28.947368421052634,-20.333333333333336,scenario,USD_per_100_existing_principal,incompatible,colb-office-normalized-refi@1,refi-gap@1,aef4a56a6829d5420685a4d498058e83ccc08e12+tree.4e67479291c8900b,core_91b5066f446edff27455cc21;core_9681538c828f8a010da4bb82
0.075,-0.1,200,0.09,0.6,1.25,0,13.157894736842106,11.842105263157896,124.65373961218837,74.79224376731302,105.26315789473686,74.79224376731302,25.207756232686975,LTV,-28.947368421052634,-20.333333333333336,scenario,USD_per_100_existing_principal,incompatible,colb-office-normalized-refi@1,refi-gap@1,aef4a56a6829d5420685a4d498058e83ccc08e12+tree.4e67479291c8900b,core_91b5066f446edff27455cc21;core_9681538c828f8a010da4bb82
0.075,-0.1,200,0.09,0.65,1.25,25,13.157894736842106,11.842105263157896,124.65373961218837,81.02493074792244,94.07496486174587,81.02493074792244,18.97506925207756,LTV,-28.947368421052634,-11.076923076923073,scenario,USD_per_100_existing_principal,incompatible,colb-office-normalized-refi@1,refi-gap@1,aef4a56a6829d5420685a4d498058e83ccc08e12+tree.4e67479291c8900b,core_91b5066f446edff27455cc21;core_9681538c828f8a010da4bb82
0.075,-0.1,200,0.09,0.65,1.25,0,13.157894736842106,11.842105263157896,124.65373961218837,81.02493074792244,105.26315789473686,81.02493074792244,18.97506925207756,LTV,-28.947368421052634,-11.076923076923073,scenario,USD_per_100_existing_principal,incompatible,colb-office-normalized-refi@1,refi-gap@1,aef4a56a6829d5420685a4d498058e83ccc08e12+tree.4e67479291c8900b,core_91b5066f446edff27455cc21;core_9681538c828f8a010da4bb82
0.075,-0.2,0,0.06,0.6,1.25,25,13.157894736842106,10.526315789473685,140.35087719298247,84.21052631578948,108.91709754890074,84.21052631578948,15.78947368421052,LTV,-19.999999999999996,5.000000000000004,scenario,USD_per_100_existing_principal,incompatible,colb-office-normalized-refi@1,refi-gap@1,aef4a56a6829d5420685a4d498058e83ccc08e12+tree.4e67479291c8900b,core_91b5066f446edff27455cc21;core_9681538c828f8a010da4bb82
0.075,-0.2,0,0.06,0.6,1.25,0,13.157894736842106,10.526315789473685,140.35087719298247,84.21052631578948,140.35087719298247,84.21052631578948,15.78947368421052,LTV,-19.999999999999996,5.000000000000004,scenario,USD_per_100_existing_principal,incompatible,colb-office-normalized-refi@1,refi-gap@1,aef4a56a6829d5420685a4d498058e83ccc08e12+tree.4e67479291c8900b,core_91b5066f446edff27455cc21;core_9681538c828f8a010da4bb82
0.075,-0.2,0,0.06,0.65,1.25,25,13.157894736842106,10.526315789473685,140.35087719298247,91.2280701754386,108.91709754890074,91.2280701754386,8.771929824561397,LTV,-19.999999999999996,12.307692307692319,scenario,USD_per_100_existing_principal,incompatible,colb-office-normalized-refi@1,refi-gap@1,aef4a56a6829d5420685a4d498058e83ccc08e12+tree.4e67479291c8900b,core_91b5066f446edff27455cc21;core_9681538c828f8a010da4bb82
0.075,-0.2,0,0.06,0.65,1.25,0,13.157894736842106,10.526315789473685,140.35087719298247,91.2280701754386,140.35087719298247,91.2280701754386,8.771929824561397,LTV,-19.999999999999996,12.307692307692319,scenario,USD_per_100_existing_principal,incompatible,colb-office-normalized-refi@1,refi-gap@1,aef4a56a6829d5420685a4d498058e83ccc08e12+tree.4e67479291c8900b,core_91b5066f446edff27455cc21;core_9681538c828f8a010da4bb82
0.075,-0.2,0,0.07,0.6,1.25,25,13.157894736842106,10.526315789473685,140.35087719298247,84.21052631578948,99.28905500762458,84.21052631578948,15.78947368421052,LTV,-19.999999999999996,5.000000000000004,scenario,USD_per_100_existing_principal,incompatible,colb-office-normalized-refi@1,refi-gap@1,aef4a56a6829d5420685a4d498058e83ccc08e12+tree.4e67479291c8900b,core_91b5066f446edff27455cc21;core_9681538c828f8a010da4bb82
0.075,-0.2,0,0.07,0.6,1.25,0,13.157894736842106,10.526315789473685,140.35087719298247,84.21052631578948,120.30075187969925,84.21052631578948,15.78947368421052,LTV,-19.999999999999996,5.000000000000004,scenario,USD_per_100_existing_principal,incompatible,colb-office-normalized-refi@1,refi-gap@1,aef4a56a6829d5420685a4d498058e83ccc08e12+tree.4e67479291c8900b,core_91b5066f446edff27455cc21;core_9681538c828f8a010da4bb82
0.075,-0.2,0,0.07,0.65,1.25,25,13.157894736842106,10.526315789473685,140.35087719298247,91.2280701754386,99.28905500762458,91.2280701754386,8.771929824561397,LTV,-19.999999999999996,12.307692307692319,scenario,USD_per_100_existing_principal,incompatible,colb-office-normalized-refi@1,refi-gap@1,aef4a56a6829d5420685a4d498058e83ccc08e12+tree.4e67479291c8900b,core_91b5066f446edff27455cc21;core_9681538c828f8a010da4bb82
0.075,-0.2,0,0.07,0.65,1.25,0,13.157894736842106,10.526315789473685,140.35087719298247,91.2280701754386,120.30075187969925,91.2280701754386,8.771929824561397,LTV,-19.999999999999996,12.307692307692319,scenario,USD_per_100_existing_principal,incompatible,colb-office-normalized-refi@1,refi-gap@1,aef4a56a6829d5420685a4d498058e83ccc08e12+tree.4e67479291c8900b,core_91b5066f446edff27455cc21;core_9681538c828f8a010da4bb82
0.075,-0.2,0,0.08,0.6,1.25,25,13.157894736842106,10.526315789473685,140.35087719298247,84.21052631578948,90.92247200181816,84.21052631578948,15.78947368421052,LTV,-19.999999999999996,5.000000000000004,scenario,USD_per_100_existing_principal,incompatible,colb-office-normalized-refi@1,refi-gap@1,aef4a56a6829d5420685a4d498058e83ccc08e12+tree.4e67479291c8900b,core_91b5066f446edff27455cc21;core_9681538c828f8a010da4bb82
0.075,-0.2,0,0.08,0.6,1.25,0,13.157894736842106,10.526315789473685,140.35087719298247,84.21052631578948,105.26315789473685,84.21052631578948,15.78947368421052,LTV,-19.999999999999996,5.000000000000004,scenario,USD_per_100_existing_principal,incompatible,colb-office-normalized-refi@1,refi-gap@1,aef4a56a6829d5420685a4d498058e83ccc08e12+tree.4e67479291c8900b,core_91b5066f446edff27455cc21;core_9681538c828f8a010da4bb82
0.075,-0.2,0,0.08,0.65,1.25,25,13.157894736842106,10.526315789473685,140.35087719298247,91.2280701754386,90.92247200181816,90.92247200181816,9.077527998181836,DSCR,-19.999999999999996,12.012950991477389,scenario,USD_per_100_existing_principal,incompatible,colb-office-normalized-refi@1,refi-gap@1,aef4a56a6829d5420685a4d498058e83ccc08e12+tree.4e67479291c8900b,core_91b5066f446edff27455cc21;core_9681538c828f8a010da4bb82
0.075,-0.2,0,0.08,0.65,1.25,0,13.157894736842106,10.526315789473685,140.35087719298247,91.2280701754386,105.26315789473685,91.2280701754386,8.771929824561397,LTV,-19.999999999999996,12.307692307692319,scenario,USD_per_100_existing_principal,incompatible,colb-office-normalized-refi@1,refi-gap@1,aef4a56a6829d5420685a4d498058e83ccc08e12+tree.4e67479291c8900b,core_91b5066f446edff27455cc21;core_9681538c828f8a010da4bb82
0.075,-0.2,0,0.09,0.6,1.25,25,13.157894736842106,10.526315789473685,140.35087719298247,84.21052631578948,83.62219098821855,83.62219098821855,16.37780901178145,DSCR,-19.999999999999996,4.331614545628071,scenario,USD_per_100_existing_principal,incompatible,colb-office-normalized-refi@1,refi-gap@1,aef4a56a6829d5420685a4d498058e83ccc08e12+tree.4e67479291c8900b,core_91b5066f446edff27455cc21;core_9681538c828f8a010da4bb82
0.075,-0.2,0,0.09,0.6,1.25,0,13.157894736842106,10.526315789473685,140.35087719298247,84.21052631578948,93.56725146198832,84.21052631578948,15.78947368421052,LTV,-19.999999999999996,5.000000000000004,scenario,USD_per_100_existing_principal,incompatible,colb-office-normalized-refi@1,refi-gap@1,aef4a56a6829d5420685a4d498058e83ccc08e12+tree.4e67479291c8900b,core_91b5066f446edff27455cc21;core_9681538c828f8a010da4bb82
0.075,-0.2,0,0.09,0.65,1.25,25,13.157894736842106,10.526315789473685,140.35087719298247,91.2280701754386,83.62219098821855,83.62219098821855,16.37780901178145,DSCR,-19.999999999999996,4.331614545628071,scenario,USD_per_100_existing_principal,incompatible,colb-office-normalized-refi@1,refi-gap@1,aef4a56a6829d5420685a4d498058e83ccc08e12+tree.4e67479291c8900b,core_91b5066f446edff27455cc21;core_9681538c828f8a010da4bb82
0.075,-0.2,0,0.09,0.65,1.25,0,13.157894736842106,10.526315789473685,140.35087719298247,91.2280701754386,93.56725146198832,91.2280701754386,8.771929824561397,LTV,-19.999999999999996,12.307692307692319,scenario,USD_per_100_existing_principal,incompatible,colb-office-normalized-refi@1,refi-gap@1,aef4a56a6829d5420685a4d498058e83ccc08e12+tree.4e67479291c8900b,core_91b5066f446edff27455cc21;core_9681538c828f8a010da4bb82
0.075,-0.2,100,0.06,0.6,1.25,25,13.157894736842106,10.526315789473685,123.83900928792572,74.30340557275542,108.91709754890074,74.30340557275542,25.696594427244577,LTV,-29.411764705882348,-7.666666666666666,scenario,USD_per_100_existing_principal,incompatible,colb-office-normalized-refi@1,refi-gap@1,aef4a56a6829d5420685a4d498058e83ccc08e12+tree.4e67479291c8900b,core_91b5066f446edff27455cc21;core_9681538c828f8a010da4bb82
0.075,-0.2,100,0.06,0.6,1.25,0,13.157894736842106,10.526315789473685,123.83900928792572,74.30340557275542,140.35087719298247,74.30340557275542,25.696594427244577,LTV,-29.411764705882348,-7.666666666666666,scenario,USD_per_100_existing_principal,incompatible,colb-office-normalized-refi@1,refi-gap@1,aef4a56a6829d5420685a4d498058e83ccc08e12+tree.4e67479291c8900b,core_91b5066f446edff27455cc21;core_9681538c828f8a010da4bb82
0.075,-0.2,100,0.06,0.65,1.25,25,13.157894736842106,10.526315789473685,123.83900928792572,80.49535603715172,108.91709754890074,80.49535603715172,19.504643962848277,LTV,-29.411764705882348,0.6153846153846287,scenario,USD_per_100_existing_principal,incompatible,colb-office-normalized-refi@1,refi-gap@1,aef4a56a6829d5420685a4d498058e83ccc08e12+tree.4e67479291c8900b,core_91b5066f446edff27455cc21;core_9681538c828f8a010da4bb82
0.075,-0.2,100,0.06,0.65,1.25,0,13.157894736842106,10.526315789473685,123.83900928792572,80.49535603715172,140.35087719298247,80.49535603715172,19.504643962848277,LTV,-29.411764705882348,0.6153846153846287,scenario,USD_per_100_existing_principal,incompatible,colb-office-normalized-refi@1,refi-gap@1,aef4a56a6829d5420685a4d498058e83ccc08e12+tree.4e67479291c8900b,core_91b5066f446edff27455cc21;core_9681538c828f8a010da4bb82
0.075,-0.2,100,0.07,0.6,1.25,25,13.157894736842106,10.526315789473685,123.83900928792572,74.30340557275542,99.28905500762458,74.30340557275542,25.696594427244577,LTV,-29.411764705882348,-7.666666666666666,scenario,USD_per_100_existing_principal,incompatible,colb-office-normalized-refi@1,refi-gap@1,aef4a56a6829d5420685a4d498058e83ccc08e12+tree.4e67479291c8900b,core_91b5066f446edff27455cc21;core_9681538c828f8a010da4bb82
0.075,-0.2,100,0.07,0.6,1.25,0,13.157894736842106,10.526315789473685,123.83900928792572,74.30340557275542,120.30075187969925,74.30340557275542,25.696594427244577,LTV,-29.411764705882348,-7.666666666666666,scenario,USD_per_100_existing_principal,incompatible,colb-office-normalized-refi@1,refi-gap@1,aef4a56a6829d5420685a4d498058e83ccc08e12+tree.4e67479291c8900b,core_91b5066f446edff27455cc21;core_9681538c828f8a010da4bb82
0.075,-0.2,100,0.07,0.65,1.25,25,13.157894736842106,10.526315789473685,123.83900928792572,80.49535603715172,99.28905500762458,80.49535603715172,19.504643962848277,LTV,-29.411764705882348,0.6153846153846287,scenario,USD_per_100_existing_principal,incompatible,colb-office-normalized-refi@1,refi-gap@1,aef4a56a6829d5420685a4d498058e83ccc08e12+tree.4e67479291c8900b,core_91b5066f446edff27455cc21;core_9681538c828f8a010da4bb82
0.075,-0.2,100,0.07,0.65,1.25,0,13.157894736842106,10.526315789473685,123.83900928792572,80.49535603715172,120.30075187969925,80.49535603715172,19.504643962848277,LTV,-29.411764705882348,0.6153846153846287,scenario,USD_per_100_existing_principal,incompatible,colb-office-normalized-refi@1,refi-gap@1,aef4a56a6829d5420685a4d498058e83ccc08e12+tree.4e67479291c8900b,core_91b5066f446edff27455cc21;core_9681538c828f8a010da4bb82
0.075,-0.2,100,0.08,0.6,1.25,25,13.157894736842106,10.526315789473685,123.83900928792572,74.30340557275542,90.92247200181816,74.30340557275542,25.696594427244577,LTV,-29.411764705882348,-7.666666666666666,scenario,USD_per_100_existing_principal,incompatible,colb-office-normalized-refi@1,refi-gap@1,aef4a56a6829d5420685a4d498058e83ccc08e12+tree.4e67479291c8900b,core_91b5066f446edff27455cc21;core_9681538c828f8a010da4bb82
0.075,-0.2,100,0.08,0.6,1.25,0,13.157894736842106,10.526315789473685,123.83900928792572,74.30340557275542,105.26315789473685,74.30340557275542,25.696594427244577,LTV,-29.411764705882348,-7.666666666666666,scenario,USD_per_100_existing_principal,incompatible,colb-office-normalized-refi@1,refi-gap@1,aef4a56a6829d5420685a4d498058e83ccc08e12+tree.4e67479291c8900b,core_91b5066f446edff27455cc21;core_9681538c828f8a010da4bb82
0.075,-0.2,100,0.08,0.65,1.25,25,13.157894736842106,10.526315789473685,123.83900928792572,80.49535603715172,90.92247200181816,80.49535603715172,19.504643962848277,LTV,-29.411764705882348,0.6153846153846287,scenario,USD_per_100_existing_principal,incompatible,colb-office-normalized-refi@1,refi-gap@1,aef4a56a6829d5420685a4d498058e83ccc08e12+tree.4e67479291c8900b,core_91b5066f446edff27455cc21;core_9681538c828f8a010da4bb82
0.075,-0.2,100,0.08,0.65,1.25,0,13.157894736842106,10.526315789473685,123.83900928792572,80.49535603715172,105.26315789473685,80.49535603715172,19.504643962848277,LTV,-29.411764705882348,0.6153846153846287,scenario,USD_per_100_existing_principal,incompatible,colb-office-normalized-refi@1,refi-gap@1,aef4a56a6829d5420685a4d498058e83ccc08e12+tree.4e67479291c8900b,core_91b5066f446edff27455cc21;core_9681538c828f8a010da4bb82
0.075,-0.2,100,0.09,0.6,1.25,25,13.157894736842106,10.526315789473685,123.83900928792572,74.30340557275542,83.62219098821855,74.30340557275542,25.696594427244577,LTV,-29.411764705882348,-7.666666666666666,scenario,USD_per_100_existing_principal,incompatible,colb-office-normalized-refi@1,refi-gap@1,aef4a56a6829d5420685a4d498058e83ccc08e12+tree.4e67479291c8900b,core_91b5066f446edff27455cc21;core_9681538c828f8a010da4bb82
0.075,-0.2,100,0.09,0.6,1.25,0,13.157894736842106,10.526315789473685,123.83900928792572,74.30340557275542,93.56725146198832,74.30340557275542,25.696594427244577,LTV,-29.411764705882348,-7.666666666666666,scenario,USD_per_100_existing_principal,incompatible,colb-office-normalized-refi@1,refi-gap@1,aef4a56a6829d5420685a4d498058e83ccc08e12+tree.4e67479291c8900b,core_91b5066f446edff27455cc21;core_9681538c828f8a010da4bb82
0.075,-0.2,100,0.09,0.65,1.25,25,13.157894736842106,10.526315789473685,123.83900928792572,80.49535603715172,83.62219098821855,80.49535603715172,19.504643962848277,LTV,-29.411764705882348,0.6153846153846287,scenario,USD_per_100_existing_principal,incompatible,colb-office-normalized-refi@1,refi-gap@1,aef4a56a6829d5420685a4d498058e83ccc08e12+tree.4e67479291c8900b,core_91b5066f446edff27455cc21;core_9681538c828f8a010da4bb82
0.075,-0.2,100,0.09,0.65,1.25,0,13.157894736842106,10.526315789473685,123.83900928792572,80.49535603715172,93.56725146198832,80.49535603715172,19.504643962848277,LTV,-29.411764705882348,0.6153846153846287,scenario,USD_per_100_existing_principal,incompatible,colb-office-normalized-refi@1,refi-gap@1,aef4a56a6829d5420685a4d498058e83ccc08e12+tree.4e67479291c8900b,core_91b5066f446edff27455cc21;core_9681538c828f8a010da4bb82
0.075,-0.2,200,0.06,0.6,1.25,25,13.157894736842106,10.526315789473685,110.803324099723,66.4819944598338,108.91709754890074,66.4819944598338,33.5180055401662,LTV,-36.8421052631579,-20.333333333333336,scenario,USD_per_100_existing_principal,incompatible,colb-office-normalized-refi@1,refi-gap@1,aef4a56a6829d5420685a4d498058e83ccc08e12+tree.4e67479291c8900b,core_91b5066f446edff27455cc21;core_9681538c828f8a010da4bb82
0.075,-0.2,200,0.06,0.6,1.25,0,13.157894736842106,10.526315789473685,110.803324099723,66.4819944598338,140.35087719298247,66.4819944598338,33.5180055401662,LTV,-36.8421052631579,-20.333333333333336,scenario,USD_per_100_existing_principal,incompatible,colb-office-normalized-refi@1,refi-gap@1,aef4a56a6829d5420685a4d498058e83ccc08e12+tree.4e67479291c8900b,core_91b5066f446edff27455cc21;core_9681538c828f8a010da4bb82
0.075,-0.2,200,0.06,0.65,1.25,25,13.157894736842106,10.526315789473685,110.803324099723,72.02216066481995,108.91709754890074,72.02216066481995,27.97783933518005,LTV,-36.8421052631579,-11.076923076923073,scenario,USD_per_100_existing_principal,incompatible,colb-office-normalized-refi@1,refi-gap@1,aef4a56a6829d5420685a4d498058e83ccc08e12+tree.4e67479291c8900b,core_91b5066f446edff27455cc21;core_9681538c828f8a010da4bb82
0.075,-0.2,200,0.06,0.65,1.25,0,13.157894736842106,10.526315789473685,110.803324099723,72.02216066481995,140.35087719298247,72.02216066481995,27.97783933518005,LTV,-36.8421052631579,-11.076923076923073,scenario,USD_per_100_existing_principal,incompatible,colb-office-normalized-refi@1,refi-gap@1,aef4a56a6829d5420685a4d498058e83ccc08e12+tree.4e67479291c8900b,core_91b5066f446edff27455cc21;core_9681538c828f8a010da4bb82
0.075,-0.2,200,0.07,0.6,1.25,25,13.157894736842106,10.526315789473685,110.803324099723,66.4819944598338,99.28905500762458,66.4819944598338,33.5180055401662,LTV,-36.8421052631579,-20.333333333333336,scenario,USD_per_100_existing_principal,incompatible,colb-office-normalized-refi@1,refi-gap@1,aef4a56a6829d5420685a4d498058e83ccc08e12+tree.4e67479291c8900b,core_91b5066f446edff27455cc21;core_9681538c828f8a010da4bb82
0.075,-0.2,200,0.07,0.6,1.25,0,13.157894736842106,10.526315789473685,110.803324099723,66.4819944598338,120.30075187969925,66.4819944598338,33.5180055401662,LTV,-36.8421052631579,-20.333333333333336,scenario,USD_per_100_existing_principal,incompatible,colb-office-normalized-refi@1,refi-gap@1,aef4a56a6829d5420685a4d498058e83ccc08e12+tree.4e67479291c8900b,core_91b5066f446edff27455cc21;core_9681538c828f8a010da4bb82
0.075,-0.2,200,0.07,0.65,1.25,25,13.157894736842106,10.526315789473685,110.803324099723,72.02216066481995,99.28905500762458,72.02216066481995,27.97783933518005,LTV,-36.8421052631579,-11.076923076923073,scenario,USD_per_100_existing_principal,incompatible,colb-office-normalized-refi@1,refi-gap@1,aef4a56a6829d5420685a4d498058e83ccc08e12+tree.4e67479291c8900b,core_91b5066f446edff27455cc21;core_9681538c828f8a010da4bb82
0.075,-0.2,200,0.07,0.65,1.25,0,13.157894736842106,10.526315789473685,110.803324099723,72.02216066481995,120.30075187969925,72.02216066481995,27.97783933518005,LTV,-36.8421052631579,-11.076923076923073,scenario,USD_per_100_existing_principal,incompatible,colb-office-normalized-refi@1,refi-gap@1,aef4a56a6829d5420685a4d498058e83ccc08e12+tree.4e67479291c8900b,core_91b5066f446edff27455cc21;core_9681538c828f8a010da4bb82
0.075,-0.2,200,0.08,0.6,1.25,25,13.157894736842106,10.526315789473685,110.803324099723,66.4819944598338,90.92247200181816,66.4819944598338,33.5180055401662,LTV,-36.8421052631579,-20.333333333333336,scenario,USD_per_100_existing_principal,incompatible,colb-office-normalized-refi@1,refi-gap@1,aef4a56a6829d5420685a4d498058e83ccc08e12+tree.4e67479291c8900b,core_91b5066f446edff27455cc21;core_9681538c828f8a010da4bb82
0.075,-0.2,200,0.08,0.6,1.25,0,13.157894736842106,10.526315789473685,110.803324099723,66.4819944598338,105.26315789473685,66.4819944598338,33.5180055401662,LTV,-36.8421052631579,-20.333333333333336,scenario,USD_per_100_existing_principal,incompatible,colb-office-normalized-refi@1,refi-gap@1,aef4a56a6829d5420685a4d498058e83ccc08e12+tree.4e67479291c8900b,core_91b5066f446edff27455cc21;core_9681538c828f8a010da4bb82
0.075,-0.2,200,0.08,0.65,1.25,25,13.157894736842106,10.526315789473685,110.803324099723,72.02216066481995,90.92247200181816,72.02216066481995,27.97783933518005,LTV,-36.8421052631579,-11.076923076923073,scenario,USD_per_100_existing_principal,incompatible,colb-office-normalized-refi@1,refi-gap@1,aef4a56a6829d5420685a4d498058e83ccc08e12+tree.4e67479291c8900b,core_91b5066f446edff27455cc21;core_9681538c828f8a010da4bb82
0.075,-0.2,200,0.08,0.65,1.25,0,13.157894736842106,10.526315789473685,110.803324099723,72.02216066481995,105.26315789473685,72.02216066481995,27.97783933518005,LTV,-36.8421052631579,-11.076923076923073,scenario,USD_per_100_existing_principal,incompatible,colb-office-normalized-refi@1,refi-gap@1,aef4a56a6829d5420685a4d498058e83ccc08e12+tree.4e67479291c8900b,core_91b5066f446edff27455cc21;core_9681538c828f8a010da4bb82
0.075,-0.2,200,0.09,0.6,1.25,25,13.157894736842106,10.526315789473685,110.803324099723,66.4819944598338,83.62219098821855,66.4819944598338,33.5180055401662,LTV,-36.8421052631579,-20.333333333333336,scenario,USD_per_100_existing_principal,incompatible,colb-office-normalized-refi@1,refi-gap@1,aef4a56a6829d5420685a4d498058e83ccc08e12+tree.4e67479291c8900b,core_91b5066f446edff27455cc21;core_9681538c828f8a010da4bb82
0.075,-0.2,200,0.09,0.6,1.25,0,13.157894736842106,10.526315789473685,110.803324099723,66.4819944598338,93.56725146198832,66.4819944598338,33.5180055401662,LTV,-36.8421052631579,-20.333333333333336,scenario,USD_per_100_existing_principal,incompatible,colb-office-normalized-refi@1,refi-gap@1,aef4a56a6829d5420685a4d498058e83ccc08e12+tree.4e67479291c8900b,core_91b5066f446edff27455cc21;core_9681538c828f8a010da4bb82
0.075,-0.2,200,0.09,0.65,1.25,25,13.157894736842106,10.526315789473685,110.803324099723,72.02216066481995,83.62219098821855,72.02216066481995,27.97783933518005,LTV,-36.8421052631579,-11.076923076923073,scenario,USD_per_100_existing_principal,incompatible,colb-office-normalized-refi@1,refi-gap@1,aef4a56a6829d5420685a4d498058e83ccc08e12+tree.4e67479291c8900b,core_91b5066f446edff27455cc21;core_9681538c828f8a010da4bb82
0.075,-0.2,200,0.09,0.65,1.25,0,13.157894736842106,10.526315789473685,110.803324099723,72.02216066481995,93.56725146198832,72.02216066481995,27.97783933518005,LTV,-36.8421052631579,-11.076923076923073,scenario,USD_per_100_existing_principal,incompatible,colb-office-normalized-refi@1,refi-gap@1,aef4a56a6829d5420685a4d498058e83ccc08e12+tree.4e67479291c8900b,core_91b5066f446edff27455cc21;core_9681538c828f8a010da4bb82
0.075,-0.3,0,0.06,0.6,1.25,25,13.157894736842106,9.210526315789474,122.80701754385966,73.6842105263158,95.30246035528815,73.6842105263158,26.315789473684205,LTV,-30.000000000000004,5.000000000000004,scenario,USD_per_100_existing_principal,incompatible,colb-office-normalized-refi@1,refi-gap@1,aef4a56a6829d5420685a4d498058e83ccc08e12+tree.4e67479291c8900b,core_91b5066f446edff27455cc21;core_9681538c828f8a010da4bb82
0.075,-0.3,0,0.06,0.6,1.25,0,13.157894736842106,9.210526315789474,122.80701754385966,73.6842105263158,122.80701754385966,73.6842105263158,26.315789473684205,LTV,-30.000000000000004,5.000000000000004,scenario,USD_per_100_existing_principal,incompatible,colb-office-normalized-refi@1,refi-gap@1,aef4a56a6829d5420685a4d498058e83ccc08e12+tree.4e67479291c8900b,core_91b5066f446edff27455cc21;core_9681538c828f8a010da4bb82
0.075,-0.3,0,0.06,0.65,1.25,25,13.157894736842106,9.210526315789474,122.80701754385966,79.82456140350878,95.30246035528815,79.82456140350878,20.17543859649122,LTV,-30.000000000000004,12.307692307692319,scenario,USD_per_100_existing_principal,incompatible,colb-office-normalized-refi@1,refi-gap@1,aef4a56a6829d5420685a4d498058e83ccc08e12+tree.4e67479291c8900b,core_91b5066f446edff27455cc21;core_9681538c828f8a010da4bb82
0.075,-0.3,0,0.06,0.65,1.25,0,13.157894736842106,9.210526315789474,122.80701754385966,79.82456140350878,122.80701754385966,79.82456140350878,20.17543859649122,LTV,-30.000000000000004,12.307692307692319,scenario,USD_per_100_existing_principal,incompatible,colb-office-normalized-refi@1,refi-gap@1,aef4a56a6829d5420685a4d498058e83ccc08e12+tree.4e67479291c8900b,core_91b5066f446edff27455cc21;core_9681538c828f8a010da4bb82
0.075,-0.3,0,0.07,0.6,1.25,25,13.157894736842106,9.210526315789474,122.80701754385966,73.6842105263158,86.87792313167151,73.6842105263158,26.315789473684205,LTV,-30.000000000000004,5.000000000000004,scenario,USD_per_100_existing_principal,incompatible,colb-office-normalized-refi@1,refi-gap@1,aef4a56a6829d5420685a4d498058e83ccc08e12+tree.4e67479291c8900b,core_91b5066f446edff27455cc21;core_9681538c828f8a010da4bb82
0.075,-0.3,0,0.07,0.6,1.25,0,13.157894736842106,9.210526315789474,122.80701754385966,73.6842105263158,105.26315789473684,73.6842105263158,26.315789473684205,LTV,-30.000000000000004,5.000000000000004,scenario,USD_per_100_existing_principal,incompatible,colb-office-normalized-refi@1,refi-gap@1,aef4a56a6829d5420685a4d498058e83ccc08e12+tree.4e67479291c8900b,core_91b5066f446edff27455cc21;core_9681538c828f8a010da4bb82
0.075,-0.3,0,0.07,0.65,1.25,25,13.157894736842106,9.210526315789474,122.80701754385966,79.82456140350878,86.87792313167151,79.82456140350878,20.17543859649122,LTV,-30.000000000000004,12.307692307692319,scenario,USD_per_100_existing_principal,incompatible,colb-office-normalized-refi@1,refi-gap@1,aef4a56a6829d5420685a4d498058e83ccc08e12+tree.4e67479291c8900b,core_91b5066f446edff27455cc21;core_9681538c828f8a010da4bb82
0.075,-0.3,0,0.07,0.65,1.25,0,13.157894736842106,9.210526315789474,122.80701754385966,79.82456140350878,105.26315789473684,79.82456140350878,20.17543859649122,LTV,-30.000000000000004,12.307692307692319,scenario,USD_per_100_existing_principal,incompatible,colb-office-normalized-refi@1,refi-gap@1,aef4a56a6829d5420685a4d498058e83ccc08e12+tree.4e67479291c8900b,core_91b5066f446edff27455cc21;core_9681538c828f8a010da4bb82
0.075,-0.3,0,0.08,0.6,1.25,25,13.157894736842106,9.210526315789474,122.80701754385966,73.6842105263158,79.5571630015909,73.6842105263158,26.315789473684205,LTV,-30.000000000000004,5.000000000000004,scenario,USD_per_100_existing_principal,incompatible,colb-office-normalized-refi@1,refi-gap@1,aef4a56a6829d5420685a4d498058e83ccc08e12+tree.4e67479291c8900b,core_91b5066f446edff27455cc21;core_9681538c828f8a010da4bb82
0.075,-0.3,0,0.08,0.6,1.25,0,13.157894736842106,9.210526315789474,122.80701754385966,73.6842105263158,92.10526315789474,73.6842105263158,26.315789473684205,LTV,-30.000000000000004,5.000000000000004,scenario,USD_per_100_existing_principal,incompatible,colb-office-normalized-refi@1,refi-gap@1,aef4a56a6829d5420685a4d498058e83ccc08e12+tree.4e67479291c8900b,core_91b5066f446edff27455cc21;core_9681538c828f8a010da4bb82
0.075,-0.3,0,0.08,0.65,1.25,25,13.157894736842106,9.210526315789474,122.80701754385966,79.82456140350878,79.5571630015909,79.5571630015909,20.442836998409106,DSCR,-30.000000000000004,12.012950991477389,scenario,USD_per_100_existing_principal,incompatible,colb-office-normalized-refi@1,refi-gap@1,aef4a56a6829d5420685a4d498058e83ccc08e12+tree.4e67479291c8900b,core_91b5066f446edff27455cc21;core_9681538c828f8a010da4bb82
0.075,-0.3,0,0.08,0.65,1.25,0,13.157894736842106,9.210526315789474,122.80701754385966,79.82456140350878,92.10526315789474,79.82456140350878,20.17543859649122,LTV,-30.000000000000004,12.307692307692319,scenario,USD_per_100_existing_principal,incompatible,colb-office-normalized-refi@1,refi-gap@1,aef4a56a6829d5420685a4d498058e83ccc08e12+tree.4e67479291c8900b,core_91b5066f446edff27455cc21;core_9681538c828f8a010da4bb82
0.075,-0.3,0,0.09,0.6,1.25,25,13.157894736842106,9.210526315789474,122.80701754385966,73.6842105263158,73.16941711469123,73.16941711469123,26.830582885308772,DSCR,-30.000000000000004,4.331614545628071,scenario,USD_per_100_existing_principal,incompatible,colb-office-normalized-refi@1,refi-gap@1,aef4a56a6829d5420685a4d498058e83ccc08e12+tree.4e67479291c8900b,core_91b5066f446edff27455cc21;core_9681538c828f8a010da4bb82
0.075,-0.3,0,0.09,0.6,1.25,0,13.157894736842106,9.210526315789474,122.80701754385966,73.6842105263158,81.87134502923978,73.6842105263158,26.315789473684205,LTV,-30.000000000000004,5.000000000000004,scenario,USD_per_100_existing_principal,incompatible,colb-office-normalized-refi@1,refi-gap@1,aef4a56a6829d5420685a4d498058e83ccc08e12+tree.4e67479291c8900b,core_91b5066f446edff27455cc21;core_9681538c828f8a010da4bb82
0.075,-0.3,0,0.09,0.65,1.25,25,13.157894736842106,9.210526315789474,122.80701754385966,79.82456140350878,73.16941711469123,73.16941711469123,26.830582885308772,DSCR,-30.000000000000004,4.331614545628071,scenario,USD_per_100_existing_principal,incompatible,colb-office-normalized-refi@1,refi-gap@1,aef4a56a6829d5420685a4d498058e83ccc08e12+tree.4e67479291c8900b,core_91b5066f446edff27455cc21;core_9681538c828f8a010da4bb82
0.075,-0.3,0,0.09,0.65,1.25,0,13.157894736842106,9.210526315789474,122.80701754385966,79.82456140350878,81.87134502923978,79.82456140350878,20.17543859649122,LTV,-30.000000000000004,12.307692307692319,scenario,USD_per_100_existing_principal,incompatible,colb-office-normalized-refi@1,refi-gap@1,aef4a56a6829d5420685a4d498058e83ccc08e12+tree.4e67479291c8900b,core_91b5066f446edff27455cc21;core_9681538c828f8a010da4bb82
0.075,-0.3,100,0.06,0.6,1.25,25,13.157894736842106,9.210526315789474,108.359133126935,65.015479876161,95.30246035528815,65.015479876161,34.984520123839005,LTV,-38.23529411764706,-7.666666666666666,scenario,USD_per_100_existing_principal,incompatible,colb-office-normalized-refi@1,refi-gap@1,aef4a56a6829d5420685a4d498058e83ccc08e12+tree.4e67479291c8900b,core_91b5066f446edff27455cc21;core_9681538c828f8a010da4bb82
0.075,-0.3,100,0.06,0.6,1.25,0,13.157894736842106,9.210526315789474,108.359133126935,65.015479876161,122.80701754385966,65.015479876161,34.984520123839005,LTV,-38.23529411764706,-7.666666666666666,scenario,USD_per_100_existing_principal,incompatible,colb-office-normalized-refi@1,refi-gap@1,aef4a56a6829d5420685a4d498058e83ccc08e12+tree.4e67479291c8900b,core_91b5066f446edff27455cc21;core_9681538c828f8a010da4bb82
0.075,-0.3,100,0.06,0.65,1.25,25,13.157894736842106,9.210526315789474,108.359133126935,70.43343653250776,95.30246035528815,70.43343653250776,29.566563467492244,LTV,-38.23529411764706,0.6153846153846287,scenario,USD_per_100_existing_principal,incompatible,colb-office-normalized-refi@1,refi-gap@1,aef4a56a6829d5420685a4d498058e83ccc08e12+tree.4e67479291c8900b,core_91b5066f446edff27455cc21;core_9681538c828f8a010da4bb82
0.075,-0.3,100,0.06,0.65,1.25,0,13.157894736842106,9.210526315789474,108.359133126935,70.43343653250776,122.80701754385966,70.43343653250776,29.566563467492244,LTV,-38.23529411764706,0.6153846153846287,scenario,USD_per_100_existing_principal,incompatible,colb-office-normalized-refi@1,refi-gap@1,aef4a56a6829d5420685a4d498058e83ccc08e12+tree.4e67479291c8900b,core_91b5066f446edff27455cc21;core_9681538c828f8a010da4bb82
0.075,-0.3,100,0.07,0.6,1.25,25,13.157894736842106,9.210526315789474,108.359133126935,65.015479876161,86.87792313167151,65.015479876161,34.984520123839005,LTV,-38.23529411764706,-7.666666666666666,scenario,USD_per_100_existing_principal,incompatible,colb-office-normalized-refi@1,refi-gap@1,aef4a56a6829d5420685a4d498058e83ccc08e12+tree.4e67479291c8900b,core_91b5066f446edff27455cc21;core_9681538c828f8a010da4bb82
0.075,-0.3,100,0.07,0.6,1.25,0,13.157894736842106,9.210526315789474,108.359133126935,65.015479876161,105.26315789473684,65.015479876161,34.984520123839005,LTV,-38.23529411764706,-7.666666666666666,scenario,USD_per_100_existing_principal,incompatible,colb-office-normalized-refi@1,refi-gap@1,aef4a56a6829d5420685a4d498058e83ccc08e12+tree.4e67479291c8900b,core_91b5066f446edff27455cc21;core_9681538c828f8a010da4bb82
0.075,-0.3,100,0.07,0.65,1.25,25,13.157894736842106,9.210526315789474,108.359133126935,70.43343653250776,86.87792313167151,70.43343653250776,29.566563467492244,LTV,-38.23529411764706,0.6153846153846287,scenario,USD_per_100_existing_principal,incompatible,colb-office-normalized-refi@1,refi-gap@1,aef4a56a6829d5420685a4d498058e83ccc08e12+tree.4e67479291c8900b,core_91b5066f446edff27455cc21;core_9681538c828f8a010da4bb82
0.075,-0.3,100,0.07,0.65,1.25,0,13.157894736842106,9.210526315789474,108.359133126935,70.43343653250776,105.26315789473684,70.43343653250776,29.566563467492244,LTV,-38.23529411764706,0.6153846153846287,scenario,USD_per_100_existing_principal,incompatible,colb-office-normalized-refi@1,refi-gap@1,aef4a56a6829d5420685a4d498058e83ccc08e12+tree.4e67479291c8900b,core_91b5066f446edff27455cc21;core_9681538c828f8a010da4bb82
0.075,-0.3,100,0.08,0.6,1.25,25,13.157894736842106,9.210526315789474,108.359133126935,65.015479876161,79.5571630015909,65.015479876161,34.984520123839005,LTV,-38.23529411764706,-7.666666666666666,scenario,USD_per_100_existing_principal,incompatible,colb-office-normalized-refi@1,refi-gap@1,aef4a56a6829d5420685a4d498058e83ccc08e12+tree.4e67479291c8900b,core_91b5066f446edff27455cc21;core_9681538c828f8a010da4bb82
0.075,-0.3,100,0.08,0.6,1.25,0,13.157894736842106,9.210526315789474,108.359133126935,65.015479876161,92.10526315789474,65.015479876161,34.984520123839005,LTV,-38.23529411764706,-7.666666666666666,scenario,USD_per_100_existing_principal,incompatible,colb-office-normalized-refi@1,refi-gap@1,aef4a56a6829d5420685a4d498058e83ccc08e12+tree.4e67479291c8900b,core_91b5066f446edff27455cc21;core_9681538c828f8a010da4bb82
0.075,-0.3,100,0.08,0.65,1.25,25,13.157894736842106,9.210526315789474,108.359133126935,70.43343653250776,79.5571630015909,70.43343653250776,29.566563467492244,LTV,-38.23529411764706,0.6153846153846287,scenario,USD_per_100_existing_principal,incompatible,colb-office-normalized-refi@1,refi-gap@1,aef4a56a6829d5420685a4d498058e83ccc08e12+tree.4e67479291c8900b,core_91b5066f446edff27455cc21;core_9681538c828f8a010da4bb82
0.075,-0.3,100,0.08,0.65,1.25,0,13.157894736842106,9.210526315789474,108.359133126935,70.43343653250776,92.10526315789474,70.43343653250776,29.566563467492244,LTV,-38.23529411764706,0.6153846153846287,scenario,USD_per_100_existing_principal,incompatible,colb-office-normalized-refi@1,refi-gap@1,aef4a56a6829d5420685a4d498058e83ccc08e12+tree.4e67479291c8900b,core_91b5066f446edff27455cc21;core_9681538c828f8a010da4bb82
0.075,-0.3,100,0.09,0.6,1.25,25,13.157894736842106,9.210526315789474,108.359133126935,65.015479876161,73.16941711469123,65.015479876161,34.984520123839005,LTV,-38.23529411764706,-7.666666666666666,scenario,USD_per_100_existing_principal,incompatible,colb-office-normalized-refi@1,refi-gap@1,aef4a56a6829d5420685a4d498058e83ccc08e12+tree.4e67479291c8900b,core_91b5066f446edff27455cc21;core_9681538c828f8a010da4bb82
0.075,-0.3,100,0.09,0.6,1.25,0,13.157894736842106,9.210526315789474,108.359133126935,65.015479876161,81.87134502923978,65.015479876161,34.984520123839005,LTV,-38.23529411764706,-7.666666666666666,scenario,USD_per_100_existing_principal,incompatible,colb-office-normalized-refi@1,refi-gap@1,aef4a56a6829d5420685a4d498058e83ccc08e12+tree.4e67479291c8900b,core_91b5066f446edff27455cc21;core_9681538c828f8a010da4bb82
0.075,-0.3,100,0.09,0.65,1.25,25,13.157894736842106,9.210526315789474,108.359133126935,70.43343653250776,73.16941711469123,70.43343653250776,29.566563467492244,LTV,-38.23529411764706,0.6153846153846287,scenario,USD_per_100_existing_principal,incompatible,colb-office-normalized-refi@1,refi-gap@1,aef4a56a6829d5420685a4d498058e83ccc08e12+tree.4e67479291c8900b,core_91b5066f446edff27455cc21;core_9681538c828f8a010da4bb82
0.075,-0.3,100,0.09,0.65,1.25,0,13.157894736842106,9.210526315789474,108.359133126935,70.43343653250776,81.87134502923978,70.43343653250776,29.566563467492244,LTV,-38.23529411764706,0.6153846153846287,scenario,USD_per_100_existing_principal,incompatible,colb-office-normalized-refi@1,refi-gap@1,aef4a56a6829d5420685a4d498058e83ccc08e12+tree.4e67479291c8900b,core_91b5066f446edff27455cc21;core_9681538c828f8a010da4bb82
0.075,-0.3,200,0.06,0.6,1.25,25,13.157894736842106,9.210526315789474,96.95290858725762,58.171745152354575,95.30246035528815,58.171745152354575,41.828254847645425,LTV,-44.73684210526315,-20.333333333333336,scenario,USD_per_100_existing_principal,incompatible,colb-office-normalized-refi@1,refi-gap@1,aef4a56a6829d5420685a4d498058e83ccc08e12+tree.4e67479291c8900b,core_91b5066f446edff27455cc21;core_9681538c828f8a010da4bb82
0.075,-0.3,200,0.06,0.6,1.25,0,13.157894736842106,9.210526315789474,96.95290858725762,58.171745152354575,122.80701754385966,58.171745152354575,41.828254847645425,LTV,-44.73684210526315,-20.333333333333336,scenario,USD_per_100_existing_principal,incompatible,colb-office-normalized-refi@1,refi-gap@1,aef4a56a6829d5420685a4d498058e83ccc08e12+tree.4e67479291c8900b,core_91b5066f446edff27455cc21;core_9681538c828f8a010da4bb82
0.075,-0.3,200,0.06,0.65,1.25,25,13.157894736842106,9.210526315789474,96.95290858725762,63.01939058171746,95.30246035528815,63.01939058171746,36.98060941828254,LTV,-44.73684210526315,-11.076923076923073,scenario,USD_per_100_existing_principal,incompatible,colb-office-normalized-refi@1,refi-gap@1,aef4a56a6829d5420685a4d498058e83ccc08e12+tree.4e67479291c8900b,core_91b5066f446edff27455cc21;core_9681538c828f8a010da4bb82
0.075,-0.3,200,0.06,0.65,1.25,0,13.157894736842106,9.210526315789474,96.95290858725762,63.01939058171746,122.80701754385966,63.01939058171746,36.98060941828254,LTV,-44.73684210526315,-11.076923076923073,scenario,USD_per_100_existing_principal,incompatible,colb-office-normalized-refi@1,refi-gap@1,aef4a56a6829d5420685a4d498058e83ccc08e12+tree.4e67479291c8900b,core_91b5066f446edff27455cc21;core_9681538c828f8a010da4bb82
0.075,-0.3,200,0.07,0.6,1.25,25,13.157894736842106,9.210526315789474,96.95290858725762,58.171745152354575,86.87792313167151,58.171745152354575,41.828254847645425,LTV,-44.73684210526315,-20.333333333333336,scenario,USD_per_100_existing_principal,incompatible,colb-office-normalized-refi@1,refi-gap@1,aef4a56a6829d5420685a4d498058e83ccc08e12+tree.4e67479291c8900b,core_91b5066f446edff27455cc21;core_9681538c828f8a010da4bb82
0.075,-0.3,200,0.07,0.6,1.25,0,13.157894736842106,9.210526315789474,96.95290858725762,58.171745152354575,105.26315789473684,58.171745152354575,41.828254847645425,LTV,-44.73684210526315,-20.333333333333336,scenario,USD_per_100_existing_principal,incompatible,colb-office-normalized-refi@1,refi-gap@1,aef4a56a6829d5420685a4d498058e83ccc08e12+tree.4e67479291c8900b,core_91b5066f446edff27455cc21;core_9681538c828f8a010da4bb82
0.075,-0.3,200,0.07,0.65,1.25,25,13.157894736842106,9.210526315789474,96.95290858725762,63.01939058171746,86.87792313167151,63.01939058171746,36.98060941828254,LTV,-44.73684210526315,-11.076923076923073,scenario,USD_per_100_existing_principal,incompatible,colb-office-normalized-refi@1,refi-gap@1,aef4a56a6829d5420685a4d498058e83ccc08e12+tree.4e67479291c8900b,core_91b5066f446edff27455cc21;core_9681538c828f8a010da4bb82
0.075,-0.3,200,0.07,0.65,1.25,0,13.157894736842106,9.210526315789474,96.95290858725762,63.01939058171746,105.26315789473684,63.01939058171746,36.98060941828254,LTV,-44.73684210526315,-11.076923076923073,scenario,USD_per_100_existing_principal,incompatible,colb-office-normalized-refi@1,refi-gap@1,aef4a56a6829d5420685a4d498058e83ccc08e12+tree.4e67479291c8900b,core_91b5066f446edff27455cc21;core_9681538c828f8a010da4bb82
0.075,-0.3,200,0.08,0.6,1.25,25,13.157894736842106,9.210526315789474,96.95290858725762,58.171745152354575,79.5571630015909,58.171745152354575,41.828254847645425,LTV,-44.73684210526315,-20.333333333333336,scenario,USD_per_100_existing_principal,incompatible,colb-office-normalized-refi@1,refi-gap@1,aef4a56a6829d5420685a4d498058e83ccc08e12+tree.4e67479291c8900b,core_91b5066f446edff27455cc21;core_9681538c828f8a010da4bb82
0.075,-0.3,200,0.08,0.6,1.25,0,13.157894736842106,9.210526315789474,96.95290858725762,58.171745152354575,92.10526315789474,58.171745152354575,41.828254847645425,LTV,-44.73684210526315,-20.333333333333336,scenario,USD_per_100_existing_principal,incompatible,colb-office-normalized-refi@1,refi-gap@1,aef4a56a6829d5420685a4d498058e83ccc08e12+tree.4e67479291c8900b,core_91b5066f446edff27455cc21;core_9681538c828f8a010da4bb82
0.075,-0.3,200,0.08,0.65,1.25,25,13.157894736842106,9.210526315789474,96.95290858725762,63.01939058171746,79.5571630015909,63.01939058171746,36.98060941828254,LTV,-44.73684210526315,-11.076923076923073,scenario,USD_per_100_existing_principal,incompatible,colb-office-normalized-refi@1,refi-gap@1,aef4a56a6829d5420685a4d498058e83ccc08e12+tree.4e67479291c8900b,core_91b5066f446edff27455cc21;core_9681538c828f8a010da4bb82
0.075,-0.3,200,0.08,0.65,1.25,0,13.157894736842106,9.210526315789474,96.95290858725762,63.01939058171746,92.10526315789474,63.01939058171746,36.98060941828254,LTV,-44.73684210526315,-11.076923076923073,scenario,USD_per_100_existing_principal,incompatible,colb-office-normalized-refi@1,refi-gap@1,aef4a56a6829d5420685a4d498058e83ccc08e12+tree.4e67479291c8900b,core_91b5066f446edff27455cc21;core_9681538c828f8a010da4bb82
0.075,-0.3,200,0.09,0.6,1.25,25,13.157894736842106,9.210526315789474,96.95290858725762,58.171745152354575,73.16941711469123,58.171745152354575,41.828254847645425,LTV,-44.73684210526315,-20.333333333333336,scenario,USD_per_100_existing_principal,incompatible,colb-office-normalized-refi@1,refi-gap@1,aef4a56a6829d5420685a4d498058e83ccc08e12+tree.4e67479291c8900b,core_91b5066f446edff27455cc21;core_9681538c828f8a010da4bb82
0.075,-0.3,200,0.09,0.6,1.25,0,13.157894736842106,9.210526315789474,96.95290858725762,58.171745152354575,81.87134502923978,58.171745152354575,41.828254847645425,LTV,-44.73684210526315,-20.333333333333336,scenario,USD_per_100_existing_principal,incompatible,colb-office-normalized-refi@1,refi-gap@1,aef4a56a6829d5420685a4d498058e83ccc08e12+tree.4e67479291c8900b,core_91b5066f446edff27455cc21;core_9681538c828f8a010da4bb82
0.075,-0.3,200,0.09,0.65,1.25,25,13.157894736842106,9.210526315789474,96.95290858725762,63.01939058171746,73.16941711469123,63.01939058171746,36.98060941828254,LTV,-44.73684210526315,-11.076923076923073,scenario,USD_per_100_existing_principal,incompatible,colb-office-normalized-refi@1,refi-gap@1,aef4a56a6829d5420685a4d498058e83ccc08e12+tree.4e67479291c8900b,core_91b5066f446edff27455cc21;core_9681538c828f8a010da4bb82
0.075,-0.3,200,0.09,0.65,1.25,0,13.157894736842106,9.210526315789474,96.95290858725762,63.01939058171746,81.87134502923978,63.01939058171746,36.98060941828254,LTV,-44.73684210526315,-11.076923076923073,scenario,USD_per_100_existing_principal,incompatible,colb-office-normalized-refi@1,refi-gap@1,aef4a56a6829d5420685a4d498058e83ccc08e12+tree.4e67479291c8900b,core_91b5066f446edff27455cc21;core_9681538c828f8a010da4bb82
