observation_id,entity_id,entity_scope,period_end,fiscal_label,published_at,available_at,retrieved_at,source_id,source_sha256,source_url,page_or_table,metric,value,unit,denominator,portfolio_scope,geography,status,missing_reason,metric_definition_version,assumption_set_id,transform_code_version,source_row,notes,comparability_segment,filing_extension,publication_evidence
core_82c0c35a1ba6550f854f1fdf,WAFD,consolidated,2024-03-31,2024-03-31 calendar quarter,2024-04-22,2024-04-23T12:00:00+00:00,2026-10-08T02:27:07.792121+00:00,src_a312b9209ac0494d741e669f,9e02186952149b1c0b9bb8fd8c3b1bec80681f43623610d3e0795a3a8cd08b63,https://www.wafdbank.com/documents/financial-news/2024/wafd-bank-press-release-20240422.pdf,PDF page 10,criticized_to_net_loans_pct,2.59,percent,see metric and source row,all,all,observed,,criticized_to_net_loans_pct@core-1,,aef4a56a6829d5420685a4d498058e83ccc08e12+tree.4e67479291c8900b,Criticized loans to net loans 2.59 % 2.27 % 2.33 % 2.42 % 2.46 %,,post_LBC_2024-02-29,,
core_eeec93eba635fe50ea005a45,WAFD,consolidated,2024-03-31,2024-03-31 calendar quarter,2024-04-22,2024-04-23T12:00:00+00:00,2026-10-08T02:27:07.792121+00:00,src_a312b9209ac0494d741e669f,9e02186952149b1c0b9bb8fd8c3b1bec80681f43623610d3e0795a3a8cd08b63,https://www.wafdbank.com/documents/financial-news/2024/wafd-bank-press-release-20240422.pdf,PDF page 10,substandard_to_net_loans_pct,1.48,percent,see metric and source row,all,all,observed,,substandard_to_net_loans_pct@core-1,,aef4a56a6829d5420685a4d498058e83ccc08e12+tree.4e67479291c8900b,Substandard loans to net loans 1.48 % 1.74 % 1.75 % 1.71 % 1.67 %,,post_LBC_2024-02-29,,
core_a95decd31631a29cb6dcd1e8,WAFD,consolidated,2024-03-31,2024-03-31 calendar quarter,2024-04-22,2024-04-23T12:00:00+00:00,2026-10-08T02:27:07.792121+00:00,src_a312b9209ac0494d741e669f,9e02186952149b1c0b9bb8fd8c3b1bec80681f43623610d3e0795a3a8cd08b63,https://www.wafdbank.com/documents/financial-news/2024/wafd-bank-press-release-20240422.pdf,PDF page 10,nonaccrual_to_net_loans_pct,0.29,percent,see metric and source row,all,all,observed,,nonaccrual_to_net_loans_pct@core-1,,aef4a56a6829d5420685a4d498058e83ccc08e12+tree.4e67479291c8900b,Non-accrual loans to net loans 0.29 % 0.26 % 0.29 % 0.32 % 0.20 %,,post_LBC_2024-02-29,,
core_599ccf763a36fda9f2aed607,WAFD,consolidated,2024-03-31,2024-03-31 calendar quarter,2024-04-22,2024-04-23T12:00:00+00:00,2026-10-08T02:27:07.792121+00:00,src_a312b9209ac0494d741e669f,9e02186952149b1c0b9bb8fd8c3b1bec80681f43623610d3e0795a3a8cd08b63,https://www.wafdbank.com/documents/financial-news/2024/wafd-bank-press-release-20240422.pdf,PDF page 10,acl_total,225.077,USD_million,see metric and source row,all,all,observed,,acl_total@core-1,,aef4a56a6829d5420685a4d498058e83ccc08e12+tree.4e67479291c8900b,"Allowance for credit losses (""ACL"") 225,077 201,820 201,707 204,569 205,920",,post_LBC_2024-02-29,,
core_e51fbba62d2d5652b4469dca,WAFD,consolidated,2024-03-31,2024-03-31 calendar quarter,2024-04-22,2024-04-23T12:00:00+00:00,2026-10-08T02:27:07.792121+00:00,src_a312b9209ac0494d741e669f,9e02186952149b1c0b9bb8fd8c3b1bec80681f43623610d3e0795a3a8cd08b63,https://www.wafdbank.com/documents/financial-news/2024/wafd-bank-press-release-20240422.pdf,PDF page 10,borrowings_including_subordinated,5489.501,USD_million,see metric and source row,all,all,observed,,borrowings_including_subordinated@core-1,,aef4a56a6829d5420685a4d498058e83ccc08e12+tree.4e67479291c8900b,"Borrowings 5,489,501 3,875,000 3,650,000 3,750,000 3,800,000",,post_LBC_2024-02-29,,
core_dc38d108762948ff9c919013,WAFD,consolidated,2024-03-31,2024-03-31 calendar quarter,2024-04-22,2024-04-23T12:00:00+00:00,2026-10-08T02:27:07.792121+00:00,src_a312b9209ac0494d741e669f,9e02186952149b1c0b9bb8fd8c3b1bec80681f43623610d3e0795a3a8cd08b63,https://www.wafdbank.com/documents/financial-news/2024/wafd-bank-press-release-20240422.pdf,PDF page 10,loans_net,20795.259000000002,USD_million,see metric and source row,all,all,observed,,loans_net@core-1,,aef4a56a6829d5420685a4d498058e83ccc08e12+tree.4e67479291c8900b,"Loans receivable, net 20,795,259 17,584,622 17,476,550 17,384,188 17,271,906",,post_LBC_2024-02-29,,
core_83cdfdfb6767afd74ad89653,WAFD,consolidated,2024-03-31,2024-03-31 calendar quarter,2024-04-22,2024-04-23T12:00:00+00:00,2026-10-08T02:27:07.792121+00:00,src_a312b9209ac0494d741e669f,9e02186952149b1c0b9bb8fd8c3b1bec80681f43623610d3e0795a3a8cd08b63,https://www.wafdbank.com/documents/financial-news/2024/wafd-bank-press-release-20240422.pdf,PDF page 9,deposits,21339.773,USD_million,see metric and source row,all,all,observed,,deposits@core-1,,aef4a56a6829d5420685a4d498058e83ccc08e12+tree.4e67479291c8900b,"Total customer deposits 21,339,773 16,070,329",,post_LBC_2024-02-29,,
core_e170fb9941a586cd67bd369f,WAFD,consolidated,2024-03-31,2024-03-31 calendar quarter,2024-04-22,2024-04-23T12:00:00+00:00,2026-10-08T02:27:07.792121+00:00,src_a312b9209ac0494d741e669f,9e02186952149b1c0b9bb8fd8c3b1bec80681f43623610d3e0795a3a8cd08b63,https://www.wafdbank.com/documents/financial-news/2024/wafd-bank-press-release-20240422.pdf,PDF page 11,nim_gaap_pct,2.73,percent,see metric and source row,all,all,observed,,nim_gaap_pct@core-1,,aef4a56a6829d5420685a4d498058e83ccc08e12+tree.4e67479291c8900b,Net interest margin 2.73 3.51 2.82 3.60,,post_LBC_2024-02-29,,
core_7bd5a4896b1f5387ec500841,WAFD,consolidated,2024-03-31,2024-03-31 calendar quarter,2024-04-22,2024-04-23T12:00:00+00:00,2026-10-08T02:27:07.792121+00:00,src_a312b9209ac0494d741e669f,9e02186952149b1c0b9bb8fd8c3b1bec80681f43623610d3e0795a3a8cd08b63,https://www.wafdbank.com/documents/financial-news/2024/wafd-bank-press-release-20240422.pdf,PDF page 11,pretax_income,20.962,USD_million,see metric and source row,all,all,observed,,pretax_income@core-1,,aef4a56a6829d5420685a4d498058e83ccc08e12+tree.4e67479291c8900b,"Income before income taxes 20,962 84,530 92,652 186,463",,post_LBC_2024-02-29,,
core_36318e9be66a637dca55bb19,WAFD,consolidated,2024-03-31,2024-03-31 calendar quarter,2024-04-22,2024-04-23T12:00:00+00:00,2026-10-08T02:27:07.792121+00:00,src_a312b9209ac0494d741e669f,9e02186952149b1c0b9bb8fd8c3b1bec80681f43623610d3e0795a3a8cd08b63,https://www.wafdbank.com/documents/financial-news/2024/wafd-bank-press-release-20240422.pdf,PDF page 11,provision,16.0,USD_million,see metric and source row,all,all,observed,,provision@core-1,,aef4a56a6829d5420685a4d498058e83ccc08e12+tree.4e67479291c8900b,"Provision (release) for credit losses 16,000 3,500 16,000 6,000",,post_LBC_2024-02-29,,
core_6b35ffbe50a6170e0c14ac55,WAFD,consolidated,2024-03-31,2024-03-31 calendar quarter,2024-04-22,2024-04-23T12:00:00+00:00,2026-10-08T02:27:07.792121+00:00,src_a312b9209ac0494d741e669f,9e02186952149b1c0b9bb8fd8c3b1bec80681f43623610d3e0795a3a8cd08b63,https://www.wafdbank.com/documents/financial-news/2024/wafd-bank-press-release-20240422.pdf,PDF page 21,nonaccrual,60.806000000000004,USD_million,see metric and source row,all,all,observed,,nonaccrual@core-1,,aef4a56a6829d5420685a4d498058e83ccc08e12+tree.4e67479291c8900b,"Total non-accrual loans 50,422 100% 45,258 100% 60,806 100%",,post_LBC_2024-02-29,,
core_39314eda4a8e732ec52e433b,WAFD,consolidated,2024-03-31,2024-03-31 calendar quarter,2024-04-22,2024-04-23T12:00:00+00:00,2026-10-08T02:27:07.792121+00:00,src_a312b9209ac0494d741e669f,9e02186952149b1c0b9bb8fd8c3b1bec80681f43623610d3e0795a3a8cd08b63,https://www.wafdbank.com/documents/financial-news/2024/wafd-bank-press-release-20240422.pdf,PDF page 21,nco,0.146,USD_million,see metric and source row,all,all,observed,,nco@core-1,,aef4a56a6829d5420685a4d498058e83ccc08e12+tree.4e67479291c8900b,"Total net charge-offs (recoveries) $ 29,362 0.60% $ (113) —% $ 146 —%",,post_LBC_2024-02-29,,
core_45a9b3e5c70c28f6a6324d67,WAFD,consolidated,2024-03-31,2024-03-31 calendar quarter,2024-04-22,2024-04-23T12:00:00+00:00,2026-10-08T02:27:07.792121+00:00,src_a312b9209ac0494d741e669f,9e02186952149b1c0b9bb8fd8c3b1bec80681f43623610d3e0795a3a8cd08b63,https://www.wafdbank.com/documents/financial-news/2024/wafd-bank-press-release-20240422.pdf,PDF page 22,nib_deposits,2482.01,USD_million,see metric and source row,all,all,observed,,nib_deposits@core-1,,aef4a56a6829d5420685a4d498058e83ccc08e12+tree.4e67479291c8900b,"Non-Interest Checking $ 2,706,448 16.8 % $ 2,604,281 16.2 % $ 2,482,010 11.6 %",,post_LBC_2024-02-29,,
core_4407ba4b79bc1b20faf3dbb2,WAFD,consolidated,2024-03-31,2024-03-31 calendar quarter,2024-04-22,2024-04-23T12:00:00+00:00,2026-10-08T02:27:07.792121+00:00,src_a312b9209ac0494d741e669f,9e02186952149b1c0b9bb8fd8c3b1bec80681f43623610d3e0795a3a8cd08b63,https://www.wafdbank.com/documents/financial-news/2024/wafd-bank-press-release-20240422.pdf,PDF page 22,uninsured_uncollateralized_deposits,5436.402,USD_million,see metric and source row,all,all,observed,,uninsured_uncollateralized_deposits@core-1,,aef4a56a6829d5420685a4d498058e83ccc08e12+tree.4e67479291c8900b,"Non-collateralized - EOP $ 4,124,355 25.7 % $ 4,182,289 26.1 % $ 5,436,402 25.5 %",Uninsured AND uncollateralized; not all uninsured deposits,post_LBC_2024-02-29,,
core_307169812f968870e9ca9e65,WAFD,consolidated,2024-03-31,2024-03-31 calendar quarter,2024-04-22,2024-04-23T12:00:00+00:00,2026-10-08T02:27:07.792121+00:00,src_a312b9209ac0494d741e669f,9e02186952149b1c0b9bb8fd8c3b1bec80681f43623610d3e0795a3a8cd08b63,https://www.wafdbank.com/documents/financial-news/2024/wafd-bank-press-release-20240422.pdf,PDF page 9,afs,2438.114,USD_million,see metric and source row,all,all,observed,,afs@core-1,,aef4a56a6829d5420685a4d498058e83ccc08e12+tree.4e67479291c8900b,"Available-for-sale securities, at fair value 2,438,114 1,995,097",,post_LBC_2024-02-29,,
core_e088796519278ff7bba4ee13,WAFD,consolidated,2024-03-31,2024-03-31 calendar quarter,2024-04-22,2024-04-23T12:00:00+00:00,2026-10-08T02:27:07.792121+00:00,src_a312b9209ac0494d741e669f,9e02186952149b1c0b9bb8fd8c3b1bec80681f43623610d3e0795a3a8cd08b63,https://www.wafdbank.com/documents/financial-news/2024/wafd-bank-press-release-20240422.pdf,PDF page 9,htm,457.882,USD_million,see metric and source row,all,all,observed,,htm@core-1,,aef4a56a6829d5420685a4d498058e83ccc08e12+tree.4e67479291c8900b,"Held-to-maturity securities, at amortized cost 457,882 423,586",,post_LBC_2024-02-29,,
core_69919d9198c64391b1382d8c,WAFD,consolidated,2024-03-31,2024-03-31 calendar quarter,2024-04-22,2024-04-23T12:00:00+00:00,2026-10-08T02:27:07.792121+00:00,src_a312b9209ac0494d741e669f,9e02186952149b1c0b9bb8fd8c3b1bec80681f43623610d3e0795a3a8cd08b63,https://www.wafdbank.com/documents/financial-news/2024/wafd-bank-press-release-20240422.pdf,PDF page 9,cash,1505.771,USD_million,see metric and source row,all,all,observed,,cash@core-1,,aef4a56a6829d5420685a4d498058e83ccc08e12+tree.4e67479291c8900b,"Cash and cash equivalents $ 1,505,771 $ 980,649",,post_LBC_2024-02-29,,
core_b8b422693b90ede74cc9a9c6,WAFD,consolidated,2024-03-31,2024-03-31 calendar quarter,2024-04-22,2024-04-23T12:00:00+00:00,2026-10-08T02:27:07.792121+00:00,src_a312b9209ac0494d741e669f,9e02186952149b1c0b9bb8fd8c3b1bec80681f43623610d3e0795a3a8cd08b63,https://www.wafdbank.com/documents/financial-news/2024/wafd-bank-press-release-20240422.pdf,PDF page 25,past_due_amortized,76.048,USD_million,see metric and source row,all,all,observed,,past_due_amortized@core-1,,aef4a56a6829d5420685a4d498058e83ccc08e12+tree.4e67479291c8900b,"41,221 509 $ 20,996,836 83 35 221 339 0.82 % $ 76,048 0.36 %",Total dollars delinquent; excludes loans held for sale. Not just accruing past due.,post_LBC_2024-02-29,,
core_c9fa9582f168f256889919df,WAFD,consolidated,2024-03-31,2024-03-31 calendar quarter,2024-04-22,2024-04-23T12:00:00+00:00,2026-10-08T02:27:07.792121+00:00,src_a312b9209ac0494d741e669f,9e02186952149b1c0b9bb8fd8c3b1bec80681f43623610d3e0795a3a8cd08b63,https://www.wafdbank.com/documents/financial-news/2024/wafd-bank-press-release-20240422.pdf,PDF page 25,past_due_to_amortized_loans_pct,0.36,percent,see metric and source row,all,all,observed,,past_due_to_amortized_loans_pct@core-1,,aef4a56a6829d5420685a4d498058e83ccc08e12+tree.4e67479291c8900b,"41,221 509 $ 20,996,836 83 35 221 339 0.82 % $ 76,048 0.36 %",Delinquency-summary amortized-cost denominator; kept distinct from release net-loan denominator.,post_LBC_2024-02-29,,
core_5811c66ff39cd077fad722d6,WAFD,consolidated,2024-03-31,2024-03-31 calendar quarter,2024-04-22,2024-04-23T12:00:00+00:00,2026-10-08T02:27:07.792121+00:00,src_a312b9209ac0494d741e669f,9e02186952149b1c0b9bb8fd8c3b1bec80681f43623610d3e0795a3a8cd08b63,https://www.wafdbank.com/documents/financial-news/2024/wafd-bank-press-release-20240422.pdf,PDF page 11,ppnr_gaap,36.962,USD_million,see metric and source row,all,all,derived,,ppnr_gaap@core-1,,aef4a56a6829d5420685a4d498058e83ccc08e12+tree.4e67479291c8900b,Pretax income + provision for credit losses,Includes GAAP merger and other nonrecurring effects; not adjusted PPNR,post_LBC_2024-02-29,,
core_51802673be2874fa1b061b6b,WAFD,consolidated,2024-06-30,2024-06-30 calendar quarter,2024-07-16,2024-07-17T12:00:00+00:00,2026-10-08T02:27:10.010569+00:00,src_4880721d5371670453db0339,6530e9c46dadb8818f53024af5126e69634dcfd9f1b8241d920450791f63ad0f,https://www.wafdbank.com/documents/financial-news/2024/wafd-bank-press-release-20240716.pdf,PDF page 9,criticized_to_net_loans_pct,3.01,percent,see metric and source row,all,all,observed,,criticized_to_net_loans_pct@core-1,,aef4a56a6829d5420685a4d498058e83ccc08e12+tree.4e67479291c8900b,Criticized loans to net loans 3.01 % 2.59 % 2.27 % 2.33 % 2.42 %,,post_LBC_2024-02-29,,
core_1ab630e56ddf338556146ec5,WAFD,consolidated,2024-06-30,2024-06-30 calendar quarter,2024-07-16,2024-07-17T12:00:00+00:00,2026-10-08T02:27:10.010569+00:00,src_4880721d5371670453db0339,6530e9c46dadb8818f53024af5126e69634dcfd9f1b8241d920450791f63ad0f,https://www.wafdbank.com/documents/financial-news/2024/wafd-bank-press-release-20240716.pdf,PDF page 9,substandard_to_net_loans_pct,1.84,percent,see metric and source row,all,all,observed,,substandard_to_net_loans_pct@core-1,,aef4a56a6829d5420685a4d498058e83ccc08e12+tree.4e67479291c8900b,Substandard loans to net loans 1.84 % 1.48 % 1.74 % 1.75 % 1.71 %,,post_LBC_2024-02-29,,
core_19b15effe6c87e196854294b,WAFD,consolidated,2024-06-30,2024-06-30 calendar quarter,2024-07-16,2024-07-17T12:00:00+00:00,2026-10-08T02:27:10.010569+00:00,src_4880721d5371670453db0339,6530e9c46dadb8818f53024af5126e69634dcfd9f1b8241d920450791f63ad0f,https://www.wafdbank.com/documents/financial-news/2024/wafd-bank-press-release-20240716.pdf,PDF page 9,nonaccrual_to_net_loans_pct,0.29,percent,see metric and source row,all,all,observed,,nonaccrual_to_net_loans_pct@core-1,,aef4a56a6829d5420685a4d498058e83ccc08e12+tree.4e67479291c8900b,Non-accrual loans to net loans 0.29 % 0.29 % 0.26 % 0.29 % 0.32 %,,post_LBC_2024-02-29,,
core_eaa34f9e487b84e47f7fcc20,WAFD,consolidated,2024-06-30,2024-06-30 calendar quarter,2024-07-16,2024-07-17T12:00:00+00:00,2026-10-08T02:27:10.010569+00:00,src_4880721d5371670453db0339,6530e9c46dadb8818f53024af5126e69634dcfd9f1b8241d920450791f63ad0f,https://www.wafdbank.com/documents/financial-news/2024/wafd-bank-press-release-20240716.pdf,PDF page 9,acl_total,225.324,USD_million,see metric and source row,all,all,observed,,acl_total@core-1,,aef4a56a6829d5420685a4d498058e83ccc08e12+tree.4e67479291c8900b,"Allowance for credit losses (""ACL"") 225,324 225,077 201,820 201,707 204,569",,post_LBC_2024-02-29,,
core_0c7524e873d6dce196063c00,WAFD,consolidated,2024-06-30,2024-06-30 calendar quarter,2024-07-16,2024-07-17T12:00:00+00:00,2026-10-08T02:27:10.010569+00:00,src_4880721d5371670453db0339,6530e9c46dadb8818f53024af5126e69634dcfd9f1b8241d920450791f63ad0f,https://www.wafdbank.com/documents/financial-news/2024/wafd-bank-press-release-20240716.pdf,PDF page 9,borrowings_including_subordinated,4079.36,USD_million,see metric and source row,all,all,observed,,borrowings_including_subordinated@core-1,,aef4a56a6829d5420685a4d498058e83ccc08e12+tree.4e67479291c8900b,"Borrowings, senior debt and junior subordinated debentures 4,079,360 5,489,501 3,875,000 3,650,000 3,750,000",,post_LBC_2024-02-29,,
core_eaac52e70a7c1fe1b3ef721e,WAFD,consolidated,2024-06-30,2024-06-30 calendar quarter,2024-07-16,2024-07-17T12:00:00+00:00,2026-10-08T02:27:10.010569+00:00,src_4880721d5371670453db0339,6530e9c46dadb8818f53024af5126e69634dcfd9f1b8241d920450791f63ad0f,https://www.wafdbank.com/documents/financial-news/2024/wafd-bank-press-release-20240716.pdf,PDF page 9,loans_net,20873.919,USD_million,see metric and source row,all,all,observed,,loans_net@core-1,,aef4a56a6829d5420685a4d498058e83ccc08e12+tree.4e67479291c8900b,"Loans receivable, net 20,873,919 20,795,259 17,584,622 17,476,550 17,384,188",,post_LBC_2024-02-29,,
core_a77afdf423dfa2a65ea14c64,WAFD,consolidated,2024-06-30,2024-06-30 calendar quarter,2024-07-16,2024-07-17T12:00:00+00:00,2026-10-08T02:27:10.010569+00:00,src_4880721d5371670453db0339,6530e9c46dadb8818f53024af5126e69634dcfd9f1b8241d920450791f63ad0f,https://www.wafdbank.com/documents/financial-news/2024/wafd-bank-press-release-20240716.pdf,PDF page 8,deposits,21184.765,USD_million,see metric and source row,all,all,observed,,deposits@core-1,,aef4a56a6829d5420685a4d498058e83ccc08e12+tree.4e67479291c8900b,"Total customer deposits 21,184,765 16,070,329",,post_LBC_2024-02-29,,
core_2e806839e339fac0d12a9025,WAFD,consolidated,2024-06-30,2024-06-30 calendar quarter,2024-07-16,2024-07-17T12:00:00+00:00,2026-10-08T02:27:10.010569+00:00,src_4880721d5371670453db0339,6530e9c46dadb8818f53024af5126e69634dcfd9f1b8241d920450791f63ad0f,https://www.wafdbank.com/documents/financial-news/2024/wafd-bank-press-release-20240716.pdf,PDF page 10,nim_gaap_pct,2.56,percent,see metric and source row,all,all,observed,,nim_gaap_pct@core-1,,aef4a56a6829d5420685a4d498058e83ccc08e12+tree.4e67479291c8900b,Net interest margin 2.56 3.27 2.72 3.49,,post_LBC_2024-02-29,,
core_2a2ab8277061d232d24471f5,WAFD,consolidated,2024-06-30,2024-06-30 calendar quarter,2024-07-16,2024-07-17T12:00:00+00:00,2026-10-08T02:27:10.010569+00:00,src_4880721d5371670453db0339,6530e9c46dadb8818f53024af5126e69634dcfd9f1b8241d920450791f63ad0f,https://www.wafdbank.com/documents/financial-news/2024/wafd-bank-press-release-20240716.pdf,PDF page 10,pretax_income,82.738,USD_million,see metric and source row,all,all,observed,,pretax_income@core-1,,aef4a56a6829d5420685a4d498058e83ccc08e12+tree.4e67479291c8900b,"Income before income taxes 82,738 79,494 175,390 265,957",,post_LBC_2024-02-29,,
core_f98ca395149ca2f223329a99,WAFD,consolidated,2024-06-30,2024-06-30 calendar quarter,2024-07-16,2024-07-17T12:00:00+00:00,2026-10-08T02:27:10.010569+00:00,src_4880721d5371670453db0339,6530e9c46dadb8818f53024af5126e69634dcfd9f1b8241d920450791f63ad0f,https://www.wafdbank.com/documents/financial-news/2024/wafd-bank-press-release-20240716.pdf,PDF page 10,provision,1.5,USD_million,see metric and source row,all,all,observed,,provision@core-1,,aef4a56a6829d5420685a4d498058e83ccc08e12+tree.4e67479291c8900b,"Provision for credit losses 1,500 9,000 17,500 15,000",,post_LBC_2024-02-29,,
core_f53d87bd78697de022be22e6,WAFD,consolidated,2024-06-30,2024-06-30 calendar quarter,2024-07-16,2024-07-17T12:00:00+00:00,2026-10-08T02:27:10.010569+00:00,src_4880721d5371670453db0339,6530e9c46dadb8818f53024af5126e69634dcfd9f1b8241d920450791f63ad0f,https://www.wafdbank.com/documents/financial-news/2024/wafd-bank-press-release-20240716.pdf,PDF page 19,nonaccrual,61.268,USD_million,see metric and source row,all,all,observed,,nonaccrual@core-1,,aef4a56a6829d5420685a4d498058e83ccc08e12+tree.4e67479291c8900b,"Total non-accrual loans 45,258 100% 60,806 100% 61,268 100%",,post_LBC_2024-02-29,,
core_85bd2a282f7ff20e795dc749,WAFD,consolidated,2024-06-30,2024-06-30 calendar quarter,2024-07-16,2024-07-17T12:00:00+00:00,2026-10-08T02:27:10.010569+00:00,src_4880721d5371670453db0339,6530e9c46dadb8818f53024af5126e69634dcfd9f1b8241d920450791f63ad0f,https://www.wafdbank.com/documents/financial-news/2024/wafd-bank-press-release-20240716.pdf,PDF page 19,nco,1.2530000000000001,USD_million,see metric and source row,all,all,observed,,nco@core-1,,aef4a56a6829d5420685a4d498058e83ccc08e12+tree.4e67479291c8900b,"Total net charge-offs (recoveries) $ (113) —% $ 146 —% $ 1,253 0.02%",,post_LBC_2024-02-29,,
core_6d7a7700547f7b5cb69757b4,WAFD,consolidated,2024-06-30,2024-06-30 calendar quarter,2024-07-16,2024-07-17T12:00:00+00:00,2026-10-08T02:27:10.010569+00:00,src_4880721d5371670453db0339,6530e9c46dadb8818f53024af5126e69634dcfd9f1b8241d920450791f63ad0f,https://www.wafdbank.com/documents/financial-news/2024/wafd-bank-press-release-20240716.pdf,PDF page 20,nib_deposits,2514.31,USD_million,see metric and source row,all,all,observed,,nib_deposits@core-1,,aef4a56a6829d5420685a4d498058e83ccc08e12+tree.4e67479291c8900b,"Non-Interest Checking $ 2,604,281 16.2 % $ 2,482,010 11.6 % $ 2,514,310 11.9 %",,post_LBC_2024-02-29,,
core_32b9522c659160424b39e782,WAFD,consolidated,2024-06-30,2024-06-30 calendar quarter,2024-07-16,2024-07-17T12:00:00+00:00,2026-10-08T02:27:10.010569+00:00,src_4880721d5371670453db0339,6530e9c46dadb8818f53024af5126e69634dcfd9f1b8241d920450791f63ad0f,https://www.wafdbank.com/documents/financial-news/2024/wafd-bank-press-release-20240716.pdf,PDF page 20,uninsured_uncollateralized_deposits,5238.217000000001,USD_million,see metric and source row,all,all,observed,,uninsured_uncollateralized_deposits@core-1,,aef4a56a6829d5420685a4d498058e83ccc08e12+tree.4e67479291c8900b,"Non-collateralized - EOP $ 4,182,289 26.1 % $ 5,436,402 25.5 % $ 5,238,217 24.7 %",Uninsured AND uncollateralized; not all uninsured deposits,post_LBC_2024-02-29,,
core_d4ee322fd08f84c881a88c7d,WAFD,consolidated,2024-06-30,2024-06-30 calendar quarter,2024-07-16,2024-07-17T12:00:00+00:00,2026-10-08T02:27:10.010569+00:00,src_4880721d5371670453db0339,6530e9c46dadb8818f53024af5126e69634dcfd9f1b8241d920450791f63ad0f,https://www.wafdbank.com/documents/financial-news/2024/wafd-bank-press-release-20240716.pdf,PDF page 8,afs,2428.7690000000002,USD_million,see metric and source row,all,all,observed,,afs@core-1,,aef4a56a6829d5420685a4d498058e83ccc08e12+tree.4e67479291c8900b,"Available-for-sale securities, at fair value 2,428,769 1,995,097",,post_LBC_2024-02-29,,
core_3d09bf916bcef990a9b1a2e4,WAFD,consolidated,2024-06-30,2024-06-30 calendar quarter,2024-07-16,2024-07-17T12:00:00+00:00,2026-10-08T02:27:10.010569+00:00,src_4880721d5371670453db0339,6530e9c46dadb8818f53024af5126e69634dcfd9f1b8241d920450791f63ad0f,https://www.wafdbank.com/documents/financial-news/2024/wafd-bank-press-release-20240716.pdf,PDF page 8,htm,447.63800000000003,USD_million,see metric and source row,all,all,observed,,htm@core-1,,aef4a56a6829d5420685a4d498058e83ccc08e12+tree.4e67479291c8900b,"Held-to-maturity securities, at amortized cost 447,638 423,586",,post_LBC_2024-02-29,,
core_4a2280e35fe0a857c2805254,WAFD,consolidated,2024-06-30,2024-06-30 calendar quarter,2024-07-16,2024-07-17T12:00:00+00:00,2026-10-08T02:27:10.010569+00:00,src_4880721d5371670453db0339,6530e9c46dadb8818f53024af5126e69634dcfd9f1b8241d920450791f63ad0f,https://www.wafdbank.com/documents/financial-news/2024/wafd-bank-press-release-20240716.pdf,PDF page 8,cash,2492.504,USD_million,see metric and source row,all,all,observed,,cash@core-1,,aef4a56a6829d5420685a4d498058e83ccc08e12+tree.4e67479291c8900b,"Cash and cash equivalents $ 2,492,504 $ 980,649",,post_LBC_2024-02-29,,
core_483ec5b4588728c3a808e84d,WAFD,consolidated,2024-06-30,2024-06-30 calendar quarter,2024-07-16,2024-07-17T12:00:00+00:00,2026-10-08T02:27:10.010569+00:00,src_4880721d5371670453db0339,6530e9c46dadb8818f53024af5126e69634dcfd9f1b8241d920450791f63ad0f,https://www.wafdbank.com/documents/financial-news/2024/wafd-bank-press-release-20240716.pdf,PDF page 23,past_due_amortized,46.721,USD_million,see metric and source row,all,all,observed,,past_due_amortized@core-1,,aef4a56a6829d5420685a4d498058e83ccc08e12+tree.4e67479291c8900b,"40,306 523 $ 21,077,743 82 41 131 254 0.63 % $ 46,721 0.22 %",Total dollars delinquent; excludes loans held for sale. Not just accruing past due.,post_LBC_2024-02-29,,
core_b8d9b3d3ed47642487177e93,WAFD,consolidated,2024-06-30,2024-06-30 calendar quarter,2024-07-16,2024-07-17T12:00:00+00:00,2026-10-08T02:27:10.010569+00:00,src_4880721d5371670453db0339,6530e9c46dadb8818f53024af5126e69634dcfd9f1b8241d920450791f63ad0f,https://www.wafdbank.com/documents/financial-news/2024/wafd-bank-press-release-20240716.pdf,PDF page 23,past_due_to_amortized_loans_pct,0.22,percent,see metric and source row,all,all,observed,,past_due_to_amortized_loans_pct@core-1,,aef4a56a6829d5420685a4d498058e83ccc08e12+tree.4e67479291c8900b,"40,306 523 $ 21,077,743 82 41 131 254 0.63 % $ 46,721 0.22 %",Delinquency-summary amortized-cost denominator; kept distinct from release net-loan denominator.,post_LBC_2024-02-29,,
core_47f21cd65a4901e5e5339939,WAFD,consolidated,2024-06-30,2024-06-30 calendar quarter,2024-07-16,2024-07-17T12:00:00+00:00,2026-10-08T02:27:10.010569+00:00,src_4880721d5371670453db0339,6530e9c46dadb8818f53024af5126e69634dcfd9f1b8241d920450791f63ad0f,https://www.wafdbank.com/documents/financial-news/2024/wafd-bank-press-release-20240716.pdf,PDF page 10,ppnr_gaap,84.238,USD_million,see metric and source row,all,all,derived,,ppnr_gaap@core-1,,aef4a56a6829d5420685a4d498058e83ccc08e12+tree.4e67479291c8900b,Pretax income + provision for credit losses,Includes GAAP merger and other nonrecurring effects; not adjusted PPNR,post_LBC_2024-02-29,,
core_2ff439733a114a9f5962b8a0,WAFD,consolidated,2024-09-30,2024-09-30 calendar quarter,2024-10-17,2024-10-18T12:00:00+00:00,2026-10-08T02:27:11.768149+00:00,src_1cd11fc9e626e982aa11f4ff,1203b4068aae2278431641603dc7ef91ad39f79961ae15cb61042ecfd2532ef9,https://www.wafdbank.com/documents/financial-news/2024/wafd-bank-earnings-release-20241017.pdf,PDF page 2,criticized_to_net_loans_pct,2.41,percent,see metric and source row,all,all,observed,,criticized_to_net_loans_pct@core-1,,aef4a56a6829d5420685a4d498058e83ccc08e12+tree.4e67479291c8900b,Criticized loans to net loans 2.41 % 3.01 % 2.59 % 2.27 % 2.33 %,,post_LBC_2024-02-29,,
core_20adfea45a3d5658780ef873,WAFD,consolidated,2024-09-30,2024-09-30 calendar quarter,2024-10-17,2024-10-18T12:00:00+00:00,2026-10-08T02:27:11.768149+00:00,src_1cd11fc9e626e982aa11f4ff,1203b4068aae2278431641603dc7ef91ad39f79961ae15cb61042ecfd2532ef9,https://www.wafdbank.com/documents/financial-news/2024/wafd-bank-earnings-release-20241017.pdf,PDF page 2,substandard_to_net_loans_pct,2.04,percent,see metric and source row,all,all,observed,,substandard_to_net_loans_pct@core-1,,aef4a56a6829d5420685a4d498058e83ccc08e12+tree.4e67479291c8900b,Substandard loans to net loans 2.04 % 1.84 % 1.48 % 1.74 % 1.75 %,,post_LBC_2024-02-29,,
core_e39335e7e139db6e374e7638,WAFD,consolidated,2024-09-30,2024-09-30 calendar quarter,2024-10-17,2024-10-18T12:00:00+00:00,2026-10-08T02:27:11.768149+00:00,src_1cd11fc9e626e982aa11f4ff,1203b4068aae2278431641603dc7ef91ad39f79961ae15cb61042ecfd2532ef9,https://www.wafdbank.com/documents/financial-news/2024/wafd-bank-earnings-release-20241017.pdf,PDF page 2,past_due_to_net_loans_pct,0.25,percent,see metric and source row,all,all,observed,,past_due_to_net_loans_pct@core-1,,aef4a56a6829d5420685a4d498058e83ccc08e12+tree.4e67479291c8900b,Delinquencies to net loans 0.25 % 0.22 % 0.36 % 0.33 % 0.36 %,,post_LBC_2024-02-29,,
core_c6d8a10425859a8c340c0050,WAFD,consolidated,2024-09-30,2024-09-30 calendar quarter,2024-10-17,2024-10-18T12:00:00+00:00,2026-10-08T02:27:11.768149+00:00,src_1cd11fc9e626e982aa11f4ff,1203b4068aae2278431641603dc7ef91ad39f79961ae15cb61042ecfd2532ef9,https://www.wafdbank.com/documents/financial-news/2024/wafd-bank-earnings-release-20241017.pdf,PDF page 2,nonaccrual_to_net_loans_pct,0.33,percent,see metric and source row,all,all,observed,,nonaccrual_to_net_loans_pct@core-1,,aef4a56a6829d5420685a4d498058e83ccc08e12+tree.4e67479291c8900b,Non-accrual loans to net loans 0.33 % 0.29 % 0.29 % 0.26 % 0.29 %,,post_LBC_2024-02-29,,
core_5df3ef96a9e2599457715d7c,WAFD,consolidated,2024-09-30,2024-09-30 calendar quarter,2024-10-17,2024-10-18T12:00:00+00:00,2026-10-08T02:27:11.768149+00:00,src_1cd11fc9e626e982aa11f4ff,1203b4068aae2278431641603dc7ef91ad39f79961ae15cb61042ecfd2532ef9,https://www.wafdbank.com/documents/financial-news/2024/wafd-bank-earnings-release-20241017.pdf,PDF page 2,acl_total,225.25300000000001,USD_million,see metric and source row,all,all,observed,,acl_total@core-1,,aef4a56a6829d5420685a4d498058e83ccc08e12+tree.4e67479291c8900b,"Allowance for credit losses (""ACL"") 225,253 225,324 225,077 201,820 201,707",,post_LBC_2024-02-29,,
core_9e1c43930663a4ea413e7485,WAFD,consolidated,2024-09-30,2024-09-30 calendar quarter,2024-10-17,2024-10-18T12:00:00+00:00,2026-10-08T02:27:11.768149+00:00,src_1cd11fc9e626e982aa11f4ff,1203b4068aae2278431641603dc7ef91ad39f79961ae15cb61042ecfd2532ef9,https://www.wafdbank.com/documents/financial-news/2024/wafd-bank-earnings-release-20241017.pdf,PDF page 2,borrowings_including_subordinated,3318.3070000000002,USD_million,see metric and source row,all,all,observed,,borrowings_including_subordinated@core-1,,aef4a56a6829d5420685a4d498058e83ccc08e12+tree.4e67479291c8900b,"Borrowings 3,318,307 4,079,360 5,489,501 3,875,000 3,650,000",,post_LBC_2024-02-29,,
core_d91c6324f98323db17412056,WAFD,consolidated,2024-09-30,2024-09-30 calendar quarter,2024-10-17,2024-10-18T12:00:00+00:00,2026-10-08T02:27:11.768149+00:00,src_1cd11fc9e626e982aa11f4ff,1203b4068aae2278431641603dc7ef91ad39f79961ae15cb61042ecfd2532ef9,https://www.wafdbank.com/documents/financial-news/2024/wafd-bank-earnings-release-20241017.pdf,PDF page 2,loans_net,20916.354,USD_million,see metric and source row,all,all,observed,,loans_net@core-1,,aef4a56a6829d5420685a4d498058e83ccc08e12+tree.4e67479291c8900b,"Loans receivable, net 20,916,354 20,873,919 20,795,259 17,584,622 17,476,550",,post_LBC_2024-02-29,,
core_183a07d527d5940c40605730,WAFD,consolidated,2024-09-30,2024-09-30 calendar quarter,2024-10-17,2024-10-18T12:00:00+00:00,2026-10-08T02:27:11.768149+00:00,src_1cd11fc9e626e982aa11f4ff,1203b4068aae2278431641603dc7ef91ad39f79961ae15cb61042ecfd2532ef9,https://www.wafdbank.com/documents/financial-news/2024/wafd-bank-earnings-release-20241017.pdf,PDF page 2,deposits,21373.97,USD_million,see metric and source row,all,all,observed,,deposits@core-1,,aef4a56a6829d5420685a4d498058e83ccc08e12+tree.4e67479291c8900b,"Total deposits 21,373,970 21,184,765 21,339,773 16,038,787 16,070,329",,post_LBC_2024-02-29,,
core_50d13e058f58e693d26cd5fa,WAFD,consolidated,2024-09-30,2024-09-30 calendar quarter,2024-10-17,2024-10-18T12:00:00+00:00,2026-10-08T02:27:11.768149+00:00,src_1cd11fc9e626e982aa11f4ff,1203b4068aae2278431641603dc7ef91ad39f79961ae15cb61042ecfd2532ef9,https://www.wafdbank.com/documents/financial-news/2024/wafd-bank-earnings-release-20241017.pdf,PDF page 2,nim_gaap_pct,2.62,percent,see metric and source row,all,all,observed,,nim_gaap_pct@core-1,,aef4a56a6829d5420685a4d498058e83ccc08e12+tree.4e67479291c8900b,Net interest margin 2.62 % 2.56 % 2.73 % 2.91 % 3.13 %,,post_LBC_2024-02-29,,
core_f59f9cf04c5d6c4bf1bd74b4,WAFD,consolidated,2024-09-30,2024-09-30 calendar quarter,2024-10-17,2024-10-18T12:00:00+00:00,2026-10-08T02:27:11.768149+00:00,src_1cd11fc9e626e982aa11f4ff,1203b4068aae2278431641603dc7ef91ad39f79961ae15cb61042ecfd2532ef9,https://www.wafdbank.com/documents/financial-news/2024/wafd-bank-earnings-release-20241017.pdf,PDF page 7,pretax_income,80.666,USD_million,see metric and source row,all,all,observed,,pretax_income@core-1,,aef4a56a6829d5420685a4d498058e83ccc08e12+tree.4e67479291c8900b,"Income before income taxes 80,666 59,119 256,056 325,076",,post_LBC_2024-02-29,,
core_e06b1cb291b52ddd5f80aaaf,WAFD,consolidated,2024-09-30,2024-09-30 calendar quarter,2024-10-17,2024-10-18T12:00:00+00:00,2026-10-08T02:27:11.768149+00:00,src_1cd11fc9e626e982aa11f4ff,1203b4068aae2278431641603dc7ef91ad39f79961ae15cb61042ecfd2532ef9,https://www.wafdbank.com/documents/financial-news/2024/wafd-bank-earnings-release-20241017.pdf,PDF page 7,provision,0.0,USD_million,see metric and source row,all,all,observed,,provision@core-1,,aef4a56a6829d5420685a4d498058e83ccc08e12+tree.4e67479291c8900b,"Provision for credit losses — 26,500 17,500 41,500",,post_LBC_2024-02-29,,
core_43776d26a18c3f59be93e183,WAFD,consolidated,2024-09-30,2024-09-30 calendar quarter,2024-10-17,2024-10-18T12:00:00+00:00,2026-10-08T02:27:11.768149+00:00,src_1cd11fc9e626e982aa11f4ff,1203b4068aae2278431641603dc7ef91ad39f79961ae15cb61042ecfd2532ef9,https://www.wafdbank.com/documents/financial-news/2024/wafd-bank-earnings-release-20241017.pdf,PDF page 16,nonaccrual,69.541,USD_million,see metric and source row,all,all,observed,,nonaccrual@core-1,,aef4a56a6829d5420685a4d498058e83ccc08e12+tree.4e67479291c8900b,"Total non-accrual loans 60,806 100% 61,268 100% 69,541 100%",,post_LBC_2024-02-29,,
core_cd3201fb39636942b9848b76,WAFD,consolidated,2024-09-30,2024-09-30 calendar quarter,2024-10-17,2024-10-18T12:00:00+00:00,2026-10-08T02:27:11.768149+00:00,src_1cd11fc9e626e982aa11f4ff,1203b4068aae2278431641603dc7ef91ad39f79961ae15cb61042ecfd2532ef9,https://www.wafdbank.com/documents/financial-news/2024/wafd-bank-earnings-release-20241017.pdf,PDF page 16,nco,0.07,USD_million,see metric and source row,all,all,observed,,nco@core-1,,aef4a56a6829d5420685a4d498058e83ccc08e12+tree.4e67479291c8900b,"Total net charge-offs (recoveries) $ 146 —% $ 1,253 0.02% $ 70 —%",,post_LBC_2024-02-29,,
core_3a558ec4005a57680f8a759f,WAFD,consolidated,2024-09-30,2024-09-30 calendar quarter,2024-10-17,2024-10-18T12:00:00+00:00,2026-10-08T02:27:11.768149+00:00,src_1cd11fc9e626e982aa11f4ff,1203b4068aae2278431641603dc7ef91ad39f79961ae15cb61042ecfd2532ef9,https://www.wafdbank.com/documents/financial-news/2024/wafd-bank-earnings-release-20241017.pdf,PDF page 17,nib_deposits,2500.467,USD_million,see metric and source row,all,all,observed,,nib_deposits@core-1,,aef4a56a6829d5420685a4d498058e83ccc08e12+tree.4e67479291c8900b,"Non-Interest Checking $ 2,482,010 11.6 % $ 2,514,310 11.9 % $ 2,500,467 11.7 %",,post_LBC_2024-02-29,,
core_79170338ad49e220be7fa0af,WAFD,consolidated,2024-09-30,2024-09-30 calendar quarter,2024-10-17,2024-10-18T12:00:00+00:00,2026-10-08T02:27:11.768149+00:00,src_1cd11fc9e626e982aa11f4ff,1203b4068aae2278431641603dc7ef91ad39f79961ae15cb61042ecfd2532ef9,https://www.wafdbank.com/documents/financial-news/2024/wafd-bank-earnings-release-20241017.pdf,PDF page 17,uninsured_uncollateralized_deposits,5134.192,USD_million,see metric and source row,all,all,observed,,uninsured_uncollateralized_deposits@core-1,,aef4a56a6829d5420685a4d498058e83ccc08e12+tree.4e67479291c8900b,"Non-collateraized - EOP $ 5,436,402 25.5 % $ 5,238,217 24.7 % $ 5,134,192 24.0 %",Uninsured AND uncollateralized; not all uninsured deposits,post_LBC_2024-02-29,,
core_633d738a68b00a85f1294039,WAFD,consolidated,2024-09-30,2024-09-30 calendar quarter,2024-10-17,2024-10-18T12:00:00+00:00,2026-10-08T02:27:11.768149+00:00,src_1cd11fc9e626e982aa11f4ff,1203b4068aae2278431641603dc7ef91ad39f79961ae15cb61042ecfd2532ef9,https://www.wafdbank.com/documents/financial-news/2024/wafd-bank-earnings-release-20241017.pdf,PDF page 2,afs,2572.709,USD_million,see metric and source row,all,all,observed,,afs@core-1,,aef4a56a6829d5420685a4d498058e83ccc08e12+tree.4e67479291c8900b,"Available-for-sale securities, at fair value 2,572,709 2,428,768 2,438,114 2,018,445 1,995,097",,post_LBC_2024-02-29,,
core_521ccb09c3de9f8e5b3d2108,WAFD,consolidated,2024-09-30,2024-09-30 calendar quarter,2024-10-17,2024-10-18T12:00:00+00:00,2026-10-08T02:27:11.768149+00:00,src_1cd11fc9e626e982aa11f4ff,1203b4068aae2278431641603dc7ef91ad39f79961ae15cb61042ecfd2532ef9,https://www.wafdbank.com/documents/financial-news/2024/wafd-bank-earnings-release-20241017.pdf,PDF page 2,htm,436.97200000000004,USD_million,see metric and source row,all,all,observed,,htm@core-1,,aef4a56a6829d5420685a4d498058e83ccc08e12+tree.4e67479291c8900b,"Held-to-maturity securities, at amortized cost 436,972 447,638 457,882 415,079 423,586",,post_LBC_2024-02-29,,
core_2e5ac2d4d3e52cb2172fa409,WAFD,consolidated,2024-09-30,2024-09-30 calendar quarter,2024-10-17,2024-10-18T12:00:00+00:00,2026-10-08T02:27:11.768149+00:00,src_1cd11fc9e626e982aa11f4ff,1203b4068aae2278431641603dc7ef91ad39f79961ae15cb61042ecfd2532ef9,https://www.wafdbank.com/documents/financial-news/2024/wafd-bank-earnings-release-20241017.pdf,PDF page 2,cash,2381.102,USD_million,see metric and source row,all,all,observed,,cash@core-1,,aef4a56a6829d5420685a4d498058e83ccc08e12+tree.4e67479291c8900b,"Cash $ 2,381,102 $ 2,492,504 $ 1,505,771 $ 1,144,774 $ 980,649",,post_LBC_2024-02-29,,
core_19339acefb1685abc77f51b6,WAFD,consolidated,2024-09-30,2024-09-30 calendar quarter,2024-10-17,2024-10-18T12:00:00+00:00,2026-10-08T02:27:11.768149+00:00,src_1cd11fc9e626e982aa11f4ff,1203b4068aae2278431641603dc7ef91ad39f79961ae15cb61042ecfd2532ef9,https://www.wafdbank.com/documents/financial-news/2024/wafd-bank-earnings-release-20241017.pdf,PDF page 21,past_due_amortized,53.338,USD_million,see metric and source row,all,all,observed,,past_due_amortized@core-1,,aef4a56a6829d5420685a4d498058e83ccc08e12+tree.4e67479291c8900b,"41,146 513 $ 21,120,107 79 59 146 284 0.69 % $ 53,338 0.25 %",Total dollars delinquent; excludes loans held for sale. Not just accruing past due.,post_LBC_2024-02-29,,
core_aa0a120e650305e50e397105,WAFD,consolidated,2024-09-30,2024-09-30 calendar quarter,2024-10-17,2024-10-18T12:00:00+00:00,2026-10-08T02:27:11.768149+00:00,src_1cd11fc9e626e982aa11f4ff,1203b4068aae2278431641603dc7ef91ad39f79961ae15cb61042ecfd2532ef9,https://www.wafdbank.com/documents/financial-news/2024/wafd-bank-earnings-release-20241017.pdf,PDF page 21,past_due_to_amortized_loans_pct,0.25,percent,see metric and source row,all,all,observed,,past_due_to_amortized_loans_pct@core-1,,aef4a56a6829d5420685a4d498058e83ccc08e12+tree.4e67479291c8900b,"41,146 513 $ 21,120,107 79 59 146 284 0.69 % $ 53,338 0.25 %",Delinquency-summary amortized-cost denominator; kept distinct from release net-loan denominator.,post_LBC_2024-02-29,,
core_543ef23c265c86e95ebe9ae5,WAFD,consolidated,2024-09-30,2024-09-30 calendar quarter,2024-10-17,2024-10-18T12:00:00+00:00,2026-10-08T02:27:11.768149+00:00,src_1cd11fc9e626e982aa11f4ff,1203b4068aae2278431641603dc7ef91ad39f79961ae15cb61042ecfd2532ef9,https://www.wafdbank.com/documents/financial-news/2024/wafd-bank-earnings-release-20241017.pdf,PDF page 7,ppnr_gaap,80.666,USD_million,see metric and source row,all,all,derived,,ppnr_gaap@core-1,,aef4a56a6829d5420685a4d498058e83ccc08e12+tree.4e67479291c8900b,Pretax income + provision for credit losses,Includes GAAP merger and other nonrecurring effects; not adjusted PPNR,post_LBC_2024-02-29,,
core_8691fd8b7168cea77a1db98e,WAFD,consolidated,2024-12-31,2024-12-31 calendar quarter,2025-01-16,2025-01-17T12:00:00+00:00,2026-10-08T02:27:13.479914+00:00,src_92a1ff0f56bfe7b156fe795b,b192d6710ffe1ff358d755ac2838b35995438cddc5556792e542fb5c49df9e63,https://www.wafdbank.com/documents/financial-news/2025/wafd-bank-press-release-20250116.pdf,PDF page 3,criticized_to_net_loans_pct,2.54,percent,see metric and source row,all,all,observed,,criticized_to_net_loans_pct@core-1,,aef4a56a6829d5420685a4d498058e83ccc08e12+tree.4e67479291c8900b,Criticized loans to net loans 2.54% 2.41% 3.01% 2.59% 2.27%,,post_LBC_2024-02-29,,
core_f9ea70c893219b71874ffd5d,WAFD,consolidated,2024-12-31,2024-12-31 calendar quarter,2025-01-16,2025-01-17T12:00:00+00:00,2026-10-08T02:27:13.479914+00:00,src_92a1ff0f56bfe7b156fe795b,b192d6710ffe1ff358d755ac2838b35995438cddc5556792e542fb5c49df9e63,https://www.wafdbank.com/documents/financial-news/2025/wafd-bank-press-release-20250116.pdf,PDF page 3,substandard_to_net_loans_pct,1.96,percent,see metric and source row,all,all,observed,,substandard_to_net_loans_pct@core-1,,aef4a56a6829d5420685a4d498058e83ccc08e12+tree.4e67479291c8900b,Substandard loans to net loans 1.96% 2.04% 1.84% 1.48% 1.74%,,post_LBC_2024-02-29,,
core_a163fe33ca270c851e391c4c,WAFD,consolidated,2024-12-31,2024-12-31 calendar quarter,2025-01-16,2025-01-17T12:00:00+00:00,2026-10-08T02:27:13.479914+00:00,src_92a1ff0f56bfe7b156fe795b,b192d6710ffe1ff358d755ac2838b35995438cddc5556792e542fb5c49df9e63,https://www.wafdbank.com/documents/financial-news/2025/wafd-bank-press-release-20250116.pdf,PDF page 3,past_due_to_net_loans_pct,0.3,percent,see metric and source row,all,all,observed,,past_due_to_net_loans_pct@core-1,,aef4a56a6829d5420685a4d498058e83ccc08e12+tree.4e67479291c8900b,Delinquencies to net loans 0.30% 0.25% 0.22% 0.36% 0.33%,,post_LBC_2024-02-29,,
core_94e130f0801e230b99a38916,WAFD,consolidated,2024-12-31,2024-12-31 calendar quarter,2025-01-16,2025-01-17T12:00:00+00:00,2026-10-08T02:27:13.479914+00:00,src_92a1ff0f56bfe7b156fe795b,b192d6710ffe1ff358d755ac2838b35995438cddc5556792e542fb5c49df9e63,https://www.wafdbank.com/documents/financial-news/2025/wafd-bank-press-release-20250116.pdf,PDF page 3,nonaccrual_to_net_loans_pct,0.34,percent,see metric and source row,all,all,observed,,nonaccrual_to_net_loans_pct@core-1,,aef4a56a6829d5420685a4d498058e83ccc08e12+tree.4e67479291c8900b,Non-accrual loans to net loans 0.34% 0.33% 0.29% 0.29% 0.26%,,post_LBC_2024-02-29,,
core_d35378bba58448a8db39405b,WAFD,consolidated,2024-12-31,2024-12-31 calendar quarter,2025-01-16,2025-01-17T12:00:00+00:00,2026-10-08T02:27:13.479914+00:00,src_92a1ff0f56bfe7b156fe795b,b192d6710ffe1ff358d755ac2838b35995438cddc5556792e542fb5c49df9e63,https://www.wafdbank.com/documents/financial-news/2025/wafd-bank-press-release-20250116.pdf,PDF page 3,acl_total,225.022,USD_million,see metric and source row,all,all,observed,,acl_total@core-1,,aef4a56a6829d5420685a4d498058e83ccc08e12+tree.4e67479291c8900b,"Allowance for credit losses (""ACL"") 225,022 225,253 225,324 225,077 201,820",,post_LBC_2024-02-29,,
core_65e1e227f6af2f4eef9ba262,WAFD,consolidated,2024-12-31,2024-12-31 calendar quarter,2025-01-16,2025-01-17T12:00:00+00:00,2026-10-08T02:27:13.479914+00:00,src_92a1ff0f56bfe7b156fe795b,b192d6710ffe1ff358d755ac2838b35995438cddc5556792e542fb5c49df9e63,https://www.wafdbank.com/documents/financial-news/2025/wafd-bank-press-release-20250116.pdf,PDF page 3,borrowings_including_subordinated,2914.627,USD_million,see metric and source row,all,all,observed,,borrowings_including_subordinated@core-1,,aef4a56a6829d5420685a4d498058e83ccc08e12+tree.4e67479291c8900b,"Borrowings 2,914,627 3,318,307 4,079,360 5,489,501 3,875,000",,post_LBC_2024-02-29,,
core_288d3995bd01854decb2a5d3,WAFD,consolidated,2024-12-31,2024-12-31 calendar quarter,2025-01-16,2025-01-17T12:00:00+00:00,2026-10-08T02:27:13.479914+00:00,src_92a1ff0f56bfe7b156fe795b,b192d6710ffe1ff358d755ac2838b35995438cddc5556792e542fb5c49df9e63,https://www.wafdbank.com/documents/financial-news/2025/wafd-bank-press-release-20250116.pdf,PDF page 3,loans_net,21060.501,USD_million,see metric and source row,all,all,observed,,loans_net@core-1,,aef4a56a6829d5420685a4d498058e83ccc08e12+tree.4e67479291c8900b,"Loans receivable, net 21,060,501 20,916,354 20,873,919 20,795,259 17,584,622",,post_LBC_2024-02-29,,
core_ad5f0ac15e42d0345f1dc371,WAFD,consolidated,2024-12-31,2024-12-31 calendar quarter,2025-01-16,2025-01-17T12:00:00+00:00,2026-10-08T02:27:13.479914+00:00,src_92a1ff0f56bfe7b156fe795b,b192d6710ffe1ff358d755ac2838b35995438cddc5556792e542fb5c49df9e63,https://www.wafdbank.com/documents/financial-news/2025/wafd-bank-press-release-20250116.pdf,PDF page 3,deposits,21438.777000000002,USD_million,see metric and source row,all,all,observed,,deposits@core-1,,aef4a56a6829d5420685a4d498058e83ccc08e12+tree.4e67479291c8900b,"Total deposits 21,438,777 21,373,970 21,184,765 21,339,773 16,038,787",,post_LBC_2024-02-29,,
core_8e77c7c6da632d45632e9f8d,WAFD,consolidated,2024-12-31,2024-12-31 calendar quarter,2025-01-16,2025-01-17T12:00:00+00:00,2026-10-08T02:27:13.479914+00:00,src_92a1ff0f56bfe7b156fe795b,b192d6710ffe1ff358d755ac2838b35995438cddc5556792e542fb5c49df9e63,https://www.wafdbank.com/documents/financial-news/2025/wafd-bank-press-release-20250116.pdf,PDF page 3,nim_gaap_pct,2.39,percent,see metric and source row,all,all,observed,,nim_gaap_pct@core-1,,aef4a56a6829d5420685a4d498058e83ccc08e12+tree.4e67479291c8900b,Net interest margin 2.39% 2.62% 2.56% 2.73% 2.91%,,post_LBC_2024-02-29,,
core_619426c29152f1d2106513b0,WAFD,consolidated,2024-12-31,2024-12-31 calendar quarter,2025-01-16,2025-01-17T12:00:00+00:00,2026-10-08T02:27:13.479914+00:00,src_92a1ff0f56bfe7b156fe795b,b192d6710ffe1ff358d755ac2838b35995438cddc5556792e542fb5c49df9e63,https://www.wafdbank.com/documents/financial-news/2025/wafd-bank-press-release-20250116.pdf,PDF page 7,pretax_income,60.251000000000005,USD_million,see metric and source row,all,all,observed,,pretax_income@core-1,,aef4a56a6829d5420685a4d498058e83ccc08e12+tree.4e67479291c8900b,"Income before income taxes 60,251 71,690",,post_LBC_2024-02-29,,
core_1d4312b4daa6265ce732d612,WAFD,consolidated,2024-12-31,2024-12-31 calendar quarter,2025-01-16,2025-01-17T12:00:00+00:00,2026-10-08T02:27:13.479914+00:00,src_92a1ff0f56bfe7b156fe795b,b192d6710ffe1ff358d755ac2838b35995438cddc5556792e542fb5c49df9e63,https://www.wafdbank.com/documents/financial-news/2025/wafd-bank-press-release-20250116.pdf,PDF page 7,provision,0.0,USD_million,see metric and source row,all,all,observed,,provision@core-1,,aef4a56a6829d5420685a4d498058e83ccc08e12+tree.4e67479291c8900b,Provision (release) for credit losses — —,,post_LBC_2024-02-29,,
core_5e05d20b2092e872529fe903,WAFD,consolidated,2024-12-31,2024-12-31 calendar quarter,2025-01-16,2025-01-17T12:00:00+00:00,2026-10-08T02:27:13.479914+00:00,src_92a1ff0f56bfe7b156fe795b,b192d6710ffe1ff358d755ac2838b35995438cddc5556792e542fb5c49df9e63,https://www.wafdbank.com/documents/financial-news/2025/wafd-bank-press-release-20250116.pdf,PDF page 18,nonaccrual,72.487,USD_million,see metric and source row,all,all,observed,,nonaccrual@core-1,,aef4a56a6829d5420685a4d498058e83ccc08e12+tree.4e67479291c8900b,"Total non-accrual loans 61,268 100% 69,541 100% 72,487 100%",,post_LBC_2024-02-29,,
core_bdad36f71b1367fc24308dc2,WAFD,consolidated,2024-12-31,2024-12-31 calendar quarter,2025-01-16,2025-01-17T12:00:00+00:00,2026-10-08T02:27:13.479914+00:00,src_92a1ff0f56bfe7b156fe795b,b192d6710ffe1ff358d755ac2838b35995438cddc5556792e542fb5c49df9e63,https://www.wafdbank.com/documents/financial-news/2025/wafd-bank-press-release-20250116.pdf,PDF page 18,nco,0.231,USD_million,see metric and source row,all,all,observed,,nco@core-1,,aef4a56a6829d5420685a4d498058e83ccc08e12+tree.4e67479291c8900b,"Total net charge-offs (recoveries) $ 1,253 0.02% $ 70 —% $ 231 —%",,post_LBC_2024-02-29,,
core_65b990f20c36ecc4da276db1,WAFD,consolidated,2024-12-31,2024-12-31 calendar quarter,2025-01-16,2025-01-17T12:00:00+00:00,2026-10-08T02:27:13.479914+00:00,src_92a1ff0f56bfe7b156fe795b,b192d6710ffe1ff358d755ac2838b35995438cddc5556792e542fb5c49df9e63,https://www.wafdbank.com/documents/financial-news/2025/wafd-bank-press-release-20250116.pdf,PDF page 19,nib_deposits,2489.3940000000002,USD_million,see metric and source row,all,all,observed,,nib_deposits@core-1,,aef4a56a6829d5420685a4d498058e83ccc08e12+tree.4e67479291c8900b,"Non-Interest Checking $ 2,514,310 11.9% $ 2,500,467 11.7% $ 2,489,394 11.6%",,post_LBC_2024-02-29,,
core_1486ad3502aabd986bf61f6d,WAFD,consolidated,2024-12-31,2024-12-31 calendar quarter,2025-01-16,2025-01-17T12:00:00+00:00,2026-10-08T02:27:13.479914+00:00,src_92a1ff0f56bfe7b156fe795b,b192d6710ffe1ff358d755ac2838b35995438cddc5556792e542fb5c49df9e63,https://www.wafdbank.com/documents/financial-news/2025/wafd-bank-press-release-20250116.pdf,PDF page 19,uninsured_uncollateralized_deposits,5317.511,USD_million,see metric and source row,all,all,observed,,uninsured_uncollateralized_deposits@core-1,,aef4a56a6829d5420685a4d498058e83ccc08e12+tree.4e67479291c8900b,"Non-collateralized - EOP $ 5,238,217 24.7% $ 5,134,192 24.0% $ 5,317,511 24.8%",Uninsured AND uncollateralized; not all uninsured deposits,post_LBC_2024-02-29,,
core_1664fbdf44280f8dd687b966,WAFD,consolidated,2024-12-31,2024-12-31 calendar quarter,2025-01-16,2025-01-17T12:00:00+00:00,2026-10-08T02:27:13.479914+00:00,src_92a1ff0f56bfe7b156fe795b,b192d6710ffe1ff358d755ac2838b35995438cddc5556792e542fb5c49df9e63,https://www.wafdbank.com/documents/financial-news/2025/wafd-bank-press-release-20250116.pdf,PDF page 3,afs,2743.731,USD_million,see metric and source row,all,all,observed,,afs@core-1,,aef4a56a6829d5420685a4d498058e83ccc08e12+tree.4e67479291c8900b,"Available-for-sale securities, at fair value 2,743,731 2,572,709 2,428,768 2,438,114 2,018,445",,post_LBC_2024-02-29,,
core_307ce54f888b906341cfa0e3,WAFD,consolidated,2024-12-31,2024-12-31 calendar quarter,2025-01-16,2025-01-17T12:00:00+00:00,2026-10-08T02:27:13.479914+00:00,src_92a1ff0f56bfe7b156fe795b,b192d6710ffe1ff358d755ac2838b35995438cddc5556792e542fb5c49df9e63,https://www.wafdbank.com/documents/financial-news/2025/wafd-bank-press-release-20250116.pdf,PDF page 6,htm,537.348,USD_million,see metric and source row,all,all,observed,,htm@core-1,,aef4a56a6829d5420685a4d498058e83ccc08e12+tree.4e67479291c8900b,"Held-to-maturity securities, at amortized cost 537,348 436,972",,post_LBC_2024-02-29,,
core_40e2aaa0e757550d1f482e18,WAFD,consolidated,2024-12-31,2024-12-31 calendar quarter,2025-01-16,2025-01-17T12:00:00+00:00,2026-10-08T02:27:13.479914+00:00,src_92a1ff0f56bfe7b156fe795b,b192d6710ffe1ff358d755ac2838b35995438cddc5556792e542fb5c49df9e63,https://www.wafdbank.com/documents/financial-news/2025/wafd-bank-press-release-20250116.pdf,PDF page 3,cash,1507.7350000000001,USD_million,see metric and source row,all,all,observed,,cash@core-1,,aef4a56a6829d5420685a4d498058e83ccc08e12+tree.4e67479291c8900b,"Cash $ 1,507,735 $ 2,381,102 $ 2,492,504 $ 1,505,771 $ 1,144,774",,post_LBC_2024-02-29,,
core_4ff6724ad4f948c339bbcf42,WAFD,consolidated,2024-12-31,2024-12-31 calendar quarter,2025-01-16,2025-01-17T12:00:00+00:00,2026-10-08T02:27:13.479914+00:00,src_92a1ff0f56bfe7b156fe795b,b192d6710ffe1ff358d755ac2838b35995438cddc5556792e542fb5c49df9e63,https://www.wafdbank.com/documents/financial-news/2025/wafd-bank-press-release-20250116.pdf,PDF page 22,past_due_amortized,64.442,USD_million,see metric and source row,all,all,observed,,past_due_amortized@core-1,,aef4a56a6829d5420685a4d498058e83ccc08e12+tree.4e67479291c8900b,"40,825 521 $ 21,265,023 86 45 167 298 0.73% $ 64,442 0.30%",Total dollars delinquent; excludes loans held for sale. Not just accruing past due.,post_LBC_2024-02-29,,
core_f1ee8e82824a840eec2a044a,WAFD,consolidated,2024-12-31,2024-12-31 calendar quarter,2025-01-16,2025-01-17T12:00:00+00:00,2026-10-08T02:27:13.479914+00:00,src_92a1ff0f56bfe7b156fe795b,b192d6710ffe1ff358d755ac2838b35995438cddc5556792e542fb5c49df9e63,https://www.wafdbank.com/documents/financial-news/2025/wafd-bank-press-release-20250116.pdf,PDF page 22,past_due_to_amortized_loans_pct,0.3,percent,see metric and source row,all,all,observed,,past_due_to_amortized_loans_pct@core-1,,aef4a56a6829d5420685a4d498058e83ccc08e12+tree.4e67479291c8900b,"40,825 521 $ 21,265,023 86 45 167 298 0.73% $ 64,442 0.30%",Delinquency-summary amortized-cost denominator; kept distinct from release net-loan denominator.,post_LBC_2024-02-29,,
core_605dd69845aeab1ced1eee9a,WAFD,consolidated,2024-12-31,2024-12-31 calendar quarter,2025-01-16,2025-01-17T12:00:00+00:00,2026-10-08T02:27:13.479914+00:00,src_92a1ff0f56bfe7b156fe795b,b192d6710ffe1ff358d755ac2838b35995438cddc5556792e542fb5c49df9e63,https://www.wafdbank.com/documents/financial-news/2025/wafd-bank-press-release-20250116.pdf,PDF page 7,ppnr_gaap,60.251000000000005,USD_million,see metric and source row,all,all,derived,,ppnr_gaap@core-1,,aef4a56a6829d5420685a4d498058e83ccc08e12+tree.4e67479291c8900b,Pretax income + provision for credit losses,Includes GAAP merger and other nonrecurring effects; not adjusted PPNR,post_LBC_2024-02-29,,
core_78eefd7239976e96fc928a5b,WAFD,consolidated,2025-03-31,2025-03-31 calendar quarter,2025-04-11,2025-04-12T12:00:00+00:00,2026-10-08T02:27:15.470743+00:00,src_a2b355c7f5b2001abf045ec5,d8e48f9b31c8803ea10e319fd8fe113a109f37c5d142fd4ca28661a5bc04cb22,https://www.wafdbank.com/documents/financial-news/2025/wafd-bank-press-release-20250411.pdf,PDF page 2,criticized_to_net_loans_pct,3.32,percent,see metric and source row,all,all,observed,,criticized_to_net_loans_pct@core-1,,aef4a56a6829d5420685a4d498058e83ccc08e12+tree.4e67479291c8900b,Criticized loans to net loans 3.32% 2.54% 2.41% 3.01% 2.59%,,post_LBC_2024-02-29,,
core_d8b529a99ded750ca64b0ade,WAFD,consolidated,2025-03-31,2025-03-31 calendar quarter,2025-04-11,2025-04-12T12:00:00+00:00,2026-10-08T02:27:15.470743+00:00,src_a2b355c7f5b2001abf045ec5,d8e48f9b31c8803ea10e319fd8fe113a109f37c5d142fd4ca28661a5bc04cb22,https://www.wafdbank.com/documents/financial-news/2025/wafd-bank-press-release-20250411.pdf,PDF page 2,substandard_to_net_loans_pct,2.51,percent,see metric and source row,all,all,observed,,substandard_to_net_loans_pct@core-1,,aef4a56a6829d5420685a4d498058e83ccc08e12+tree.4e67479291c8900b,Substandard loans to net loans 2.51% 1.96% 2.04% 1.84% 1.48%,,post_LBC_2024-02-29,,
core_9f1896f52ca6e9a9fa9607e4,WAFD,consolidated,2025-03-31,2025-03-31 calendar quarter,2025-04-11,2025-04-12T12:00:00+00:00,2026-10-08T02:27:15.470743+00:00,src_a2b355c7f5b2001abf045ec5,d8e48f9b31c8803ea10e319fd8fe113a109f37c5d142fd4ca28661a5bc04cb22,https://www.wafdbank.com/documents/financial-news/2025/wafd-bank-press-release-20250411.pdf,PDF page 2,past_due_to_net_loans_pct,0.27,percent,see metric and source row,all,all,observed,,past_due_to_net_loans_pct@core-1,,aef4a56a6829d5420685a4d498058e83ccc08e12+tree.4e67479291c8900b,Delinquencies to net loans 0.27% 0.30% 0.25% 0.22% 0.36%,,post_LBC_2024-02-29,,
core_06585ab4505d4e088fc80051,WAFD,consolidated,2025-03-31,2025-03-31 calendar quarter,2025-04-11,2025-04-12T12:00:00+00:00,2026-10-08T02:27:15.470743+00:00,src_a2b355c7f5b2001abf045ec5,d8e48f9b31c8803ea10e319fd8fe113a109f37c5d142fd4ca28661a5bc04cb22,https://www.wafdbank.com/documents/financial-news/2025/wafd-bank-press-release-20250411.pdf,PDF page 2,nonaccrual_to_net_loans_pct,0.29,percent,see metric and source row,all,all,observed,,nonaccrual_to_net_loans_pct@core-1,,aef4a56a6829d5420685a4d498058e83ccc08e12+tree.4e67479291c8900b,Non-accrual loans to net loans 0.29% 0.34% 0.33% 0.29% 0.29%,,post_LBC_2024-02-29,,
core_dc4b3ee56558cd617fd0cc66,WAFD,consolidated,2025-03-31,2025-03-31 calendar quarter,2025-04-11,2025-04-12T12:00:00+00:00,2026-10-08T02:27:15.470743+00:00,src_a2b355c7f5b2001abf045ec5,d8e48f9b31c8803ea10e319fd8fe113a109f37c5d142fd4ca28661a5bc04cb22,https://www.wafdbank.com/documents/financial-news/2025/wafd-bank-press-release-20250411.pdf,PDF page 2,acl_total,222.709,USD_million,see metric and source row,all,all,observed,,acl_total@core-1,,aef4a56a6829d5420685a4d498058e83ccc08e12+tree.4e67479291c8900b,"Allowance for credit losses (""ACL"") 222,709 225,022 225,253 225,324 225,077",,post_LBC_2024-02-29,,
core_9b91577809b92abda3b55b32,WAFD,consolidated,2025-03-31,2025-03-31 calendar quarter,2025-04-11,2025-04-12T12:00:00+00:00,2026-10-08T02:27:15.470743+00:00,src_a2b355c7f5b2001abf045ec5,d8e48f9b31c8803ea10e319fd8fe113a109f37c5d142fd4ca28661a5bc04cb22,https://www.wafdbank.com/documents/financial-news/2025/wafd-bank-press-release-20250411.pdf,PDF page 2,borrowings_including_subordinated,2814.938,USD_million,see metric and source row,all,all,observed,,borrowings_including_subordinated@core-1,,aef4a56a6829d5420685a4d498058e83ccc08e12+tree.4e67479291c8900b,"Borrowings 2,814,938 2,914,627 3,318,307 4,079,360 5,489,501",,post_LBC_2024-02-29,,
core_f06dc45de7dd9916a08010ee,WAFD,consolidated,2025-03-31,2025-03-31 calendar quarter,2025-04-11,2025-04-12T12:00:00+00:00,2026-10-08T02:27:15.470743+00:00,src_a2b355c7f5b2001abf045ec5,d8e48f9b31c8803ea10e319fd8fe113a109f37c5d142fd4ca28661a5bc04cb22,https://www.wafdbank.com/documents/financial-news/2025/wafd-bank-press-release-20250411.pdf,PDF page 2,loans_net,20920.001,USD_million,see metric and source row,all,all,observed,,loans_net@core-1,,aef4a56a6829d5420685a4d498058e83ccc08e12+tree.4e67479291c8900b,"Loans receivable, net 20,920,001 21,060,501 20,916,354 20,873,919 20,795,259",,post_LBC_2024-02-29,,
core_246769c266a941838b227fac,WAFD,consolidated,2025-03-31,2025-03-31 calendar quarter,2025-04-11,2025-04-12T12:00:00+00:00,2026-10-08T02:27:15.470743+00:00,src_a2b355c7f5b2001abf045ec5,d8e48f9b31c8803ea10e319fd8fe113a109f37c5d142fd4ca28661a5bc04cb22,https://www.wafdbank.com/documents/financial-news/2025/wafd-bank-press-release-20250411.pdf,PDF page 2,deposits,21427.426,USD_million,see metric and source row,all,all,observed,,deposits@core-1,,aef4a56a6829d5420685a4d498058e83ccc08e12+tree.4e67479291c8900b,"Total deposits 21,427,426 21,438,777 21,373,970 21,184,765 21,339,773",,post_LBC_2024-02-29,,
core_19ec266fe8bf8631173b0ba3,WAFD,consolidated,2025-03-31,2025-03-31 calendar quarter,2025-04-11,2025-04-12T12:00:00+00:00,2026-10-08T02:27:15.470743+00:00,src_a2b355c7f5b2001abf045ec5,d8e48f9b31c8803ea10e319fd8fe113a109f37c5d142fd4ca28661a5bc04cb22,https://www.wafdbank.com/documents/financial-news/2025/wafd-bank-press-release-20250411.pdf,PDF page 2,nim_gaap_pct,2.55,percent,see metric and source row,all,all,observed,,nim_gaap_pct@core-1,,aef4a56a6829d5420685a4d498058e83ccc08e12+tree.4e67479291c8900b,Net interest margin 2.55% 2.39% 2.62% 2.56% 2.73%,,post_LBC_2024-02-29,,
core_6af2df246cc315b923563978,WAFD,consolidated,2025-03-31,2025-03-31 calendar quarter,2025-04-11,2025-04-12T12:00:00+00:00,2026-10-08T02:27:15.470743+00:00,src_a2b355c7f5b2001abf045ec5,d8e48f9b31c8803ea10e319fd8fe113a109f37c5d142fd4ca28661a5bc04cb22,https://www.wafdbank.com/documents/financial-news/2025/wafd-bank-press-release-20250411.pdf,PDF page 6,pretax_income,72.01,USD_million,see metric and source row,all,all,observed,,pretax_income@core-1,,aef4a56a6829d5420685a4d498058e83ccc08e12+tree.4e67479291c8900b,"Income before income taxes 72,010 20,962 132,261 92,652",,post_LBC_2024-02-29,,
core_1651b2f8ccafaa3211cc78a1,WAFD,consolidated,2025-03-31,2025-03-31 calendar quarter,2025-04-11,2025-04-12T12:00:00+00:00,2026-10-08T02:27:15.470743+00:00,src_a2b355c7f5b2001abf045ec5,d8e48f9b31c8803ea10e319fd8fe113a109f37c5d142fd4ca28661a5bc04cb22,https://www.wafdbank.com/documents/financial-news/2025/wafd-bank-press-release-20250411.pdf,PDF page 6,provision,2.75,USD_million,see metric and source row,all,all,observed,,provision@core-1,,aef4a56a6829d5420685a4d498058e83ccc08e12+tree.4e67479291c8900b,"Provision (release) for credit losses 2,750 16,000 2,750 16,000",,post_LBC_2024-02-29,,
core_62d32c103d337a5e68ae691d,WAFD,consolidated,2025-03-31,2025-03-31 calendar quarter,2025-04-11,2025-04-12T12:00:00+00:00,2026-10-08T02:27:15.470743+00:00,src_a2b355c7f5b2001abf045ec5,d8e48f9b31c8803ea10e319fd8fe113a109f37c5d142fd4ca28661a5bc04cb22,https://www.wafdbank.com/documents/financial-news/2025/wafd-bank-press-release-20250411.pdf,PDF page 17,nonaccrual,59.886,USD_million,see metric and source row,all,all,observed,,nonaccrual@core-1,,aef4a56a6829d5420685a4d498058e83ccc08e12+tree.4e67479291c8900b,"Total non-accrual loans 69,541 100% 72,487 100% 59,886 100%",,post_LBC_2024-02-29,,
core_39aa94dca40724e838d0567a,WAFD,consolidated,2025-03-31,2025-03-31 calendar quarter,2025-04-11,2025-04-12T12:00:00+00:00,2026-10-08T02:27:15.470743+00:00,src_a2b355c7f5b2001abf045ec5,d8e48f9b31c8803ea10e319fd8fe113a109f37c5d142fd4ca28661a5bc04cb22,https://www.wafdbank.com/documents/financial-news/2025/wafd-bank-press-release-20250411.pdf,PDF page 17,nco,5.063,USD_million,see metric and source row,all,all,observed,,nco@core-1,,aef4a56a6829d5420685a4d498058e83ccc08e12+tree.4e67479291c8900b,"Total net charge-offs (recoveries) $ 70 —% $ 231 —% $ 5,063 0.09%",,post_LBC_2024-02-29,,
core_49d78f029913a8b59c38c162,WAFD,consolidated,2025-03-31,2025-03-31 calendar quarter,2025-04-11,2025-04-12T12:00:00+00:00,2026-10-08T02:27:15.470743+00:00,src_a2b355c7f5b2001abf045ec5,d8e48f9b31c8803ea10e319fd8fe113a109f37c5d142fd4ca28661a5bc04cb22,https://www.wafdbank.com/documents/financial-news/2025/wafd-bank-press-release-20250411.pdf,PDF page 19,nib_deposits,2400.172,USD_million,see metric and source row,all,all,observed,,nib_deposits@core-1,,aef4a56a6829d5420685a4d498058e83ccc08e12+tree.4e67479291c8900b,"Non-Interest Checking $ 2,500,467 11.7% $ 2,489,394 11.6% $ 2,400,172 11.2%",,post_LBC_2024-02-29,,
core_0a546b8c8393a30d2fa257e5,WAFD,consolidated,2025-03-31,2025-03-31 calendar quarter,2025-04-11,2025-04-12T12:00:00+00:00,2026-10-08T02:27:15.470743+00:00,src_a2b355c7f5b2001abf045ec5,d8e48f9b31c8803ea10e319fd8fe113a109f37c5d142fd4ca28661a5bc04cb22,https://www.wafdbank.com/documents/financial-news/2025/wafd-bank-press-release-20250411.pdf,PDF page 19,uninsured_uncollateralized_deposits,5490.142,USD_million,see metric and source row,all,all,observed,,uninsured_uncollateralized_deposits@core-1,,aef4a56a6829d5420685a4d498058e83ccc08e12+tree.4e67479291c8900b,"Non-collateralized - EOP $ 5,134,192 24.0% $ 5,317,511 24.8% $ 5,490,142 25.6%",Uninsured AND uncollateralized; not all uninsured deposits,post_LBC_2024-02-29,,
core_a7f9941a6dfbe51abcf3c8c9,WAFD,consolidated,2025-03-31,2025-03-31 calendar quarter,2025-04-11,2025-04-12T12:00:00+00:00,2026-10-08T02:27:15.470743+00:00,src_a2b355c7f5b2001abf045ec5,d8e48f9b31c8803ea10e319fd8fe113a109f37c5d142fd4ca28661a5bc04cb22,https://www.wafdbank.com/documents/financial-news/2025/wafd-bank-press-release-20250411.pdf,PDF page 2,afs,3142.763,USD_million,see metric and source row,all,all,observed,,afs@core-1,,aef4a56a6829d5420685a4d498058e83ccc08e12+tree.4e67479291c8900b,"Available-for-sale securities, at fair value 3,142,763 2,743,731 2,572,709 2,428,768 2,438,114",,post_LBC_2024-02-29,,
core_a6f8c12610a650f14757fb01,WAFD,consolidated,2025-03-31,2025-03-31 calendar quarter,2025-04-11,2025-04-12T12:00:00+00:00,2026-10-08T02:27:15.470743+00:00,src_a2b355c7f5b2001abf045ec5,d8e48f9b31c8803ea10e319fd8fe113a109f37c5d142fd4ca28661a5bc04cb22,https://www.wafdbank.com/documents/financial-news/2025/wafd-bank-press-release-20250411.pdf,PDF page 5,htm,526.5020000000001,USD_million,see metric and source row,all,all,observed,,htm@core-1,,aef4a56a6829d5420685a4d498058e83ccc08e12+tree.4e67479291c8900b,"Held-to-maturity securities, at amortized cost 526,502 436,972",,post_LBC_2024-02-29,,
core_62202c1f17ecaa5f7ba859c4,WAFD,consolidated,2025-03-31,2025-03-31 calendar quarter,2025-04-11,2025-04-12T12:00:00+00:00,2026-10-08T02:27:15.470743+00:00,src_a2b355c7f5b2001abf045ec5,d8e48f9b31c8803ea10e319fd8fe113a109f37c5d142fd4ca28661a5bc04cb22,https://www.wafdbank.com/documents/financial-news/2025/wafd-bank-press-release-20250411.pdf,PDF page 2,cash,1231.461,USD_million,see metric and source row,all,all,observed,,cash@core-1,,aef4a56a6829d5420685a4d498058e83ccc08e12+tree.4e67479291c8900b,"Cash $ 1,231,461 $ 1,507,735 $ 2,381,102 $ 2,492,504 $ 1,505,771",,post_LBC_2024-02-29,,
core_db227d0d6569393c9bb4b94a,WAFD,consolidated,2025-03-31,2025-03-31 calendar quarter,2025-04-11,2025-04-12T12:00:00+00:00,2026-10-08T02:27:15.470743+00:00,src_a2b355c7f5b2001abf045ec5,d8e48f9b31c8803ea10e319fd8fe113a109f37c5d142fd4ca28661a5bc04cb22,https://www.wafdbank.com/documents/financial-news/2025/wafd-bank-press-release-20250411.pdf,PDF page 22,past_due_amortized,57.947,USD_million,see metric and source row,all,all,observed,,past_due_amortized@core-1,,aef4a56a6829d5420685a4d498058e83ccc08e12+tree.4e67479291c8900b,"41,380 510 $ 21,122,710 105 41 127 273 0.66% $ 57,947 0.27%",Total dollars delinquent; excludes loans held for sale. Not just accruing past due.,post_LBC_2024-02-29,,
core_67d69f13ad057cd8299bb56c,WAFD,consolidated,2025-03-31,2025-03-31 calendar quarter,2025-04-11,2025-04-12T12:00:00+00:00,2026-10-08T02:27:15.470743+00:00,src_a2b355c7f5b2001abf045ec5,d8e48f9b31c8803ea10e319fd8fe113a109f37c5d142fd4ca28661a5bc04cb22,https://www.wafdbank.com/documents/financial-news/2025/wafd-bank-press-release-20250411.pdf,PDF page 22,past_due_to_amortized_loans_pct,0.27,percent,see metric and source row,all,all,observed,,past_due_to_amortized_loans_pct@core-1,,aef4a56a6829d5420685a4d498058e83ccc08e12+tree.4e67479291c8900b,"41,380 510 $ 21,122,710 105 41 127 273 0.66% $ 57,947 0.27%",Delinquency-summary amortized-cost denominator; kept distinct from release net-loan denominator.,post_LBC_2024-02-29,,
core_8917e7d60ab943463f6d81e5,WAFD,consolidated,2025-03-31,2025-03-31 calendar quarter,2025-04-11,2025-04-12T12:00:00+00:00,2026-10-08T02:27:15.470743+00:00,src_a2b355c7f5b2001abf045ec5,d8e48f9b31c8803ea10e319fd8fe113a109f37c5d142fd4ca28661a5bc04cb22,https://www.wafdbank.com/documents/financial-news/2025/wafd-bank-press-release-20250411.pdf,PDF page 6,ppnr_gaap,74.76,USD_million,see metric and source row,all,all,derived,,ppnr_gaap@core-1,,aef4a56a6829d5420685a4d498058e83ccc08e12+tree.4e67479291c8900b,Pretax income + provision for credit losses,Includes GAAP merger and other nonrecurring effects; not adjusted PPNR,post_LBC_2024-02-29,,
core_83a9ca0ddd39eca39d34f42d,WAFD,consolidated,2025-06-30,2025-06-30 calendar quarter,2025-07-17,2025-07-18T12:00:00+00:00,2026-10-08T02:27:17.893965+00:00,src_a49b962ed7eb95025e0c03da,6f59034c5906a01ab0a5f640a97de51ee3dd73439a92ce130847cd936589bc37,https://www.wafdbank.com/documents/financial-news/2025/wafd-bank-press-release-20250717.pdf,PDF page 2,criticized_to_net_loans_pct,4.07,percent,see metric and source row,all,all,observed,,criticized_to_net_loans_pct@core-1,,aef4a56a6829d5420685a4d498058e83ccc08e12+tree.4e67479291c8900b,Criticized loans to net loans 4.07% 3.32% 2.54% 2.41% 3.01%,,post_LBC_2024-02-29,,
core_25f24a2358abcda5f30117ba,WAFD,consolidated,2025-06-30,2025-06-30 calendar quarter,2025-07-17,2025-07-18T12:00:00+00:00,2026-10-08T02:27:17.893965+00:00,src_a49b962ed7eb95025e0c03da,6f59034c5906a01ab0a5f640a97de51ee3dd73439a92ce130847cd936589bc37,https://www.wafdbank.com/documents/financial-news/2025/wafd-bank-press-release-20250717.pdf,PDF page 2,substandard_to_net_loans_pct,3.52,percent,see metric and source row,all,all,observed,,substandard_to_net_loans_pct@core-1,,aef4a56a6829d5420685a4d498058e83ccc08e12+tree.4e67479291c8900b,Substandard loans to net loans 3.52% 2.51% 1.96% 2.04% 1.84%,,post_LBC_2024-02-29,,
core_bb24a718922086be955b14b8,WAFD,consolidated,2025-06-30,2025-06-30 calendar quarter,2025-07-17,2025-07-18T12:00:00+00:00,2026-10-08T02:27:17.893965+00:00,src_a49b962ed7eb95025e0c03da,6f59034c5906a01ab0a5f640a97de51ee3dd73439a92ce130847cd936589bc37,https://www.wafdbank.com/documents/financial-news/2025/wafd-bank-press-release-20250717.pdf,PDF page 2,past_due_to_net_loans_pct,0.26,percent,see metric and source row,all,all,observed,,past_due_to_net_loans_pct@core-1,,aef4a56a6829d5420685a4d498058e83ccc08e12+tree.4e67479291c8900b,Delinquencies to net loans 0.26% 0.27% 0.30% 0.25% 0.22%,,post_LBC_2024-02-29,,
core_189c3756d43d57cad6e31918,WAFD,consolidated,2025-06-30,2025-06-30 calendar quarter,2025-07-17,2025-07-18T12:00:00+00:00,2026-10-08T02:27:17.893965+00:00,src_a49b962ed7eb95025e0c03da,6f59034c5906a01ab0a5f640a97de51ee3dd73439a92ce130847cd936589bc37,https://www.wafdbank.com/documents/financial-news/2025/wafd-bank-press-release-20250717.pdf,PDF page 2,nonaccrual_to_net_loans_pct,0.41,percent,see metric and source row,all,all,observed,,nonaccrual_to_net_loans_pct@core-1,,aef4a56a6829d5420685a4d498058e83ccc08e12+tree.4e67479291c8900b,Non-accrual loans to net loans 0.41% 0.29% 0.34% 0.33% 0.29%,,post_LBC_2024-02-29,,
core_3d8bb8aedcf968907d16a0f1,WAFD,consolidated,2025-06-30,2025-06-30 calendar quarter,2025-07-17,2025-07-18T12:00:00+00:00,2026-10-08T02:27:17.893965+00:00,src_a49b962ed7eb95025e0c03da,6f59034c5906a01ab0a5f640a97de51ee3dd73439a92ce130847cd936589bc37,https://www.wafdbank.com/documents/financial-news/2025/wafd-bank-press-release-20250717.pdf,PDF page 2,acl_total,219.268,USD_million,see metric and source row,all,all,observed,,acl_total@core-1,,aef4a56a6829d5420685a4d498058e83ccc08e12+tree.4e67479291c8900b,"Allowance for credit losses (""ACL"") 219,268 222,709 225,022 225,253 225,324",,post_LBC_2024-02-29,,
core_38cac3e6c45a84e18c23df0f,WAFD,consolidated,2025-06-30,2025-06-30 calendar quarter,2025-07-17,2025-07-18T12:00:00+00:00,2026-10-08T02:27:17.893965+00:00,src_a49b962ed7eb95025e0c03da,6f59034c5906a01ab0a5f640a97de51ee3dd73439a92ce130847cd936589bc37,https://www.wafdbank.com/documents/financial-news/2025/wafd-bank-press-release-20250717.pdf,PDF page 2,borrowings_including_subordinated,1991.087,USD_million,see metric and source row,all,all,observed,,borrowings_including_subordinated@core-1,,aef4a56a6829d5420685a4d498058e83ccc08e12+tree.4e67479291c8900b,"Borrowings, senior debt and junior subordinated debentures 1,991,087 2,814,938 2,914,627 3,318,307 4,079,360",,post_LBC_2024-02-29,,
core_23ea46e1641a582b94917056,WAFD,consolidated,2025-06-30,2025-06-30 calendar quarter,2025-07-17,2025-07-18T12:00:00+00:00,2026-10-08T02:27:17.893965+00:00,src_a49b962ed7eb95025e0c03da,6f59034c5906a01ab0a5f640a97de51ee3dd73439a92ce130847cd936589bc37,https://www.wafdbank.com/documents/financial-news/2025/wafd-bank-press-release-20250717.pdf,PDF page 2,loans_net,20277.164,USD_million,see metric and source row,all,all,observed,,loans_net@core-1,,aef4a56a6829d5420685a4d498058e83ccc08e12+tree.4e67479291c8900b,"Loans receivable, net 20,277,164 20,920,001 21,060,501 20,916,354 20,873,919",,post_LBC_2024-02-29,,
core_4108cf4805a7270724662236,WAFD,consolidated,2025-06-30,2025-06-30 calendar quarter,2025-07-17,2025-07-18T12:00:00+00:00,2026-10-08T02:27:17.893965+00:00,src_a49b962ed7eb95025e0c03da,6f59034c5906a01ab0a5f640a97de51ee3dd73439a92ce130847cd936589bc37,https://www.wafdbank.com/documents/financial-news/2025/wafd-bank-press-release-20250717.pdf,PDF page 2,deposits,21386.571,USD_million,see metric and source row,all,all,observed,,deposits@core-1,,aef4a56a6829d5420685a4d498058e83ccc08e12+tree.4e67479291c8900b,"Total deposits 21,386,571 21,427,426 21,438,777 21,373,970 21,184,765",,post_LBC_2024-02-29,,
core_14a7efeb6e7365d7fb34f40b,WAFD,consolidated,2025-06-30,2025-06-30 calendar quarter,2025-07-17,2025-07-18T12:00:00+00:00,2026-10-08T02:27:17.893965+00:00,src_a49b962ed7eb95025e0c03da,6f59034c5906a01ab0a5f640a97de51ee3dd73439a92ce130847cd936589bc37,https://www.wafdbank.com/documents/financial-news/2025/wafd-bank-press-release-20250717.pdf,PDF page 2,nim_gaap_pct,2.69,percent,see metric and source row,all,all,observed,,nim_gaap_pct@core-1,,aef4a56a6829d5420685a4d498058e83ccc08e12+tree.4e67479291c8900b,Net interest margin 2.69% 2.55% 2.39% 2.62% 2.56%,,post_LBC_2024-02-29,,
core_4a09984b179f4757a22e9106,WAFD,consolidated,2025-06-30,2025-06-30 calendar quarter,2025-07-17,2025-07-18T12:00:00+00:00,2026-10-08T02:27:17.893965+00:00,src_a49b962ed7eb95025e0c03da,6f59034c5906a01ab0a5f640a97de51ee3dd73439a92ce130847cd936589bc37,https://www.wafdbank.com/documents/financial-news/2025/wafd-bank-press-release-20250717.pdf,PDF page 6,pretax_income,79.758,USD_million,see metric and source row,all,all,observed,,pretax_income@core-1,,aef4a56a6829d5420685a4d498058e83ccc08e12+tree.4e67479291c8900b,"Income before income taxes 79,758 82,738 212,019 175,390",,post_LBC_2024-02-29,,
core_451d2966e9938c20f0e39bd1,WAFD,consolidated,2025-06-30,2025-06-30 calendar quarter,2025-07-17,2025-07-18T12:00:00+00:00,2026-10-08T02:27:17.893965+00:00,src_a49b962ed7eb95025e0c03da,6f59034c5906a01ab0a5f640a97de51ee3dd73439a92ce130847cd936589bc37,https://www.wafdbank.com/documents/financial-news/2025/wafd-bank-press-release-20250717.pdf,PDF page 6,provision,2.0,USD_million,see metric and source row,all,all,observed,,provision@core-1,,aef4a56a6829d5420685a4d498058e83ccc08e12+tree.4e67479291c8900b,"Provision (release) for credit losses 2,000 1,500 4,750 17,500",,post_LBC_2024-02-29,,
core_b3c5c56716023b9784b0c83b,WAFD,consolidated,2025-06-30,2025-06-30 calendar quarter,2025-07-17,2025-07-18T12:00:00+00:00,2026-10-08T02:27:17.893965+00:00,src_a49b962ed7eb95025e0c03da,6f59034c5906a01ab0a5f640a97de51ee3dd73439a92ce130847cd936589bc37,https://www.wafdbank.com/documents/financial-news/2025/wafd-bank-press-release-20250717.pdf,PDF page 17,nonaccrual,82.696,USD_million,see metric and source row,all,all,observed,,nonaccrual@core-1,,aef4a56a6829d5420685a4d498058e83ccc08e12+tree.4e67479291c8900b,"Total non-accrual loans 72,487 100% 59,886 100% 82,696 100%",,post_LBC_2024-02-29,,
core_556a42e57f3588e8bf9bfa1b,WAFD,consolidated,2025-06-30,2025-06-30 calendar quarter,2025-07-17,2025-07-18T12:00:00+00:00,2026-10-08T02:27:17.893965+00:00,src_a49b962ed7eb95025e0c03da,6f59034c5906a01ab0a5f640a97de51ee3dd73439a92ce130847cd936589bc37,https://www.wafdbank.com/documents/financial-news/2025/wafd-bank-press-release-20250717.pdf,PDF page 17,nco,5.441,USD_million,see metric and source row,all,all,observed,,nco@core-1,,aef4a56a6829d5420685a4d498058e83ccc08e12+tree.4e67479291c8900b,"Total net charge-offs (recoveries) $ 231 —% $ 5,063 0.09% $ 5,441 0.10%",,post_LBC_2024-02-29,,
core_2e39fbde12d8c3c047238d25,WAFD,consolidated,2025-06-30,2025-06-30 calendar quarter,2025-07-17,2025-07-18T12:00:00+00:00,2026-10-08T02:27:17.893965+00:00,src_a49b962ed7eb95025e0c03da,6f59034c5906a01ab0a5f640a97de51ee3dd73439a92ce130847cd936589bc37,https://www.wafdbank.com/documents/financial-news/2025/wafd-bank-press-release-20250717.pdf,PDF page 19,nib_deposits,2487.8160000000003,USD_million,see metric and source row,all,all,observed,,nib_deposits@core-1,,aef4a56a6829d5420685a4d498058e83ccc08e12+tree.4e67479291c8900b,"Non-Interest Checking $ 2,489,394 11.6% $ 2,400,172 11.2% $ 2,487,816 11.6%",,post_LBC_2024-02-29,,
core_681247b5721ddf89acd9740d,WAFD,consolidated,2025-06-30,2025-06-30 calendar quarter,2025-07-17,2025-07-18T12:00:00+00:00,2026-10-08T02:27:17.893965+00:00,src_a49b962ed7eb95025e0c03da,6f59034c5906a01ab0a5f640a97de51ee3dd73439a92ce130847cd936589bc37,https://www.wafdbank.com/documents/financial-news/2025/wafd-bank-press-release-20250717.pdf,PDF page 19,uninsured_uncollateralized_deposits,5094.400000000001,USD_million,see metric and source row,all,all,observed,,uninsured_uncollateralized_deposits@core-1,,aef4a56a6829d5420685a4d498058e83ccc08e12+tree.4e67479291c8900b,"Non-collateralized - EOP $ 5,317,511 24.8% $ 5,490,142 25.6% $ 5,094,400 23.8%",Uninsured AND uncollateralized; not all uninsured deposits,post_LBC_2024-02-29,,
core_b46c1f842913134ed8bac57e,WAFD,consolidated,2025-06-30,2025-06-30 calendar quarter,2025-07-17,2025-07-18T12:00:00+00:00,2026-10-08T02:27:17.893965+00:00,src_a49b962ed7eb95025e0c03da,6f59034c5906a01ab0a5f640a97de51ee3dd73439a92ce130847cd936589bc37,https://www.wafdbank.com/documents/financial-news/2025/wafd-bank-press-release-20250717.pdf,PDF page 2,afs,3387.497,USD_million,see metric and source row,all,all,observed,,afs@core-1,,aef4a56a6829d5420685a4d498058e83ccc08e12+tree.4e67479291c8900b,"Available-for-sale securities, at fair value 3,387,497 3,142,763 2,743,731 2,572,709 2,428,768",,post_LBC_2024-02-29,,
core_dca0bafc69dec98ab64984b4,WAFD,consolidated,2025-06-30,2025-06-30 calendar quarter,2025-07-17,2025-07-18T12:00:00+00:00,2026-10-08T02:27:17.893965+00:00,src_a49b962ed7eb95025e0c03da,6f59034c5906a01ab0a5f640a97de51ee3dd73439a92ce130847cd936589bc37,https://www.wafdbank.com/documents/financial-news/2025/wafd-bank-press-release-20250717.pdf,PDF page 5,htm,512.854,USD_million,see metric and source row,all,all,observed,,htm@core-1,,aef4a56a6829d5420685a4d498058e83ccc08e12+tree.4e67479291c8900b,"Held-to-maturity securities, at amortized cost 512,854 436,972",,post_LBC_2024-02-29,,
core_a982a5a5a21bdde886ea6c95,WAFD,consolidated,2025-06-30,2025-06-30 calendar quarter,2025-07-17,2025-07-18T12:00:00+00:00,2026-10-08T02:27:17.893965+00:00,src_a49b962ed7eb95025e0c03da,6f59034c5906a01ab0a5f640a97de51ee3dd73439a92ce130847cd936589bc37,https://www.wafdbank.com/documents/financial-news/2025/wafd-bank-press-release-20250717.pdf,PDF page 2,cash,809.2520000000001,USD_million,see metric and source row,all,all,observed,,cash@core-1,,aef4a56a6829d5420685a4d498058e83ccc08e12+tree.4e67479291c8900b,"Cash $ 809,252 $ 1,231,461 $ 1,507,735 $ 2,381,102 $ 2,492,504",,post_LBC_2024-02-29,,
core_376b434ab2f98f2834c6cd4c,WAFD,consolidated,2025-06-30,2025-06-30 calendar quarter,2025-07-17,2025-07-18T12:00:00+00:00,2026-10-08T02:27:17.893965+00:00,src_a49b962ed7eb95025e0c03da,6f59034c5906a01ab0a5f640a97de51ee3dd73439a92ce130847cd936589bc37,https://www.wafdbank.com/documents/financial-news/2025/wafd-bank-press-release-20250717.pdf,PDF page 22,past_due_amortized,53.788,USD_million,see metric and source row,all,all,observed,,past_due_amortized@core-1,,aef4a56a6829d5420685a4d498058e83ccc08e12+tree.4e67479291c8900b,"41,836 489 $ 20,475,933 101 43 132 276 0.66% $ 53,788 0.26%",Total dollars delinquent; excludes loans held for sale. Not just accruing past due.,post_LBC_2024-02-29,,
core_7bdcd48e9ae389003faaef71,WAFD,consolidated,2025-06-30,2025-06-30 calendar quarter,2025-07-17,2025-07-18T12:00:00+00:00,2026-10-08T02:27:17.893965+00:00,src_a49b962ed7eb95025e0c03da,6f59034c5906a01ab0a5f640a97de51ee3dd73439a92ce130847cd936589bc37,https://www.wafdbank.com/documents/financial-news/2025/wafd-bank-press-release-20250717.pdf,PDF page 22,past_due_to_amortized_loans_pct,0.26,percent,see metric and source row,all,all,observed,,past_due_to_amortized_loans_pct@core-1,,aef4a56a6829d5420685a4d498058e83ccc08e12+tree.4e67479291c8900b,"41,836 489 $ 20,475,933 101 43 132 276 0.66% $ 53,788 0.26%",Delinquency-summary amortized-cost denominator; kept distinct from release net-loan denominator.,post_LBC_2024-02-29,,
core_b9b42bd699d616b284f68d51,WAFD,consolidated,2025-06-30,2025-06-30 calendar quarter,2025-07-17,2025-07-18T12:00:00+00:00,2026-10-08T02:27:17.893965+00:00,src_a49b962ed7eb95025e0c03da,6f59034c5906a01ab0a5f640a97de51ee3dd73439a92ce130847cd936589bc37,https://www.wafdbank.com/documents/financial-news/2025/wafd-bank-press-release-20250717.pdf,PDF page 6,ppnr_gaap,81.758,USD_million,see metric and source row,all,all,derived,,ppnr_gaap@core-1,,aef4a56a6829d5420685a4d498058e83ccc08e12+tree.4e67479291c8900b,Pretax income + provision for credit losses,Includes GAAP merger and other nonrecurring effects; not adjusted PPNR,post_LBC_2024-02-29,,
core_c3e6fe2ef17391e964db61c9,WAFD,consolidated,2025-09-30,2025-09-30 calendar quarter,2025-10-16,2025-10-17T12:00:00+00:00,2026-10-08T02:27:20.650548+00:00,src_89626e95906bf2d5ba60d890,232200cf3fdbdaa997256c1f37e64d9efe6545a107c9bf1559014539c7e29e76,https://www.wafdbank.com/documents/financial-news/2025/wafd-bank-press-release-20251016.pdf,PDF page 2,criticized_to_net_loans_pct,4.39,percent,see metric and source row,all,all,observed,,criticized_to_net_loans_pct@core-1,,aef4a56a6829d5420685a4d498058e83ccc08e12+tree.4e67479291c8900b,Total criticized loans to net loans 4.39% 4.07% 3.32% 2.54% 2.41%,,post_LBC_2024-02-29,,
core_45b65a19cfff59aeb0e642fa,WAFD,consolidated,2025-09-30,2025-09-30 calendar quarter,2025-10-16,2025-10-17T12:00:00+00:00,2026-10-08T02:27:20.650548+00:00,src_89626e95906bf2d5ba60d890,232200cf3fdbdaa997256c1f37e64d9efe6545a107c9bf1559014539c7e29e76,https://www.wafdbank.com/documents/financial-news/2025/wafd-bank-press-release-20251016.pdf,PDF page 2,classified_to_net_loans_pct,3.16,percent,see metric and source row,all,all,observed,,classified_to_net_loans_pct@core-1,,aef4a56a6829d5420685a4d498058e83ccc08e12+tree.4e67479291c8900b,Total adversely classified loans to net loans 3.16% 3.54% 2.53% 1.97% 2.04%,,post_LBC_2024-02-29,,
core_ae16805c8c401a444a7a851e,WAFD,consolidated,2025-09-30,2025-09-30 calendar quarter,2025-10-16,2025-10-17T12:00:00+00:00,2026-10-08T02:27:20.650548+00:00,src_89626e95906bf2d5ba60d890,232200cf3fdbdaa997256c1f37e64d9efe6545a107c9bf1559014539c7e29e76,https://www.wafdbank.com/documents/financial-news/2025/wafd-bank-press-release-20251016.pdf,PDF page 2,past_due_to_net_loans_pct,0.6,percent,see metric and source row,all,all,observed,,past_due_to_net_loans_pct@core-1,,aef4a56a6829d5420685a4d498058e83ccc08e12+tree.4e67479291c8900b,Delinquencies to net loans 0.60% 0.26% 0.27% 0.30% 0.25%,,post_LBC_2024-02-29,,
core_a16b233855965491bb07fe28,WAFD,consolidated,2025-09-30,2025-09-30 calendar quarter,2025-10-16,2025-10-17T12:00:00+00:00,2026-10-08T02:27:20.650548+00:00,src_89626e95906bf2d5ba60d890,232200cf3fdbdaa997256c1f37e64d9efe6545a107c9bf1559014539c7e29e76,https://www.wafdbank.com/documents/financial-news/2025/wafd-bank-press-release-20251016.pdf,PDF page 2,nonaccrual_to_net_loans_pct,0.64,percent,see metric and source row,all,all,observed,,nonaccrual_to_net_loans_pct@core-1,,aef4a56a6829d5420685a4d498058e83ccc08e12+tree.4e67479291c8900b,Non-accrual loans to net loans 0.64% 0.41% 0.29% 0.34% 0.33%,,post_LBC_2024-02-29,,
core_86667d7761d60f2196fad73a,WAFD,consolidated,2025-09-30,2025-09-30 calendar quarter,2025-10-16,2025-10-17T12:00:00+00:00,2026-10-08T02:27:20.650548+00:00,src_89626e95906bf2d5ba60d890,232200cf3fdbdaa997256c1f37e64d9efe6545a107c9bf1559014539c7e29e76,https://www.wafdbank.com/documents/financial-news/2025/wafd-bank-press-release-20251016.pdf,PDF page 2,acl_total,221.22,USD_million,see metric and source row,all,all,observed,,acl_total@core-1,,aef4a56a6829d5420685a4d498058e83ccc08e12+tree.4e67479291c8900b,"Allowance for credit losses (""ACL"") 221,220 219,268 222,709 225,022 225,253",,post_LBC_2024-02-29,,
core_3cdc885945428c7d2977760d,WAFD,consolidated,2025-09-30,2025-09-30 calendar quarter,2025-10-16,2025-10-17T12:00:00+00:00,2026-10-08T02:27:20.650548+00:00,src_89626e95906bf2d5ba60d890,232200cf3fdbdaa997256c1f37e64d9efe6545a107c9bf1559014539c7e29e76,https://www.wafdbank.com/documents/financial-news/2025/wafd-bank-press-release-20251016.pdf,PDF page 2,borrowings_including_subordinated,1817.249,USD_million,see metric and source row,all,all,observed,,borrowings_including_subordinated@core-1,,aef4a56a6829d5420685a4d498058e83ccc08e12+tree.4e67479291c8900b,"Borrowings, senior debt and junior subordinated debentures 1,817,249 1,991,087 2,814,938 2,914,627 3,318,307",,post_LBC_2024-02-29,,
core_aabee556106806ddbe0c3863,WAFD,consolidated,2025-09-30,2025-09-30 calendar quarter,2025-10-16,2025-10-17T12:00:00+00:00,2026-10-08T02:27:20.650548+00:00,src_89626e95906bf2d5ba60d890,232200cf3fdbdaa997256c1f37e64d9efe6545a107c9bf1559014539c7e29e76,https://www.wafdbank.com/documents/financial-news/2025/wafd-bank-press-release-20251016.pdf,PDF page 2,loans_net,20088.618000000002,USD_million,see metric and source row,all,all,observed,,loans_net@core-1,,aef4a56a6829d5420685a4d498058e83ccc08e12+tree.4e67479291c8900b,"Loans receivable, net 20,088,618 20,277,164 20,920,001 21,060,501 20,916,354",,post_LBC_2024-02-29,,
core_a58b5e743d3851c11ef28078,WAFD,consolidated,2025-09-30,2025-09-30 calendar quarter,2025-10-16,2025-10-17T12:00:00+00:00,2026-10-08T02:27:20.650548+00:00,src_89626e95906bf2d5ba60d890,232200cf3fdbdaa997256c1f37e64d9efe6545a107c9bf1559014539c7e29e76,https://www.wafdbank.com/documents/financial-news/2025/wafd-bank-press-release-20251016.pdf,PDF page 2,deposits,21437.636000000002,USD_million,see metric and source row,all,all,observed,,deposits@core-1,,aef4a56a6829d5420685a4d498058e83ccc08e12+tree.4e67479291c8900b,"Total deposits 21,437,636 21,386,571 21,427,426 21,438,777 21,373,970",,post_LBC_2024-02-29,,
core_7cf8b3fbb5d20d2465642a97,WAFD,consolidated,2025-09-30,2025-09-30 calendar quarter,2025-10-16,2025-10-17T12:00:00+00:00,2026-10-08T02:27:20.650548+00:00,src_89626e95906bf2d5ba60d890,232200cf3fdbdaa997256c1f37e64d9efe6545a107c9bf1559014539c7e29e76,https://www.wafdbank.com/documents/financial-news/2025/wafd-bank-press-release-20251016.pdf,PDF page 2,nim_gaap_pct,2.71,percent,see metric and source row,all,all,observed,,nim_gaap_pct@core-1,,aef4a56a6829d5420685a4d498058e83ccc08e12+tree.4e67479291c8900b,Net interest margin 2.71% 2.69% 2.55% 2.39% 2.62%,,post_LBC_2024-02-29,,
core_876348aa00826962e1d444b0,WAFD,consolidated,2025-09-30,2025-09-30 calendar quarter,2025-10-16,2025-10-17T12:00:00+00:00,2026-10-08T02:27:20.650548+00:00,src_89626e95906bf2d5ba60d890,232200cf3fdbdaa997256c1f37e64d9efe6545a107c9bf1559014539c7e29e76,https://www.wafdbank.com/documents/financial-news/2025/wafd-bank-press-release-20251016.pdf,PDF page 6,pretax_income,77.623,USD_million,see metric and source row,all,all,observed,,pretax_income@core-1,,aef4a56a6829d5420685a4d498058e83ccc08e12+tree.4e67479291c8900b,"Income before income taxes 77,623 80,666 289,642 256,056",,post_LBC_2024-02-29,,
core_0362cf0571d2def7953d1280,WAFD,consolidated,2025-09-30,2025-09-30 calendar quarter,2025-10-16,2025-10-17T12:00:00+00:00,2026-10-08T02:27:20.650548+00:00,src_89626e95906bf2d5ba60d890,232200cf3fdbdaa997256c1f37e64d9efe6545a107c9bf1559014539c7e29e76,https://www.wafdbank.com/documents/financial-news/2025/wafd-bank-press-release-20251016.pdf,PDF page 6,provision,3.0,USD_million,see metric and source row,all,all,observed,,provision@core-1,,aef4a56a6829d5420685a4d498058e83ccc08e12+tree.4e67479291c8900b,"Provision (release) for credit losses 3,000 — 7,750 17,500",,post_LBC_2024-02-29,,
core_c4e037393472852381fe7099,WAFD,consolidated,2025-09-30,2025-09-30 calendar quarter,2025-10-16,2025-10-17T12:00:00+00:00,2026-10-08T02:27:20.650548+00:00,src_89626e95906bf2d5ba60d890,232200cf3fdbdaa997256c1f37e64d9efe6545a107c9bf1559014539c7e29e76,https://www.wafdbank.com/documents/financial-news/2025/wafd-bank-press-release-20251016.pdf,PDF page 17,nonaccrual,128.62800000000001,USD_million,see metric and source row,all,all,observed,,nonaccrual@core-1,,aef4a56a6829d5420685a4d498058e83ccc08e12+tree.4e67479291c8900b,"Total non-accrual loans 59,886 100% 82,696 100% 128,628 100.0%",,post_LBC_2024-02-29,,
core_ab37ac07daaf5efb32692785,WAFD,consolidated,2025-09-30,2025-09-30 calendar quarter,2025-10-16,2025-10-17T12:00:00+00:00,2026-10-08T02:27:20.650548+00:00,src_89626e95906bf2d5ba60d890,232200cf3fdbdaa997256c1f37e64d9efe6545a107c9bf1559014539c7e29e76,https://www.wafdbank.com/documents/financial-news/2025/wafd-bank-press-release-20251016.pdf,PDF page 17,nco,1.048,USD_million,see metric and source row,all,all,observed,,nco@core-1,,aef4a56a6829d5420685a4d498058e83ccc08e12+tree.4e67479291c8900b,"Total net charge-offs (recoveries) $ 5,063 0.09% $ 5,441 0.10% $ 1,048 0.02%",,post_LBC_2024-02-29,,
core_44dc991e511d7b9c7373e64e,WAFD,consolidated,2025-09-30,2025-09-30 calendar quarter,2025-10-16,2025-10-17T12:00:00+00:00,2026-10-08T02:27:20.650548+00:00,src_89626e95906bf2d5ba60d890,232200cf3fdbdaa997256c1f37e64d9efe6545a107c9bf1559014539c7e29e76,https://www.wafdbank.com/documents/financial-news/2025/wafd-bank-press-release-20251016.pdf,PDF page 19,nib_deposits,2567.539,USD_million,see metric and source row,all,all,observed,,nib_deposits@core-1,,aef4a56a6829d5420685a4d498058e83ccc08e12+tree.4e67479291c8900b,"Non-Interest Checking $ 2,400,172 11.2% $ 2,487,816 11.6% $ 2,567,539 12.0%",,post_LBC_2024-02-29,,
core_0e605c49c9f71328d9cddbfe,WAFD,consolidated,2025-09-30,2025-09-30 calendar quarter,2025-10-16,2025-10-17T12:00:00+00:00,2026-10-08T02:27:20.650548+00:00,src_89626e95906bf2d5ba60d890,232200cf3fdbdaa997256c1f37e64d9efe6545a107c9bf1559014539c7e29e76,https://www.wafdbank.com/documents/financial-news/2025/wafd-bank-press-release-20251016.pdf,PDF page 19,uninsured_uncollateralized_deposits,5302.026,USD_million,see metric and source row,all,all,observed,,uninsured_uncollateralized_deposits@core-1,,aef4a56a6829d5420685a4d498058e83ccc08e12+tree.4e67479291c8900b,"Non-collateralized - EOP $ 5,490,142 25.6% $ 5,094,400 23.8% $ 5,302,026 24.7%",Uninsured AND uncollateralized; not all uninsured deposits,post_LBC_2024-02-29,,
core_c509b74fb4ac55210a4f9295,WAFD,consolidated,2025-09-30,2025-09-30 calendar quarter,2025-10-16,2025-10-17T12:00:00+00:00,2026-10-08T02:27:20.650548+00:00,src_89626e95906bf2d5ba60d890,232200cf3fdbdaa997256c1f37e64d9efe6545a107c9bf1559014539c7e29e76,https://www.wafdbank.com/documents/financial-news/2025/wafd-bank-press-release-20251016.pdf,PDF page 2,afs,3533.201,USD_million,see metric and source row,all,all,observed,,afs@core-1,,aef4a56a6829d5420685a4d498058e83ccc08e12+tree.4e67479291c8900b,"Available-for-sale securities, at fair value 3,533,201 3,387,497 3,142,763 2,743,731 2,572,709",,post_LBC_2024-02-29,,
core_c6fbffba741cd76cb1aa0e29,WAFD,consolidated,2025-09-30,2025-09-30 calendar quarter,2025-10-16,2025-10-17T12:00:00+00:00,2026-10-08T02:27:20.650548+00:00,src_89626e95906bf2d5ba60d890,232200cf3fdbdaa997256c1f37e64d9efe6545a107c9bf1559014539c7e29e76,https://www.wafdbank.com/documents/financial-news/2025/wafd-bank-press-release-20251016.pdf,PDF page 5,htm,645.802,USD_million,see metric and source row,all,all,observed,,htm@core-1,,aef4a56a6829d5420685a4d498058e83ccc08e12+tree.4e67479291c8900b,"Held-to-maturity securities, at amortized cost 645,802 436,972",,post_LBC_2024-02-29,,
core_a4fe8d3cb88bd6ed1a2d149c,WAFD,consolidated,2025-09-30,2025-09-30 calendar quarter,2025-10-16,2025-10-17T12:00:00+00:00,2026-10-08T02:27:20.650548+00:00,src_89626e95906bf2d5ba60d890,232200cf3fdbdaa997256c1f37e64d9efe6545a107c9bf1559014539c7e29e76,https://www.wafdbank.com/documents/financial-news/2025/wafd-bank-press-release-20251016.pdf,PDF page 2,cash,657.3100000000001,USD_million,see metric and source row,all,all,observed,,cash@core-1,,aef4a56a6829d5420685a4d498058e83ccc08e12+tree.4e67479291c8900b,"Cash $ 657,310 $ 809,252 $ 1,231,461 $ 1,507,735 $ 2,381,102",,post_LBC_2024-02-29,,
core_7cd8ee6eb204f766c1c8962c,WAFD,consolidated,2025-09-30,2025-09-30 calendar quarter,2025-10-16,2025-10-17T12:00:00+00:00,2026-10-08T02:27:20.650548+00:00,src_89626e95906bf2d5ba60d890,232200cf3fdbdaa997256c1f37e64d9efe6545a107c9bf1559014539c7e29e76,https://www.wafdbank.com/documents/financial-news/2025/wafd-bank-press-release-20251016.pdf,PDF page 23,past_due_amortized,122.585,USD_million,see metric and source row,all,all,observed,,past_due_amortized@core-1,,aef4a56a6829d5420685a4d498058e83ccc08e12+tree.4e67479291c8900b,"41,648 487 $ 20,288,338 101 56 164 321 0.77% $ 122,585 0.60%",Total dollars delinquent; excludes loans held for sale. Not just accruing past due.,post_LBC_2024-02-29,,
core_25c9453932a82a265f40493b,WAFD,consolidated,2025-09-30,2025-09-30 calendar quarter,2025-10-16,2025-10-17T12:00:00+00:00,2026-10-08T02:27:20.650548+00:00,src_89626e95906bf2d5ba60d890,232200cf3fdbdaa997256c1f37e64d9efe6545a107c9bf1559014539c7e29e76,https://www.wafdbank.com/documents/financial-news/2025/wafd-bank-press-release-20251016.pdf,PDF page 23,past_due_to_amortized_loans_pct,0.6,percent,see metric and source row,all,all,observed,,past_due_to_amortized_loans_pct@core-1,,aef4a56a6829d5420685a4d498058e83ccc08e12+tree.4e67479291c8900b,"41,648 487 $ 20,288,338 101 56 164 321 0.77% $ 122,585 0.60%",Delinquency-summary amortized-cost denominator; kept distinct from release net-loan denominator.,post_LBC_2024-02-29,,
core_6a8f80c1571313b1ced266e8,WAFD,consolidated,2025-09-30,2025-09-30 calendar quarter,2025-10-16,2025-10-17T12:00:00+00:00,2026-10-08T02:27:20.650548+00:00,src_89626e95906bf2d5ba60d890,232200cf3fdbdaa997256c1f37e64d9efe6545a107c9bf1559014539c7e29e76,https://www.wafdbank.com/documents/financial-news/2025/wafd-bank-press-release-20251016.pdf,PDF page 6,ppnr_gaap,80.623,USD_million,see metric and source row,all,all,derived,,ppnr_gaap@core-1,,aef4a56a6829d5420685a4d498058e83ccc08e12+tree.4e67479291c8900b,Pretax income + provision for credit losses,Includes GAAP merger and other nonrecurring effects; not adjusted PPNR,post_LBC_2024-02-29,,
core_ab287a6f13a5c1c2e9b0a45d,WAFD,consolidated,2025-12-31,2025-12-31 calendar quarter,2026-01-15,2026-01-16T12:00:00+00:00,2026-10-07T15:17:06.540626+00:00,src_5cb43d4802f57041c0f7ff4a,87ec3be1b89559cf523119b6e7059bc4a467c5d0cc50eec38cc25f86e12550c9,https://www.wafdbank.com/documents/financial-news/2026/wafd-bank-press-release-20260115.pdf,PDF page 2,criticized_to_net_loans_pct,4.6,percent,see metric and source row,all,all,observed,,criticized_to_net_loans_pct@core-1,,aef4a56a6829d5420685a4d498058e83ccc08e12+tree.4e67479291c8900b,Total criticized loans to net loans 4.60% 4.39% 4.07% 3.32% 2.54%,,post_LBC_2024-02-29,,
core_b2e96f7885a10750d0a5c842,WAFD,consolidated,2025-12-31,2025-12-31 calendar quarter,2026-01-15,2026-01-16T12:00:00+00:00,2026-10-07T15:17:06.540626+00:00,src_5cb43d4802f57041c0f7ff4a,87ec3be1b89559cf523119b6e7059bc4a467c5d0cc50eec38cc25f86e12550c9,https://www.wafdbank.com/documents/financial-news/2026/wafd-bank-press-release-20260115.pdf,PDF page 2,classified_to_net_loans_pct,2.94,percent,see metric and source row,all,all,observed,,classified_to_net_loans_pct@core-1,,aef4a56a6829d5420685a4d498058e83ccc08e12+tree.4e67479291c8900b,Total adversely classified loans to net loans 2.94% 3.16% 3.54% 2.53% 1.97%,,post_LBC_2024-02-29,,
core_5d873e46c7b3be9a3b15a816,WAFD,consolidated,2025-12-31,2025-12-31 calendar quarter,2026-01-15,2026-01-16T12:00:00+00:00,2026-10-07T15:17:06.540626+00:00,src_5cb43d4802f57041c0f7ff4a,87ec3be1b89559cf523119b6e7059bc4a467c5d0cc50eec38cc25f86e12550c9,https://www.wafdbank.com/documents/financial-news/2026/wafd-bank-press-release-20260115.pdf,PDF page 2,past_due_to_net_loans_pct,1.07,percent,see metric and source row,all,all,observed,,past_due_to_net_loans_pct@core-1,,aef4a56a6829d5420685a4d498058e83ccc08e12+tree.4e67479291c8900b,Delinquencies to net loans 1.07% 0.60% 0.26% 0.27% 0.30%,,post_LBC_2024-02-29,,
core_3d5cd36452d9bbb01fda4183,WAFD,consolidated,2025-12-31,2025-12-31 calendar quarter,2026-01-15,2026-01-16T12:00:00+00:00,2026-10-07T15:17:06.540626+00:00,src_5cb43d4802f57041c0f7ff4a,87ec3be1b89559cf523119b6e7059bc4a467c5d0cc50eec38cc25f86e12550c9,https://www.wafdbank.com/documents/financial-news/2026/wafd-bank-press-release-20260115.pdf,PDF page 2,nonaccrual_to_net_loans_pct,0.96,percent,see metric and source row,all,all,observed,,nonaccrual_to_net_loans_pct@core-1,,aef4a56a6829d5420685a4d498058e83ccc08e12+tree.4e67479291c8900b,Non-accrual loans to net loans 0.96% 0.64% 0.41% 0.29% 0.34%,,post_LBC_2024-02-29,,
core_1d06fa8f98263ba6fc4c81c6,WAFD,consolidated,2025-12-31,2025-12-31 calendar quarter,2026-01-15,2026-01-16T12:00:00+00:00,2026-10-07T15:17:06.540626+00:00,src_5cb43d4802f57041c0f7ff4a,87ec3be1b89559cf523119b6e7059bc4a467c5d0cc50eec38cc25f86e12550c9,https://www.wafdbank.com/documents/financial-news/2026/wafd-bank-press-release-20260115.pdf,PDF page 2,acl_total,221.03900000000002,USD_million,see metric and source row,all,all,observed,,acl_total@core-1,,aef4a56a6829d5420685a4d498058e83ccc08e12+tree.4e67479291c8900b,"Allowance for credit losses (""ACL"") 221,039 221,220 219,268 222,709 225,022",,post_LBC_2024-02-29,,
core_be013814c5db196030d5399b,WAFD,consolidated,2025-12-31,2025-12-31 calendar quarter,2026-01-15,2026-01-16T12:00:00+00:00,2026-10-07T15:17:06.540626+00:00,src_5cb43d4802f57041c0f7ff4a,87ec3be1b89559cf523119b6e7059bc4a467c5d0cc50eec38cc25f86e12550c9,https://www.wafdbank.com/documents/financial-news/2026/wafd-bank-press-release-20260115.pdf,PDF page 2,borrowings_including_subordinated,2488.411,USD_million,see metric and source row,all,all,observed,,borrowings_including_subordinated@core-1,,aef4a56a6829d5420685a4d498058e83ccc08e12+tree.4e67479291c8900b,"Borrowings and junior subordinated debentures 2,488,411 1,817,249 1,991,087 2,814,938 2,914,627",,post_LBC_2024-02-29,,
core_6f5cb075d2c215ebb77325cf,WAFD,consolidated,2025-12-31,2025-12-31 calendar quarter,2026-01-15,2026-01-16T12:00:00+00:00,2026-10-07T15:17:06.540626+00:00,src_5cb43d4802f57041c0f7ff4a,87ec3be1b89559cf523119b6e7059bc4a467c5d0cc50eec38cc25f86e12550c9,https://www.wafdbank.com/documents/financial-news/2026/wafd-bank-press-release-20260115.pdf,PDF page 2,loans_net,19848.156,USD_million,see metric and source row,all,all,observed,,loans_net@core-1,,aef4a56a6829d5420685a4d498058e83ccc08e12+tree.4e67479291c8900b,"Loans receivable, net 19,848,156 20,088,618 20,277,164 20,920,001 21,060,501",,post_LBC_2024-02-29,,
core_81ba29166d4dc74c98145db5,WAFD,consolidated,2025-12-31,2025-12-31 calendar quarter,2026-01-15,2026-01-16T12:00:00+00:00,2026-10-07T15:17:06.540626+00:00,src_5cb43d4802f57041c0f7ff4a,87ec3be1b89559cf523119b6e7059bc4a467c5d0cc50eec38cc25f86e12550c9,https://www.wafdbank.com/documents/financial-news/2026/wafd-bank-press-release-20260115.pdf,PDF page 2,deposits,21416.97,USD_million,see metric and source row,all,all,observed,,deposits@core-1,,aef4a56a6829d5420685a4d498058e83ccc08e12+tree.4e67479291c8900b,"Total deposits 21,416,970 21,437,636 21,386,571 21,427,426 21,438,777",,post_LBC_2024-02-29,,
core_b2e1fab09d3f20a9c006f828,WAFD,consolidated,2025-12-31,2025-12-31 calendar quarter,2026-01-15,2026-01-16T12:00:00+00:00,2026-10-07T15:17:06.540626+00:00,src_5cb43d4802f57041c0f7ff4a,87ec3be1b89559cf523119b6e7059bc4a467c5d0cc50eec38cc25f86e12550c9,https://www.wafdbank.com/documents/financial-news/2026/wafd-bank-press-release-20260115.pdf,PDF page 2,nim_gaap_pct,2.7,percent,see metric and source row,all,all,observed,,nim_gaap_pct@core-1,,aef4a56a6829d5420685a4d498058e83ccc08e12+tree.4e67479291c8900b,Net interest margin 2.70% 2.71% 2.69% 2.55% 2.39%,,post_LBC_2024-02-29,,
core_7b0c122e37fe7bdff0a8b1ed,WAFD,consolidated,2025-12-31,2025-12-31 calendar quarter,2026-01-15,2026-01-16T12:00:00+00:00,2026-10-07T15:17:06.540626+00:00,src_5cb43d4802f57041c0f7ff4a,87ec3be1b89559cf523119b6e7059bc4a467c5d0cc50eec38cc25f86e12550c9,https://www.wafdbank.com/documents/financial-news/2026/wafd-bank-press-release-20260115.pdf,PDF page 6,pretax_income,82.301,USD_million,see metric and source row,all,all,observed,,pretax_income@core-1,,aef4a56a6829d5420685a4d498058e83ccc08e12+tree.4e67479291c8900b,"Income before income taxes 82,301 60,251",,post_LBC_2024-02-29,,
core_0a4f18902dc8025eb9e90430,WAFD,consolidated,2025-12-31,2025-12-31 calendar quarter,2026-01-15,2026-01-16T12:00:00+00:00,2026-10-07T15:17:06.540626+00:00,src_5cb43d4802f57041c0f7ff4a,87ec3be1b89559cf523119b6e7059bc4a467c5d0cc50eec38cc25f86e12550c9,https://www.wafdbank.com/documents/financial-news/2026/wafd-bank-press-release-20260115.pdf,PDF page 6,provision,3.5,USD_million,see metric and source row,all,all,observed,,provision@core-1,,aef4a56a6829d5420685a4d498058e83ccc08e12+tree.4e67479291c8900b,"Provision (release) for credit losses 3,500 —",,post_LBC_2024-02-29,,
core_b8aa8422beea64295acb1b45,WAFD,consolidated,2025-12-31,2025-12-31 calendar quarter,2026-01-15,2026-01-16T12:00:00+00:00,2026-10-07T15:17:06.540626+00:00,src_5cb43d4802f57041c0f7ff4a,87ec3be1b89559cf523119b6e7059bc4a467c5d0cc50eec38cc25f86e12550c9,https://www.wafdbank.com/documents/financial-news/2026/wafd-bank-press-release-20260115.pdf,PDF page 17,nonaccrual,191.348,USD_million,see metric and source row,all,all,observed,,nonaccrual@core-1,,aef4a56a6829d5420685a4d498058e83ccc08e12+tree.4e67479291c8900b,"Total non-accrual loans 82,696 100% 128,628 100% 191,348 100%",,post_LBC_2024-02-29,,
core_d948f1bb3203ace4f20806ea,WAFD,consolidated,2025-12-31,2025-12-31 calendar quarter,2026-01-15,2026-01-16T12:00:00+00:00,2026-10-07T15:17:06.540626+00:00,src_5cb43d4802f57041c0f7ff4a,87ec3be1b89559cf523119b6e7059bc4a467c5d0cc50eec38cc25f86e12550c9,https://www.wafdbank.com/documents/financial-news/2026/wafd-bank-press-release-20260115.pdf,PDF page 17,nco,3.681,USD_million,see metric and source row,all,all,observed,,nco@core-1,,aef4a56a6829d5420685a4d498058e83ccc08e12+tree.4e67479291c8900b,"Total net charge-offs (recoveries) $ 5,441 0.10% $ 1,048 0.02% $ 3,681 0.07%",,post_LBC_2024-02-29,,
core_5041aad66c355746674c0e5c,WAFD,consolidated,2025-12-31,2025-12-31 calendar quarter,2026-01-15,2026-01-16T12:00:00+00:00,2026-10-07T15:17:06.540626+00:00,src_5cb43d4802f57041c0f7ff4a,87ec3be1b89559cf523119b6e7059bc4a467c5d0cc50eec38cc25f86e12550c9,https://www.wafdbank.com/documents/financial-news/2026/wafd-bank-press-release-20260115.pdf,PDF page 19,nib_deposits,2692.68,USD_million,see metric and source row,all,all,observed,,nib_deposits@core-1,,aef4a56a6829d5420685a4d498058e83ccc08e12+tree.4e67479291c8900b,"Non-Interest Checking $ 2,487,816 11.6% $ 2,567,539 12.0% $ 2,692,680 12.6%",,post_LBC_2024-02-29,,
core_c7cd017a9e5b3ac3f8221ab8,WAFD,consolidated,2025-12-31,2025-12-31 calendar quarter,2026-01-15,2026-01-16T12:00:00+00:00,2026-10-07T15:17:06.540626+00:00,src_5cb43d4802f57041c0f7ff4a,87ec3be1b89559cf523119b6e7059bc4a467c5d0cc50eec38cc25f86e12550c9,https://www.wafdbank.com/documents/financial-news/2026/wafd-bank-press-release-20260115.pdf,PDF page 19,uninsured_uncollateralized_deposits,5607.476000000001,USD_million,see metric and source row,all,all,observed,,uninsured_uncollateralized_deposits@core-1,,aef4a56a6829d5420685a4d498058e83ccc08e12+tree.4e67479291c8900b,"Non-collateralized - EOP $ 5,094,400 23.8% $ 5,302,026 24.7% $ 5,607,476 26.2%",Uninsured AND uncollateralized; not all uninsured deposits,post_LBC_2024-02-29,,
core_052892e249e950b3c429a814,WAFD,consolidated,2025-12-31,2025-12-31 calendar quarter,2026-01-15,2026-01-16T12:00:00+00:00,2026-10-07T15:17:06.540626+00:00,src_5cb43d4802f57041c0f7ff4a,87ec3be1b89559cf523119b6e7059bc4a467c5d0cc50eec38cc25f86e12550c9,https://www.wafdbank.com/documents/financial-news/2026/wafd-bank-press-release-20260115.pdf,PDF page 2,afs,4142.285,USD_million,see metric and source row,all,all,observed,,afs@core-1,,aef4a56a6829d5420685a4d498058e83ccc08e12+tree.4e67479291c8900b,"Available-for-sale securities, at fair value 4,142,285 3,533,201 3,387,497 3,142,763 2,743,731",,post_LBC_2024-02-29,,
core_825551c592445a45a9091f05,WAFD,consolidated,2025-12-31,2025-12-31 calendar quarter,2026-01-15,2026-01-16T12:00:00+00:00,2026-10-07T15:17:06.540626+00:00,src_5cb43d4802f57041c0f7ff4a,87ec3be1b89559cf523119b6e7059bc4a467c5d0cc50eec38cc25f86e12550c9,https://www.wafdbank.com/documents/financial-news/2026/wafd-bank-press-release-20260115.pdf,PDF page 5,htm,764.794,USD_million,see metric and source row,all,all,observed,,htm@core-1,,aef4a56a6829d5420685a4d498058e83ccc08e12+tree.4e67479291c8900b,"Held-to-maturity securities, at amortized cost 764,794 645,802",,post_LBC_2024-02-29,,
core_ccb6d9ba095ab82f4809215a,WAFD,consolidated,2025-12-31,2025-12-31 calendar quarter,2026-01-15,2026-01-16T12:00:00+00:00,2026-10-07T15:17:06.540626+00:00,src_5cb43d4802f57041c0f7ff4a,87ec3be1b89559cf523119b6e7059bc4a467c5d0cc50eec38cc25f86e12550c9,https://www.wafdbank.com/documents/financial-news/2026/wafd-bank-press-release-20260115.pdf,PDF page 2,cash,734.915,USD_million,see metric and source row,all,all,observed,,cash@core-1,,aef4a56a6829d5420685a4d498058e83ccc08e12+tree.4e67479291c8900b,"Cash $ 734,915 $ 657,310 $ 809,252 $ 1,231,461 $ 1,507,735",,post_LBC_2024-02-29,,
core_b48f2dc1e2f1bbfbcc1e23a2,WAFD,consolidated,2025-12-31,2025-12-31 calendar quarter,2026-01-15,2026-01-16T12:00:00+00:00,2026-10-07T15:17:06.540626+00:00,src_5cb43d4802f57041c0f7ff4a,87ec3be1b89559cf523119b6e7059bc4a467c5d0cc50eec38cc25f86e12550c9,https://www.wafdbank.com/documents/financial-news/2026/wafd-bank-press-release-20260115.pdf,PDF page 22,past_due_amortized,214.39,USD_million,see metric and source row,all,all,observed,,past_due_amortized@core-1,,aef4a56a6829d5420685a4d498058e83ccc08e12+tree.4e67479291c8900b,"41,660 481 $ 20,047,695 150 54 140 344 0.83% $ 214,390 1.07%",Total dollars delinquent; excludes loans held for sale. Not just accruing past due.,post_LBC_2024-02-29,,
core_654ee835b7bb66105870c8fb,WAFD,consolidated,2025-12-31,2025-12-31 calendar quarter,2026-01-15,2026-01-16T12:00:00+00:00,2026-10-07T15:17:06.540626+00:00,src_5cb43d4802f57041c0f7ff4a,87ec3be1b89559cf523119b6e7059bc4a467c5d0cc50eec38cc25f86e12550c9,https://www.wafdbank.com/documents/financial-news/2026/wafd-bank-press-release-20260115.pdf,PDF page 22,past_due_to_amortized_loans_pct,1.07,percent,see metric and source row,all,all,observed,,past_due_to_amortized_loans_pct@core-1,,aef4a56a6829d5420685a4d498058e83ccc08e12+tree.4e67479291c8900b,"41,660 481 $ 20,047,695 150 54 140 344 0.83% $ 214,390 1.07%",Delinquency-summary amortized-cost denominator; kept distinct from release net-loan denominator.,post_LBC_2024-02-29,,
core_500029cd53da1878f4d80fc0,WAFD,consolidated,2025-12-31,2025-12-31 calendar quarter,2026-01-15,2026-01-16T12:00:00+00:00,2026-10-07T15:17:06.540626+00:00,src_5cb43d4802f57041c0f7ff4a,87ec3be1b89559cf523119b6e7059bc4a467c5d0cc50eec38cc25f86e12550c9,https://www.wafdbank.com/documents/financial-news/2026/wafd-bank-press-release-20260115.pdf,PDF page 6,ppnr_gaap,85.801,USD_million,see metric and source row,all,all,derived,,ppnr_gaap@core-1,,aef4a56a6829d5420685a4d498058e83ccc08e12+tree.4e67479291c8900b,Pretax income + provision for credit losses,Includes GAAP merger and other nonrecurring effects; not adjusted PPNR,post_LBC_2024-02-29,,
core_ae902a978a3d06f0c2936001,WAFD,consolidated,2026-03-31,2026-03-31 calendar quarter,2026-04-16,2026-04-17T12:00:00+00:00,2026-10-07T15:17:04.418183+00:00,src_9744eda490f926cc3aeb7790,255e74218697e72ec3b786ac0d6f78cafddd6de2b2ad671fb31a00cbbb7378f9,https://www.wafdbank.com/documents/financial-news/2026/wafd-bank-press-release-20260416.pdf,PDF page 2,criticized_to_net_loans_pct,4.24,percent,see metric and source row,all,all,observed,,criticized_to_net_loans_pct@core-1,,aef4a56a6829d5420685a4d498058e83ccc08e12+tree.4e67479291c8900b,Total criticized loans to net loans 4.24% 4.60% 4.39% 4.07% 3.32%,,post_LBC_2024-02-29,,
core_c376593bd008e77580528378,WAFD,consolidated,2026-03-31,2026-03-31 calendar quarter,2026-04-16,2026-04-17T12:00:00+00:00,2026-10-07T15:17:04.418183+00:00,src_9744eda490f926cc3aeb7790,255e74218697e72ec3b786ac0d6f78cafddd6de2b2ad671fb31a00cbbb7378f9,https://www.wafdbank.com/documents/financial-news/2026/wafd-bank-press-release-20260416.pdf,PDF page 2,classified_to_net_loans_pct,2.6,percent,see metric and source row,all,all,observed,,classified_to_net_loans_pct@core-1,,aef4a56a6829d5420685a4d498058e83ccc08e12+tree.4e67479291c8900b,Total adversely classified loans to net loans 2.60% 2.94% 3.16% 3.54% 2.53%,,post_LBC_2024-02-29,,
core_3aa9501664a37d5cca90b58c,WAFD,consolidated,2026-03-31,2026-03-31 calendar quarter,2026-04-16,2026-04-17T12:00:00+00:00,2026-10-07T15:17:04.418183+00:00,src_9744eda490f926cc3aeb7790,255e74218697e72ec3b786ac0d6f78cafddd6de2b2ad671fb31a00cbbb7378f9,https://www.wafdbank.com/documents/financial-news/2026/wafd-bank-press-release-20260416.pdf,PDF page 2,past_due_to_net_loans_pct,0.78,percent,see metric and source row,all,all,observed,,past_due_to_net_loans_pct@core-1,,aef4a56a6829d5420685a4d498058e83ccc08e12+tree.4e67479291c8900b,Delinquencies to net loans 0.78% 1.07% 0.60% 0.26% 0.27%,,post_LBC_2024-02-29,,
core_88d4d80277726a468480bfb4,WAFD,consolidated,2026-03-31,2026-03-31 calendar quarter,2026-04-16,2026-04-17T12:00:00+00:00,2026-10-07T15:17:04.418183+00:00,src_9744eda490f926cc3aeb7790,255e74218697e72ec3b786ac0d6f78cafddd6de2b2ad671fb31a00cbbb7378f9,https://www.wafdbank.com/documents/financial-news/2026/wafd-bank-press-release-20260416.pdf,PDF page 2,nonaccrual_to_net_loans_pct,0.62,percent,see metric and source row,all,all,observed,,nonaccrual_to_net_loans_pct@core-1,,aef4a56a6829d5420685a4d498058e83ccc08e12+tree.4e67479291c8900b,Non-accrual loans to net loans 0.62% 0.96% 0.64% 0.41% 0.29%,,post_LBC_2024-02-29,,
core_f6fdb3d473b4d6e0daa15c68,WAFD,consolidated,2026-03-31,2026-03-31 calendar quarter,2026-04-16,2026-04-17T12:00:00+00:00,2026-10-07T15:17:04.418183+00:00,src_9744eda490f926cc3aeb7790,255e74218697e72ec3b786ac0d6f78cafddd6de2b2ad671fb31a00cbbb7378f9,https://www.wafdbank.com/documents/financial-news/2026/wafd-bank-press-release-20260416.pdf,PDF page 2,acl_total,224.45000000000002,USD_million,see metric and source row,all,all,observed,,acl_total@core-1,,aef4a56a6829d5420685a4d498058e83ccc08e12+tree.4e67479291c8900b,"Allowance for credit losses (""ACL"") 224,450 221,039 221,220 219,268 222,709",,post_LBC_2024-02-29,,
core_93c41daad2838160decc9ce1,WAFD,consolidated,2026-03-31,2026-03-31 calendar quarter,2026-04-16,2026-04-17T12:00:00+00:00,2026-10-07T15:17:04.418183+00:00,src_9744eda490f926cc3aeb7790,255e74218697e72ec3b786ac0d6f78cafddd6de2b2ad671fb31a00cbbb7378f9,https://www.wafdbank.com/documents/financial-news/2026/wafd-bank-press-release-20260416.pdf,PDF page 2,borrowings_including_subordinated,3114.5480000000002,USD_million,see metric and source row,all,all,observed,,borrowings_including_subordinated@core-1,,aef4a56a6829d5420685a4d498058e83ccc08e12+tree.4e67479291c8900b,"Borrowings and junior subordinated debentures 3,114,548 2,488,411 1,817,249 1,991,087 2,814,938",,post_LBC_2024-02-29,,
core_064481c3bca531b71a1d3dbd,WAFD,consolidated,2026-03-31,2026-03-31 calendar quarter,2026-04-16,2026-04-17T12:00:00+00:00,2026-10-07T15:17:04.418183+00:00,src_9744eda490f926cc3aeb7790,255e74218697e72ec3b786ac0d6f78cafddd6de2b2ad671fb31a00cbbb7378f9,https://www.wafdbank.com/documents/financial-news/2026/wafd-bank-press-release-20260416.pdf,PDF page 2,loans_net,19966.983,USD_million,see metric and source row,all,all,observed,,loans_net@core-1,,aef4a56a6829d5420685a4d498058e83ccc08e12+tree.4e67479291c8900b,"Loans receivable, net 19,966,983 19,848,156 20,088,618 20,277,164 20,920,001",,post_LBC_2024-02-29,,
core_7cc9e69bc6c0e90a8c0caad5,WAFD,consolidated,2026-03-31,2026-03-31 calendar quarter,2026-04-16,2026-04-17T12:00:00+00:00,2026-10-07T15:17:04.418183+00:00,src_9744eda490f926cc3aeb7790,255e74218697e72ec3b786ac0d6f78cafddd6de2b2ad671fb31a00cbbb7378f9,https://www.wafdbank.com/documents/financial-news/2026/wafd-bank-press-release-20260416.pdf,PDF page 2,deposits,21124.151,USD_million,see metric and source row,all,all,observed,,deposits@core-1,,aef4a56a6829d5420685a4d498058e83ccc08e12+tree.4e67479291c8900b,"Total deposits 21,124,151 21,416,970 21,437,636 21,386,571 21,427,426",,post_LBC_2024-02-29,,
core_c1d9e05e329c386f30a5f0d3,WAFD,consolidated,2026-03-31,2026-03-31 calendar quarter,2026-04-16,2026-04-17T12:00:00+00:00,2026-10-07T15:17:04.418183+00:00,src_9744eda490f926cc3aeb7790,255e74218697e72ec3b786ac0d6f78cafddd6de2b2ad671fb31a00cbbb7378f9,https://www.wafdbank.com/documents/financial-news/2026/wafd-bank-press-release-20260416.pdf,PDF page 2,nim_gaap_pct,2.81,percent,see metric and source row,all,all,observed,,nim_gaap_pct@core-1,,aef4a56a6829d5420685a4d498058e83ccc08e12+tree.4e67479291c8900b,Net interest margin 2.81% 2.70% 2.71% 2.69% 2.55%,,post_LBC_2024-02-29,,
core_000772d88999abc48596b9fd,WAFD,consolidated,2026-03-31,2026-03-31 calendar quarter,2026-04-16,2026-04-17T12:00:00+00:00,2026-10-07T15:17:04.418183+00:00,src_9744eda490f926cc3aeb7790,255e74218697e72ec3b786ac0d6f78cafddd6de2b2ad671fb31a00cbbb7378f9,https://www.wafdbank.com/documents/financial-news/2026/wafd-bank-press-release-20260416.pdf,PDF page 6,pretax_income,83.806,USD_million,see metric and source row,all,all,observed,,pretax_income@core-1,,aef4a56a6829d5420685a4d498058e83ccc08e12+tree.4e67479291c8900b,"Income before income taxes 83,806 72,010 166,107 132,261",,post_LBC_2024-02-29,,
core_f6ed2e3f788c9afdf9dca4af,WAFD,consolidated,2026-03-31,2026-03-31 calendar quarter,2026-04-16,2026-04-17T12:00:00+00:00,2026-10-07T15:17:04.418183+00:00,src_9744eda490f926cc3aeb7790,255e74218697e72ec3b786ac0d6f78cafddd6de2b2ad671fb31a00cbbb7378f9,https://www.wafdbank.com/documents/financial-news/2026/wafd-bank-press-release-20260416.pdf,PDF page 6,provision,4.0,USD_million,see metric and source row,all,all,observed,,provision@core-1,,aef4a56a6829d5420685a4d498058e83ccc08e12+tree.4e67479291c8900b,"Provision (release) for credit losses 4,000 2,750 7,500 2,750",,post_LBC_2024-02-29,,
core_1b4cb9312dea4fb6f56d699f,WAFD,consolidated,2026-03-31,2026-03-31 calendar quarter,2026-04-16,2026-04-17T12:00:00+00:00,2026-10-07T15:17:04.418183+00:00,src_9744eda490f926cc3aeb7790,255e74218697e72ec3b786ac0d6f78cafddd6de2b2ad671fb31a00cbbb7378f9,https://www.wafdbank.com/documents/financial-news/2026/wafd-bank-press-release-20260416.pdf,PDF page 17,nonaccrual,123.85900000000001,USD_million,see metric and source row,all,all,observed,,nonaccrual@core-1,,aef4a56a6829d5420685a4d498058e83ccc08e12+tree.4e67479291c8900b,"Total non-accrual loans 128,628 100% 191,348 100% 123,859 100%",,post_LBC_2024-02-29,,
core_208a0d1a8512d97a2e09f77a,WAFD,consolidated,2026-03-31,2026-03-31 calendar quarter,2026-04-16,2026-04-17T12:00:00+00:00,2026-10-07T15:17:04.418183+00:00,src_9744eda490f926cc3aeb7790,255e74218697e72ec3b786ac0d6f78cafddd6de2b2ad671fb31a00cbbb7378f9,https://www.wafdbank.com/documents/financial-news/2026/wafd-bank-press-release-20260416.pdf,PDF page 17,nco,0.589,USD_million,see metric and source row,all,all,observed,,nco@core-1,,aef4a56a6829d5420685a4d498058e83ccc08e12+tree.4e67479291c8900b,"Total net charge-offs (recoveries) $ 1,048 0.02% $ 3,681 0.07% $ 589 0.01%",,post_LBC_2024-02-29,,
core_102147c975ec37f3c59bcc0f,WAFD,consolidated,2026-03-31,2026-03-31 calendar quarter,2026-04-16,2026-04-17T12:00:00+00:00,2026-10-07T15:17:04.418183+00:00,src_9744eda490f926cc3aeb7790,255e74218697e72ec3b786ac0d6f78cafddd6de2b2ad671fb31a00cbbb7378f9,https://www.wafdbank.com/documents/financial-news/2026/wafd-bank-press-release-20260416.pdf,PDF page 19,nib_deposits,2577.976,USD_million,see metric and source row,all,all,observed,,nib_deposits@core-1,,aef4a56a6829d5420685a4d498058e83ccc08e12+tree.4e67479291c8900b,"Non-Interest Checking $ 2,567,539 12.0% $ 2,692,680 12.6% $ 2,577,976 12.2%",,post_LBC_2024-02-29,,
core_f7404f0861e1c8acaa2887f3,WAFD,consolidated,2026-03-31,2026-03-31 calendar quarter,2026-04-16,2026-04-17T12:00:00+00:00,2026-10-07T15:17:04.418183+00:00,src_9744eda490f926cc3aeb7790,255e74218697e72ec3b786ac0d6f78cafddd6de2b2ad671fb31a00cbbb7378f9,https://www.wafdbank.com/documents/financial-news/2026/wafd-bank-press-release-20260416.pdf,PDF page 19,uninsured_uncollateralized_deposits,5333.317,USD_million,see metric and source row,all,all,observed,,uninsured_uncollateralized_deposits@core-1,,aef4a56a6829d5420685a4d498058e83ccc08e12+tree.4e67479291c8900b,"Non-collateralized - EOP $ 5,302,026 24.7% $ 5,607,476 26.2% $ 5,333,317 25.2%",Uninsured AND uncollateralized; not all uninsured deposits,post_LBC_2024-02-29,,
core_f878a59701d600bbc4ef3f94,WAFD,consolidated,2026-03-31,2026-03-31 calendar quarter,2026-04-16,2026-04-17T12:00:00+00:00,2026-10-07T15:17:04.418183+00:00,src_9744eda490f926cc3aeb7790,255e74218697e72ec3b786ac0d6f78cafddd6de2b2ad671fb31a00cbbb7378f9,https://www.wafdbank.com/documents/financial-news/2026/wafd-bank-press-release-20260416.pdf,PDF page 2,afs,4352.258,USD_million,see metric and source row,all,all,observed,,afs@core-1,,aef4a56a6829d5420685a4d498058e83ccc08e12+tree.4e67479291c8900b,"Available-for-sale securities, at fair value 4,352,258 4,142,285 3,533,201 3,387,497 3,142,763",,post_LBC_2024-02-29,,
core_523fcc12c3c6418cc1bddbf6,WAFD,consolidated,2026-03-31,2026-03-31 calendar quarter,2026-04-16,2026-04-17T12:00:00+00:00,2026-10-07T15:17:04.418183+00:00,src_9744eda490f926cc3aeb7790,255e74218697e72ec3b786ac0d6f78cafddd6de2b2ad671fb31a00cbbb7378f9,https://www.wafdbank.com/documents/financial-news/2026/wafd-bank-press-release-20260416.pdf,PDF page 5,htm,745.727,USD_million,see metric and source row,all,all,observed,,htm@core-1,,aef4a56a6829d5420685a4d498058e83ccc08e12+tree.4e67479291c8900b,"Held-to-maturity securities, at amortized cost 745,727 645,802",,post_LBC_2024-02-29,,
core_0e074ad1bf443a998ef1142f,WAFD,consolidated,2026-03-31,2026-03-31 calendar quarter,2026-04-16,2026-04-17T12:00:00+00:00,2026-10-07T15:17:04.418183+00:00,src_9744eda490f926cc3aeb7790,255e74218697e72ec3b786ac0d6f78cafddd6de2b2ad671fb31a00cbbb7378f9,https://www.wafdbank.com/documents/financial-news/2026/wafd-bank-press-release-20260416.pdf,PDF page 2,cash,669.799,USD_million,see metric and source row,all,all,observed,,cash@core-1,,aef4a56a6829d5420685a4d498058e83ccc08e12+tree.4e67479291c8900b,"Cash $ 669,799 $ 734,915 $ 657,310 $ 809,252 $ 1,231,461",,post_LBC_2024-02-29,,
core_52393a54b300964320753be3,WAFD,consolidated,2026-03-31,2026-03-31 calendar quarter,2026-04-16,2026-04-17T12:00:00+00:00,2026-10-07T15:17:04.418183+00:00,src_9744eda490f926cc3aeb7790,255e74218697e72ec3b786ac0d6f78cafddd6de2b2ad671fb31a00cbbb7378f9,https://www.wafdbank.com/documents/financial-news/2026/wafd-bank-press-release-20260416.pdf,PDF page 22,past_due_amortized,156.715,USD_million,see metric and source row,all,all,observed,,past_due_amortized@core-1,,aef4a56a6829d5420685a4d498058e83ccc08e12+tree.4e67479291c8900b,"39,863 506 $ 20,168,933 161 55 160 376 0.94% $ 156,715 0.78%",Total dollars delinquent; excludes loans held for sale. Not just accruing past due.,post_LBC_2024-02-29,,
core_6f52c4cc144201110f7e93ad,WAFD,consolidated,2026-03-31,2026-03-31 calendar quarter,2026-04-16,2026-04-17T12:00:00+00:00,2026-10-07T15:17:04.418183+00:00,src_9744eda490f926cc3aeb7790,255e74218697e72ec3b786ac0d6f78cafddd6de2b2ad671fb31a00cbbb7378f9,https://www.wafdbank.com/documents/financial-news/2026/wafd-bank-press-release-20260416.pdf,PDF page 22,past_due_to_amortized_loans_pct,0.78,percent,see metric and source row,all,all,observed,,past_due_to_amortized_loans_pct@core-1,,aef4a56a6829d5420685a4d498058e83ccc08e12+tree.4e67479291c8900b,"39,863 506 $ 20,168,933 161 55 160 376 0.94% $ 156,715 0.78%",Delinquency-summary amortized-cost denominator; kept distinct from release net-loan denominator.,post_LBC_2024-02-29,,
core_e32aca8504f0fe8a7aa209da,WAFD,consolidated,2026-03-31,2026-03-31 calendar quarter,2026-04-16,2026-04-17T12:00:00+00:00,2026-10-07T15:17:04.418183+00:00,src_9744eda490f926cc3aeb7790,255e74218697e72ec3b786ac0d6f78cafddd6de2b2ad671fb31a00cbbb7378f9,https://www.wafdbank.com/documents/financial-news/2026/wafd-bank-press-release-20260416.pdf,PDF page 6,ppnr_gaap,87.806,USD_million,see metric and source row,all,all,derived,,ppnr_gaap@core-1,,aef4a56a6829d5420685a4d498058e83ccc08e12+tree.4e67479291c8900b,Pretax income + provision for credit losses,Includes GAAP merger and other nonrecurring effects; not adjusted PPNR,post_LBC_2024-02-29,,
core_b9f47511dd52d249f9047068,WAFD,consolidated,2026-06-30,2026-06-30 calendar quarter,2026-07-16,2026-07-17T12:00:00+00:00,2026-10-07T15:13:11.834647+00:00,src_7f56935dfa06cc4367381dc5,5d285d3fbdef414f833415aefc027932c3cde821d9d833d0b92b970f52c40cd5,https://www.wafdbank.com/documents/financial-news/2026/wafd-bank-press-release-20260716.pdf,PDF page 2,criticized_to_net_loans_pct,4.93,percent,see metric and source row,all,all,observed,,criticized_to_net_loans_pct@core-1,,aef4a56a6829d5420685a4d498058e83ccc08e12+tree.4e67479291c8900b,Total criticized loans to net loans 4.93% 4.24% 4.60% 4.39% 4.07%,,post_LBC_2024-02-29,,
core_3c253bedef4e227c88682a56,WAFD,consolidated,2026-06-30,2026-06-30 calendar quarter,2026-07-16,2026-07-17T12:00:00+00:00,2026-10-07T15:13:11.834647+00:00,src_7f56935dfa06cc4367381dc5,5d285d3fbdef414f833415aefc027932c3cde821d9d833d0b92b970f52c40cd5,https://www.wafdbank.com/documents/financial-news/2026/wafd-bank-press-release-20260716.pdf,PDF page 2,classified_to_net_loans_pct,2.59,percent,see metric and source row,all,all,observed,,classified_to_net_loans_pct@core-1,,aef4a56a6829d5420685a4d498058e83ccc08e12+tree.4e67479291c8900b,Total adversely classified loans to net loans 2.59% 2.60% 2.94% 3.16% 3.54%,,post_LBC_2024-02-29,,
core_d08b98dcc220f26281d4a410,WAFD,consolidated,2026-06-30,2026-06-30 calendar quarter,2026-07-16,2026-07-17T12:00:00+00:00,2026-10-07T15:13:11.834647+00:00,src_7f56935dfa06cc4367381dc5,5d285d3fbdef414f833415aefc027932c3cde821d9d833d0b92b970f52c40cd5,https://www.wafdbank.com/documents/financial-news/2026/wafd-bank-press-release-20260716.pdf,PDF page 2,past_due_to_net_loans_pct,0.75,percent,see metric and source row,all,all,observed,,past_due_to_net_loans_pct@core-1,,aef4a56a6829d5420685a4d498058e83ccc08e12+tree.4e67479291c8900b,Delinquencies to net loans 0.75% 0.78% 1.07% 0.60% 0.26%,,post_LBC_2024-02-29,,
core_758767b9d3d07fb5434e4783,WAFD,consolidated,2026-06-30,2026-06-30 calendar quarter,2026-07-16,2026-07-17T12:00:00+00:00,2026-10-07T15:13:11.834647+00:00,src_7f56935dfa06cc4367381dc5,5d285d3fbdef414f833415aefc027932c3cde821d9d833d0b92b970f52c40cd5,https://www.wafdbank.com/documents/financial-news/2026/wafd-bank-press-release-20260716.pdf,PDF page 2,nonaccrual_to_net_loans_pct,0.64,percent,see metric and source row,all,all,observed,,nonaccrual_to_net_loans_pct@core-1,,aef4a56a6829d5420685a4d498058e83ccc08e12+tree.4e67479291c8900b,Non-accrual loans to net loans 0.64% 0.62% 0.96% 0.64% 0.41%,,post_LBC_2024-02-29,,
core_d9c98ddcaeee06d149e0c768,WAFD,consolidated,2026-06-30,2026-06-30 calendar quarter,2026-07-16,2026-07-17T12:00:00+00:00,2026-10-07T15:13:11.834647+00:00,src_7f56935dfa06cc4367381dc5,5d285d3fbdef414f833415aefc027932c3cde821d9d833d0b92b970f52c40cd5,https://www.wafdbank.com/documents/financial-news/2026/wafd-bank-press-release-20260716.pdf,PDF page 2,acl_total,233.83100000000002,USD_million,see metric and source row,all,all,observed,,acl_total@core-1,,aef4a56a6829d5420685a4d498058e83ccc08e12+tree.4e67479291c8900b,"Allowance for credit losses (""ACL"") 233,831 224,450 221,039 221,220 219,268",,post_LBC_2024-02-29,,
core_00fce1f2b9f31905a51fb6c8,WAFD,consolidated,2026-06-30,2026-06-30 calendar quarter,2026-07-16,2026-07-17T12:00:00+00:00,2026-10-07T15:13:11.834647+00:00,src_7f56935dfa06cc4367381dc5,5d285d3fbdef414f833415aefc027932c3cde821d9d833d0b92b970f52c40cd5,https://www.wafdbank.com/documents/financial-news/2026/wafd-bank-press-release-20260716.pdf,PDF page 2,borrowings_including_subordinated,3315.697,USD_million,see metric and source row,all,all,observed,,borrowings_including_subordinated@core-1,,aef4a56a6829d5420685a4d498058e83ccc08e12+tree.4e67479291c8900b,"Borrowings and junior subordinated debentures 3,315,697 3,114,548 2,488,411 1,817,249 1,991,087",,post_LBC_2024-02-29,,
core_ed2352626799bc5b97a6d519,WAFD,consolidated,2026-06-30,2026-06-30 calendar quarter,2026-07-16,2026-07-17T12:00:00+00:00,2026-10-07T15:13:11.834647+00:00,src_7f56935dfa06cc4367381dc5,5d285d3fbdef414f833415aefc027932c3cde821d9d833d0b92b970f52c40cd5,https://www.wafdbank.com/documents/financial-news/2026/wafd-bank-press-release-20260716.pdf,PDF page 2,loans_net,20017.876,USD_million,see metric and source row,all,all,observed,,loans_net@core-1,,aef4a56a6829d5420685a4d498058e83ccc08e12+tree.4e67479291c8900b,"Loans receivable, net 20,017,876 19,966,983 19,848,156 20,088,618 20,277,164",,post_LBC_2024-02-29,,
core_ac8970a69f16beb2cf77035f,WAFD,consolidated,2026-06-30,2026-06-30 calendar quarter,2026-07-16,2026-07-17T12:00:00+00:00,2026-10-07T15:13:11.834647+00:00,src_7f56935dfa06cc4367381dc5,5d285d3fbdef414f833415aefc027932c3cde821d9d833d0b92b970f52c40cd5,https://www.wafdbank.com/documents/financial-news/2026/wafd-bank-press-release-20260716.pdf,PDF page 2,deposits,20932.075,USD_million,see metric and source row,all,all,observed,,deposits@core-1,,aef4a56a6829d5420685a4d498058e83ccc08e12+tree.4e67479291c8900b,"Total deposits 20,932,075 21,124,151 21,416,970 21,437,636 21,386,571",,post_LBC_2024-02-29,,
core_5632ac02d01a8efbc26750f9,WAFD,consolidated,2026-06-30,2026-06-30 calendar quarter,2026-07-16,2026-07-17T12:00:00+00:00,2026-10-07T15:13:11.834647+00:00,src_7f56935dfa06cc4367381dc5,5d285d3fbdef414f833415aefc027932c3cde821d9d833d0b92b970f52c40cd5,https://www.wafdbank.com/documents/financial-news/2026/wafd-bank-press-release-20260716.pdf,PDF page 2,nim_gaap_pct,2.81,percent,see metric and source row,all,all,observed,,nim_gaap_pct@core-1,,aef4a56a6829d5420685a4d498058e83ccc08e12+tree.4e67479291c8900b,Net interest margin 2.81% 2.81% 2.70% 2.71% 2.69%,,post_LBC_2024-02-29,,
core_0dbfa4c9b24b9f6ac4c7b281,WAFD,consolidated,2026-06-30,2026-06-30 calendar quarter,2026-07-16,2026-07-17T12:00:00+00:00,2026-10-07T15:13:11.834647+00:00,src_7f56935dfa06cc4367381dc5,5d285d3fbdef414f833415aefc027932c3cde821d9d833d0b92b970f52c40cd5,https://www.wafdbank.com/documents/financial-news/2026/wafd-bank-press-release-20260716.pdf,PDF page 6,pretax_income,84.349,USD_million,see metric and source row,all,all,observed,,pretax_income@core-1,,aef4a56a6829d5420685a4d498058e83ccc08e12+tree.4e67479291c8900b,"Income before income taxes 84,349 79,758 250,456 212,019",,post_LBC_2024-02-29,,
core_a6dfa1ef4d53bd0973a367d2,WAFD,consolidated,2026-06-30,2026-06-30 calendar quarter,2026-07-16,2026-07-17T12:00:00+00:00,2026-10-07T15:13:11.834647+00:00,src_7f56935dfa06cc4367381dc5,5d285d3fbdef414f833415aefc027932c3cde821d9d833d0b92b970f52c40cd5,https://www.wafdbank.com/documents/financial-news/2026/wafd-bank-press-release-20260716.pdf,PDF page 6,provision,11.0,USD_million,see metric and source row,all,all,observed,,provision@core-1,,aef4a56a6829d5420685a4d498058e83ccc08e12+tree.4e67479291c8900b,"Provision (release) for credit losses 11,000 2,000 18,500 4,750",,post_LBC_2024-02-29,,
core_a931aa0bbaaf752665a16156,WAFD,consolidated,2026-06-30,2026-06-30 calendar quarter,2026-07-16,2026-07-17T12:00:00+00:00,2026-10-07T15:13:11.834647+00:00,src_7f56935dfa06cc4367381dc5,5d285d3fbdef414f833415aefc027932c3cde821d9d833d0b92b970f52c40cd5,https://www.wafdbank.com/documents/financial-news/2026/wafd-bank-press-release-20260716.pdf,PDF page 17,nonaccrual,127.569,USD_million,see metric and source row,all,all,observed,,nonaccrual@core-1,,aef4a56a6829d5420685a4d498058e83ccc08e12+tree.4e67479291c8900b,"Total non-accrual loans 191,348 100% 123,859 100% 127,569 100%",,post_LBC_2024-02-29,,
core_b2a72d44ad1afa318cb62777,WAFD,consolidated,2026-06-30,2026-06-30 calendar quarter,2026-07-16,2026-07-17T12:00:00+00:00,2026-10-07T15:13:11.834647+00:00,src_7f56935dfa06cc4367381dc5,5d285d3fbdef414f833415aefc027932c3cde821d9d833d0b92b970f52c40cd5,https://www.wafdbank.com/documents/financial-news/2026/wafd-bank-press-release-20260716.pdf,PDF page 17,nco,1.619,USD_million,see metric and source row,all,all,observed,,nco@core-1,,aef4a56a6829d5420685a4d498058e83ccc08e12+tree.4e67479291c8900b,"Total net charge-offs (recoveries) $ 3,681 0.07% $ 589 0.01% $ 1,619 0.03%",,post_LBC_2024-02-29,,
core_165973fcb384e94cda4f65d9,WAFD,consolidated,2026-06-30,2026-06-30 calendar quarter,2026-07-16,2026-07-17T12:00:00+00:00,2026-10-07T15:13:11.834647+00:00,src_7f56935dfa06cc4367381dc5,5d285d3fbdef414f833415aefc027932c3cde821d9d833d0b92b970f52c40cd5,https://www.wafdbank.com/documents/financial-news/2026/wafd-bank-press-release-20260716.pdf,PDF page 19,nib_deposits,2646.6150000000002,USD_million,see metric and source row,all,all,observed,,nib_deposits@core-1,,aef4a56a6829d5420685a4d498058e83ccc08e12+tree.4e67479291c8900b,"Non-Interest Checking $ 2,692,680 12.6% $ 2,577,976 12.2% $ 2,646,615 12.6%",,post_LBC_2024-02-29,,
core_2b96f547cb27a5d6b88a1776,WAFD,consolidated,2026-06-30,2026-06-30 calendar quarter,2026-07-16,2026-07-17T12:00:00+00:00,2026-10-07T15:13:11.834647+00:00,src_7f56935dfa06cc4367381dc5,5d285d3fbdef414f833415aefc027932c3cde821d9d833d0b92b970f52c40cd5,https://www.wafdbank.com/documents/financial-news/2026/wafd-bank-press-release-20260716.pdf,PDF page 19,uninsured_uncollateralized_deposits,5326.972,USD_million,see metric and source row,all,all,observed,,uninsured_uncollateralized_deposits@core-1,,aef4a56a6829d5420685a4d498058e83ccc08e12+tree.4e67479291c8900b,"Non-collateralized - EOP $ 5,607,476 26.2% $ 5,333,317 25.2% $ 5,326,972 25.4%",Uninsured AND uncollateralized; not all uninsured deposits,post_LBC_2024-02-29,,
core_1a3f4d07de7a5cc337331f64,WAFD,consolidated,2026-06-30,2026-06-30 calendar quarter,2026-07-16,2026-07-17T12:00:00+00:00,2026-10-07T15:13:11.834647+00:00,src_7f56935dfa06cc4367381dc5,5d285d3fbdef414f833415aefc027932c3cde821d9d833d0b92b970f52c40cd5,https://www.wafdbank.com/documents/financial-news/2026/wafd-bank-press-release-20260716.pdf,PDF page 2,afs,4190.263,USD_million,see metric and source row,all,all,observed,,afs@core-1,,aef4a56a6829d5420685a4d498058e83ccc08e12+tree.4e67479291c8900b,"Available-for-sale securities, at fair value 4,190,263 4,352,258 4,142,285 3,533,201 3,387,497",,post_LBC_2024-02-29,,
core_6c5df7cfb4a869d9fe2f9f0c,WAFD,consolidated,2026-06-30,2026-06-30 calendar quarter,2026-07-16,2026-07-17T12:00:00+00:00,2026-10-07T15:13:11.834647+00:00,src_7f56935dfa06cc4367381dc5,5d285d3fbdef414f833415aefc027932c3cde821d9d833d0b92b970f52c40cd5,https://www.wafdbank.com/documents/financial-news/2026/wafd-bank-press-release-20260716.pdf,PDF page 5,htm,858.261,USD_million,see metric and source row,all,all,observed,,htm@core-1,,aef4a56a6829d5420685a4d498058e83ccc08e12+tree.4e67479291c8900b,"Held-to-maturity securities, at amortized cost 858,261 645,802",,post_LBC_2024-02-29,,
core_a02074f38d42278a994b00da,WAFD,consolidated,2026-06-30,2026-06-30 calendar quarter,2026-07-16,2026-07-17T12:00:00+00:00,2026-10-07T15:13:11.834647+00:00,src_7f56935dfa06cc4367381dc5,5d285d3fbdef414f833415aefc027932c3cde821d9d833d0b92b970f52c40cd5,https://www.wafdbank.com/documents/financial-news/2026/wafd-bank-press-release-20260716.pdf,PDF page 2,cash,676.467,USD_million,see metric and source row,all,all,observed,,cash@core-1,,aef4a56a6829d5420685a4d498058e83ccc08e12+tree.4e67479291c8900b,"Cash $ 676,467 $ 669,799 $ 734,915 $ 657,310 $ 809,252",,post_LBC_2024-02-29,,
core_2be1b235646ad21156ec683a,WAFD,consolidated,2026-06-30,2026-06-30 calendar quarter,2026-07-16,2026-07-17T12:00:00+00:00,2026-10-07T15:13:11.834647+00:00,src_7f56935dfa06cc4367381dc5,5d285d3fbdef414f833415aefc027932c3cde821d9d833d0b92b970f52c40cd5,https://www.wafdbank.com/documents/financial-news/2026/wafd-bank-press-release-20260716.pdf,PDF page 22,past_due_amortized,151.951,USD_million,see metric and source row,all,all,observed,,past_due_amortized@core-1,,aef4a56a6829d5420685a4d498058e83ccc08e12+tree.4e67479291c8900b,"39,205 516 $ 20,232,707 92 56 166 314 0.80% $ 151,951 0.75%",Total dollars delinquent; excludes loans held for sale. Not just accruing past due.,post_LBC_2024-02-29,,
core_162d00bd3b81a848e290c007,WAFD,consolidated,2026-06-30,2026-06-30 calendar quarter,2026-07-16,2026-07-17T12:00:00+00:00,2026-10-07T15:13:11.834647+00:00,src_7f56935dfa06cc4367381dc5,5d285d3fbdef414f833415aefc027932c3cde821d9d833d0b92b970f52c40cd5,https://www.wafdbank.com/documents/financial-news/2026/wafd-bank-press-release-20260716.pdf,PDF page 22,past_due_to_amortized_loans_pct,0.75,percent,see metric and source row,all,all,observed,,past_due_to_amortized_loans_pct@core-1,,aef4a56a6829d5420685a4d498058e83ccc08e12+tree.4e67479291c8900b,"39,205 516 $ 20,232,707 92 56 166 314 0.80% $ 151,951 0.75%",Delinquency-summary amortized-cost denominator; kept distinct from release net-loan denominator.,post_LBC_2024-02-29,,
core_d5da8d133a77fdf5dfddcaec,WAFD,consolidated,2026-06-30,2026-06-30 calendar quarter,2026-07-16,2026-07-17T12:00:00+00:00,2026-10-07T15:13:11.834647+00:00,src_7f56935dfa06cc4367381dc5,5d285d3fbdef414f833415aefc027932c3cde821d9d833d0b92b970f52c40cd5,https://www.wafdbank.com/documents/financial-news/2026/wafd-bank-press-release-20260716.pdf,PDF page 6,ppnr_gaap,95.349,USD_million,see metric and source row,all,all,derived,,ppnr_gaap@core-1,,aef4a56a6829d5420685a4d498058e83ccc08e12+tree.4e67479291c8900b,Pretax income + provision for credit losses,Includes GAAP merger and other nonrecurring effects; not adjusted PPNR,post_LBC_2024-02-29,,
core_7b357f596b22956293fb757a,COLB,consolidated,2024-03-31,2024-03-31 calendar quarter,2024-04-25,2024-04-26T12:00:00+00:00,2026-10-08T02:29:30.896122+00:00,src_4410925a07ee8dd7e0c7eb14,233985771bee2dd624d16989697cde407187b08a12b35de9d9e0fad2e807f5b2,https://s26.q4cdn.com/577104185/files/doc_earnings/2024/q1/earnings-result/COLB-2024-Q1-Earnings-Release.pdf,PDF page 7,deposits,41706.16,USD_million,see metric and source row,all,all,observed,,deposits@core-1,,aef4a56a6829d5420685a4d498058e83ccc08e12+tree.4e67479291c8900b,"Total deposits 41,706,160 41,607,020 41,624,368 40,834,917 41,586,347 — % — %",,pre_PPBI,,
core_7328905ff363bb3114404b46,COLB,consolidated,2024-03-31,2024-03-31 calendar quarter,2024-04-25,2024-04-26T12:00:00+00:00,2026-10-08T02:29:30.896122+00:00,src_4410925a07ee8dd7e0c7eb14,233985771bee2dd624d16989697cde407187b08a12b35de9d9e0fad2e807f5b2,https://s26.q4cdn.com/577104185/files/doc_earnings/2024/q1/earnings-result/COLB-2024-Q1-Earnings-Release.pdf,PDF page 7,borrowings_ex_subordinated,3900.0,USD_million,see metric and source row,all,all,observed,,borrowings_ex_subordinated@core-1,,aef4a56a6829d5420685a4d498058e83ccc08e12+tree.4e67479291c8900b,"Borrowings 3,900,000 3,950,000 3,985,000 6,250,000 5,950,000 (1) % (34) %",,pre_PPBI,,
core_d190560bb4e420d3d140dae4,COLB,consolidated,2024-03-31,2024-03-31 calendar quarter,2024-04-25,2024-04-26T12:00:00+00:00,2026-10-08T02:29:30.896122+00:00,src_4410925a07ee8dd7e0c7eb14,233985771bee2dd624d16989697cde407187b08a12b35de9d9e0fad2e807f5b2,https://s26.q4cdn.com/577104185/files/doc_earnings/2024/q1/earnings-result/COLB-2024-Q1-Earnings-Release.pdf,PDF page 7,nib_deposits,13808.554,USD_million,see metric and source row,all,all,observed,,nib_deposits@core-1,,aef4a56a6829d5420685a4d498058e83ccc08e12+tree.4e67479291c8900b,"Non-interest-bearing $ 13,808,554 $ 14,256,452 $ 15,532,948 $ 16,019,408 $ 17,215,781 (3) % (20) %",,pre_PPBI,,
core_564ec6bddafacd41dc79334f,COLB,consolidated,2024-03-31,2024-03-31 calendar quarter,2024-04-25,2024-04-26T12:00:00+00:00,2026-10-08T02:29:30.896122+00:00,src_4410925a07ee8dd7e0c7eb14,233985771bee2dd624d16989697cde407187b08a12b35de9d9e0fad2e807f5b2,https://s26.q4cdn.com/577104185/files/doc_earnings/2024/q1/earnings-result/COLB-2024-Q1-Earnings-Release.pdf,PDF page 7,loans_gross,37642.413,USD_million,see metric and source row,all,all,observed,,loans_gross@core-1,,aef4a56a6829d5420685a4d498058e83ccc08e12+tree.4e67479291c8900b,"Loans and leases 37,642,413 37,441,951 37,170,598 37,049,299 37,091,280 1 % 1 %",,pre_PPBI,,
core_cf1241e4a14f38598c773c5c,COLB,consolidated,2024-03-31,2024-03-31 calendar quarter,2024-04-25,2024-04-26T12:00:00+00:00,2026-10-08T02:29:30.896122+00:00,src_4410925a07ee8dd7e0c7eb14,233985771bee2dd624d16989697cde407187b08a12b35de9d9e0fad2e807f5b2,https://s26.q4cdn.com/577104185/files/doc_earnings/2024/q1/earnings-result/COLB-2024-Q1-Earnings-Release.pdf,PDF page 7,aoci,-426.13100000000003,USD_million,see metric and source row,all,all,observed,,aoci@core-1,,aef4a56a6829d5420685a4d498058e83ccc08e12+tree.4e67479291c8900b,"Accumulated other comprehensive loss (426,131) (340,142) (680,429) (418,762) (300,134) 25 % 42 %",,pre_PPBI,,
core_e4952f5092296ad82b1824a2,COLB,consolidated,2024-03-31,2024-03-31 calendar quarter,2024-04-25,2024-04-26T12:00:00+00:00,2026-10-08T02:29:30.896122+00:00,src_4410925a07ee8dd7e0c7eb14,233985771bee2dd624d16989697cde407187b08a12b35de9d9e0fad2e807f5b2,https://s26.q4cdn.com/577104185/files/doc_earnings/2024/q1/earnings-result/COLB-2024-Q1-Earnings-Release.pdf,PDF page 7,afs,8616.545,USD_million,see metric and source row,all,all,observed,,afs@core-1,,aef4a56a6829d5420685a4d498058e83ccc08e12+tree.4e67479291c8900b,"Available for sale, at fair value 8,616,545 8,829,870 8,503,986 8,998,428 9,249,600 (2) % (7) %",,pre_PPBI,,
core_18eeb65e078868c722fb2e9b,COLB,consolidated,2024-03-31,2024-03-31 calendar quarter,2024-04-25,2024-04-26T12:00:00+00:00,2026-10-08T02:29:30.896122+00:00,src_4410925a07ee8dd7e0c7eb14,233985771bee2dd624d16989697cde407187b08a12b35de9d9e0fad2e807f5b2,https://s26.q4cdn.com/577104185/files/doc_earnings/2024/q1/earnings-result/COLB-2024-Q1-Earnings-Release.pdf,PDF page 7,htm,2.247,USD_million,see metric and source row,all,all,observed,,htm@core-1,,aef4a56a6829d5420685a4d498058e83ccc08e12+tree.4e67479291c8900b,"Held to maturity, at amortized cost 2,247 2,300 2,344 2,388 2,432 (2) % (8) %",,pre_PPBI,,
core_1601ceeaed9b08e05c94c441,COLB,consolidated,2024-03-31,2024-03-31 calendar quarter,2024-04-25,2024-04-26T12:00:00+00:00,2026-10-08T02:29:30.896122+00:00,src_4410925a07ee8dd7e0c7eb14,233985771bee2dd624d16989697cde407187b08a12b35de9d9e0fad2e807f5b2,https://s26.q4cdn.com/577104185/files/doc_earnings/2024/q1/earnings-result/COLB-2024-Q1-Earnings-Release.pdf,PDF page 11,nonaccrual,98.696,USD_million,see metric and source row,all,all,observed,,nonaccrual@core-1,,aef4a56a6829d5420685a4d498058e83ccc08e12+tree.4e67479291c8900b,"Total loans and leases on non-accrual status 98,696 74,371 70,394 50,310 57,913 33 % 70 %",,pre_PPBI,,
core_ff877a5870cb5ecd2c4d3f0d,COLB,consolidated,2024-03-31,2024-03-31 calendar quarter,2024-04-25,2024-04-26T12:00:00+00:00,2026-10-08T02:29:30.896122+00:00,src_4410925a07ee8dd7e0c7eb14,233985771bee2dd624d16989697cde407187b08a12b35de9d9e0fad2e807f5b2,https://s26.q4cdn.com/577104185/files/doc_earnings/2024/q1/earnings-result/COLB-2024-Q1-Earnings-Release.pdf,PDF page 11,npl,142.035,USD_million,see metric and source row,all,all,observed,,npl@core-1,,aef4a56a6829d5420685a4d498058e83ccc08e12+tree.4e67479291c8900b,"Total non-performing loans and leases (1), (2) 142,035 112,901 104,491 79,983 75,628 26 % 88 %",,pre_PPBI,,
core_09d35d0b81bb88166bb00af8,COLB,consolidated,2024-03-31,2024-03-31 calendar quarter,2024-04-25,2024-04-26T12:00:00+00:00,2026-10-08T02:29:30.896122+00:00,src_4410925a07ee8dd7e0c7eb14,233985771bee2dd624d16989697cde407187b08a12b35de9d9e0fad2e807f5b2,https://s26.q4cdn.com/577104185/files/doc_earnings/2024/q1/earnings-result/COLB-2024-Q1-Earnings-Release.pdf,PDF page 11,past_due_31_89,109.673,USD_million,see metric and source row,all,all,observed,,past_due_31_89@core-1,,aef4a56a6829d5420685a4d498058e83ccc08e12+tree.4e67479291c8900b,"Loans and leases past due 31-89 days $ 109,673 $ 85,235 $ 82,918 $ 73,376 $ 78,641 29 % 39 %",,pre_PPBI,,
core_ec69a1797d102fa4612bc24f,COLB,consolidated,2024-03-31,2024-03-31 calendar quarter,2024-04-25,2024-04-26T12:00:00+00:00,2026-10-08T02:29:30.896122+00:00,src_4410925a07ee8dd7e0c7eb14,233985771bee2dd624d16989697cde407187b08a12b35de9d9e0fad2e807f5b2,https://s26.q4cdn.com/577104185/files/doc_earnings/2024/q1/earnings-result/COLB-2024-Q1-Earnings-Release.pdf,PDF page 11,past_due_90_accruing,43.339,USD_million,see metric and source row,all,all,observed,,past_due_90_accruing@core-1,,aef4a56a6829d5420685a4d498058e83ccc08e12+tree.4e67479291c8900b,"accruing 43,339 38,530 34,097 29,673 17,715 12 % 145 %",,pre_PPBI,,
core_bb9eae250e3016087d3430d5,COLB,consolidated,2024-03-31,2024-03-31 calendar quarter,2024-04-25,2024-04-26T12:00:00+00:00,2026-10-08T02:29:30.896122+00:00,src_4410925a07ee8dd7e0c7eb14,233985771bee2dd624d16989697cde407187b08a12b35de9d9e0fad2e807f5b2,https://s26.q4cdn.com/577104185/files/doc_earnings/2024/q1/earnings-result/COLB-2024-Q1-Earnings-Release.pdf,PDF page 12,acl_loans,414.344,USD_million,see metric and source row,all,all,observed,,acl_loans@core-1,,aef4a56a6829d5420685a4d498058e83ccc08e12+tree.4e67479291c8900b,"Balance, end of period $ 414,344 $ 440,871 $ 416,560 $ 404,603 $ 417,464 (6) % (1) %",,pre_PPBI,,
core_79d67fbaf22bc92746b483fd,COLB,consolidated,2024-03-31,2024-03-31 calendar quarter,2024-04-25,2024-04-26T12:00:00+00:00,2026-10-08T02:29:30.896122+00:00,src_4410925a07ee8dd7e0c7eb14,233985771bee2dd624d16989697cde407187b08a12b35de9d9e0fad2e807f5b2,https://s26.q4cdn.com/577104185/files/doc_earnings/2024/q1/earnings-result/COLB-2024-Q1-Earnings-Release.pdf,PDF page 12,nco,44.003,USD_million,see metric and source row,all,all,observed,,nco@core-1,,aef4a56a6829d5420685a4d498058e83ccc08e12+tree.4e67479291c8900b,"Total net charge-offs (44,003) (28,872) (23,125) (28,077) (16,661) 52 % 164 %",,pre_PPBI,,
core_f45bedbf2e790ecab69a5084,COLB,consolidated,2024-03-31,2024-03-31 calendar quarter,2024-04-25,2024-04-26T12:00:00+00:00,2026-10-08T02:29:30.896122+00:00,src_4410925a07ee8dd7e0c7eb14,233985771bee2dd624d16989697cde407187b08a12b35de9d9e0fad2e807f5b2,https://s26.q4cdn.com/577104185/files/doc_earnings/2024/q1/earnings-result/COLB-2024-Q1-Earnings-Release.pdf,PDF page 6,nii,423.362,USD_million,see metric and source row,all,all,observed,,nii@core-1,,aef4a56a6829d5420685a4d498058e83ccc08e12+tree.4e67479291c8900b,"Net interest income 423,362 453,623 480,875 483,975 374,698 (7) % 13 %",,pre_PPBI,,
core_313a38911236772210aa7e20,COLB,consolidated,2024-03-31,2024-03-31 calendar quarter,2024-04-25,2024-04-26T12:00:00+00:00,2026-10-08T02:29:30.896122+00:00,src_4410925a07ee8dd7e0c7eb14,233985771bee2dd624d16989697cde407187b08a12b35de9d9e0fad2e807f5b2,https://s26.q4cdn.com/577104185/files/doc_earnings/2024/q1/earnings-result/COLB-2024-Q1-Earnings-Release.pdf,PDF page 6,nie,287.516,USD_million,see metric and source row,all,all,observed,,nie@core-1,,aef4a56a6829d5420685a4d498058e83ccc08e12+tree.4e67479291c8900b,"Total non-interest expense 287,516 337,176 304,147 328,559 342,818 (15) % (16) %",,pre_PPBI,,
core_25b35bd0c8318c816412528d,COLB,consolidated,2024-03-31,2024-03-31 calendar quarter,2024-04-25,2024-04-26T12:00:00+00:00,2026-10-08T02:29:30.896122+00:00,src_4410925a07ee8dd7e0c7eb14,233985771bee2dd624d16989697cde407187b08a12b35de9d9e0fad2e807f5b2,https://s26.q4cdn.com/577104185/files/doc_earnings/2024/q1/earnings-result/COLB-2024-Q1-Earnings-Release.pdf,PDF page 8,nim_te_pct,3.52,percent,see metric and source row,all,all,observed,,nim_te_pct@core-1,,aef4a56a6829d5420685a4d498058e83ccc08e12+tree.4e67479291c8900b,Net interest margin (2) 3.52 % 3.78 % 3.91 % 3.93 % 4.08 % (0.26) (0.56),,pre_PPBI,,
core_9727ee7aefbb228a7217895e,COLB,consolidated,2024-03-31,2024-03-31 calendar quarter,2024-04-25,2024-04-26T12:00:00+00:00,2026-10-08T02:29:30.896122+00:00,src_4410925a07ee8dd7e0c7eb14,233985771bee2dd624d16989697cde407187b08a12b35de9d9e0fad2e807f5b2,https://s26.q4cdn.com/577104185/files/doc_earnings/2024/q1/earnings-result/COLB-2024-Q1-Earnings-Release.pdf,PDF page 6,pretax_income,169.067,USD_million,see metric and source row,all,all,observed,,pretax_income@core-1,,aef4a56a6829d5420685a4d498058e83ccc08e12+tree.4e67479291c8900b,"Income (loss) before provision (benefit) for income taxes 169,067 127,071 183,972 179,080 (18,924) 33 % nm",,pre_PPBI,,
core_bd9d676d69b619b9ead4ddda,COLB,consolidated,2024-03-31,2024-03-31 calendar quarter,2024-04-25,2024-04-26T12:00:00+00:00,2026-10-08T02:29:30.896122+00:00,src_4410925a07ee8dd7e0c7eb14,233985771bee2dd624d16989697cde407187b08a12b35de9d9e0fad2e807f5b2,https://s26.q4cdn.com/577104185/files/doc_earnings/2024/q1/earnings-result/COLB-2024-Q1-Earnings-Release.pdf,PDF page 6,provision,17.136,USD_million,see metric and source row,all,all,observed,,provision@core-1,,aef4a56a6829d5420685a4d498058e83ccc08e12+tree.4e67479291c8900b,"Provision for credit losses 17,136 54,909 36,737 16,014 105,539 (69) % (84) %",,pre_PPBI,,
core_b7f37fef429dacc7036422c9,COLB,consolidated,2024-03-31,2024-03-31 calendar quarter,2024-04-25,2024-04-26T12:00:00+00:00,2026-10-08T02:29:30.896122+00:00,src_4410925a07ee8dd7e0c7eb14,233985771bee2dd624d16989697cde407187b08a12b35de9d9e0fad2e807f5b2,https://s26.q4cdn.com/577104185/files/doc_earnings/2024/q1/earnings-result/COLB-2024-Q1-Earnings-Release.pdf,PDF page 6,ppnr_gaap,186.203,USD_million,see metric and source row,all,all,derived,,ppnr_gaap@core-1,,aef4a56a6829d5420685a4d498058e83ccc08e12+tree.4e67479291c8900b,Pretax income + provision for credit losses,Includes GAAP merger and other nonrecurring effects; not adjusted PPNR,pre_PPBI,,
core_394872b8be8cf62bf6912cf9,COLB,consolidated,2024-03-31,2024-03-31 calendar quarter,2024-04-25,2024-04-26T12:00:00+00:00,2026-10-08T02:29:34.454407+00:00,src_fe944b9c6277cdfacff943c0,d10b378ec52638e72cea77947f17d79e668ab92abef07e7877d62b9591f30ef7,https://s26.q4cdn.com/577104185/files/doc_earnings/2024/q1/presentation/COLB-Q1-2024-Earnings-Presentation-FINAL.pdf,PDF page 16,office_ltv_pct,56.0,percent,see metric and source row,office,all,observed,,office_ltv_pct@core-1,,aef4a56a6829d5420685a4d498058e83ccc08e12+tree.4e67479291c8900b,"Average LTV 56% at March 31, 2024 .",DSCR is non-owner occupied; LTV and credit balances are all-office. Not matched 2027 maturity cohort.,pre_PPBI,,
core_0d59fb4abef31438094b14f5,COLB,consolidated,2024-03-31,2024-03-31 calendar quarter,2024-04-25,2024-04-26T12:00:00+00:00,2026-10-08T02:29:34.454407+00:00,src_fe944b9c6277cdfacff943c0,d10b378ec52638e72cea77947f17d79e668ab92abef07e7877d62b9591f30ef7,https://s26.q4cdn.com/577104185/files/doc_earnings/2024/q1/presentation/COLB-Q1-2024-Earnings-Presentation-FINAL.pdf,PDF page 16,office_nonowner_dscr,1.7,multiple,see metric and source row,office,all,observed,,office_nonowner_dscr@core-1,,aef4a56a6829d5420685a4d498058e83ccc08e12+tree.4e67479291c8900b,DSC (non-owner occupied) 1.70x ■ Our office portfolio is 39% owner,DSCR is non-owner occupied; LTV and credit balances are all-office. Not matched 2027 maturity cohort.,pre_PPBI,,
core_519d983ee0d07a9d050e5aa9,COLB,consolidated,2024-03-31,2024-03-31 calendar quarter,2024-04-25,2024-04-26T12:00:00+00:00,2026-10-08T02:29:34.454407+00:00,src_fe944b9c6277cdfacff943c0,d10b378ec52638e72cea77947f17d79e668ab92abef07e7877d62b9591f30ef7,https://s26.q4cdn.com/577104185/files/doc_earnings/2024/q1/presentation/COLB-Q1-2024-Earnings-Presentation-FINAL.pdf,PDF page 16,office_nonaccrual,13.3,USD_million,see metric and source row,office,all,observed,,office_nonaccrual@core-1,,aef4a56a6829d5420685a4d498058e83ccc08e12+tree.4e67479291c8900b,Nonaccrual $13.3mm / 0.44% of office office portfolio.,DSCR is non-owner occupied; LTV and credit balances are all-office. Not matched 2027 maturity cohort.,pre_PPBI,,
core_2097e437ebf76487d027a9dc,COLB,consolidated,2024-03-31,2024-03-31 calendar quarter,2024-04-25,2024-04-26T12:00:00+00:00,2026-10-08T02:29:34.454407+00:00,src_fe944b9c6277cdfacff943c0,d10b378ec52638e72cea77947f17d79e668ab92abef07e7877d62b9591f30ef7,https://s26.q4cdn.com/577104185/files/doc_earnings/2024/q1/presentation/COLB-Q1-2024-Earnings-Presentation-FINAL.pdf,PDF page 16,office_special_mention,22.1,USD_million,see metric and source row,office,all,observed,,office_special_mention@core-1,,aef4a56a6829d5420685a4d498058e83ccc08e12+tree.4e67479291c8900b,Special mention $22.1mm / 0.73% of office ■ The average loan size in our office,DSCR is non-owner occupied; LTV and credit balances are all-office. Not matched 2027 maturity cohort.,pre_PPBI,,
core_3bd88d1518096c1fcffb3ba4,COLB,consolidated,2024-03-31,2024-03-31 calendar quarter,2024-04-25,2024-04-26T12:00:00+00:00,2026-10-08T02:29:34.454407+00:00,src_fe944b9c6277cdfacff943c0,d10b378ec52638e72cea77947f17d79e668ab92abef07e7877d62b9591f30ef7,https://s26.q4cdn.com/577104185/files/doc_earnings/2024/q1/presentation/COLB-Q1-2024-Earnings-Presentation-FINAL.pdf,PDF page 16,office_classified,60.1,USD_million,see metric and source row,office,all,observed,,office_classified@core-1,,aef4a56a6829d5420685a4d498058e83ccc08e12+tree.4e67479291c8900b,"Classified $60.1mm / 1.99% of office portfolio is $1.35 million, delinquencies",DSCR is non-owner occupied; LTV and credit balances are all-office. Not matched 2027 maturity cohort.,pre_PPBI,,
core_7bb95657b55b1603aeb5c270,COLB,consolidated,2024-03-31,2024-03-31 calendar quarter,2024-04-25,2024-04-26T12:00:00+00:00,2026-10-08T02:29:34.454407+00:00,src_fe944b9c6277cdfacff943c0,d10b378ec52638e72cea77947f17d79e668ab92abef07e7877d62b9591f30ef7,https://s26.q4cdn.com/577104185/files/doc_earnings/2024/q1/presentation/COLB-Q1-2024-Earnings-Presentation-FINAL.pdf,PDF page 16,office_past_due_30_89,0.5,USD_million,see metric and source row,office,all,observed,,office_past_due_30_89@core-1,,aef4a56a6829d5420685a4d498058e83ccc08e12+tree.4e67479291c8900b,Past due 30-89 days $0.5mm / 0.02% of office 2% construction. Dental and other,DSCR is non-owner occupied; LTV and credit balances are all-office. Not matched 2027 maturity cohort.,pre_PPBI,,
core_4687e88f0d365f3314791345,COLB,consolidated,2024-06-30,2024-06-30 calendar quarter,2024-07-25,2024-07-26T12:00:00+00:00,2026-10-08T02:29:36.785226+00:00,src_156ec03600f71185aecad6d4,a1ea500237775c6e1f31f39a42547f74ab4e5dfd045a352b9e972de8490a963d,https://s26.q4cdn.com/577104185/files/doc_earnings/2024/q2/earnings-result/COLB-2024-Q2-Earnings-Release.pdf,PDF page 8,deposits,41523.272000000004,USD_million,see metric and source row,all,all,observed,,deposits@core-1,,aef4a56a6829d5420685a4d498058e83ccc08e12+tree.4e67479291c8900b,"Total deposits 41,523,272 41,706,160 41,607,020 41,624,368 40,834,917 — % 2 %",,pre_PPBI,,
core_5131260bd309c2584010afbe,COLB,consolidated,2024-06-30,2024-06-30 calendar quarter,2024-07-25,2024-07-26T12:00:00+00:00,2026-10-08T02:29:36.785226+00:00,src_156ec03600f71185aecad6d4,a1ea500237775c6e1f31f39a42547f74ab4e5dfd045a352b9e972de8490a963d,https://s26.q4cdn.com/577104185/files/doc_earnings/2024/q2/earnings-result/COLB-2024-Q2-Earnings-Release.pdf,PDF page 8,borrowings_ex_subordinated,3900.0,USD_million,see metric and source row,all,all,observed,,borrowings_ex_subordinated@core-1,,aef4a56a6829d5420685a4d498058e83ccc08e12+tree.4e67479291c8900b,"Borrowings 3,900,000 3,900,000 3,950,000 3,985,000 6,250,000 — % (38) %",,pre_PPBI,,
core_21587b6f49cd9b37d2e8ad2e,COLB,consolidated,2024-06-30,2024-06-30 calendar quarter,2024-07-25,2024-07-26T12:00:00+00:00,2026-10-08T02:29:36.785226+00:00,src_156ec03600f71185aecad6d4,a1ea500237775c6e1f31f39a42547f74ab4e5dfd045a352b9e972de8490a963d,https://s26.q4cdn.com/577104185/files/doc_earnings/2024/q2/earnings-result/COLB-2024-Q2-Earnings-Release.pdf,PDF page 8,nib_deposits,13481.616,USD_million,see metric and source row,all,all,observed,,nib_deposits@core-1,,aef4a56a6829d5420685a4d498058e83ccc08e12+tree.4e67479291c8900b,"Non-interest-bearing $ 13,481,616 $ 13,808,554 $ 14,256,452 $ 15,532,948 $ 16,019,408 (2) % (16) %",,pre_PPBI,,
core_5c1e7d5d450a1d04b185edd8,COLB,consolidated,2024-06-30,2024-06-30 calendar quarter,2024-07-25,2024-07-26T12:00:00+00:00,2026-10-08T02:29:36.785226+00:00,src_156ec03600f71185aecad6d4,a1ea500237775c6e1f31f39a42547f74ab4e5dfd045a352b9e972de8490a963d,https://s26.q4cdn.com/577104185/files/doc_earnings/2024/q2/earnings-result/COLB-2024-Q2-Earnings-Release.pdf,PDF page 8,loans_gross,37709.987,USD_million,see metric and source row,all,all,observed,,loans_gross@core-1,,aef4a56a6829d5420685a4d498058e83ccc08e12+tree.4e67479291c8900b,"Loans and leases 37,709,987 37,642,413 37,441,951 37,170,598 37,049,299 — % 2 %",,pre_PPBI,,
core_62ec0688ed3eadf2cb05ce8f,COLB,consolidated,2024-06-30,2024-06-30 calendar quarter,2024-07-25,2024-07-26T12:00:00+00:00,2026-10-08T02:29:36.785226+00:00,src_156ec03600f71185aecad6d4,a1ea500237775c6e1f31f39a42547f74ab4e5dfd045a352b9e972de8490a963d,https://s26.q4cdn.com/577104185/files/doc_earnings/2024/q2/earnings-result/COLB-2024-Q2-Earnings-Release.pdf,PDF page 8,aoci,-455.682,USD_million,see metric and source row,all,all,observed,,aoci@core-1,,aef4a56a6829d5420685a4d498058e83ccc08e12+tree.4e67479291c8900b,"Accumulated other comprehensive loss (455,682) (426,131) (340,142) (680,429) (418,762) 7 % 9 %",,pre_PPBI,,
core_d2385d4f3e788755fa23e6a7,COLB,consolidated,2024-06-30,2024-06-30 calendar quarter,2024-07-25,2024-07-26T12:00:00+00:00,2026-10-08T02:29:36.785226+00:00,src_156ec03600f71185aecad6d4,a1ea500237775c6e1f31f39a42547f74ab4e5dfd045a352b9e972de8490a963d,https://s26.q4cdn.com/577104185/files/doc_earnings/2024/q2/earnings-result/COLB-2024-Q2-Earnings-Release.pdf,PDF page 8,afs,8503.0,USD_million,see metric and source row,all,all,observed,,afs@core-1,,aef4a56a6829d5420685a4d498058e83ccc08e12+tree.4e67479291c8900b,"Available for sale, at fair value 8,503,000 8,616,545 8,829,870 8,503,986 8,998,428 (1) % (6) %",,pre_PPBI,,
core_0bace686bc82eef0a2f5acb6,COLB,consolidated,2024-06-30,2024-06-30 calendar quarter,2024-07-25,2024-07-26T12:00:00+00:00,2026-10-08T02:29:36.785226+00:00,src_156ec03600f71185aecad6d4,a1ea500237775c6e1f31f39a42547f74ab4e5dfd045a352b9e972de8490a963d,https://s26.q4cdn.com/577104185/files/doc_earnings/2024/q2/earnings-result/COLB-2024-Q2-Earnings-Release.pdf,PDF page 8,htm,2.203,USD_million,see metric and source row,all,all,observed,,htm@core-1,,aef4a56a6829d5420685a4d498058e83ccc08e12+tree.4e67479291c8900b,"Held to maturity, at amortized cost 2,203 2,247 2,300 2,344 2,388 (2) % (8) %",,pre_PPBI,,
core_c92f0727558f51028b97a23b,COLB,consolidated,2024-06-30,2024-06-30 calendar quarter,2024-07-25,2024-07-26T12:00:00+00:00,2026-10-08T02:29:36.785226+00:00,src_156ec03600f71185aecad6d4,a1ea500237775c6e1f31f39a42547f74ab4e5dfd045a352b9e972de8490a963d,https://s26.q4cdn.com/577104185/files/doc_earnings/2024/q2/earnings-result/COLB-2024-Q2-Earnings-Release.pdf,PDF page 13,nonaccrual,92.57000000000001,USD_million,see metric and source row,all,all,observed,,nonaccrual@core-1,,aef4a56a6829d5420685a4d498058e83ccc08e12+tree.4e67479291c8900b,"Total loans and leases on non-accrual status 92,570 98,696 74,371 70,394 50,310 (6) % 84 %",,pre_PPBI,,
core_333cbc10c2f819ce93a4ab80,COLB,consolidated,2024-06-30,2024-06-30 calendar quarter,2024-07-25,2024-07-26T12:00:00+00:00,2026-10-08T02:29:36.785226+00:00,src_156ec03600f71185aecad6d4,a1ea500237775c6e1f31f39a42547f74ab4e5dfd045a352b9e972de8490a963d,https://s26.q4cdn.com/577104185/files/doc_earnings/2024/q2/earnings-result/COLB-2024-Q2-Earnings-Release.pdf,PDF page 13,npl,153.093,USD_million,see metric and source row,all,all,observed,,npl@core-1,,aef4a56a6829d5420685a4d498058e83ccc08e12+tree.4e67479291c8900b,"Total non-performing loans and leases (1), (2) 153,093 142,035 112,901 104,491 79,983 8 % 91 %",,pre_PPBI,,
core_b8e82b2df1047d69bf2e91fc,COLB,consolidated,2024-06-30,2024-06-30 calendar quarter,2024-07-25,2024-07-26T12:00:00+00:00,2026-10-08T02:29:36.785226+00:00,src_156ec03600f71185aecad6d4,a1ea500237775c6e1f31f39a42547f74ab4e5dfd045a352b9e972de8490a963d,https://s26.q4cdn.com/577104185/files/doc_earnings/2024/q2/earnings-result/COLB-2024-Q2-Earnings-Release.pdf,PDF page 13,past_due_31_89,85.998,USD_million,see metric and source row,all,all,observed,,past_due_31_89@core-1,,aef4a56a6829d5420685a4d498058e83ccc08e12+tree.4e67479291c8900b,"Loans and leases past due 31-89 days $ 85,998 $ 109,673 $ 85,235 $ 82,918 $ 73,376 (22) % 17 %",,pre_PPBI,,
core_9140f6da4086852810e2d723,COLB,consolidated,2024-06-30,2024-06-30 calendar quarter,2024-07-25,2024-07-26T12:00:00+00:00,2026-10-08T02:29:36.785226+00:00,src_156ec03600f71185aecad6d4,a1ea500237775c6e1f31f39a42547f74ab4e5dfd045a352b9e972de8490a963d,https://s26.q4cdn.com/577104185/files/doc_earnings/2024/q2/earnings-result/COLB-2024-Q2-Earnings-Release.pdf,PDF page 13,past_due_90_accruing,60.523,USD_million,see metric and source row,all,all,observed,,past_due_90_accruing@core-1,,aef4a56a6829d5420685a4d498058e83ccc08e12+tree.4e67479291c8900b,"accruing 60,523 43,339 38,530 34,097 29,673 40 % 104 %",,pre_PPBI,,
core_f770af942876672cffc50b3a,COLB,consolidated,2024-06-30,2024-06-30 calendar quarter,2024-07-25,2024-07-26T12:00:00+00:00,2026-10-08T02:29:36.785226+00:00,src_156ec03600f71185aecad6d4,a1ea500237775c6e1f31f39a42547f74ab4e5dfd045a352b9e972de8490a963d,https://s26.q4cdn.com/577104185/files/doc_earnings/2024/q2/earnings-result/COLB-2024-Q2-Earnings-Release.pdf,PDF page 14,acl_loans,418.671,USD_million,see metric and source row,all,all,observed,,acl_loans@core-1,,aef4a56a6829d5420685a4d498058e83ccc08e12+tree.4e67479291c8900b,"Balance, end of period $ 418,671 $ 414,344 $ 440,871 $ 416,560 $ 404,603 1 % 3 %",,pre_PPBI,,
core_6cd0dea270c889f98121189c,COLB,consolidated,2024-06-30,2024-06-30 calendar quarter,2024-07-25,2024-07-26T12:00:00+00:00,2026-10-08T02:29:36.785226+00:00,src_156ec03600f71185aecad6d4,a1ea500237775c6e1f31f39a42547f74ab4e5dfd045a352b9e972de8490a963d,https://s26.q4cdn.com/577104185/files/doc_earnings/2024/q2/earnings-result/COLB-2024-Q2-Earnings-Release.pdf,PDF page 14,nco,30.433,USD_million,see metric and source row,all,all,observed,,nco@core-1,,aef4a56a6829d5420685a4d498058e83ccc08e12+tree.4e67479291c8900b,"Total net charge-offs (30,433) (44,003) (28,872) (23,125) (28,077) (31) % 8 %",,pre_PPBI,,
core_1314213eeb6755c994aa6d62,COLB,consolidated,2024-06-30,2024-06-30 calendar quarter,2024-07-25,2024-07-26T12:00:00+00:00,2026-10-08T02:29:36.785226+00:00,src_156ec03600f71185aecad6d4,a1ea500237775c6e1f31f39a42547f74ab4e5dfd045a352b9e972de8490a963d,https://s26.q4cdn.com/577104185/files/doc_earnings/2024/q2/earnings-result/COLB-2024-Q2-Earnings-Release.pdf,PDF page 6,nii,427.449,USD_million,see metric and source row,all,all,observed,,nii@core-1,,aef4a56a6829d5420685a4d498058e83ccc08e12+tree.4e67479291c8900b,"Net interest income 427,449 423,362 453,623 480,875 483,975 1 % (12) %",,pre_PPBI,,
core_92c6124d9d037b21c28a8615,COLB,consolidated,2024-06-30,2024-06-30 calendar quarter,2024-07-25,2024-07-26T12:00:00+00:00,2026-10-08T02:29:36.785226+00:00,src_156ec03600f71185aecad6d4,a1ea500237775c6e1f31f39a42547f74ab4e5dfd045a352b9e972de8490a963d,https://s26.q4cdn.com/577104185/files/doc_earnings/2024/q2/earnings-result/COLB-2024-Q2-Earnings-Release.pdf,PDF page 6,nie,279.244,USD_million,see metric and source row,all,all,observed,,nie@core-1,,aef4a56a6829d5420685a4d498058e83ccc08e12+tree.4e67479291c8900b,"Total non-interest expense 279,244 287,516 337,176 304,147 328,559 (3) % (15) %",,pre_PPBI,,
core_279f3350b84b5e12ecc96caf,COLB,consolidated,2024-06-30,2024-06-30 calendar quarter,2024-07-25,2024-07-26T12:00:00+00:00,2026-10-08T02:29:36.785226+00:00,src_156ec03600f71185aecad6d4,a1ea500237775c6e1f31f39a42547f74ab4e5dfd045a352b9e972de8490a963d,https://s26.q4cdn.com/577104185/files/doc_earnings/2024/q2/earnings-result/COLB-2024-Q2-Earnings-Release.pdf,PDF page 9,nim_te_pct,3.56,percent,see metric and source row,all,all,observed,,nim_te_pct@core-1,,aef4a56a6829d5420685a4d498058e83ccc08e12+tree.4e67479291c8900b,Net interest margin (2) 3.56 % 3.52 % 3.78 % 3.91 % 3.93 % 0.04 (0.37),,pre_PPBI,,
core_93056a8cc712217f865d0756,COLB,consolidated,2024-06-30,2024-06-30 calendar quarter,2024-07-25,2024-07-26T12:00:00+00:00,2026-10-08T02:29:36.785226+00:00,src_156ec03600f71185aecad6d4,a1ea500237775c6e1f31f39a42547f74ab4e5dfd045a352b9e972de8490a963d,https://s26.q4cdn.com/577104185/files/doc_earnings/2024/q2/earnings-result/COLB-2024-Q2-Earnings-Release.pdf,PDF page 6,pretax_income,161.088,USD_million,see metric and source row,all,all,observed,,pretax_income@core-1,,aef4a56a6829d5420685a4d498058e83ccc08e12+tree.4e67479291c8900b,"Income before provision for income taxes 161,088 169,067 127,071 183,972 179,080 (5) % (10) %",,pre_PPBI,,
core_7300111987aa3e78283307bc,COLB,consolidated,2024-06-30,2024-06-30 calendar quarter,2024-07-25,2024-07-26T12:00:00+00:00,2026-10-08T02:29:36.785226+00:00,src_156ec03600f71185aecad6d4,a1ea500237775c6e1f31f39a42547f74ab4e5dfd045a352b9e972de8490a963d,https://s26.q4cdn.com/577104185/files/doc_earnings/2024/q2/earnings-result/COLB-2024-Q2-Earnings-Release.pdf,PDF page 6,provision,31.82,USD_million,see metric and source row,all,all,observed,,provision@core-1,,aef4a56a6829d5420685a4d498058e83ccc08e12+tree.4e67479291c8900b,"Provision for credit losses 31,820 17,136 54,909 36,737 16,014 86 % 99 %",,pre_PPBI,,
core_d1c5e3e4f4d0ce527bc235fc,COLB,consolidated,2024-06-30,2024-06-30 calendar quarter,2024-07-25,2024-07-26T12:00:00+00:00,2026-10-08T02:29:36.785226+00:00,src_156ec03600f71185aecad6d4,a1ea500237775c6e1f31f39a42547f74ab4e5dfd045a352b9e972de8490a963d,https://s26.q4cdn.com/577104185/files/doc_earnings/2024/q2/earnings-result/COLB-2024-Q2-Earnings-Release.pdf,PDF page 6,ppnr_gaap,192.908,USD_million,see metric and source row,all,all,derived,,ppnr_gaap@core-1,,aef4a56a6829d5420685a4d498058e83ccc08e12+tree.4e67479291c8900b,Pretax income + provision for credit losses,Includes GAAP merger and other nonrecurring effects; not adjusted PPNR,pre_PPBI,,
core_447fe9196c3b2528d89a1d6b,COLB,consolidated,2024-06-30,2024-06-30 calendar quarter,2024-07-25,2024-07-26T12:00:00+00:00,2026-10-08T02:29:40.805098+00:00,src_9bb5b0166915e6cedfbe5e97,0efa9a0286fa69723198fcd360f41357b43d986541847cb1043b404f792bacd4,https://s26.q4cdn.com/577104185/files/doc_earnings/2024/q2/presentation/COLB-Q2-2024-Earnings-Presentation-FINAL.pdf,PDF page 15,office_ltv_pct,57.0,percent,see metric and source row,office,all,observed,,office_ltv_pct@core-1,,aef4a56a6829d5420685a4d498058e83ccc08e12+tree.4e67479291c8900b,"Average LTV 57% at June 30, 2024 .",DSCR is non-owner occupied; LTV and credit balances are all-office. Not matched 2027 maturity cohort.,pre_PPBI,,
core_12575741bac1bf6125b218f3,COLB,consolidated,2024-06-30,2024-06-30 calendar quarter,2024-07-25,2024-07-26T12:00:00+00:00,2026-10-08T02:29:40.805098+00:00,src_9bb5b0166915e6cedfbe5e97,0efa9a0286fa69723198fcd360f41357b43d986541847cb1043b404f792bacd4,https://s26.q4cdn.com/577104185/files/doc_earnings/2024/q2/presentation/COLB-Q2-2024-Earnings-Presentation-FINAL.pdf,PDF page 15,office_nonowner_dscr,1.78,multiple,see metric and source row,office,all,observed,,office_nonowner_dscr@core-1,,aef4a56a6829d5420685a4d498058e83ccc08e12+tree.4e67479291c8900b,DSC (non-owner occupied) 1.78x ■ Our office portfolio is 39% owner,DSCR is non-owner occupied; LTV and credit balances are all-office. Not matched 2027 maturity cohort.,pre_PPBI,,
core_fab02ebfad8c0d3945e4ba54,COLB,consolidated,2024-06-30,2024-06-30 calendar quarter,2024-07-25,2024-07-26T12:00:00+00:00,2026-10-08T02:29:40.805098+00:00,src_9bb5b0166915e6cedfbe5e97,0efa9a0286fa69723198fcd360f41357b43d986541847cb1043b404f792bacd4,https://s26.q4cdn.com/577104185/files/doc_earnings/2024/q2/presentation/COLB-Q2-2024-Earnings-Presentation-FINAL.pdf,PDF page 15,office_nonaccrual,11.4,USD_million,see metric and source row,office,all,observed,,office_nonaccrual@core-1,,aef4a56a6829d5420685a4d498058e83ccc08e12+tree.4e67479291c8900b,Nonaccrual $11.4mm / 0.38% of office office portfolio.,DSCR is non-owner occupied; LTV and credit balances are all-office. Not matched 2027 maturity cohort.,pre_PPBI,,
core_0f1ed552cbd6fe5889abb37d,COLB,consolidated,2024-06-30,2024-06-30 calendar quarter,2024-07-25,2024-07-26T12:00:00+00:00,2026-10-08T02:29:40.805098+00:00,src_9bb5b0166915e6cedfbe5e97,0efa9a0286fa69723198fcd360f41357b43d986541847cb1043b404f792bacd4,https://s26.q4cdn.com/577104185/files/doc_earnings/2024/q2/presentation/COLB-Q2-2024-Earnings-Presentation-FINAL.pdf,PDF page 15,office_special_mention,11.1,USD_million,see metric and source row,office,all,observed,,office_special_mention@core-1,,aef4a56a6829d5420685a4d498058e83ccc08e12+tree.4e67479291c8900b,Special mention $11.1mm / 0.37% of office ■ The average loan size in our office,DSCR is non-owner occupied; LTV and credit balances are all-office. Not matched 2027 maturity cohort.,pre_PPBI,,
core_119e686bcb9e15ba5fab4d8c,COLB,consolidated,2024-06-30,2024-06-30 calendar quarter,2024-07-25,2024-07-26T12:00:00+00:00,2026-10-08T02:29:40.805098+00:00,src_9bb5b0166915e6cedfbe5e97,0efa9a0286fa69723198fcd360f41357b43d986541847cb1043b404f792bacd4,https://s26.q4cdn.com/577104185/files/doc_earnings/2024/q2/presentation/COLB-Q2-2024-Earnings-Presentation-FINAL.pdf,PDF page 15,office_classified,60.8,USD_million,see metric and source row,office,all,observed,,office_classified@core-1,,aef4a56a6829d5420685a4d498058e83ccc08e12+tree.4e67479291c8900b,"Classified $60.8mm / 2.04% of office portfolio is $1.35 million , delinquencies",DSCR is non-owner occupied; LTV and credit balances are all-office. Not matched 2027 maturity cohort.,pre_PPBI,,
core_f7451ee9c6fa13af7e2b04c4,COLB,consolidated,2024-06-30,2024-06-30 calendar quarter,2024-07-25,2024-07-26T12:00:00+00:00,2026-10-08T02:29:40.805098+00:00,src_9bb5b0166915e6cedfbe5e97,0efa9a0286fa69723198fcd360f41357b43d986541847cb1043b404f792bacd4,https://s26.q4cdn.com/577104185/files/doc_earnings/2024/q2/presentation/COLB-Q2-2024-Earnings-Presentation-FINAL.pdf,PDF page 15,office_past_due_30_89,0.9,USD_million,see metric and source row,office,all,observed,,office_past_due_30_89@core-1,,aef4a56a6829d5420685a4d498058e83ccc08e12+tree.4e67479291c8900b,Past due 30-89 days $0.9mm / 0.03% of office 4% construction. Dental and other,DSCR is non-owner occupied; LTV and credit balances are all-office. Not matched 2027 maturity cohort.,pre_PPBI,,
core_ad4a3acddaa5783ae194aa7d,COLB,consolidated,2024-09-30,2024-09-30 calendar quarter,2024-10-24,2024-10-25T12:00:00+00:00,2026-10-08T02:29:43.150012+00:00,src_28362ebf1dea52c7f72c509c,2deaae28ba7d5477a6cc818e5ed368525a96fb2a2d9fedfe5685a053b13b883a,https://s26.q4cdn.com/577104185/files/doc_earnings/2024/q3/earnings-result/COLB-2024-Q3-Earnings-Release.pdf,PDF page 8,deposits,41514.688,USD_million,see metric and source row,all,all,observed,,deposits@core-1,,aef4a56a6829d5420685a4d498058e83ccc08e12+tree.4e67479291c8900b,"Total deposits 41,514,688 41,523,272 41,706,160 41,607,020 41,624,368 — % — %",,pre_PPBI,,
core_5dcc2b9e3471ada13a1e834b,COLB,consolidated,2024-09-30,2024-09-30 calendar quarter,2024-10-24,2024-10-25T12:00:00+00:00,2026-10-08T02:29:43.150012+00:00,src_28362ebf1dea52c7f72c509c,2deaae28ba7d5477a6cc818e5ed368525a96fb2a2d9fedfe5685a053b13b883a,https://s26.q4cdn.com/577104185/files/doc_earnings/2024/q3/earnings-result/COLB-2024-Q3-Earnings-Release.pdf,PDF page 8,borrowings_ex_subordinated,3650.0,USD_million,see metric and source row,all,all,observed,,borrowings_ex_subordinated@core-1,,aef4a56a6829d5420685a4d498058e83ccc08e12+tree.4e67479291c8900b,"Borrowings 3,650,000 3,900,000 3,900,000 3,950,000 3,985,000 (6) % (8) %",,pre_PPBI,,
core_0161bfd0263373e3c5f1d061,COLB,consolidated,2024-09-30,2024-09-30 calendar quarter,2024-10-24,2024-10-25T12:00:00+00:00,2026-10-08T02:29:43.150012+00:00,src_28362ebf1dea52c7f72c509c,2deaae28ba7d5477a6cc818e5ed368525a96fb2a2d9fedfe5685a053b13b883a,https://s26.q4cdn.com/577104185/files/doc_earnings/2024/q3/earnings-result/COLB-2024-Q3-Earnings-Release.pdf,PDF page 8,nib_deposits,13534.065,USD_million,see metric and source row,all,all,observed,,nib_deposits@core-1,,aef4a56a6829d5420685a4d498058e83ccc08e12+tree.4e67479291c8900b,"Non-interest-bearing $ 13,534,065 $ 13,481,616 $ 13,808,554 $ 14,256,452 $ 15,532,948 — % (13) %",,pre_PPBI,,
core_f67602b9f3ab632af94c111d,COLB,consolidated,2024-09-30,2024-09-30 calendar quarter,2024-10-24,2024-10-25T12:00:00+00:00,2026-10-08T02:29:43.150012+00:00,src_28362ebf1dea52c7f72c509c,2deaae28ba7d5477a6cc818e5ed368525a96fb2a2d9fedfe5685a053b13b883a,https://s26.q4cdn.com/577104185/files/doc_earnings/2024/q3/earnings-result/COLB-2024-Q3-Earnings-Release.pdf,PDF page 8,loans_gross,37503.002,USD_million,see metric and source row,all,all,observed,,loans_gross@core-1,,aef4a56a6829d5420685a4d498058e83ccc08e12+tree.4e67479291c8900b,"Loans and leases 37,503,002 37,709,987 37,642,413 37,441,951 37,170,598 (1) % 1 %",,pre_PPBI,,
core_aa0b1cf9bf7154527cce9ca4,COLB,consolidated,2024-09-30,2024-09-30 calendar quarter,2024-10-24,2024-10-25T12:00:00+00:00,2026-10-08T02:29:43.150012+00:00,src_28362ebf1dea52c7f72c509c,2deaae28ba7d5477a6cc818e5ed368525a96fb2a2d9fedfe5685a053b13b883a,https://s26.q4cdn.com/577104185/files/doc_earnings/2024/q3/earnings-result/COLB-2024-Q3-Earnings-Release.pdf,PDF page 8,aoci,-233.88400000000001,USD_million,see metric and source row,all,all,observed,,aoci@core-1,,aef4a56a6829d5420685a4d498058e83ccc08e12+tree.4e67479291c8900b,"Accumulated other comprehensive loss (233,884) (455,682) (426,131) (340,142) (680,429) (49) % (66) %",,pre_PPBI,,
core_3b1f728159cd8d6b79b26d43,COLB,consolidated,2024-09-30,2024-09-30 calendar quarter,2024-10-24,2024-10-25T12:00:00+00:00,2026-10-08T02:29:43.150012+00:00,src_28362ebf1dea52c7f72c509c,2deaae28ba7d5477a6cc818e5ed368525a96fb2a2d9fedfe5685a053b13b883a,https://s26.q4cdn.com/577104185/files/doc_earnings/2024/q3/earnings-result/COLB-2024-Q3-Earnings-Release.pdf,PDF page 8,afs,8676.807,USD_million,see metric and source row,all,all,observed,,afs@core-1,,aef4a56a6829d5420685a4d498058e83ccc08e12+tree.4e67479291c8900b,"Available for sale, at fair value 8,676,807 8,503,000 8,616,545 8,829,870 8,503,986 2 % 2 %",,pre_PPBI,,
core_222614c2183b223f17f43cf6,COLB,consolidated,2024-09-30,2024-09-30 calendar quarter,2024-10-24,2024-10-25T12:00:00+00:00,2026-10-08T02:29:43.150012+00:00,src_28362ebf1dea52c7f72c509c,2deaae28ba7d5477a6cc818e5ed368525a96fb2a2d9fedfe5685a053b13b883a,https://s26.q4cdn.com/577104185/files/doc_earnings/2024/q3/earnings-result/COLB-2024-Q3-Earnings-Release.pdf,PDF page 8,htm,2.1590000000000003,USD_million,see metric and source row,all,all,observed,,htm@core-1,,aef4a56a6829d5420685a4d498058e83ccc08e12+tree.4e67479291c8900b,"Held to maturity, at amortized cost 2,159 2,203 2,247 2,300 2,344 (2) % (8) %",,pre_PPBI,,
core_c6dba1e55d5c96d949f89cca,COLB,consolidated,2024-09-30,2024-09-30 calendar quarter,2024-10-24,2024-10-25T12:00:00+00:00,2026-10-08T02:29:43.150012+00:00,src_28362ebf1dea52c7f72c509c,2deaae28ba7d5477a6cc818e5ed368525a96fb2a2d9fedfe5685a053b13b883a,https://s26.q4cdn.com/577104185/files/doc_earnings/2024/q3/earnings-result/COLB-2024-Q3-Earnings-Release.pdf,PDF page 13,nonaccrual,98.796,USD_million,see metric and source row,all,all,observed,,nonaccrual@core-1,,aef4a56a6829d5420685a4d498058e83ccc08e12+tree.4e67479291c8900b,"Total loans and leases on non-accrual status 98,796 92,570 98,696 74,371 70,394 7 % 40 %",,pre_PPBI,,
core_1c0e2aa880c9abd29f772675,COLB,consolidated,2024-09-30,2024-09-30 calendar quarter,2024-10-24,2024-10-25T12:00:00+00:00,2026-10-08T02:29:43.150012+00:00,src_28362ebf1dea52c7f72c509c,2deaae28ba7d5477a6cc818e5ed368525a96fb2a2d9fedfe5685a053b13b883a,https://s26.q4cdn.com/577104185/files/doc_earnings/2024/q3/earnings-result/COLB-2024-Q3-Earnings-Release.pdf,PDF page 13,npl,165.222,USD_million,see metric and source row,all,all,observed,,npl@core-1,,aef4a56a6829d5420685a4d498058e83ccc08e12+tree.4e67479291c8900b,"Total non-performing loans and leases (1), (2) 165,222 153,093 142,035 112,901 104,491 8 % 58 %",,pre_PPBI,,
core_261e2e14e5ac8cd24fabd3db,COLB,consolidated,2024-09-30,2024-09-30 calendar quarter,2024-10-24,2024-10-25T12:00:00+00:00,2026-10-08T02:29:43.150012+00:00,src_28362ebf1dea52c7f72c509c,2deaae28ba7d5477a6cc818e5ed368525a96fb2a2d9fedfe5685a053b13b883a,https://s26.q4cdn.com/577104185/files/doc_earnings/2024/q3/earnings-result/COLB-2024-Q3-Earnings-Release.pdf,PDF page 13,past_due_31_89,67.31,USD_million,see metric and source row,all,all,observed,,past_due_31_89@core-1,,aef4a56a6829d5420685a4d498058e83ccc08e12+tree.4e67479291c8900b,"Loans and leases past due 31-89 days $ 67,310 $ 85,998 $ 109,673 $ 85,235 $ 82,918 (22) % (19) %",,pre_PPBI,,
core_3ac7d9f333df943eb2de9501,COLB,consolidated,2024-09-30,2024-09-30 calendar quarter,2024-10-24,2024-10-25T12:00:00+00:00,2026-10-08T02:29:43.150012+00:00,src_28362ebf1dea52c7f72c509c,2deaae28ba7d5477a6cc818e5ed368525a96fb2a2d9fedfe5685a053b13b883a,https://s26.q4cdn.com/577104185/files/doc_earnings/2024/q3/earnings-result/COLB-2024-Q3-Earnings-Release.pdf,PDF page 13,past_due_90_accruing,66.426,USD_million,see metric and source row,all,all,observed,,past_due_90_accruing@core-1,,aef4a56a6829d5420685a4d498058e83ccc08e12+tree.4e67479291c8900b,"accruing 66,426 60,523 43,339 38,530 34,097 10 % 95 %",,pre_PPBI,,
core_3a3c94bbbbb7323a4bc4a627,COLB,consolidated,2024-09-30,2024-09-30 calendar quarter,2024-10-24,2024-10-25T12:00:00+00:00,2026-10-08T02:29:43.150012+00:00,src_28362ebf1dea52c7f72c509c,2deaae28ba7d5477a6cc818e5ed368525a96fb2a2d9fedfe5685a053b13b883a,https://s26.q4cdn.com/577104185/files/doc_earnings/2024/q3/earnings-result/COLB-2024-Q3-Earnings-Release.pdf,PDF page 14,acl_loans,420.05400000000003,USD_million,see metric and source row,all,all,observed,,acl_loans@core-1,,aef4a56a6829d5420685a4d498058e83ccc08e12+tree.4e67479291c8900b,"Balance, end of period $ 420,054 $ 418,671 $ 414,344 $ 440,871 $ 416,560 0 % 1 %",,pre_PPBI,,
core_180db300bd8020f25c6e2831,COLB,consolidated,2024-09-30,2024-09-30 calendar quarter,2024-10-24,2024-10-25T12:00:00+00:00,2026-10-08T02:29:43.150012+00:00,src_28362ebf1dea52c7f72c509c,2deaae28ba7d5477a6cc818e5ed368525a96fb2a2d9fedfe5685a053b13b883a,https://s26.q4cdn.com/577104185/files/doc_earnings/2024/q3/earnings-result/COLB-2024-Q3-Earnings-Release.pdf,PDF page 14,nco,29.115000000000002,USD_million,see metric and source row,all,all,observed,,nco@core-1,,aef4a56a6829d5420685a4d498058e83ccc08e12+tree.4e67479291c8900b,"Total net charge-offs (29,115) (30,433) (44,003) (28,872) (23,125) (4) % 26 %",,pre_PPBI,,
core_4df34bc609e27f95faa092bc,COLB,consolidated,2024-09-30,2024-09-30 calendar quarter,2024-10-24,2024-10-25T12:00:00+00:00,2026-10-08T02:29:43.150012+00:00,src_28362ebf1dea52c7f72c509c,2deaae28ba7d5477a6cc818e5ed368525a96fb2a2d9fedfe5685a053b13b883a,https://s26.q4cdn.com/577104185/files/doc_earnings/2024/q3/earnings-result/COLB-2024-Q3-Earnings-Release.pdf,PDF page 6,nii,430.218,USD_million,see metric and source row,all,all,observed,,nii@core-1,,aef4a56a6829d5420685a4d498058e83ccc08e12+tree.4e67479291c8900b,"Net interest income 430,218 427,449 423,362 453,623 480,875 1 % (11) %",,pre_PPBI,,
core_b8e13ada278754482bd2d3ef,COLB,consolidated,2024-09-30,2024-09-30 calendar quarter,2024-10-24,2024-10-25T12:00:00+00:00,2026-10-08T02:29:43.150012+00:00,src_28362ebf1dea52c7f72c509c,2deaae28ba7d5477a6cc818e5ed368525a96fb2a2d9fedfe5685a053b13b883a,https://s26.q4cdn.com/577104185/files/doc_earnings/2024/q3/earnings-result/COLB-2024-Q3-Earnings-Release.pdf,PDF page 6,nie,271.358,USD_million,see metric and source row,all,all,observed,,nie@core-1,,aef4a56a6829d5420685a4d498058e83ccc08e12+tree.4e67479291c8900b,"Total non-interest expense 271,358 279,244 287,516 337,176 304,147 (3) % (11) %",,pre_PPBI,,
core_c009122a36b72527f38bb390,COLB,consolidated,2024-09-30,2024-09-30 calendar quarter,2024-10-24,2024-10-25T12:00:00+00:00,2026-10-08T02:29:43.150012+00:00,src_28362ebf1dea52c7f72c509c,2deaae28ba7d5477a6cc818e5ed368525a96fb2a2d9fedfe5685a053b13b883a,https://s26.q4cdn.com/577104185/files/doc_earnings/2024/q3/earnings-result/COLB-2024-Q3-Earnings-Release.pdf,PDF page 9,nim_te_pct,3.56,percent,see metric and source row,all,all,observed,,nim_te_pct@core-1,,aef4a56a6829d5420685a4d498058e83ccc08e12+tree.4e67479291c8900b,Net interest margin (2) 3.56 % 3.56 % 3.52 % 3.78 % 3.91 % — (0.35),,pre_PPBI,,
core_73d2603baa4434d40cc1d6bf,COLB,consolidated,2024-09-30,2024-09-30 calendar quarter,2024-10-24,2024-10-25T12:00:00+00:00,2026-10-08T02:29:43.150012+00:00,src_28362ebf1dea52c7f72c509c,2deaae28ba7d5477a6cc818e5ed368525a96fb2a2d9fedfe5685a053b13b883a,https://s26.q4cdn.com/577104185/files/doc_earnings/2024/q3/earnings-result/COLB-2024-Q3-Earnings-Release.pdf,PDF page 6,pretax_income,196.25,USD_million,see metric and source row,all,all,observed,,pretax_income@core-1,,aef4a56a6829d5420685a4d498058e83ccc08e12+tree.4e67479291c8900b,"Income before provision for income taxes 196,250 161,088 169,067 127,071 183,972 22 % 7 %",,pre_PPBI,,
core_de0b75043708ecd6e72b29ec,COLB,consolidated,2024-09-30,2024-09-30 calendar quarter,2024-10-24,2024-10-25T12:00:00+00:00,2026-10-08T02:29:43.150012+00:00,src_28362ebf1dea52c7f72c509c,2deaae28ba7d5477a6cc818e5ed368525a96fb2a2d9fedfe5685a053b13b883a,https://s26.q4cdn.com/577104185/files/doc_earnings/2024/q3/earnings-result/COLB-2024-Q3-Earnings-Release.pdf,PDF page 6,provision,28.769000000000002,USD_million,see metric and source row,all,all,observed,,provision@core-1,,aef4a56a6829d5420685a4d498058e83ccc08e12+tree.4e67479291c8900b,"Provision for credit losses 28,769 31,820 17,136 54,909 36,737 (10) % (22) %",,pre_PPBI,,
core_370767ff2958bcb45871d4eb,COLB,consolidated,2024-09-30,2024-09-30 calendar quarter,2024-10-24,2024-10-25T12:00:00+00:00,2026-10-08T02:29:43.150012+00:00,src_28362ebf1dea52c7f72c509c,2deaae28ba7d5477a6cc818e5ed368525a96fb2a2d9fedfe5685a053b13b883a,https://s26.q4cdn.com/577104185/files/doc_earnings/2024/q3/earnings-result/COLB-2024-Q3-Earnings-Release.pdf,PDF page 6,ppnr_gaap,225.019,USD_million,see metric and source row,all,all,derived,,ppnr_gaap@core-1,,aef4a56a6829d5420685a4d498058e83ccc08e12+tree.4e67479291c8900b,Pretax income + provision for credit losses,Includes GAAP merger and other nonrecurring effects; not adjusted PPNR,pre_PPBI,,
core_e58d6daca9e148cf35f18aab,COLB,consolidated,2024-09-30,2024-09-30 calendar quarter,2024-10-24,2024-10-25T12:00:00+00:00,2026-10-08T02:29:47.079987+00:00,src_a37af59a9032d22964e38171,bab2d3488a81a3810eb8844bd2cafade0c28717d83b3a938ce55446673c793fd,https://s26.q4cdn.com/577104185/files/doc_earnings/2024/q3/presentation/COLB-Q3-2024-Earnings-Presentation-FINAL.pdf,PDF page 15,office_ltv_pct,57.0,percent,see metric and source row,office,all,observed,,office_ltv_pct@core-1,,aef4a56a6829d5420685a4d498058e83ccc08e12+tree.4e67479291c8900b,"Average LTV 57% as of September 30, 2024 .",DSCR is non-owner occupied; LTV and credit balances are all-office. Not matched 2027 maturity cohort.,pre_PPBI,,
core_276aa070301f9938f40bcfb6,COLB,consolidated,2024-09-30,2024-09-30 calendar quarter,2024-10-24,2024-10-25T12:00:00+00:00,2026-10-08T02:29:47.079987+00:00,src_a37af59a9032d22964e38171,bab2d3488a81a3810eb8844bd2cafade0c28717d83b3a938ce55446673c793fd,https://s26.q4cdn.com/577104185/files/doc_earnings/2024/q3/presentation/COLB-Q3-2024-Earnings-Presentation-FINAL.pdf,PDF page 15,office_nonowner_dscr,1.8,multiple,see metric and source row,office,all,observed,,office_nonowner_dscr@core-1,,aef4a56a6829d5420685a4d498058e83ccc08e12+tree.4e67479291c8900b,DSC (non-owner occupied) 1.80x ■ Our office portfolio is 40% owner,DSCR is non-owner occupied; LTV and credit balances are all-office. Not matched 2027 maturity cohort.,pre_PPBI,,
core_ed4e2121d8b6044b4c35322f,COLB,consolidated,2024-09-30,2024-09-30 calendar quarter,2024-10-24,2024-10-25T12:00:00+00:00,2026-10-08T02:29:47.079987+00:00,src_a37af59a9032d22964e38171,bab2d3488a81a3810eb8844bd2cafade0c28717d83b3a938ce55446673c793fd,https://s26.q4cdn.com/577104185/files/doc_earnings/2024/q3/presentation/COLB-Q3-2024-Earnings-Presentation-FINAL.pdf,PDF page 15,office_nonaccrual,11.4,USD_million,see metric and source row,office,all,observed,,office_nonaccrual@core-1,,aef4a56a6829d5420685a4d498058e83ccc08e12+tree.4e67479291c8900b,Nonaccrual $11.4mm / 0.38% of office office portfolio.,DSCR is non-owner occupied; LTV and credit balances are all-office. Not matched 2027 maturity cohort.,pre_PPBI,,
core_3d7ce03fcc44b57f26369077,COLB,consolidated,2024-09-30,2024-09-30 calendar quarter,2024-10-24,2024-10-25T12:00:00+00:00,2026-10-08T02:29:47.079987+00:00,src_a37af59a9032d22964e38171,bab2d3488a81a3810eb8844bd2cafade0c28717d83b3a938ce55446673c793fd,https://s26.q4cdn.com/577104185/files/doc_earnings/2024/q3/presentation/COLB-Q3-2024-Earnings-Presentation-FINAL.pdf,PDF page 15,office_special_mention,12.6,USD_million,see metric and source row,office,all,observed,,office_special_mention@core-1,,aef4a56a6829d5420685a4d498058e83ccc08e12+tree.4e67479291c8900b,Special mention $12.6mm / 0.42% of office ■ The average loan size in our office,DSCR is non-owner occupied; LTV and credit balances are all-office. Not matched 2027 maturity cohort.,pre_PPBI,,
core_1539c809b454b6625f65bc23,COLB,consolidated,2024-09-30,2024-09-30 calendar quarter,2024-10-24,2024-10-25T12:00:00+00:00,2026-10-08T02:29:47.079987+00:00,src_a37af59a9032d22964e38171,bab2d3488a81a3810eb8844bd2cafade0c28717d83b3a938ce55446673c793fd,https://s26.q4cdn.com/577104185/files/doc_earnings/2024/q3/presentation/COLB-Q3-2024-Earnings-Presentation-FINAL.pdf,PDF page 15,office_classified,94.1,USD_million,see metric and source row,office,all,observed,,office_classified@core-1,,aef4a56a6829d5420685a4d498058e83ccc08e12+tree.4e67479291c8900b,Classified $94.1mm / 3.17% of office portfolio is $1.36 million . There were no,DSCR is non-owner occupied; LTV and credit balances are all-office. Not matched 2027 maturity cohort.,pre_PPBI,,
core_0a583d85948bfd1b0e42e614,COLB,consolidated,2024-09-30,2024-09-30 calendar quarter,2024-10-24,2024-10-25T12:00:00+00:00,2026-10-08T02:29:47.079987+00:00,src_a37af59a9032d22964e38171,bab2d3488a81a3810eb8844bd2cafade0c28717d83b3a938ce55446673c793fd,https://s26.q4cdn.com/577104185/files/doc_earnings/2024/q3/presentation/COLB-Q3-2024-Earnings-Presentation-FINAL.pdf,PDF page 15,office_past_due_30_89,0.0,USD_million,see metric and source row,office,all,observed,,office_past_due_30_89@core-1,,aef4a56a6829d5420685a4d498058e83ccc08e12+tree.4e67479291c8900b,Past due 30-89 days $0 3% construction. Dental and other,DSCR is non-owner occupied; LTV and credit balances are all-office. Not matched 2027 maturity cohort.,pre_PPBI,,
core_02512a79e2b60241120e034d,COLB,consolidated,2024-12-31,2024-12-31 calendar quarter,2025-01-23,2025-01-24T12:00:00+00:00,2026-10-08T02:29:49.679177+00:00,src_4f2ddff76f5ed11deb1fd52c,630afa8f21fcf8caf48eac00903cecbec818d53fa357757166d92e9e3af477dd,https://s26.q4cdn.com/577104185/files/doc_earnings/2024/q4/earnings-result/COLB-2024-Q4-Earnings-Release.pdf,PDF page 8,deposits,41720.732,USD_million,see metric and source row,all,all,observed,,deposits@core-1,,aef4a56a6829d5420685a4d498058e83ccc08e12+tree.4e67479291c8900b,"Total deposits 41,720,732 41,514,688 41,523,272 41,706,160 41,607,020 — % — %",,pre_PPBI,,
core_b6cf81c7474b34240e3cc7ab,COLB,consolidated,2024-12-31,2024-12-31 calendar quarter,2025-01-23,2025-01-24T12:00:00+00:00,2026-10-08T02:29:49.679177+00:00,src_4f2ddff76f5ed11deb1fd52c,630afa8f21fcf8caf48eac00903cecbec818d53fa357757166d92e9e3af477dd,https://s26.q4cdn.com/577104185/files/doc_earnings/2024/q4/earnings-result/COLB-2024-Q4-Earnings-Release.pdf,PDF page 8,borrowings_ex_subordinated,3100.0,USD_million,see metric and source row,all,all,observed,,borrowings_ex_subordinated@core-1,,aef4a56a6829d5420685a4d498058e83ccc08e12+tree.4e67479291c8900b,"Borrowings 3,100,000 3,650,000 3,900,000 3,900,000 3,950,000 (15) % (22) %",,pre_PPBI,,
core_3d8affd68ddd52e4e544da34,COLB,consolidated,2024-12-31,2024-12-31 calendar quarter,2025-01-23,2025-01-24T12:00:00+00:00,2026-10-08T02:29:49.679177+00:00,src_4f2ddff76f5ed11deb1fd52c,630afa8f21fcf8caf48eac00903cecbec818d53fa357757166d92e9e3af477dd,https://s26.q4cdn.com/577104185/files/doc_earnings/2024/q4/earnings-result/COLB-2024-Q4-Earnings-Release.pdf,PDF page 8,nib_deposits,13307.905,USD_million,see metric and source row,all,all,observed,,nib_deposits@core-1,,aef4a56a6829d5420685a4d498058e83ccc08e12+tree.4e67479291c8900b,"Non-interest-bearing $ 13,307,905 $ 13,534,065 $ 13,481,616 $ 13,808,554 $ 14,256,452 (2) % (7) %",,pre_PPBI,,
core_83a0e685683b1b613af26407,COLB,consolidated,2024-12-31,2024-12-31 calendar quarter,2025-01-23,2025-01-24T12:00:00+00:00,2026-10-08T02:29:49.679177+00:00,src_4f2ddff76f5ed11deb1fd52c,630afa8f21fcf8caf48eac00903cecbec818d53fa357757166d92e9e3af477dd,https://s26.q4cdn.com/577104185/files/doc_earnings/2024/q4/earnings-result/COLB-2024-Q4-Earnings-Release.pdf,PDF page 8,loans_gross,37680.901,USD_million,see metric and source row,all,all,observed,,loans_gross@core-1,,aef4a56a6829d5420685a4d498058e83ccc08e12+tree.4e67479291c8900b,"Loans and leases 37,680,901 37,503,002 37,709,987 37,642,413 37,441,951 — % 1 %",,pre_PPBI,,
core_4651d91cfb0b80cbb63ce1f2,COLB,consolidated,2024-12-31,2024-12-31 calendar quarter,2025-01-23,2025-01-24T12:00:00+00:00,2026-10-08T02:29:49.679177+00:00,src_4f2ddff76f5ed11deb1fd52c,630afa8f21fcf8caf48eac00903cecbec818d53fa357757166d92e9e3af477dd,https://s26.q4cdn.com/577104185/files/doc_earnings/2024/q4/earnings-result/COLB-2024-Q4-Earnings-Release.pdf,PDF page 8,aoci,-461.98,USD_million,see metric and source row,all,all,observed,,aoci@core-1,,aef4a56a6829d5420685a4d498058e83ccc08e12+tree.4e67479291c8900b,"Accumulated other comprehensive loss (461,980) (233,884) (455,682) (426,131) (340,142) 98 % 36 %",,pre_PPBI,,
core_6379d6c3a031398a63ada2f4,COLB,consolidated,2024-12-31,2024-12-31 calendar quarter,2025-01-23,2025-01-24T12:00:00+00:00,2026-10-08T02:29:49.679177+00:00,src_4f2ddff76f5ed11deb1fd52c,630afa8f21fcf8caf48eac00903cecbec818d53fa357757166d92e9e3af477dd,https://s26.q4cdn.com/577104185/files/doc_earnings/2024/q4/earnings-result/COLB-2024-Q4-Earnings-Release.pdf,PDF page 8,afs,8274.615,USD_million,see metric and source row,all,all,observed,,afs@core-1,,aef4a56a6829d5420685a4d498058e83ccc08e12+tree.4e67479291c8900b,"Available for sale, at fair value 8,274,615 8,676,807 8,503,000 8,616,545 8,829,870 (5) % (6) %",,pre_PPBI,,
core_fc64dfb74cccb3917213a939,COLB,consolidated,2024-12-31,2024-12-31 calendar quarter,2025-01-23,2025-01-24T12:00:00+00:00,2026-10-08T02:29:49.679177+00:00,src_4f2ddff76f5ed11deb1fd52c,630afa8f21fcf8caf48eac00903cecbec818d53fa357757166d92e9e3af477dd,https://s26.q4cdn.com/577104185/files/doc_earnings/2024/q4/earnings-result/COLB-2024-Q4-Earnings-Release.pdf,PDF page 8,htm,2.101,USD_million,see metric and source row,all,all,observed,,htm@core-1,,aef4a56a6829d5420685a4d498058e83ccc08e12+tree.4e67479291c8900b,"Held to maturity, at amortized cost 2,101 2,159 2,203 2,247 2,300 (3) % (9) %",,pre_PPBI,,
core_31a76ace4ba62662e331a18d,COLB,consolidated,2024-12-31,2024-12-31 calendar quarter,2025-01-23,2025-01-24T12:00:00+00:00,2026-10-08T02:29:49.679177+00:00,src_4f2ddff76f5ed11deb1fd52c,630afa8f21fcf8caf48eac00903cecbec818d53fa357757166d92e9e3af477dd,https://s26.q4cdn.com/577104185/files/doc_earnings/2024/q4/earnings-result/COLB-2024-Q4-Earnings-Release.pdf,PDF page 13,nonaccrual,96.47800000000001,USD_million,see metric and source row,all,all,observed,,nonaccrual@core-1,,aef4a56a6829d5420685a4d498058e83ccc08e12+tree.4e67479291c8900b,"Total loans and leases on non-accrual status 96,478 98,796 92,570 98,696 74,371 (2) % 30 %",,pre_PPBI,,
core_1c54a22e247cf651f2439e27,COLB,consolidated,2024-12-31,2024-12-31 calendar quarter,2025-01-23,2025-01-24T12:00:00+00:00,2026-10-08T02:29:49.679177+00:00,src_4f2ddff76f5ed11deb1fd52c,630afa8f21fcf8caf48eac00903cecbec818d53fa357757166d92e9e3af477dd,https://s26.q4cdn.com/577104185/files/doc_earnings/2024/q4/earnings-result/COLB-2024-Q4-Earnings-Release.pdf,PDF page 13,npl,166.893,USD_million,see metric and source row,all,all,observed,,npl@core-1,,aef4a56a6829d5420685a4d498058e83ccc08e12+tree.4e67479291c8900b,"Total non-performing loans and leases (1), (2) 166,893 165,222 153,093 142,035 112,901 1 % 48 %",,pre_PPBI,,
core_a81b9bda409ca5ce3a93ce53,COLB,consolidated,2024-12-31,2024-12-31 calendar quarter,2025-01-23,2025-01-24T12:00:00+00:00,2026-10-08T02:29:49.679177+00:00,src_4f2ddff76f5ed11deb1fd52c,630afa8f21fcf8caf48eac00903cecbec818d53fa357757166d92e9e3af477dd,https://s26.q4cdn.com/577104185/files/doc_earnings/2024/q4/earnings-result/COLB-2024-Q4-Earnings-Release.pdf,PDF page 13,past_due_31_89,105.199,USD_million,see metric and source row,all,all,observed,,past_due_31_89@core-1,,aef4a56a6829d5420685a4d498058e83ccc08e12+tree.4e67479291c8900b,"Loans and leases past due 31-89 days $ 105,199 $ 67,310 $ 85,998 $ 109,673 $ 85,235 56 % 23 %",,pre_PPBI,,
core_2c33af3f55d2834b5e841c6e,COLB,consolidated,2024-12-31,2024-12-31 calendar quarter,2025-01-23,2025-01-24T12:00:00+00:00,2026-10-08T02:29:49.679177+00:00,src_4f2ddff76f5ed11deb1fd52c,630afa8f21fcf8caf48eac00903cecbec818d53fa357757166d92e9e3af477dd,https://s26.q4cdn.com/577104185/files/doc_earnings/2024/q4/earnings-result/COLB-2024-Q4-Earnings-Release.pdf,PDF page 13,past_due_90_accruing,70.415,USD_million,see metric and source row,all,all,observed,,past_due_90_accruing@core-1,,aef4a56a6829d5420685a4d498058e83ccc08e12+tree.4e67479291c8900b,"accruing 70,415 66,426 60,523 43,339 38,530 6 % 83 %",,pre_PPBI,,
core_8062cf5ae9293afb908b3f2a,COLB,consolidated,2024-12-31,2024-12-31 calendar quarter,2025-01-23,2025-01-24T12:00:00+00:00,2026-10-08T02:29:49.679177+00:00,src_4f2ddff76f5ed11deb1fd52c,630afa8f21fcf8caf48eac00903cecbec818d53fa357757166d92e9e3af477dd,https://s26.q4cdn.com/577104185/files/doc_earnings/2024/q4/earnings-result/COLB-2024-Q4-Earnings-Release.pdf,PDF page 14,acl_loans,424.629,USD_million,see metric and source row,all,all,observed,,acl_loans@core-1,,aef4a56a6829d5420685a4d498058e83ccc08e12+tree.4e67479291c8900b,"Balance, end of period $ 424,629 $ 420,054 $ 418,671 $ 414,344 $ 440,871 1 % (4) %",,pre_PPBI,,
core_1359e073320ac613817dd34f,COLB,consolidated,2024-12-31,2024-12-31 calendar quarter,2025-01-23,2025-01-24T12:00:00+00:00,2026-10-08T02:29:49.679177+00:00,src_4f2ddff76f5ed11deb1fd52c,630afa8f21fcf8caf48eac00903cecbec818d53fa357757166d92e9e3af477dd,https://s26.q4cdn.com/577104185/files/doc_earnings/2024/q4/earnings-result/COLB-2024-Q4-Earnings-Release.pdf,PDF page 14,nco,25.655,USD_million,see metric and source row,all,all,observed,,nco@core-1,,aef4a56a6829d5420685a4d498058e83ccc08e12+tree.4e67479291c8900b,"Total net charge-offs (25,655) (29,115) (30,433) (44,003) (28,872) (12) % (11) %",,pre_PPBI,,
core_be134dc133bdc9f5e0e2d307,COLB,consolidated,2024-12-31,2024-12-31 calendar quarter,2025-01-23,2025-01-24T12:00:00+00:00,2026-10-08T02:29:49.679177+00:00,src_4f2ddff76f5ed11deb1fd52c,630afa8f21fcf8caf48eac00903cecbec818d53fa357757166d92e9e3af477dd,https://s26.q4cdn.com/577104185/files/doc_earnings/2024/q4/earnings-result/COLB-2024-Q4-Earnings-Release.pdf,PDF page 6,nii,437.373,USD_million,see metric and source row,all,all,observed,,nii@core-1,,aef4a56a6829d5420685a4d498058e83ccc08e12+tree.4e67479291c8900b,"Net interest income 437,373 430,218 427,449 423,362 453,623 2 % (4) %",,pre_PPBI,,
core_00abbf1b9680605ac7127cf5,COLB,consolidated,2024-12-31,2024-12-31 calendar quarter,2025-01-23,2025-01-24T12:00:00+00:00,2026-10-08T02:29:49.679177+00:00,src_4f2ddff76f5ed11deb1fd52c,630afa8f21fcf8caf48eac00903cecbec818d53fa357757166d92e9e3af477dd,https://s26.q4cdn.com/577104185/files/doc_earnings/2024/q4/earnings-result/COLB-2024-Q4-Earnings-Release.pdf,PDF page 6,nie,266.576,USD_million,see metric and source row,all,all,observed,,nie@core-1,,aef4a56a6829d5420685a4d498058e83ccc08e12+tree.4e67479291c8900b,"Total non-interest expense 266,576 271,358 279,244 287,516 337,176 (2) % (21) %",,pre_PPBI,,
core_b978f200e67f56801087dbba,COLB,consolidated,2024-12-31,2024-12-31 calendar quarter,2025-01-23,2025-01-24T12:00:00+00:00,2026-10-08T02:29:49.679177+00:00,src_4f2ddff76f5ed11deb1fd52c,630afa8f21fcf8caf48eac00903cecbec818d53fa357757166d92e9e3af477dd,https://s26.q4cdn.com/577104185/files/doc_earnings/2024/q4/earnings-result/COLB-2024-Q4-Earnings-Release.pdf,PDF page 9,nim_te_pct,3.64,percent,see metric and source row,all,all,observed,,nim_te_pct@core-1,,aef4a56a6829d5420685a4d498058e83ccc08e12+tree.4e67479291c8900b,Net interest margin (2) 3.64 % 3.56 % 3.56 % 3.52 % 3.78 % 0.08 (0.14),,pre_PPBI,,
core_9d768c8fef1e74a6fcc49e4a,COLB,consolidated,2024-12-31,2024-12-31 calendar quarter,2025-01-23,2025-01-24T12:00:00+00:00,2026-10-08T02:29:49.679177+00:00,src_4f2ddff76f5ed11deb1fd52c,630afa8f21fcf8caf48eac00903cecbec818d53fa357757166d92e9e3af477dd,https://s26.q4cdn.com/577104185/files/doc_earnings/2024/q4/earnings-result/COLB-2024-Q4-Earnings-Release.pdf,PDF page 6,pretax_income,192.345,USD_million,see metric and source row,all,all,observed,,pretax_income@core-1,,aef4a56a6829d5420685a4d498058e83ccc08e12+tree.4e67479291c8900b,"Income before provision for income taxes 192,345 196,250 161,088 169,067 127,071 (2) % 51 %",,pre_PPBI,,
core_389a41a94114a90e12f58933,COLB,consolidated,2024-12-31,2024-12-31 calendar quarter,2025-01-23,2025-01-24T12:00:00+00:00,2026-10-08T02:29:49.679177+00:00,src_4f2ddff76f5ed11deb1fd52c,630afa8f21fcf8caf48eac00903cecbec818d53fa357757166d92e9e3af477dd,https://s26.q4cdn.com/577104185/files/doc_earnings/2024/q4/earnings-result/COLB-2024-Q4-Earnings-Release.pdf,PDF page 6,provision,28.199,USD_million,see metric and source row,all,all,observed,,provision@core-1,,aef4a56a6829d5420685a4d498058e83ccc08e12+tree.4e67479291c8900b,"Provision for credit losses 28,199 28,769 31,820 17,136 54,909 (2) % (49) %",,pre_PPBI,,
core_7800d5ddd1476c3e8c95960b,COLB,consolidated,2024-12-31,2024-12-31 calendar quarter,2025-01-23,2025-01-24T12:00:00+00:00,2026-10-08T02:29:49.679177+00:00,src_4f2ddff76f5ed11deb1fd52c,630afa8f21fcf8caf48eac00903cecbec818d53fa357757166d92e9e3af477dd,https://s26.q4cdn.com/577104185/files/doc_earnings/2024/q4/earnings-result/COLB-2024-Q4-Earnings-Release.pdf,PDF page 6,ppnr_gaap,220.544,USD_million,see metric and source row,all,all,derived,,ppnr_gaap@core-1,,aef4a56a6829d5420685a4d498058e83ccc08e12+tree.4e67479291c8900b,Pretax income + provision for credit losses,Includes GAAP merger and other nonrecurring effects; not adjusted PPNR,pre_PPBI,,
core_50c04541085914f3502d3dcc,COLB,consolidated,2024-12-31,2024-12-31 calendar quarter,2025-01-23,2025-01-24T12:00:00+00:00,2026-10-08T02:29:54.020333+00:00,src_439263cae47b11603f6d86ea,0140e098638a4c864c694dbced9c9e893c2480130a7be825542ccb097d977715,https://s26.q4cdn.com/577104185/files/doc_earnings/2024/q4/presentation/COLB-Q4-2024-Earnings-Presentation-FINAL.pdf,PDF page 16,office_ltv_pct,57.0,percent,see metric and source row,office,all,observed,,office_ltv_pct@core-1,,aef4a56a6829d5420685a4d498058e83ccc08e12+tree.4e67479291c8900b,"Average LTV 57% as of December 31, 2024 .",DSCR is non-owner occupied; LTV and credit balances are all-office. Not matched 2027 maturity cohort.,pre_PPBI,,
core_6214bec137da28b20fa2b1aa,COLB,consolidated,2024-12-31,2024-12-31 calendar quarter,2025-01-23,2025-01-24T12:00:00+00:00,2026-10-08T02:29:54.020333+00:00,src_439263cae47b11603f6d86ea,0140e098638a4c864c694dbced9c9e893c2480130a7be825542ccb097d977715,https://s26.q4cdn.com/577104185/files/doc_earnings/2024/q4/presentation/COLB-Q4-2024-Earnings-Presentation-FINAL.pdf,PDF page 16,office_nonowner_dscr,1.8,multiple,see metric and source row,office,all,observed,,office_nonowner_dscr@core-1,,aef4a56a6829d5420685a4d498058e83ccc08e12+tree.4e67479291c8900b,DSC (non-owner occupied) 1.80x ■ Our office portfolio is 40% owner,DSCR is non-owner occupied; LTV and credit balances are all-office. Not matched 2027 maturity cohort.,pre_PPBI,,
core_aec6e7c3e0a5f2512fdb8410,COLB,consolidated,2024-12-31,2024-12-31 calendar quarter,2025-01-23,2025-01-24T12:00:00+00:00,2026-10-08T02:29:54.020333+00:00,src_439263cae47b11603f6d86ea,0140e098638a4c864c694dbced9c9e893c2480130a7be825542ccb097d977715,https://s26.q4cdn.com/577104185/files/doc_earnings/2024/q4/presentation/COLB-Q4-2024-Earnings-Presentation-FINAL.pdf,PDF page 16,office_nonaccrual,10.3,USD_million,see metric and source row,office,all,observed,,office_nonaccrual@core-1,,aef4a56a6829d5420685a4d498058e83ccc08e12+tree.4e67479291c8900b,Nonaccrual $10.3mm / 0.35% of office office portfolio.,DSCR is non-owner occupied; LTV and credit balances are all-office. Not matched 2027 maturity cohort.,pre_PPBI,,
core_9b83758f55a97ba6815dcc58,COLB,consolidated,2024-12-31,2024-12-31 calendar quarter,2025-01-23,2025-01-24T12:00:00+00:00,2026-10-08T02:29:54.020333+00:00,src_439263cae47b11603f6d86ea,0140e098638a4c864c694dbced9c9e893c2480130a7be825542ccb097d977715,https://s26.q4cdn.com/577104185/files/doc_earnings/2024/q4/presentation/COLB-Q4-2024-Earnings-Presentation-FINAL.pdf,PDF page 16,office_special_mention,45.6,USD_million,see metric and source row,office,all,observed,,office_special_mention@core-1,,aef4a56a6829d5420685a4d498058e83ccc08e12+tree.4e67479291c8900b,Special mention $45.6mm / 1.57% of office ■ The average loan size in our office,DSCR is non-owner occupied; LTV and credit balances are all-office. Not matched 2027 maturity cohort.,pre_PPBI,,
core_171fcedfa2456b8bdaea7a01,COLB,consolidated,2024-12-31,2024-12-31 calendar quarter,2025-01-23,2025-01-24T12:00:00+00:00,2026-10-08T02:29:54.020333+00:00,src_439263cae47b11603f6d86ea,0140e098638a4c864c694dbced9c9e893c2480130a7be825542ccb097d977715,https://s26.q4cdn.com/577104185/files/doc_earnings/2024/q4/presentation/COLB-Q4-2024-Earnings-Presentation-FINAL.pdf,PDF page 16,office_classified,66.6,USD_million,see metric and source row,office,all,observed,,office_classified@core-1,,aef4a56a6829d5420685a4d498058e83ccc08e12+tree.4e67479291c8900b,Classified $66.6mm / 2.29% of office portfolio is $1.35 million . Delinquencies,DSCR is non-owner occupied; LTV and credit balances are all-office. Not matched 2027 maturity cohort.,pre_PPBI,,
core_067718fd6d929d4631a7d2ee,COLB,consolidated,2024-12-31,2024-12-31 calendar quarter,2025-01-23,2025-01-24T12:00:00+00:00,2026-10-08T02:29:54.020333+00:00,src_439263cae47b11603f6d86ea,0140e098638a4c864c694dbced9c9e893c2480130a7be825542ccb097d977715,https://s26.q4cdn.com/577104185/files/doc_earnings/2024/q4/presentation/COLB-Q4-2024-Earnings-Presentation-FINAL.pdf,PDF page 16,office_past_due_30_89,19.3,USD_million,see metric and source row,office,all,observed,,office_past_due_30_89@core-1,,aef4a56a6829d5420685a4d498058e83ccc08e12+tree.4e67479291c8900b,Past due 30-89 days $19.3mm / 0.66% of office 3% construction. Dental and other,DSCR is non-owner occupied; LTV and credit balances are all-office. Not matched 2027 maturity cohort.,pre_PPBI,,
core_440c39c6bca482cda1d9c578,COLB,consolidated,2025-03-31,2025-03-31 calendar quarter,2025-04-23,2025-04-24T12:00:00+00:00,2026-10-08T02:29:56.911024+00:00,src_043255685da3386b333e0543,f4ae332917147b8d143897bff4fc103a5de96016a022754c14ef6e9a2c8a3904,https://s26.q4cdn.com/577104185/files/doc_earnings/2025/q1/earnings-result/COLB-2025-Q1-Earnings-Release.pdf,PDF page 7,deposits,42217.694,USD_million,see metric and source row,all,all,observed,,deposits@core-1,,aef4a56a6829d5420685a4d498058e83ccc08e12+tree.4e67479291c8900b,"Total deposits 42,217,694 41,720,732 41,514,688 41,523,272 41,706,160 1 % 1 %",,pre_PPBI,,
core_2d2e5b5b8ca3ae7c3c156d05,COLB,consolidated,2025-03-31,2025-03-31 calendar quarter,2025-04-23,2025-04-24T12:00:00+00:00,2026-10-08T02:29:56.911024+00:00,src_043255685da3386b333e0543,f4ae332917147b8d143897bff4fc103a5de96016a022754c14ef6e9a2c8a3904,https://s26.q4cdn.com/577104185/files/doc_earnings/2025/q1/earnings-result/COLB-2025-Q1-Earnings-Release.pdf,PDF page 7,borrowings_ex_subordinated,2550.0,USD_million,see metric and source row,all,all,observed,,borrowings_ex_subordinated@core-1,,aef4a56a6829d5420685a4d498058e83ccc08e12+tree.4e67479291c8900b,"Borrowings 2,550,000 3,100,000 3,650,000 3,900,000 3,900,000 (18) % (35) %",,pre_PPBI,,
core_d62fa2302d0e5d2df70f4747,COLB,consolidated,2025-03-31,2025-03-31 calendar quarter,2025-04-23,2025-04-24T12:00:00+00:00,2026-10-08T02:29:56.911024+00:00,src_043255685da3386b333e0543,f4ae332917147b8d143897bff4fc103a5de96016a022754c14ef6e9a2c8a3904,https://s26.q4cdn.com/577104185/files/doc_earnings/2025/q1/earnings-result/COLB-2025-Q1-Earnings-Release.pdf,PDF page 7,nib_deposits,13413.927,USD_million,see metric and source row,all,all,observed,,nib_deposits@core-1,,aef4a56a6829d5420685a4d498058e83ccc08e12+tree.4e67479291c8900b,"Non-interest-bearing $ 13,413,927 $ 13,307,905 $ 13,534,065 $ 13,481,616 $ 13,808,554 1 % (3) %",,pre_PPBI,,
core_f210630db5f7307a0b28d923,COLB,consolidated,2025-03-31,2025-03-31 calendar quarter,2025-04-23,2025-04-24T12:00:00+00:00,2026-10-08T02:29:56.911024+00:00,src_043255685da3386b333e0543,f4ae332917147b8d143897bff4fc103a5de96016a022754c14ef6e9a2c8a3904,https://s26.q4cdn.com/577104185/files/doc_earnings/2025/q1/earnings-result/COLB-2025-Q1-Earnings-Release.pdf,PDF page 7,loans_gross,37616.101,USD_million,see metric and source row,all,all,observed,,loans_gross@core-1,,aef4a56a6829d5420685a4d498058e83ccc08e12+tree.4e67479291c8900b,"Loans and leases 37,616,101 37,680,901 37,503,002 37,709,987 37,642,413 — % — %",,pre_PPBI,,
core_911ff1477462c8832941ea0b,COLB,consolidated,2025-03-31,2025-03-31 calendar quarter,2025-04-23,2025-04-24T12:00:00+00:00,2026-10-08T02:29:56.911024+00:00,src_043255685da3386b333e0543,f4ae332917147b8d143897bff4fc103a5de96016a022754c14ef6e9a2c8a3904,https://s26.q4cdn.com/577104185/files/doc_earnings/2025/q1/earnings-result/COLB-2025-Q1-Earnings-Release.pdf,PDF page 7,aoci,-358.472,USD_million,see metric and source row,all,all,observed,,aoci@core-1,,aef4a56a6829d5420685a4d498058e83ccc08e12+tree.4e67479291c8900b,"Accumulated other comprehensive loss (358,472) (461,980) (233,884) (455,682) (426,131) (22) % (16) %",,pre_PPBI,,
core_9d510f2bc5933deb097e854d,COLB,consolidated,2025-03-31,2025-03-31 calendar quarter,2025-04-23,2025-04-24T12:00:00+00:00,2026-10-08T02:29:56.911024+00:00,src_043255685da3386b333e0543,f4ae332917147b8d143897bff4fc103a5de96016a022754c14ef6e9a2c8a3904,https://s26.q4cdn.com/577104185/files/doc_earnings/2025/q1/earnings-result/COLB-2025-Q1-Earnings-Release.pdf,PDF page 7,afs,8228.805,USD_million,see metric and source row,all,all,observed,,afs@core-1,,aef4a56a6829d5420685a4d498058e83ccc08e12+tree.4e67479291c8900b,"Available for sale, at fair value 8,228,805 8,274,615 8,676,807 8,503,000 8,616,545 (1) % (4) %",,pre_PPBI,,
core_acaf61a1fa2d4900d085e29a,COLB,consolidated,2025-03-31,2025-03-31 calendar quarter,2025-04-23,2025-04-24T12:00:00+00:00,2026-10-08T02:29:56.911024+00:00,src_043255685da3386b333e0543,f4ae332917147b8d143897bff4fc103a5de96016a022754c14ef6e9a2c8a3904,https://s26.q4cdn.com/577104185/files/doc_earnings/2025/q1/earnings-result/COLB-2025-Q1-Earnings-Release.pdf,PDF page 7,htm,2.057,USD_million,see metric and source row,all,all,observed,,htm@core-1,,aef4a56a6829d5420685a4d498058e83ccc08e12+tree.4e67479291c8900b,"Held to maturity, at amortized cost 2,057 2,101 2,159 2,203 2,247 (2) % (8) %",,pre_PPBI,,
core_87233e3af24b3ce2c70c7a31,COLB,consolidated,2025-03-31,2025-03-31 calendar quarter,2025-04-23,2025-04-24T12:00:00+00:00,2026-10-08T02:29:56.911024+00:00,src_043255685da3386b333e0543,f4ae332917147b8d143897bff4fc103a5de96016a022754c14ef6e9a2c8a3904,https://s26.q4cdn.com/577104185/files/doc_earnings/2025/q1/earnings-result/COLB-2025-Q1-Earnings-Release.pdf,PDF page 11,nonaccrual,122.402,USD_million,see metric and source row,all,all,observed,,nonaccrual@core-1,,aef4a56a6829d5420685a4d498058e83ccc08e12+tree.4e67479291c8900b,"Total loans and leases on non-accrual status 122,402 96,478 98,796 92,570 98,696 27 % 24 %",,pre_PPBI,,
core_cdff9dcc2279945b05c6964f,COLB,consolidated,2025-03-31,2025-03-31 calendar quarter,2025-04-23,2025-04-24T12:00:00+00:00,2026-10-08T02:29:56.911024+00:00,src_043255685da3386b333e0543,f4ae332917147b8d143897bff4fc103a5de96016a022754c14ef6e9a2c8a3904,https://s26.q4cdn.com/577104185/files/doc_earnings/2025/q1/earnings-result/COLB-2025-Q1-Earnings-Release.pdf,PDF page 11,npl,175.147,USD_million,see metric and source row,all,all,observed,,npl@core-1,,aef4a56a6829d5420685a4d498058e83ccc08e12+tree.4e67479291c8900b,"Total non-performing loans and leases (1), (2) 175,147 166,893 165,222 153,093 142,035 5 % 23 %",,pre_PPBI,,
core_cb92d648d5697dd6026a202a,COLB,consolidated,2025-03-31,2025-03-31 calendar quarter,2025-04-23,2025-04-24T12:00:00+00:00,2026-10-08T02:29:56.911024+00:00,src_043255685da3386b333e0543,f4ae332917147b8d143897bff4fc103a5de96016a022754c14ef6e9a2c8a3904,https://s26.q4cdn.com/577104185/files/doc_earnings/2025/q1/earnings-result/COLB-2025-Q1-Earnings-Release.pdf,PDF page 11,past_due_31_89,158.026,USD_million,see metric and source row,all,all,observed,,past_due_31_89@core-1,,aef4a56a6829d5420685a4d498058e83ccc08e12+tree.4e67479291c8900b,"Loans and leases past due 31-89 days $ 158,026 $ 105,199 $ 67,310 $ 85,998 $ 109,673 50 % 44 %",,pre_PPBI,,
core_a4c48513b38ec28052af7f30,COLB,consolidated,2025-03-31,2025-03-31 calendar quarter,2025-04-23,2025-04-24T12:00:00+00:00,2026-10-08T02:29:56.911024+00:00,src_043255685da3386b333e0543,f4ae332917147b8d143897bff4fc103a5de96016a022754c14ef6e9a2c8a3904,https://s26.q4cdn.com/577104185/files/doc_earnings/2025/q1/earnings-result/COLB-2025-Q1-Earnings-Release.pdf,PDF page 11,past_due_90_accruing,52.745000000000005,USD_million,see metric and source row,all,all,observed,,past_due_90_accruing@core-1,,aef4a56a6829d5420685a4d498058e83ccc08e12+tree.4e67479291c8900b,"accruing 52,745 70,415 66,426 60,523 43,339 (25) % 22 %",,pre_PPBI,,
core_1b51e7c7a7cfbc8329c40a0f,COLB,consolidated,2025-03-31,2025-03-31 calendar quarter,2025-04-23,2025-04-24T12:00:00+00:00,2026-10-08T02:29:56.911024+00:00,src_043255685da3386b333e0543,f4ae332917147b8d143897bff4fc103a5de96016a022754c14ef6e9a2c8a3904,https://s26.q4cdn.com/577104185/files/doc_earnings/2025/q1/earnings-result/COLB-2025-Q1-Earnings-Release.pdf,PDF page 12,acl_loans,421.495,USD_million,see metric and source row,all,all,observed,,acl_loans@core-1,,aef4a56a6829d5420685a4d498058e83ccc08e12+tree.4e67479291c8900b,"Balance, end of period $ 421,495 $ 424,629 $ 420,054 $ 418,671 $ 414,344 (1) % 2 %",,pre_PPBI,,
core_f78d1c5cf1d7b32b88c2a5d2,COLB,consolidated,2025-03-31,2025-03-31 calendar quarter,2025-04-23,2025-04-24T12:00:00+00:00,2026-10-08T02:29:56.911024+00:00,src_043255685da3386b333e0543,f4ae332917147b8d143897bff4fc103a5de96016a022754c14ef6e9a2c8a3904,https://s26.q4cdn.com/577104185/files/doc_earnings/2025/q1/earnings-result/COLB-2025-Q1-Earnings-Release.pdf,PDF page 12,nco,29.321,USD_million,see metric and source row,all,all,observed,,nco@core-1,,aef4a56a6829d5420685a4d498058e83ccc08e12+tree.4e67479291c8900b,"Total net charge-offs (29,321) (25,655) (29,115) (30,433) (44,003) 14 % (33) %",,pre_PPBI,,
core_d861acb8b59d1d58faadf537,COLB,consolidated,2025-03-31,2025-03-31 calendar quarter,2025-04-23,2025-04-24T12:00:00+00:00,2026-10-08T02:29:56.911024+00:00,src_043255685da3386b333e0543,f4ae332917147b8d143897bff4fc103a5de96016a022754c14ef6e9a2c8a3904,https://s26.q4cdn.com/577104185/files/doc_earnings/2025/q1/earnings-result/COLB-2025-Q1-Earnings-Release.pdf,PDF page 6,nii,424.995,USD_million,see metric and source row,all,all,observed,,nii@core-1,,aef4a56a6829d5420685a4d498058e83ccc08e12+tree.4e67479291c8900b,"Net interest income 424,995 437,373 430,218 427,449 423,362 (3) % — %",,pre_PPBI,,
core_7c594570f5ab2d17c9a45ed1,COLB,consolidated,2025-03-31,2025-03-31 calendar quarter,2025-04-23,2025-04-24T12:00:00+00:00,2026-10-08T02:29:56.911024+00:00,src_043255685da3386b333e0543,f4ae332917147b8d143897bff4fc103a5de96016a022754c14ef6e9a2c8a3904,https://s26.q4cdn.com/577104185/files/doc_earnings/2025/q1/earnings-result/COLB-2025-Q1-Earnings-Release.pdf,PDF page 6,nie,340.122,USD_million,see metric and source row,all,all,observed,,nie@core-1,,aef4a56a6829d5420685a4d498058e83ccc08e12+tree.4e67479291c8900b,"Total non-interest expense 340,122 266,576 271,358 279,244 287,516 28 % 18 %",,pre_PPBI,,
core_288001386ed538860c17c64a,COLB,consolidated,2025-03-31,2025-03-31 calendar quarter,2025-04-23,2025-04-24T12:00:00+00:00,2026-10-08T02:29:56.911024+00:00,src_043255685da3386b333e0543,f4ae332917147b8d143897bff4fc103a5de96016a022754c14ef6e9a2c8a3904,https://s26.q4cdn.com/577104185/files/doc_earnings/2025/q1/earnings-result/COLB-2025-Q1-Earnings-Release.pdf,PDF page 8,nim_te_pct,3.6,percent,see metric and source row,all,all,observed,,nim_te_pct@core-1,,aef4a56a6829d5420685a4d498058e83ccc08e12+tree.4e67479291c8900b,Net interest margin (2) 3.60 % 3.64 % 3.56 % 3.56 % 3.52 % (0.04) 0.08,,pre_PPBI,,
core_324aae728be276a21fb15bfc,COLB,consolidated,2025-03-31,2025-03-31 calendar quarter,2025-04-23,2025-04-24T12:00:00+00:00,2026-10-08T02:29:56.911024+00:00,src_043255685da3386b333e0543,f4ae332917147b8d143897bff4fc103a5de96016a022754c14ef6e9a2c8a3904,https://s26.q4cdn.com/577104185/files/doc_earnings/2025/q1/earnings-result/COLB-2025-Q1-Earnings-Release.pdf,PDF page 6,pretax_income,123.84700000000001,USD_million,see metric and source row,all,all,observed,,pretax_income@core-1,,aef4a56a6829d5420685a4d498058e83ccc08e12+tree.4e67479291c8900b,"Income before provision for income taxes 123,847 192,345 196,250 161,088 169,067 (36) % (27) %",,pre_PPBI,,
core_c425dc5f8451b66e38e2906f,COLB,consolidated,2025-03-31,2025-03-31 calendar quarter,2025-04-23,2025-04-24T12:00:00+00:00,2026-10-08T02:29:56.911024+00:00,src_043255685da3386b333e0543,f4ae332917147b8d143897bff4fc103a5de96016a022754c14ef6e9a2c8a3904,https://s26.q4cdn.com/577104185/files/doc_earnings/2025/q1/earnings-result/COLB-2025-Q1-Earnings-Release.pdf,PDF page 6,provision,27.403000000000002,USD_million,see metric and source row,all,all,observed,,provision@core-1,,aef4a56a6829d5420685a4d498058e83ccc08e12+tree.4e67479291c8900b,"Provision for credit losses 27,403 28,199 28,769 31,820 17,136 (3) % 60 %",,pre_PPBI,,
core_695319c1804288879b879503,COLB,consolidated,2025-03-31,2025-03-31 calendar quarter,2025-04-23,2025-04-24T12:00:00+00:00,2026-10-08T02:29:56.911024+00:00,src_043255685da3386b333e0543,f4ae332917147b8d143897bff4fc103a5de96016a022754c14ef6e9a2c8a3904,https://s26.q4cdn.com/577104185/files/doc_earnings/2025/q1/earnings-result/COLB-2025-Q1-Earnings-Release.pdf,PDF page 6,ppnr_gaap,151.25,USD_million,see metric and source row,all,all,derived,,ppnr_gaap@core-1,,aef4a56a6829d5420685a4d498058e83ccc08e12+tree.4e67479291c8900b,Pretax income + provision for credit losses,Includes GAAP merger and other nonrecurring effects; not adjusted PPNR,pre_PPBI,,
core_0d7a66de719071510b98f4e5,COLB,consolidated,2025-03-31,2025-03-31 calendar quarter,2025-04-23,2025-04-24T12:00:00+00:00,2026-10-08T02:30:00.462749+00:00,src_5fc3b9ec6f8f1d1ce2811bb9,1fd4e4f8bd66817d6a4a72749a6ecf97c43b705413d1680e700fbd870dd451ad,https://s26.q4cdn.com/577104185/files/doc_earnings/2025/q1/presentation/COLB-Q1-2025-Earnings-Presentation-FINAL.pdf,PDF page 15,office_ltv_pct,57.0,percent,see metric and source row,office,all,observed,,office_ltv_pct@core-1,,aef4a56a6829d5420685a4d498058e83ccc08e12+tree.4e67479291c8900b,"Average LTV 57% as of March 31, 2025 .",DSCR is non-owner occupied; LTV and credit balances are all-office. Not matched 2027 maturity cohort.,pre_PPBI,,
core_d3bc6acfa4b5a0f7741acdba,COLB,consolidated,2025-03-31,2025-03-31 calendar quarter,2025-04-23,2025-04-24T12:00:00+00:00,2026-10-08T02:30:00.462749+00:00,src_5fc3b9ec6f8f1d1ce2811bb9,1fd4e4f8bd66817d6a4a72749a6ecf97c43b705413d1680e700fbd870dd451ad,https://s26.q4cdn.com/577104185/files/doc_earnings/2025/q1/presentation/COLB-Q1-2025-Earnings-Presentation-FINAL.pdf,PDF page 15,office_nonowner_dscr,1.81,multiple,see metric and source row,office,all,observed,,office_nonowner_dscr@core-1,,aef4a56a6829d5420685a4d498058e83ccc08e12+tree.4e67479291c8900b,DSC (non-owner occupied) 1.81x ■ Our office portfolio is 41% owner,DSCR is non-owner occupied; LTV and credit balances are all-office. Not matched 2027 maturity cohort.,pre_PPBI,,
core_7f0f02000465dab891ba6b81,COLB,consolidated,2025-03-31,2025-03-31 calendar quarter,2025-04-23,2025-04-24T12:00:00+00:00,2026-10-08T02:30:00.462749+00:00,src_5fc3b9ec6f8f1d1ce2811bb9,1fd4e4f8bd66817d6a4a72749a6ecf97c43b705413d1680e700fbd870dd451ad,https://s26.q4cdn.com/577104185/files/doc_earnings/2025/q1/presentation/COLB-Q1-2025-Earnings-Presentation-FINAL.pdf,PDF page 15,office_nonaccrual,10.0,USD_million,see metric and source row,office,all,observed,,office_nonaccrual@core-1,,aef4a56a6829d5420685a4d498058e83ccc08e12+tree.4e67479291c8900b,Nonaccrual $10.0mm / 0.35% of office office portfolio.,DSCR is non-owner occupied; LTV and credit balances are all-office. Not matched 2027 maturity cohort.,pre_PPBI,,
core_44a9b87be9b1dbab79d6c8c8,COLB,consolidated,2025-03-31,2025-03-31 calendar quarter,2025-04-23,2025-04-24T12:00:00+00:00,2026-10-08T02:30:00.462749+00:00,src_5fc3b9ec6f8f1d1ce2811bb9,1fd4e4f8bd66817d6a4a72749a6ecf97c43b705413d1680e700fbd870dd451ad,https://s26.q4cdn.com/577104185/files/doc_earnings/2025/q1/presentation/COLB-Q1-2025-Earnings-Presentation-FINAL.pdf,PDF page 15,office_special_mention,58.8,USD_million,see metric and source row,office,all,observed,,office_special_mention@core-1,,aef4a56a6829d5420685a4d498058e83ccc08e12+tree.4e67479291c8900b,Special mention $58.8mm / 2.03% of office ■ The average loan size in our office,DSCR is non-owner occupied; LTV and credit balances are all-office. Not matched 2027 maturity cohort.,pre_PPBI,,
core_65d62f41dbaea4e1c0af5761,COLB,consolidated,2025-03-31,2025-03-31 calendar quarter,2025-04-23,2025-04-24T12:00:00+00:00,2026-10-08T02:30:00.462749+00:00,src_5fc3b9ec6f8f1d1ce2811bb9,1fd4e4f8bd66817d6a4a72749a6ecf97c43b705413d1680e700fbd870dd451ad,https://s26.q4cdn.com/577104185/files/doc_earnings/2025/q1/presentation/COLB-Q1-2025-Earnings-Presentation-FINAL.pdf,PDF page 15,office_classified,82.2,USD_million,see metric and source row,office,all,observed,,office_classified@core-1,,aef4a56a6829d5420685a4d498058e83ccc08e12+tree.4e67479291c8900b,Classified $82.2mm / 2.84% of office portfolio is $1.36 million . Delinquencies,DSCR is non-owner occupied; LTV and credit balances are all-office. Not matched 2027 maturity cohort.,pre_PPBI,,
core_7d952e7385cef34e046061e5,COLB,consolidated,2025-03-31,2025-03-31 calendar quarter,2025-04-23,2025-04-24T12:00:00+00:00,2026-10-08T02:30:00.462749+00:00,src_5fc3b9ec6f8f1d1ce2811bb9,1fd4e4f8bd66817d6a4a72749a6ecf97c43b705413d1680e700fbd870dd451ad,https://s26.q4cdn.com/577104185/files/doc_earnings/2025/q1/presentation/COLB-Q1-2025-Earnings-Presentation-FINAL.pdf,PDF page 15,office_past_due_30_89,19.2,USD_million,see metric and source row,office,all,observed,,office_past_due_30_89@core-1,,aef4a56a6829d5420685a4d498058e83ccc08e12+tree.4e67479291c8900b,Past due 30-89 days $19.2mm / 0.67% of office 3% construction. Dental and other,DSCR is non-owner occupied; LTV and credit balances are all-office. Not matched 2027 maturity cohort.,pre_PPBI,,
core_2742daa5749d59a530549b2c,COLB,consolidated,2025-06-30,2025-06-30 calendar quarter,2025-07-24,2025-07-25T12:00:00+00:00,2026-10-08T02:30:02.492312+00:00,src_8eed865ce40319049281aa33,0ab8755c2e8658c7907a193aa5ef51a070ef8aac89e83476afee86868994d10f,https://s26.q4cdn.com/577104185/files/doc_earnings/2025/q2/earnings-result/COLB-2025-Q2-Earnings-Release.pdf,PDF page 9,deposits,41742.657,USD_million,see metric and source row,all,all,observed,,deposits@core-1,,aef4a56a6829d5420685a4d498058e83ccc08e12+tree.4e67479291c8900b,"Total deposits 41,742,657 42,217,694 41,720,732 41,514,688 41,523,272 (1) % 1 %",,pre_PPBI,,
core_b8901f46f0c3e4b141b3c12f,COLB,consolidated,2025-06-30,2025-06-30 calendar quarter,2025-07-24,2025-07-25T12:00:00+00:00,2026-10-08T02:30:02.492312+00:00,src_8eed865ce40319049281aa33,0ab8755c2e8658c7907a193aa5ef51a070ef8aac89e83476afee86868994d10f,https://s26.q4cdn.com/577104185/files/doc_earnings/2025/q2/earnings-result/COLB-2025-Q2-Earnings-Release.pdf,PDF page 9,borrowings_ex_subordinated,3350.0,USD_million,see metric and source row,all,all,observed,,borrowings_ex_subordinated@core-1,,aef4a56a6829d5420685a4d498058e83ccc08e12+tree.4e67479291c8900b,"Borrowings 3,350,000 2,550,000 3,100,000 3,650,000 3,900,000 31 % (14) %",,pre_PPBI,,
core_6eea5b8c452fd34fb21ee541,COLB,consolidated,2025-06-30,2025-06-30 calendar quarter,2025-07-24,2025-07-25T12:00:00+00:00,2026-10-08T02:30:02.492312+00:00,src_8eed865ce40319049281aa33,0ab8755c2e8658c7907a193aa5ef51a070ef8aac89e83476afee86868994d10f,https://s26.q4cdn.com/577104185/files/doc_earnings/2025/q2/earnings-result/COLB-2025-Q2-Earnings-Release.pdf,PDF page 9,nib_deposits,13219.631,USD_million,see metric and source row,all,all,observed,,nib_deposits@core-1,,aef4a56a6829d5420685a4d498058e83ccc08e12+tree.4e67479291c8900b,"Non-interest-bearing $ 13,219,631 $ 13,413,927 $ 13,307,905 $ 13,534,065 $ 13,481,616 (1) % (2) %",,pre_PPBI,,
core_20ee7d8bf789aa9756ea556d,COLB,consolidated,2025-06-30,2025-06-30 calendar quarter,2025-07-24,2025-07-25T12:00:00+00:00,2026-10-08T02:30:02.492312+00:00,src_8eed865ce40319049281aa33,0ab8755c2e8658c7907a193aa5ef51a070ef8aac89e83476afee86868994d10f,https://s26.q4cdn.com/577104185/files/doc_earnings/2025/q2/earnings-result/COLB-2025-Q2-Earnings-Release.pdf,PDF page 9,loans_gross,37637.013,USD_million,see metric and source row,all,all,observed,,loans_gross@core-1,,aef4a56a6829d5420685a4d498058e83ccc08e12+tree.4e67479291c8900b,"Loans and leases 37,637,013 37,616,101 37,680,901 37,503,002 37,709,987 — % — %",,pre_PPBI,,
core_704d4d95140f5d0b1243cd4f,COLB,consolidated,2025-06-30,2025-06-30 calendar quarter,2025-07-24,2025-07-25T12:00:00+00:00,2026-10-08T02:30:02.492312+00:00,src_8eed865ce40319049281aa33,0ab8755c2e8658c7907a193aa5ef51a070ef8aac89e83476afee86868994d10f,https://s26.q4cdn.com/577104185/files/doc_earnings/2025/q2/earnings-result/COLB-2025-Q2-Earnings-Release.pdf,PDF page 9,aoci,-333.784,USD_million,see metric and source row,all,all,observed,,aoci@core-1,,aef4a56a6829d5420685a4d498058e83ccc08e12+tree.4e67479291c8900b,"Accumulated other comprehensive loss (333,784) (358,472) (461,980) (233,884) (455,682) (7) % (27) %",,pre_PPBI,,
core_1eb5fd57e89c3dc1853d177d,COLB,consolidated,2025-06-30,2025-06-30 calendar quarter,2025-07-24,2025-07-25T12:00:00+00:00,2026-10-08T02:30:02.492312+00:00,src_8eed865ce40319049281aa33,0ab8755c2e8658c7907a193aa5ef51a070ef8aac89e83476afee86868994d10f,https://s26.q4cdn.com/577104185/files/doc_earnings/2025/q2/earnings-result/COLB-2025-Q2-Earnings-Release.pdf,PDF page 9,afs,8653.172,USD_million,see metric and source row,all,all,observed,,afs@core-1,,aef4a56a6829d5420685a4d498058e83ccc08e12+tree.4e67479291c8900b,"Available for sale, at fair value 8,653,172 8,228,805 8,274,615 8,676,807 8,503,000 5 % 2 %",,pre_PPBI,,
core_bbbc07ae69fa168c33d02074,COLB,consolidated,2025-06-30,2025-06-30 calendar quarter,2025-07-24,2025-07-25T12:00:00+00:00,2026-10-08T02:30:02.492312+00:00,src_8eed865ce40319049281aa33,0ab8755c2e8658c7907a193aa5ef51a070ef8aac89e83476afee86868994d10f,https://s26.q4cdn.com/577104185/files/doc_earnings/2025/q2/earnings-result/COLB-2025-Q2-Earnings-Release.pdf,PDF page 9,htm,2.013,USD_million,see metric and source row,all,all,observed,,htm@core-1,,aef4a56a6829d5420685a4d498058e83ccc08e12+tree.4e67479291c8900b,"Held to maturity, at amortized cost 2,013 2,057 2,101 2,159 2,203 (2) % (9) %",,pre_PPBI,,
core_d87f4ee384e3d41e543a57ef,COLB,consolidated,2025-06-30,2025-06-30 calendar quarter,2025-07-24,2025-07-25T12:00:00+00:00,2026-10-08T02:30:02.492312+00:00,src_8eed865ce40319049281aa33,0ab8755c2e8658c7907a193aa5ef51a070ef8aac89e83476afee86868994d10f,https://s26.q4cdn.com/577104185/files/doc_earnings/2025/q2/earnings-result/COLB-2025-Q2-Earnings-Release.pdf,PDF page 14,nonaccrual,97.548,USD_million,see metric and source row,all,all,observed,,nonaccrual@core-1,,aef4a56a6829d5420685a4d498058e83ccc08e12+tree.4e67479291c8900b,"Total loans and leases on non-accrual status 97,548 122,402 96,478 98,796 92,570 (20) % 5 %",,pre_PPBI,,
core_77c1149c18b4bfb3494476b0,COLB,consolidated,2025-06-30,2025-06-30 calendar quarter,2025-07-24,2025-07-25T12:00:00+00:00,2026-10-08T02:30:02.492312+00:00,src_8eed865ce40319049281aa33,0ab8755c2e8658c7907a193aa5ef51a070ef8aac89e83476afee86868994d10f,https://s26.q4cdn.com/577104185/files/doc_earnings/2025/q2/earnings-result/COLB-2025-Q2-Earnings-Release.pdf,PDF page 14,npl,177.434,USD_million,see metric and source row,all,all,observed,,npl@core-1,,aef4a56a6829d5420685a4d498058e83ccc08e12+tree.4e67479291c8900b,"Total non-performing loans and leases (1), (2) 177,434 175,147 166,893 165,222 153,093 1 % 16 %",,pre_PPBI,,
core_a5b8245808562b57e7ca9bd4,COLB,consolidated,2025-06-30,2025-06-30 calendar quarter,2025-07-24,2025-07-25T12:00:00+00:00,2026-10-08T02:30:02.492312+00:00,src_8eed865ce40319049281aa33,0ab8755c2e8658c7907a193aa5ef51a070ef8aac89e83476afee86868994d10f,https://s26.q4cdn.com/577104185/files/doc_earnings/2025/q2/earnings-result/COLB-2025-Q2-Earnings-Release.pdf,PDF page 14,past_due_31_89,141.863,USD_million,see metric and source row,all,all,observed,,past_due_31_89@core-1,,aef4a56a6829d5420685a4d498058e83ccc08e12+tree.4e67479291c8900b,"Loans and leases past due 31-89 days $ 141,863 $ 158,026 $ 105,199 $ 67,310 $ 85,998 (10) % 65 %",,pre_PPBI,,
core_bbfa175f05eee3e104dc262a,COLB,consolidated,2025-06-30,2025-06-30 calendar quarter,2025-07-24,2025-07-25T12:00:00+00:00,2026-10-08T02:30:02.492312+00:00,src_8eed865ce40319049281aa33,0ab8755c2e8658c7907a193aa5ef51a070ef8aac89e83476afee86868994d10f,https://s26.q4cdn.com/577104185/files/doc_earnings/2025/q2/earnings-result/COLB-2025-Q2-Earnings-Release.pdf,PDF page 14,past_due_90_accruing,79.886,USD_million,see metric and source row,all,all,observed,,past_due_90_accruing@core-1,,aef4a56a6829d5420685a4d498058e83ccc08e12+tree.4e67479291c8900b,"accruing 79,886 52,745 70,415 66,426 60,523 51 % 32 %",,pre_PPBI,,
core_4cae2d99a03f870744fa5807,COLB,consolidated,2025-06-30,2025-06-30 calendar quarter,2025-07-24,2025-07-25T12:00:00+00:00,2026-10-08T02:30:02.492312+00:00,src_8eed865ce40319049281aa33,0ab8755c2e8658c7907a193aa5ef51a070ef8aac89e83476afee86868994d10f,https://s26.q4cdn.com/577104185/files/doc_earnings/2025/q2/earnings-result/COLB-2025-Q2-Earnings-Release.pdf,PDF page 15,acl_loans,420.907,USD_million,see metric and source row,all,all,observed,,acl_loans@core-1,,aef4a56a6829d5420685a4d498058e83ccc08e12+tree.4e67479291c8900b,"Balance, end of period $ 420,907 $ 421,495 $ 424,629 $ 420,054 $ 418,671 0 % 1 %",,pre_PPBI,,
core_ad6d9d0c844788edd43bf77e,COLB,consolidated,2025-06-30,2025-06-30 calendar quarter,2025-07-24,2025-07-25T12:00:00+00:00,2026-10-08T02:30:02.492312+00:00,src_8eed865ce40319049281aa33,0ab8755c2e8658c7907a193aa5ef51a070ef8aac89e83476afee86868994d10f,https://s26.q4cdn.com/577104185/files/doc_earnings/2025/q2/earnings-result/COLB-2025-Q2-Earnings-Release.pdf,PDF page 15,nco,29.345,USD_million,see metric and source row,all,all,observed,,nco@core-1,,aef4a56a6829d5420685a4d498058e83ccc08e12+tree.4e67479291c8900b,"Total net charge-offs (29,345) (29,321) (25,655) (29,115) (30,433) 0 % (4) %",,pre_PPBI,,
core_081111833cf8620448d79915,COLB,consolidated,2025-06-30,2025-06-30 calendar quarter,2025-07-24,2025-07-25T12:00:00+00:00,2026-10-08T02:30:02.492312+00:00,src_8eed865ce40319049281aa33,0ab8755c2e8658c7907a193aa5ef51a070ef8aac89e83476afee86868994d10f,https://s26.q4cdn.com/577104185/files/doc_earnings/2025/q2/earnings-result/COLB-2025-Q2-Earnings-Release.pdf,PDF page 7,nii,446.446,USD_million,see metric and source row,all,all,observed,,nii@core-1,,aef4a56a6829d5420685a4d498058e83ccc08e12+tree.4e67479291c8900b,"Net interest income 446,446 424,995 437,373 430,218 427,449 5 % 4 %",,pre_PPBI,,
core_7021ff299be1e112399bfdbb,COLB,consolidated,2025-06-30,2025-06-30 calendar quarter,2025-07-24,2025-07-25T12:00:00+00:00,2026-10-08T02:30:02.492312+00:00,src_8eed865ce40319049281aa33,0ab8755c2e8658c7907a193aa5ef51a070ef8aac89e83476afee86868994d10f,https://s26.q4cdn.com/577104185/files/doc_earnings/2025/q2/earnings-result/COLB-2025-Q2-Earnings-Release.pdf,PDF page 7,nie,277.995,USD_million,see metric and source row,all,all,observed,,nie@core-1,,aef4a56a6829d5420685a4d498058e83ccc08e12+tree.4e67479291c8900b,"Total non-interest expense 277,995 340,122 266,576 271,358 279,244 (18) % — %",,pre_PPBI,,
core_636a27d9898b6bc25c41f418,COLB,consolidated,2025-06-30,2025-06-30 calendar quarter,2025-07-24,2025-07-25T12:00:00+00:00,2026-10-08T02:30:02.492312+00:00,src_8eed865ce40319049281aa33,0ab8755c2e8658c7907a193aa5ef51a070ef8aac89e83476afee86868994d10f,https://s26.q4cdn.com/577104185/files/doc_earnings/2025/q2/earnings-result/COLB-2025-Q2-Earnings-Release.pdf,PDF page 10,nim_te_pct,3.75,percent,see metric and source row,all,all,observed,,nim_te_pct@core-1,,aef4a56a6829d5420685a4d498058e83ccc08e12+tree.4e67479291c8900b,Net interest margin (2) 3.75 % 3.60 % 3.64 % 3.56 % 3.56 % 0.15 0.19,,pre_PPBI,,
core_6601f01576c4df835ed25541,COLB,consolidated,2025-06-30,2025-06-30 calendar quarter,2025-07-24,2025-07-25T12:00:00+00:00,2026-10-08T02:30:02.492312+00:00,src_8eed865ce40319049281aa33,0ab8755c2e8658c7907a193aa5ef51a070ef8aac89e83476afee86868994d10f,https://s26.q4cdn.com/577104185/files/doc_earnings/2025/q2/earnings-result/COLB-2025-Q2-Earnings-Release.pdf,PDF page 7,pretax_income,203.464,USD_million,see metric and source row,all,all,observed,,pretax_income@core-1,,aef4a56a6829d5420685a4d498058e83ccc08e12+tree.4e67479291c8900b,"Income before provision for income taxes 203,464 123,847 192,345 196,250 161,088 64 % 26 %",,pre_PPBI,,
core_7983b2a83f6a056ae5ce9599,COLB,consolidated,2025-06-30,2025-06-30 calendar quarter,2025-07-24,2025-07-25T12:00:00+00:00,2026-10-08T02:30:02.492312+00:00,src_8eed865ce40319049281aa33,0ab8755c2e8658c7907a193aa5ef51a070ef8aac89e83476afee86868994d10f,https://s26.q4cdn.com/577104185/files/doc_earnings/2025/q2/earnings-result/COLB-2025-Q2-Earnings-Release.pdf,PDF page 7,provision,29.449,USD_million,see metric and source row,all,all,observed,,provision@core-1,,aef4a56a6829d5420685a4d498058e83ccc08e12+tree.4e67479291c8900b,"Provision for credit losses 29,449 27,403 28,199 28,769 31,820 7 % (7) %",,pre_PPBI,,
core_d121b4545583fd91347ed2ed,COLB,consolidated,2025-06-30,2025-06-30 calendar quarter,2025-07-24,2025-07-25T12:00:00+00:00,2026-10-08T02:30:02.492312+00:00,src_8eed865ce40319049281aa33,0ab8755c2e8658c7907a193aa5ef51a070ef8aac89e83476afee86868994d10f,https://s26.q4cdn.com/577104185/files/doc_earnings/2025/q2/earnings-result/COLB-2025-Q2-Earnings-Release.pdf,PDF page 7,ppnr_gaap,232.913,USD_million,see metric and source row,all,all,derived,,ppnr_gaap@core-1,,aef4a56a6829d5420685a4d498058e83ccc08e12+tree.4e67479291c8900b,Pretax income + provision for credit losses,Includes GAAP merger and other nonrecurring effects; not adjusted PPNR,pre_PPBI,,
core_8f1f3a2fb8226eb32f9e5037,COLB,consolidated,2025-06-30,2025-06-30 calendar quarter,2025-07-24,2025-07-25T12:00:00+00:00,2026-10-08T02:30:05.364422+00:00,src_ab34289dbd67d24d4c5de3b2,a2468f5b743799dc55c27a20ee38ea2b0faafb529f4858fd102f7324dcffd933,https://s26.q4cdn.com/577104185/files/doc_earnings/2025/q2/presentation/COLB-Q2-2025-Earnings-Presentation-FINAL.pdf,PDF page 19,office_ltv_pct,57.0,percent,see metric and source row,office,all,observed,,office_ltv_pct@core-1,,aef4a56a6829d5420685a4d498058e83ccc08e12+tree.4e67479291c8900b,"Average LTV 57% as of June 30, 2025 .",DSCR is non-owner occupied; LTV and credit balances are all-office. Not matched 2027 maturity cohort.,pre_PPBI,,
core_532257d7c79cf88e5b98370b,COLB,consolidated,2025-06-30,2025-06-30 calendar quarter,2025-07-24,2025-07-25T12:00:00+00:00,2026-10-08T02:30:05.364422+00:00,src_ab34289dbd67d24d4c5de3b2,a2468f5b743799dc55c27a20ee38ea2b0faafb529f4858fd102f7324dcffd933,https://s26.q4cdn.com/577104185/files/doc_earnings/2025/q2/presentation/COLB-Q2-2025-Earnings-Presentation-FINAL.pdf,PDF page 19,office_nonowner_dscr,1.83,multiple,see metric and source row,office,all,observed,,office_nonowner_dscr@core-1,,aef4a56a6829d5420685a4d498058e83ccc08e12+tree.4e67479291c8900b,DSC (non-owner occupied) 1.83x ■ Our office portfolio is 41% owner,DSCR is non-owner occupied; LTV and credit balances are all-office. Not matched 2027 maturity cohort.,pre_PPBI,,
core_7279f8d704059db65b280622,COLB,consolidated,2025-06-30,2025-06-30 calendar quarter,2025-07-24,2025-07-25T12:00:00+00:00,2026-10-08T02:30:05.364422+00:00,src_ab34289dbd67d24d4c5de3b2,a2468f5b743799dc55c27a20ee38ea2b0faafb529f4858fd102f7324dcffd933,https://s26.q4cdn.com/577104185/files/doc_earnings/2025/q2/presentation/COLB-Q2-2025-Earnings-Presentation-FINAL.pdf,PDF page 19,office_nonaccrual,10.0,USD_million,see metric and source row,office,all,observed,,office_nonaccrual@core-1,,aef4a56a6829d5420685a4d498058e83ccc08e12+tree.4e67479291c8900b,Nonaccrual $10.0mm / 0.35% of office office portfolio.,DSCR is non-owner occupied; LTV and credit balances are all-office. Not matched 2027 maturity cohort.,pre_PPBI,,
core_4a4dc7bdfdf6b5daf49a25d3,COLB,consolidated,2025-06-30,2025-06-30 calendar quarter,2025-07-24,2025-07-25T12:00:00+00:00,2026-10-08T02:30:05.364422+00:00,src_ab34289dbd67d24d4c5de3b2,a2468f5b743799dc55c27a20ee38ea2b0faafb529f4858fd102f7324dcffd933,https://s26.q4cdn.com/577104185/files/doc_earnings/2025/q2/presentation/COLB-Q2-2025-Earnings-Presentation-FINAL.pdf,PDF page 19,office_special_mention,63.8,USD_million,see metric and source row,office,all,observed,,office_special_mention@core-1,,aef4a56a6829d5420685a4d498058e83ccc08e12+tree.4e67479291c8900b,Special mention $63.8mm / 2.21% of office ■ The average loan size in our office,DSCR is non-owner occupied; LTV and credit balances are all-office. Not matched 2027 maturity cohort.,pre_PPBI,,
core_b8e224f9d8fad2e577d4efc5,COLB,consolidated,2025-06-30,2025-06-30 calendar quarter,2025-07-24,2025-07-25T12:00:00+00:00,2026-10-08T02:30:05.364422+00:00,src_ab34289dbd67d24d4c5de3b2,a2468f5b743799dc55c27a20ee38ea2b0faafb529f4858fd102f7324dcffd933,https://s26.q4cdn.com/577104185/files/doc_earnings/2025/q2/presentation/COLB-Q2-2025-Earnings-Presentation-FINAL.pdf,PDF page 19,office_classified,90.0,USD_million,see metric and source row,office,all,observed,,office_classified@core-1,,aef4a56a6829d5420685a4d498058e83ccc08e12+tree.4e67479291c8900b,Classified $90.0mm / 3.11% of office portfolio is $1.36 million . Delinquencies,DSCR is non-owner occupied; LTV and credit balances are all-office. Not matched 2027 maturity cohort.,pre_PPBI,,
core_d063169f9ad29c611d660d57,COLB,consolidated,2025-06-30,2025-06-30 calendar quarter,2025-07-24,2025-07-25T12:00:00+00:00,2026-10-08T02:30:05.364422+00:00,src_ab34289dbd67d24d4c5de3b2,a2468f5b743799dc55c27a20ee38ea2b0faafb529f4858fd102f7324dcffd933,https://s26.q4cdn.com/577104185/files/doc_earnings/2025/q2/presentation/COLB-Q2-2025-Earnings-Presentation-FINAL.pdf,PDF page 19,office_past_due_30_89,19.1,USD_million,see metric and source row,office,all,observed,,office_past_due_30_89@core-1,,aef4a56a6829d5420685a4d498058e83ccc08e12+tree.4e67479291c8900b,Past due 30-89 days $19.1mm / 0.66% of office 3% construction. Dental and other,DSCR is non-owner occupied; LTV and credit balances are all-office. Not matched 2027 maturity cohort.,pre_PPBI,,
core_5de7f60a369d41e09c00657d,COLB,consolidated,2025-09-30,2025-09-30 calendar quarter,2025-10-30,2025-10-31T12:00:00+00:00,2026-10-08T02:30:08.288821+00:00,src_4ed15f2711427285695a739e,d6cef93ffbe667bd92a4ec0f35e2cbcc865abe9e7232b9e1512107eed2306f97,https://s26.q4cdn.com/577104185/files/doc_earnings/2025/q3/earnings-result/COLB-2025-Q3-Earnings-Release.pdf,PDF page 9,deposits,55771.0,USD_million,see metric and source row,all,all,observed,,deposits@core-1,,aef4a56a6829d5420685a4d498058e83ccc08e12+tree.4e67479291c8900b,"Total deposits 55,771 41,743 42,218 41,721 41,515 34 % 34 %",,post_PPBI_2025-08-31,,
core_333b37061c0f2c49205e065e,COLB,consolidated,2025-09-30,2025-09-30 calendar quarter,2025-10-30,2025-10-31T12:00:00+00:00,2026-10-08T02:30:08.288821+00:00,src_4ed15f2711427285695a739e,d6cef93ffbe667bd92a4ec0f35e2cbcc865abe9e7232b9e1512107eed2306f97,https://s26.q4cdn.com/577104185/files/doc_earnings/2025/q3/earnings-result/COLB-2025-Q3-Earnings-Release.pdf,PDF page 9,borrowings_ex_subordinated,2300.0,USD_million,see metric and source row,all,all,observed,,borrowings_ex_subordinated@core-1,,aef4a56a6829d5420685a4d498058e83ccc08e12+tree.4e67479291c8900b,"Borrowings 2,300 3,350 2,550 3,100 3,650 (31) % (37) %",,post_PPBI_2025-08-31,,
core_e70fef7172f96c7d0492341f,COLB,consolidated,2025-09-30,2025-09-30 calendar quarter,2025-10-30,2025-10-31T12:00:00+00:00,2026-10-08T02:30:08.288821+00:00,src_4ed15f2711427285695a739e,d6cef93ffbe667bd92a4ec0f35e2cbcc865abe9e7232b9e1512107eed2306f97,https://s26.q4cdn.com/577104185/files/doc_earnings/2025/q3/earnings-result/COLB-2025-Q3-Earnings-Release.pdf,PDF page 9,nib_deposits,17810.0,USD_million,see metric and source row,all,all,observed,,nib_deposits@core-1,,aef4a56a6829d5420685a4d498058e83ccc08e12+tree.4e67479291c8900b,"Non-interest-bearing $ 17,810 $ 13,220 $ 13,414 $ 13,308 $ 13,534 35 % 32 %",,post_PPBI_2025-08-31,,
core_b6435a503842269270ba4a78,COLB,consolidated,2025-09-30,2025-09-30 calendar quarter,2025-10-30,2025-10-31T12:00:00+00:00,2026-10-08T02:30:08.288821+00:00,src_4ed15f2711427285695a739e,d6cef93ffbe667bd92a4ec0f35e2cbcc865abe9e7232b9e1512107eed2306f97,https://s26.q4cdn.com/577104185/files/doc_earnings/2025/q3/earnings-result/COLB-2025-Q3-Earnings-Release.pdf,PDF page 9,loans_gross,48462.0,USD_million,see metric and source row,all,all,observed,,loans_gross@core-1,,aef4a56a6829d5420685a4d498058e83ccc08e12+tree.4e67479291c8900b,"Loans and leases 48,462 37,637 37,616 37,681 37,503 29 % 29 %",,post_PPBI_2025-08-31,,
core_6397e1a68f6ba83f117520f0,COLB,consolidated,2025-09-30,2025-09-30 calendar quarter,2025-10-30,2025-10-31T12:00:00+00:00,2026-10-08T02:30:08.288821+00:00,src_4ed15f2711427285695a739e,d6cef93ffbe667bd92a4ec0f35e2cbcc865abe9e7232b9e1512107eed2306f97,https://s26.q4cdn.com/577104185/files/doc_earnings/2025/q3/earnings-result/COLB-2025-Q3-Earnings-Release.pdf,PDF page 9,aoci,-268.0,USD_million,see metric and source row,all,all,observed,,aoci@core-1,,aef4a56a6829d5420685a4d498058e83ccc08e12+tree.4e67479291c8900b,Accumulated other comprehensive loss (268) (333) (358) (462) (234) (20) % 15 %,,post_PPBI_2025-08-31,,
core_ffc391ea1a1c0edb551b6376,COLB,consolidated,2025-09-30,2025-09-30 calendar quarter,2025-10-30,2025-10-31T12:00:00+00:00,2026-10-08T02:30:08.288821+00:00,src_4ed15f2711427285695a739e,d6cef93ffbe667bd92a4ec0f35e2cbcc865abe9e7232b9e1512107eed2306f97,https://s26.q4cdn.com/577104185/files/doc_earnings/2025/q3/earnings-result/COLB-2025-Q3-Earnings-Release.pdf,PDF page 9,afs,11013.0,USD_million,see metric and source row,all,all,observed,,afs@core-1,,aef4a56a6829d5420685a4d498058e83ccc08e12+tree.4e67479291c8900b,"Available for sale, at fair value 11,013 8,653 8,229 8,275 8,677 27 % 27 %",,post_PPBI_2025-08-31,,
core_1ece37ff11198d590f30d3a2,COLB,consolidated,2025-09-30,2025-09-30 calendar quarter,2025-10-30,2025-10-31T12:00:00+00:00,2026-10-08T02:30:08.288821+00:00,src_4ed15f2711427285695a739e,d6cef93ffbe667bd92a4ec0f35e2cbcc865abe9e7232b9e1512107eed2306f97,https://s26.q4cdn.com/577104185/files/doc_earnings/2025/q3/earnings-result/COLB-2025-Q3-Earnings-Release.pdf,PDF page 9,htm,18.0,USD_million,see metric and source row,all,all,observed,,htm@core-1,,aef4a56a6829d5420685a4d498058e83ccc08e12+tree.4e67479291c8900b,"Held to maturity, at amortized cost 18 2 2 2 2 nm nm",,post_PPBI_2025-08-31,,
core_c1381afe5d70e7e976f28626,COLB,consolidated,2025-09-30,2025-09-30 calendar quarter,2025-10-30,2025-10-31T12:00:00+00:00,2026-10-08T02:30:08.288821+00:00,src_4ed15f2711427285695a739e,d6cef93ffbe667bd92a4ec0f35e2cbcc865abe9e7232b9e1512107eed2306f97,https://s26.q4cdn.com/577104185/files/doc_earnings/2025/q3/earnings-result/COLB-2025-Q3-Earnings-Release.pdf,PDF page 14,nonaccrual,120.0,USD_million,see metric and source row,all,all,observed,,nonaccrual@core-1,,aef4a56a6829d5420685a4d498058e83ccc08e12+tree.4e67479291c8900b,Total loans and leases on non-accrual status 120 98 122 96 99 22 % 21 %,,post_PPBI_2025-08-31,,
core_8a7cc354759908b4cf1d275b,COLB,consolidated,2025-09-30,2025-09-30 calendar quarter,2025-10-30,2025-10-31T12:00:00+00:00,2026-10-08T02:30:08.288821+00:00,src_4ed15f2711427285695a739e,d6cef93ffbe667bd92a4ec0f35e2cbcc865abe9e7232b9e1512107eed2306f97,https://s26.q4cdn.com/577104185/files/doc_earnings/2025/q3/earnings-result/COLB-2025-Q3-Earnings-Release.pdf,PDF page 14,npl,196.0,USD_million,see metric and source row,all,all,observed,,npl@core-1,,aef4a56a6829d5420685a4d498058e83ccc08e12+tree.4e67479291c8900b,"Total non-performing loans and leases (1), (2) 196 177 175 167 166 11 % 18 %",,post_PPBI_2025-08-31,,
core_aaa1bde4bfb34f4370853377,COLB,consolidated,2025-09-30,2025-09-30 calendar quarter,2025-10-30,2025-10-31T12:00:00+00:00,2026-10-08T02:30:08.288821+00:00,src_4ed15f2711427285695a739e,d6cef93ffbe667bd92a4ec0f35e2cbcc865abe9e7232b9e1512107eed2306f97,https://s26.q4cdn.com/577104185/files/doc_earnings/2025/q3/earnings-result/COLB-2025-Q3-Earnings-Release.pdf,PDF page 14,past_due_31_89,85.0,USD_million,see metric and source row,all,all,observed,,past_due_31_89@core-1,,aef4a56a6829d5420685a4d498058e83ccc08e12+tree.4e67479291c8900b,Loans and leases past due 31-89 days $ 85 $ 142 $ 158 $ 105 $ 67 (40) % 27 %,,post_PPBI_2025-08-31,,
core_333af141221987931a0acea3,COLB,consolidated,2025-09-30,2025-09-30 calendar quarter,2025-10-30,2025-10-31T12:00:00+00:00,2026-10-08T02:30:08.288821+00:00,src_4ed15f2711427285695a739e,d6cef93ffbe667bd92a4ec0f35e2cbcc865abe9e7232b9e1512107eed2306f97,https://s26.q4cdn.com/577104185/files/doc_earnings/2025/q3/earnings-result/COLB-2025-Q3-Earnings-Release.pdf,PDF page 14,past_due_90_accruing,76.0,USD_million,see metric and source row,all,all,observed,,past_due_90_accruing@core-1,,aef4a56a6829d5420685a4d498058e83ccc08e12+tree.4e67479291c8900b,accruing (2) 76 79 53 71 67 (4) % 13 %,,post_PPBI_2025-08-31,,
core_067663618b6d71c35b83f87d,COLB,consolidated,2025-09-30,2025-09-30 calendar quarter,2025-10-30,2025-10-31T12:00:00+00:00,2026-10-08T02:30:08.288821+00:00,src_4ed15f2711427285695a739e,d6cef93ffbe667bd92a4ec0f35e2cbcc865abe9e7232b9e1512107eed2306f97,https://s26.q4cdn.com/577104185/files/doc_earnings/2025/q3/earnings-result/COLB-2025-Q3-Earnings-Release.pdf,PDF page 15,acl_loans,473.0,USD_million,see metric and source row,all,all,observed,,acl_loans@core-1,,aef4a56a6829d5420685a4d498058e83ccc08e12+tree.4e67479291c8900b,"Balance, end of period $ 473 $ 421 $ 421 $ 425 $ 420 12 % 13 %",,post_PPBI_2025-08-31,,
core_740dd0cede696349c43aa194,COLB,consolidated,2025-09-30,2025-09-30 calendar quarter,2025-10-30,2025-10-31T12:00:00+00:00,2026-10-08T02:30:08.288821+00:00,src_4ed15f2711427285695a739e,d6cef93ffbe667bd92a4ec0f35e2cbcc865abe9e7232b9e1512107eed2306f97,https://s26.q4cdn.com/577104185/files/doc_earnings/2025/q3/earnings-result/COLB-2025-Q3-Earnings-Release.pdf,PDF page 15,nco,22.0,USD_million,see metric and source row,all,all,observed,,nco@core-1,,aef4a56a6829d5420685a4d498058e83ccc08e12+tree.4e67479291c8900b,Total net charge-offs (22) (29) (30) (25) (30) (24) % (27) %,,post_PPBI_2025-08-31,,
core_c4a3dc952c9aee145a54efcf,COLB,consolidated,2025-09-30,2025-09-30 calendar quarter,2025-10-30,2025-10-31T12:00:00+00:00,2026-10-08T02:30:08.288821+00:00,src_4ed15f2711427285695a739e,d6cef93ffbe667bd92a4ec0f35e2cbcc865abe9e7232b9e1512107eed2306f97,https://s26.q4cdn.com/577104185/files/doc_earnings/2025/q3/earnings-result/COLB-2025-Q3-Earnings-Release.pdf,PDF page 7,nii,505.0,USD_million,see metric and source row,all,all,observed,,nii@core-1,,aef4a56a6829d5420685a4d498058e83ccc08e12+tree.4e67479291c8900b,Net interest income 505 446 425 437 430 13 % 17 %,,post_PPBI_2025-08-31,,
core_b4ae108ec247cfb1de27e507,COLB,consolidated,2025-09-30,2025-09-30 calendar quarter,2025-10-30,2025-10-31T12:00:00+00:00,2026-10-08T02:30:08.288821+00:00,src_4ed15f2711427285695a739e,d6cef93ffbe667bd92a4ec0f35e2cbcc865abe9e7232b9e1512107eed2306f97,https://s26.q4cdn.com/577104185/files/doc_earnings/2025/q3/earnings-result/COLB-2025-Q3-Earnings-Release.pdf,PDF page 7,nie,393.0,USD_million,see metric and source row,all,all,observed,,nie@core-1,,aef4a56a6829d5420685a4d498058e83ccc08e12+tree.4e67479291c8900b,Total non-interest expense 393 278 340 267 271 41 % 45 %,,post_PPBI_2025-08-31,,
core_e931295864ebff4d00b4db14,COLB,consolidated,2025-09-30,2025-09-30 calendar quarter,2025-10-30,2025-10-31T12:00:00+00:00,2026-10-08T02:30:08.288821+00:00,src_4ed15f2711427285695a739e,d6cef93ffbe667bd92a4ec0f35e2cbcc865abe9e7232b9e1512107eed2306f97,https://s26.q4cdn.com/577104185/files/doc_earnings/2025/q3/earnings-result/COLB-2025-Q3-Earnings-Release.pdf,PDF page 10,nim_te_pct,3.84,percent,see metric and source row,all,all,observed,,nim_te_pct@core-1,,aef4a56a6829d5420685a4d498058e83ccc08e12+tree.4e67479291c8900b,Net interest margin (2) 3.84 % 3.75 % 3.60 % 3.64 % 3.56 % 0.09 0.28,,post_PPBI_2025-08-31,,
core_62db432a1e85435bb83c3d0f,COLB,consolidated,2025-09-30,2025-09-30 calendar quarter,2025-10-30,2025-10-31T12:00:00+00:00,2026-10-08T02:30:08.288821+00:00,src_4ed15f2711427285695a739e,d6cef93ffbe667bd92a4ec0f35e2cbcc865abe9e7232b9e1512107eed2306f97,https://s26.q4cdn.com/577104185/files/doc_earnings/2025/q3/earnings-result/COLB-2025-Q3-Earnings-Release.pdf,PDF page 7,pretax_income,119.0,USD_million,see metric and source row,all,all,observed,,pretax_income@core-1,,aef4a56a6829d5420685a4d498058e83ccc08e12+tree.4e67479291c8900b,Income before provision for income taxes 119 203 124 192 196 (41) % (39) %,,post_PPBI_2025-08-31,,
core_c525a11308e40d53f20f4f86,COLB,consolidated,2025-09-30,2025-09-30 calendar quarter,2025-10-30,2025-10-31T12:00:00+00:00,2026-10-08T02:30:08.288821+00:00,src_4ed15f2711427285695a739e,d6cef93ffbe667bd92a4ec0f35e2cbcc865abe9e7232b9e1512107eed2306f97,https://s26.q4cdn.com/577104185/files/doc_earnings/2025/q3/earnings-result/COLB-2025-Q3-Earnings-Release.pdf,PDF page 7,provision,70.0,USD_million,see metric and source row,all,all,observed,,provision@core-1,,aef4a56a6829d5420685a4d498058e83ccc08e12+tree.4e67479291c8900b,Provision for credit losses 70 30 27 28 29 133 % 141 %,,post_PPBI_2025-08-31,,
core_7d4515965f59654c98558065,COLB,consolidated,2025-09-30,2025-09-30 calendar quarter,2025-10-30,2025-10-31T12:00:00+00:00,2026-10-08T02:30:08.288821+00:00,src_4ed15f2711427285695a739e,d6cef93ffbe667bd92a4ec0f35e2cbcc865abe9e7232b9e1512107eed2306f97,https://s26.q4cdn.com/577104185/files/doc_earnings/2025/q3/earnings-result/COLB-2025-Q3-Earnings-Release.pdf,PDF page 7,ppnr_gaap,189.0,USD_million,see metric and source row,all,all,derived,,ppnr_gaap@core-1,,aef4a56a6829d5420685a4d498058e83ccc08e12+tree.4e67479291c8900b,Pretax income + provision for credit losses,Includes GAAP merger and other nonrecurring effects; not adjusted PPNR,post_PPBI_2025-08-31,,
core_7b121fc53a47ea0c36d4d6f8,COLB,consolidated,2025-09-30,2025-09-30 calendar quarter,2025-10-30,2025-10-31T12:00:00+00:00,2026-10-08T02:30:11.715946+00:00,src_0b6c801bec55ef0d65424fc9,93102d96fdc534ff5019d9600b4ffe9fec5a6e4c1ed71124d4d30d1140a87207,https://s26.q4cdn.com/577104185/files/doc_earnings/2025/q3/presentation/COLB-Q3-2025-Earnings-Presentation-FINAL.pdf,PDF page 16,office_ltv_pct,59.0,percent,see metric and source row,office,all,observed,,office_ltv_pct@core-1,,aef4a56a6829d5420685a4d498058e83ccc08e12+tree.4e67479291c8900b,Average LTV 59% ■ Our office portfolio is 43% owner,DSCR is non-owner occupied; LTV and credit balances are all-office. Not matched 2027 maturity cohort.,post_PPBI_2025-08-31,,
core_a1791c7e3e631fab5d0f95df,COLB,consolidated,2025-09-30,2025-09-30 calendar quarter,2025-10-30,2025-10-31T12:00:00+00:00,2026-10-08T02:30:11.715946+00:00,src_0b6c801bec55ef0d65424fc9,93102d96fdc534ff5019d9600b4ffe9fec5a6e4c1ed71124d4d30d1140a87207,https://s26.q4cdn.com/577104185/files/doc_earnings/2025/q3/presentation/COLB-Q3-2025-Earnings-Presentation-FINAL.pdf,PDF page 16,office_nonowner_dscr,1.8,multiple,see metric and source row,office,all,observed,,office_nonowner_dscr@core-1,,aef4a56a6829d5420685a4d498058e83ccc08e12+tree.4e67479291c8900b,"DSC (non-owner occupied) 1.80x occupied, 55% non-owner occupied, and",DSCR is non-owner occupied; LTV and credit balances are all-office. Not matched 2027 maturity cohort.,post_PPBI_2025-08-31,,
core_ef616fb7545382ed7bebbe4a,COLB,consolidated,2025-09-30,2025-09-30 calendar quarter,2025-10-30,2025-10-31T12:00:00+00:00,2026-10-08T02:30:11.715946+00:00,src_0b6c801bec55ef0d65424fc9,93102d96fdc534ff5019d9600b4ffe9fec5a6e4c1ed71124d4d30d1140a87207,https://s26.q4cdn.com/577104185/files/doc_earnings/2025/q3/presentation/COLB-Q3-2025-Earnings-Presentation-FINAL.pdf,PDF page 16,office_nonaccrual,21.9,USD_million,see metric and source row,office,all,observed,,office_nonaccrual@core-1,,aef4a56a6829d5420685a4d498058e83ccc08e12+tree.4e67479291c8900b,Nonaccrual $21.9mm / 0.58% of office office portfolio.,DSCR is non-owner occupied; LTV and credit balances are all-office. Not matched 2027 maturity cohort.,post_PPBI_2025-08-31,,
core_1b6489e598fab22b67523240,COLB,consolidated,2025-09-30,2025-09-30 calendar quarter,2025-10-30,2025-10-31T12:00:00+00:00,2026-10-08T02:30:11.715946+00:00,src_0b6c801bec55ef0d65424fc9,93102d96fdc534ff5019d9600b4ffe9fec5a6e4c1ed71124d4d30d1140a87207,https://s26.q4cdn.com/577104185/files/doc_earnings/2025/q3/presentation/COLB-Q3-2025-Earnings-Presentation-FINAL.pdf,PDF page 16,office_special_mention,47.7,USD_million,see metric and source row,office,all,observed,,office_special_mention@core-1,,aef4a56a6829d5420685a4d498058e83ccc08e12+tree.4e67479291c8900b,Special mention $47.7mm / 1.26% of office ■ The average loan size in our office,DSCR is non-owner occupied; LTV and credit balances are all-office. Not matched 2027 maturity cohort.,post_PPBI_2025-08-31,,
core_ac1c68fc1f6adf07da91eb2a,COLB,consolidated,2025-09-30,2025-09-30 calendar quarter,2025-10-30,2025-10-31T12:00:00+00:00,2026-10-08T02:30:11.715946+00:00,src_0b6c801bec55ef0d65424fc9,93102d96fdc534ff5019d9600b4ffe9fec5a6e4c1ed71124d4d30d1140a87207,https://s26.q4cdn.com/577104185/files/doc_earnings/2025/q3/presentation/COLB-Q3-2025-Earnings-Presentation-FINAL.pdf,PDF page 16,office_classified,85.3,USD_million,see metric and source row,office,all,observed,,office_classified@core-1,,aef4a56a6829d5420685a4d498058e83ccc08e12+tree.4e67479291c8900b,Classified $85.3mm / 2.25% of office portfolio is $1.4 million .,DSCR is non-owner occupied; LTV and credit balances are all-office. Not matched 2027 maturity cohort.,post_PPBI_2025-08-31,,
core_8443c48de4dedff71da47773,COLB,consolidated,2025-09-30,2025-09-30 calendar quarter,2025-10-30,2025-10-31T12:00:00+00:00,2026-10-08T02:30:11.715946+00:00,src_0b6c801bec55ef0d65424fc9,93102d96fdc534ff5019d9600b4ffe9fec5a6e4c1ed71124d4d30d1140a87207,https://s26.q4cdn.com/577104185/files/doc_earnings/2025/q3/presentation/COLB-Q3-2025-Earnings-Presentation-FINAL.pdf,PDF page 16,office_past_due_30_89,6.7,USD_million,see metric and source row,office,all,observed,,office_past_due_30_89@core-1,,aef4a56a6829d5420685a4d498058e83ccc08e12+tree.4e67479291c8900b,Past due 30-89 days $6.7mm / 0.18% of office healthcare loans compose 21% of our,DSCR is non-owner occupied; LTV and credit balances are all-office. Not matched 2027 maturity cohort.,post_PPBI_2025-08-31,,
core_31e19746f1533206f03dcc6b,COLB,consolidated,2025-12-31,2025-12-31 calendar quarter,2026-01-22,2026-01-23T12:00:00+00:00,2026-10-07T15:17:19.772082+00:00,src_480cfe7924927dac72467f06,6ff8a094247884aca681ff6e7a7379bf7a807662372f7bb0b6600148ad964118,https://s26.q4cdn.com/577104185/files/doc_earnings/2025/q4/earnings-result/COLB-2025-Q4-Earnings-Release.pdf,PDF page 9,deposits,54211.0,USD_million,see metric and source row,all,all,observed,,deposits@core-1,,aef4a56a6829d5420685a4d498058e83ccc08e12+tree.4e67479291c8900b,"Total deposits 54,211 55,771 41,743 42,218 41,721 (3) % 30 %",,post_PPBI_2025-08-31,,
core_93b42e58e8e4dfdcecf50396,COLB,consolidated,2025-12-31,2025-12-31 calendar quarter,2026-01-22,2026-01-23T12:00:00+00:00,2026-10-07T15:17:19.772082+00:00,src_480cfe7924927dac72467f06,6ff8a094247884aca681ff6e7a7379bf7a807662372f7bb0b6600148ad964118,https://s26.q4cdn.com/577104185/files/doc_earnings/2025/q4/earnings-result/COLB-2025-Q4-Earnings-Release.pdf,PDF page 9,borrowings_ex_subordinated,3200.0,USD_million,see metric and source row,all,all,observed,,borrowings_ex_subordinated@core-1,,aef4a56a6829d5420685a4d498058e83ccc08e12+tree.4e67479291c8900b,"Borrowings 3,200 2,300 3,350 2,550 3,100 39 % 3 %",,post_PPBI_2025-08-31,,
core_3838ff552f5c8ece5874bc06,COLB,consolidated,2025-12-31,2025-12-31 calendar quarter,2026-01-22,2026-01-23T12:00:00+00:00,2026-10-07T15:17:19.772082+00:00,src_480cfe7924927dac72467f06,6ff8a094247884aca681ff6e7a7379bf7a807662372f7bb0b6600148ad964118,https://s26.q4cdn.com/577104185/files/doc_earnings/2025/q4/earnings-result/COLB-2025-Q4-Earnings-Release.pdf,PDF page 9,nib_deposits,17419.0,USD_million,see metric and source row,all,all,observed,,nib_deposits@core-1,,aef4a56a6829d5420685a4d498058e83ccc08e12+tree.4e67479291c8900b,"Non-interest-bearing $ 17,419 $ 17,810 $ 13,220 $ 13,414 $ 13,308 (2) % 31 %",,post_PPBI_2025-08-31,,
core_c2d3bc654692a7acf6747715,COLB,consolidated,2025-12-31,2025-12-31 calendar quarter,2026-01-22,2026-01-23T12:00:00+00:00,2026-10-07T15:17:19.772082+00:00,src_480cfe7924927dac72467f06,6ff8a094247884aca681ff6e7a7379bf7a807662372f7bb0b6600148ad964118,https://s26.q4cdn.com/577104185/files/doc_earnings/2025/q4/earnings-result/COLB-2025-Q4-Earnings-Release.pdf,PDF page 9,loans_gross,47776.0,USD_million,see metric and source row,all,all,observed,,loans_gross@core-1,,aef4a56a6829d5420685a4d498058e83ccc08e12+tree.4e67479291c8900b,"Loans and leases 47,776 48,462 37,637 37,616 37,681 (1) % 27 %",,post_PPBI_2025-08-31,,
core_1c88c9b46ee6f268102398f2,COLB,consolidated,2025-12-31,2025-12-31 calendar quarter,2026-01-22,2026-01-23T12:00:00+00:00,2026-10-07T15:17:19.772082+00:00,src_480cfe7924927dac72467f06,6ff8a094247884aca681ff6e7a7379bf7a807662372f7bb0b6600148ad964118,https://s26.q4cdn.com/577104185/files/doc_earnings/2025/q4/earnings-result/COLB-2025-Q4-Earnings-Release.pdf,PDF page 9,aoci,-233.0,USD_million,see metric and source row,all,all,observed,,aoci@core-1,,aef4a56a6829d5420685a4d498058e83ccc08e12+tree.4e67479291c8900b,Accumulated other comprehensive loss (233) (268) (333) (358) (462) (13) % (50) %,,post_PPBI_2025-08-31,,
core_101e8350ac17753412393492,COLB,consolidated,2025-12-31,2025-12-31 calendar quarter,2026-01-22,2026-01-23T12:00:00+00:00,2026-10-07T15:17:19.772082+00:00,src_480cfe7924927dac72467f06,6ff8a094247884aca681ff6e7a7379bf7a807662372f7bb0b6600148ad964118,https://s26.q4cdn.com/577104185/files/doc_earnings/2025/q4/earnings-result/COLB-2025-Q4-Earnings-Release.pdf,PDF page 9,afs,11112.0,USD_million,see metric and source row,all,all,observed,,afs@core-1,,aef4a56a6829d5420685a4d498058e83ccc08e12+tree.4e67479291c8900b,"Available for sale, at fair value 11,112 11,013 8,653 8,229 8,275 1 % 34 %",,post_PPBI_2025-08-31,,
core_ecd3b5398c8d483defbe884b,COLB,consolidated,2025-12-31,2025-12-31 calendar quarter,2026-01-22,2026-01-23T12:00:00+00:00,2026-10-07T15:17:19.772082+00:00,src_480cfe7924927dac72467f06,6ff8a094247884aca681ff6e7a7379bf7a807662372f7bb0b6600148ad964118,https://s26.q4cdn.com/577104185/files/doc_earnings/2025/q4/earnings-result/COLB-2025-Q4-Earnings-Release.pdf,PDF page 9,htm,18.0,USD_million,see metric and source row,all,all,observed,,htm@core-1,,aef4a56a6829d5420685a4d498058e83ccc08e12+tree.4e67479291c8900b,"Held to maturity, at amortized cost 18 18 2 2 2 — % nm",,post_PPBI_2025-08-31,,
core_5f449a80503ab6facae81728,COLB,consolidated,2025-12-31,2025-12-31 calendar quarter,2026-01-22,2026-01-23T12:00:00+00:00,2026-10-07T15:17:19.772082+00:00,src_480cfe7924927dac72467f06,6ff8a094247884aca681ff6e7a7379bf7a807662372f7bb0b6600148ad964118,https://s26.q4cdn.com/577104185/files/doc_earnings/2025/q4/earnings-result/COLB-2025-Q4-Earnings-Release.pdf,PDF page 14,nonaccrual,116.0,USD_million,see metric and source row,all,all,observed,,nonaccrual@core-1,,aef4a56a6829d5420685a4d498058e83ccc08e12+tree.4e67479291c8900b,Total loans and leases on non-accrual status 116 120 98 122 96 (3) % 21 %,,post_PPBI_2025-08-31,,
core_306857607ceecaf2e2e74bf7,COLB,consolidated,2025-12-31,2025-12-31 calendar quarter,2026-01-22,2026-01-23T12:00:00+00:00,2026-10-07T15:17:19.772082+00:00,src_480cfe7924927dac72467f06,6ff8a094247884aca681ff6e7a7379bf7a807662372f7bb0b6600148ad964118,https://s26.q4cdn.com/577104185/files/doc_earnings/2025/q4/earnings-result/COLB-2025-Q4-Earnings-Release.pdf,PDF page 14,npl,198.0,USD_million,see metric and source row,all,all,observed,,npl@core-1,,aef4a56a6829d5420685a4d498058e83ccc08e12+tree.4e67479291c8900b,"Total non-performing loans and leases (1), (2) 198 196 177 175 167 1 % 19 %",,post_PPBI_2025-08-31,,
core_3c79ba874f8ebffb724c2dbd,COLB,consolidated,2025-12-31,2025-12-31 calendar quarter,2026-01-22,2026-01-23T12:00:00+00:00,2026-10-07T15:17:19.772082+00:00,src_480cfe7924927dac72467f06,6ff8a094247884aca681ff6e7a7379bf7a807662372f7bb0b6600148ad964118,https://s26.q4cdn.com/577104185/files/doc_earnings/2025/q4/earnings-result/COLB-2025-Q4-Earnings-Release.pdf,PDF page 14,past_due_31_89,94.0,USD_million,see metric and source row,all,all,observed,,past_due_31_89@core-1,,aef4a56a6829d5420685a4d498058e83ccc08e12+tree.4e67479291c8900b,Loans and leases past due 31-89 days $ 94 $ 85 $ 142 $ 158 $ 105 11 % (10) %,,post_PPBI_2025-08-31,,
core_38b32b9de79bba66b5e31604,COLB,consolidated,2025-12-31,2025-12-31 calendar quarter,2026-01-22,2026-01-23T12:00:00+00:00,2026-10-07T15:17:19.772082+00:00,src_480cfe7924927dac72467f06,6ff8a094247884aca681ff6e7a7379bf7a807662372f7bb0b6600148ad964118,https://s26.q4cdn.com/577104185/files/doc_earnings/2025/q4/earnings-result/COLB-2025-Q4-Earnings-Release.pdf,PDF page 14,past_due_90_accruing,82.0,USD_million,see metric and source row,all,all,observed,,past_due_90_accruing@core-1,,aef4a56a6829d5420685a4d498058e83ccc08e12+tree.4e67479291c8900b,accruing 82 76 79 53 71 8 % 15 %,,post_PPBI_2025-08-31,,
core_539431c9483ea1a15589d7b8,COLB,consolidated,2025-12-31,2025-12-31 calendar quarter,2026-01-22,2026-01-23T12:00:00+00:00,2026-10-07T15:17:19.772082+00:00,src_480cfe7924927dac72467f06,6ff8a094247884aca681ff6e7a7379bf7a807662372f7bb0b6600148ad964118,https://s26.q4cdn.com/577104185/files/doc_earnings/2025/q4/earnings-result/COLB-2025-Q4-Earnings-Release.pdf,PDF page 15,acl_loans,466.0,USD_million,see metric and source row,all,all,observed,,acl_loans@core-1,,aef4a56a6829d5420685a4d498058e83ccc08e12+tree.4e67479291c8900b,"Balance, end of period $ 466 $ 473 $ 421 $ 421 $ 425 (1) % 10 %",,post_PPBI_2025-08-31,,
core_30bc9015f9bc415ef610873a,COLB,consolidated,2025-12-31,2025-12-31 calendar quarter,2026-01-22,2026-01-23T12:00:00+00:00,2026-10-07T15:17:19.772082+00:00,src_480cfe7924927dac72467f06,6ff8a094247884aca681ff6e7a7379bf7a807662372f7bb0b6600148ad964118,https://s26.q4cdn.com/577104185/files/doc_earnings/2025/q4/earnings-result/COLB-2025-Q4-Earnings-Release.pdf,PDF page 15,nco,30.0,USD_million,see metric and source row,all,all,observed,,nco@core-1,,aef4a56a6829d5420685a4d498058e83ccc08e12+tree.4e67479291c8900b,Total net charge-offs (30) (22) (29) (30) (25) 36 % 20 %,,post_PPBI_2025-08-31,,
core_4421b2083056087fef506075,COLB,consolidated,2025-12-31,2025-12-31 calendar quarter,2026-01-22,2026-01-23T12:00:00+00:00,2026-10-07T15:17:19.772082+00:00,src_480cfe7924927dac72467f06,6ff8a094247884aca681ff6e7a7379bf7a807662372f7bb0b6600148ad964118,https://s26.q4cdn.com/577104185/files/doc_earnings/2025/q4/earnings-result/COLB-2025-Q4-Earnings-Release.pdf,PDF page 7,nii,627.0,USD_million,see metric and source row,all,all,observed,,nii@core-1,,aef4a56a6829d5420685a4d498058e83ccc08e12+tree.4e67479291c8900b,Net interest income 627 505 446 425 437 24 % 43 %,,post_PPBI_2025-08-31,,
core_e9ba31ab2c446ebbadbc25b2,COLB,consolidated,2025-12-31,2025-12-31 calendar quarter,2026-01-22,2026-01-23T12:00:00+00:00,2026-10-07T15:17:19.772082+00:00,src_480cfe7924927dac72467f06,6ff8a094247884aca681ff6e7a7379bf7a807662372f7bb0b6600148ad964118,https://s26.q4cdn.com/577104185/files/doc_earnings/2025/q4/earnings-result/COLB-2025-Q4-Earnings-Release.pdf,PDF page 7,nie,412.0,USD_million,see metric and source row,all,all,observed,,nie@core-1,,aef4a56a6829d5420685a4d498058e83ccc08e12+tree.4e67479291c8900b,Total non-interest expense 412 393 278 340 267 5 % 54 %,,post_PPBI_2025-08-31,,
core_7afa02bde068102e1bc9cb52,COLB,consolidated,2025-12-31,2025-12-31 calendar quarter,2026-01-22,2026-01-23T12:00:00+00:00,2026-10-07T15:17:19.772082+00:00,src_480cfe7924927dac72467f06,6ff8a094247884aca681ff6e7a7379bf7a807662372f7bb0b6600148ad964118,https://s26.q4cdn.com/577104185/files/doc_earnings/2025/q4/earnings-result/COLB-2025-Q4-Earnings-Release.pdf,PDF page 10,nim_te_pct,4.06,percent,see metric and source row,all,all,observed,,nim_te_pct@core-1,,aef4a56a6829d5420685a4d498058e83ccc08e12+tree.4e67479291c8900b,Net interest margin (2) 4.06 % 3.84 % 3.75 % 3.60 % 3.64 % 0.22 0.42,,post_PPBI_2025-08-31,,
core_e6d056d3f5299e930fa697dd,COLB,consolidated,2025-12-31,2025-12-31 calendar quarter,2026-01-22,2026-01-23T12:00:00+00:00,2026-10-07T15:17:19.772082+00:00,src_480cfe7924927dac72467f06,6ff8a094247884aca681ff6e7a7379bf7a807662372f7bb0b6600148ad964118,https://s26.q4cdn.com/577104185/files/doc_earnings/2025/q4/earnings-result/COLB-2025-Q4-Earnings-Release.pdf,PDF page 7,pretax_income,282.0,USD_million,see metric and source row,all,all,observed,,pretax_income@core-1,,aef4a56a6829d5420685a4d498058e83ccc08e12+tree.4e67479291c8900b,Income before provision for income taxes 282 119 203 124 192 137 % 47 %,,post_PPBI_2025-08-31,,
core_6a0866e2bc92d9b39dc321b1,COLB,consolidated,2025-12-31,2025-12-31 calendar quarter,2026-01-22,2026-01-23T12:00:00+00:00,2026-10-07T15:17:19.772082+00:00,src_480cfe7924927dac72467f06,6ff8a094247884aca681ff6e7a7379bf7a807662372f7bb0b6600148ad964118,https://s26.q4cdn.com/577104185/files/doc_earnings/2025/q4/earnings-result/COLB-2025-Q4-Earnings-Release.pdf,PDF page 7,provision,23.0,USD_million,see metric and source row,all,all,observed,,provision@core-1,,aef4a56a6829d5420685a4d498058e83ccc08e12+tree.4e67479291c8900b,Provision for credit losses 23 70 30 27 28 (67) % (18) %,,post_PPBI_2025-08-31,,
core_6997bb6bcc8e0e77a75ce990,COLB,consolidated,2025-12-31,2025-12-31 calendar quarter,2026-01-22,2026-01-23T12:00:00+00:00,2026-10-07T15:17:19.772082+00:00,src_480cfe7924927dac72467f06,6ff8a094247884aca681ff6e7a7379bf7a807662372f7bb0b6600148ad964118,https://s26.q4cdn.com/577104185/files/doc_earnings/2025/q4/earnings-result/COLB-2025-Q4-Earnings-Release.pdf,PDF page 7,ppnr_gaap,305.0,USD_million,see metric and source row,all,all,derived,,ppnr_gaap@core-1,,aef4a56a6829d5420685a4d498058e83ccc08e12+tree.4e67479291c8900b,Pretax income + provision for credit losses,Includes GAAP merger and other nonrecurring effects; not adjusted PPNR,post_PPBI_2025-08-31,,
core_55134a2a56bdc16efe595018,COLB,consolidated,2025-12-31,2025-12-31 calendar quarter,2026-01-22,2026-01-23T12:00:00+00:00,2026-10-07T15:17:26.319082+00:00,src_e741b5ff7da1a7ceb9d664d2,8b813e9f9fa1488faab9b8fdd1f324010353e8bc9b903f01a38cc3ceff21ffc8,https://s26.q4cdn.com/577104185/files/doc_earnings/2025/q4/presentation/COLB-Q4-2025-Earnings-Presentation-FINAL.pdf,PDF page 15,office_ltv_pct,57.0,percent,see metric and source row,office,all,observed,,office_ltv_pct@core-1,,aef4a56a6829d5420685a4d498058e83ccc08e12+tree.4e67479291c8900b,Average LTV 57% ■ Our office portfolio is 45% owner,DSCR is non-owner occupied; LTV and credit balances are all-office. Not matched 2027 maturity cohort.,post_PPBI_2025-08-31,,
core_5617d473cafa3006ae64adbc,COLB,consolidated,2025-12-31,2025-12-31 calendar quarter,2026-01-22,2026-01-23T12:00:00+00:00,2026-10-07T15:17:26.319082+00:00,src_e741b5ff7da1a7ceb9d664d2,8b813e9f9fa1488faab9b8fdd1f324010353e8bc9b903f01a38cc3ceff21ffc8,https://s26.q4cdn.com/577104185/files/doc_earnings/2025/q4/presentation/COLB-Q4-2025-Earnings-Presentation-FINAL.pdf,PDF page 15,office_nonowner_dscr,1.8,multiple,see metric and source row,office,all,observed,,office_nonowner_dscr@core-1,,aef4a56a6829d5420685a4d498058e83ccc08e12+tree.4e67479291c8900b,"DSC (non-owner occupied) 1.80x occupied, 53% non-owner occupied, and",DSCR is non-owner occupied; LTV and credit balances are all-office. Not matched 2027 maturity cohort.,post_PPBI_2025-08-31,,
core_8c1f53fb174a10319113c81e,COLB,consolidated,2025-12-31,2025-12-31 calendar quarter,2026-01-22,2026-01-23T12:00:00+00:00,2026-10-07T15:17:26.319082+00:00,src_e741b5ff7da1a7ceb9d664d2,8b813e9f9fa1488faab9b8fdd1f324010353e8bc9b903f01a38cc3ceff21ffc8,https://s26.q4cdn.com/577104185/files/doc_earnings/2025/q4/presentation/COLB-Q4-2025-Earnings-Presentation-FINAL.pdf,PDF page 15,office_nonaccrual,15.1,USD_million,see metric and source row,office,all,observed,,office_nonaccrual@core-1,,aef4a56a6829d5420685a4d498058e83ccc08e12+tree.4e67479291c8900b,Nonaccrual $15.1mm / 0.41% of office office portfolio.,DSCR is non-owner occupied; LTV and credit balances are all-office. Not matched 2027 maturity cohort.,post_PPBI_2025-08-31,,
core_5d6a15b41ac77d042b82c411,COLB,consolidated,2025-12-31,2025-12-31 calendar quarter,2026-01-22,2026-01-23T12:00:00+00:00,2026-10-07T15:17:26.319082+00:00,src_e741b5ff7da1a7ceb9d664d2,8b813e9f9fa1488faab9b8fdd1f324010353e8bc9b903f01a38cc3ceff21ffc8,https://s26.q4cdn.com/577104185/files/doc_earnings/2025/q4/presentation/COLB-Q4-2025-Earnings-Presentation-FINAL.pdf,PDF page 15,office_special_mention,46.1,USD_million,see metric and source row,office,all,observed,,office_special_mention@core-1,,aef4a56a6829d5420685a4d498058e83ccc08e12+tree.4e67479291c8900b,Special mention $46.1mm / 1.26% of office ■ The average loan size in our office,DSCR is non-owner occupied; LTV and credit balances are all-office. Not matched 2027 maturity cohort.,post_PPBI_2025-08-31,,
core_54776515bc683c1523840a96,COLB,consolidated,2025-12-31,2025-12-31 calendar quarter,2026-01-22,2026-01-23T12:00:00+00:00,2026-10-07T15:17:26.319082+00:00,src_e741b5ff7da1a7ceb9d664d2,8b813e9f9fa1488faab9b8fdd1f324010353e8bc9b903f01a38cc3ceff21ffc8,https://s26.q4cdn.com/577104185/files/doc_earnings/2025/q4/presentation/COLB-Q4-2025-Earnings-Presentation-FINAL.pdf,PDF page 15,office_classified,90.8,USD_million,see metric and source row,office,all,observed,,office_classified@core-1,,aef4a56a6829d5420685a4d498058e83ccc08e12+tree.4e67479291c8900b,Classified $90.8mm / 2.47% of office portfolio is $1.4 million .,DSCR is non-owner occupied; LTV and credit balances are all-office. Not matched 2027 maturity cohort.,post_PPBI_2025-08-31,,
core_fb07a5dbf90bfcdfe223c5f7,COLB,consolidated,2025-12-31,2025-12-31 calendar quarter,2026-01-22,2026-01-23T12:00:00+00:00,2026-10-07T15:17:26.319082+00:00,src_e741b5ff7da1a7ceb9d664d2,8b813e9f9fa1488faab9b8fdd1f324010353e8bc9b903f01a38cc3ceff21ffc8,https://s26.q4cdn.com/577104185/files/doc_earnings/2025/q4/presentation/COLB-Q4-2025-Earnings-Presentation-FINAL.pdf,PDF page 15,office_past_due_30_89,2.2,USD_million,see metric and source row,office,all,observed,,office_past_due_30_89@core-1,,aef4a56a6829d5420685a4d498058e83ccc08e12+tree.4e67479291c8900b,Past due 30-89 days $2.2mm / 0.06% of office healthcare loans compose 22% of our,DSCR is non-owner occupied; LTV and credit balances are all-office. Not matched 2027 maturity cohort.,post_PPBI_2025-08-31,,
core_cdeab229d9edd85e37b7909e,COLB,consolidated,2026-03-31,2026-03-31 calendar quarter,2026-04-23,2026-04-24T12:00:00+00:00,2026-10-07T15:17:17.507419+00:00,src_03604d8756846f718f7276ae,f473d904badc24746768f2d209b965ae7b216b565797bc0c9469d9e67a6e4e32,https://s26.q4cdn.com/577104185/files/doc_earnings/2026/q1/earnings-result/COLB-2026-Q1-Earnings-Release.pdf,PDF page 8,deposits,53489.0,USD_million,see metric and source row,all,all,observed,,deposits@core-1,,aef4a56a6829d5420685a4d498058e83ccc08e12+tree.4e67479291c8900b,"Total deposits 53,489 54,211 55,771 41,743 42,218 (1) % 27 %",,post_PPBI_2025-08-31,,
core_388584d89c2f6e175cf4c223,COLB,consolidated,2026-03-31,2026-03-31 calendar quarter,2026-04-23,2026-04-24T12:00:00+00:00,2026-10-07T15:17:17.507419+00:00,src_03604d8756846f718f7276ae,f473d904badc24746768f2d209b965ae7b216b565797bc0c9469d9e67a6e4e32,https://s26.q4cdn.com/577104185/files/doc_earnings/2026/q1/earnings-result/COLB-2026-Q1-Earnings-Release.pdf,PDF page 8,borrowings_ex_subordinated,3400.0,USD_million,see metric and source row,all,all,observed,,borrowings_ex_subordinated@core-1,,aef4a56a6829d5420685a4d498058e83ccc08e12+tree.4e67479291c8900b,"Borrowings 3,400 3,200 2,300 3,350 2,550 6 % 33 %",,post_PPBI_2025-08-31,,
core_6d6a3c5eea89a0a5ef99437d,COLB,consolidated,2026-03-31,2026-03-31 calendar quarter,2026-04-23,2026-04-24T12:00:00+00:00,2026-10-07T15:17:17.507419+00:00,src_03604d8756846f718f7276ae,f473d904badc24746768f2d209b965ae7b216b565797bc0c9469d9e67a6e4e32,https://s26.q4cdn.com/577104185/files/doc_earnings/2026/q1/earnings-result/COLB-2026-Q1-Earnings-Release.pdf,PDF page 8,nib_deposits,17635.0,USD_million,see metric and source row,all,all,observed,,nib_deposits@core-1,,aef4a56a6829d5420685a4d498058e83ccc08e12+tree.4e67479291c8900b,"Non-interest-bearing $ 17,635 $ 17,419 $ 17,810 $ 13,220 $ 13,414 1 % 31 %",,post_PPBI_2025-08-31,,
core_05606da62a00ce6f65ff7f54,COLB,consolidated,2026-03-31,2026-03-31 calendar quarter,2026-04-23,2026-04-24T12:00:00+00:00,2026-10-07T15:17:17.507419+00:00,src_03604d8756846f718f7276ae,f473d904badc24746768f2d209b965ae7b216b565797bc0c9469d9e67a6e4e32,https://s26.q4cdn.com/577104185/files/doc_earnings/2026/q1/earnings-result/COLB-2026-Q1-Earnings-Release.pdf,PDF page 8,loans_gross,47697.0,USD_million,see metric and source row,all,all,observed,,loans_gross@core-1,,aef4a56a6829d5420685a4d498058e83ccc08e12+tree.4e67479291c8900b,"Loans and leases 47,697 47,776 48,462 37,637 37,616 — % 27 %",,post_PPBI_2025-08-31,,
core_e8b3e275faf97e365f1d9e0c,COLB,consolidated,2026-03-31,2026-03-31 calendar quarter,2026-04-23,2026-04-24T12:00:00+00:00,2026-10-07T15:17:17.507419+00:00,src_03604d8756846f718f7276ae,f473d904badc24746768f2d209b965ae7b216b565797bc0c9469d9e67a6e4e32,https://s26.q4cdn.com/577104185/files/doc_earnings/2026/q1/earnings-result/COLB-2026-Q1-Earnings-Release.pdf,PDF page 8,aoci,-291.0,USD_million,see metric and source row,all,all,observed,,aoci@core-1,,aef4a56a6829d5420685a4d498058e83ccc08e12+tree.4e67479291c8900b,Accumulated other comprehensive loss (291) (233) (268) (333) (358) 25 % (19) %,,post_PPBI_2025-08-31,,
core_cd8ad49ed0aaddd180613188,COLB,consolidated,2026-03-31,2026-03-31 calendar quarter,2026-04-23,2026-04-24T12:00:00+00:00,2026-10-07T15:17:17.507419+00:00,src_03604d8756846f718f7276ae,f473d904badc24746768f2d209b965ae7b216b565797bc0c9469d9e67a6e4e32,https://s26.q4cdn.com/577104185/files/doc_earnings/2026/q1/earnings-result/COLB-2026-Q1-Earnings-Release.pdf,PDF page 8,afs,10915.0,USD_million,see metric and source row,all,all,observed,,afs@core-1,,aef4a56a6829d5420685a4d498058e83ccc08e12+tree.4e67479291c8900b,"Available for sale, at fair value 10,915 11,112 11,013 8,653 8,229 (2) % 33 %",,post_PPBI_2025-08-31,,
core_f2527975c985837c8bc563a9,COLB,consolidated,2026-03-31,2026-03-31 calendar quarter,2026-04-23,2026-04-24T12:00:00+00:00,2026-10-07T15:17:17.507419+00:00,src_03604d8756846f718f7276ae,f473d904badc24746768f2d209b965ae7b216b565797bc0c9469d9e67a6e4e32,https://s26.q4cdn.com/577104185/files/doc_earnings/2026/q1/earnings-result/COLB-2026-Q1-Earnings-Release.pdf,PDF page 8,htm,18.0,USD_million,see metric and source row,all,all,observed,,htm@core-1,,aef4a56a6829d5420685a4d498058e83ccc08e12+tree.4e67479291c8900b,"Held to maturity, at amortized cost 18 18 18 2 2 — % nm",,post_PPBI_2025-08-31,,
core_1694dfb887b7f25e64ad5133,COLB,consolidated,2026-03-31,2026-03-31 calendar quarter,2026-04-23,2026-04-24T12:00:00+00:00,2026-10-07T15:17:17.507419+00:00,src_03604d8756846f718f7276ae,f473d904badc24746768f2d209b965ae7b216b565797bc0c9469d9e67a6e4e32,https://s26.q4cdn.com/577104185/files/doc_earnings/2026/q1/earnings-result/COLB-2026-Q1-Earnings-Release.pdf,PDF page 12,nonaccrual,187.0,USD_million,see metric and source row,all,all,observed,,nonaccrual@core-1,,aef4a56a6829d5420685a4d498058e83ccc08e12+tree.4e67479291c8900b,Total loans and leases on non-accrual status 187 116 120 98 122 61 % 53 %,,post_PPBI_2025-08-31,,
core_127c867a61241af4f7eb0ccc,COLB,consolidated,2026-03-31,2026-03-31 calendar quarter,2026-04-23,2026-04-24T12:00:00+00:00,2026-10-07T15:17:17.507419+00:00,src_03604d8756846f718f7276ae,f473d904badc24746768f2d209b965ae7b216b565797bc0c9469d9e67a6e4e32,https://s26.q4cdn.com/577104185/files/doc_earnings/2026/q1/earnings-result/COLB-2026-Q1-Earnings-Release.pdf,PDF page 12,npl,261.0,USD_million,see metric and source row,all,all,observed,,npl@core-1,,aef4a56a6829d5420685a4d498058e83ccc08e12+tree.4e67479291c8900b,"Total non-performing loans and leases (1), (2) 261 198 196 177 175 32 % 49 %",,post_PPBI_2025-08-31,,
core_5f2f497f45672c2bfc016ee4,COLB,consolidated,2026-03-31,2026-03-31 calendar quarter,2026-04-23,2026-04-24T12:00:00+00:00,2026-10-07T15:17:17.507419+00:00,src_03604d8756846f718f7276ae,f473d904badc24746768f2d209b965ae7b216b565797bc0c9469d9e67a6e4e32,https://s26.q4cdn.com/577104185/files/doc_earnings/2026/q1/earnings-result/COLB-2026-Q1-Earnings-Release.pdf,PDF page 12,past_due_31_89,168.0,USD_million,see metric and source row,all,all,observed,,past_due_31_89@core-1,,aef4a56a6829d5420685a4d498058e83ccc08e12+tree.4e67479291c8900b,Loans and leases past due 31-89 days $ 168 $ 94 $ 85 $ 142 $ 158 79 % 6 %,,post_PPBI_2025-08-31,,
core_b50c86a386559a3f9b76c41a,COLB,consolidated,2026-03-31,2026-03-31 calendar quarter,2026-04-23,2026-04-24T12:00:00+00:00,2026-10-07T15:17:17.507419+00:00,src_03604d8756846f718f7276ae,f473d904badc24746768f2d209b965ae7b216b565797bc0c9469d9e67a6e4e32,https://s26.q4cdn.com/577104185/files/doc_earnings/2026/q1/earnings-result/COLB-2026-Q1-Earnings-Release.pdf,PDF page 12,past_due_90_accruing,74.0,USD_million,see metric and source row,all,all,observed,,past_due_90_accruing@core-1,,aef4a56a6829d5420685a4d498058e83ccc08e12+tree.4e67479291c8900b,accruing 74 82 76 79 53 (10) % 40 %,,post_PPBI_2025-08-31,,
core_02b1c92d5a34a57d6df9c106,COLB,consolidated,2026-03-31,2026-03-31 calendar quarter,2026-04-23,2026-04-24T12:00:00+00:00,2026-10-07T15:17:17.507419+00:00,src_03604d8756846f718f7276ae,f473d904badc24746768f2d209b965ae7b216b565797bc0c9469d9e67a6e4e32,https://s26.q4cdn.com/577104185/files/doc_earnings/2026/q1/earnings-result/COLB-2026-Q1-Earnings-Release.pdf,PDF page 13,acl_loans,459.0,USD_million,see metric and source row,all,all,observed,,acl_loans@core-1,,aef4a56a6829d5420685a4d498058e83ccc08e12+tree.4e67479291c8900b,"Balance, end of period $ 459 $ 466 $ 473 $ 421 $ 421 (2) % 9 %",,post_PPBI_2025-08-31,,
core_ee8c5f23af9a9841b3354953,COLB,consolidated,2026-03-31,2026-03-31 calendar quarter,2026-04-23,2026-04-24T12:00:00+00:00,2026-10-07T15:17:17.507419+00:00,src_03604d8756846f718f7276ae,f473d904badc24746768f2d209b965ae7b216b565797bc0c9469d9e67a6e4e32,https://s26.q4cdn.com/577104185/files/doc_earnings/2026/q1/earnings-result/COLB-2026-Q1-Earnings-Release.pdf,PDF page 13,nco,35.0,USD_million,see metric and source row,all,all,observed,,nco@core-1,,aef4a56a6829d5420685a4d498058e83ccc08e12+tree.4e67479291c8900b,Total net charge-offs (35) (30) (22) (29) (30) 17 % 17 %,,post_PPBI_2025-08-31,,
core_bfbe9dfc3500f907a0b82ab3,COLB,consolidated,2026-03-31,2026-03-31 calendar quarter,2026-04-23,2026-04-24T12:00:00+00:00,2026-10-07T15:17:17.507419+00:00,src_03604d8756846f718f7276ae,f473d904badc24746768f2d209b965ae7b216b565797bc0c9469d9e67a6e4e32,https://s26.q4cdn.com/577104185/files/doc_earnings/2026/q1/earnings-result/COLB-2026-Q1-Earnings-Release.pdf,PDF page 7,nii,594.0,USD_million,see metric and source row,all,all,observed,,nii@core-1,,aef4a56a6829d5420685a4d498058e83ccc08e12+tree.4e67479291c8900b,Net interest income 594 627 505 446 425 (5) % 40 %,,post_PPBI_2025-08-31,,
core_f56b8f914bd7fc4c494a9adf,COLB,consolidated,2026-03-31,2026-03-31 calendar quarter,2026-04-23,2026-04-24T12:00:00+00:00,2026-10-07T15:17:17.507419+00:00,src_03604d8756846f718f7276ae,f473d904badc24746768f2d209b965ae7b216b565797bc0c9469d9e67a6e4e32,https://s26.q4cdn.com/577104185/files/doc_earnings/2026/q1/earnings-result/COLB-2026-Q1-Earnings-Release.pdf,PDF page 7,nie,394.0,USD_million,see metric and source row,all,all,observed,,nie@core-1,,aef4a56a6829d5420685a4d498058e83ccc08e12+tree.4e67479291c8900b,Total non-interest expense 394 412 393 278 340 (4) % 16 %,,post_PPBI_2025-08-31,,
core_aa0192a2b8eb8bdf338fba15,COLB,consolidated,2026-03-31,2026-03-31 calendar quarter,2026-04-23,2026-04-24T12:00:00+00:00,2026-10-07T15:17:17.507419+00:00,src_03604d8756846f718f7276ae,f473d904badc24746768f2d209b965ae7b216b565797bc0c9469d9e67a6e4e32,https://s26.q4cdn.com/577104185/files/doc_earnings/2026/q1/earnings-result/COLB-2026-Q1-Earnings-Release.pdf,PDF page 9,nim_te_pct,3.96,percent,see metric and source row,all,all,observed,,nim_te_pct@core-1,,aef4a56a6829d5420685a4d498058e83ccc08e12+tree.4e67479291c8900b,Net interest margin (2) 3.96 % 4.06 % 3.84 % 3.75 % 3.60 % (0.10) 0.36,,post_PPBI_2025-08-31,,
core_fe82e57ba94d9be874ef1d61,COLB,consolidated,2026-03-31,2026-03-31 calendar quarter,2026-04-23,2026-04-24T12:00:00+00:00,2026-10-07T15:17:17.507419+00:00,src_03604d8756846f718f7276ae,f473d904badc24746768f2d209b965ae7b216b565797bc0c9469d9e67a6e4e32,https://s26.q4cdn.com/577104185/files/doc_earnings/2026/q1/earnings-result/COLB-2026-Q1-Earnings-Release.pdf,PDF page 7,pretax_income,255.0,USD_million,see metric and source row,all,all,observed,,pretax_income@core-1,,aef4a56a6829d5420685a4d498058e83ccc08e12+tree.4e67479291c8900b,Income before provision for income taxes 255 282 119 203 124 (10) % 106 %,,post_PPBI_2025-08-31,,
core_22263f7700727fa5f624d4d3,COLB,consolidated,2026-03-31,2026-03-31 calendar quarter,2026-04-23,2026-04-24T12:00:00+00:00,2026-10-07T15:17:17.507419+00:00,src_03604d8756846f718f7276ae,f473d904badc24746768f2d209b965ae7b216b565797bc0c9469d9e67a6e4e32,https://s26.q4cdn.com/577104185/files/doc_earnings/2026/q1/earnings-result/COLB-2026-Q1-Earnings-Release.pdf,PDF page 7,provision,28.0,USD_million,see metric and source row,all,all,observed,,provision@core-1,,aef4a56a6829d5420685a4d498058e83ccc08e12+tree.4e67479291c8900b,Provision for credit losses 28 23 70 30 27 22 % 4 %,,post_PPBI_2025-08-31,,
core_202dc01ef4299f10d2ba46bb,COLB,consolidated,2026-03-31,2026-03-31 calendar quarter,2026-04-23,2026-04-24T12:00:00+00:00,2026-10-07T15:17:17.507419+00:00,src_03604d8756846f718f7276ae,f473d904badc24746768f2d209b965ae7b216b565797bc0c9469d9e67a6e4e32,https://s26.q4cdn.com/577104185/files/doc_earnings/2026/q1/earnings-result/COLB-2026-Q1-Earnings-Release.pdf,PDF page 7,ppnr_gaap,283.0,USD_million,see metric and source row,all,all,derived,,ppnr_gaap@core-1,,aef4a56a6829d5420685a4d498058e83ccc08e12+tree.4e67479291c8900b,Pretax income + provision for credit losses,Includes GAAP merger and other nonrecurring effects; not adjusted PPNR,post_PPBI_2025-08-31,,
core_e299a699456b977938e83514,COLB,consolidated,2026-03-31,2026-03-31 calendar quarter,2026-04-23,2026-04-24T12:00:00+00:00,2026-10-07T15:17:23.687057+00:00,src_c97292e966d6f66f2efdce99,8151f0c35bd1e099e16d03545f4bab9e4dcbdec6ee6cc5578cf8c4401c64f02b,https://s26.q4cdn.com/577104185/files/doc_earnings/2026/q1/presentation/COLB-Q1-2026-Earnings-Presentation-FINAL.pdf,PDF page 25,office_ltv_pct,57.0,percent,see metric and source row,office,all,observed,,office_ltv_pct@core-1,,aef4a56a6829d5420685a4d498058e83ccc08e12+tree.4e67479291c8900b,Average LTV 57% ■ Our office portfolio is 45% owner,DSCR is non-owner occupied; LTV and credit balances are all-office. Not matched 2027 maturity cohort.,post_PPBI_2025-08-31,,
core_1de5c510575a0a54d06ea438,COLB,consolidated,2026-03-31,2026-03-31 calendar quarter,2026-04-23,2026-04-24T12:00:00+00:00,2026-10-07T15:17:23.687057+00:00,src_c97292e966d6f66f2efdce99,8151f0c35bd1e099e16d03545f4bab9e4dcbdec6ee6cc5578cf8c4401c64f02b,https://s26.q4cdn.com/577104185/files/doc_earnings/2026/q1/presentation/COLB-Q1-2026-Earnings-Presentation-FINAL.pdf,PDF page 25,office_nonowner_dscr,1.78,multiple,see metric and source row,office,all,observed,,office_nonowner_dscr@core-1,,aef4a56a6829d5420685a4d498058e83ccc08e12+tree.4e67479291c8900b,"DSC (non-owner occupied) 1.78x occupied, 52% non-owner occupied, and",DSCR is non-owner occupied; LTV and credit balances are all-office. Not matched 2027 maturity cohort.,post_PPBI_2025-08-31,,
core_1fb0054399433822a112fd9c,COLB,consolidated,2026-03-31,2026-03-31 calendar quarter,2026-04-23,2026-04-24T12:00:00+00:00,2026-10-07T15:17:23.687057+00:00,src_c97292e966d6f66f2efdce99,8151f0c35bd1e099e16d03545f4bab9e4dcbdec6ee6cc5578cf8c4401c64f02b,https://s26.q4cdn.com/577104185/files/doc_earnings/2026/q1/presentation/COLB-Q1-2026-Earnings-Presentation-FINAL.pdf,PDF page 25,office_nonaccrual,30.2,USD_million,see metric and source row,office,all,observed,,office_nonaccrual@core-1,,aef4a56a6829d5420685a4d498058e83ccc08e12+tree.4e67479291c8900b,Nonaccrual $30.2mm / 0.83% of office office portfolio.,DSCR is non-owner occupied; LTV and credit balances are all-office. Not matched 2027 maturity cohort.,post_PPBI_2025-08-31,,
core_488e50ecbd6fbd208ce72fae,COLB,consolidated,2026-03-31,2026-03-31 calendar quarter,2026-04-23,2026-04-24T12:00:00+00:00,2026-10-07T15:17:23.687057+00:00,src_c97292e966d6f66f2efdce99,8151f0c35bd1e099e16d03545f4bab9e4dcbdec6ee6cc5578cf8c4401c64f02b,https://s26.q4cdn.com/577104185/files/doc_earnings/2026/q1/presentation/COLB-Q1-2026-Earnings-Presentation-FINAL.pdf,PDF page 25,office_special_mention,51.2,USD_million,see metric and source row,office,all,observed,,office_special_mention@core-1,,aef4a56a6829d5420685a4d498058e83ccc08e12+tree.4e67479291c8900b,Special mention $51.2mm / 1.41% of office ■ The average loan size in our office,DSCR is non-owner occupied; LTV and credit balances are all-office. Not matched 2027 maturity cohort.,post_PPBI_2025-08-31,,
core_6a2a76aec852703c34146a75,COLB,consolidated,2026-03-31,2026-03-31 calendar quarter,2026-04-23,2026-04-24T12:00:00+00:00,2026-10-07T15:17:23.687057+00:00,src_c97292e966d6f66f2efdce99,8151f0c35bd1e099e16d03545f4bab9e4dcbdec6ee6cc5578cf8c4401c64f02b,https://s26.q4cdn.com/577104185/files/doc_earnings/2026/q1/presentation/COLB-Q1-2026-Earnings-Presentation-FINAL.pdf,PDF page 25,office_classified,78.3,USD_million,see metric and source row,office,all,observed,,office_classified@core-1,,aef4a56a6829d5420685a4d498058e83ccc08e12+tree.4e67479291c8900b,Classified $78.3mm / 2.17% of office portfolio is $1.4 million .,DSCR is non-owner occupied; LTV and credit balances are all-office. Not matched 2027 maturity cohort.,post_PPBI_2025-08-31,,
core_71e1865cb4ddd8373a7bb4c2,COLB,consolidated,2026-03-31,2026-03-31 calendar quarter,2026-04-23,2026-04-24T12:00:00+00:00,2026-10-07T15:17:23.687057+00:00,src_c97292e966d6f66f2efdce99,8151f0c35bd1e099e16d03545f4bab9e4dcbdec6ee6cc5578cf8c4401c64f02b,https://s26.q4cdn.com/577104185/files/doc_earnings/2026/q1/presentation/COLB-Q1-2026-Earnings-Presentation-FINAL.pdf,PDF page 25,office_past_due_30_89,2.7,USD_million,see metric and source row,office,all,observed,,office_past_due_30_89@core-1,,aef4a56a6829d5420685a4d498058e83ccc08e12+tree.4e67479291c8900b,Past due 30-89 days $2.7mm / 0.08% of office healthcare loans compose 23% of our,DSCR is non-owner occupied; LTV and credit balances are all-office. Not matched 2027 maturity cohort.,post_PPBI_2025-08-31,,
core_6c61f2f520120c565d8b15e4,COLB,consolidated,2026-06-30,2026-06-30 calendar quarter,2026-07-23,2026-07-24T12:00:00+00:00,2026-10-07T15:16:49.974248+00:00,src_2927eaec08d460a1b843edae,f8941ed9ca8a9a773bffdd5be1a6ec734a30e8418ae8f941dddea37a563813f3,https://s26.q4cdn.com/577104185/files/doc_earnings/2026/q2/earnings-result/COLB-2026-Q2-Earnings-Release.pdf,PDF page 8,deposits,52056.0,USD_million,see metric and source row,all,all,observed,,deposits@core-1,,aef4a56a6829d5420685a4d498058e83ccc08e12+tree.4e67479291c8900b,"Total deposits 52,056 53,489 54,211 55,771 41,743 (3) % 25 %",,post_PPBI_2025-08-31,,
core_778810fcd832e37f8e7ec8b4,COLB,consolidated,2026-06-30,2026-06-30 calendar quarter,2026-07-23,2026-07-24T12:00:00+00:00,2026-10-07T15:16:49.974248+00:00,src_2927eaec08d460a1b843edae,f8941ed9ca8a9a773bffdd5be1a6ec734a30e8418ae8f941dddea37a563813f3,https://s26.q4cdn.com/577104185/files/doc_earnings/2026/q2/earnings-result/COLB-2026-Q2-Earnings-Release.pdf,PDF page 8,borrowings_ex_subordinated,4250.0,USD_million,see metric and source row,all,all,observed,,borrowings_ex_subordinated@core-1,,aef4a56a6829d5420685a4d498058e83ccc08e12+tree.4e67479291c8900b,"Borrowings 4,250 3,400 3,200 2,300 3,350 25 % 27 %",,post_PPBI_2025-08-31,,
core_6c1716eedd6b179dd2b4178d,COLB,consolidated,2026-06-30,2026-06-30 calendar quarter,2026-07-23,2026-07-24T12:00:00+00:00,2026-10-07T15:16:49.974248+00:00,src_2927eaec08d460a1b843edae,f8941ed9ca8a9a773bffdd5be1a6ec734a30e8418ae8f941dddea37a563813f3,https://s26.q4cdn.com/577104185/files/doc_earnings/2026/q2/earnings-result/COLB-2026-Q2-Earnings-Release.pdf,PDF page 8,nib_deposits,17218.0,USD_million,see metric and source row,all,all,observed,,nib_deposits@core-1,,aef4a56a6829d5420685a4d498058e83ccc08e12+tree.4e67479291c8900b,"Non-interest-bearing $ 17,218 $ 17,635 $ 17,419 $ 17,810 $ 13,220 (2) % 30 %",,post_PPBI_2025-08-31,,
core_071e82c49e5c8a35e7e415ba,COLB,consolidated,2026-06-30,2026-06-30 calendar quarter,2026-07-23,2026-07-24T12:00:00+00:00,2026-10-07T15:16:49.974248+00:00,src_2927eaec08d460a1b843edae,f8941ed9ca8a9a773bffdd5be1a6ec734a30e8418ae8f941dddea37a563813f3,https://s26.q4cdn.com/577104185/files/doc_earnings/2026/q2/earnings-result/COLB-2026-Q2-Earnings-Release.pdf,PDF page 8,loans_gross,47166.0,USD_million,see metric and source row,all,all,observed,,loans_gross@core-1,,aef4a56a6829d5420685a4d498058e83ccc08e12+tree.4e67479291c8900b,"Loans and leases 47,166 47,697 47,776 48,462 37,637 (1) % 25 %",,post_PPBI_2025-08-31,,
core_fad6b57c723c03eb82547f91,COLB,consolidated,2026-06-30,2026-06-30 calendar quarter,2026-07-23,2026-07-24T12:00:00+00:00,2026-10-07T15:16:49.974248+00:00,src_2927eaec08d460a1b843edae,f8941ed9ca8a9a773bffdd5be1a6ec734a30e8418ae8f941dddea37a563813f3,https://s26.q4cdn.com/577104185/files/doc_earnings/2026/q2/earnings-result/COLB-2026-Q2-Earnings-Release.pdf,PDF page 8,aoci,-310.0,USD_million,see metric and source row,all,all,observed,,aoci@core-1,,aef4a56a6829d5420685a4d498058e83ccc08e12+tree.4e67479291c8900b,Accumulated other comprehensive loss (310) (291) (233) (268) (333) 7 % (7) %,,post_PPBI_2025-08-31,,
core_4e133a53fc3dd76b4c88ec8f,COLB,consolidated,2026-06-30,2026-06-30 calendar quarter,2026-07-23,2026-07-24T12:00:00+00:00,2026-10-07T15:16:49.974248+00:00,src_2927eaec08d460a1b843edae,f8941ed9ca8a9a773bffdd5be1a6ec734a30e8418ae8f941dddea37a563813f3,https://s26.q4cdn.com/577104185/files/doc_earnings/2026/q2/earnings-result/COLB-2026-Q2-Earnings-Release.pdf,PDF page 8,afs,11131.0,USD_million,see metric and source row,all,all,observed,,afs@core-1,,aef4a56a6829d5420685a4d498058e83ccc08e12+tree.4e67479291c8900b,"Available for sale, at fair value 11,131 10,915 11,112 11,013 8,653 2 % 29 %",,post_PPBI_2025-08-31,,
core_96061e2bd17a1501346d663b,COLB,consolidated,2026-06-30,2026-06-30 calendar quarter,2026-07-23,2026-07-24T12:00:00+00:00,2026-10-07T15:16:49.974248+00:00,src_2927eaec08d460a1b843edae,f8941ed9ca8a9a773bffdd5be1a6ec734a30e8418ae8f941dddea37a563813f3,https://s26.q4cdn.com/577104185/files/doc_earnings/2026/q2/earnings-result/COLB-2026-Q2-Earnings-Release.pdf,PDF page 8,htm,17.0,USD_million,see metric and source row,all,all,observed,,htm@core-1,,aef4a56a6829d5420685a4d498058e83ccc08e12+tree.4e67479291c8900b,"Held to maturity, at amortized cost 17 18 18 18 2 (6) % nm",,post_PPBI_2025-08-31,,
core_1e90b6b86bd2c1b213e705cd,COLB,consolidated,2026-06-30,2026-06-30 calendar quarter,2026-07-23,2026-07-24T12:00:00+00:00,2026-10-07T15:16:49.974248+00:00,src_2927eaec08d460a1b843edae,f8941ed9ca8a9a773bffdd5be1a6ec734a30e8418ae8f941dddea37a563813f3,https://s26.q4cdn.com/577104185/files/doc_earnings/2026/q2/earnings-result/COLB-2026-Q2-Earnings-Release.pdf,PDF page 13,nonaccrual,180.0,USD_million,see metric and source row,all,all,observed,,nonaccrual@core-1,,aef4a56a6829d5420685a4d498058e83ccc08e12+tree.4e67479291c8900b,Total loans and leases on non-accrual status 180 187 116 120 98 (4) % 84 %,,post_PPBI_2025-08-31,,
core_1da26cee1a8261c26b80266e,COLB,consolidated,2026-06-30,2026-06-30 calendar quarter,2026-07-23,2026-07-24T12:00:00+00:00,2026-10-07T15:16:49.974248+00:00,src_2927eaec08d460a1b843edae,f8941ed9ca8a9a773bffdd5be1a6ec734a30e8418ae8f941dddea37a563813f3,https://s26.q4cdn.com/577104185/files/doc_earnings/2026/q2/earnings-result/COLB-2026-Q2-Earnings-Release.pdf,PDF page 13,npl,268.0,USD_million,see metric and source row,all,all,observed,,npl@core-1,,aef4a56a6829d5420685a4d498058e83ccc08e12+tree.4e67479291c8900b,"Total non-performing loans and leases (1), (2) 268 261 198 196 177 3 % 51 %",,post_PPBI_2025-08-31,,
core_ab5200dc0e3ab9982b3bab91,COLB,consolidated,2026-06-30,2026-06-30 calendar quarter,2026-07-23,2026-07-24T12:00:00+00:00,2026-10-07T15:16:49.974248+00:00,src_2927eaec08d460a1b843edae,f8941ed9ca8a9a773bffdd5be1a6ec734a30e8418ae8f941dddea37a563813f3,https://s26.q4cdn.com/577104185/files/doc_earnings/2026/q2/earnings-result/COLB-2026-Q2-Earnings-Release.pdf,PDF page 13,past_due_31_89,125.0,USD_million,see metric and source row,all,all,observed,,past_due_31_89@core-1,,aef4a56a6829d5420685a4d498058e83ccc08e12+tree.4e67479291c8900b,Loans and leases past due 31-89 days $ 125 $ 168 $ 94 $ 85 $ 142 (26) % (12) %,,post_PPBI_2025-08-31,,
core_9bcd9433ffd6697c04e3ae98,COLB,consolidated,2026-06-30,2026-06-30 calendar quarter,2026-07-23,2026-07-24T12:00:00+00:00,2026-10-07T15:16:49.974248+00:00,src_2927eaec08d460a1b843edae,f8941ed9ca8a9a773bffdd5be1a6ec734a30e8418ae8f941dddea37a563813f3,https://s26.q4cdn.com/577104185/files/doc_earnings/2026/q2/earnings-result/COLB-2026-Q2-Earnings-Release.pdf,PDF page 13,past_due_90_accruing,88.0,USD_million,see metric and source row,all,all,observed,,past_due_90_accruing@core-1,,aef4a56a6829d5420685a4d498058e83ccc08e12+tree.4e67479291c8900b,accruing 88 74 82 76 79 19 % 11 %,,post_PPBI_2025-08-31,,
core_fb9b74c3d41e14b00dac1783,COLB,consolidated,2026-06-30,2026-06-30 calendar quarter,2026-07-23,2026-07-24T12:00:00+00:00,2026-10-07T15:16:49.974248+00:00,src_2927eaec08d460a1b843edae,f8941ed9ca8a9a773bffdd5be1a6ec734a30e8418ae8f941dddea37a563813f3,https://s26.q4cdn.com/577104185/files/doc_earnings/2026/q2/earnings-result/COLB-2026-Q2-Earnings-Release.pdf,PDF page 14,acl_loans,458.0,USD_million,see metric and source row,all,all,observed,,acl_loans@core-1,,aef4a56a6829d5420685a4d498058e83ccc08e12+tree.4e67479291c8900b,"Balance, end of period $ 458 $ 459 $ 466 $ 473 $ 421 0 % 9 %",,post_PPBI_2025-08-31,,
core_66ad0c60c617854f252512a5,COLB,consolidated,2026-06-30,2026-06-30 calendar quarter,2026-07-23,2026-07-24T12:00:00+00:00,2026-10-07T15:16:49.974248+00:00,src_2927eaec08d460a1b843edae,f8941ed9ca8a9a773bffdd5be1a6ec734a30e8418ae8f941dddea37a563813f3,https://s26.q4cdn.com/577104185/files/doc_earnings/2026/q2/earnings-result/COLB-2026-Q2-Earnings-Release.pdf,PDF page 14,nco,30.0,USD_million,see metric and source row,all,all,observed,,nco@core-1,,aef4a56a6829d5420685a4d498058e83ccc08e12+tree.4e67479291c8900b,Total net charge-offs (30) (35) (30) (22) (29) (14) % 3 %,,post_PPBI_2025-08-31,,
core_75c3ed6a67f15a170831f609,COLB,consolidated,2026-06-30,2026-06-30 calendar quarter,2026-07-23,2026-07-24T12:00:00+00:00,2026-10-07T15:16:49.974248+00:00,src_2927eaec08d460a1b843edae,f8941ed9ca8a9a773bffdd5be1a6ec734a30e8418ae8f941dddea37a563813f3,https://s26.q4cdn.com/577104185/files/doc_earnings/2026/q2/earnings-result/COLB-2026-Q2-Earnings-Release.pdf,PDF page 6,nii,589.0,USD_million,see metric and source row,all,all,observed,,nii@core-1,,aef4a56a6829d5420685a4d498058e83ccc08e12+tree.4e67479291c8900b,Net interest income 589 594 627 505 446 (1) % 32 %,,post_PPBI_2025-08-31,,
core_17b2dcbac97d3b9aab80a4b7,COLB,consolidated,2026-06-30,2026-06-30 calendar quarter,2026-07-23,2026-07-24T12:00:00+00:00,2026-10-07T15:16:49.974248+00:00,src_2927eaec08d460a1b843edae,f8941ed9ca8a9a773bffdd5be1a6ec734a30e8418ae8f941dddea37a563813f3,https://s26.q4cdn.com/577104185/files/doc_earnings/2026/q2/earnings-result/COLB-2026-Q2-Earnings-Release.pdf,PDF page 6,nie,375.0,USD_million,see metric and source row,all,all,observed,,nie@core-1,,aef4a56a6829d5420685a4d498058e83ccc08e12+tree.4e67479291c8900b,Total non-interest expense 375 394 412 393 278 (5) % 35 %,,post_PPBI_2025-08-31,,
core_69b5f9164418ee3fc84ed8e2,COLB,consolidated,2026-06-30,2026-06-30 calendar quarter,2026-07-23,2026-07-24T12:00:00+00:00,2026-10-07T15:16:49.974248+00:00,src_2927eaec08d460a1b843edae,f8941ed9ca8a9a773bffdd5be1a6ec734a30e8418ae8f941dddea37a563813f3,https://s26.q4cdn.com/577104185/files/doc_earnings/2026/q2/earnings-result/COLB-2026-Q2-Earnings-Release.pdf,PDF page 9,nim_te_pct,3.93,percent,see metric and source row,all,all,observed,,nim_te_pct@core-1,,aef4a56a6829d5420685a4d498058e83ccc08e12+tree.4e67479291c8900b,Net interest margin (2) 3.93 % 3.96 % 4.06 % 3.84 % 3.75 % (0.03) 0.18,,post_PPBI_2025-08-31,,
core_8e7fe37d08fd78c8991cd882,COLB,consolidated,2026-06-30,2026-06-30 calendar quarter,2026-07-23,2026-07-24T12:00:00+00:00,2026-10-07T15:16:49.974248+00:00,src_2927eaec08d460a1b843edae,f8941ed9ca8a9a773bffdd5be1a6ec734a30e8418ae8f941dddea37a563813f3,https://s26.q4cdn.com/577104185/files/doc_earnings/2026/q2/earnings-result/COLB-2026-Q2-Earnings-Release.pdf,PDF page 6,pretax_income,275.0,USD_million,see metric and source row,all,all,observed,,pretax_income@core-1,,aef4a56a6829d5420685a4d498058e83ccc08e12+tree.4e67479291c8900b,Income before provision for income taxes 275 255 282 119 203 8 % 35 %,,post_PPBI_2025-08-31,,
core_15ada9b40ec1097e40e75ebd,COLB,consolidated,2026-06-30,2026-06-30 calendar quarter,2026-07-23,2026-07-24T12:00:00+00:00,2026-10-07T15:16:49.974248+00:00,src_2927eaec08d460a1b843edae,f8941ed9ca8a9a773bffdd5be1a6ec734a30e8418ae8f941dddea37a563813f3,https://s26.q4cdn.com/577104185/files/doc_earnings/2026/q2/earnings-result/COLB-2026-Q2-Earnings-Release.pdf,PDF page 6,provision,27.0,USD_million,see metric and source row,all,all,observed,,provision@core-1,,aef4a56a6829d5420685a4d498058e83ccc08e12+tree.4e67479291c8900b,Provision for credit losses 27 28 23 70 30 (4) % (10) %,,post_PPBI_2025-08-31,,
core_26cdd5577005923cddd55ad3,COLB,consolidated,2026-06-30,2026-06-30 calendar quarter,2026-07-23,2026-07-24T12:00:00+00:00,2026-10-07T15:16:49.974248+00:00,src_2927eaec08d460a1b843edae,f8941ed9ca8a9a773bffdd5be1a6ec734a30e8418ae8f941dddea37a563813f3,https://s26.q4cdn.com/577104185/files/doc_earnings/2026/q2/earnings-result/COLB-2026-Q2-Earnings-Release.pdf,PDF page 6,ppnr_gaap,302.0,USD_million,see metric and source row,all,all,derived,,ppnr_gaap@core-1,,aef4a56a6829d5420685a4d498058e83ccc08e12+tree.4e67479291c8900b,Pretax income + provision for credit losses,Includes GAAP merger and other nonrecurring effects; not adjusted PPNR,post_PPBI_2025-08-31,,
core_91b5066f446edff27455cc21,COLB,consolidated,2026-06-30,2026-06-30 calendar quarter,2026-07-23,2026-07-24T12:00:00+00:00,2026-10-07T15:16:52.327494+00:00,src_d1822be7a549abb92dc309ed,24c8527af2c5125e2dbf31eae9101925395c0d7e5589dcbf28188d3a8e158445,https://s26.q4cdn.com/577104185/files/doc_earnings/2026/q2/presentation/COLB-Q2-2026-Earnings-Presentation-FINAL.pdf,PDF page 26,office_ltv_pct,57.0,percent,see metric and source row,office,all,observed,,office_ltv_pct@core-1,,aef4a56a6829d5420685a4d498058e83ccc08e12+tree.4e67479291c8900b,Average LTV 57% ■ Our office portfolio is 47% owner,DSCR is non-owner occupied; LTV and credit balances are all-office. Not matched 2027 maturity cohort.,post_PPBI_2025-08-31,,
core_9681538c828f8a010da4bb82,COLB,consolidated,2026-06-30,2026-06-30 calendar quarter,2026-07-23,2026-07-24T12:00:00+00:00,2026-10-07T15:16:52.327494+00:00,src_d1822be7a549abb92dc309ed,24c8527af2c5125e2dbf31eae9101925395c0d7e5589dcbf28188d3a8e158445,https://s26.q4cdn.com/577104185/files/doc_earnings/2026/q2/presentation/COLB-Q2-2026-Earnings-Presentation-FINAL.pdf,PDF page 26,office_nonowner_dscr,1.76,multiple,see metric and source row,office,all,observed,,office_nonowner_dscr@core-1,,aef4a56a6829d5420685a4d498058e83ccc08e12+tree.4e67479291c8900b,"DSC (non-owner occupied) 1.76x occupied, 50% non-owner occupied, and",DSCR is non-owner occupied; LTV and credit balances are all-office. Not matched 2027 maturity cohort.,post_PPBI_2025-08-31,,
core_36520a25d4b8d6f57366afd5,COLB,consolidated,2026-06-30,2026-06-30 calendar quarter,2026-07-23,2026-07-24T12:00:00+00:00,2026-10-07T15:16:52.327494+00:00,src_d1822be7a549abb92dc309ed,24c8527af2c5125e2dbf31eae9101925395c0d7e5589dcbf28188d3a8e158445,https://s26.q4cdn.com/577104185/files/doc_earnings/2026/q2/presentation/COLB-Q2-2026-Earnings-Presentation-FINAL.pdf,PDF page 26,office_nonaccrual,29.9,USD_million,see metric and source row,office,all,observed,,office_nonaccrual@core-1,,aef4a56a6829d5420685a4d498058e83ccc08e12+tree.4e67479291c8900b,Nonaccrual $29.9mm / 0.83% of office office portfolio.,DSCR is non-owner occupied; LTV and credit balances are all-office. Not matched 2027 maturity cohort.,post_PPBI_2025-08-31,,
core_4a574e45b9ae81bb16d7a671,COLB,consolidated,2026-06-30,2026-06-30 calendar quarter,2026-07-23,2026-07-24T12:00:00+00:00,2026-10-07T15:16:52.327494+00:00,src_d1822be7a549abb92dc309ed,24c8527af2c5125e2dbf31eae9101925395c0d7e5589dcbf28188d3a8e158445,https://s26.q4cdn.com/577104185/files/doc_earnings/2026/q2/presentation/COLB-Q2-2026-Earnings-Presentation-FINAL.pdf,PDF page 26,office_special_mention,45.4,USD_million,see metric and source row,office,all,observed,,office_special_mention@core-1,,aef4a56a6829d5420685a4d498058e83ccc08e12+tree.4e67479291c8900b,Special mention $45.4mm / 1.26% of office ■ The average loan size in our office,DSCR is non-owner occupied; LTV and credit balances are all-office. Not matched 2027 maturity cohort.,post_PPBI_2025-08-31,,
core_070342a1a365864b464b4232,COLB,consolidated,2026-06-30,2026-06-30 calendar quarter,2026-07-23,2026-07-24T12:00:00+00:00,2026-10-07T15:16:52.327494+00:00,src_d1822be7a549abb92dc309ed,24c8527af2c5125e2dbf31eae9101925395c0d7e5589dcbf28188d3a8e158445,https://s26.q4cdn.com/577104185/files/doc_earnings/2026/q2/presentation/COLB-Q2-2026-Earnings-Presentation-FINAL.pdf,PDF page 26,office_classified,85.3,USD_million,see metric and source row,office,all,observed,,office_classified@core-1,,aef4a56a6829d5420685a4d498058e83ccc08e12+tree.4e67479291c8900b,Classified $85.3mm / 2.37% of office portfolio is $1.4 million .,DSCR is non-owner occupied; LTV and credit balances are all-office. Not matched 2027 maturity cohort.,post_PPBI_2025-08-31,,
core_5749e03496a2f67a6cb8842b,COLB,consolidated,2026-06-30,2026-06-30 calendar quarter,2026-07-23,2026-07-24T12:00:00+00:00,2026-10-07T15:16:52.327494+00:00,src_d1822be7a549abb92dc309ed,24c8527af2c5125e2dbf31eae9101925395c0d7e5589dcbf28188d3a8e158445,https://s26.q4cdn.com/577104185/files/doc_earnings/2026/q2/presentation/COLB-Q2-2026-Earnings-Presentation-FINAL.pdf,PDF page 26,office_past_due_30_89,7.3,USD_million,see metric and source row,office,all,observed,,office_past_due_30_89@core-1,,aef4a56a6829d5420685a4d498058e83ccc08e12+tree.4e67479291c8900b,Past due 30-89 days $7.3mm / 0.20% of office healthcare loans compose 24% of our,DSCR is non-owner occupied; LTV and credit balances are all-office. Not matched 2027 maturity cohort.,post_PPBI_2025-08-31,,
core_c6dafc36bf17ffa1f5027a31,COLB,consolidated,2024-03-31,2024-03-31 calendar quarter,2024-05-07,2024-05-08T12:00:00+00:00,2026-10-08T02:34:38.741032+00:00,src_6aadedbc4589193eb2d97d32,7bea3ab3b68406ebc8bcc6245886d6267ffe560d2efd294b01cadd6f7b47ea58,https://s26.q4cdn.com/577104185/files/doc_financials/2024/q1/29c45a5e-d2bb-4c3c-ba72-fd9671f0edfd.pdf,"PDF page(s) 25,26,27",rating_special_mention,278.82,USD_million,see metric and source row,all,all,derived,,rating_special_mention@core-1,,aef4a56a6829d5420685a4d498058e83ccc08e12+tree.4e67479291c8900b,Sum of Total column across distinct loan classes: Special mention,All loan classes at amortized cost; includes guarantee-backed loans and fair-value marks. Not gross loans or a commercial-only portfolio.,pre_PPBI,True,https://www.columbiabankingsystem.com/sec-filings/sec-filings/sec-filings-details/default.aspx?FilingId=17518711
core_00b2e15efe51bdb7365baaab,COLB,consolidated,2024-03-31,2024-03-31 calendar quarter,2024-05-07,2024-05-08T12:00:00+00:00,2026-10-08T02:34:38.741032+00:00,src_6aadedbc4589193eb2d97d32,7bea3ab3b68406ebc8bcc6245886d6267ffe560d2efd294b01cadd6f7b47ea58,https://s26.q4cdn.com/577104185/files/doc_financials/2024/q1/29c45a5e-d2bb-4c3c-ba72-fd9671f0edfd.pdf,"PDF page(s) 25,26,27",rating_substandard,517.585,USD_million,see metric and source row,all,all,derived,,rating_substandard@core-1,,aef4a56a6829d5420685a4d498058e83ccc08e12+tree.4e67479291c8900b,Sum of Total column across distinct loan classes: Substandard,All loan classes at amortized cost; includes guarantee-backed loans and fair-value marks. Not gross loans or a commercial-only portfolio.,pre_PPBI,True,https://www.columbiabankingsystem.com/sec-filings/sec-filings/sec-filings-details/default.aspx?FilingId=17518711
core_a69813eb59816a3a291876ee,COLB,consolidated,2024-03-31,2024-03-31 calendar quarter,2024-05-07,2024-05-08T12:00:00+00:00,2026-10-08T02:34:38.741032+00:00,src_6aadedbc4589193eb2d97d32,7bea3ab3b68406ebc8bcc6245886d6267ffe560d2efd294b01cadd6f7b47ea58,https://s26.q4cdn.com/577104185/files/doc_financials/2024/q1/29c45a5e-d2bb-4c3c-ba72-fd9671f0edfd.pdf,"PDF page(s) 25,26,27",rating_doubtful,53.318000000000005,USD_million,see metric and source row,all,all,derived,,rating_doubtful@core-1,,aef4a56a6829d5420685a4d498058e83ccc08e12+tree.4e67479291c8900b,Sum of Total column across distinct loan classes: Doubtful,All loan classes at amortized cost; includes guarantee-backed loans and fair-value marks. Not gross loans or a commercial-only portfolio.,pre_PPBI,True,https://www.columbiabankingsystem.com/sec-filings/sec-filings/sec-filings-details/default.aspx?FilingId=17518711
core_5010dd964c70120ba6853003,COLB,consolidated,2024-03-31,2024-03-31 calendar quarter,2024-05-07,2024-05-08T12:00:00+00:00,2026-10-08T02:34:38.741032+00:00,src_6aadedbc4589193eb2d97d32,7bea3ab3b68406ebc8bcc6245886d6267ffe560d2efd294b01cadd6f7b47ea58,https://s26.q4cdn.com/577104185/files/doc_financials/2024/q1/29c45a5e-d2bb-4c3c-ba72-fd9671f0edfd.pdf,"PDF page(s) 25,26,27",rating_loss,19.948,USD_million,see metric and source row,all,all,derived,,rating_loss@core-1,,aef4a56a6829d5420685a4d498058e83ccc08e12+tree.4e67479291c8900b,Sum of Total column across distinct loan classes: Loss,All loan classes at amortized cost; includes guarantee-backed loans and fair-value marks. Not gross loans or a commercial-only portfolio.,pre_PPBI,True,https://www.columbiabankingsystem.com/sec-filings/sec-filings/sec-filings-details/default.aspx?FilingId=17518711
core_8430a1b7d7337764b9f84940,COLB,consolidated,2024-03-31,2024-03-31 calendar quarter,2024-05-07,2024-05-08T12:00:00+00:00,2026-10-08T02:34:38.741032+00:00,src_6aadedbc4589193eb2d97d32,7bea3ab3b68406ebc8bcc6245886d6267ffe560d2efd294b01cadd6f7b47ea58,https://s26.q4cdn.com/577104185/files/doc_financials/2024/q1/29c45a5e-d2bb-4c3c-ba72-fd9671f0edfd.pdf,"PDF page(s) 25,26,27",classified_amortized,590.851,USD_million,see metric and source row,all,all,derived,,classified_amortized@core-1,,aef4a56a6829d5420685a4d498058e83ccc08e12+tree.4e67479291c8900b,Substandard + Doubtful + Loss,,pre_PPBI,True,https://www.columbiabankingsystem.com/sec-filings/sec-filings/sec-filings-details/default.aspx?FilingId=17518711
core_46960197d42fe243bf2c4233,COLB,consolidated,2024-03-31,2024-03-31 calendar quarter,2024-05-07,2024-05-08T12:00:00+00:00,2026-10-08T02:34:38.741032+00:00,src_6aadedbc4589193eb2d97d32,7bea3ab3b68406ebc8bcc6245886d6267ffe560d2efd294b01cadd6f7b47ea58,https://s26.q4cdn.com/577104185/files/doc_financials/2024/q1/29c45a5e-d2bb-4c3c-ba72-fd9671f0edfd.pdf,"PDF page(s) 25,26,27",criticized_amortized,869.671,USD_million,see metric and source row,all,all,derived,,criticized_amortized@core-1,,aef4a56a6829d5420685a4d498058e83ccc08e12+tree.4e67479291c8900b,Special mention + Classified,,pre_PPBI,True,https://www.columbiabankingsystem.com/sec-filings/sec-filings/sec-filings-details/default.aspx?FilingId=17518711
core_9335a74ea61213d4ab77e695,COLB,consolidated,2024-03-31,2024-03-31 calendar quarter,2024-05-07,2024-05-08T12:00:00+00:00,2026-10-08T02:34:38.741032+00:00,src_6aadedbc4589193eb2d97d32,7bea3ab3b68406ebc8bcc6245886d6267ffe560d2efd294b01cadd6f7b47ea58,https://s26.q4cdn.com/577104185/files/doc_financials/2024/q1/29c45a5e-d2bb-4c3c-ba72-fd9671f0edfd.pdf,PDF page(s) 64,brokered_deposits,3100.0,USD_million,see metric and source row,all,all,observed,,brokered_deposits@core-1,,aef4a56a6829d5420685a4d498058e83ccc08e12+tree.4e67479291c8900b,"24 and December 31, 2023. The Company's brokered deposits totaled $3.1 billion as of March 31, 2024 and December 31, 2023. 64",Rounded to $0.1bn in original narrative.,pre_PPBI,True,https://www.columbiabankingsystem.com/sec-filings/sec-filings/sec-filings-details/default.aspx?FilingId=17518711
core_c522fead27ded73a55642c95,COLB,consolidated,2024-03-31,2024-03-31 calendar quarter,2024-05-07,2024-05-08T12:00:00+00:00,2026-10-08T02:34:38.741032+00:00,src_6aadedbc4589193eb2d97d32,7bea3ab3b68406ebc8bcc6245886d6267ffe560d2efd294b01cadd6f7b47ea58,https://s26.q4cdn.com/577104185/files/doc_financials/2024/q1/29c45a5e-d2bb-4c3c-ba72-fd9671f0edfd.pdf,PDF page(s) 65,uninsured_deposits,13500.0,USD_million,see metric and source row,all,all,observed,,uninsured_deposits@core-1,,aef4a56a6829d5420685a4d498058e83ccc08e12+tree.4e67479291c8900b,"for the Bank's regulatory requirements. Uninsured deposits were $13.5 billion as of March 31, 2024 and December 31, 2023. As of March 31, 2024, total available liquidity was $18.6 billion, or 138% of uninsured deposits. Borrowings As of ",Rounded to $0.1bn in original narrative.,pre_PPBI,True,https://www.columbiabankingsystem.com/sec-filings/sec-filings/sec-filings-details/default.aspx?FilingId=17518711
core_ea1a4f0321e8520fbbfd62fc,COLB,consolidated,2024-06-30,2024-06-30 calendar quarter,2024-08-06,2024-08-07T12:00:00+00:00,2026-10-08T02:34:57.053681+00:00,src_79d3965df0a735bee26b6bdf,9165a971f308fff9786befc85bc364505c88ad84a8406de85c3b0883715693ed,https://s26.q4cdn.com/577104185/files/doc_financials/2024/q2/ab5ddc4e-42e7-420e-8c2b-31be89740b41.pdf,"PDF page(s) 30,31,32",rating_special_mention,276.438,USD_million,see metric and source row,all,all,derived,,rating_special_mention@core-1,,aef4a56a6829d5420685a4d498058e83ccc08e12+tree.4e67479291c8900b,Sum of Total column across distinct loan classes: Special mention,All loan classes at amortized cost; includes guarantee-backed loans and fair-value marks. Not gross loans or a commercial-only portfolio.,pre_PPBI,True,https://www.columbiabankingsystem.com/sec-filings/sec-filings/sec-filings-details/default.aspx?FilingId=17735591
core_67cb891696b104a871f7d3f8,COLB,consolidated,2024-06-30,2024-06-30 calendar quarter,2024-08-06,2024-08-07T12:00:00+00:00,2026-10-08T02:34:57.053681+00:00,src_79d3965df0a735bee26b6bdf,9165a971f308fff9786befc85bc364505c88ad84a8406de85c3b0883715693ed,https://s26.q4cdn.com/577104185/files/doc_financials/2024/q2/ab5ddc4e-42e7-420e-8c2b-31be89740b41.pdf,"PDF page(s) 30,31,32",rating_substandard,525.793,USD_million,see metric and source row,all,all,derived,,rating_substandard@core-1,,aef4a56a6829d5420685a4d498058e83ccc08e12+tree.4e67479291c8900b,Sum of Total column across distinct loan classes: Substandard,All loan classes at amortized cost; includes guarantee-backed loans and fair-value marks. Not gross loans or a commercial-only portfolio.,pre_PPBI,True,https://www.columbiabankingsystem.com/sec-filings/sec-filings/sec-filings-details/default.aspx?FilingId=17735591
core_b12aadc10394e5b1deee7012,COLB,consolidated,2024-06-30,2024-06-30 calendar quarter,2024-08-06,2024-08-07T12:00:00+00:00,2026-10-08T02:34:57.053681+00:00,src_79d3965df0a735bee26b6bdf,9165a971f308fff9786befc85bc364505c88ad84a8406de85c3b0883715693ed,https://s26.q4cdn.com/577104185/files/doc_financials/2024/q2/ab5ddc4e-42e7-420e-8c2b-31be89740b41.pdf,"PDF page(s) 30,31,32",rating_doubtful,56.697,USD_million,see metric and source row,all,all,derived,,rating_doubtful@core-1,,aef4a56a6829d5420685a4d498058e83ccc08e12+tree.4e67479291c8900b,Sum of Total column across distinct loan classes: Doubtful,All loan classes at amortized cost; includes guarantee-backed loans and fair-value marks. Not gross loans or a commercial-only portfolio.,pre_PPBI,True,https://www.columbiabankingsystem.com/sec-filings/sec-filings/sec-filings-details/default.aspx?FilingId=17735591
core_556211d1bd92f8854ea593c1,COLB,consolidated,2024-06-30,2024-06-30 calendar quarter,2024-08-06,2024-08-07T12:00:00+00:00,2026-10-08T02:34:57.053681+00:00,src_79d3965df0a735bee26b6bdf,9165a971f308fff9786befc85bc364505c88ad84a8406de85c3b0883715693ed,https://s26.q4cdn.com/577104185/files/doc_financials/2024/q2/ab5ddc4e-42e7-420e-8c2b-31be89740b41.pdf,"PDF page(s) 30,31,32",rating_loss,20.807000000000002,USD_million,see metric and source row,all,all,derived,,rating_loss@core-1,,aef4a56a6829d5420685a4d498058e83ccc08e12+tree.4e67479291c8900b,Sum of Total column across distinct loan classes: Loss,All loan classes at amortized cost; includes guarantee-backed loans and fair-value marks. Not gross loans or a commercial-only portfolio.,pre_PPBI,True,https://www.columbiabankingsystem.com/sec-filings/sec-filings/sec-filings-details/default.aspx?FilingId=17735591
core_a6d1ec0c310f2d9dab21b5fa,COLB,consolidated,2024-06-30,2024-06-30 calendar quarter,2024-08-06,2024-08-07T12:00:00+00:00,2026-10-08T02:34:57.053681+00:00,src_79d3965df0a735bee26b6bdf,9165a971f308fff9786befc85bc364505c88ad84a8406de85c3b0883715693ed,https://s26.q4cdn.com/577104185/files/doc_financials/2024/q2/ab5ddc4e-42e7-420e-8c2b-31be89740b41.pdf,"PDF page(s) 30,31,32",classified_amortized,603.297,USD_million,see metric and source row,all,all,derived,,classified_amortized@core-1,,aef4a56a6829d5420685a4d498058e83ccc08e12+tree.4e67479291c8900b,Substandard + Doubtful + Loss,,pre_PPBI,True,https://www.columbiabankingsystem.com/sec-filings/sec-filings/sec-filings-details/default.aspx?FilingId=17735591
core_edffc03ed24375413ff93ef2,COLB,consolidated,2024-06-30,2024-06-30 calendar quarter,2024-08-06,2024-08-07T12:00:00+00:00,2026-10-08T02:34:57.053681+00:00,src_79d3965df0a735bee26b6bdf,9165a971f308fff9786befc85bc364505c88ad84a8406de85c3b0883715693ed,https://s26.q4cdn.com/577104185/files/doc_financials/2024/q2/ab5ddc4e-42e7-420e-8c2b-31be89740b41.pdf,"PDF page(s) 30,31,32",criticized_amortized,879.735,USD_million,see metric and source row,all,all,derived,,criticized_amortized@core-1,,aef4a56a6829d5420685a4d498058e83ccc08e12+tree.4e67479291c8900b,Special mention + Classified,,pre_PPBI,True,https://www.columbiabankingsystem.com/sec-filings/sec-filings/sec-filings-details/default.aspx?FilingId=17735591
core_34d6838e4392fb5c2a824804,COLB,consolidated,2024-06-30,2024-06-30 calendar quarter,2024-08-06,2024-08-07T12:00:00+00:00,2026-10-08T02:34:57.053681+00:00,src_79d3965df0a735bee26b6bdf,9165a971f308fff9786befc85bc364505c88ad84a8406de85c3b0883715693ed,https://s26.q4cdn.com/577104185/files/doc_financials/2024/q2/ab5ddc4e-42e7-420e-8c2b-31be89740b41.pdf,PDF page(s) 72,uninsured_deposits,13600.0,USD_million,see metric and source row,all,all,observed,,uninsured_deposits@core-1,,aef4a56a6829d5420685a4d498058e83ccc08e12+tree.4e67479291c8900b,"for the Bank's regulatory requirements. Uninsured deposits were $13.6 billion and $13.5 billion as of June 30, 2024 and December 31, 2023, respectively. As of June 30, 2024, total available liquidity was $19.1 billion, or 140% of uninsur",Rounded to $0.1bn in original narrative.,pre_PPBI,True,https://www.columbiabankingsystem.com/sec-filings/sec-filings/sec-filings-details/default.aspx?FilingId=17735591
core_3a0cffa42232aee7a1fed90f,COLB,consolidated,2024-06-30,2024-06-30 calendar quarter,2024-08-06,2024-08-07T12:00:00+00:00,2026-10-08T02:34:57.053681+00:00,src_79d3965df0a735bee26b6bdf,9165a971f308fff9786befc85bc364505c88ad84a8406de85c3b0883715693ed,https://s26.q4cdn.com/577104185/files/doc_financials/2024/q2/ab5ddc4e-42e7-420e-8c2b-31be89740b41.pdf,PDF page(s) 72,brokered_deposits,3200.0,USD_million,see metric and source row,all,all,observed,,brokered_deposits@core-1,,aef4a56a6829d5420685a4d498058e83ccc08e12+tree.4e67479291c8900b,"r 31, 2023, respectively. The Company's brokered deposits totaled $3.2 billion and $3.1 billion as of June 30, 2024 and December 31, 2023, respectively. The FDIC generally insures up to $250,000 per depositor for each account ownership ca",Rounded to $0.1bn in original narrative.,pre_PPBI,True,https://www.columbiabankingsystem.com/sec-filings/sec-filings/sec-filings-details/default.aspx?FilingId=17735591
core_4950c87f8bd749f3822a2bca,COLB,consolidated,2024-09-30,2024-09-30 calendar quarter,2024-11-05,2024-11-06T12:00:00+00:00,2026-10-08T02:35:15.636218+00:00,src_23a4d9b92a64341b8ba243b2,a6227ed8a1020a1c5f4c2771329c2f50cda354df9e35bd8dfc9064b02bf3bdd1,https://s26.q4cdn.com/577104185/files/doc_financials/2024/q3/colb-20240930.pdf,"PDF page(s) 36,37,38",rating_special_mention,348.944,USD_million,see metric and source row,all,all,derived,,rating_special_mention@core-1,,aef4a56a6829d5420685a4d498058e83ccc08e12+tree.4e67479291c8900b,Sum of Total column across distinct loan classes: Special mention,All loan classes at amortized cost; includes guarantee-backed loans and fair-value marks. Not gross loans or a commercial-only portfolio.,pre_PPBI,True,https://www.columbiabankingsystem.com/sec-filings/sec-filings/sec-filings-details/default.aspx?FilingId=17943480
core_369c1070534b7d84e3c918b8,COLB,consolidated,2024-09-30,2024-09-30 calendar quarter,2024-11-05,2024-11-06T12:00:00+00:00,2026-10-08T02:35:15.636218+00:00,src_23a4d9b92a64341b8ba243b2,a6227ed8a1020a1c5f4c2771329c2f50cda354df9e35bd8dfc9064b02bf3bdd1,https://s26.q4cdn.com/577104185/files/doc_financials/2024/q3/colb-20240930.pdf,"PDF page(s) 36,37,38",rating_substandard,479.78,USD_million,see metric and source row,all,all,derived,,rating_substandard@core-1,,aef4a56a6829d5420685a4d498058e83ccc08e12+tree.4e67479291c8900b,Sum of Total column across distinct loan classes: Substandard,All loan classes at amortized cost; includes guarantee-backed loans and fair-value marks. Not gross loans or a commercial-only portfolio.,pre_PPBI,True,https://www.columbiabankingsystem.com/sec-filings/sec-filings/sec-filings-details/default.aspx?FilingId=17943480
core_0eb70f20a9d6414d64d7c996,COLB,consolidated,2024-09-30,2024-09-30 calendar quarter,2024-11-05,2024-11-06T12:00:00+00:00,2026-10-08T02:35:15.636218+00:00,src_23a4d9b92a64341b8ba243b2,a6227ed8a1020a1c5f4c2771329c2f50cda354df9e35bd8dfc9064b02bf3bdd1,https://s26.q4cdn.com/577104185/files/doc_financials/2024/q3/colb-20240930.pdf,"PDF page(s) 36,37,38",rating_doubtful,55.456,USD_million,see metric and source row,all,all,derived,,rating_doubtful@core-1,,aef4a56a6829d5420685a4d498058e83ccc08e12+tree.4e67479291c8900b,Sum of Total column across distinct loan classes: Doubtful,All loan classes at amortized cost; includes guarantee-backed loans and fair-value marks. Not gross loans or a commercial-only portfolio.,pre_PPBI,True,https://www.columbiabankingsystem.com/sec-filings/sec-filings/sec-filings-details/default.aspx?FilingId=17943480
core_4dc236aaff882f423df5dfef,COLB,consolidated,2024-09-30,2024-09-30 calendar quarter,2024-11-05,2024-11-06T12:00:00+00:00,2026-10-08T02:35:15.636218+00:00,src_23a4d9b92a64341b8ba243b2,a6227ed8a1020a1c5f4c2771329c2f50cda354df9e35bd8dfc9064b02bf3bdd1,https://s26.q4cdn.com/577104185/files/doc_financials/2024/q3/colb-20240930.pdf,"PDF page(s) 36,37,38",rating_loss,22.798000000000002,USD_million,see metric and source row,all,all,derived,,rating_loss@core-1,,aef4a56a6829d5420685a4d498058e83ccc08e12+tree.4e67479291c8900b,Sum of Total column across distinct loan classes: Loss,All loan classes at amortized cost; includes guarantee-backed loans and fair-value marks. Not gross loans or a commercial-only portfolio.,pre_PPBI,True,https://www.columbiabankingsystem.com/sec-filings/sec-filings/sec-filings-details/default.aspx?FilingId=17943480
core_59b04abb98bdb3b41974a046,COLB,consolidated,2024-09-30,2024-09-30 calendar quarter,2024-11-05,2024-11-06T12:00:00+00:00,2026-10-08T02:35:15.636218+00:00,src_23a4d9b92a64341b8ba243b2,a6227ed8a1020a1c5f4c2771329c2f50cda354df9e35bd8dfc9064b02bf3bdd1,https://s26.q4cdn.com/577104185/files/doc_financials/2024/q3/colb-20240930.pdf,"PDF page(s) 36,37,38",classified_amortized,558.034,USD_million,see metric and source row,all,all,derived,,classified_amortized@core-1,,aef4a56a6829d5420685a4d498058e83ccc08e12+tree.4e67479291c8900b,Substandard + Doubtful + Loss,,pre_PPBI,True,https://www.columbiabankingsystem.com/sec-filings/sec-filings/sec-filings-details/default.aspx?FilingId=17943480
core_1db88789b14fda9e8706d1a3,COLB,consolidated,2024-09-30,2024-09-30 calendar quarter,2024-11-05,2024-11-06T12:00:00+00:00,2026-10-08T02:35:15.636218+00:00,src_23a4d9b92a64341b8ba243b2,a6227ed8a1020a1c5f4c2771329c2f50cda354df9e35bd8dfc9064b02bf3bdd1,https://s26.q4cdn.com/577104185/files/doc_financials/2024/q3/colb-20240930.pdf,"PDF page(s) 36,37,38",criticized_amortized,906.9780000000001,USD_million,see metric and source row,all,all,derived,,criticized_amortized@core-1,,aef4a56a6829d5420685a4d498058e83ccc08e12+tree.4e67479291c8900b,Special mention + Classified,,pre_PPBI,True,https://www.columbiabankingsystem.com/sec-filings/sec-filings/sec-filings-details/default.aspx?FilingId=17943480
core_35e415952d85c841a8af9b3b,COLB,consolidated,2024-09-30,2024-09-30 calendar quarter,2024-11-05,2024-11-06T12:00:00+00:00,2026-10-08T02:35:15.636218+00:00,src_23a4d9b92a64341b8ba243b2,a6227ed8a1020a1c5f4c2771329c2f50cda354df9e35bd8dfc9064b02bf3bdd1,https://s26.q4cdn.com/577104185/files/doc_financials/2024/q3/colb-20240930.pdf,PDF page(s) 90,uninsured_deposits,14000.0,USD_million,see metric and source row,all,all,observed,,uninsured_deposits@core-1,,aef4a56a6829d5420685a4d498058e83ccc08e12+tree.4e67479291c8900b,"for the Bank's regulatory requirements. Estimated uninsured deposits were $14.0 billion and $13.5 billion as of September 30, 2024 and December 31, 2023, respectively. As of September 30, 2024, total available liquidity was $19.4 billion, or 138% ",Rounded to $0.1bn in original narrative.,pre_PPBI,True,https://www.columbiabankingsystem.com/sec-filings/sec-filings/sec-filings-details/default.aspx?FilingId=17943480
core_574b396fe44e34899f1ac820,COLB,consolidated,2024-09-30,2024-09-30 calendar quarter,2024-11-05,2024-11-06T12:00:00+00:00,2026-10-08T02:35:15.636218+00:00,src_23a4d9b92a64341b8ba243b2,a6227ed8a1020a1c5f4c2771329c2f50cda354df9e35bd8dfc9064b02bf3bdd1,https://s26.q4cdn.com/577104185/files/doc_financials/2024/q3/colb-20240930.pdf,PDF page(s) 90,brokered_deposits,2500.0,USD_million,see metric and source row,all,all,observed,,brokered_deposits@core-1,,aef4a56a6829d5420685a4d498058e83ccc08e12+tree.4e67479291c8900b,"r 31, 2023, respectively. The Company's brokered deposits totaled $2.5 billion and $3.1 billion as of September 30, 2024 and December 31, 2023, respectively. The FDIC generally insures up to $250,000 per depositor for each account ownersh",Rounded to $0.1bn in original narrative.,pre_PPBI,True,https://www.columbiabankingsystem.com/sec-filings/sec-filings/sec-filings-details/default.aspx?FilingId=17943480
core_b32a75dc3c1ca0f7dda77e2e,COLB,consolidated,2024-12-31,2024-12-31 calendar quarter,2025-02-25,2025-02-26T12:00:00+00:00,2026-10-08T02:35:32.455692+00:00,src_d1104736f51ee31689958a90,4cf7385e6177ac31a4348c945e658c780098111a538aa4d5fae91f8ae7c6115c,https://s26.q4cdn.com/577104185/files/doc_financials/2024/q4/256dab8c-96d0-45c8-a334-6c654e2d07aa.pdf,"PDF page(s) 108,109,110",rating_special_mention,499.752,USD_million,see metric and source row,all,all,derived,,rating_special_mention@core-1,,aef4a56a6829d5420685a4d498058e83ccc08e12+tree.4e67479291c8900b,Sum of Total column across distinct loan classes: Special mention,All loan classes at amortized cost; includes guarantee-backed loans and fair-value marks. Not gross loans or a commercial-only portfolio.,pre_PPBI,True,https://www.columbiabankingsystem.com/sec-filings/sec-filings/sec-filings-details/default.aspx?FilingId=18220609
core_fe9c169a313b2cd4d16647a0,COLB,consolidated,2024-12-31,2024-12-31 calendar quarter,2025-02-25,2025-02-26T12:00:00+00:00,2026-10-08T02:35:32.455692+00:00,src_d1104736f51ee31689958a90,4cf7385e6177ac31a4348c945e658c780098111a538aa4d5fae91f8ae7c6115c,https://s26.q4cdn.com/577104185/files/doc_financials/2024/q4/256dab8c-96d0-45c8-a334-6c654e2d07aa.pdf,"PDF page(s) 108,109,110",rating_substandard,416.895,USD_million,see metric and source row,all,all,derived,,rating_substandard@core-1,,aef4a56a6829d5420685a4d498058e83ccc08e12+tree.4e67479291c8900b,Sum of Total column across distinct loan classes: Substandard,All loan classes at amortized cost; includes guarantee-backed loans and fair-value marks. Not gross loans or a commercial-only portfolio.,pre_PPBI,True,https://www.columbiabankingsystem.com/sec-filings/sec-filings/sec-filings-details/default.aspx?FilingId=18220609
core_51a19815e31d2dde5d9fc472,COLB,consolidated,2024-12-31,2024-12-31 calendar quarter,2025-02-25,2025-02-26T12:00:00+00:00,2026-10-08T02:35:32.455692+00:00,src_d1104736f51ee31689958a90,4cf7385e6177ac31a4348c945e658c780098111a538aa4d5fae91f8ae7c6115c,https://s26.q4cdn.com/577104185/files/doc_financials/2024/q4/256dab8c-96d0-45c8-a334-6c654e2d07aa.pdf,"PDF page(s) 108,109,110",rating_doubtful,57.113,USD_million,see metric and source row,all,all,derived,,rating_doubtful@core-1,,aef4a56a6829d5420685a4d498058e83ccc08e12+tree.4e67479291c8900b,Sum of Total column across distinct loan classes: Doubtful,All loan classes at amortized cost; includes guarantee-backed loans and fair-value marks. Not gross loans or a commercial-only portfolio.,pre_PPBI,True,https://www.columbiabankingsystem.com/sec-filings/sec-filings/sec-filings-details/default.aspx?FilingId=18220609
core_5e1016669ccdcd7d33491c68,COLB,consolidated,2024-12-31,2024-12-31 calendar quarter,2025-02-25,2025-02-26T12:00:00+00:00,2026-10-08T02:35:32.455692+00:00,src_d1104736f51ee31689958a90,4cf7385e6177ac31a4348c945e658c780098111a538aa4d5fae91f8ae7c6115c,https://s26.q4cdn.com/577104185/files/doc_financials/2024/q4/256dab8c-96d0-45c8-a334-6c654e2d07aa.pdf,"PDF page(s) 108,109,110",rating_loss,28.993,USD_million,see metric and source row,all,all,derived,,rating_loss@core-1,,aef4a56a6829d5420685a4d498058e83ccc08e12+tree.4e67479291c8900b,Sum of Total column across distinct loan classes: Loss,All loan classes at amortized cost; includes guarantee-backed loans and fair-value marks. Not gross loans or a commercial-only portfolio.,pre_PPBI,True,https://www.columbiabankingsystem.com/sec-filings/sec-filings/sec-filings-details/default.aspx?FilingId=18220609
core_e52ddc5fc431e82efe282336,COLB,consolidated,2024-12-31,2024-12-31 calendar quarter,2025-02-25,2025-02-26T12:00:00+00:00,2026-10-08T02:35:32.455692+00:00,src_d1104736f51ee31689958a90,4cf7385e6177ac31a4348c945e658c780098111a538aa4d5fae91f8ae7c6115c,https://s26.q4cdn.com/577104185/files/doc_financials/2024/q4/256dab8c-96d0-45c8-a334-6c654e2d07aa.pdf,"PDF page(s) 108,109,110",classified_amortized,503.001,USD_million,see metric and source row,all,all,derived,,classified_amortized@core-1,,aef4a56a6829d5420685a4d498058e83ccc08e12+tree.4e67479291c8900b,Substandard + Doubtful + Loss,,pre_PPBI,True,https://www.columbiabankingsystem.com/sec-filings/sec-filings/sec-filings-details/default.aspx?FilingId=18220609
core_691a094920607b4b04469942,COLB,consolidated,2024-12-31,2024-12-31 calendar quarter,2025-02-25,2025-02-26T12:00:00+00:00,2026-10-08T02:35:32.455692+00:00,src_d1104736f51ee31689958a90,4cf7385e6177ac31a4348c945e658c780098111a538aa4d5fae91f8ae7c6115c,https://s26.q4cdn.com/577104185/files/doc_financials/2024/q4/256dab8c-96d0-45c8-a334-6c654e2d07aa.pdf,"PDF page(s) 108,109,110",criticized_amortized,1002.7529999999999,USD_million,see metric and source row,all,all,derived,,criticized_amortized@core-1,,aef4a56a6829d5420685a4d498058e83ccc08e12+tree.4e67479291c8900b,Special mention + Classified,,pre_PPBI,True,https://www.columbiabankingsystem.com/sec-filings/sec-filings/sec-filings-details/default.aspx?FilingId=18220609
core_9dc319409520e5d103b62b37,COLB,consolidated,2024-12-31,2024-12-31 calendar quarter,2025-02-25,2025-02-26T12:00:00+00:00,2026-10-08T02:35:32.455692+00:00,src_d1104736f51ee31689958a90,4cf7385e6177ac31a4348c945e658c780098111a538aa4d5fae91f8ae7c6115c,https://s26.q4cdn.com/577104185/files/doc_financials/2024/q4/256dab8c-96d0-45c8-a334-6c654e2d07aa.pdf,PDF page(s) 61,brokered_deposits,3000.0,USD_million,see metric and source row,all,all,observed,,brokered_deposits@core-1,,aef4a56a6829d5420685a4d498058e83ccc08e12+tree.4e67479291c8900b," December 31, 2023. The Company's total brokered deposits were $3.0 billion or 7% of total deposits as of December 31, 2024, compared to $3.1 billion or 8% of total deposits as of December 31, 2023. The FDIC generally provides a standa",Rounded to $0.1bn in original narrative.,pre_PPBI,True,https://www.columbiabankingsystem.com/sec-filings/sec-filings/sec-filings-details/default.aspx?FilingId=18220609
core_884c6fe8d2edaffe390fc1e2,COLB,consolidated,2024-12-31,2024-12-31 calendar quarter,2025-02-25,2025-02-26T12:00:00+00:00,2026-10-08T02:35:32.455692+00:00,src_d1104736f51ee31689958a90,4cf7385e6177ac31a4348c945e658c780098111a538aa4d5fae91f8ae7c6115c,https://s26.q4cdn.com/577104185/files/doc_financials/2024/q4/256dab8c-96d0-45c8-a334-6c654e2d07aa.pdf,PDF page(s) 61,uninsured_deposits,14000.0,USD_million,see metric and source row,all,all,observed,,uninsured_deposits@core-1,,aef4a56a6829d5420685a4d498058e83ccc08e12+tree.4e67479291c8900b,"Uninsured deposits as of December 31, 2024, totaled $14.0 billion",Rounded to $0.1bn in original narrative.,pre_PPBI,True,https://www.columbiabankingsystem.com/sec-filings/sec-filings/sec-filings-details/default.aspx?FilingId=18220609
core_cb114059aa0be34f6bcdb27f,COLB,consolidated,2025-03-31,2025-03-31 calendar quarter,2025-05-06,2025-05-07T12:00:00+00:00,2026-10-08T02:36:22.755487+00:00,src_11ea6da81deb7ef7ba6e06fc,9d04bd393ebde6812d1bd42b2ed3840febee08d05b6c995975106e8dce1a5054,https://s26.q4cdn.com/577104185/files/doc_financials/2025/q1/a0ce5802-f90a-4909-af33-f4b679055aa9.pdf,"PDF page(s) 22,23,24",rating_special_mention,580.462,USD_million,see metric and source row,all,all,derived,,rating_special_mention@core-1,,aef4a56a6829d5420685a4d498058e83ccc08e12+tree.4e67479291c8900b,Sum of Total column across distinct loan classes: Special mention,All loan classes at amortized cost; includes guarantee-backed loans and fair-value marks. Not gross loans or a commercial-only portfolio.,pre_PPBI,True,https://www.columbiabankingsystem.com/sec-filings/sec-filings/sec-filings-details/default.aspx?FilingId=18439293
core_47336dd32212ed57df1160f3,COLB,consolidated,2025-03-31,2025-03-31 calendar quarter,2025-05-06,2025-05-07T12:00:00+00:00,2026-10-08T02:36:22.755487+00:00,src_11ea6da81deb7ef7ba6e06fc,9d04bd393ebde6812d1bd42b2ed3840febee08d05b6c995975106e8dce1a5054,https://s26.q4cdn.com/577104185/files/doc_financials/2025/q1/a0ce5802-f90a-4909-af33-f4b679055aa9.pdf,"PDF page(s) 22,23,24",rating_substandard,428.932,USD_million,see metric and source row,all,all,derived,,rating_substandard@core-1,,aef4a56a6829d5420685a4d498058e83ccc08e12+tree.4e67479291c8900b,Sum of Total column across distinct loan classes: Substandard,All loan classes at amortized cost; includes guarantee-backed loans and fair-value marks. Not gross loans or a commercial-only portfolio.,pre_PPBI,True,https://www.columbiabankingsystem.com/sec-filings/sec-filings/sec-filings-details/default.aspx?FilingId=18439293
core_1d79fd20622f5cc2a7a6dda3,COLB,consolidated,2025-03-31,2025-03-31 calendar quarter,2025-05-06,2025-05-07T12:00:00+00:00,2026-10-08T02:36:22.755487+00:00,src_11ea6da81deb7ef7ba6e06fc,9d04bd393ebde6812d1bd42b2ed3840febee08d05b6c995975106e8dce1a5054,https://s26.q4cdn.com/577104185/files/doc_financials/2025/q1/a0ce5802-f90a-4909-af33-f4b679055aa9.pdf,"PDF page(s) 22,23,24",rating_doubtful,50.845,USD_million,see metric and source row,all,all,derived,,rating_doubtful@core-1,,aef4a56a6829d5420685a4d498058e83ccc08e12+tree.4e67479291c8900b,Sum of Total column across distinct loan classes: Doubtful,All loan classes at amortized cost; includes guarantee-backed loans and fair-value marks. Not gross loans or a commercial-only portfolio.,pre_PPBI,True,https://www.columbiabankingsystem.com/sec-filings/sec-filings/sec-filings-details/default.aspx?FilingId=18439293
core_1bf0a5ce366269775a65f8f3,COLB,consolidated,2025-03-31,2025-03-31 calendar quarter,2025-05-06,2025-05-07T12:00:00+00:00,2026-10-08T02:36:22.755487+00:00,src_11ea6da81deb7ef7ba6e06fc,9d04bd393ebde6812d1bd42b2ed3840febee08d05b6c995975106e8dce1a5054,https://s26.q4cdn.com/577104185/files/doc_financials/2025/q1/a0ce5802-f90a-4909-af33-f4b679055aa9.pdf,"PDF page(s) 22,23,24",rating_loss,28.55,USD_million,see metric and source row,all,all,derived,,rating_loss@core-1,,aef4a56a6829d5420685a4d498058e83ccc08e12+tree.4e67479291c8900b,Sum of Total column across distinct loan classes: Loss,All loan classes at amortized cost; includes guarantee-backed loans and fair-value marks. Not gross loans or a commercial-only portfolio.,pre_PPBI,True,https://www.columbiabankingsystem.com/sec-filings/sec-filings/sec-filings-details/default.aspx?FilingId=18439293
core_47a7ee701ea9f1e696c811d9,COLB,consolidated,2025-03-31,2025-03-31 calendar quarter,2025-05-06,2025-05-07T12:00:00+00:00,2026-10-08T02:36:22.755487+00:00,src_11ea6da81deb7ef7ba6e06fc,9d04bd393ebde6812d1bd42b2ed3840febee08d05b6c995975106e8dce1a5054,https://s26.q4cdn.com/577104185/files/doc_financials/2025/q1/a0ce5802-f90a-4909-af33-f4b679055aa9.pdf,"PDF page(s) 22,23,24",classified_amortized,508.327,USD_million,see metric and source row,all,all,derived,,classified_amortized@core-1,,aef4a56a6829d5420685a4d498058e83ccc08e12+tree.4e67479291c8900b,Substandard + Doubtful + Loss,,pre_PPBI,True,https://www.columbiabankingsystem.com/sec-filings/sec-filings/sec-filings-details/default.aspx?FilingId=18439293
core_0d6ac198478f70ce84434e10,COLB,consolidated,2025-03-31,2025-03-31 calendar quarter,2025-05-06,2025-05-07T12:00:00+00:00,2026-10-08T02:36:22.755487+00:00,src_11ea6da81deb7ef7ba6e06fc,9d04bd393ebde6812d1bd42b2ed3840febee08d05b6c995975106e8dce1a5054,https://s26.q4cdn.com/577104185/files/doc_financials/2025/q1/a0ce5802-f90a-4909-af33-f4b679055aa9.pdf,"PDF page(s) 22,23,24",criticized_amortized,1088.789,USD_million,see metric and source row,all,all,derived,,criticized_amortized@core-1,,aef4a56a6829d5420685a4d498058e83ccc08e12+tree.4e67479291c8900b,Special mention + Classified,,pre_PPBI,True,https://www.columbiabankingsystem.com/sec-filings/sec-filings/sec-filings-details/default.aspx?FilingId=18439293
core_1f3af6bdb0fb69e86f38b5b7,COLB,consolidated,2025-03-31,2025-03-31 calendar quarter,2025-05-06,2025-05-07T12:00:00+00:00,2026-10-08T02:36:22.755487+00:00,src_11ea6da81deb7ef7ba6e06fc,9d04bd393ebde6812d1bd42b2ed3840febee08d05b6c995975106e8dce1a5054,https://s26.q4cdn.com/577104185/files/doc_financials/2025/q1/a0ce5802-f90a-4909-af33-f4b679055aa9.pdf,PDF page(s) 64,uninsured_deposits,14519.5,USD_million,see metric and source row,all,all,observed,,uninsured_deposits@core-1,,aef4a56a6829d5420685a4d498058e83ccc08e12+tree.4e67479291c8900b,"Uninsured deposits (1) 14,519,500 34 % 14,028,275 34 %",,pre_PPBI,True,https://www.columbiabankingsystem.com/sec-filings/sec-filings/sec-filings-details/default.aspx?FilingId=18439293
core_2bf3ac6f183da8bf95b43f29,COLB,consolidated,2025-03-31,2025-03-31 calendar quarter,2025-05-06,2025-05-07T12:00:00+00:00,2026-10-08T02:36:22.755487+00:00,src_11ea6da81deb7ef7ba6e06fc,9d04bd393ebde6812d1bd42b2ed3840febee08d05b6c995975106e8dce1a5054,https://s26.q4cdn.com/577104185/files/doc_financials/2025/q1/a0ce5802-f90a-4909-af33-f4b679055aa9.pdf,PDF page(s) 64,brokered_deposits,2989.143,USD_million,see metric and source row,all,all,observed,,brokered_deposits@core-1,,aef4a56a6829d5420685a4d498058e83ccc08e12+tree.4e67479291c8900b,"Brokered deposits 2,989,143 3,030,936",,pre_PPBI,True,https://www.columbiabankingsystem.com/sec-filings/sec-filings/sec-filings-details/default.aspx?FilingId=18439293
core_77d41906998131a49c8efaeb,COLB,consolidated,2025-06-30,2025-06-30 calendar quarter,2025-08-06,2025-08-07T12:00:00+00:00,2026-10-08T02:36:40.799345+00:00,src_90690efae06d1092f366b5f5,497401ebb22eacda4dab92491bd6440e76815c1cb224132a0c69977ddb85f4b8,https://s26.q4cdn.com/577104185/files/doc_financials/2025/q2/57251944-d861-4f9f-8f07-ecf350bc571f.pdf,"PDF page(s) 25,26,27",rating_special_mention,698.849,USD_million,see metric and source row,all,all,derived,,rating_special_mention@core-1,,aef4a56a6829d5420685a4d498058e83ccc08e12+tree.4e67479291c8900b,Sum of Total column across distinct loan classes: Special mention,All loan classes at amortized cost; includes guarantee-backed loans and fair-value marks. Not gross loans or a commercial-only portfolio.,pre_PPBI,True,https://www.columbiabankingsystem.com/sec-filings/sec-filings/sec-filings-details/default.aspx?FilingId=18671198
core_6cf48edfdbb0933dc0e1ad49,COLB,consolidated,2025-06-30,2025-06-30 calendar quarter,2025-08-06,2025-08-07T12:00:00+00:00,2026-10-08T02:36:40.799345+00:00,src_90690efae06d1092f366b5f5,497401ebb22eacda4dab92491bd6440e76815c1cb224132a0c69977ddb85f4b8,https://s26.q4cdn.com/577104185/files/doc_financials/2025/q2/57251944-d861-4f9f-8f07-ecf350bc571f.pdf,"PDF page(s) 25,26,27",rating_substandard,405.404,USD_million,see metric and source row,all,all,derived,,rating_substandard@core-1,,aef4a56a6829d5420685a4d498058e83ccc08e12+tree.4e67479291c8900b,Sum of Total column across distinct loan classes: Substandard,All loan classes at amortized cost; includes guarantee-backed loans and fair-value marks. Not gross loans or a commercial-only portfolio.,pre_PPBI,True,https://www.columbiabankingsystem.com/sec-filings/sec-filings/sec-filings-details/default.aspx?FilingId=18671198
core_9c0413e13ec6d0b37c8992d8,COLB,consolidated,2025-06-30,2025-06-30 calendar quarter,2025-08-06,2025-08-07T12:00:00+00:00,2026-10-08T02:36:40.799345+00:00,src_90690efae06d1092f366b5f5,497401ebb22eacda4dab92491bd6440e76815c1cb224132a0c69977ddb85f4b8,https://s26.q4cdn.com/577104185/files/doc_financials/2025/q2/57251944-d861-4f9f-8f07-ecf350bc571f.pdf,"PDF page(s) 25,26,27",rating_doubtful,53.332,USD_million,see metric and source row,all,all,derived,,rating_doubtful@core-1,,aef4a56a6829d5420685a4d498058e83ccc08e12+tree.4e67479291c8900b,Sum of Total column across distinct loan classes: Doubtful,All loan classes at amortized cost; includes guarantee-backed loans and fair-value marks. Not gross loans or a commercial-only portfolio.,pre_PPBI,True,https://www.columbiabankingsystem.com/sec-filings/sec-filings/sec-filings-details/default.aspx?FilingId=18671198
core_6a2838c40434b2052ba0770d,COLB,consolidated,2025-06-30,2025-06-30 calendar quarter,2025-08-06,2025-08-07T12:00:00+00:00,2026-10-08T02:36:40.799345+00:00,src_90690efae06d1092f366b5f5,497401ebb22eacda4dab92491bd6440e76815c1cb224132a0c69977ddb85f4b8,https://s26.q4cdn.com/577104185/files/doc_financials/2025/q2/57251944-d861-4f9f-8f07-ecf350bc571f.pdf,"PDF page(s) 25,26,27",rating_loss,44.312000000000005,USD_million,see metric and source row,all,all,derived,,rating_loss@core-1,,aef4a56a6829d5420685a4d498058e83ccc08e12+tree.4e67479291c8900b,Sum of Total column across distinct loan classes: Loss,All loan classes at amortized cost; includes guarantee-backed loans and fair-value marks. Not gross loans or a commercial-only portfolio.,pre_PPBI,True,https://www.columbiabankingsystem.com/sec-filings/sec-filings/sec-filings-details/default.aspx?FilingId=18671198
core_ed413b12b5f1e8297ca018d2,COLB,consolidated,2025-06-30,2025-06-30 calendar quarter,2025-08-06,2025-08-07T12:00:00+00:00,2026-10-08T02:36:40.799345+00:00,src_90690efae06d1092f366b5f5,497401ebb22eacda4dab92491bd6440e76815c1cb224132a0c69977ddb85f4b8,https://s26.q4cdn.com/577104185/files/doc_financials/2025/q2/57251944-d861-4f9f-8f07-ecf350bc571f.pdf,"PDF page(s) 25,26,27",classified_amortized,503.048,USD_million,see metric and source row,all,all,derived,,classified_amortized@core-1,,aef4a56a6829d5420685a4d498058e83ccc08e12+tree.4e67479291c8900b,Substandard + Doubtful + Loss,,pre_PPBI,True,https://www.columbiabankingsystem.com/sec-filings/sec-filings/sec-filings-details/default.aspx?FilingId=18671198
core_580e2047875cec9b7fbdb297,COLB,consolidated,2025-06-30,2025-06-30 calendar quarter,2025-08-06,2025-08-07T12:00:00+00:00,2026-10-08T02:36:40.799345+00:00,src_90690efae06d1092f366b5f5,497401ebb22eacda4dab92491bd6440e76815c1cb224132a0c69977ddb85f4b8,https://s26.q4cdn.com/577104185/files/doc_financials/2025/q2/57251944-d861-4f9f-8f07-ecf350bc571f.pdf,"PDF page(s) 25,26,27",criticized_amortized,1201.897,USD_million,see metric and source row,all,all,derived,,criticized_amortized@core-1,,aef4a56a6829d5420685a4d498058e83ccc08e12+tree.4e67479291c8900b,Special mention + Classified,,pre_PPBI,True,https://www.columbiabankingsystem.com/sec-filings/sec-filings/sec-filings-details/default.aspx?FilingId=18671198
core_89195ee8f803a6abd7505a76,COLB,consolidated,2025-06-30,2025-06-30 calendar quarter,2025-08-06,2025-08-07T12:00:00+00:00,2026-10-08T02:36:40.799345+00:00,src_90690efae06d1092f366b5f5,497401ebb22eacda4dab92491bd6440e76815c1cb224132a0c69977ddb85f4b8,https://s26.q4cdn.com/577104185/files/doc_financials/2025/q2/57251944-d861-4f9f-8f07-ecf350bc571f.pdf,PDF page(s) 69,uninsured_deposits,14091.569,USD_million,see metric and source row,all,all,observed,,uninsured_deposits@core-1,,aef4a56a6829d5420685a4d498058e83ccc08e12+tree.4e67479291c8900b,"Uninsured deposits (1) 14,091,569 34 % 14,028,275 35 %",,pre_PPBI,True,https://www.columbiabankingsystem.com/sec-filings/sec-filings/sec-filings-details/default.aspx?FilingId=18671198
core_8740671d788c3469adae65c3,COLB,consolidated,2025-06-30,2025-06-30 calendar quarter,2025-08-06,2025-08-07T12:00:00+00:00,2026-10-08T02:36:40.799345+00:00,src_90690efae06d1092f366b5f5,497401ebb22eacda4dab92491bd6440e76815c1cb224132a0c69977ddb85f4b8,https://s26.q4cdn.com/577104185/files/doc_financials/2025/q2/57251944-d861-4f9f-8f07-ecf350bc571f.pdf,PDF page(s) 70,brokered_deposits,3349.594,USD_million,see metric and source row,all,all,observed,,brokered_deposits@core-1,,aef4a56a6829d5420685a4d498058e83ccc08e12+tree.4e67479291c8900b,"Brokered deposits 3,349,594 3,030,936",,pre_PPBI,True,https://www.columbiabankingsystem.com/sec-filings/sec-filings/sec-filings-details/default.aspx?FilingId=18671198
core_8c9829fe970ec68d5a3e0240,COLB,consolidated,2025-09-30,2025-09-30 calendar quarter,2025-11-06,2025-11-07T12:00:00+00:00,2026-10-08T02:37:02.599444+00:00,src_b2dbe002e4ce3f6b462fe984,af2ef23f6d994453b1033414c79d845d3e42f7ee2a2c8d65795ad806d865bab5,https://d18rn0p25nwr6d.cloudfront.net/CIK-0000887343/c9786b49-993a-4a8c-8cdd-e7c41a6d8198.pdf,"PDF page(s) 31,32,33",rating_special_mention,876.0,USD_million,see metric and source row,all,all,derived,,rating_special_mention@core-1,,aef4a56a6829d5420685a4d498058e83ccc08e12+tree.4e67479291c8900b,Sum of Total column across distinct loan classes: Special mention,All loan classes at amortized cost; includes guarantee-backed loans and fair-value marks. Not gross loans or a commercial-only portfolio.,post_PPBI_2025-08-31,True,https://www.columbiabankingsystem.com/sec-filings/sec-filings/sec-filings-details/default.aspx?FilingId=18897295
core_9f49382e68b9bbda4c64e919,COLB,consolidated,2025-09-30,2025-09-30 calendar quarter,2025-11-06,2025-11-07T12:00:00+00:00,2026-10-08T02:37:02.599444+00:00,src_b2dbe002e4ce3f6b462fe984,af2ef23f6d994453b1033414c79d845d3e42f7ee2a2c8d65795ad806d865bab5,https://d18rn0p25nwr6d.cloudfront.net/CIK-0000887343/c9786b49-993a-4a8c-8cdd-e7c41a6d8198.pdf,"PDF page(s) 31,32,33",rating_substandard,484.0,USD_million,see metric and source row,all,all,derived,,rating_substandard@core-1,,aef4a56a6829d5420685a4d498058e83ccc08e12+tree.4e67479291c8900b,Sum of Total column across distinct loan classes: Substandard,All loan classes at amortized cost; includes guarantee-backed loans and fair-value marks. Not gross loans or a commercial-only portfolio.,post_PPBI_2025-08-31,True,https://www.columbiabankingsystem.com/sec-filings/sec-filings/sec-filings-details/default.aspx?FilingId=18897295
core_fd72577e423566a752918014,COLB,consolidated,2025-09-30,2025-09-30 calendar quarter,2025-11-06,2025-11-07T12:00:00+00:00,2026-10-08T02:37:02.599444+00:00,src_b2dbe002e4ce3f6b462fe984,af2ef23f6d994453b1033414c79d845d3e42f7ee2a2c8d65795ad806d865bab5,https://d18rn0p25nwr6d.cloudfront.net/CIK-0000887343/c9786b49-993a-4a8c-8cdd-e7c41a6d8198.pdf,"PDF page(s) 31,32,33",rating_doubtful,48.0,USD_million,see metric and source row,all,all,derived,,rating_doubtful@core-1,,aef4a56a6829d5420685a4d498058e83ccc08e12+tree.4e67479291c8900b,Sum of Total column across distinct loan classes: Doubtful,All loan classes at amortized cost; includes guarantee-backed loans and fair-value marks. Not gross loans or a commercial-only portfolio.,post_PPBI_2025-08-31,True,https://www.columbiabankingsystem.com/sec-filings/sec-filings/sec-filings-details/default.aspx?FilingId=18897295
core_5fae7125a8d124bd64cfd897,COLB,consolidated,2025-09-30,2025-09-30 calendar quarter,2025-11-06,2025-11-07T12:00:00+00:00,2026-10-08T02:37:02.599444+00:00,src_b2dbe002e4ce3f6b462fe984,af2ef23f6d994453b1033414c79d845d3e42f7ee2a2c8d65795ad806d865bab5,https://d18rn0p25nwr6d.cloudfront.net/CIK-0000887343/c9786b49-993a-4a8c-8cdd-e7c41a6d8198.pdf,"PDF page(s) 31,32,33",rating_loss,51.0,USD_million,see metric and source row,all,all,derived,,rating_loss@core-1,,aef4a56a6829d5420685a4d498058e83ccc08e12+tree.4e67479291c8900b,Sum of Total column across distinct loan classes: Loss,All loan classes at amortized cost; includes guarantee-backed loans and fair-value marks. Not gross loans or a commercial-only portfolio.,post_PPBI_2025-08-31,True,https://www.columbiabankingsystem.com/sec-filings/sec-filings/sec-filings-details/default.aspx?FilingId=18897295
core_55901625bdcc4225b5807caf,COLB,consolidated,2025-09-30,2025-09-30 calendar quarter,2025-11-06,2025-11-07T12:00:00+00:00,2026-10-08T02:37:02.599444+00:00,src_b2dbe002e4ce3f6b462fe984,af2ef23f6d994453b1033414c79d845d3e42f7ee2a2c8d65795ad806d865bab5,https://d18rn0p25nwr6d.cloudfront.net/CIK-0000887343/c9786b49-993a-4a8c-8cdd-e7c41a6d8198.pdf,"PDF page(s) 31,32,33",classified_amortized,583.0,USD_million,see metric and source row,all,all,derived,,classified_amortized@core-1,,aef4a56a6829d5420685a4d498058e83ccc08e12+tree.4e67479291c8900b,Substandard + Doubtful + Loss,,post_PPBI_2025-08-31,True,https://www.columbiabankingsystem.com/sec-filings/sec-filings/sec-filings-details/default.aspx?FilingId=18897295
core_ca58e4261111e83ae38f09f8,COLB,consolidated,2025-09-30,2025-09-30 calendar quarter,2025-11-06,2025-11-07T12:00:00+00:00,2026-10-08T02:37:02.599444+00:00,src_b2dbe002e4ce3f6b462fe984,af2ef23f6d994453b1033414c79d845d3e42f7ee2a2c8d65795ad806d865bab5,https://d18rn0p25nwr6d.cloudfront.net/CIK-0000887343/c9786b49-993a-4a8c-8cdd-e7c41a6d8198.pdf,"PDF page(s) 31,32,33",criticized_amortized,1459.0,USD_million,see metric and source row,all,all,derived,,criticized_amortized@core-1,,aef4a56a6829d5420685a4d498058e83ccc08e12+tree.4e67479291c8900b,Special mention + Classified,,post_PPBI_2025-08-31,True,https://www.columbiabankingsystem.com/sec-filings/sec-filings/sec-filings-details/default.aspx?FilingId=18897295
core_8b4137f2514a6bf5ce96e405,COLB,consolidated,2025-09-30,2025-09-30 calendar quarter,2025-11-06,2025-11-07T12:00:00+00:00,2026-10-08T02:37:02.599444+00:00,src_b2dbe002e4ce3f6b462fe984,af2ef23f6d994453b1033414c79d845d3e42f7ee2a2c8d65795ad806d865bab5,https://d18rn0p25nwr6d.cloudfront.net/CIK-0000887343/c9786b49-993a-4a8c-8cdd-e7c41a6d8198.pdf,PDF page(s) 74,uninsured_deposits,20588.0,USD_million,see metric and source row,all,all,observed,,uninsured_deposits@core-1,,aef4a56a6829d5420685a4d498058e83ccc08e12+tree.4e67479291c8900b,"Uninsured deposits (1) 20,588 37 % 14,028 26 %",,post_PPBI_2025-08-31,True,https://www.columbiabankingsystem.com/sec-filings/sec-filings/sec-filings-details/default.aspx?FilingId=18897295
core_18922b9d4c5b1cbf7a3e43b1,COLB,consolidated,2025-09-30,2025-09-30 calendar quarter,2025-11-06,2025-11-07T12:00:00+00:00,2026-10-08T02:37:02.599444+00:00,src_b2dbe002e4ce3f6b462fe984,af2ef23f6d994453b1033414c79d845d3e42f7ee2a2c8d65795ad806d865bab5,https://d18rn0p25nwr6d.cloudfront.net/CIK-0000887343/c9786b49-993a-4a8c-8cdd-e7c41a6d8198.pdf,PDF page(s) 75,brokered_deposits,2465.0,USD_million,see metric and source row,all,all,observed,,brokered_deposits@core-1,,aef4a56a6829d5420685a4d498058e83ccc08e12+tree.4e67479291c8900b,"Brokered deposits 2,465 3,031",,post_PPBI_2025-08-31,True,https://www.columbiabankingsystem.com/sec-filings/sec-filings/sec-filings-details/default.aspx?FilingId=18897295
core_ca36d90ceda900ceb16f2bd6,COLB,consolidated,2025-12-31,2025-12-31 calendar quarter,2026-02-26,2026-02-27T12:00:00+00:00,2026-10-08T02:37:20.274684+00:00,src_1ec65680a0ce5043d49de939,73d5ea6ad388b190e7e17ac1c9ffb922d1379a75460fce61230cc68e40a378f4,https://d18rn0p25nwr6d.cloudfront.net/CIK-0000887343/9315e0d2-0dc1-468d-9d0b-f5dacace9bef.pdf,"PDF page(s) 111,112,113",rating_special_mention,708.0,USD_million,see metric and source row,all,all,derived,,rating_special_mention@core-1,,aef4a56a6829d5420685a4d498058e83ccc08e12+tree.4e67479291c8900b,Sum of Total column across distinct loan classes: Special mention,All loan classes at amortized cost; includes guarantee-backed loans and fair-value marks. Not gross loans or a commercial-only portfolio.,post_PPBI_2025-08-31,True,https://www.columbiabankingsystem.com/sec-filings/sec-filings/sec-filings-details/default.aspx?FilingId=19191691
core_f710ac826f372a2c1b6fdc74,COLB,consolidated,2025-12-31,2025-12-31 calendar quarter,2026-02-26,2026-02-27T12:00:00+00:00,2026-10-08T02:37:20.274684+00:00,src_1ec65680a0ce5043d49de939,73d5ea6ad388b190e7e17ac1c9ffb922d1379a75460fce61230cc68e40a378f4,https://d18rn0p25nwr6d.cloudfront.net/CIK-0000887343/9315e0d2-0dc1-468d-9d0b-f5dacace9bef.pdf,"PDF page(s) 111,112,113",rating_substandard,597.0,USD_million,see metric and source row,all,all,derived,,rating_substandard@core-1,,aef4a56a6829d5420685a4d498058e83ccc08e12+tree.4e67479291c8900b,Sum of Total column across distinct loan classes: Substandard,All loan classes at amortized cost; includes guarantee-backed loans and fair-value marks. Not gross loans or a commercial-only portfolio.,post_PPBI_2025-08-31,True,https://www.columbiabankingsystem.com/sec-filings/sec-filings/sec-filings-details/default.aspx?FilingId=19191691
core_92936f8040f44596559986e8,COLB,consolidated,2025-12-31,2025-12-31 calendar quarter,2026-02-26,2026-02-27T12:00:00+00:00,2026-10-08T02:37:20.274684+00:00,src_1ec65680a0ce5043d49de939,73d5ea6ad388b190e7e17ac1c9ffb922d1379a75460fce61230cc68e40a378f4,https://d18rn0p25nwr6d.cloudfront.net/CIK-0000887343/9315e0d2-0dc1-468d-9d0b-f5dacace9bef.pdf,"PDF page(s) 111,112,113",rating_doubtful,48.0,USD_million,see metric and source row,all,all,derived,,rating_doubtful@core-1,,aef4a56a6829d5420685a4d498058e83ccc08e12+tree.4e67479291c8900b,Sum of Total column across distinct loan classes: Doubtful,All loan classes at amortized cost; includes guarantee-backed loans and fair-value marks. Not gross loans or a commercial-only portfolio.,post_PPBI_2025-08-31,True,https://www.columbiabankingsystem.com/sec-filings/sec-filings/sec-filings-details/default.aspx?FilingId=19191691
core_7b71229e5aac3e5b8bbb34e1,COLB,consolidated,2025-12-31,2025-12-31 calendar quarter,2026-02-26,2026-02-27T12:00:00+00:00,2026-10-08T02:37:20.274684+00:00,src_1ec65680a0ce5043d49de939,73d5ea6ad388b190e7e17ac1c9ffb922d1379a75460fce61230cc68e40a378f4,https://d18rn0p25nwr6d.cloudfront.net/CIK-0000887343/9315e0d2-0dc1-468d-9d0b-f5dacace9bef.pdf,"PDF page(s) 111,112,113",rating_loss,59.0,USD_million,see metric and source row,all,all,derived,,rating_loss@core-1,,aef4a56a6829d5420685a4d498058e83ccc08e12+tree.4e67479291c8900b,Sum of Total column across distinct loan classes: Loss,All loan classes at amortized cost; includes guarantee-backed loans and fair-value marks. Not gross loans or a commercial-only portfolio.,post_PPBI_2025-08-31,True,https://www.columbiabankingsystem.com/sec-filings/sec-filings/sec-filings-details/default.aspx?FilingId=19191691
core_4175078bf83c0e0815ad8668,COLB,consolidated,2025-12-31,2025-12-31 calendar quarter,2026-02-26,2026-02-27T12:00:00+00:00,2026-10-08T02:37:20.274684+00:00,src_1ec65680a0ce5043d49de939,73d5ea6ad388b190e7e17ac1c9ffb922d1379a75460fce61230cc68e40a378f4,https://d18rn0p25nwr6d.cloudfront.net/CIK-0000887343/9315e0d2-0dc1-468d-9d0b-f5dacace9bef.pdf,"PDF page(s) 111,112,113",classified_amortized,704.0,USD_million,see metric and source row,all,all,derived,,classified_amortized@core-1,,aef4a56a6829d5420685a4d498058e83ccc08e12+tree.4e67479291c8900b,Substandard + Doubtful + Loss,,post_PPBI_2025-08-31,True,https://www.columbiabankingsystem.com/sec-filings/sec-filings/sec-filings-details/default.aspx?FilingId=19191691
core_bfd63428a4d1f86bb36d5017,COLB,consolidated,2025-12-31,2025-12-31 calendar quarter,2026-02-26,2026-02-27T12:00:00+00:00,2026-10-08T02:37:20.274684+00:00,src_1ec65680a0ce5043d49de939,73d5ea6ad388b190e7e17ac1c9ffb922d1379a75460fce61230cc68e40a378f4,https://d18rn0p25nwr6d.cloudfront.net/CIK-0000887343/9315e0d2-0dc1-468d-9d0b-f5dacace9bef.pdf,"PDF page(s) 111,112,113",criticized_amortized,1412.0,USD_million,see metric and source row,all,all,derived,,criticized_amortized@core-1,,aef4a56a6829d5420685a4d498058e83ccc08e12+tree.4e67479291c8900b,Special mention + Classified,,post_PPBI_2025-08-31,True,https://www.columbiabankingsystem.com/sec-filings/sec-filings/sec-filings-details/default.aspx?FilingId=19191691
core_fd3c5abc9b2133b8fb22df51,COLB,consolidated,2025-12-31,2025-12-31 calendar quarter,2026-02-26,2026-02-27T12:00:00+00:00,2026-10-08T02:37:20.274684+00:00,src_1ec65680a0ce5043d49de939,73d5ea6ad388b190e7e17ac1c9ffb922d1379a75460fce61230cc68e40a378f4,https://d18rn0p25nwr6d.cloudfront.net/CIK-0000887343/9315e0d2-0dc1-468d-9d0b-f5dacace9bef.pdf,PDF page(s) 64,uninsured_deposits,19783.0,USD_million,see metric and source row,all,all,observed,,uninsured_deposits@core-1,,aef4a56a6829d5420685a4d498058e83ccc08e12+tree.4e67479291c8900b,"Uninsured deposits (1) 19,783 36 % 14,034 34 %",,post_PPBI_2025-08-31,True,https://www.columbiabankingsystem.com/sec-filings/sec-filings/sec-filings-details/default.aspx?FilingId=19191691
core_f11637af3df47415f6aaf6a3,COLB,consolidated,2025-12-31,2025-12-31 calendar quarter,2026-02-26,2026-02-27T12:00:00+00:00,2026-10-08T02:37:20.274684+00:00,src_1ec65680a0ce5043d49de939,73d5ea6ad388b190e7e17ac1c9ffb922d1379a75460fce61230cc68e40a378f4,https://d18rn0p25nwr6d.cloudfront.net/CIK-0000887343/9315e0d2-0dc1-468d-9d0b-f5dacace9bef.pdf,PDF page(s) 64,brokered_deposits,2355.0,USD_million,see metric and source row,all,all,observed,,brokered_deposits@core-1,,aef4a56a6829d5420685a4d498058e83ccc08e12+tree.4e67479291c8900b,"Brokered 2,355 3,031",,post_PPBI_2025-08-31,True,https://www.columbiabankingsystem.com/sec-filings/sec-filings/sec-filings-details/default.aspx?FilingId=19191691
core_c0fe03bfe5ab1406639bf4e4,COLB,consolidated,2026-03-31,2026-03-31 calendar quarter,2026-05-05,2026-05-06T12:00:00+00:00,2026-10-08T02:38:14.670746+00:00,src_2046b271d808513164a5020a,5e5bdb4d8a21614abd3084cb1eb69bb04d17ed6151044db08143f822c9b53977,https://d18rn0p25nwr6d.cloudfront.net/CIK-0000887343/acb5531a-528e-4cdd-b412-c4e8263860b8.pdf,"PDF page(s) 23,24,25",rating_special_mention,558.0,USD_million,see metric and source row,all,all,derived,,rating_special_mention@core-1,,aef4a56a6829d5420685a4d498058e83ccc08e12+tree.4e67479291c8900b,Sum of Total column across distinct loan classes: Special mention,All loan classes at amortized cost; includes guarantee-backed loans and fair-value marks. Not gross loans or a commercial-only portfolio.,post_PPBI_2025-08-31,True,https://www.columbiabankingsystem.com/sec-filings/sec-filings/sec-filings-details/default.aspx?FilingId=19412677
core_5b9eeabb2f147066d9b3b739,COLB,consolidated,2026-03-31,2026-03-31 calendar quarter,2026-05-05,2026-05-06T12:00:00+00:00,2026-10-08T02:38:14.670746+00:00,src_2046b271d808513164a5020a,5e5bdb4d8a21614abd3084cb1eb69bb04d17ed6151044db08143f822c9b53977,https://d18rn0p25nwr6d.cloudfront.net/CIK-0000887343/acb5531a-528e-4cdd-b412-c4e8263860b8.pdf,"PDF page(s) 23,24,25",rating_substandard,619.0,USD_million,see metric and source row,all,all,derived,,rating_substandard@core-1,,aef4a56a6829d5420685a4d498058e83ccc08e12+tree.4e67479291c8900b,Sum of Total column across distinct loan classes: Substandard,All loan classes at amortized cost; includes guarantee-backed loans and fair-value marks. Not gross loans or a commercial-only portfolio.,post_PPBI_2025-08-31,True,https://www.columbiabankingsystem.com/sec-filings/sec-filings/sec-filings-details/default.aspx?FilingId=19412677
core_90a12c681a916ccd75402398,COLB,consolidated,2026-03-31,2026-03-31 calendar quarter,2026-05-05,2026-05-06T12:00:00+00:00,2026-10-08T02:38:14.670746+00:00,src_2046b271d808513164a5020a,5e5bdb4d8a21614abd3084cb1eb69bb04d17ed6151044db08143f822c9b53977,https://d18rn0p25nwr6d.cloudfront.net/CIK-0000887343/acb5531a-528e-4cdd-b412-c4e8263860b8.pdf,"PDF page(s) 23,24,25",rating_doubtful,42.0,USD_million,see metric and source row,all,all,derived,,rating_doubtful@core-1,,aef4a56a6829d5420685a4d498058e83ccc08e12+tree.4e67479291c8900b,Sum of Total column across distinct loan classes: Doubtful,All loan classes at amortized cost; includes guarantee-backed loans and fair-value marks. Not gross loans or a commercial-only portfolio.,post_PPBI_2025-08-31,True,https://www.columbiabankingsystem.com/sec-filings/sec-filings/sec-filings-details/default.aspx?FilingId=19412677
core_c977b8a5f69dab38f006b17a,COLB,consolidated,2026-03-31,2026-03-31 calendar quarter,2026-05-05,2026-05-06T12:00:00+00:00,2026-10-08T02:38:14.670746+00:00,src_2046b271d808513164a5020a,5e5bdb4d8a21614abd3084cb1eb69bb04d17ed6151044db08143f822c9b53977,https://d18rn0p25nwr6d.cloudfront.net/CIK-0000887343/acb5531a-528e-4cdd-b412-c4e8263860b8.pdf,"PDF page(s) 23,24,25",rating_loss,64.0,USD_million,see metric and source row,all,all,derived,,rating_loss@core-1,,aef4a56a6829d5420685a4d498058e83ccc08e12+tree.4e67479291c8900b,Sum of Total column across distinct loan classes: Loss,All loan classes at amortized cost; includes guarantee-backed loans and fair-value marks. Not gross loans or a commercial-only portfolio.,post_PPBI_2025-08-31,True,https://www.columbiabankingsystem.com/sec-filings/sec-filings/sec-filings-details/default.aspx?FilingId=19412677
core_497327e2e84ef9ae1b64295e,COLB,consolidated,2026-03-31,2026-03-31 calendar quarter,2026-05-05,2026-05-06T12:00:00+00:00,2026-10-08T02:38:14.670746+00:00,src_2046b271d808513164a5020a,5e5bdb4d8a21614abd3084cb1eb69bb04d17ed6151044db08143f822c9b53977,https://d18rn0p25nwr6d.cloudfront.net/CIK-0000887343/acb5531a-528e-4cdd-b412-c4e8263860b8.pdf,"PDF page(s) 23,24,25",classified_amortized,725.0,USD_million,see metric and source row,all,all,derived,,classified_amortized@core-1,,aef4a56a6829d5420685a4d498058e83ccc08e12+tree.4e67479291c8900b,Substandard + Doubtful + Loss,,post_PPBI_2025-08-31,True,https://www.columbiabankingsystem.com/sec-filings/sec-filings/sec-filings-details/default.aspx?FilingId=19412677
core_94655c7326bf619fd4796132,COLB,consolidated,2026-03-31,2026-03-31 calendar quarter,2026-05-05,2026-05-06T12:00:00+00:00,2026-10-08T02:38:14.670746+00:00,src_2046b271d808513164a5020a,5e5bdb4d8a21614abd3084cb1eb69bb04d17ed6151044db08143f822c9b53977,https://d18rn0p25nwr6d.cloudfront.net/CIK-0000887343/acb5531a-528e-4cdd-b412-c4e8263860b8.pdf,"PDF page(s) 23,24,25",criticized_amortized,1283.0,USD_million,see metric and source row,all,all,derived,,criticized_amortized@core-1,,aef4a56a6829d5420685a4d498058e83ccc08e12+tree.4e67479291c8900b,Special mention + Classified,,post_PPBI_2025-08-31,True,https://www.columbiabankingsystem.com/sec-filings/sec-filings/sec-filings-details/default.aspx?FilingId=19412677
core_dc011a6b72f9c1529724e079,COLB,consolidated,2026-03-31,2026-03-31 calendar quarter,2026-05-05,2026-05-06T12:00:00+00:00,2026-10-08T02:38:14.670746+00:00,src_2046b271d808513164a5020a,5e5bdb4d8a21614abd3084cb1eb69bb04d17ed6151044db08143f822c9b53977,https://d18rn0p25nwr6d.cloudfront.net/CIK-0000887343/acb5531a-528e-4cdd-b412-c4e8263860b8.pdf,PDF page(s) 63,uninsured_deposits,20932.0,USD_million,see metric and source row,all,all,observed,,uninsured_deposits@core-1,,aef4a56a6829d5420685a4d498058e83ccc08e12+tree.4e67479291c8900b,"Uninsured deposits (1) 20,932 39 % 19,783 38 %",,post_PPBI_2025-08-31,True,https://www.columbiabankingsystem.com/sec-filings/sec-filings/sec-filings-details/default.aspx?FilingId=19412677
core_707c9ba3f94126ba9523daa1,COLB,consolidated,2026-03-31,2026-03-31 calendar quarter,2026-05-05,2026-05-06T12:00:00+00:00,2026-10-08T02:38:14.670746+00:00,src_2046b271d808513164a5020a,5e5bdb4d8a21614abd3084cb1eb69bb04d17ed6151044db08143f822c9b53977,https://d18rn0p25nwr6d.cloudfront.net/CIK-0000887343/acb5531a-528e-4cdd-b412-c4e8263860b8.pdf,PDF page(s) 64,brokered_deposits,1595.0,USD_million,see metric and source row,all,all,observed,,brokered_deposits@core-1,,aef4a56a6829d5420685a4d498058e83ccc08e12+tree.4e67479291c8900b,"Brokered deposits 1,595 3 % 2,355 4 %",,post_PPBI_2025-08-31,True,https://www.columbiabankingsystem.com/sec-filings/sec-filings/sec-filings-details/default.aspx?FilingId=19412677
core_38f46f453f5db21df75d0c3c,COLB,consolidated,2026-06-30,2026-06-30 calendar quarter,2026-08-04,2026-08-05T12:00:00+00:00,2026-10-08T02:38:31.016921+00:00,src_6363c8794d660471dc92e556,66b578409219c87621983f8a026105eda4edd1d8635d8391832d5d3ab58e284e,https://d18rn0p25nwr6d.cloudfront.net/CIK-0000887343/04f644bc-f4b1-4011-8fd1-148d833cb811.pdf,"PDF page(s) 27,28,29",rating_special_mention,531.0,USD_million,see metric and source row,all,all,derived,,rating_special_mention@core-1,,aef4a56a6829d5420685a4d498058e83ccc08e12+tree.4e67479291c8900b,Sum of Total column across distinct loan classes: Special mention,All loan classes at amortized cost; includes guarantee-backed loans and fair-value marks. Not gross loans or a commercial-only portfolio.,post_PPBI_2025-08-31,True,https://www.columbiabankingsystem.com/sec-filings/sec-filings/sec-filings-details/default.aspx?FilingId=19664788
core_168a53802fb3def8ecf3202b,COLB,consolidated,2026-06-30,2026-06-30 calendar quarter,2026-08-04,2026-08-05T12:00:00+00:00,2026-10-08T02:38:31.016921+00:00,src_6363c8794d660471dc92e556,66b578409219c87621983f8a026105eda4edd1d8635d8391832d5d3ab58e284e,https://d18rn0p25nwr6d.cloudfront.net/CIK-0000887343/04f644bc-f4b1-4011-8fd1-148d833cb811.pdf,"PDF page(s) 27,28,29",rating_substandard,582.0,USD_million,see metric and source row,all,all,derived,,rating_substandard@core-1,,aef4a56a6829d5420685a4d498058e83ccc08e12+tree.4e67479291c8900b,Sum of Total column across distinct loan classes: Substandard,All loan classes at amortized cost; includes guarantee-backed loans and fair-value marks. Not gross loans or a commercial-only portfolio.,post_PPBI_2025-08-31,True,https://www.columbiabankingsystem.com/sec-filings/sec-filings/sec-filings-details/default.aspx?FilingId=19664788
core_bb6e33dccb82d7bb7e47e67e,COLB,consolidated,2026-06-30,2026-06-30 calendar quarter,2026-08-04,2026-08-05T12:00:00+00:00,2026-10-08T02:38:31.016921+00:00,src_6363c8794d660471dc92e556,66b578409219c87621983f8a026105eda4edd1d8635d8391832d5d3ab58e284e,https://d18rn0p25nwr6d.cloudfront.net/CIK-0000887343/04f644bc-f4b1-4011-8fd1-148d833cb811.pdf,"PDF page(s) 27,28,29",rating_doubtful,38.0,USD_million,see metric and source row,all,all,derived,,rating_doubtful@core-1,,aef4a56a6829d5420685a4d498058e83ccc08e12+tree.4e67479291c8900b,Sum of Total column across distinct loan classes: Doubtful,All loan classes at amortized cost; includes guarantee-backed loans and fair-value marks. Not gross loans or a commercial-only portfolio.,post_PPBI_2025-08-31,True,https://www.columbiabankingsystem.com/sec-filings/sec-filings/sec-filings-details/default.aspx?FilingId=19664788
core_0a3ae1b48aa000762a080a3c,COLB,consolidated,2026-06-30,2026-06-30 calendar quarter,2026-08-04,2026-08-05T12:00:00+00:00,2026-10-08T02:38:31.016921+00:00,src_6363c8794d660471dc92e556,66b578409219c87621983f8a026105eda4edd1d8635d8391832d5d3ab58e284e,https://d18rn0p25nwr6d.cloudfront.net/CIK-0000887343/04f644bc-f4b1-4011-8fd1-148d833cb811.pdf,"PDF page(s) 27,28,29",rating_loss,68.0,USD_million,see metric and source row,all,all,derived,,rating_loss@core-1,,aef4a56a6829d5420685a4d498058e83ccc08e12+tree.4e67479291c8900b,Sum of Total column across distinct loan classes: Loss,All loan classes at amortized cost; includes guarantee-backed loans and fair-value marks. Not gross loans or a commercial-only portfolio.,post_PPBI_2025-08-31,True,https://www.columbiabankingsystem.com/sec-filings/sec-filings/sec-filings-details/default.aspx?FilingId=19664788
core_74d7393106514f8edffe3623,COLB,consolidated,2026-06-30,2026-06-30 calendar quarter,2026-08-04,2026-08-05T12:00:00+00:00,2026-10-08T02:38:31.016921+00:00,src_6363c8794d660471dc92e556,66b578409219c87621983f8a026105eda4edd1d8635d8391832d5d3ab58e284e,https://d18rn0p25nwr6d.cloudfront.net/CIK-0000887343/04f644bc-f4b1-4011-8fd1-148d833cb811.pdf,"PDF page(s) 27,28,29",classified_amortized,688.0,USD_million,see metric and source row,all,all,derived,,classified_amortized@core-1,,aef4a56a6829d5420685a4d498058e83ccc08e12+tree.4e67479291c8900b,Substandard + Doubtful + Loss,,post_PPBI_2025-08-31,True,https://www.columbiabankingsystem.com/sec-filings/sec-filings/sec-filings-details/default.aspx?FilingId=19664788
core_7952372df314fbeb28d96fe0,COLB,consolidated,2026-06-30,2026-06-30 calendar quarter,2026-08-04,2026-08-05T12:00:00+00:00,2026-10-08T02:38:31.016921+00:00,src_6363c8794d660471dc92e556,66b578409219c87621983f8a026105eda4edd1d8635d8391832d5d3ab58e284e,https://d18rn0p25nwr6d.cloudfront.net/CIK-0000887343/04f644bc-f4b1-4011-8fd1-148d833cb811.pdf,"PDF page(s) 27,28,29",criticized_amortized,1219.0,USD_million,see metric and source row,all,all,derived,,criticized_amortized@core-1,,aef4a56a6829d5420685a4d498058e83ccc08e12+tree.4e67479291c8900b,Special mention + Classified,,post_PPBI_2025-08-31,True,https://www.columbiabankingsystem.com/sec-filings/sec-filings/sec-filings-details/default.aspx?FilingId=19664788
core_552e3b4b3b7d1b8b55ccd534,COLB,consolidated,2026-06-30,2026-06-30 calendar quarter,2026-08-04,2026-08-05T12:00:00+00:00,2026-10-08T02:38:31.016921+00:00,src_6363c8794d660471dc92e556,66b578409219c87621983f8a026105eda4edd1d8635d8391832d5d3ab58e284e,https://d18rn0p25nwr6d.cloudfront.net/CIK-0000887343/04f644bc-f4b1-4011-8fd1-148d833cb811.pdf,PDF page(s) 70,uninsured_deposits,20592.0,USD_million,see metric and source row,all,all,observed,,uninsured_deposits@core-1,,aef4a56a6829d5420685a4d498058e83ccc08e12+tree.4e67479291c8900b,"Uninsured deposits (1) 20,592 40 % 19,783 36 %",,post_PPBI_2025-08-31,True,https://www.columbiabankingsystem.com/sec-filings/sec-filings/sec-filings-details/default.aspx?FilingId=19664788
core_257413f061e5e688d0661f73,COLB,consolidated,2026-06-30,2026-06-30 calendar quarter,2026-08-04,2026-08-05T12:00:00+00:00,2026-10-08T02:38:31.016921+00:00,src_6363c8794d660471dc92e556,66b578409219c87621983f8a026105eda4edd1d8635d8391832d5d3ab58e284e,https://d18rn0p25nwr6d.cloudfront.net/CIK-0000887343/04f644bc-f4b1-4011-8fd1-148d833cb811.pdf,PDF page(s) 70,brokered_deposits,978.0,USD_million,see metric and source row,all,all,observed,,brokered_deposits@core-1,,aef4a56a6829d5420685a4d498058e83ccc08e12+tree.4e67479291c8900b,"Brokered deposits 978 2 % 2,355 4 %",,post_PPBI_2025-08-31,True,https://www.columbiabankingsystem.com/sec-filings/sec-filings/sec-filings-details/default.aspx?FilingId=19664788
