ticker,date,close,adjusted_close,volume,dividend,price_return,total_return,cash_dividend_return_check,source_sha256,retrieved_at
WAFD,2024-01-02,32.970001220703125,30.063989639282227,236100,0.0,,,,d1530f19f6149a8d5417d5247034852e1b53919df4c9e07b8a1e05a846323afc,2026-10-07T15:19:17.992775+00:00
WAFD,2024-01-03,31.350000381469727,28.586780548095703,426800,0.0,-0.049135601433224596,-0.04913549761394187,-0.049135601433224596,d1530f19f6149a8d5417d5247034852e1b53919df4c9e07b8a1e05a846323afc,2026-10-07T15:19:17.992775+00:00
WAFD,2024-01-04,31.290000915527344,28.532068252563477,294400,0.0,-0.0019138585394674612,-0.0019139019673858337,-0.0019138585394674612,d1530f19f6149a8d5417d5247034852e1b53919df4c9e07b8a1e05a846323afc,2026-10-07T15:19:17.992775+00:00
WAFD,2024-01-05,31.09000015258789,28.34969711303711,313700,0.0,-0.006391842668186154,-0.006391795291951219,-0.006391842668186154,d1530f19f6149a8d5417d5247034852e1b53919df4c9e07b8a1e05a846323afc,2026-10-07T15:19:17.992775+00:00
WAFD,2024-01-08,31.469999313354492,28.69620132446289,397000,0.0,0.012222552553927013,0.012222501356687676,0.012222552553927013,d1530f19f6149a8d5417d5247034852e1b53919df4c9e07b8a1e05a846323afc,2026-10-07T15:19:17.992775+00:00
WAFD,2024-01-09,31.1200008392334,28.377050399780273,347200,0.0,-0.011121654965291605,-0.011121713326235572,-0.011121654965291605,d1530f19f6149a8d5417d5247034852e1b53919df4c9e07b8a1e05a846323afc,2026-10-07T15:19:17.992775+00:00
WAFD,2024-01-10,31.190000534057617,28.440879821777344,286700,0.0,0.002249347459398754,0.002249332509821622,0.002249347459398754,d1530f19f6149a8d5417d5247034852e1b53919df4c9e07b8a1e05a846323afc,2026-10-07T15:19:17.992775+00:00
WAFD,2024-01-11,30.93000030517578,28.203798294067383,374500,0.0,-0.00833601232542236,-0.008335942108528838,-0.00833601232542236,d1530f19f6149a8d5417d5247034852e1b53919df4c9e07b8a1e05a846323afc,2026-10-07T15:19:17.992775+00:00
WAFD,2024-01-12,30.760000228881836,28.048782348632812,196300,0.0,-0.005496284339366664,-0.005496279040797747,-0.005496284339366664,d1530f19f6149a8d5417d5247034852e1b53919df4c9e07b8a1e05a846323afc,2026-10-07T15:19:17.992775+00:00
WAFD,2024-01-16,30.25,27.583736419677734,405100,0.0,-0.016579981309719716,-0.016579897236706498,-0.016579981309719716,d1530f19f6149a8d5417d5247034852e1b53919df4c9e07b8a1e05a846323afc,2026-10-07T15:19:17.992775+00:00
WAFD,2024-01-17,29.0,26.443906784057617,506600,0.0,-0.04132231404958675,-0.04132252492113375,-0.04132231404958675,d1530f19f6149a8d5417d5247034852e1b53919df4c9e07b8a1e05a846323afc,2026-10-07T15:19:17.992775+00:00
WAFD,2024-01-18,28.989999771118164,26.43479347229004,507600,0.0,-0.00034483547868402464,-0.0003446280401000479,-0.00034483547868402464,d1530f19f6149a8d5417d5247034852e1b53919df4c9e07b8a1e05a846323afc,2026-10-07T15:19:17.992775+00:00
WAFD,2024-01-19,29.690000534057617,27.073091506958008,362100,0.0,0.02414628383808548,0.02414613283576661,0.02414628383808548,d1530f19f6149a8d5417d5247034852e1b53919df4c9e07b8a1e05a846323afc,2026-10-07T15:19:17.992775+00:00
WAFD,2024-01-22,30.600000381469727,27.902883529663086,338400,0.0,0.030650044831364687,0.030650065305316776,0.030650044831364687,d1530f19f6149a8d5417d5247034852e1b53919df4c9e07b8a1e05a846323afc,2026-10-07T15:19:17.992775+00:00
WAFD,2024-01-23,30.15999984741211,27.501663208007812,294200,0.0,-0.014379102240928976,-0.014379170569548627,-0.014379102240928976,d1530f19f6149a8d5417d5247034852e1b53919df4c9e07b8a1e05a846323afc,2026-10-07T15:19:17.992775+00:00
WAFD,2024-01-24,30.440000534057617,27.756986618041992,248200,0.0,0.009283842442377566,0.009283926143049959,0.009283842442377566,d1530f19f6149a8d5417d5247034852e1b53919df4c9e07b8a1e05a846323afc,2026-10-07T15:19:17.992775+00:00
WAFD,2024-01-25,30.229999542236328,27.56549835205078,308100,0.0,-0.00689884980738853,-0.00689874115754141,-0.00689884980738853,d1530f19f6149a8d5417d5247034852e1b53919df4c9e07b8a1e05a846323afc,2026-10-07T15:19:17.992775+00:00
WAFD,2024-01-26,30.719999313354492,28.012304306030273,203600,0.0,0.016209056517964893,0.016208883593292756,0.016209056517964893,d1530f19f6149a8d5417d5247034852e1b53919df4c9e07b8a1e05a846323afc,2026-10-07T15:19:17.992775+00:00
WAFD,2024-01-29,30.989999771118164,28.258508682250977,285100,0.0,0.008789077597612494,0.00878915113626344,0.008789077597612494,d1530f19f6149a8d5417d5247034852e1b53919df4c9e07b8a1e05a846323afc,2026-10-07T15:19:17.992775+00:00
WAFD,2024-01-30,30.690000534057617,27.984952926635742,228100,0.0,-0.00968051756296362,-0.009680473895179564,-0.00968051756296362,d1530f19f6149a8d5417d5247034852e1b53919df4c9e07b8a1e05a846323afc,2026-10-07T15:19:17.992775+00:00
WAFD,2024-01-31,29.040000915527344,26.480384826660156,390200,0.0,-0.05376342749486818,-0.053763467243268304,-0.05376342749486818,d1530f19f6149a8d5417d5247034852e1b53919df4c9e07b8a1e05a846323afc,2026-10-07T15:19:17.992775+00:00
WAFD,2024-02-01,28.56999969482422,26.05181121826172,368600,0.0,-0.016184614527743335,-0.01618456873659002,-0.016184614527743335,d1530f19f6149a8d5417d5247034852e1b53919df4c9e07b8a1e05a846323afc,2026-10-07T15:19:17.992775+00:00
WAFD,2024-02-02,28.360000610351562,25.860322952270508,243400,0.0,-0.007350335551830622,-0.007350286104368164,-0.007350335551830622,d1530f19f6149a8d5417d5247034852e1b53919df4c9e07b8a1e05a846323afc,2026-10-07T15:19:17.992775+00:00
WAFD,2024-02-05,27.760000228881836,25.31320571899414,243100,0.0,-0.02115657152880046,-0.021156628023793922,-0.02115657152880046,d1530f19f6149a8d5417d5247034852e1b53919df4c9e07b8a1e05a846323afc,2026-10-07T15:19:17.992775+00:00
WAFD,2024-02-06,27.8700008392334,25.413509368896484,222300,0.0,0.003962557977111203,0.003962502853879224,0.003962557977111203,d1530f19f6149a8d5417d5247034852e1b53919df4c9e07b8a1e05a846323afc,2026-10-07T15:19:17.992775+00:00
WAFD,2024-02-07,27.75,25.304086685180664,296000,0.0,-0.0043057350419763996,-0.0043056896285934565,-0.0043057350419763996,d1530f19f6149a8d5417d5247034852e1b53919df4c9e07b8a1e05a846323afc,2026-10-07T15:19:17.992775+00:00
WAFD,2024-02-08,27.84000015258789,25.386154174804688,195800,0.0,0.0032432487419060685,0.0032432504142536622,0.0032432487419060685,d1530f19f6149a8d5417d5247034852e1b53919df4c9e07b8a1e05a846323afc,2026-10-07T15:19:17.992775+00:00
WAFD,2024-02-09,28.209999084472656,25.723539352416992,255200,0.0,0.013290191446007293,0.013290125605049496,0.013290191446007293,d1530f19f6149a8d5417d5247034852e1b53919df4c9e07b8a1e05a846323afc,2026-10-07T15:19:17.992775+00:00
WAFD,2024-02-12,28.8799991607666,26.33448600769043,273900,0.0,0.0237504465805789,0.023750489654761786,0.0237504465805789,d1530f19f6149a8d5417d5247034852e1b53919df4c9e07b8a1e05a846323afc,2026-10-07T15:19:17.992775+00:00
WAFD,2024-02-13,27.260000228881836,24.857275009155273,390800,0.0,-0.056094147470943434,-0.056094164818852654,-0.056094147470943434,d1530f19f6149a8d5417d5247034852e1b53919df4c9e07b8a1e05a846323afc,2026-10-07T15:19:17.992775+00:00
WAFD,2024-02-14,27.989999771118164,25.522933959960938,438600,0.0,0.02677914659233549,0.0267792407076195,0.02677914659233549,d1530f19f6149a8d5417d5247034852e1b53919df4c9e07b8a1e05a846323afc,2026-10-07T15:19:17.992775+00:00
WAFD,2024-02-15,29.18000030517578,26.608043670654297,288800,0.0,0.04251520342224269,0.04251508515422331,0.04251520342224269,d1530f19f6149a8d5417d5247034852e1b53919df4c9e07b8a1e05a846323afc,2026-10-07T15:19:17.992775+00:00
WAFD,2024-02-16,28.770000457763672,26.23417854309082,278000,0.0,-0.014050714294865374,-0.01405083110171712,-0.014050714294865374,d1530f19f6149a8d5417d5247034852e1b53919df4c9e07b8a1e05a846323afc,2026-10-07T15:19:17.992775+00:00
WAFD,2024-02-20,28.389999389648438,25.887676239013672,222400,0.0,-0.013208239905074137,-0.01320804855802904,-0.013208239905074137,d1530f19f6149a8d5417d5247034852e1b53919df4c9e07b8a1e05a846323afc,2026-10-07T15:19:17.992775+00:00
WAFD,2024-02-21,28.149999618530273,25.66883087158203,247000,0.0,-0.008453672993232741,-0.008453650509651855,-0.008453672993232741,d1530f19f6149a8d5417d5247034852e1b53919df4c9e07b8a1e05a846323afc,2026-10-07T15:19:17.992775+00:00
WAFD,2024-02-22,27.559999465942383,25.3651123046875,245200,0.26,-0.02095915312906471,-0.011832193231316124,-0.011722918545642225,d1530f19f6149a8d5417d5247034852e1b53919df4c9e07b8a1e05a846323afc,2026-10-07T15:19:17.992775+00:00
WAFD,2024-02-23,27.65999984741211,25.4571475982666,209100,0.0,0.0036284609364127807,0.003628420504256713,0.0036284609364127807,d1530f19f6149a8d5417d5247034852e1b53919df4c9e07b8a1e05a846323afc,2026-10-07T15:19:17.992775+00:00
WAFD,2024-02-26,27.1200008392334,24.960155487060547,266400,0.0,-0.01952274082276373,-0.01952269433516174,-0.01952274082276373,d1530f19f6149a8d5417d5247034852e1b53919df4c9e07b8a1e05a846323afc,2026-10-07T15:19:17.992775+00:00
WAFD,2024-02-27,27.290000915527344,25.116613388061523,266900,0.0,0.006268439197391729,0.006268306344569208,0.006268439197391729,d1530f19f6149a8d5417d5247034852e1b53919df4c9e07b8a1e05a846323afc,2026-10-07T15:19:17.992775+00:00
WAFD,2024-02-28,27.149999618530273,24.987762451171875,518500,0.0,-0.0051301316343090875,-0.00513010790502888,-0.0051301316343090875,d1530f19f6149a8d5417d5247034852e1b53919df4c9e07b8a1e05a846323afc,2026-10-07T15:19:17.992775+00:00
WAFD,2024-02-29,27.239999771118164,25.070598602294922,1004100,0.0,0.0033149227938280568,0.003315068777563157,0.0033149227938280568,d1530f19f6149a8d5417d5247034852e1b53919df4c9e07b8a1e05a846323afc,2026-10-07T15:19:17.992775+00:00
WAFD,2024-03-01,27.489999771118164,25.300683975219727,403900,0.0,0.009177679959640361,0.009177498175242826,0.009177679959640361,d1530f19f6149a8d5417d5247034852e1b53919df4c9e07b8a1e05a846323afc,2026-10-07T15:19:17.992775+00:00
WAFD,2024-03-04,27.0,24.849706649780273,452800,0.0,-0.017824655336409756,-0.01782470884507137,-0.017824655336409756,d1530f19f6149a8d5417d5247034852e1b53919df4c9e07b8a1e05a846323afc,2026-10-07T15:19:17.992775+00:00
WAFD,2024-03-05,28.0,25.77006721496582,414900,0.0,0.03703703703703698,0.0370370796789139,0.03703703703703698,d1530f19f6149a8d5417d5247034852e1b53919df4c9e07b8a1e05a846323afc,2026-10-07T15:19:17.992775+00:00
WAFD,2024-03-06,28.0,25.77006721496582,506300,0.0,0.0,0.0,0.0,d1530f19f6149a8d5417d5247034852e1b53919df4c9e07b8a1e05a846323afc,2026-10-07T15:19:17.992775+00:00
WAFD,2024-03-07,28.110000610351562,25.871307373046875,278400,0.0,0.003928593226841581,0.003928595033786397,0.003928593226841581,d1530f19f6149a8d5417d5247034852e1b53919df4c9e07b8a1e05a846323afc,2026-10-07T15:19:17.992775+00:00
WAFD,2024-03-08,28.059999465942383,25.82529067993164,199100,0.0,-0.001778767105069634,-0.0017786767576800644,-0.001778767105069634,d1530f19f6149a8d5417d5247034852e1b53919df4c9e07b8a1e05a846323afc,2026-10-07T15:19:17.992775+00:00
WAFD,2024-03-11,28.299999237060547,26.046178817749023,353700,0.0,0.008553092504847148,0.008553171406857851,0.008553092504847148,d1530f19f6149a8d5417d5247034852e1b53919df4c9e07b8a1e05a846323afc,2026-10-07T15:19:17.992775+00:00
WAFD,2024-03-12,27.540000915527344,25.346704483032227,311400,0.0,-0.02685506508911628,-0.026855161350583412,-0.02685506508911628,d1530f19f6149a8d5417d5247034852e1b53919df4c9e07b8a1e05a846323afc,2026-10-07T15:19:17.992775+00:00
WAFD,2024-03-13,27.329999923706055,25.153432846069336,322200,0.0,-0.007625308091507299,-0.0076251189614126025,-0.007625308091507299,d1530f19f6149a8d5417d5247034852e1b53919df4c9e07b8a1e05a846323afc,2026-10-07T15:19:17.992775+00:00
WAFD,2024-03-14,26.639999389648438,24.51837921142578,471300,0.0,-0.02524700095074317,-0.025247195423776625,-0.02524700095074317,d1530f19f6149a8d5417d5247034852e1b53919df4c9e07b8a1e05a846323afc,2026-10-07T15:19:17.992775+00:00
WAFD,2024-03-15,26.760000228881836,24.62882423400879,1053300,0.0,0.004504536110463642,0.0045045808954427,0.004504536110463642,d1530f19f6149a8d5417d5247034852e1b53919df4c9e07b8a1e05a846323afc,2026-10-07T15:19:17.992775+00:00
WAFD,2024-03-18,27.270000457763672,25.098207473754883,698400,0.0,0.019058304354250266,0.01905828858439551,0.019058304354250266,d1530f19f6149a8d5417d5247034852e1b53919df4c9e07b8a1e05a846323afc,2026-10-07T15:19:17.992775+00:00
WAFD,2024-03-19,27.209999084472656,25.042985916137695,374900,0.0,-0.0022002703441075244,-0.0022002191859690212,-0.0022002703441075244,d1530f19f6149a8d5417d5247034852e1b53919df4c9e07b8a1e05a846323afc,2026-10-07T15:19:17.992775+00:00
WAFD,2024-03-20,28.280000686645508,26.027772903442383,391800,0.0,0.03932383822766994,0.03932386459835402,0.03932383822766994,d1530f19f6149a8d5417d5247034852e1b53919df4c9e07b8a1e05a846323afc,2026-10-07T15:19:17.992775+00:00
WAFD,2024-03-21,28.709999084472656,26.423521041870117,540300,0.0,0.015205034914663296,0.015204840609908343,0.015205034914663296,d1530f19f6149a8d5417d5247034852e1b53919df4c9e07b8a1e05a846323afc,2026-10-07T15:19:17.992775+00:00
WAFD,2024-03-22,27.860000610351562,25.64122200012207,288400,0.0,-0.02960635671287093,-0.02960616189297538,-0.02960635671287093,d1530f19f6149a8d5417d5247034852e1b53919df4c9e07b8a1e05a846323afc,2026-10-07T15:19:17.992775+00:00
WAFD,2024-03-25,27.739999771118164,25.53077507019043,197700,0.0,-0.004307280567280802,-0.004307397281265057,-0.004307280567280802,d1530f19f6149a8d5417d5247034852e1b53919df4c9e07b8a1e05a846323afc,2026-10-07T15:19:17.992775+00:00
WAFD,2024-03-26,27.440000534057617,25.254669189453125,255400,0.0,-0.01081468058889079,-0.010814629793972963,-0.01081468058889079,d1530f19f6149a8d5417d5247034852e1b53919df4c9e07b8a1e05a846323afc,2026-10-07T15:19:17.992775+00:00
WAFD,2024-03-27,28.8700008392334,26.570783615112305,421400,0.0,0.05211371273119747,0.05211370680748484,0.05211371273119747,d1530f19f6149a8d5417d5247034852e1b53919df4c9e07b8a1e05a846323afc,2026-10-07T15:19:17.992775+00:00
WAFD,2024-03-28,29.030000686645508,26.718042373657227,1079300,0.0,0.005542079763110941,0.00554213081096977,0.005542079763110941,d1530f19f6149a8d5417d5247034852e1b53919df4c9e07b8a1e05a846323afc,2026-10-07T15:19:17.992775+00:00
WAFD,2024-04-01,28.3799991607666,26.11980438232422,368900,0.0,-0.0223906824148965,-0.022390786831105736,-0.0223906824148965,d1530f19f6149a8d5417d5247034852e1b53919df4c9e07b8a1e05a846323afc,2026-10-07T15:19:17.992775+00:00
WAFD,2024-04-02,27.809999465942383,25.595199584960938,307300,0.0,-0.020084556436922085,-0.020084560729646594,-0.020084556436922085,d1530f19f6149a8d5417d5247034852e1b53919df4c9e07b8a1e05a846323afc,2026-10-07T15:19:17.992775+00:00
WAFD,2024-04-03,27.760000228881836,25.54918098449707,249300,0.0,-0.0017978870198029906,-0.0017979387232794908,-0.0017978870198029906,d1530f19f6149a8d5417d5247034852e1b53919df4c9e07b8a1e05a846323afc,2026-10-07T15:19:17.992775+00:00
WAFD,2024-04-04,27.850000381469727,25.63201904296875,297500,0.0,0.0032420803979047452,0.003242298002505306,0.0032420803979047452,d1530f19f6149a8d5417d5247034852e1b53919df4c9e07b8a1e05a846323afc,2026-10-07T15:19:17.992775+00:00
WAFD,2024-04-05,27.68000030517578,25.47555160522461,228900,0.0,-0.006104131919763112,-0.006104374278196434,-0.006104131919763112,d1530f19f6149a8d5417d5247034852e1b53919df4c9e07b8a1e05a846323afc,2026-10-07T15:19:17.992775+00:00
WAFD,2024-04-08,28.049999237060547,25.816089630126953,267100,0.0,0.013367013287770124,0.013367248339875237,0.013367013287770124,d1530f19f6149a8d5417d5247034852e1b53919df4c9e07b8a1e05a846323afc,2026-10-07T15:19:17.992775+00:00
WAFD,2024-04-09,28.479999542236328,26.211841583251953,205000,0.0,0.015329779567610613,0.015329662965810398,0.015329779567610613,d1530f19f6149a8d5417d5247034852e1b53919df4c9e07b8a1e05a846323afc,2026-10-07T15:19:17.992775+00:00
WAFD,2024-04-10,26.719999313354492,24.592010498046875,430100,0.0,-0.06179776183885555,-0.061797683312723395,-0.06179776183885555,d1530f19f6149a8d5417d5247034852e1b53919df4c9e07b8a1e05a846323afc,2026-10-07T15:19:17.992775+00:00
WAFD,2024-04-11,27.149999618530273,24.987762451171875,327500,0.0,0.01609282620605712,0.01609270430152221,0.01609282620605712,d1530f19f6149a8d5417d5247034852e1b53919df4c9e07b8a1e05a846323afc,2026-10-07T15:19:17.992775+00:00
WAFD,2024-04-12,26.850000381469727,24.71165657043457,260800,0.0,-0.011049695811258586,-0.011049644051836949,-0.011049695811258586,d1530f19f6149a8d5417d5247034852e1b53919df4c9e07b8a1e05a846323afc,2026-10-07T15:19:17.992775+00:00
WAFD,2024-04-15,26.989999771118164,24.84050750732422,419000,0.0,0.005214129894205,0.005214176415991867,0.005214129894205,d1530f19f6149a8d5417d5247034852e1b53919df4c9e07b8a1e05a846323afc,2026-10-07T15:19:17.992775+00:00
WAFD,2024-04-16,26.739999771118164,24.61041831970215,479300,0.0,-0.009262689963692505,-0.009262660497344033,-0.009262689963692505,d1530f19f6149a8d5417d5247034852e1b53919df4c9e07b8a1e05a846323afc,2026-10-07T15:19:17.992775+00:00
WAFD,2024-04-17,26.700000762939453,24.5736026763916,513500,0.0,-0.0014958492341466956,-0.001495937323465757,-0.0014958492341466956,d1530f19f6149a8d5417d5247034852e1b53919df4c9e07b8a1e05a846323afc,2026-10-07T15:19:17.992775+00:00
WAFD,2024-04-18,27.030000686645508,24.877317428588867,376800,0.0,0.012359547351178612,0.012359390529621095,0.012359547351178612,d1530f19f6149a8d5417d5247034852e1b53919df4c9e07b8a1e05a846323afc,2026-10-07T15:19:17.992775+00:00
WAFD,2024-04-19,27.899999618530273,25.67803382873535,336200,0.0,0.0321864191559047,0.03218660542660867,0.0321864191559047,d1530f19f6149a8d5417d5247034852e1b53919df4c9e07b8a1e05a846323afc,2026-10-07T15:19:17.992775+00:00
WAFD,2024-04-22,28.110000610351562,25.871307373046875,371400,0.0,0.007526917372493891,0.00752680464558142,0.007526917372493891,d1530f19f6149a8d5417d5247034852e1b53919df4c9e07b8a1e05a846323afc,2026-10-07T15:19:17.992775+00:00
WAFD,2024-04-23,28.59000015258789,26.313077926635742,733800,0.0,0.017075757090505572,0.017075694985909884,0.017075757090505572,d1530f19f6149a8d5417d5247034852e1b53919df4c9e07b8a1e05a846323afc,2026-10-07T15:19:17.992775+00:00
WAFD,2024-04-24,28.389999389648438,26.129011154174805,495800,0.0,-0.006995479603778554,-0.0069952581364346456,-0.006995479603778554,d1530f19f6149a8d5417d5247034852e1b53919df4c9e07b8a1e05a846323afc,2026-10-07T15:19:17.992775+00:00
WAFD,2024-04-25,27.920000076293945,25.696441650390625,368200,0.0,-0.016555101213769796,-0.01655514252842538,-0.016555101213769796,d1530f19f6149a8d5417d5247034852e1b53919df4c9e07b8a1e05a846323afc,2026-10-07T15:19:17.992775+00:00
WAFD,2024-04-26,27.90999984741211,25.687236785888672,259200,0.0,-0.00035817438590646233,-0.0003582155314416635,-0.00035817438590646233,d1530f19f6149a8d5417d5247034852e1b53919df4c9e07b8a1e05a846323afc,2026-10-07T15:19:17.992775+00:00
WAFD,2024-04-29,27.579999923706055,25.38351821899414,394700,0.0,-0.011823716428169484,-0.011823715000025992,-0.011823716428169484,d1530f19f6149a8d5417d5247034852e1b53919df4c9e07b8a1e05a846323afc,2026-10-07T15:19:17.992775+00:00
WAFD,2024-04-30,27.09000015258789,24.932540893554688,280100,0.0,-0.01776648921224222,-0.017766541326095342,-0.01776648921224222,d1530f19f6149a8d5417d5247034852e1b53919df4c9e07b8a1e05a846323afc,2026-10-07T15:19:17.992775+00:00
WAFD,2024-05-01,27.6200008392334,25.420330047607422,276800,0.0,0.01956444014987868,0.019564357926264764,0.01956444014987868,d1530f19f6149a8d5417d5247034852e1b53919df4c9e07b8a1e05a846323afc,2026-10-07T15:19:17.992775+00:00
WAFD,2024-05-02,28.040000915527344,25.806886672973633,366000,0.0,0.015206374494288522,0.015206593488057196,0.015206374494288522,d1530f19f6149a8d5417d5247034852e1b53919df4c9e07b8a1e05a846323afc,2026-10-07T15:19:17.992775+00:00
WAFD,2024-05-03,28.450000762939453,26.184232711791992,220100,0.0,0.014621962697050739,0.014621912499563017,0.014621962697050739,d1530f19f6149a8d5417d5247034852e1b53919df4c9e07b8a1e05a846323afc,2026-10-07T15:19:17.992775+00:00
WAFD,2024-05-06,28.799999237060547,26.50635528564453,240000,0.0,0.012302230746405574,0.012302158226216608,0.012302230746405574,d1530f19f6149a8d5417d5247034852e1b53919df4c9e07b8a1e05a846323afc,2026-10-07T15:19:17.992775+00:00
WAFD,2024-05-07,28.760000228881836,26.469541549682617,218000,0.0,-0.0013888544874417486,-0.0013888645030669666,-0.0013888544874417486,d1530f19f6149a8d5417d5247034852e1b53919df4c9e07b8a1e05a846323afc,2026-10-07T15:19:17.992775+00:00
WAFD,2024-05-08,28.90999984741211,26.60759735107422,177900,0.0,0.005215563885136554,0.005215647620208097,0.005215563885136554,d1530f19f6149a8d5417d5247034852e1b53919df4c9e07b8a1e05a846323afc,2026-10-07T15:19:17.992775+00:00
WAFD,2024-05-09,28.790000915527344,26.497156143188477,342500,0.0,-0.004150775943207341,-0.004150739596233577,-0.004150775943207341,d1530f19f6149a8d5417d5247034852e1b53919df4c9e07b8a1e05a846323afc,2026-10-07T15:19:17.992775+00:00
WAFD,2024-05-10,28.600000381469727,26.32228660583496,310900,0.0,-0.0065995320602836305,-0.006599558700131292,-0.0065995320602836305,d1530f19f6149a8d5417d5247034852e1b53919df4c9e07b8a1e05a846323afc,2026-10-07T15:19:17.992775+00:00
WAFD,2024-05-13,28.5,26.230249404907227,293200,0.0,-0.0034965167879689174,-0.00349655036836094,-0.0034965167879689174,d1530f19f6149a8d5417d5247034852e1b53919df4c9e07b8a1e05a846323afc,2026-10-07T15:19:17.992775+00:00
WAFD,2024-05-14,28.729999542236328,26.441930770874023,374800,0.0,0.008070159376713182,0.008070124027383274,0.008070159376713182,d1530f19f6149a8d5417d5247034852e1b53919df4c9e07b8a1e05a846323afc,2026-10-07T15:19:17.992775+00:00
WAFD,2024-05-15,29.700000762939453,27.33468246459961,605900,0.0,0.033762660499771835,0.03376272714203443,0.033762660499771835,d1530f19f6149a8d5417d5247034852e1b53919df4c9e07b8a1e05a846323afc,2026-10-07T15:19:17.992775+00:00
WAFD,2024-05-16,29.790000915527344,27.417510986328125,353400,0.0,0.0030303080900992985,0.00303016220641239,0.0030303080900992985,d1530f19f6149a8d5417d5247034852e1b53919df4c9e07b8a1e05a846323afc,2026-10-07T15:19:17.992775+00:00
WAFD,2024-05-17,30.040000915527344,27.647602081298828,313400,0.0,0.008392077620571481,0.008392121921112272,0.008392077620571481,d1530f19f6149a8d5417d5247034852e1b53919df4c9e07b8a1e05a846323afc,2026-10-07T15:19:17.992775+00:00
WAFD,2024-05-20,28.700000762939453,26.414321899414062,685300,0.0,-0.04460719413278247,-0.04460713005989658,-0.04460719413278247,d1530f19f6149a8d5417d5247034852e1b53919df4c9e07b8a1e05a846323afc,2026-10-07T15:19:17.992775+00:00
WAFD,2024-05-21,28.940000534057617,26.635208129882812,377100,0.0,0.008362361140703545,0.008362366117513398,0.008362361140703545,d1530f19f6149a8d5417d5247034852e1b53919df4c9e07b8a1e05a846323afc,2026-10-07T15:19:17.992775+00:00
WAFD,2024-05-22,28.719999313354492,26.432727813720703,367800,0.0,-0.007601977078204203,-0.007601979874711007,-0.007601977078204203,d1530f19f6149a8d5417d5247034852e1b53919df4c9e07b8a1e05a846323afc,2026-10-07T15:19:17.992775+00:00
WAFD,2024-05-23,27.59000015258789,25.62470054626465,381400,0.26,-0.03934537561918272,-0.03056919713888262,-0.03029245061165653,d1530f19f6149a8d5417d5247034852e1b53919df4c9e07b8a1e05a846323afc,2026-10-07T15:19:17.992775+00:00
WAFD,2024-05-24,27.489999771118164,25.531822204589844,350900,0.0,-0.0036245154373566457,-0.0036245630073653556,-0.0036245154373566457,d1530f19f6149a8d5417d5247034852e1b53919df4c9e07b8a1e05a846323afc,2026-10-07T15:19:17.992775+00:00
WAFD,2024-05-28,27.239999771118164,25.299631118774414,567400,0.0,-0.009094216154292512,-0.009094183875903994,-0.009094216154292512,d1530f19f6149a8d5417d5247034852e1b53919df4c9e07b8a1e05a846323afc,2026-10-07T15:19:17.992775+00:00
WAFD,2024-05-29,26.84000015258789,24.928125381469727,478100,0.0,-0.014684273931396374,-0.01468423533768437,-0.014684273931396374,d1530f19f6149a8d5417d5247034852e1b53919df4c9e07b8a1e05a846323afc,2026-10-07T15:19:17.992775+00:00
WAFD,2024-05-30,27.530000686645508,25.56897735595703,443100,0.0,0.025707918410391217,0.025707989055754776,0.025707918410391217,d1530f19f6149a8d5417d5247034852e1b53919df4c9e07b8a1e05a846323afc,2026-10-07T15:19:17.992775+00:00
WAFD,2024-05-31,28.010000228881836,26.014785766601562,362200,0.0,0.017435507819263174,0.017435519787836418,0.017435507819263174,d1530f19f6149a8d5417d5247034852e1b53919df4c9e07b8a1e05a846323afc,2026-10-07T15:19:17.992775+00:00
WAFD,2024-06-03,27.579999923706055,25.61541175842285,266900,0.0,-0.015351670891183944,-0.015351808458535787,-0.015351670891183944,d1530f19f6149a8d5417d5247034852e1b53919df4c9e07b8a1e05a846323afc,2026-10-07T15:19:17.992775+00:00
WAFD,2024-06-04,27.170000076293945,25.234619140625,270000,0.0,-0.014865839323650598,-0.014865762119659842,-0.014865839323650598,d1530f19f6149a8d5417d5247034852e1b53919df4c9e07b8a1e05a846323afc,2026-10-07T15:19:17.992775+00:00
WAFD,2024-06-05,27.3799991607666,25.429655075073242,229600,0.0,0.007729079274308992,0.007728903430694434,0.007729079274308992,d1530f19f6149a8d5417d5247034852e1b53919df4c9e07b8a1e05a846323afc,2026-10-07T15:19:17.992775+00:00
WAFD,2024-06-06,27.25,25.308917999267578,312800,0.0,-0.004747960728679668,-0.004747884918188006,-0.004747960728679668,d1530f19f6149a8d5417d5247034852e1b53919df4c9e07b8a1e05a846323afc,2026-10-07T15:19:17.992775+00:00
WAFD,2024-06-07,26.979999542236328,25.058155059814453,335800,0.0,-0.009908273679400836,-0.009908086132342064,-0.009908273679400836,d1530f19f6149a8d5417d5247034852e1b53919df4c9e07b8a1e05a846323afc,2026-10-07T15:19:17.992775+00:00
WAFD,2024-06-10,26.309999465942383,24.435876846313477,484900,0.0,-0.02483321303416186,-0.024833361115995323,-0.02483321303416186,d1530f19f6149a8d5417d5247034852e1b53919df4c9e07b8a1e05a846323afc,2026-10-07T15:19:17.992775+00:00
WAFD,2024-06-11,26.420000076293945,24.538042068481445,420100,0.0,0.004180943085687172,0.004180951754280127,0.004180943085687172,d1530f19f6149a8d5417d5247034852e1b53919df4c9e07b8a1e05a846323afc,2026-10-07T15:19:17.992775+00:00
WAFD,2024-06-12,27.049999237060547,25.123167037963867,359900,0.0,0.023845539702775698,0.023845625818451177,0.023845539702775698,d1530f19f6149a8d5417d5247034852e1b53919df4c9e07b8a1e05a846323afc,2026-10-07T15:19:17.992775+00:00
WAFD,2024-06-13,26.540000915527344,24.649494171142578,234800,0.0,-0.01885391260323832,-0.018854026887036857,-0.01885391260323832,d1530f19f6149a8d5417d5247034852e1b53919df4c9e07b8a1e05a846323afc,2026-10-07T15:19:17.992775+00:00
WAFD,2024-06-14,26.34000015258789,24.463741302490234,298600,0.0,-0.00753582351319515,-0.007535767970030305,-0.00753582351319515,d1530f19f6149a8d5417d5247034852e1b53919df4c9e07b8a1e05a846323afc,2026-10-07T15:19:17.992775+00:00
WAFD,2024-06-17,26.559999465942383,24.668067932128906,378100,0.0,0.008352289752469044,0.008352223280658766,0.008352289752469044,d1530f19f6149a8d5417d5247034852e1b53919df4c9e07b8a1e05a846323afc,2026-10-07T15:19:17.992775+00:00
WAFD,2024-06-18,26.510000228881836,24.621631622314453,544000,0.0,-0.0018825014332044532,-0.001882446162472795,-0.0018825014332044532,d1530f19f6149a8d5417d5247034852e1b53919df4c9e07b8a1e05a846323afc,2026-10-07T15:19:17.992775+00:00
WAFD,2024-06-20,26.399999618530273,24.519466400146484,589900,0.0,-0.004149400580982232,-0.00414940909421202,-0.004149400580982232,d1530f19f6149a8d5417d5247034852e1b53919df4c9e07b8a1e05a846323afc,2026-10-07T15:19:17.992775+00:00
WAFD,2024-06-21,26.34000015258789,24.463741302490234,1458700,0.0,-0.002272707076111824,-0.0022726880245614867,-0.002272707076111824,d1530f19f6149a8d5417d5247034852e1b53919df4c9e07b8a1e05a846323afc,2026-10-07T15:19:17.992775+00:00
WAFD,2024-06-24,26.719999313354492,24.81667137145996,602100,0.0,0.014426695465651562,0.01442665962682499,0.014426695465651562,d1530f19f6149a8d5417d5247034852e1b53919df4c9e07b8a1e05a846323afc,2026-10-07T15:19:17.992775+00:00
WAFD,2024-06-25,26.540000915527344,24.649494171142578,478800,0.0,-0.006736467157661408,-0.006736487654409706,-0.006736467157661408,d1530f19f6149a8d5417d5247034852e1b53919df4c9e07b8a1e05a846323afc,2026-10-07T15:19:17.992775+00:00
WAFD,2024-06-26,26.93000030517578,25.0117130279541,446500,0.0,0.01469477679709752,0.014694778493084648,0.01469477679709752,d1530f19f6149a8d5417d5247034852e1b53919df4c9e07b8a1e05a846323afc,2026-10-07T15:19:17.992775+00:00
WAFD,2024-06-27,27.540000915527344,25.578264236450195,422100,0.0,0.022651340640138296,0.022651435663878505,0.022651340640138296,d1530f19f6149a8d5417d5247034852e1b53919df4c9e07b8a1e05a846323afc,2026-10-07T15:19:17.992775+00:00
WAFD,2024-06-28,28.579999923706055,26.54418182373047,1029200,0.0,0.03776321618029965,0.03776321873725097,0.03776321618029965,d1530f19f6149a8d5417d5247034852e1b53919df4c9e07b8a1e05a846323afc,2026-10-07T15:19:17.992775+00:00
WAFD,2024-07-01,28.200000762939453,26.191247940063477,530000,0.0,-0.013295981867774809,-0.013296092002785698,-0.013295981867774809,d1530f19f6149a8d5417d5247034852e1b53919df4c9e07b8a1e05a846323afc,2026-10-07T15:19:17.992775+00:00
WAFD,2024-07-02,28.610000610351562,26.57204246520996,361300,0.0,0.01453900128793384,0.01453899890596655,0.01453900128793384,d1530f19f6149a8d5417d5247034852e1b53919df4c9e07b8a1e05a846323afc,2026-10-07T15:19:17.992775+00:00
WAFD,2024-07-03,28.200000762939453,26.191247940063477,311200,0.0,-0.01433064797851713,-0.014330645664331176,-0.01433064797851713,d1530f19f6149a8d5417d5247034852e1b53919df4c9e07b8a1e05a846323afc,2026-10-07T15:19:17.992775+00:00
WAFD,2024-07-05,27.899999618530273,25.912616729736328,252700,0.0,-0.010638338166410355,-0.01063833273484227,-0.010638338166410355,d1530f19f6149a8d5417d5247034852e1b53919df4c9e07b8a1e05a846323afc,2026-10-07T15:19:17.992775+00:00
WAFD,2024-07-08,27.989999771118164,25.99620819091797,382400,0.0,0.0032258119648187478,0.0032258981041353163,0.0032258119648187478,d1530f19f6149a8d5417d5247034852e1b53919df4c9e07b8a1e05a846323afc,2026-10-07T15:19:17.992775+00:00
WAFD,2024-07-09,28.709999084472656,26.6649169921875,323400,0.0,0.025723448347342748,0.025723320738104904,0.025723448347342748,d1530f19f6149a8d5417d5247034852e1b53919df4c9e07b8a1e05a846323afc,2026-10-07T15:19:17.992775+00:00
WAFD,2024-07-10,29.360000610351562,27.268619537353516,358200,0.0,0.022640248923952333,0.02264033093907214,0.022640248923952333,d1530f19f6149a8d5417d5247034852e1b53919df4c9e07b8a1e05a846323afc,2026-10-07T15:19:17.992775+00:00
WAFD,2024-07-11,30.31999969482422,28.160236358642578,464600,0.0,0.0326975158213787,0.03269754158503302,0.0326975158213787,d1530f19f6149a8d5417d5247034852e1b53919df4c9e07b8a1e05a846323afc,2026-10-07T15:19:17.992775+00:00
WAFD,2024-07-12,30.3799991607666,28.215961456298828,436400,0.0,0.001978874226460592,0.0019788575971646516,0.001978874226460592,d1530f19f6149a8d5417d5247034852e1b53919df4c9e07b8a1e05a846323afc,2026-10-07T15:19:17.992775+00:00
WAFD,2024-07-15,31.540000915527344,29.293333053588867,397300,0.0,0.03818307395672327,0.03818305461462601,0.03818307395672327,d1530f19f6149a8d5417d5247034852e1b53919df4c9e07b8a1e05a846323afc,2026-10-07T15:19:17.992775+00:00
WAFD,2024-07-16,32.91999816894531,30.575029373168945,595500,0.0,0.04375387486874138,0.04375385748133742,0.04375387486874138,d1530f19f6149a8d5417d5247034852e1b53919df4c9e07b8a1e05a846323afc,2026-10-07T15:19:17.992775+00:00
WAFD,2024-07-17,33.9900016784668,31.568815231323242,1821600,0.0,0.03250314608251892,0.032503185721430405,0.03250314608251892,d1530f19f6149a8d5417d5247034852e1b53919df4c9e07b8a1e05a846323afc,2026-10-07T15:19:17.992775+00:00
WAFD,2024-07-18,33.61000061035156,31.215883255004883,953000,0.0,-0.011179789624899295,-0.011179766289365567,-0.011179789624899295,d1530f19f6149a8d5417d5247034852e1b53919df4c9e07b8a1e05a846323afc,2026-10-07T15:19:17.992775+00:00
WAFD,2024-07-19,34.40999984741211,31.958898544311523,652400,0.0,0.02380241661805127,0.023802475273145163,0.02380241661805127,d1530f19f6149a8d5417d5247034852e1b53919df4c9e07b8a1e05a846323afc,2026-10-07T15:19:17.992775+00:00
WAFD,2024-07-22,34.97999954223633,32.4882926940918,647600,0.0,0.0165649432534678,0.016564843404920815,0.0165649432534678,d1530f19f6149a8d5417d5247034852e1b53919df4c9e07b8a1e05a846323afc,2026-10-07T15:19:17.992775+00:00
WAFD,2024-07-23,35.630001068115234,33.09199142456055,474500,0.0,0.018582090748573865,0.01858203926420976,0.018582090748573865,d1530f19f6149a8d5417d5247034852e1b53919df4c9e07b8a1e05a846323afc,2026-10-07T15:19:17.992775+00:00
WAFD,2024-07-24,34.540000915527344,32.07963180541992,378800,0.0,-0.03059220095177928,-0.030592284584881835,-0.03059220095177928,d1530f19f6149a8d5417d5247034852e1b53919df4c9e07b8a1e05a846323afc,2026-10-07T15:19:17.992775+00:00
WAFD,2024-07-25,34.869998931884766,32.38612365722656,947600,0.0,0.009554082443844703,0.009554095061491852,0.009554082443844703,d1530f19f6149a8d5417d5247034852e1b53919df4c9e07b8a1e05a846323afc,2026-10-07T15:19:17.992775+00:00
WAFD,2024-07-26,35.81999969482422,33.26845932006836,668600,0.0,0.02724407204012791,0.027244250413553717,0.02724407204012791,d1530f19f6149a8d5417d5247034852e1b53919df4c9e07b8a1e05a846323afc,2026-10-07T15:19:17.992775+00:00
WAFD,2024-07-29,35.349998474121094,32.831932067871094,524000,0.0,-0.01312119555297031,-0.01312135461391628,-0.01312119555297031,d1530f19f6149a8d5417d5247034852e1b53919df4c9e07b8a1e05a846323afc,2026-10-07T15:19:17.992775+00:00
WAFD,2024-07-30,35.84000015258789,33.28704071044922,577200,0.0,0.013861434218321644,0.013861768525754492,0.013861434218321644,d1530f19f6149a8d5417d5247034852e1b53919df4c9e07b8a1e05a846323afc,2026-10-07T15:19:17.992775+00:00
WAFD,2024-07-31,35.59000015258789,33.054840087890625,507100,0.0,-0.006975446398873597,-0.006975706389114489,-0.006975446398873597,d1530f19f6149a8d5417d5247034852e1b53919df4c9e07b8a1e05a846323afc,2026-10-07T15:19:17.992775+00:00
WAFD,2024-08-01,34.11000061035156,31.680267333984375,499600,0.0,-0.04158470176709772,-0.04158461363755961,-0.04158470176709772,d1530f19f6149a8d5417d5247034852e1b53919df4c9e07b8a1e05a846323afc,2026-10-07T15:19:17.992775+00:00
WAFD,2024-08-02,33.04999923706055,30.69577407836914,538500,0.0,-0.03107597051667399,-0.031075913761596907,-0.03107597051667399,d1530f19f6149a8d5417d5247034852e1b53919df4c9e07b8a1e05a846323afc,2026-10-07T15:19:17.992775+00:00
WAFD,2024-08-05,32.189998626708984,29.897029876708984,510000,0.0,-0.02602119909846179,-0.026021308328009196,-0.02602119909846179,d1530f19f6149a8d5417d5247034852e1b53919df4c9e07b8a1e05a846323afc,2026-10-07T15:19:17.992775+00:00
WAFD,2024-08-06,32.77000045776367,30.435718536376953,441900,0.0,0.018018075669423705,0.01801813296803867,0.018018075669423705,d1530f19f6149a8d5417d5247034852e1b53919df4c9e07b8a1e05a846323afc,2026-10-07T15:19:17.992775+00:00
WAFD,2024-08-07,32.93000030517578,30.584320068359375,456700,0.0,0.004882509770432586,0.004882471619811257,0.004882509770432586,d1530f19f6149a8d5417d5247034852e1b53919df4c9e07b8a1e05a846323afc,2026-10-07T15:19:17.992775+00:00
WAFD,2024-08-08,33.65999984741211,31.262317657470703,304900,0.0,0.022168221544826006,0.022168143270667073,0.022168221544826006,d1530f19f6149a8d5417d5247034852e1b53919df4c9e07b8a1e05a846323afc,2026-10-07T15:19:17.992775+00:00
WAFD,2024-08-09,33.599998474121094,31.20659065246582,374000,0.0,-0.00178257200127796,-0.0017825615367185188,-0.00178257200127796,d1530f19f6149a8d5417d5247034852e1b53919df4c9e07b8a1e05a846323afc,2026-10-07T15:19:17.992775+00:00
WAFD,2024-08-12,33.16999816894531,30.807228088378906,289700,0.0,-0.012797628711411102,-0.012797378878533716,-0.012797628711411102,d1530f19f6149a8d5417d5247034852e1b53919df4c9e07b8a1e05a846323afc,2026-10-07T15:19:17.992775+00:00
WAFD,2024-08-13,33.380001068115234,31.002267837524414,364600,0.0,0.00633110976070328,0.006330973646378801,0.00633110976070328,d1530f19f6149a8d5417d5247034852e1b53919df4c9e07b8a1e05a846323afc,2026-10-07T15:19:17.992775+00:00
WAFD,2024-08-14,33.25,30.881526947021484,320700,0.0,-0.003894579507350948,-0.0038945825233077658,-0.003894579507350948,d1530f19f6149a8d5417d5247034852e1b53919df4c9e07b8a1e05a846323afc,2026-10-07T15:19:17.992775+00:00
WAFD,2024-08-15,34.25,31.810291290283203,410200,0.0,0.03007518796992481,0.03007507837468837,0.03007518796992481,d1530f19f6149a8d5417d5247034852e1b53919df4c9e07b8a1e05a846323afc,2026-10-07T15:19:17.992775+00:00
WAFD,2024-08-16,34.66999816894531,32.200374603271484,304500,0.0,0.012262720261176918,0.012262802293402375,0.012262720261176918,d1530f19f6149a8d5417d5247034852e1b53919df4c9e07b8a1e05a846323afc,2026-10-07T15:19:17.992775+00:00
WAFD,2024-08-19,35.09000015258789,32.590457916259766,193400,0.0,0.012114277641317672,0.01211424766930036,0.012114277641317672,d1530f19f6149a8d5417d5247034852e1b53919df4c9e07b8a1e05a846323afc,2026-10-07T15:19:17.992775+00:00
WAFD,2024-08-20,34.349998474121094,31.90317726135254,292100,0.0,-0.02108867698059047,-0.021088401294427128,-0.02108867698059047,d1530f19f6149a8d5417d5247034852e1b53919df4c9e07b8a1e05a846323afc,2026-10-07T15:19:17.992775+00:00
WAFD,2024-08-21,34.97999954223633,32.4882926940918,299300,0.0,0.01834064326348872,0.01834034986377575,0.01834064326348872,d1530f19f6149a8d5417d5247034852e1b53919df4c9e07b8a1e05a846323afc,2026-10-07T15:19:17.992775+00:00
WAFD,2024-08-22,35.22999954223633,32.720489501953125,201200,0.0,0.007146941202733181,0.007147091724630794,0.007146941202733181,d1530f19f6149a8d5417d5247034852e1b53919df4c9e07b8a1e05a846323afc,2026-10-07T15:19:17.992775+00:00
WAFD,2024-08-23,36.88999938964844,34.5169792175293,485100,0.26,0.04711892900884029,0.05490412102389053,0.054499002905471716,d1530f19f6149a8d5417d5247034852e1b53919df4c9e07b8a1e05a846323afc,2026-10-07T15:19:17.992775+00:00
WAFD,2024-08-26,36.470001220703125,34.123992919921875,380800,0.0,-0.011385149793826432,-0.011385303885684372,-0.011385149793826432,d1530f19f6149a8d5417d5247034852e1b53919df4c9e07b8a1e05a846323afc,2026-10-07T15:19:17.992775+00:00
WAFD,2024-08-27,36.400001525878906,34.058502197265625,383700,0.0,-0.0019193773644428092,-0.0019191986943010164,-0.0019193773644428092,d1530f19f6149a8d5417d5247034852e1b53919df4c9e07b8a1e05a846323afc,2026-10-07T15:19:17.992775+00:00
WAFD,2024-08-28,36.38999938964844,34.049137115478516,325600,0.0,-0.00027478395085667184,-0.00027497045327673497,-0.00027478395085667184,d1530f19f6149a8d5417d5247034852e1b53919df4c9e07b8a1e05a846323afc,2026-10-07T15:19:17.992775+00:00
WAFD,2024-08-29,36.65999984741211,34.3017692565918,302200,0.0,0.007419633478765064,0.007419634167423084,0.007419633478765064,d1530f19f6149a8d5417d5247034852e1b53919df4c9e07b8a1e05a846323afc,2026-10-07T15:19:17.992775+00:00
WAFD,2024-08-30,36.66999816894531,34.311126708984375,513100,0.0,0.00027273108496506104,0.0002727979516909951,0.00027273108496506104,d1530f19f6149a8d5417d5247034852e1b53919df4c9e07b8a1e05a846323afc,2026-10-07T15:19:17.992775+00:00
WAFD,2024-09-03,36.43000030517578,34.086570739746094,297500,0.0,-0.006544801629490671,-0.006544698200758314,-0.006544801629490671,d1530f19f6149a8d5417d5247034852e1b53919df4c9e07b8a1e05a846323afc,2026-10-07T15:19:17.992775+00:00
WAFD,2024-09-04,35.95000076293945,33.637447357177734,354700,0.0,-0.013175941208217079,-0.013175962639288552,-0.013175941208217079,d1530f19f6149a8d5417d5247034852e1b53919df4c9e07b8a1e05a846323afc,2026-10-07T15:19:17.992775+00:00
WAFD,2024-09-05,35.779998779296875,33.47837829589844,225400,0.0,-0.004728845063553755,-0.004728927840160657,-0.004728845063553755,d1530f19f6149a8d5417d5247034852e1b53919df4c9e07b8a1e05a846323afc,2026-10-07T15:19:17.992775+00:00
WAFD,2024-09-06,35.25,32.98247528076172,334500,0.0,-0.014812710938479579,-0.014812635509213856,-0.014812710938479579,d1530f19f6149a8d5417d5247034852e1b53919df4c9e07b8a1e05a846323afc,2026-10-07T15:19:17.992775+00:00
WAFD,2024-09-09,36.04999923706055,33.73100662231445,878200,0.0,0.02269501381732053,0.022694820057648668,0.02269501381732053,d1530f19f6149a8d5417d5247034852e1b53919df4c9e07b8a1e05a846323afc,2026-10-07T15:19:17.992775+00:00
WAFD,2024-09-10,35.7400016784668,33.440956115722656,431900,0.0,-0.008599100281673877,-0.008598928275087903,-0.008599100281673877,d1530f19f6149a8d5417d5247034852e1b53919df4c9e07b8a1e05a846323afc,2026-10-07T15:19:17.992775+00:00
WAFD,2024-09-11,35.099998474121094,32.842124938964844,470300,0.0,-0.017907195699190526,-0.017907118883968343,-0.017907195699190526,d1530f19f6149a8d5417d5247034852e1b53919df4c9e07b8a1e05a846323afc,2026-10-07T15:19:17.992775+00:00
WAFD,2024-09-12,34.810001373291016,32.57078170776367,582700,0.0,-0.008262026023844182,-0.008262048564319335,-0.008262026023844182,d1530f19f6149a8d5417d5247034852e1b53919df4c9e07b8a1e05a846323afc,2026-10-07T15:19:17.992775+00:00
WAFD,2024-09-13,35.72999954223633,33.43159866333008,348300,0.0,0.0264291333711697,0.026429115619328813,0.0264291333711697,d1530f19f6149a8d5417d5247034852e1b53919df4c9e07b8a1e05a846323afc,2026-10-07T15:19:17.992775+00:00
WAFD,2024-09-16,35.959999084472656,33.64680480957031,596600,0.0,0.006437154916961285,0.0064372077568723984,0.006437154916961285,d1530f19f6149a8d5417d5247034852e1b53919df4c9e07b8a1e05a846323afc,2026-10-07T15:19:17.992775+00:00
WAFD,2024-09-17,36.33000183105469,33.99300003051758,465700,0.0,0.0102892868743647,0.010289096480531112,0.0102892868743647,d1530f19f6149a8d5417d5247034852e1b53919df4c9e07b8a1e05a846323afc,2026-10-07T15:19:17.992775+00:00
WAFD,2024-09-18,36.06999969482422,33.749725341796875,703700,0.0,-0.007156678313410381,-0.007156611317103545,-0.007156678313410381,d1530f19f6149a8d5417d5247034852e1b53919df4c9e07b8a1e05a846323afc,2026-10-07T15:19:17.992775+00:00
WAFD,2024-09-19,36.40999984741211,34.0678596496582,1411300,0.0,0.009426120195855647,0.009426278425660017,0.009426120195855647,d1530f19f6149a8d5417d5247034852e1b53919df4c9e07b8a1e05a846323afc,2026-10-07T15:19:17.992775+00:00
WAFD,2024-09-20,35.20000076293945,32.935691833496094,3839700,0.0,-0.033232603393121396,-0.033232725149302644,-0.033232603393121396,d1530f19f6149a8d5417d5247034852e1b53919df4c9e07b8a1e05a846323afc,2026-10-07T15:19:17.992775+00:00
WAFD,2024-09-23,35.400001525878906,33.122825622558594,564500,0.0,0.005681839733084004,0.005681793174667105,0.005681839733084004,d1530f19f6149a8d5417d5247034852e1b53919df4c9e07b8a1e05a846323afc,2026-10-07T15:19:17.992775+00:00
WAFD,2024-09-24,34.619998931884766,32.39299774169922,518300,0.0,-0.02203397063200474,-0.02203398614526164,-0.02203397063200474,d1530f19f6149a8d5417d5247034852e1b53919df4c9e07b8a1e05a846323afc,2026-10-07T15:19:17.992775+00:00
WAFD,2024-09-25,33.90999984741211,31.728670120239258,591500,0.0,-0.020508350848582824,-0.02050837118433091,-0.020508350848582824,d1530f19f6149a8d5417d5247034852e1b53919df4c9e07b8a1e05a846323afc,2026-10-07T15:19:17.992775+00:00
WAFD,2024-09-26,34.279998779296875,32.074867248535156,559700,0.0,0.010911204174275602,0.010911176768012787,0.010911204174275602,d1530f19f6149a8d5417d5247034852e1b53919df4c9e07b8a1e05a846323afc,2026-10-07T15:19:17.992775+00:00
WAFD,2024-09-27,34.45000076293945,32.23393249511719,525700,0.0,0.004959217902459567,0.004959186435582019,0.004959217902459567,d1530f19f6149a8d5417d5247034852e1b53919df4c9e07b8a1e05a846323afc,2026-10-07T15:19:17.992775+00:00
WAFD,2024-09-30,34.849998474121094,32.60820007324219,456300,0.0,0.011610963782966,0.011610981011444865,0.011610963782966,d1530f19f6149a8d5417d5247034852e1b53919df4c9e07b8a1e05a846323afc,2026-10-07T15:19:17.992775+00:00
WAFD,2024-10-01,33.56999969482422,31.410539627075195,518800,0.0,-0.03672880445740556,-0.03672881187789867,-0.03672880445740556,d1530f19f6149a8d5417d5247034852e1b53919df4c9e07b8a1e05a846323afc,2026-10-07T15:19:17.992775+00:00
WAFD,2024-10-02,33.939998626708984,31.756736755371094,434600,0.0,0.011021713888839102,0.011021686746109927,0.011021713888839102,d1530f19f6149a8d5417d5247034852e1b53919df4c9e07b8a1e05a846323afc,2026-10-07T15:19:17.992775+00:00
WAFD,2024-10-03,34.099998474121094,31.906450271606445,368100,0.0,0.00471419722704991,0.004714386033698226,0.00471419722704991,d1530f19f6149a8d5417d5247034852e1b53919df4c9e07b8a1e05a846323afc,2026-10-07T15:19:17.992775+00:00
WAFD,2024-10-04,34.040000915527344,31.850309371948242,483000,0.0,-0.0017594592750285187,-0.0017595470251406953,-0.0017594592750285187,d1530f19f6149a8d5417d5247034852e1b53919df4c9e07b8a1e05a846323afc,2026-10-07T15:19:17.992775+00:00
WAFD,2024-10-07,34.02000045776367,31.83159637451172,882800,0.0,-0.0005875574978186915,-0.0005875295344228704,-0.0005875574978186915,d1530f19f6149a8d5417d5247034852e1b53919df4c9e07b8a1e05a846323afc,2026-10-07T15:19:17.992775+00:00
WAFD,2024-10-08,34.18000030517578,31.981300354003906,765100,0.0,0.004703111265702331,0.004702999426446031,0.004703111265702331,d1530f19f6149a8d5417d5247034852e1b53919df4c9e07b8a1e05a846323afc,2026-10-07T15:19:17.992775+00:00
WAFD,2024-10-09,34.7400016784668,32.505287170410156,375500,0.0,0.016383890236718823,0.01638416232630302,0.016383890236718823,d1530f19f6149a8d5417d5247034852e1b53919df4c9e07b8a1e05a846323afc,2026-10-07T15:19:17.992775+00:00
WAFD,2024-10-10,34.61000061035156,32.38364028930664,387400,0.0,-0.0037421146181410014,-0.0037423721398238685,-0.0037421146181410014,d1530f19f6149a8d5417d5247034852e1b53919df4c9e07b8a1e05a846323afc,2026-10-07T15:19:17.992775+00:00
WAFD,2024-10-11,35.77000045776367,33.46902084350586,439300,0.0,0.03351631976178471,0.03351632319599407,0.03351631976178471,d1530f19f6149a8d5417d5247034852e1b53919df4c9e07b8a1e05a846323afc,2026-10-07T15:19:17.992775+00:00
WAFD,2024-10-14,36.060001373291016,33.74037170410156,343600,0.0,0.008107378021137368,0.008107523129059713,0.008107378021137368,d1530f19f6149a8d5417d5247034852e1b53919df4c9e07b8a1e05a846323afc,2026-10-07T15:19:17.992775+00:00
WAFD,2024-10-15,36.099998474121094,33.77779769897461,592500,0.0,0.0011091818998016922,0.0011092348122678786,0.0011091818998016922,d1530f19f6149a8d5417d5247034852e1b53919df4c9e07b8a1e05a846323afc,2026-10-07T15:19:17.992775+00:00
WAFD,2024-10-16,36.77000045776367,34.404701232910156,582800,0.0,0.018559612519731372,0.0185596331508191,0.018559612519731372,d1530f19f6149a8d5417d5247034852e1b53919df4c9e07b8a1e05a846323afc,2026-10-07T15:19:17.992775+00:00
WAFD,2024-10-17,36.95000076293945,34.573116302490234,796100,0.0,0.0048953033161514,0.004895117921238645,0.0048953033161514,d1530f19f6149a8d5417d5247034852e1b53919df4c9e07b8a1e05a846323afc,2026-10-07T15:19:17.992775+00:00
WAFD,2024-10-18,36.16999816894531,33.84329605102539,434100,0.0,-0.021109677344755995,-0.021109472605229884,-0.021109677344755995,d1530f19f6149a8d5417d5247034852e1b53919df4c9e07b8a1e05a846323afc,2026-10-07T15:19:17.992775+00:00
WAFD,2024-10-21,34.0,31.812881469726562,783600,0.0,-0.059994422969266825,-0.059994587354540774,-0.059994422969266825,d1530f19f6149a8d5417d5247034852e1b53919df4c9e07b8a1e05a846323afc,2026-10-07T15:19:17.992775+00:00
WAFD,2024-10-22,33.95000076293945,31.766101837158203,496200,0.0,-0.0014705657958984375,-0.0014704619766328086,-0.0014705657958984375,d1530f19f6149a8d5417d5247034852e1b53919df4c9e07b8a1e05a846323afc,2026-10-07T15:19:17.992775+00:00
WAFD,2024-10-23,34.38999938964844,32.17779541015625,474800,0.0,0.012960194899002575,0.01296015403805284,0.012960194899002575,d1530f19f6149a8d5417d5247034852e1b53919df4c9e07b8a1e05a846323afc,2026-10-07T15:19:17.992775+00:00
WAFD,2024-10-24,34.15999984741211,31.96259307861328,534300,0.0,-0.006687977502714326,-0.006687914097279757,-0.006687977502714326,d1530f19f6149a8d5417d5247034852e1b53919df4c9e07b8a1e05a846323afc,2026-10-07T15:19:17.992775+00:00
WAFD,2024-10-25,33.75,31.578962326049805,432700,0.0,-0.012002337507128868,-0.012002491525638148,-0.012002337507128868,d1530f19f6149a8d5417d5247034852e1b53919df4c9e07b8a1e05a846323afc,2026-10-07T15:19:17.992775+00:00
WAFD,2024-10-28,34.70000076293945,32.46785354614258,358800,0.0,0.028148170753761637,0.028148208636973315,0.028148170753761637,d1530f19f6149a8d5417d5247034852e1b53919df4c9e07b8a1e05a846323afc,2026-10-07T15:19:17.992775+00:00
WAFD,2024-10-29,34.38999938964844,32.17779541015625,276200,0.0,-0.008933756958936612,-0.008933702241021413,-0.008933756958936612,d1530f19f6149a8d5417d5247034852e1b53919df4c9e07b8a1e05a846323afc,2026-10-07T15:19:17.992775+00:00
WAFD,2024-10-30,34.41999816894531,32.205867767333984,406400,0.0,0.0008723111319945964,0.0008724139369993278,0.0008723111319945964,d1530f19f6149a8d5417d5247034852e1b53919df4c9e07b8a1e05a846323afc,2026-10-07T15:19:17.992775+00:00
WAFD,2024-10-31,33.97999954223633,31.794166564941406,344200,0.0,-0.012783226325269292,-0.012783422119436283,-0.012783226325269292,d1530f19f6149a8d5417d5247034852e1b53919df4c9e07b8a1e05a846323afc,2026-10-07T15:19:17.992775+00:00
WAFD,2024-11-01,33.56999969482422,31.410539627075195,410300,0.0,-0.012065916802102672,-0.012065953579334487,-0.012065916802102672,d1530f19f6149a8d5417d5247034852e1b53919df4c9e07b8a1e05a846323afc,2026-10-07T15:19:17.992775+00:00
WAFD,2024-11-04,33.41999816894531,31.270191192626953,578100,0.0,-0.004468320740021681,-0.00446819558385636,-0.004468320740021681,d1530f19f6149a8d5417d5247034852e1b53919df4c9e07b8a1e05a846323afc,2026-10-07T15:19:17.992775+00:00
WAFD,2024-11-05,34.0099983215332,31.822235107421875,267600,0.0,0.017654104874731402,0.017653998704206364,0.017654104874731402,d1530f19f6149a8d5417d5247034852e1b53919df4c9e07b8a1e05a846323afc,2026-10-07T15:19:17.992775+00:00
WAFD,2024-11-06,38.060001373291016,35.61171340942383,1208000,0.0,0.11908271836619244,0.11908271965215089,0.11908271836619244,d1530f19f6149a8d5417d5247034852e1b53919df4c9e07b8a1e05a846323afc,2026-10-07T15:19:17.992775+00:00
WAFD,2024-11-07,36.68000030517578,34.32048797607422,573900,0.0,-0.03625856590440546,-0.036258447284030826,-0.03625856590440546,d1530f19f6149a8d5417d5247034852e1b53919df4c9e07b8a1e05a846323afc,2026-10-07T15:19:17.992775+00:00
WAFD,2024-11-08,36.619998931884766,34.26434326171875,502100,0.0,-0.0016358062375083637,-0.0016358949906134512,-0.0016358062375083637,d1530f19f6149a8d5417d5247034852e1b53919df4c9e07b8a1e05a846323afc,2026-10-07T15:19:17.992775+00:00
WAFD,2024-11-11,37.650001525878906,35.22809600830078,457800,0.0,0.028126778373478434,0.02812698726546925,0.028126778373478434,d1530f19f6149a8d5417d5247034852e1b53919df4c9e07b8a1e05a846323afc,2026-10-07T15:19:17.992775+00:00
WAFD,2024-11-12,37.43000030517578,35.022239685058594,400200,0.0,-0.005843325678271394,-0.0058435268029722875,-0.005843325678271394,d1530f19f6149a8d5417d5247034852e1b53919df4c9e07b8a1e05a846323afc,2026-10-07T15:19:17.992775+00:00
WAFD,2024-11-13,37.15999984741211,34.76960754394531,341600,0.0,-0.007213477305965665,-0.007213477589814499,-0.007213477305965665,d1530f19f6149a8d5417d5247034852e1b53919df4c9e07b8a1e05a846323afc,2026-10-07T15:19:17.992775+00:00
WAFD,2024-11-14,36.970001220703125,34.591835021972656,334600,0.0,-0.00511298782263625,-0.005112871111586981,-0.00511298782263625,d1530f19f6149a8d5417d5247034852e1b53919df4c9e07b8a1e05a846323afc,2026-10-07T15:19:17.992775+00:00
WAFD,2024-11-15,36.959999084472656,34.58247375488281,307200,0.0,-0.0002705473600272956,-0.00027062071393135767,-0.0002705473600272956,d1530f19f6149a8d5417d5247034852e1b53919df4c9e07b8a1e05a846323afc,2026-10-07T15:19:17.992775+00:00
WAFD,2024-11-18,36.119998931884766,33.796512603759766,359300,0.0,-0.02272727741870495,-0.02272715239210077,-0.02272727741870495,d1530f19f6149a8d5417d5247034852e1b53919df4c9e07b8a1e05a846323afc,2026-10-07T15:19:17.992775+00:00
WAFD,2024-11-19,35.95000076293945,33.637447357177734,329200,0.0,-0.004706483221826652,-0.0047065579945173575,-0.004706483221826652,d1530f19f6149a8d5417d5247034852e1b53919df4c9e07b8a1e05a846323afc,2026-10-07T15:19:17.992775+00:00
WAFD,2024-11-20,35.91999816894531,33.609375,353000,0.0,-0.0008345644883843706,-0.0008345567034159229,-0.0008345644883843706,d1530f19f6149a8d5417d5247034852e1b53919df4c9e07b8a1e05a846323afc,2026-10-07T15:19:17.992775+00:00
WAFD,2024-11-21,36.349998474121094,34.011714935302734,303500,0.0,0.01197105587682179,0.011971062696129797,0.01197105587682179,d1530f19f6149a8d5417d5247034852e1b53919df4c9e07b8a1e05a846323afc,2026-10-07T15:19:17.992775+00:00
WAFD,2024-11-22,37.150001525878906,35.01066970825195,353600,0.26,0.022008337973586478,0.029370902785979425,0.0291610205296835,d1530f19f6149a8d5417d5247034852e1b53919df4c9e07b8a1e05a846323afc,2026-10-07T15:19:17.992775+00:00
WAFD,2024-11-25,37.70000076293945,35.52899932861328,487100,0.0,0.014804824077259138,0.014804904467141888,0.014804824077259138,d1530f19f6149a8d5417d5247034852e1b53919df4c9e07b8a1e05a846323afc,2026-10-07T15:19:17.992775+00:00
WAFD,2024-11-26,37.16999816894531,35.02952194213867,329100,0.0,-0.0140584239593744,-0.014058301554030983,-0.0140584239593744,d1530f19f6149a8d5417d5247034852e1b53919df4c9e07b8a1e05a846323afc,2026-10-07T15:19:17.992775+00:00
WAFD,2024-11-27,37.11000061035156,34.97298049926758,312000,0.0,-0.0016141394013808874,-0.0016141083216747454,-0.0016141394013808874,d1530f19f6149a8d5417d5247034852e1b53919df4c9e07b8a1e05a846323afc,2026-10-07T15:19:17.992775+00:00
WAFD,2024-11-29,36.58000183105469,34.47349548339844,242100,0.0,-0.014281831597411365,-0.014282025973725632,-0.014281831597411365,d1530f19f6149a8d5417d5247034852e1b53919df4c9e07b8a1e05a846323afc,2026-10-07T15:19:17.992775+00:00
WAFD,2024-12-02,36.40999984741211,34.31328582763672,553800,0.0,-0.004647402272633383,-0.004647328433488029,-0.004647402272633383,d1530f19f6149a8d5417d5247034852e1b53919df4c9e07b8a1e05a846323afc,2026-10-07T15:19:17.992775+00:00
WAFD,2024-12-03,35.83000183105469,33.766685485839844,274700,0.0,-0.01592963523175206,-0.015929699782835427,-0.01592963523175206,d1530f19f6149a8d5417d5247034852e1b53919df4c9e07b8a1e05a846323afc,2026-10-07T15:19:17.992775+00:00
WAFD,2024-12-04,36.29999923706055,34.20962142944336,287700,0.0,0.013117426234639629,0.013117542845277441,0.013117426234639629,d1530f19f6149a8d5417d5247034852e1b53919df4c9e07b8a1e05a846323afc,2026-10-07T15:19:17.992775+00:00
WAFD,2024-12-05,35.81999969482422,33.75726318359375,268100,0.0,-0.013223128163216913,-0.0132231292527627,-0.013223128163216913,d1530f19f6149a8d5417d5247034852e1b53919df4c9e07b8a1e05a846323afc,2026-10-07T15:19:17.992775+00:00
WAFD,2024-12-06,35.93000030517578,33.86092758178711,254900,0.0,0.003070927171656468,0.0030708768548435295,0.003070927171656468,d1530f19f6149a8d5417d5247034852e1b53919df4c9e07b8a1e05a846323afc,2026-10-07T15:19:17.992775+00:00
WAFD,2024-12-09,35.88999938964844,33.82322692871094,278300,0.0,-0.0011133012854882551,-0.0011133969376683206,-0.0011133012854882551,d1530f19f6149a8d5417d5247034852e1b53919df4c9e07b8a1e05a846323afc,2026-10-07T15:19:17.992775+00:00
WAFD,2024-12-10,35.77000045776367,33.710140228271484,580000,0.0,-0.003343520031359404,-0.0033434627830692953,-0.003343520031359404,d1530f19f6149a8d5417d5247034852e1b53919df4c9e07b8a1e05a846323afc,2026-10-07T15:19:17.992775+00:00
WAFD,2024-12-11,35.91999816894531,33.851505279541016,420700,0.0,0.004193394164440978,0.004193546817434335,0.004193394164440978,d1530f19f6149a8d5417d5247034852e1b53919df4c9e07b8a1e05a846323afc,2026-10-07T15:19:17.992775+00:00
WAFD,2024-12-12,35.36000061035156,33.32375717163086,284400,0.0,-0.015590133272275541,-0.015590092775848108,-0.015590133272275541,d1530f19f6149a8d5417d5247034852e1b53919df4c9e07b8a1e05a846323afc,2026-10-07T15:19:17.992775+00:00
WAFD,2024-12-13,35.349998474121094,33.314327239990234,289300,0.0,-0.00028286583873926574,-0.00028297924486897497,-0.00028286583873926574,d1530f19f6149a8d5417d5247034852e1b53919df4c9e07b8a1e05a846323afc,2026-10-07T15:19:17.992775+00:00
WAFD,2024-12-16,35.630001068115234,33.578208923339844,451500,0.0,0.00792086580142648,0.00792096689957611,0.00792086580142648,d1530f19f6149a8d5417d5247034852e1b53919df4c9e07b8a1e05a846323afc,2026-10-07T15:19:17.992775+00:00
WAFD,2024-12-17,34.47999954223633,32.494422912597656,438800,0.0,-0.032276213623468775,-0.03227646874246648,-0.032276213623468775,d1530f19f6149a8d5417d5247034852e1b53919df4c9e07b8a1e05a846323afc,2026-10-07T15:19:17.992775+00:00
WAFD,2024-12-18,32.400001525878906,30.534210205078125,581000,0.0,-0.06032476925672592,-0.06032458901615334,-0.06032476925672592,d1530f19f6149a8d5417d5247034852e1b53919df4c9e07b8a1e05a846323afc,2026-10-07T15:19:17.992775+00:00
WAFD,2024-12-19,31.950000762939453,30.110124588012695,435600,0.0,-0.013888911782304225,-0.013888868066903592,-0.013888911782304225,d1530f19f6149a8d5417d5247034852e1b53919df4c9e07b8a1e05a846323afc,2026-10-07T15:19:17.992775+00:00
WAFD,2024-12-20,32.63999938964844,30.760385513305664,2166300,0.0,0.02159620063325174,0.02159608883026176,0.02159620063325174,d1530f19f6149a8d5417d5247034852e1b53919df4c9e07b8a1e05a846323afc,2026-10-07T15:19:17.992775+00:00
WAFD,2024-12-23,32.5,30.628448486328125,391800,0.0,-0.004289197066983941,-0.004289186392689048,-0.004289197066983941,d1530f19f6149a8d5417d5247034852e1b53919df4c9e07b8a1e05a846323afc,2026-10-07T15:19:17.992775+00:00
WAFD,2024-12-24,32.93000030517578,31.0336856842041,176200,0.0,0.013230778620793249,0.013230745202678751,0.013230778620793249,d1530f19f6149a8d5417d5247034852e1b53919df4c9e07b8a1e05a846323afc,2026-10-07T15:19:17.992775+00:00
WAFD,2024-12-26,33.06999969482422,31.165620803833008,214400,0.0,0.00425142387947175,0.004251351933233671,0.00425142387947175,d1530f19f6149a8d5417d5247034852e1b53919df4c9e07b8a1e05a846323afc,2026-10-07T15:19:17.992775+00:00
WAFD,2024-12-27,32.61000061035156,30.732114791870117,247200,0.0,-0.013909860559951914,-0.013909750577135171,-0.013909860559951914,d1530f19f6149a8d5417d5247034852e1b53919df4c9e07b8a1e05a846323afc,2026-10-07T15:19:17.992775+00:00
WAFD,2024-12-30,32.45000076293945,30.581329345703125,311400,0.0,-0.004906465636842716,-0.004906445494824219,-0.004906465636842716,d1530f19f6149a8d5417d5247034852e1b53919df4c9e07b8a1e05a846323afc,2026-10-07T15:19:17.992775+00:00
WAFD,2024-12-31,32.2400016784668,30.3834228515625,431800,0.0,-0.006471466241458224,-0.006471481076032126,-0.006471466241458224,d1530f19f6149a8d5417d5247034852e1b53919df4c9e07b8a1e05a846323afc,2026-10-07T15:19:17.992775+00:00
WAFD,2025-01-02,31.959999084472656,30.119544982910156,429100,0.0,-0.008684943530296252,-0.008684928947653936,-0.008684943530296252,d1530f19f6149a8d5417d5247034852e1b53919df4c9e07b8a1e05a846323afc,2026-10-07T15:19:17.992775+00:00
WAFD,2025-01-03,32.349998474121094,30.487085342407227,504300,0.0,0.012202734694004125,0.012202719520019834,0.012202734694004125,d1530f19f6149a8d5417d5247034852e1b53919df4c9e07b8a1e05a846323afc,2026-10-07T15:19:17.992775+00:00
WAFD,2025-01-06,32.599998474121094,30.722688674926758,495400,0.0,0.007727975634990836,0.007727971692715663,0.007727975634990836,d1530f19f6149a8d5417d5247034852e1b53919df4c9e07b8a1e05a846323afc,2026-10-07T15:19:17.992775+00:00
WAFD,2025-01-07,32.16999816894531,30.31744956970215,330000,0.0,-0.013190194027681623,-0.013190222688918896,-0.013190194027681623,d1530f19f6149a8d5417d5247034852e1b53919df4c9e07b8a1e05a846323afc,2026-10-07T15:19:17.992775+00:00
WAFD,2025-01-08,32.09000015258789,30.24205780029297,381600,0.0,-0.0024867274140738527,-0.002486745108154609,-0.0024867274140738527,d1530f19f6149a8d5417d5247034852e1b53919df4c9e07b8a1e05a846323afc,2026-10-07T15:19:17.992775+00:00
WAFD,2025-01-10,30.6299991607666,28.866134643554688,518000,0.0,-0.0454970702673414,-0.0454970083657783,-0.0454970702673414,d1530f19f6149a8d5417d5247034852e1b53919df4c9e07b8a1e05a846323afc,2026-10-07T15:19:17.992775+00:00
WAFD,2025-01-13,30.3700008392334,28.62110710144043,857000,0.0,-0.008488355489941757,-0.008488408480730514,-0.008488355489941757,d1530f19f6149a8d5417d5247034852e1b53919df4c9e07b8a1e05a846323afc,2026-10-07T15:19:17.992775+00:00
WAFD,2025-01-14,31.350000381469727,29.544673919677734,615000,0.0,0.03226867023889968,0.03226873142831099,0.03226867023889968,d1530f19f6149a8d5417d5247034852e1b53919df4c9e07b8a1e05a846323afc,2026-10-07T15:19:17.992775+00:00
WAFD,2025-01-15,32.08000183105469,30.232637405395508,762300,0.0,0.023285532398795272,0.023285533209407516,0.023285532398795272,d1530f19f6149a8d5417d5247034852e1b53919df4c9e07b8a1e05a846323afc,2026-10-07T15:19:17.992775+00:00
WAFD,2025-01-16,31.010000228881836,29.224254608154297,1228500,0.0,-0.03335416275247993,-0.03335411276626654,-0.03335416275247993,d1530f19f6149a8d5417d5247034852e1b53919df4c9e07b8a1e05a846323afc,2026-10-07T15:19:17.992775+00:00
WAFD,2025-01-17,30.25,28.508020401000977,1302200,0.0,-0.02450823035383254,-0.024508211304505756,-0.02450823035383254,d1530f19f6149a8d5417d5247034852e1b53919df4c9e07b8a1e05a846323afc,2026-10-07T15:19:17.992775+00:00
WAFD,2025-01-21,29.8799991607666,28.159324645996094,774600,0.0,-0.0122314327019305,-0.012231496613936743,-0.0122314327019305,d1530f19f6149a8d5417d5247034852e1b53919df4c9e07b8a1e05a846323afc,2026-10-07T15:19:17.992775+00:00
WAFD,2025-01-22,29.18000030517578,27.4996337890625,597900,0.0,-0.02342700385714669,-0.02342708375384972,-0.02342700385714669,d1530f19f6149a8d5417d5247034852e1b53919df4c9e07b8a1e05a846323afc,2026-10-07T15:19:17.992775+00:00
WAFD,2025-01-23,29.43000030517578,27.73523712158203,613800,0.0,0.008567511904914449,0.008567508001260604,0.008567511904914449,d1530f19f6149a8d5417d5247034852e1b53919df4c9e07b8a1e05a846323afc,2026-10-07T15:19:17.992775+00:00
WAFD,2025-01-24,29.579999923706055,27.87660026550293,531100,0.0,0.005096826944439137,0.005096878865726184,0.005096826944439137,d1530f19f6149a8d5417d5247034852e1b53919df4c9e07b8a1e05a846323afc,2026-10-07T15:19:17.992775+00:00
WAFD,2025-01-27,30.25,28.508020401000977,460900,0.0,0.022650442123801184,0.02265054308933867,0.022650442123801184,d1530f19f6149a8d5417d5247034852e1b53919df4c9e07b8a1e05a846323afc,2026-10-07T15:19:17.992775+00:00
WAFD,2025-01-28,29.600000381469727,27.895450592041016,310400,0.0,-0.021487590695215664,-0.021487630510410805,-0.021487590695215664,d1530f19f6149a8d5417d5247034852e1b53919df4c9e07b8a1e05a846323afc,2026-10-07T15:19:17.992775+00:00
WAFD,2025-01-29,29.639999389648438,27.933147430419922,416900,0.0,0.0013513178264603631,0.0013513615151876657,0.0013513178264603631,d1530f19f6149a8d5417d5247034852e1b53919df4c9e07b8a1e05a846323afc,2026-10-07T15:19:17.992775+00:00
WAFD,2025-01-30,29.959999084472656,28.234718322753906,301900,0.0,0.01079621124877539,0.010796165848663497,0.01079621124877539,d1530f19f6149a8d5417d5247034852e1b53919df4c9e07b8a1e05a846323afc,2026-10-07T15:19:17.992775+00:00
WAFD,2025-01-31,29.68000030517578,27.970842361450195,479000,0.0,-0.009345753933683865,-0.009345797549220047,-0.009345753933683865,d1530f19f6149a8d5417d5247034852e1b53919df4c9e07b8a1e05a846323afc,2026-10-07T15:19:17.992775+00:00
WAFD,2025-02-03,29.469999313354492,27.77293586730957,538700,0.0,-0.007075505042520747,-0.00707545706286572,-0.007075505042520747,d1530f19f6149a8d5417d5247034852e1b53919df4c9e07b8a1e05a846323afc,2026-10-07T15:19:17.992775+00:00
WAFD,2025-02-04,30.3700008392334,28.62110710144043,291500,0.0,0.03053958421611047,0.03053948772946291,0.03053958421611047,d1530f19f6149a8d5417d5247034852e1b53919df4c9e07b8a1e05a846323afc,2026-10-07T15:19:17.992775+00:00
WAFD,2025-02-05,30.530000686645508,28.771892547607422,363300,0.0,0.005268351761301693,0.005268330314147862,0.005268351761301693,d1530f19f6149a8d5417d5247034852e1b53919df4c9e07b8a1e05a846323afc,2026-10-07T15:19:17.992775+00:00
WAFD,2025-02-06,30.670000076293945,28.903831481933594,436300,0.0,0.004585633360620234,0.0045856884147561505,0.004585633360620234,d1530f19f6149a8d5417d5247034852e1b53919df4c9e07b8a1e05a846323afc,2026-10-07T15:19:17.992775+00:00
WAFD,2025-02-07,30.079999923706055,28.347806930541992,443800,0.0,-0.01923704437953111,-0.019237053459128628,-0.01923704437953111,d1530f19f6149a8d5417d5247034852e1b53919df4c9e07b8a1e05a846323afc,2026-10-07T15:19:17.992775+00:00
WAFD,2025-02-10,29.940000534057617,28.215869903564453,347800,0.0,-0.0046542350400108345,-0.004654223421967418,-0.0046542350400108345,d1530f19f6149a8d5417d5247034852e1b53919df4c9e07b8a1e05a846323afc,2026-10-07T15:19:17.992775+00:00
WAFD,2025-02-11,30.690000534057617,28.922677993774414,267700,0.0,0.0250500997535672,0.025050019461589246,0.0250500997535672,d1530f19f6149a8d5417d5247034852e1b53919df4c9e07b8a1e05a846323afc,2026-10-07T15:19:17.992775+00:00
WAFD,2025-02-12,29.459999084472656,27.76350975036621,538900,0.0,-0.040078247904231534,-0.04007817822601745,-0.040078247904231534,d1530f19f6149a8d5417d5247034852e1b53919df4c9e07b8a1e05a846323afc,2026-10-07T15:19:17.992775+00:00
WAFD,2025-02-13,29.950000762939453,28.225292205810547,386700,0.0,0.016632779826699418,0.01663271177154546,0.016632779826699418,d1530f19f6149a8d5417d5247034852e1b53919df4c9e07b8a1e05a846323afc,2026-10-07T15:19:17.992775+00:00
WAFD,2025-02-14,29.770000457763672,28.0556583404541,314700,0.0,-0.006010026730901341,-0.006009995011549418,-0.006010026730901341,d1530f19f6149a8d5417d5247034852e1b53919df4c9e07b8a1e05a846323afc,2026-10-07T15:19:17.992775+00:00
WAFD,2025-02-18,29.989999771118164,28.262989044189453,439900,0.0,0.007389966744092424,0.007389978207583026,0.007389966744092424,d1530f19f6149a8d5417d5247034852e1b53919df4c9e07b8a1e05a846323afc,2026-10-07T15:19:17.992775+00:00
WAFD,2025-02-19,30.030000686645508,28.300687789916992,368100,0.0,0.0013338084639089587,0.0013338555829531806,0.0013338084639089587,d1530f19f6149a8d5417d5247034852e1b53919df4c9e07b8a1e05a846323afc,2026-10-07T15:19:17.992775+00:00
WAFD,2025-02-20,29.860000610351562,28.14047622680664,387300,0.0,-0.00566100807215586,-0.005661048392167745,-0.00566100807215586,d1530f19f6149a8d5417d5247034852e1b53919df4c9e07b8a1e05a846323afc,2026-10-07T15:19:17.992775+00:00
WAFD,2025-02-21,29.260000228881836,27.826642990112305,537800,0.27,-0.020093783295561107,-0.011152378309624233,-0.011051586561432458,d1530f19f6149a8d5417d5247034852e1b53919df4c9e07b8a1e05a846323afc,2026-10-07T15:19:17.992775+00:00
WAFD,2025-02-24,29.3799991607666,27.94076156616211,617500,0.0,0.004101125459538446,0.004101054377646518,0.004101125459538446,d1530f19f6149a8d5417d5247034852e1b53919df4c9e07b8a1e05a846323afc,2026-10-07T15:19:17.992775+00:00
WAFD,2025-02-25,29.809999465942383,28.34969711303711,662900,0.0,0.014635817476468693,0.014635805323583106,0.014635817476468693,d1530f19f6149a8d5417d5247034852e1b53919df4c9e07b8a1e05a846323afc,2026-10-07T15:19:17.992775+00:00
WAFD,2025-02-26,29.329999923706055,27.893213272094727,815600,0.0,-0.016101964134039082,-0.016101894814687823,-0.016101964134039082,d1530f19f6149a8d5417d5247034852e1b53919df4c9e07b8a1e05a846323afc,2026-10-07T15:19:17.992775+00:00
WAFD,2025-02-27,29.690000534057617,28.235576629638672,427100,0.0,0.012274142901057106,0.012274073775732974,0.012274142901057106,d1530f19f6149a8d5417d5247034852e1b53919df4c9e07b8a1e05a846323afc,2026-10-07T15:19:17.992775+00:00
WAFD,2025-02-28,29.59000015258789,28.14047622680664,784800,0.0,-0.003368150207845755,-0.00336810556693945,-0.003368150207845755,d1530f19f6149a8d5417d5247034852e1b53919df4c9e07b8a1e05a846323afc,2026-10-07T15:19:17.992775+00:00
WAFD,2025-03-03,29.530000686645508,28.083417892456055,401300,0.0,-0.0020276940058459036,-0.002027625044107584,-0.0020276940058459036,d1530f19f6149a8d5417d5247034852e1b53919df4c9e07b8a1e05a846323afc,2026-10-07T15:19:17.992775+00:00
WAFD,2025-03-04,28.90999984741211,27.49378776550293,557900,0.0,-0.02099562562874524,-0.020995668305442083,-0.02099562562874524,d1530f19f6149a8d5417d5247034852e1b53919df4c9e07b8a1e05a846323afc,2026-10-07T15:19:17.992775+00:00
WAFD,2025-03-05,28.90999984741211,27.49378776550293,401100,0.0,0.0,0.0,0.0,d1530f19f6149a8d5417d5247034852e1b53919df4c9e07b8a1e05a846323afc,2026-10-07T15:19:17.992775+00:00
WAFD,2025-03-06,28.760000228881836,27.351137161254883,463900,0.0,-0.00518850291670625,-0.005188466771647748,-0.00518850291670625,d1530f19f6149a8d5417d5247034852e1b53919df4c9e07b8a1e05a846323afc,2026-10-07T15:19:17.992775+00:00
WAFD,2025-03-07,28.809999465942383,27.3986873626709,399000,0.0,0.0017384991885478485,0.0017385091206874037,0.0017384991885478485,d1530f19f6149a8d5417d5247034852e1b53919df4c9e07b8a1e05a846323afc,2026-10-07T15:19:17.992775+00:00
WAFD,2025-03-10,28.15999984741211,26.780529022216797,548400,0.0,-0.022561597729242155,-0.0225616042210951,-0.022561597729242155,d1530f19f6149a8d5417d5247034852e1b53919df4c9e07b8a1e05a846323afc,2026-10-07T15:19:17.992775+00:00
WAFD,2025-03-11,27.399999618530273,26.057758331298828,454700,0.0,-0.026988644637783277,-0.026988663678688574,-0.026988644637783277,d1530f19f6149a8d5417d5247034852e1b53919df4c9e07b8a1e05a846323afc,2026-10-07T15:19:17.992775+00:00
WAFD,2025-03-12,27.719999313354492,26.362079620361328,612500,0.0,0.011678821141581697,0.011678720985641045,0.011678821141581697,d1530f19f6149a8d5417d5247034852e1b53919df4c9e07b8a1e05a846323afc,2026-10-07T15:19:17.992775+00:00
WAFD,2025-03-13,27.780000686645508,26.419145584106445,517100,0.0,0.0021645517596426966,0.002164698861657266,0.0021645517596426966,d1530f19f6149a8d5417d5247034852e1b53919df4c9e07b8a1e05a846323afc,2026-10-07T15:19:17.992775+00:00
WAFD,2025-03-14,28.239999771118164,26.856609344482422,414800,0.0,0.0165586419403434,0.0165585885048134,0.0165586419403434,d1530f19f6149a8d5417d5247034852e1b53919df4c9e07b8a1e05a846323afc,2026-10-07T15:19:17.992775+00:00
WAFD,2025-03-17,28.34000015258789,26.951711654663086,627900,0.0,0.00354109002408709,0.003541113807808527,0.00354109002408709,d1530f19f6149a8d5417d5247034852e1b53919df4c9e07b8a1e05a846323afc,2026-10-07T15:19:17.992775+00:00
WAFD,2025-03-18,28.579999923706055,27.17995262145996,608400,0.0,0.008468587502680425,0.0084685147170378,0.008468587502680425,d1530f19f6149a8d5417d5247034852e1b53919df4c9e07b8a1e05a846323afc,2026-10-07T15:19:17.992775+00:00
WAFD,2025-03-19,28.559999465942383,27.160930633544922,575100,0.0,-0.0006998060817726692,-0.0006998536082811757,-0.0006998060817726692,d1530f19f6149a8d5417d5247034852e1b53919df4c9e07b8a1e05a846323afc,2026-10-07T15:19:17.992775+00:00
WAFD,2025-03-20,28.25,26.866119384765625,528800,0.0,-0.010854323240168662,-0.010854239597195225,-0.010854323240168662,d1530f19f6149a8d5417d5247034852e1b53919df4c9e07b8a1e05a846323afc,2026-10-07T15:19:17.992775+00:00
WAFD,2025-03-21,27.65999984741211,26.30501937866211,4972900,0.0,-0.02088496115355365,-0.020885041046221464,-0.02088496115355365,d1530f19f6149a8d5417d5247034852e1b53919df4c9e07b8a1e05a846323afc,2026-10-07T15:19:17.992775+00:00
WAFD,2025-03-24,28.81999969482422,27.40819549560547,761500,0.0,0.04193781105608507,0.04193785608225875,0.04193781105608507,d1530f19f6149a8d5417d5247034852e1b53919df4c9e07b8a1e05a846323afc,2026-10-07T15:19:17.992775+00:00
WAFD,2025-03-25,28.649999618530273,27.246522903442383,533000,0.0,-0.005898684180918878,-0.0058986952347522825,-0.005898684180918878,d1530f19f6149a8d5417d5247034852e1b53919df4c9e07b8a1e05a846323afc,2026-10-07T15:19:17.992775+00:00
WAFD,2025-03-26,28.93000030517578,27.512807846069336,495000,0.0,0.00977314800606166,0.009773171555527593,0.00977314800606166,d1530f19f6149a8d5417d5247034852e1b53919df4c9e07b8a1e05a846323afc,2026-10-07T15:19:17.992775+00:00
WAFD,2025-03-27,28.700000762939453,27.29407501220703,396300,0.0,-0.007950208773249812,-0.0079502184977297,-0.007950208773249812,d1530f19f6149a8d5417d5247034852e1b53919df4c9e07b8a1e05a846323afc,2026-10-07T15:19:17.992775+00:00
WAFD,2025-03-28,28.309999465942383,26.923179626464844,356900,0.0,-0.013588895004514545,-0.013588860790347601,-0.013588895004514545,d1530f19f6149a8d5417d5247034852e1b53919df4c9e07b8a1e05a846323afc,2026-10-07T15:19:17.992775+00:00
WAFD,2025-03-31,28.579999923706055,27.17995262145996,515000,0.0,0.009537282333349717,0.00953724628953978,0.009537282333349717,d1530f19f6149a8d5417d5247034852e1b53919df4c9e07b8a1e05a846323afc,2026-10-07T15:19:17.992775+00:00
WAFD,2025-04-01,28.219999313354492,26.837587356567383,529900,0.0,-0.012596242523183365,-0.012596242151734383,-0.012596242523183365,d1530f19f6149a8d5417d5247034852e1b53919df4c9e07b8a1e05a846323afc,2026-10-07T15:19:17.992775+00:00
WAFD,2025-04-02,28.75,27.341623306274414,437000,0.0,0.01878103116730756,0.018780970994536572,0.01878103116730756,d1530f19f6149a8d5417d5247034852e1b53919df4c9e07b8a1e05a846323afc,2026-10-07T15:19:17.992775+00:00
WAFD,2025-04-03,26.579999923706055,25.277925491333008,823000,0.0,-0.0754782635232677,-0.07547824764551647,-0.0754782635232677,d1530f19f6149a8d5417d5247034852e1b53919df4c9e07b8a1e05a846323afc,2026-10-07T15:19:17.992775+00:00
WAFD,2025-04-04,25.239999771118164,24.003568649291992,818900,0.0,-0.050413850881646405,-0.0504138222291205,-0.050413850881646405,d1530f19f6149a8d5417d5247034852e1b53919df4c9e07b8a1e05a846323afc,2026-10-07T15:19:17.992775+00:00
WAFD,2025-04-07,25.110000610351562,23.87993812561035,756800,0.0,-0.005150521471690261,-0.005150505972172925,-0.005150521471690261,d1530f19f6149a8d5417d5247034852e1b53919df4c9e07b8a1e05a846323afc,2026-10-07T15:19:17.992775+00:00
WAFD,2025-04-08,24.790000915527344,23.575613021850586,684100,0.0,-0.012743914259098044,-0.012743965338561258,-0.012743914259098044,d1530f19f6149a8d5417d5247034852e1b53919df4c9e07b8a1e05a846323afc,2026-10-07T15:19:17.992775+00:00
WAFD,2025-04-09,26.43000030517578,25.13527488708496,955200,0.0,0.06615568088265844,0.06615572896402888,0.06615568088265844,d1530f19f6149a8d5417d5247034852e1b53919df4c9e07b8a1e05a846323afc,2026-10-07T15:19:17.992775+00:00
WAFD,2025-04-10,24.479999542236328,23.28080177307129,644500,0.0,-0.07377982370123493,-0.07377970292127334,-0.07377982370123493,d1530f19f6149a8d5417d5247034852e1b53919df4c9e07b8a1e05a846323afc,2026-10-07T15:19:17.992775+00:00
WAFD,2025-04-11,24.540000915527344,23.337860107421875,546900,0.0,0.0024510365364791564,0.0024508749701475097,0.0024510365364791564,d1530f19f6149a8d5417d5247034852e1b53919df4c9e07b8a1e05a846323afc,2026-10-07T15:19:17.992775+00:00
WAFD,2025-04-14,26.739999771118164,25.430089950561523,891100,0.0,0.08964950177319686,0.0896496008421217,0.08964950177319686,d1530f19f6149a8d5417d5247034852e1b53919df4c9e07b8a1e05a846323afc,2026-10-07T15:19:17.992775+00:00
WAFD,2025-04-15,27.360000610351562,26.019718170166016,814400,0.0,0.02318626942933122,0.0231862419972082,0.02318626942933122,d1530f19f6149a8d5417d5247034852e1b53919df4c9e07b8a1e05a846323afc,2026-10-07T15:19:17.992775+00:00
WAFD,2025-04-16,27.520000457763672,26.171878814697266,1096800,0.0,0.005847947508874407,0.00584789748821013,0.005847947508874407,d1530f19f6149a8d5417d5247034852e1b53919df4c9e07b8a1e05a846323afc,2026-10-07T15:19:17.992775+00:00
WAFD,2025-04-17,28.030000686645508,26.656896591186523,752200,0.0,0.01853198475285489,0.018532019803518596,0.01853198475285489,d1530f19f6149a8d5417d5247034852e1b53919df4c9e07b8a1e05a846323afc,2026-10-07T15:19:17.992775+00:00
WAFD,2025-04-21,27.940000534057617,26.571306228637695,673900,0.0,-0.0032108508877336517,-0.0032108149670028174,-0.0032108508877336517,d1530f19f6149a8d5417d5247034852e1b53919df4c9e07b8a1e05a846323afc,2026-10-07T15:19:17.992775+00:00
WAFD,2025-04-22,28.440000534057617,27.046812057495117,430100,0.0,0.01789548999437285,0.017895463051979643,0.01789548999437285,d1530f19f6149a8d5417d5247034852e1b53919df4c9e07b8a1e05a846323afc,2026-10-07T15:19:17.992775+00:00
WAFD,2025-04-23,28.40999984741211,27.018280029296875,503100,0.0,-0.0010548764445198477,-0.0010549127985061135,-0.0010548764445198477,d1530f19f6149a8d5417d5247034852e1b53919df4c9e07b8a1e05a846323afc,2026-10-07T15:19:17.992775+00:00
WAFD,2025-04-24,28.530000686645508,27.132404327392578,401100,0.0,0.0042238943990817734,0.004223966069341056,0.0042238943990817734,d1530f19f6149a8d5417d5247034852e1b53919df4c9e07b8a1e05a846323afc,2026-10-07T15:19:17.992775+00:00
WAFD,2025-04-25,28.219999313354492,26.837587356567383,301900,0.0,-0.010865803218719217,-0.010865862356604805,-0.010865803218719217,d1530f19f6149a8d5417d5247034852e1b53919df4c9e07b8a1e05a846323afc,2026-10-07T15:19:17.992775+00:00
WAFD,2025-04-28,28.239999771118164,26.856609344482422,357800,0.0,0.0007087334603232964,0.000708781592857477,0.0007087334603232964,d1530f19f6149a8d5417d5247034852e1b53919df4c9e07b8a1e05a846323afc,2026-10-07T15:19:17.992775+00:00
WAFD,2025-04-29,28.729999542236328,27.32260513305664,764800,0.0,0.017351266823284472,0.017351251701099635,0.017351266823284472,d1530f19f6149a8d5417d5247034852e1b53919df4c9e07b8a1e05a846323afc,2026-10-07T15:19:17.992775+00:00
WAFD,2025-04-30,28.530000686645508,27.132404327392578,569800,0.0,-0.0069613247050979155,-0.006961298336590316,-0.0069613247050979155,d1530f19f6149a8d5417d5247034852e1b53919df4c9e07b8a1e05a846323afc,2026-10-07T15:19:17.992775+00:00
WAFD,2025-05-01,28.600000381469727,27.198976516723633,387300,0.0,0.002453546902891679,0.0024536044991723127,0.002453546902891679,d1530f19f6149a8d5417d5247034852e1b53919df4c9e07b8a1e05a846323afc,2026-10-07T15:19:17.992775+00:00
WAFD,2025-05-02,29.079999923706055,27.655460357666016,346200,0.0,0.01678320055363791,0.016783125668780485,0.01678320055363791,d1530f19f6149a8d5417d5247034852e1b53919df4c9e07b8a1e05a846323afc,2026-10-07T15:19:17.992775+00:00
WAFD,2025-05-05,28.8700008392334,27.45574951171875,400700,0.0,-0.007221426582655011,-0.007221389315687388,-0.007221426582655011,d1530f19f6149a8d5417d5247034852e1b53919df4c9e07b8a1e05a846323afc,2026-10-07T15:19:17.992775+00:00
WAFD,2025-05-06,28.389999389648438,26.99925994873047,307400,0.0,-0.01662630535613474,-0.01662637411495327,-0.01662630535613474,d1530f19f6149a8d5417d5247034852e1b53919df4c9e07b8a1e05a846323afc,2026-10-07T15:19:17.992775+00:00
WAFD,2025-05-07,28.600000381469727,27.198976516723633,464900,0.0,0.007397005858966743,0.007397112675399553,0.007397005858966743,d1530f19f6149a8d5417d5247034852e1b53919df4c9e07b8a1e05a846323afc,2026-10-07T15:19:17.992775+00:00
WAFD,2025-05-08,29.040000915527344,27.61741828918457,513900,0.0,0.01538463385275679,0.015384467581111227,0.01538463385275679,d1530f19f6149a8d5417d5247034852e1b53919df4c9e07b8a1e05a846323afc,2026-10-07T15:19:17.992775+00:00
WAFD,2025-05-09,28.90999984741211,27.49378776550293,568600,0.0,-0.004476620661734376,-0.004476541666099787,-0.004476620661734376,d1530f19f6149a8d5417d5247034852e1b53919df4c9e07b8a1e05a846323afc,2026-10-07T15:19:17.992775+00:00
WAFD,2025-05-12,29.90999984741211,28.444801330566406,786200,0.0,0.03459010741190016,0.03459012534666961,0.03459010741190016,d1530f19f6149a8d5417d5247034852e1b53919df4c9e07b8a1e05a846323afc,2026-10-07T15:19:17.992775+00:00
WAFD,2025-05-13,29.770000457763672,28.31165885925293,421100,0.0,-0.004680688410653722,-0.004680731279019468,-0.004680688410653722,d1530f19f6149a8d5417d5247034852e1b53919df4c9e07b8a1e05a846323afc,2026-10-07T15:19:17.992775+00:00
WAFD,2025-05-14,29.56999969482422,28.121456146240234,443500,0.0,-0.006718198181528634,-0.006718176209958515,-0.006718198181528634,d1530f19f6149a8d5417d5247034852e1b53919df4c9e07b8a1e05a846323afc,2026-10-07T15:19:17.992775+00:00
WAFD,2025-05-15,30.049999237060547,28.577943801879883,724200,0.0,0.016232652931692293,0.01623271758282252,0.016232652931692293,d1530f19f6149a8d5417d5247034852e1b53919df4c9e07b8a1e05a846323afc,2026-10-07T15:19:17.992775+00:00
WAFD,2025-05-16,29.920000076293945,28.454313278198242,593700,0.0,-0.0043260953100549004,-0.004326081839152729,-0.0043260953100549004,d1530f19f6149a8d5417d5247034852e1b53919df4c9e07b8a1e05a846323afc,2026-10-07T15:19:17.992775+00:00
WAFD,2025-05-19,29.700000762939453,28.245088577270508,746000,0.0,-0.007352918208339165,-0.007353004758264281,-0.007352918208339165,d1530f19f6149a8d5417d5247034852e1b53919df4c9e07b8a1e05a846323afc,2026-10-07T15:19:17.992775+00:00
WAFD,2025-05-20,29.760000228881836,28.302148818969727,519200,0.0,0.002020183986569224,0.002020182784809421,0.002020183986569224,d1530f19f6149a8d5417d5247034852e1b53919df4c9e07b8a1e05a846323afc,2026-10-07T15:19:17.992775+00:00
WAFD,2025-05-21,28.739999771118164,27.332115173339844,585300,0.0,-0.03427420866663067,-0.03427420482573784,-0.03427420866663067,d1530f19f6149a8d5417d5247034852e1b53919df4c9e07b8a1e05a846323afc,2026-10-07T15:19:17.992775+00:00
WAFD,2025-05-22,28.84000015258789,27.42721939086914,423300,0.0,0.0034794844212289178,0.0034795776662781552,0.0034794844212289178,d1530f19f6149a8d5417d5247034852e1b53919df4c9e07b8a1e05a846323afc,2026-10-07T15:19:17.992775+00:00
WAFD,2025-05-23,28.469999313354492,27.331214904785156,752600,0.27,-0.01282943263785652,-0.003500336097356782,-0.00346743546131445,d1530f19f6149a8d5417d5247034852e1b53919df4c9e07b8a1e05a846323afc,2026-10-07T15:19:17.992775+00:00
WAFD,2025-05-27,28.940000534057617,27.78241539001465,414700,0.0,0.016508648824682615,0.016508614300584812,0.016508648824682615,d1530f19f6149a8d5417d5247034852e1b53919df4c9e07b8a1e05a846323afc,2026-10-07T15:19:17.992775+00:00
WAFD,2025-05-28,28.469999313354492,27.331214904785156,481500,0.0,-0.01624053946198134,-0.016240506050156478,-0.01624053946198134,d1530f19f6149a8d5417d5247034852e1b53919df4c9e07b8a1e05a846323afc,2026-10-07T15:19:17.992775+00:00
WAFD,2025-05-29,28.639999389648438,27.494415283203125,497600,0.0,0.005971200575835667,0.005971208341323919,0.005971200575835667,d1530f19f6149a8d5417d5247034852e1b53919df4c9e07b8a1e05a846323afc,2026-10-07T15:19:17.992775+00:00
WAFD,2025-05-30,28.420000076293945,27.28321647644043,391500,0.0,-0.007681540434459899,-0.0076815165766307425,-0.007681540434459899,d1530f19f6149a8d5417d5247034852e1b53919df4c9e07b8a1e05a846323afc,2026-10-07T15:19:17.992775+00:00
WAFD,2025-06-02,28.34000015258789,27.206417083740234,336000,0.0,-0.0028149163790039955,-0.0028148951120375854,-0.0028149163790039955,d1530f19f6149a8d5417d5247034852e1b53919df4c9e07b8a1e05a846323afc,2026-10-07T15:19:17.992775+00:00
WAFD,2025-06-03,28.84000015258789,27.686416625976562,329300,0.0,0.017642907456171697,0.017642879647066678,0.017642907456171697,d1530f19f6149a8d5417d5247034852e1b53919df4c9e07b8a1e05a846323afc,2026-10-07T15:19:17.992775+00:00
WAFD,2025-06-04,28.479999542236328,27.340816497802734,328300,0.0,-0.012482684065424965,-0.012482660101617138,-0.012482684065424965,d1530f19f6149a8d5417d5247034852e1b53919df4c9e07b8a1e05a846323afc,2026-10-07T15:19:17.992775+00:00
WAFD,2025-06-05,28.40999984741211,27.27361488342285,389100,0.0,-0.002457854492603051,-0.002457922731944895,-0.002457854492603051,d1530f19f6149a8d5417d5247034852e1b53919df4c9e07b8a1e05a846323afc,2026-10-07T15:19:17.992775+00:00
WAFD,2025-06-06,29.079999923706055,27.91681671142578,379600,0.0,0.02358324814827406,0.02358329949118243,0.02358324814827406,d1530f19f6149a8d5417d5247034852e1b53919df4c9e07b8a1e05a846323afc,2026-10-07T15:19:17.992775+00:00
WAFD,2025-06-09,29.030000686645508,27.868818283081055,375200,0.0,-0.0017193685416686533,-0.0017193374459876232,-0.0017193685416686533,d1530f19f6149a8d5417d5247034852e1b53919df4c9e07b8a1e05a846323afc,2026-10-07T15:19:17.992775+00:00
WAFD,2025-06-10,29.3700008392334,28.19521713256836,348100,0.0,0.011712027025349014,0.01171197307944194,0.011712027025349014,d1530f19f6149a8d5417d5247034852e1b53919df4c9e07b8a1e05a846323afc,2026-10-07T15:19:17.992775+00:00
WAFD,2025-06-11,29.100000381469727,27.936016082763672,370900,0.0,-0.009193069460283976,-0.009193085784229837,-0.009193069460283976,d1530f19f6149a8d5417d5247034852e1b53919df4c9e07b8a1e05a846323afc,2026-10-07T15:19:17.992775+00:00
WAFD,2025-06-12,28.790000915527344,27.638416290283203,387700,0.0,-0.010652902470055792,-0.010652907400926281,-0.010652902470055792,d1530f19f6149a8d5417d5247034852e1b53919df4c9e07b8a1e05a846323afc,2026-10-07T15:19:17.992775+00:00
WAFD,2025-06-13,28.06999969482422,26.947214126586914,468200,0.0,-0.02500872517564967,-0.025008747116212038,-0.02500872517564967,d1530f19f6149a8d5417d5247034852e1b53919df4c9e07b8a1e05a846323afc,2026-10-07T15:19:17.992775+00:00
WAFD,2025-06-16,27.969999313354492,26.851211547851562,516200,0.0,-0.003562535894439889,-0.0035626160939817852,-0.003562535894439889,d1530f19f6149a8d5417d5247034852e1b53919df4c9e07b8a1e05a846323afc,2026-10-07T15:19:17.992775+00:00
WAFD,2025-06-17,27.6299991607666,26.524816513061523,549500,0.0,-0.012155887055226189,-0.012155691157859638,-0.012155887055226189,d1530f19f6149a8d5417d5247034852e1b53919df4c9e07b8a1e05a846323afc,2026-10-07T15:19:17.992775+00:00
WAFD,2025-06-18,27.920000076293945,26.8032169342041,465200,0.0,0.010495871311466898,0.010495847200507002,0.010495871311466898,d1530f19f6149a8d5417d5247034852e1b53919df4c9e07b8a1e05a846323afc,2026-10-07T15:19:17.992775+00:00
WAFD,2025-06-20,28.190000534057617,27.062416076660156,1259300,0.0,0.009670503475138537,0.009670449002160186,0.009670503475138537,d1530f19f6149a8d5417d5247034852e1b53919df4c9e07b8a1e05a846323afc,2026-10-07T15:19:17.992775+00:00
WAFD,2025-06-23,28.790000915527344,27.638416290283203,412900,0.0,0.02128415644209869,0.021284138562920774,0.02128415644209869,d1530f19f6149a8d5417d5247034852e1b53919df4c9e07b8a1e05a846323afc,2026-10-07T15:19:17.992775+00:00
WAFD,2025-06-24,29.079999923706055,27.91681671142578,434500,0.0,0.010072907223226402,0.010072951294262555,0.010072907223226402,d1530f19f6149a8d5417d5247034852e1b53919df4c9e07b8a1e05a846323afc,2026-10-07T15:19:17.992775+00:00
WAFD,2025-06-25,28.8799991607666,27.724815368652344,317900,0.0,-0.0068776053460857245,-0.006877623074225903,-0.0068776053460857245,d1530f19f6149a8d5417d5247034852e1b53919df4c9e07b8a1e05a846323afc,2026-10-07T15:19:17.992775+00:00
WAFD,2025-06-26,29.479999542236328,28.300817489624023,334200,0.0,0.020775637081209553,0.020775688253020785,0.020775637081209553,d1530f19f6149a8d5417d5247034852e1b53919df4c9e07b8a1e05a846323afc,2026-10-07T15:19:17.992775+00:00
WAFD,2025-06-27,29.31999969482422,28.147216796875,463900,0.0,-0.0054274033207794,-0.005427429536455586,-0.0054274033207794,d1530f19f6149a8d5417d5247034852e1b53919df4c9e07b8a1e05a846323afc,2026-10-07T15:19:17.992775+00:00
WAFD,2025-06-30,29.280000686645508,28.10881805419922,398200,0.0,-0.0013642226669522417,-0.0013642109965218419,-0.0013642226669522417,d1530f19f6149a8d5417d5247034852e1b53919df4c9e07b8a1e05a846323afc,2026-10-07T15:19:17.992775+00:00
WAFD,2025-07-01,30.450000762939453,29.232019424438477,458500,0.0,0.03995901806203084,0.03995903947556623,0.03995901806203084,d1530f19f6149a8d5417d5247034852e1b53919df4c9e07b8a1e05a846323afc,2026-10-07T15:19:17.992775+00:00
WAFD,2025-07-02,30.889999389648438,29.654417037963867,411100,0.0,0.014449872436276046,0.01444982665728034,0.014449872436276046,d1530f19f6149a8d5417d5247034852e1b53919df4c9e07b8a1e05a846323afc,2026-10-07T15:19:17.992775+00:00
WAFD,2025-07-03,31.209999084472656,29.96161651611328,255700,0.0,0.010359329917353666,0.01035931604240048,0.010359329917353666,d1530f19f6149a8d5417d5247034852e1b53919df4c9e07b8a1e05a846323afc,2026-10-07T15:19:17.992775+00:00
WAFD,2025-07-07,30.739999771118164,29.51041603088379,591800,0.0,-0.01505925431405486,-0.015059283766843401,-0.01505925431405486,d1530f19f6149a8d5417d5247034852e1b53919df4c9e07b8a1e05a846323afc,2026-10-07T15:19:17.992775+00:00
WAFD,2025-07-08,30.90999984741211,29.67361831665039,713100,0.0,0.005530256264141942,0.005530328193130263,0.005530256264141942,d1530f19f6149a8d5417d5247034852e1b53919df4c9e07b8a1e05a846323afc,2026-10-07T15:19:17.992775+00:00
WAFD,2025-07-09,30.979999542236328,29.740816116333008,359500,0.0,0.00226462941345118,0.0022645637267939556,0.00226462941345118,d1530f19f6149a8d5417d5247034852e1b53919df4c9e07b8a1e05a846323afc,2026-10-07T15:19:17.992775+00:00
WAFD,2025-07-10,31.059999465942383,29.817617416381836,454700,0.0,0.0025823087439684755,0.002582353481774602,0.0025823087439684755,d1530f19f6149a8d5417d5247034852e1b53919df4c9e07b8a1e05a846323afc,2026-10-07T15:19:17.992775+00:00
WAFD,2025-07-11,30.799999237060547,29.568016052246094,599500,0.0,-0.008370902554809434,-0.00837093590176019,-0.008370902554809434,d1530f19f6149a8d5417d5247034852e1b53919df4c9e07b8a1e05a846323afc,2026-10-07T15:19:17.992775+00:00
WAFD,2025-07-14,30.989999771118164,29.750417709350586,404700,0.0,0.006168848661171289,0.006168883863638008,0.006168848661171289,d1530f19f6149a8d5417d5247034852e1b53919df4c9e07b8a1e05a846323afc,2026-10-07T15:19:17.992775+00:00
WAFD,2025-07-15,29.309999465942383,28.137617111206055,547500,0.0,-0.05421104606594729,-0.054211023653547796,-0.05421104606594729,d1530f19f6149a8d5417d5247034852e1b53919df4c9e07b8a1e05a846323afc,2026-10-07T15:19:17.992775+00:00
WAFD,2025-07-16,29.450000762939453,28.272018432617188,642700,0.0,0.0047765711207108374,0.004776570840378858,0.0047765711207108374,d1530f19f6149a8d5417d5247034852e1b53919df4c9e07b8a1e05a846323afc,2026-10-07T15:19:17.992775+00:00
WAFD,2025-07-17,29.739999771118164,28.550418853759766,1490200,0.0,0.009847164708520317,0.009847207117741119,0.009847164708520317,d1530f19f6149a8d5417d5247034852e1b53919df4c9e07b8a1e05a846323afc,2026-10-07T15:19:17.992775+00:00
WAFD,2025-07-18,29.729999542236328,28.540815353393555,750600,0.0,-0.00033625517682578376,-0.0003363698590693742,-0.00033625517682578376,d1530f19f6149a8d5417d5247034852e1b53919df4c9e07b8a1e05a846323afc,2026-10-07T15:19:17.992775+00:00
WAFD,2025-07-21,29.899999618530273,28.704017639160156,706600,0.0,0.0057181324894550745,0.005718206846784923,0.0057181324894550745,d1530f19f6149a8d5417d5247034852e1b53919df4c9e07b8a1e05a846323afc,2026-10-07T15:19:17.992775+00:00
WAFD,2025-07-22,30.010000228881836,28.809616088867188,613100,0.0,0.003678950225918687,0.003678873495498669,0.003678950225918687,d1530f19f6149a8d5417d5247034852e1b53919df4c9e07b8a1e05a846323afc,2026-10-07T15:19:17.992775+00:00
WAFD,2025-07-23,30.229999542236328,29.02081871032715,528700,0.0,0.007330866766964039,0.0073309766019955536,0.007330866766964039,d1530f19f6149a8d5417d5247034852e1b53919df4c9e07b8a1e05a846323afc,2026-10-07T15:19:17.992775+00:00
WAFD,2025-07-24,29.530000686645508,28.348817825317383,515000,0.0,-0.023155767985136966,-0.023155821057888715,-0.023155767985136966,d1530f19f6149a8d5417d5247034852e1b53919df4c9e07b8a1e05a846323afc,2026-10-07T15:19:17.992775+00:00
WAFD,2025-07-25,29.739999771118164,28.550418853759766,483400,0.0,0.007111380954610835,0.007111443929853634,0.007111380954610835,d1530f19f6149a8d5417d5247034852e1b53919df4c9e07b8a1e05a846323afc,2026-10-07T15:19:17.992775+00:00
WAFD,2025-07-28,29.739999771118164,28.550418853759766,457500,0.0,0.0,0.0,0.0,d1530f19f6149a8d5417d5247034852e1b53919df4c9e07b8a1e05a846323afc,2026-10-07T15:19:17.992775+00:00
WAFD,2025-07-29,29.639999389648438,28.454416275024414,495300,0.0,-0.0033624876341404875,-0.0033625628831259746,-0.0033624876341404875,d1530f19f6149a8d5417d5247034852e1b53919df4c9e07b8a1e05a846323afc,2026-10-07T15:19:17.992775+00:00
WAFD,2025-07-30,29.149999618530273,27.984012603759766,468700,0.0,-0.016531706518499223,-0.016531833467184565,-0.016531706518499223,d1530f19f6149a8d5417d5247034852e1b53919df4c9e07b8a1e05a846323afc,2026-10-07T15:19:17.992775+00:00
WAFD,2025-07-31,29.110000610351562,27.945615768432617,673400,0.0,-0.0013721786861803364,-0.001372098986332948,-0.0013721786861803364,d1530f19f6149a8d5417d5247034852e1b53919df4c9e07b8a1e05a846323afc,2026-10-07T15:19:17.992775+00:00
WAFD,2025-08-01,28.8700008392334,27.71521759033203,838300,0.0,-0.008244581452630406,-0.008244519641640635,-0.008244581452630406,d1530f19f6149a8d5417d5247034852e1b53919df4c9e07b8a1e05a846323afc,2026-10-07T15:19:17.992775+00:00
WAFD,2025-08-04,29.40999984741211,28.23361587524414,529100,0.0,0.01870450268379864,0.018704463828310036,0.01870450268379864,d1530f19f6149a8d5417d5247034852e1b53919df4c9e07b8a1e05a846323afc,2026-10-07T15:19:17.992775+00:00
WAFD,2025-08-05,29.719999313354492,28.53121566772461,495100,0.0,0.010540614333585552,0.010540619161055087,0.010540614333585552,d1530f19f6149a8d5417d5247034852e1b53919df4c9e07b8a1e05a846323afc,2026-10-07T15:19:17.992775+00:00
WAFD,2025-08-06,29.420000076293945,28.24321746826172,439500,0.0,-0.010094187213717243,-0.010094144000624694,-0.010094187213717243,d1530f19f6149a8d5417d5247034852e1b53919df4c9e07b8a1e05a846323afc,2026-10-07T15:19:17.992775+00:00
WAFD,2025-08-07,29.389999389648438,28.21441650390625,347500,0.0,-0.0010197378167133841,-0.0010197479939327847,-0.0010197378167133841,d1530f19f6149a8d5417d5247034852e1b53919df4c9e07b8a1e05a846323afc,2026-10-07T15:19:17.992775+00:00
WAFD,2025-08-08,29.760000228881836,28.569618225097656,363600,0.0,0.01258934491042285,0.01258936973381064,0.01258934491042285,d1530f19f6149a8d5417d5247034852e1b53919df4c9e07b8a1e05a846323afc,2026-10-07T15:19:17.992775+00:00
WAFD,2025-08-11,29.68000030517578,28.49281883239746,393300,0.0,-0.002688169458695655,-0.0026881490713350775,-0.002688169458695655,d1530f19f6149a8d5417d5247034852e1b53919df4c9e07b8a1e05a846323afc,2026-10-07T15:19:17.992775+00:00
WAFD,2025-08-12,30.489999771118164,29.270416259765625,676800,0.0,0.02729108684682635,0.02729099679263758,0.02729108684682635,d1530f19f6149a8d5417d5247034852e1b53919df4c9e07b8a1e05a846323afc,2026-10-07T15:19:17.992775+00:00
WAFD,2025-08-13,31.059999465942383,29.817617416381836,664000,0.0,0.018694644116204806,0.01869468311485467,0.018694644116204806,d1530f19f6149a8d5417d5247034852e1b53919df4c9e07b8a1e05a846323afc,2026-10-07T15:19:17.992775+00:00
WAFD,2025-08-14,31.059999465942383,29.817617416381836,363400,0.0,0.0,0.0,0.0,d1530f19f6149a8d5417d5247034852e1b53919df4c9e07b8a1e05a846323afc,2026-10-07T15:19:17.992775+00:00
WAFD,2025-08-15,30.56999969482422,29.347217559814453,310600,0.0,-0.015775910481114264,-0.0157759035538817,-0.015775910481114264,d1530f19f6149a8d5417d5247034852e1b53919df4c9e07b8a1e05a846323afc,2026-10-07T15:19:17.992775+00:00
WAFD,2025-08-18,30.700000762939453,29.472017288208008,295500,0.0,0.004252570147628809,0.004252523365773753,0.004252570147628809,d1530f19f6149a8d5417d5247034852e1b53919df4c9e07b8a1e05a846323afc,2026-10-07T15:19:17.992775+00:00
WAFD,2025-08-19,30.889999389648438,29.654417037963867,282400,0.0,0.006188880195024282,0.006188912960119586,0.006188880195024282,d1530f19f6149a8d5417d5247034852e1b53919df4c9e07b8a1e05a846323afc,2026-10-07T15:19:17.992775+00:00
WAFD,2025-08-20,30.670000076293945,29.443218231201172,292500,0.0,-0.007122023881561357,-0.007122001639496611,-0.007122023881561357,d1530f19f6149a8d5417d5247034852e1b53919df4c9e07b8a1e05a846323afc,2026-10-07T15:19:17.992775+00:00
WAFD,2025-08-21,30.440000534057617,29.2224178314209,240900,0.0,-0.007499169927100979,-0.007499193805733162,-0.007499169927100979,d1530f19f6149a8d5417d5247034852e1b53919df4c9e07b8a1e05a846323afc,2026-10-07T15:19:17.992775+00:00
WAFD,2025-08-22,31.729999542236328,30.733417510986328,558100,0.27,0.04237841608233239,0.051706867251098965,0.05124832394248213,d1530f19f6149a8d5417d5247034852e1b53919df4c9e07b8a1e05a846323afc,2026-10-07T15:19:17.992775+00:00
WAFD,2025-08-25,31.360000610351562,30.375041961669922,325500,0.0,-0.011660855254417957,-0.011660777692174884,-0.011660855254417957,d1530f19f6149a8d5417d5247034852e1b53919df4c9e07b8a1e05a846323afc,2026-10-07T15:19:17.992775+00:00
WAFD,2025-08-26,31.579999923706055,30.588130950927734,400900,0.0,0.0070152840903285885,0.007015265675244464,0.0070152840903285885,d1530f19f6149a8d5417d5247034852e1b53919df4c9e07b8a1e05a846323afc,2026-10-07T15:19:17.992775+00:00
WAFD,2025-08-27,31.950000762939453,30.946510314941406,396400,0.0,0.011716302727273087,0.011716288405742015,0.011716302727273087,d1530f19f6149a8d5417d5247034852e1b53919df4c9e07b8a1e05a846323afc,2026-10-07T15:19:17.992775+00:00
WAFD,2025-08-28,31.549999237060547,30.559072494506836,297600,0.0,-0.012519609274716847,-0.012519596442107095,-0.012519609274716847,d1530f19f6149a8d5417d5247034852e1b53919df4c9e07b8a1e05a846323afc,2026-10-07T15:19:17.992775+00:00
WAFD,2025-08-29,31.450000762939453,30.462215423583984,265200,0.0,-0.003169523820578446,-0.003169502966435367,-0.003169523820578446,d1530f19f6149a8d5417d5247034852e1b53919df4c9e07b8a1e05a846323afc,2026-10-07T15:19:17.992775+00:00
WAFD,2025-09-02,31.510000228881836,30.52033042907715,333800,0.0,0.0019077731156396105,0.0019077734394910006,0.0019077731156396105,d1530f19f6149a8d5417d5247034852e1b53919df4c9e07b8a1e05a846323afc,2026-10-07T15:19:17.992775+00:00
WAFD,2025-09-03,31.40999984741211,30.42346954345703,262800,0.0,-0.0031736077671642438,-0.0031736512763255176,-0.0031736077671642438,d1530f19f6149a8d5417d5247034852e1b53919df4c9e07b8a1e05a846323afc,2026-10-07T15:19:17.992775+00:00
WAFD,2025-09-04,31.950000762939453,30.946510314941406,284500,0.0,0.01719200630852069,0.017192015878966682,0.01719200630852069,d1530f19f6149a8d5417d5247034852e1b53919df4c9e07b8a1e05a846323afc,2026-10-07T15:19:17.992775+00:00
WAFD,2025-09-05,31.75,30.752792358398438,360400,0.0,-0.006259804637358424,-0.006259767404192207,-0.006259804637358424,d1530f19f6149a8d5417d5247034852e1b53919df4c9e07b8a1e05a846323afc,2026-10-07T15:19:17.992775+00:00
WAFD,2025-09-08,31.450000762939453,30.462215423583984,385700,0.0,-0.009448794868048727,-0.00944879838643653,-0.009448794868048727,d1530f19f6149a8d5417d5247034852e1b53919df4c9e07b8a1e05a846323afc,2026-10-07T15:19:17.992775+00:00
WAFD,2025-09-09,31.489999771118164,30.500957489013672,415300,0.0,0.0012718285280883812,0.0012718072172679395,0.0012718285280883812,d1530f19f6149a8d5417d5247034852e1b53919df4c9e07b8a1e05a846323afc,2026-10-07T15:19:17.992775+00:00
WAFD,2025-09-10,31.299999237060547,30.316923141479492,269000,0.0,-0.006033678483284066,-0.006033723616724718,-0.006033678483284066,d1530f19f6149a8d5417d5247034852e1b53919df4c9e07b8a1e05a846323afc,2026-10-07T15:19:17.992775+00:00
WAFD,2025-09-11,31.549999237060547,30.559072494506836,392500,0.0,0.007987220641973325,0.007987266778271218,0.007987220641973325,d1530f19f6149a8d5417d5247034852e1b53919df4c9e07b8a1e05a846323afc,2026-10-07T15:19:17.992775+00:00
WAFD,2025-09-12,31.25,30.268495559692383,315200,0.0,-0.009508692371318683,-0.009508696144710727,-0.009508692371318683,d1530f19f6149a8d5417d5247034852e1b53919df4c9e07b8a1e05a846323afc,2026-10-07T15:19:17.992775+00:00
WAFD,2025-09-15,30.920000076293945,29.948862075805664,433000,0.0,-0.010559997558593714,-0.010559939566747611,-0.010559997558593714,d1530f19f6149a8d5417d5247034852e1b53919df4c9e07b8a1e05a846323afc,2026-10-07T15:19:17.992775+00:00
WAFD,2025-09-16,31.030000686645508,30.055404663085938,519000,0.0,0.003557587648128635,0.003557483653655824,0.003557587648128635,d1530f19f6149a8d5417d5247034852e1b53919df4c9e07b8a1e05a846323afc,2026-10-07T15:19:17.992775+00:00
WAFD,2025-09-17,31.100000381469727,30.123207092285156,669100,0.0,0.0022558715203104818,0.002255914700176831,0.0022558715203104818,d1530f19f6149a8d5417d5247034852e1b53919df4c9e07b8a1e05a846323afc,2026-10-07T15:19:17.992775+00:00
WAFD,2025-09-18,31.829999923706055,30.830280303955078,540900,0.0,0.02347265380328678,0.023472706923394204,0.02347265380328678,d1530f19f6149a8d5417d5247034852e1b53919df4c9e07b8a1e05a846323afc,2026-10-07T15:19:17.992775+00:00
WAFD,2025-09-19,31.43000030517578,30.442842483520508,1990400,0.0,-0.012566748962897889,-0.012566795261503616,-0.012566748962897889,d1530f19f6149a8d5417d5247034852e1b53919df4c9e07b8a1e05a846323afc,2026-10-07T15:19:17.992775+00:00
WAFD,2025-09-22,31.280000686645508,30.29755401611328,430700,0.0,-0.004772498156978111,-0.004772500054351814,-0.004772498156978111,d1530f19f6149a8d5417d5247034852e1b53919df4c9e07b8a1e05a846323afc,2026-10-07T15:19:17.992775+00:00
WAFD,2025-09-23,30.940000534057617,29.968231201171875,522400,0.0,-0.010869569856916561,-0.01086961722277191,-0.010869569856916561,d1530f19f6149a8d5417d5247034852e1b53919df4c9e07b8a1e05a846323afc,2026-10-07T15:19:17.992775+00:00
WAFD,2025-09-24,31.040000915527344,30.065092086791992,254700,0.0,0.003232074329140744,0.003232118871811407,0.003232074329140744,d1530f19f6149a8d5417d5247034852e1b53919df4c9e07b8a1e05a846323afc,2026-10-07T15:19:17.992775+00:00
WAFD,2025-09-25,30.809999465942383,29.842315673828125,276500,0.0,-0.007409840296425552,-0.007409803113882174,-0.007409840296425552,d1530f19f6149a8d5417d5247034852e1b53919df4c9e07b8a1e05a846323afc,2026-10-07T15:19:17.992775+00:00
WAFD,2025-09-26,30.959999084472656,29.98760414123535,290500,0.0,0.0048685368753766944,0.004868538654815069,0.0048685368753766944,d1530f19f6149a8d5417d5247034852e1b53919df4c9e07b8a1e05a846323afc,2026-10-07T15:19:17.992775+00:00
WAFD,2025-09-29,30.479999542236328,29.522680282592773,411800,0.0,-0.015503861641813277,-0.01550386808005344,-0.015503861641813277,d1530f19f6149a8d5417d5247034852e1b53919df4c9e07b8a1e05a846323afc,2026-10-07T15:19:17.992775+00:00
WAFD,2025-09-30,30.290000915527344,29.33864974975586,355800,0.0,-0.006233550838663948,-0.006233530664403242,-0.006233550838663948,d1530f19f6149a8d5417d5247034852e1b53919df4c9e07b8a1e05a846323afc,2026-10-07T15:19:17.992775+00:00
WAFD,2025-10-01,29.93000030517578,28.98995590209961,365500,0.0,-0.011885130388590293,-0.011885136181468359,-0.011885130388590293,d1530f19f6149a8d5417d5247034852e1b53919df4c9e07b8a1e05a846323afc,2026-10-07T15:19:17.992775+00:00
WAFD,2025-10-02,29.899999618530273,28.96089744567871,354500,0.0,-0.001002361722005074,-0.001002362905243137,-0.001002361722005074,d1530f19f6149a8d5417d5247034852e1b53919df4c9e07b8a1e05a846323afc,2026-10-07T15:19:17.992775+00:00
WAFD,2025-10-03,29.969999313354492,29.028696060180664,610200,0.0,0.002341126947066563,0.0023410398323850945,0.002341126947066563,d1530f19f6149a8d5417d5247034852e1b53919df4c9e07b8a1e05a846323afc,2026-10-07T15:19:17.992775+00:00
WAFD,2025-10-06,29.90999984741211,28.970582962036133,469500,0.0,-0.002001984228129361,-0.002001918998499108,-0.002001984228129361,d1530f19f6149a8d5417d5247034852e1b53919df4c9e07b8a1e05a846323afc,2026-10-07T15:19:17.992775+00:00
WAFD,2025-10-07,29.399999618530273,28.476598739624023,434000,0.0,-0.017051161199720388,-0.017051235146335886,-0.017051161199720388,d1530f19f6149a8d5417d5247034852e1b53919df4c9e07b8a1e05a846323afc,2026-10-07T15:19:17.992775+00:00
WAFD,2025-10-08,29.15999984741211,28.244138717651367,368800,0.0,-0.008163257626945586,-0.008163194772597526,-0.008163257626945586,d1530f19f6149a8d5417d5247034852e1b53919df4c9e07b8a1e05a846323afc,2026-10-07T15:19:17.992775+00:00
WAFD,2025-10-09,28.90999984741211,28.001989364624023,403700,0.0,-0.008573388247880454,-0.008573437322626165,-0.008573388247880454,d1530f19f6149a8d5417d5247034852e1b53919df4c9e07b8a1e05a846323afc,2026-10-07T15:19:17.992775+00:00
WAFD,2025-10-10,28.610000610351562,27.71141242980957,670200,0.0,-0.01037700583341239,-0.010377010398466502,-0.01037700583341239,d1530f19f6149a8d5417d5247034852e1b53919df4c9e07b8a1e05a846323afc,2026-10-07T15:19:17.992775+00:00
WAFD,2025-10-13,28.979999542236328,28.069791793823242,465900,0.0,0.012932503460027611,0.012932554950831676,0.012932503460027611,d1530f19f6149a8d5417d5247034852e1b53919df4c9e07b8a1e05a846323afc,2026-10-07T15:19:17.992775+00:00
WAFD,2025-10-14,29.690000534057617,28.757492065429688,410400,0.0,0.02449968954576809,0.02449965702124568,0.02449968954576809,d1530f19f6149a8d5417d5247034852e1b53919df4c9e07b8a1e05a846323afc,2026-10-07T15:19:17.992775+00:00
WAFD,2025-10-15,28.889999389648438,27.982620239257812,551000,0.0,-0.026945137420644083,-0.02694504181410773,-0.026945137420644083,d1530f19f6149a8d5417d5247034852e1b53919df4c9e07b8a1e05a846323afc,2026-10-07T15:19:17.992775+00:00
WAFD,2025-10-16,27.829999923706055,26.955909729003906,831000,0.0,-0.03669087879324051,-0.03669100682764148,-0.03669087879324051,d1530f19f6149a8d5417d5247034852e1b53919df4c9e07b8a1e05a846323afc,2026-10-07T15:19:17.992775+00:00
WAFD,2025-10-17,28.06999969482422,27.188371658325195,799400,0.0,0.0086237790792707,0.008623783491572112,0.0086237790792707,d1530f19f6149a8d5417d5247034852e1b53919df4c9e07b8a1e05a846323afc,2026-10-07T15:19:17.992775+00:00
WAFD,2025-10-20,29.110000610351562,28.195709228515625,501800,0.0,0.03705026458262162,0.03705030896478778,0.03705026458262162,d1530f19f6149a8d5417d5247034852e1b53919df4c9e07b8a1e05a846323afc,2026-10-07T15:19:17.992775+00:00
WAFD,2025-10-21,28.81999969482422,27.914817810058594,488600,0.0,-0.009962243539913151,-0.009962204397148233,-0.009962243539913151,d1530f19f6149a8d5417d5247034852e1b53919df4c9e07b8a1e05a846323afc,2026-10-07T15:19:17.992775+00:00
WAFD,2025-10-22,29.100000381469727,28.186023712158203,512400,0.0,0.00971549929252058,0.009715481718167718,0.00971549929252058,d1530f19f6149a8d5417d5247034852e1b53919df4c9e07b8a1e05a846323afc,2026-10-07T15:19:17.992775+00:00
WAFD,2025-10-23,28.979999542236328,28.069791793823242,463300,0.0,-0.004123740125784092,-0.004123743012563463,-0.004123740125784092,d1530f19f6149a8d5417d5247034852e1b53919df4c9e07b8a1e05a846323afc,2026-10-07T15:19:17.992775+00:00
WAFD,2025-10-24,29.56999969482422,28.64126205444336,409900,0.0,0.020358873771823438,0.020358906286788603,0.020358873771823438,d1530f19f6149a8d5417d5247034852e1b53919df4c9e07b8a1e05a846323afc,2026-10-07T15:19:17.992775+00:00
WAFD,2025-10-27,29.6200008392334,28.6896915435791,461400,0.0,0.001690941661319334,0.0016908992712572068,0.001690941661319334,d1530f19f6149a8d5417d5247034852e1b53919df4c9e07b8a1e05a846323afc,2026-10-07T15:19:17.992775+00:00
WAFD,2025-10-28,29.790000915527344,28.854351043701172,403900,0.0,0.005739367706862897,0.005739326261906763,0.005739367706862897,d1530f19f6149a8d5417d5247034852e1b53919df4c9e07b8a1e05a846323afc,2026-10-07T15:19:17.992775+00:00
WAFD,2025-10-29,29.149999618530273,28.23444938659668,683300,0.0,-0.021483762246663263,-0.021483819066511756,-0.021483762246663263,d1530f19f6149a8d5417d5247034852e1b53919df4c9e07b8a1e05a846323afc,2026-10-07T15:19:17.992775+00:00
WAFD,2025-10-30,29.260000228881836,28.34099769592285,552500,0.0,0.0037736058933475203,0.0037736988551564377,0.0037736058933475203,d1530f19f6149a8d5417d5247034852e1b53919df4c9e07b8a1e05a846323afc,2026-10-07T15:19:17.992775+00:00
WAFD,2025-10-31,29.030000686645508,28.118223190307617,585800,0.0,-0.0078605447859601,-0.007860503289454868,-0.0078605447859601,d1530f19f6149a8d5417d5247034852e1b53919df4c9e07b8a1e05a846323afc,2026-10-07T15:19:17.992775+00:00
WAFD,2025-11-03,29.479999542236328,28.554088592529297,619400,0.0,0.015501165861075306,0.015501171580853068,0.015501165861075306,d1530f19f6149a8d5417d5247034852e1b53919df4c9e07b8a1e05a846323afc,2026-10-07T15:19:17.992775+00:00
WAFD,2025-11-04,29.950000762939453,29.009326934814453,797700,0.0,0.015943053867071733,0.015943017785700286,0.015943053867071733,d1530f19f6149a8d5417d5247034852e1b53919df4c9e07b8a1e05a846323afc,2026-10-07T15:19:17.992775+00:00
WAFD,2025-11-05,30.1200008392334,29.173986434936523,869000,0.0,0.005676129280914877,0.00567608826264987,0.005676129280914877,d1530f19f6149a8d5417d5247034852e1b53919df4c9e07b8a1e05a846323afc,2026-10-07T15:19:17.992775+00:00
WAFD,2025-11-06,29.989999771118164,29.048070907592773,846500,0.0,-0.0043161043988384495,-0.004316020631070283,-0.0043161043988384495,d1530f19f6149a8d5417d5247034852e1b53919df4c9e07b8a1e05a846323afc,2026-10-07T15:19:17.992775+00:00
WAFD,2025-11-07,30.200000762939453,29.251476287841797,702500,0.0,0.00700236723654557,0.007002371375919969,0.00700236723654557,d1530f19f6149a8d5417d5247034852e1b53919df4c9e07b8a1e05a846323afc,2026-10-07T15:19:17.992775+00:00
WAFD,2025-11-10,30.3799991607666,29.42582130432129,417800,0.0,0.005960211698008866,0.005960212563765888,0.005960211698008866,d1530f19f6149a8d5417d5247034852e1b53919df4c9e07b8a1e05a846323afc,2026-10-07T15:19:17.992775+00:00
WAFD,2025-11-11,30.559999465942383,29.60016632080078,406300,0.0,0.00592496083437144,0.005924898906862097,0.00592496083437144,d1530f19f6149a8d5417d5247034852e1b53919df4c9e07b8a1e05a846323afc,2026-10-07T15:19:17.992775+00:00
WAFD,2025-11-12,30.56999969482422,29.609853744506836,566400,0.0,0.0003272326261976044,0.00032727598896120647,0.0003272326261976044,d1530f19f6149a8d5417d5247034852e1b53919df4c9e07b8a1e05a846323afc,2026-10-07T15:19:17.992775+00:00
WAFD,2025-11-13,30.68000030517578,29.716400146484375,677400,0.0,0.003598318987559024,0.003598342730662951,0.003598318987559024,d1530f19f6149a8d5417d5247034852e1b53919df4c9e07b8a1e05a846323afc,2026-10-07T15:19:17.992775+00:00
WAFD,2025-11-14,30.56999969482422,29.609853744506836,702100,0.0,-0.0035854175116486475,-0.00358544108479919,-0.0035854175116486475,d1530f19f6149a8d5417d5247034852e1b53919df4c9e07b8a1e05a846323afc,2026-10-07T15:19:17.992775+00:00
WAFD,2025-11-17,29.729999542236328,28.796234130859375,1429600,0.0,-0.027477924794683917,-0.027478001771569116,-0.027477924794683917,d1530f19f6149a8d5417d5247034852e1b53919df4c9e07b8a1e05a846323afc,2026-10-07T15:19:17.992775+00:00
WAFD,2025-11-18,30.68000030517578,29.716400146484375,739400,0.0,0.03195428111560594,0.03195438721061472,0.03195428111560594,d1530f19f6149a8d5417d5247034852e1b53919df4c9e07b8a1e05a846323afc,2026-10-07T15:19:17.992775+00:00
WAFD,2025-11-19,31.239999771118164,30.25881004333496,1331700,0.0,0.018252915918254065,0.0182528803683093,0.018252915918254065,d1530f19f6149a8d5417d5247034852e1b53919df4c9e07b8a1e05a846323afc,2026-10-07T15:19:17.992775+00:00
WAFD,2025-11-20,31.600000381469727,30.60750389099121,2578600,0.0,0.011523707201956723,0.011523713165087157,0.011523707201956723,d1530f19f6149a8d5417d5247034852e1b53919df4c9e07b8a1e05a846323afc,2026-10-07T15:19:17.992775+00:00
WAFD,2025-11-21,31.729999542236328,30.99827766418457,836300,0.27,0.004113897442951764,0.012767253892545405,0.012658201137274672,d1530f19f6149a8d5417d5247034852e1b53919df4c9e07b8a1e05a846323afc,2026-10-07T15:19:17.992775+00:00
WAFD,2025-11-24,31.31999969482422,30.597734451293945,1172900,0.0,-0.012921520747781634,-0.012921466709533092,-0.012921520747781634,d1530f19f6149a8d5417d5247034852e1b53919df4c9e07b8a1e05a846323afc,2026-10-07T15:19:17.992775+00:00
WAFD,2025-11-25,32.47999954223633,31.73098373413086,884500,0.0,0.037037032526018976,0.03703703241953549,0.037037032526018976,d1530f19f6149a8d5417d5247034852e1b53919df4c9e07b8a1e05a846323afc,2026-10-07T15:19:17.992775+00:00
WAFD,2025-11-26,32.27000045776367,31.52582359313965,1300200,0.0,-0.006465489145083825,-0.006465609220004498,-0.006465489145083825,d1530f19f6149a8d5417d5247034852e1b53919df4c9e07b8a1e05a846323afc,2026-10-07T15:19:17.992775+00:00
WAFD,2025-11-28,31.65999984741211,30.929895401000977,418600,0.0,-0.018903024533574397,-0.018902858806465916,-0.018903024533574397,d1530f19f6149a8d5417d5247034852e1b53919df4c9e07b8a1e05a846323afc,2026-10-07T15:19:17.992775+00:00
WAFD,2025-12-01,32.060001373291016,31.320669174194336,678400,0.0,0.012634287043801207,0.01263417700341507,0.012634287043801207,d1530f19f6149a8d5417d5247034852e1b53919df4c9e07b8a1e05a846323afc,2026-10-07T15:19:17.992775+00:00
WAFD,2025-12-02,31.790000915527344,31.056896209716797,538500,0.0,-0.008421723212669874,-0.008421689939334565,-0.008421723212669874,d1530f19f6149a8d5417d5247034852e1b53919df4c9e07b8a1e05a846323afc,2026-10-07T15:19:17.992775+00:00
WAFD,2025-12-03,32.13999938964844,31.39882469177246,539400,0.0,0.01100970317840222,0.01100974417233247,0.01100970317840222,d1530f19f6149a8d5417d5247034852e1b53919df4c9e07b8a1e05a846323afc,2026-10-07T15:19:17.992775+00:00
WAFD,2025-12-04,32.20000076293945,31.457441329956055,556500,0.0,0.0018668753712030028,0.0018668417929335046,0.0018668753712030028,d1530f19f6149a8d5417d5247034852e1b53919df4c9e07b8a1e05a846323afc,2026-10-07T15:19:17.992775+00:00
WAFD,2025-12-05,32.13999938964844,31.39882469177246,397800,0.0,-0.0018633966419054904,-0.0018633631886575408,-0.0018633966419054904,d1530f19f6149a8d5417d5247034852e1b53919df4c9e07b8a1e05a846323afc,2026-10-07T15:19:17.992775+00:00
WAFD,2025-12-08,32.27000045776367,31.52582359313965,504500,0.0,0.004044837292595194,0.004044702392967725,0.004044837292595194,d1530f19f6149a8d5417d5247034852e1b53919df4c9e07b8a1e05a846323afc,2026-10-07T15:19:17.992775+00:00
WAFD,2025-12-09,31.989999771118164,31.252283096313477,467200,0.0,-0.00867681074290605,-0.008676712156877597,-0.00867681074290605,d1530f19f6149a8d5417d5247034852e1b53919df4c9e07b8a1e05a846323afc,2026-10-07T15:19:17.992775+00:00
WAFD,2025-12-10,33.16999816894531,32.40507125854492,639700,0.0,0.03688647722006233,0.0368865262956557,0.03688647722006233,d1530f19f6149a8d5417d5247034852e1b53919df4c9e07b8a1e05a846323afc,2026-10-07T15:19:17.992775+00:00
WAFD,2025-12-11,33.08000183105469,32.3171501159668,497400,0.0,-0.0027131848917278933,-0.0027131908421568207,-0.0027131848917278933,d1530f19f6149a8d5417d5247034852e1b53919df4c9e07b8a1e05a846323afc,2026-10-07T15:19:17.992775+00:00
WAFD,2025-12-12,32.90999984741211,32.15106964111328,466800,0.0,-0.005139116512472008,-0.005139081702982828,-0.005139116512472008,d1530f19f6149a8d5417d5247034852e1b53919df4c9e07b8a1e05a846323afc,2026-10-07T15:19:17.992775+00:00
WAFD,2025-12-15,33.13999938964844,32.375762939453125,691300,0.0,0.006988743339493286,0.006988672565111598,0.006988743339493286,d1530f19f6149a8d5417d5247034852e1b53919df4c9e07b8a1e05a846323afc,2026-10-07T15:19:17.992775+00:00
WAFD,2025-12-16,32.72999954223633,31.9752197265625,680600,0.0,-0.012371751809391318,-0.012371699584028062,-0.012371751809391318,d1530f19f6149a8d5417d5247034852e1b53919df4c9e07b8a1e05a846323afc,2026-10-07T15:19:17.992775+00:00
WAFD,2025-12-17,33.41999816894531,32.6493034362793,985100,0.0,0.021081534871962848,0.021081441049702,0.021081534871962848,d1530f19f6149a8d5417d5247034852e1b53919df4c9e07b8a1e05a846323afc,2026-10-07T15:19:17.992775+00:00
WAFD,2025-12-18,33.59000015258789,32.81538391113281,703500,0.0,0.005086834020252784,0.005086799942842557,0.005086834020252784,d1530f19f6149a8d5417d5247034852e1b53919df4c9e07b8a1e05a846323afc,2026-10-07T15:19:17.992775+00:00
WAFD,2025-12-19,33.33000183105469,32.56138610839844,2065300,0.0,-0.0077403489238498935,-0.007740205125200572,-0.0077403489238498935,d1530f19f6149a8d5417d5247034852e1b53919df4c9e07b8a1e05a846323afc,2026-10-07T15:19:17.992775+00:00
WAFD,2025-12-22,33.380001068115234,32.6102294921875,442300,0.0,0.0015001270421162172,0.0015000400666747016,0.0015001270421162172,d1530f19f6149a8d5417d5247034852e1b53919df4c9e07b8a1e05a846323afc,2026-10-07T15:19:17.992775+00:00
WAFD,2025-12-23,33.02000045776367,32.2585334777832,340900,0.0,-0.010784919078251187,-0.010784837147145954,-0.010784919078251187,d1530f19f6149a8d5417d5247034852e1b53919df4c9e07b8a1e05a846323afc,2026-10-07T15:19:17.992775+00:00
WAFD,2025-12-24,33.11000061035156,32.34645462036133,209100,0.0,0.002725625419145894,0.002725515796887512,0.002725625419145894,d1530f19f6149a8d5417d5247034852e1b53919df4c9e07b8a1e05a846323afc,2026-10-07T15:19:17.992775+00:00
WAFD,2025-12-26,33.06999969482422,32.307376861572266,258600,0.0,-0.0012081218601620591,-0.001208100215238539,-0.0012081218601620591,d1530f19f6149a8d5417d5247034852e1b53919df4c9e07b8a1e05a846323afc,2026-10-07T15:19:17.992775+00:00
WAFD,2025-12-29,32.91999816894531,32.16083526611328,351600,0.0,-0.004535879264080611,-0.004535855575241277,-0.004535879264080611,d1530f19f6149a8d5417d5247034852e1b53919df4c9e07b8a1e05a846323afc,2026-10-07T15:19:17.992775+00:00
WAFD,2025-12-30,32.470001220703125,31.721216201782227,333700,0.0,-0.013669409880669003,-0.01366939200096784,-0.013669409880669003,d1530f19f6149a8d5417d5247034852e1b53919df4c9e07b8a1e05a846323afc,2026-10-07T15:19:17.992775+00:00
WAFD,2025-12-31,32.029998779296875,31.291358947753906,441100,0.0,-0.013551044806419665,-0.013551096253496375,-0.013551044806419665,d1530f19f6149a8d5417d5247034852e1b53919df4c9e07b8a1e05a846323afc,2026-10-07T15:19:17.992775+00:00
WAFD,2026-01-02,32.130001068115234,31.389055252075195,373600,0.0,0.003122144634079671,0.0031221496159501427,0.003122144634079671,d1530f19f6149a8d5417d5247034852e1b53919df4c9e07b8a1e05a846323afc,2026-10-07T15:19:17.992775+00:00
WAFD,2026-01-05,32.470001220703125,31.721216201782227,431100,0.0,0.010582014979305221,0.010582062666096625,0.010582014979305221,d1530f19f6149a8d5417d5247034852e1b53919df4c9e07b8a1e05a846323afc,2026-10-07T15:19:17.992775+00:00
WAFD,2026-01-06,33.029998779296875,32.2682991027832,582400,0.0,0.01724661341363576,0.01724659286456487,0.01724661341363576,d1530f19f6149a8d5417d5247034852e1b53919df4c9e07b8a1e05a846323afc,2026-10-07T15:19:17.992775+00:00
WAFD,2026-01-07,32.84000015258789,32.082679748535156,429500,0.0,-0.00575230498730972,-0.005752374913124414,-0.00575230498730972,d1530f19f6149a8d5417d5247034852e1b53919df4c9e07b8a1e05a846323afc,2026-10-07T15:19:17.992775+00:00
WAFD,2026-01-08,33.5099983215332,32.73723220825195,551300,0.0,0.02040189299123729,0.020402050727906573,0.02040189299123729,d1530f19f6149a8d5417d5247034852e1b53919df4c9e07b8a1e05a846323afc,2026-10-07T15:19:17.992775+00:00
WAFD,2026-01-09,32.970001220703125,32.209686279296875,432800,0.0,-0.016114506949499896,-0.016114554999616004,-0.016114506949499896,d1530f19f6149a8d5417d5247034852e1b53919df4c9e07b8a1e05a846323afc,2026-10-07T15:19:17.992775+00:00
WAFD,2026-01-12,32.66999816894531,31.916603088378906,447900,0.0,-0.009099273298462274,-0.009099225257165888,-0.009099273298462274,d1530f19f6149a8d5417d5247034852e1b53919df4c9e07b8a1e05a846323afc,2026-10-07T15:19:17.992775+00:00
WAFD,2026-01-13,32.349998474121094,31.603981018066406,304900,0.0,-0.00979491009364053,-0.009794966884377754,-0.00979491009364053,d1530f19f6149a8d5417d5247034852e1b53919df4c9e07b8a1e05a846323afc,2026-10-07T15:19:17.992775+00:00
WAFD,2026-01-14,33.040000915527344,32.278072357177734,508300,0.0,0.02132928822108693,0.021329317301069795,0.02132928822108693,d1530f19f6149a8d5417d5247034852e1b53919df4c9e07b8a1e05a846323afc,2026-10-07T15:19:17.992775+00:00
WAFD,2026-01-15,33.72999954223633,32.95215606689453,763200,0.0,0.020883735096530076,0.020883642066899855,0.020883735096530076,d1530f19f6149a8d5417d5247034852e1b53919df4c9e07b8a1e05a846323afc,2026-10-07T15:19:17.992775+00:00
WAFD,2026-01-16,32.38999938964844,31.64305877685547,969000,0.0,-0.039727250838232475,-0.03972721200341278,-0.039727250838232475,d1530f19f6149a8d5417d5247034852e1b53919df4c9e07b8a1e05a846323afc,2026-10-07T15:19:17.992775+00:00
WAFD,2026-01-20,31.440000534057617,30.714967727661133,787600,0.0,-0.02933000535635799,-0.02933000427484478,-0.02933000535635799,d1530f19f6149a8d5417d5247034852e1b53919df4c9e07b8a1e05a846323afc,2026-10-07T15:19:17.992775+00:00
WAFD,2026-01-21,32.61000061035156,31.857990264892578,802500,0.0,0.03721374225253382,0.0372138609216921,0.03721374225253382,d1530f19f6149a8d5417d5247034852e1b53919df4c9e07b8a1e05a846323afc,2026-10-07T15:19:17.992775+00:00
WAFD,2026-01-22,32.939998626708984,32.18037414550781,659600,0.0,0.010119534197514435,0.010119404203927429,0.010119534197514435,d1530f19f6149a8d5417d5247034852e1b53919df4c9e07b8a1e05a846323afc,2026-10-07T15:19:17.992775+00:00
WAFD,2026-01-23,31.68000030517578,30.949432373046875,572000,0.0,-0.038251316759665865,-0.03825131948109339,-0.038251316759665865,d1530f19f6149a8d5417d5247034852e1b53919df4c9e07b8a1e05a846323afc,2026-10-07T15:19:17.992775+00:00
WAFD,2026-01-26,31.81999969482422,31.08620262145996,703900,0.0,0.004419172610473865,0.004419152078930955,0.004419172610473865,d1530f19f6149a8d5417d5247034852e1b53919df4c9e07b8a1e05a846323afc,2026-10-07T15:19:17.992775+00:00
WAFD,2026-01-27,32.02000045776367,31.281593322753906,325800,0.0,0.006285379159572502,0.006285447716893433,0.006285379159572502,d1530f19f6149a8d5417d5247034852e1b53919df4c9e07b8a1e05a846323afc,2026-10-07T15:19:17.992775+00:00
WAFD,2026-01-28,31.950000762939453,31.213207244873047,557400,0.0,-0.002186124104418763,-0.0021861443301584016,-0.002186124104418763,d1530f19f6149a8d5417d5247034852e1b53919df4c9e07b8a1e05a846323afc,2026-10-07T15:19:17.992775+00:00
WAFD,2026-01-29,32.599998474121094,31.848217010498047,729100,0.0,0.02034421582661139,0.020344265190156197,0.02034421582661139,d1530f19f6149a8d5417d5247034852e1b53919df4c9e07b8a1e05a846323afc,2026-10-07T15:19:17.992775+00:00
WAFD,2026-01-30,32.619998931884766,31.867753982543945,741900,0.0,0.0006135110030618396,0.0006134400566115694,0.0006135110030618396,d1530f19f6149a8d5417d5247034852e1b53919df4c9e07b8a1e05a846323afc,2026-10-07T15:19:17.992775+00:00
WAFD,2026-02-02,33.06999969482422,32.307376861572266,638800,0.0,0.013795241498294253,0.01379522633660124,0.013795241498294253,d1530f19f6149a8d5417d5247034852e1b53919df4c9e07b8a1e05a846323afc,2026-10-07T15:19:17.992775+00:00
WAFD,2026-02-03,33.31999969482422,32.551612854003906,587300,0.0,0.007559721872000047,0.007559759292068868,0.007559721872000047,d1530f19f6149a8d5417d5247034852e1b53919df4c9e07b8a1e05a846323afc,2026-10-07T15:19:17.992775+00:00
WAFD,2026-02-04,33.650001525878906,32.874000549316406,632200,0.0,0.009904016628966117,0.009903893142205522,0.009904016628966117,d1530f19f6149a8d5417d5247034852e1b53919df4c9e07b8a1e05a846323afc,2026-10-07T15:19:17.992775+00:00
WAFD,2026-02-05,33.59000015258789,32.81538391113281,885000,0.0,-0.0017831016514180398,-0.001783069818218741,-0.0017831016514180398,d1530f19f6149a8d5417d5247034852e1b53919df4c9e07b8a1e05a846323afc,2026-10-07T15:19:17.992775+00:00
WAFD,2026-02-06,33.709999084472656,32.932613372802734,634500,0.0,0.0035724599982034366,0.0035723934233831134,0.0035724599982034366,d1530f19f6149a8d5417d5247034852e1b53919df4c9e07b8a1e05a846323afc,2026-10-07T15:19:17.992775+00:00
WAFD,2026-02-09,33.41999816894531,32.6493034362793,466400,0.0,-0.00860281588263001,-0.008602716502219887,-0.00860281588263001,d1530f19f6149a8d5417d5247034852e1b53919df4c9e07b8a1e05a846323afc,2026-10-07T15:19:17.992775+00:00
WAFD,2026-02-10,33.040000915527344,32.278072357177734,483100,0.0,-0.011370355303342627,-0.011370260312783764,-0.011370355303342627,d1530f19f6149a8d5417d5247034852e1b53919df4c9e07b8a1e05a846323afc,2026-10-07T15:19:17.992775+00:00
WAFD,2026-02-11,32.97999954223633,32.21945571899414,479300,0.0,-0.001816022143716678,-0.001815989428828435,-0.001816022143716678,d1530f19f6149a8d5417d5247034852e1b53919df4c9e07b8a1e05a846323afc,2026-10-07T15:19:17.992775+00:00
WAFD,2026-02-12,32.70000076293945,31.945911407470703,673200,0.0,-0.008489957040123342,-0.008490035148612907,-0.008489957040123342,d1530f19f6149a8d5417d5247034852e1b53919df4c9e07b8a1e05a846323afc,2026-10-07T15:19:17.992775+00:00
WAFD,2026-02-13,32.880001068115234,32.38919448852539,510200,0.27,0.00550459636012568,0.013876050534310957,0.013761476901425373,d1530f19f6149a8d5417d5247034852e1b53919df4c9e07b8a1e05a846323afc,2026-10-07T15:19:17.992775+00:00
WAFD,2026-02-17,33.040000915527344,32.54680633544922,598800,0.0,0.0048661752498320165,0.004866186066456946,0.0048661752498320165,d1530f19f6149a8d5417d5247034852e1b53919df4c9e07b8a1e05a846323afc,2026-10-07T15:19:17.992775+00:00
WAFD,2026-02-18,33.09000015258789,32.5960578918457,810500,0.0,0.001513294057962522,0.0015132531250183767,0.001513294057962522,d1530f19f6149a8d5417d5247034852e1b53919df4c9e07b8a1e05a846323afc,2026-10-07T15:19:17.992775+00:00
WAFD,2026-02-19,33.279998779296875,32.78322219848633,496700,0.0,0.005741874458532692,0.005741930734742162,0.005741874458532692,d1530f19f6149a8d5417d5247034852e1b53919df4c9e07b8a1e05a846323afc,2026-10-07T15:19:17.992775+00:00
WAFD,2026-02-20,33.20000076293945,32.70441818237305,576100,0.0,-0.00240378663737173,-0.0024037910500731563,-0.00240378663737173,d1530f19f6149a8d5417d5247034852e1b53919df4c9e07b8a1e05a846323afc,2026-10-07T15:19:17.992775+00:00
WAFD,2026-02-23,31.6299991607666,31.15785026550293,681300,0.0,-0.0472892037980136,-0.04728926557402213,-0.0472892037980136,d1530f19f6149a8d5417d5247034852e1b53919df4c9e07b8a1e05a846323afc,2026-10-07T15:19:17.992775+00:00
WAFD,2026-02-24,31.649999618530273,31.177553176879883,436700,0.0,0.0006323255862896726,0.0006323578555342824,0.0006323255862896726,d1530f19f6149a8d5417d5247034852e1b53919df4c9e07b8a1e05a846323afc,2026-10-07T15:19:17.992775+00:00
WAFD,2026-02-25,32.56999969482422,32.08381652832031,499300,0.0,0.029067933250631395,0.02906781511361456,0.029067933250631395,d1530f19f6149a8d5417d5247034852e1b53919df4c9e07b8a1e05a846323afc,2026-10-07T15:19:17.992775+00:00
WAFD,2026-02-26,32.58000183105469,32.09366989135742,615000,0.0,0.0003070966019094179,0.0003071131836329677,0.0003070966019094179,d1530f19f6149a8d5417d5247034852e1b53919df4c9e07b8a1e05a846323afc,2026-10-07T15:19:17.992775+00:00
WAFD,2026-02-27,31.15999984741211,30.694866180419922,733500,0.0,-0.043585079921298786,-0.04358503454646012,-0.043585079921298786,d1530f19f6149a8d5417d5247034852e1b53919df4c9e07b8a1e05a846323afc,2026-10-07T15:19:17.992775+00:00
WAFD,2026-03-02,31.690000534057617,31.216957092285156,563200,0.0,0.017009007998744385,0.017009062974780775,0.017009007998744385,d1530f19f6149a8d5417d5247034852e1b53919df4c9e07b8a1e05a846323afc,2026-10-07T15:19:17.992775+00:00
WAFD,2026-03-03,31.440000534057617,30.970687866210938,709300,0.0,-0.007888923817824578,-0.007888956804668168,-0.007888923817824578,d1530f19f6149a8d5417d5247034852e1b53919df4c9e07b8a1e05a846323afc,2026-10-07T15:19:17.992775+00:00
WAFD,2026-03-04,31.780000686645508,31.305612564086914,456800,0.0,0.010814254033475024,0.01081424795351027,0.010814254033475024,d1530f19f6149a8d5417d5247034852e1b53919df4c9e07b8a1e05a846323afc,2026-10-07T15:19:17.992775+00:00
WAFD,2026-03-05,31.579999923706055,31.108596801757812,518900,0.0,-0.0062932900760916954,-0.0062933048163738015,-0.0062932900760916954,d1530f19f6149a8d5417d5247034852e1b53919df4c9e07b8a1e05a846323afc,2026-10-07T15:19:17.992775+00:00
WAFD,2026-03-06,31.0,30.537254333496094,553400,0.0,-0.0183660520933272,-0.018366063628734164,-0.0183660520933272,d1530f19f6149a8d5417d5247034852e1b53919df4c9e07b8a1e05a846323afc,2026-10-07T15:19:17.992775+00:00
WAFD,2026-03-09,30.84000015258789,30.3796443939209,741500,0.0,-0.005161285400390625,-0.005161234793866654,-0.005161285400390625,d1530f19f6149a8d5417d5247034852e1b53919df4c9e07b8a1e05a846323afc,2026-10-07T15:19:17.992775+00:00
WAFD,2026-03-10,30.760000228881836,30.300838470458984,763800,0.0,-0.002594031235740535,-0.002594037061134369,-0.002594031235740535,d1530f19f6149a8d5417d5247034852e1b53919df4c9e07b8a1e05a846323afc,2026-10-07T15:19:17.992775+00:00
WAFD,2026-03-11,30.65999984741211,30.20233154296875,507100,0.0,-0.0032509876698840756,-0.003250963750929592,-0.0032509876698840756,d1530f19f6149a8d5417d5247034852e1b53919df4c9e07b8a1e05a846323afc,2026-10-07T15:19:17.992775+00:00
WAFD,2026-03-12,31.049999237060547,30.586509704589844,763100,0.0,0.012720136711982244,0.012720149140622583,0.012720136711982244,d1530f19f6149a8d5417d5247034852e1b53919df4c9e07b8a1e05a846323afc,2026-10-07T15:19:17.992775+00:00
WAFD,2026-03-13,31.040000915527344,30.576658248901367,720000,0.0,-0.0003220071426368598,-0.00032208499052766015,-0.0003220071426368598,d1530f19f6149a8d5417d5247034852e1b53919df4c9e07b8a1e05a846323afc,2026-10-07T15:19:17.992775+00:00
WAFD,2026-03-16,30.959999084472656,30.497852325439453,736400,0.0,-0.0025773785017727535,-0.0025773229638247352,-0.0025773785017727535,d1530f19f6149a8d5417d5247034852e1b53919df4c9e07b8a1e05a846323afc,2026-10-07T15:19:17.992775+00:00
WAFD,2026-03-17,30.979999542236328,30.517553329467773,583100,0.0,0.0006460096367930657,0.0006459800453517683,0.0006460096367930657,d1530f19f6149a8d5417d5247034852e1b53919df4c9e07b8a1e05a846323afc,2026-10-07T15:19:17.992775+00:00
WAFD,2026-03-18,30.760000228881836,30.300838470458984,982100,0.0,-0.007101333654139008,-0.0071013182698210775,-0.007101333654139008,d1530f19f6149a8d5417d5247034852e1b53919df4c9e07b8a1e05a846323afc,2026-10-07T15:19:17.992775+00:00
WAFD,2026-03-19,31.06999969482422,30.606210708618164,626600,0.0,0.010078005969951676,0.010078012806704839,0.010078005969951676,d1530f19f6149a8d5417d5247034852e1b53919df4c9e07b8a1e05a846323afc,2026-10-07T15:19:17.992775+00:00
WAFD,2026-03-20,31.079999923706055,30.61606216430664,2700700,0.0,0.00032186124815125616,0.00032187766666913475,0.00032186124815125616,d1530f19f6149a8d5417d5247034852e1b53919df4c9e07b8a1e05a846323afc,2026-10-07T15:19:17.992775+00:00
WAFD,2026-03-23,31.65999984741211,31.18740463256836,728900,0.0,0.018661516252568067,0.018661526919938387,0.018661516252568067,d1530f19f6149a8d5417d5247034852e1b53919df4c9e07b8a1e05a846323afc,2026-10-07T15:19:17.992775+00:00
WAFD,2026-03-24,31.579999923706055,31.108596801757812,695800,0.0,-0.0025268453598111806,-0.0025269121217047497,-0.0025268453598111806,d1530f19f6149a8d5417d5247034852e1b53919df4c9e07b8a1e05a846323afc,2026-10-07T15:19:17.992775+00:00
WAFD,2026-03-25,31.549999237060547,31.079044342041016,657000,0.0,-0.0009499900797336203,-0.0009499772652917793,-0.0009499900797336203,d1530f19f6149a8d5417d5247034852e1b53919df4c9e07b8a1e05a846323afc,2026-10-07T15:19:17.992775+00:00
WAFD,2026-03-26,31.59000015258789,31.11844825744629,484600,0.0,0.0012678578920648498,0.0012678612305967452,0.0012678578920648498,d1530f19f6149a8d5417d5247034852e1b53919df4c9e07b8a1e05a846323afc,2026-10-07T15:19:17.992775+00:00
WAFD,2026-03-27,31.049999237060547,30.586509704589844,680800,0.0,-0.017094045993004126,-0.0170939935197173,-0.017094045993004126,d1530f19f6149a8d5417d5247034852e1b53919df4c9e07b8a1e05a846323afc,2026-10-07T15:19:17.992775+00:00
WAFD,2026-03-30,31.06999969482422,30.606210708618164,572500,0.0,0.0006441371418715036,0.0006441076219090291,0.0006441371418715036,d1530f19f6149a8d5417d5247034852e1b53919df4c9e07b8a1e05a846323afc,2026-10-07T15:19:17.992775+00:00
WAFD,2026-03-31,31.399999618530273,30.931283950805664,817500,0.0,0.010621175633967805,0.01062115285300469,0.010621175633967805,d1530f19f6149a8d5417d5247034852e1b53919df4c9e07b8a1e05a846323afc,2026-10-07T15:19:17.992775+00:00
WAFD,2026-04-01,31.6299991607666,31.15785026550293,856200,0.0,0.007324826274857532,0.007324827351415708,0.007324826274857532,d1530f19f6149a8d5417d5247034852e1b53919df4c9e07b8a1e05a846323afc,2026-10-07T15:19:17.992775+00:00
WAFD,2026-04-02,31.809999465942383,31.33516502380371,867100,0.0,0.005690809672832753,0.005690853405798002,0.005690809672832753,d1530f19f6149a8d5417d5247034852e1b53919df4c9e07b8a1e05a846323afc,2026-10-07T15:19:17.992775+00:00
WAFD,2026-04-06,32.04999923706055,31.57158088684082,442300,0.0,0.007544790164964343,0.00754474606588218,0.007544790164964343,d1530f19f6149a8d5417d5247034852e1b53919df4c9e07b8a1e05a846323afc,2026-10-07T15:19:17.992775+00:00
WAFD,2026-04-07,31.8799991607666,31.404117584228516,635700,0.0,-0.005304214675218133,-0.005304241913400842,-0.005304214675218133,d1530f19f6149a8d5417d5247034852e1b53919df4c9e07b8a1e05a846323afc,2026-10-07T15:19:17.992775+00:00
WAFD,2026-04-08,32.81999969482422,32.33008575439453,597100,0.0,0.02948558841916271,0.029485565632675126,0.02948558841916271,d1530f19f6149a8d5417d5247034852e1b53919df4c9e07b8a1e05a846323afc,2026-10-07T15:19:17.992775+00:00
WAFD,2026-04-09,33.16999816894531,32.674861907958984,1060300,0.0,0.01066418273539127,0.010664251130777957,0.01066418273539127,d1530f19f6149a8d5417d5247034852e1b53919df4c9e07b8a1e05a846323afc,2026-10-07T15:19:17.992775+00:00
WAFD,2026-04-10,32.540000915527344,32.05426788330078,392900,0.0,-0.01899298426877183,-0.01899301139837528,-0.01899298426877183,d1530f19f6149a8d5417d5247034852e1b53919df4c9e07b8a1e05a846323afc,2026-10-07T15:19:17.992775+00:00
WAFD,2026-04-13,32.72999954223633,32.241432189941406,363900,0.0,0.005838925057261468,0.005838982419502647,0.005838925057261468,d1530f19f6149a8d5417d5247034852e1b53919df4c9e07b8a1e05a846323afc,2026-10-07T15:19:17.992775+00:00
WAFD,2026-04-14,32.709999084472656,32.22172927856445,438900,0.0,-0.0006110741840329448,-0.0006111053398892841,-0.0006110741840329448,d1530f19f6149a8d5417d5247034852e1b53919df4c9e07b8a1e05a846323afc,2026-10-07T15:19:17.992775+00:00
WAFD,2026-04-15,32.47999954223633,31.995162963867188,445000,0.0,-0.0070314750435290785,-0.007031475956443711,-0.0070314750435290785,d1530f19f6149a8d5417d5247034852e1b53919df4c9e07b8a1e05a846323afc,2026-10-07T15:19:17.992775+00:00
WAFD,2026-04-16,32.5099983215332,32.02471160888672,609000,0.0,0.0009236077499898965,0.0009235347559535256,0.0009236077499898965,d1530f19f6149a8d5417d5247034852e1b53919df4c9e07b8a1e05a846323afc,2026-10-07T15:19:17.992775+00:00
WAFD,2026-04-17,35.2400016784668,34.713966369628906,1943600,0.0,0.0839742693903911,0.08397436309765016,0.0839742693903911,d1530f19f6149a8d5417d5247034852e1b53919df4c9e07b8a1e05a846323afc,2026-10-07T15:19:17.992775+00:00
WAFD,2026-04-20,35.20000076293945,34.674560546875,1386500,0.0,-0.0011350997055084022,-0.0011351576000944164,-0.0011350997055084022,d1530f19f6149a8d5417d5247034852e1b53919df4c9e07b8a1e05a846323afc,2026-10-07T15:19:17.992775+00:00
WAFD,2026-04-21,34.970001220703125,34.447998046875,874600,0.0,-0.00653407776281878,-0.006533968893238651,-0.00653407776281878,d1530f19f6149a8d5417d5247034852e1b53919df4c9e07b8a1e05a846323afc,2026-10-07T15:19:17.992775+00:00
WAFD,2026-04-22,35.040000915527344,34.51694869995117,739100,0.0,0.0020017069597004777,0.00200158665192518,0.0020017069597004777,d1530f19f6149a8d5417d5247034852e1b53919df4c9e07b8a1e05a846323afc,2026-10-07T15:19:17.992775+00:00
WAFD,2026-04-23,35.41999816894531,34.891273498535156,484900,0.0,0.010844670190906847,0.010844666538688319,0.010844670190906847,d1530f19f6149a8d5417d5247034852e1b53919df4c9e07b8a1e05a846323afc,2026-10-07T15:19:17.992775+00:00
WAFD,2026-04-24,35.20000076293945,34.674560546875,825900,0.0,-0.006211107210015165,-0.006211093202695972,-0.006211107210015165,d1530f19f6149a8d5417d5247034852e1b53919df4c9e07b8a1e05a846323afc,2026-10-07T15:19:17.992775+00:00
WAFD,2026-04-27,35.5,34.9700813293457,782300,0.0,0.008522705413586351,0.00852269726882926,0.008522705413586351,d1530f19f6149a8d5417d5247034852e1b53919df4c9e07b8a1e05a846323afc,2026-10-07T15:19:17.992775+00:00
WAFD,2026-04-28,35.58000183105469,35.048892974853516,565900,0.0,0.0022535727057657606,0.002253687795735093,0.0022535727057657606,d1530f19f6149a8d5417d5247034852e1b53919df4c9e07b8a1e05a846323afc,2026-10-07T15:19:17.992775+00:00
WAFD,2026-04-29,35.060001373291016,34.536651611328125,478200,0.0,-0.014614964333976244,-0.014615051148488711,-0.014614964333976244,d1530f19f6149a8d5417d5247034852e1b53919df4c9e07b8a1e05a846323afc,2026-10-07T15:19:17.992775+00:00
WAFD,2026-04-30,35.400001525878906,34.871578216552734,573600,0.0,0.009697665124648536,0.009697715024427955,0.009697665124648536,d1530f19f6149a8d5417d5247034852e1b53919df4c9e07b8a1e05a846323afc,2026-10-07T15:19:17.992775+00:00
WAFD,2026-05-01,35.459999084472656,34.93067932128906,423300,0.0,0.0016948462149044552,0.0016948216214738299,0.0016948462149044552,d1530f19f6149a8d5417d5247034852e1b53919df4c9e07b8a1e05a846323afc,2026-10-07T15:19:17.992775+00:00
WAFD,2026-05-04,35.22999954223633,34.7041130065918,450200,0.0,-0.006486168871251974,-0.006486169725281599,-0.006486168871251974,d1530f19f6149a8d5417d5247034852e1b53919df4c9e07b8a1e05a846323afc,2026-10-07T15:19:17.992775+00:00
WAFD,2026-05-05,35.5099983215332,34.97993469238281,394300,0.0,0.007947737239144548,0.007947809694448082,0.007947737239144548,d1530f19f6149a8d5417d5247034852e1b53919df4c9e07b8a1e05a846323afc,2026-10-07T15:19:17.992775+00:00
WAFD,2026-05-06,35.63999938964844,35.107994079589844,619500,0.0,0.0036609708324431,0.0036609384303658565,0.0036609708324431,d1530f19f6149a8d5417d5247034852e1b53919df4c9e07b8a1e05a846323afc,2026-10-07T15:19:17.992775+00:00
WAFD,2026-05-07,35.66999816894531,35.137542724609375,544800,0.0,0.0008417166052361313,0.0008416500513399594,0.0008417166052361313,d1530f19f6149a8d5417d5247034852e1b53919df4c9e07b8a1e05a846323afc,2026-10-07T15:19:17.992775+00:00
WAFD,2026-05-08,35.54999923706055,35.01933670043945,461200,0.0,-0.0033641418010847968,-0.003364094783074645,-0.0033641418010847968,d1530f19f6149a8d5417d5247034852e1b53919df4c9e07b8a1e05a846323afc,2026-10-07T15:19:17.992775+00:00
WAFD,2026-05-11,35.470001220703125,34.940528869628906,635700,0.0,-0.0022502958670678197,-0.0022504090093048434,-0.0022502958670678197,d1530f19f6149a8d5417d5247034852e1b53919df4c9e07b8a1e05a846323afc,2026-10-07T15:19:17.992775+00:00
WAFD,2026-05-12,35.16999816894531,34.64500427246094,614100,0.0,-0.008457937452302833,-0.008457931426013587,-0.008457937452302833,d1530f19f6149a8d5417d5247034852e1b53919df4c9e07b8a1e05a846323afc,2026-10-07T15:19:17.992775+00:00
WAFD,2026-05-13,34.59000015258789,34.073665618896484,635200,0.0,-0.016491272293256865,-0.016491227683831045,-0.016491272293256865,d1530f19f6149a8d5417d5247034852e1b53919df4c9e07b8a1e05a846323afc,2026-10-07T15:19:17.992775+00:00
WAFD,2026-05-14,34.720001220703125,34.20172882080078,536500,0.0,0.0037583425134939397,0.003758421630846609,0.0037583425134939397,d1530f19f6149a8d5417d5247034852e1b53919df4c9e07b8a1e05a846323afc,2026-10-07T15:19:17.992775+00:00
WAFD,2026-05-15,34.31999969482422,33.80769348144531,481700,0.0,-0.01152078087026076,-0.011520918764662658,-0.01152078087026076,d1530f19f6149a8d5417d5247034852e1b53919df4c9e07b8a1e05a846323afc,2026-10-07T15:19:17.992775+00:00
WAFD,2026-05-18,35.06999969482422,34.54650115966797,441200,0.0,0.021853147047466548,0.021853241145484814,0.021853147047466548,d1530f19f6149a8d5417d5247034852e1b53919df4c9e07b8a1e05a846323afc,2026-10-07T15:19:17.992775+00:00
WAFD,2026-05-19,34.869998931884766,34.349483489990234,473000,0.0,-0.0057029017587636455,-0.005702970288283371,-0.0057029017587636455,d1530f19f6149a8d5417d5247034852e1b53919df4c9e07b8a1e05a846323afc,2026-10-07T15:19:17.992775+00:00
WAFD,2026-05-20,35.45000076293945,34.92082977294922,410100,0.0,0.01663326208261906,0.016633329672205432,0.01663326208261906,d1530f19f6149a8d5417d5247034852e1b53919df4c9e07b8a1e05a846323afc,2026-10-07T15:19:17.992775+00:00
WAFD,2026-05-21,35.45000076293945,34.92082977294922,460300,0.0,0.0,0.0,0.0,d1530f19f6149a8d5417d5247034852e1b53919df4c9e07b8a1e05a846323afc,2026-10-07T15:19:17.992775+00:00
WAFD,2026-05-22,35.2400016784668,34.98038864135742,362800,0.27,-0.005923810435913945,0.0017055398968308655,0.0016925504721025941,d1530f19f6149a8d5417d5247034852e1b53919df4c9e07b8a1e05a846323afc,2026-10-07T15:19:17.992775+00:00
WAFD,2026-05-26,35.959999084472656,35.6950798034668,538400,0.0,0.020431253453821796,0.020431195588959117,0.020431253453821796,d1530f19f6149a8d5417d5247034852e1b53919df4c9e07b8a1e05a846323afc,2026-10-07T15:19:17.992775+00:00
WAFD,2026-05-27,35.54999923706055,35.28810119628906,420600,0.0,-0.01140155333288495,-0.011401532351755894,-0.01140155333288495,d1530f19f6149a8d5417d5247034852e1b53919df4c9e07b8a1e05a846323afc,2026-10-07T15:19:17.992775+00:00
WAFD,2026-05-28,35.59000015258789,35.32780838012695,433100,0.0,0.0011252015860985232,0.0011252286887588614,0.0011252015860985232,d1530f19f6149a8d5417d5247034852e1b53919df4c9e07b8a1e05a846323afc,2026-10-07T15:19:17.992775+00:00
WAFD,2026-05-29,35.560001373291016,35.298030853271484,624700,0.0,-0.00084289910559876,-0.0008428919941781965,-0.00084289910559876,d1530f19f6149a8d5417d5247034852e1b53919df4c9e07b8a1e05a846323afc,2026-10-07T15:19:17.992775+00:00
WAFD,2026-06-01,35.0,34.74215316772461,648100,0.0,-0.01574806950687102,-0.015748121697144346,-0.01574806950687102,d1530f19f6149a8d5417d5247034852e1b53919df4c9e07b8a1e05a846323afc,2026-10-07T15:19:17.992775+00:00
WAFD,2026-06-02,35.349998474121094,35.08957290649414,513400,0.0,0.009999956403459853,0.009999948393880409,0.009999956403459853,d1530f19f6149a8d5417d5247034852e1b53919df4c9e07b8a1e05a846323afc,2026-10-07T15:19:17.992775+00:00
WAFD,2026-06-03,34.560001373291016,34.305397033691406,529900,0.0,-0.022347868031972196,-0.022347831787305816,-0.022347868031972196,d1530f19f6149a8d5417d5247034852e1b53919df4c9e07b8a1e05a846323afc,2026-10-07T15:19:17.992775+00:00
WAFD,2026-06-04,35.56999969482422,35.30795669555664,469500,0.0,0.029224487309012614,0.029224546239200233,0.029224487309012614,d1530f19f6149a8d5417d5247034852e1b53919df4c9e07b8a1e05a846323afc,2026-10-07T15:19:17.992775+00:00
WAFD,2026-06-05,35.56999969482422,35.30795669555664,410400,0.0,0.0,0.0,0.0,d1530f19f6149a8d5417d5247034852e1b53919df4c9e07b8a1e05a846323afc,2026-10-07T15:19:17.992775+00:00
WAFD,2026-06-08,35.779998779296875,35.51640701293945,425200,0.0,0.005903825872205726,0.005903777417089806,0.005903825872205726,d1530f19f6149a8d5417d5247034852e1b53919df4c9e07b8a1e05a846323afc,2026-10-07T15:19:17.992775+00:00
WAFD,2026-06-09,36.11000061035156,35.84397888183594,486500,0.0,0.009223081115520726,0.009223113947791628,0.009223081115520726,d1530f19f6149a8d5417d5247034852e1b53919df4c9e07b8a1e05a846323afc,2026-10-07T15:19:17.992775+00:00
WAFD,2026-06-10,36.54999923706055,36.28073501586914,421300,0.0,0.012184952070669608,0.012184923316494123,0.012184952070669608,d1530f19f6149a8d5417d5247034852e1b53919df4c9e07b8a1e05a846323afc,2026-10-07T15:19:17.992775+00:00
WAFD,2026-06-11,36.56999969482422,36.30058670043945,441800,0.0,0.0005472081581712196,0.0005471687539304604,0.0005472081581712196,d1530f19f6149a8d5417d5247034852e1b53919df4c9e07b8a1e05a846323afc,2026-10-07T15:19:17.992775+00:00
WAFD,2026-06-12,37.06999969482422,36.796905517578125,412300,0.0,0.013672409192575508,0.013672473705023114,0.013672409192575508,d1530f19f6149a8d5417d5247034852e1b53919df4c9e07b8a1e05a846323afc,2026-10-07T15:19:17.992775+00:00
WAFD,2026-06-15,36.59000015258789,36.32044219970703,542900,0.0,-0.012948463614456007,-0.012948461593964344,-0.012948463614456007,d1530f19f6149a8d5417d5247034852e1b53919df4c9e07b8a1e05a846323afc,2026-10-07T15:19:17.992775+00:00
WAFD,2026-06-16,36.959999084472656,36.687713623046875,732600,0.0,0.010112023239732038,0.010111975545903595,0.010112023239732038,d1530f19f6149a8d5417d5247034852e1b53919df4c9e07b8a1e05a846323afc,2026-10-07T15:19:17.992775+00:00
WAFD,2026-06-17,36.209999084472656,35.943241119384766,680600,0.0,-0.020292208294861225,-0.020292147701306718,-0.020292208294861225,d1530f19f6149a8d5417d5247034852e1b53919df4c9e07b8a1e05a846323afc,2026-10-07T15:19:17.992775+00:00
WAFD,2026-06-18,36.47999954223633,36.21125030517578,1498200,0.0,0.007456516558694171,0.007456455718637844,0.007456516558694171,d1530f19f6149a8d5417d5247034852e1b53919df4c9e07b8a1e05a846323afc,2026-10-07T15:19:17.992775+00:00
WAFD,2026-06-22,36.79999923706055,36.528892517089844,556200,0.0,0.008771921569070251,0.008771920583716009,0.008771921569070251,d1530f19f6149a8d5417d5247034852e1b53919df4c9e07b8a1e05a846323afc,2026-10-07T15:19:17.992775+00:00
WAFD,2026-06-23,37.2599983215332,36.985504150390625,499400,0.0,0.012499975380689587,0.012500013053698744,0.012499975380689587,d1530f19f6149a8d5417d5247034852e1b53919df4c9e07b8a1e05a846323afc,2026-10-07T15:19:17.992775+00:00
WAFD,2026-06-24,37.7400016784668,37.461971282958984,704000,0.0,0.012882538340217575,0.012882537186216236,0.012882538340217575,d1530f19f6149a8d5417d5247034852e1b53919df4c9e07b8a1e05a846323afc,2026-10-07T15:19:17.992775+00:00
WAFD,2026-06-25,38.0099983215332,37.729976654052734,563200,0.0,0.00715412376943414,0.007154064826686346,0.00715412376943414,d1530f19f6149a8d5417d5247034852e1b53919df4c9e07b8a1e05a846323afc,2026-10-07T15:19:17.992775+00:00
WAFD,2026-06-26,37.95000076293945,37.6704216003418,1226900,0.0,-0.0015784678043450073,-0.0015784545603353406,-0.0015784678043450073,d1530f19f6149a8d5417d5247034852e1b53919df4c9e07b8a1e05a846323afc,2026-10-07T15:19:17.992775+00:00
WAFD,2026-06-29,38.04999923706055,37.769683837890625,938400,0.0,0.0026350058527204734,0.002635017961888808,0.0026350058527204734,d1530f19f6149a8d5417d5247034852e1b53919df4c9e07b8a1e05a846323afc,2026-10-07T15:19:17.992775+00:00
WAFD,2026-06-30,38.369998931884766,38.08732604980469,576800,0.0,0.008409979007635293,0.008409978046874711,0.008409979007635293,d1530f19f6149a8d5417d5247034852e1b53919df4c9e07b8a1e05a846323afc,2026-10-07T15:19:17.992775+00:00
WAFD,2026-07-01,39.040000915527344,38.75239181518555,945800,0.0,0.01746161069308294,0.017461602962391964,0.01746161069308294,d1530f19f6149a8d5417d5247034852e1b53919df4c9e07b8a1e05a846323afc,2026-10-07T15:19:17.992775+00:00
WAFD,2026-07-02,38.34000015258789,38.05754852294922,461100,0.0,-0.017930346990874257,-0.017930333063056136,-0.017930346990874257,d1530f19f6149a8d5417d5247034852e1b53919df4c9e07b8a1e05a846323afc,2026-10-07T15:19:17.992775+00:00
WAFD,2026-07-06,38.15999984741211,37.878875732421875,543800,0.0,-0.004694843621789402,-0.004694805563201232,-0.004694843621789402,d1530f19f6149a8d5417d5247034852e1b53919df4c9e07b8a1e05a846323afc,2026-10-07T15:19:17.992775+00:00
WAFD,2026-07-07,37.650001525878906,37.37263488769531,408700,0.0,-0.01336473594267562,-0.013364727303488921,-0.01336473594267562,d1530f19f6149a8d5417d5247034852e1b53919df4c9e07b8a1e05a846323afc,2026-10-07T15:19:17.992775+00:00
WAFD,2026-07-08,36.900001525878906,36.62815856933594,563200,0.0,-0.01992031791776916,-0.019920359391210285,-0.01992031791776916,d1530f19f6149a8d5417d5247034852e1b53919df4c9e07b8a1e05a846323afc,2026-10-07T15:19:17.992775+00:00
WAFD,2026-07-09,37.77000045776367,37.49174880981445,574600,0.0,0.023577205851187166,0.023577222394179698,0.023577205851187166,d1530f19f6149a8d5417d5247034852e1b53919df4c9e07b8a1e05a846323afc,2026-10-07T15:19:17.992775+00:00
WAFD,2026-07-10,38.099998474121094,37.81931686401367,400600,0.0,0.008737040306008081,0.008737070544798664,0.008737040306008081,d1530f19f6149a8d5417d5247034852e1b53919df4c9e07b8a1e05a846323afc,2026-10-07T15:19:17.992775+00:00
WAFD,2026-07-13,38.09000015258789,37.809391021728516,447200,0.0,-0.000262423147864288,-0.0002624542987078593,-0.000262423147864288,d1530f19f6149a8d5417d5247034852e1b53919df4c9e07b8a1e05a846323afc,2026-10-07T15:19:17.992775+00:00
WAFD,2026-07-14,38.0099983215332,37.729976654052734,496300,0.0,-0.002100336853090079,-0.002100387378102475,-0.002100336853090079,d1530f19f6149a8d5417d5247034852e1b53919df4c9e07b8a1e05a846323afc,2026-10-07T15:19:17.992775+00:00
WAFD,2026-07-15,38.38999938964844,38.107181549072266,474400,0.0,0.009997397655762574,0.009997485513392634,0.009997397655762574,d1530f19f6149a8d5417d5247034852e1b53919df4c9e07b8a1e05a846323afc,2026-10-07T15:19:17.992775+00:00
WAFD,2026-07-16,39.31999969482422,39.03032684326172,788900,0.0,0.024225066943516227,0.02422496906523186,0.024225066943516227,d1530f19f6149a8d5417d5247034852e1b53919df4c9e07b8a1e05a846323afc,2026-10-07T15:19:17.992775+00:00
WAFD,2026-07-17,38.119998931884766,37.839168548583984,1352200,0.0,-0.030518839579172563,-0.030518788619454784,-0.030518839579172563,d1530f19f6149a8d5417d5247034852e1b53919df4c9e07b8a1e05a846323afc,2026-10-07T15:19:17.992775+00:00
WAFD,2026-07-20,36.84000015258789,36.568599700927734,759800,0.0,-0.03357814310498952,-0.033578138642895716,-0.03357814310498952,d1530f19f6149a8d5417d5247034852e1b53919df4c9e07b8a1e05a846323afc,2026-10-07T15:19:17.992775+00:00
WAFD,2026-07-21,37.08000183105469,36.80683135986328,705400,0.0,0.006514703514460596,0.006514650844820391,0.006514703514460596,d1530f19f6149a8d5417d5247034852e1b53919df4c9e07b8a1e05a846323afc,2026-10-07T15:19:17.992775+00:00
WAFD,2026-07-22,36.7400016784668,36.469337463378906,595400,0.0,-0.009169367200600798,-0.009169327649660164,-0.009169367200600798,d1530f19f6149a8d5417d5247034852e1b53919df4c9e07b8a1e05a846323afc,2026-10-07T15:19:17.992775+00:00
WAFD,2026-07-23,36.720001220703125,36.449485778808594,726000,0.0,-0.0005443782485016202,-0.0005443390516827185,-0.0005443782485016202,d1530f19f6149a8d5417d5247034852e1b53919df4c9e07b8a1e05a846323afc,2026-10-07T15:19:17.992775+00:00
WAFD,2026-07-24,36.72999954223633,36.459407806396484,392900,0.0,0.0002722854357521953,0.0002722131019379237,0.0002722854357521953,d1530f19f6149a8d5417d5247034852e1b53919df4c9e07b8a1e05a846323afc,2026-10-07T15:19:17.992775+00:00
WAFD,2026-07-27,36.43000030517578,36.16162109375,442400,0.0,-0.00816768964877257,-0.008167623408141034,-0.00816768964877257,d1530f19f6149a8d5417d5247034852e1b53919df4c9e07b8a1e05a846323afc,2026-10-07T15:19:17.992775+00:00
WAFD,2026-07-28,36.70000076293945,36.429630279541016,434800,0.0,0.007411486563323244,0.007411426193980386,0.007411486563323244,d1530f19f6149a8d5417d5247034852e1b53919df4c9e07b8a1e05a846323afc,2026-10-07T15:19:17.992775+00:00
WAFD,2026-07-29,36.63999938964844,36.37007141113281,770900,0.0,-0.0016349147695824406,-0.0016349018079837574,-0.0016349147695824406,d1530f19f6149a8d5417d5247034852e1b53919df4c9e07b8a1e05a846323afc,2026-10-07T15:19:17.992775+00:00
WAFD,2026-07-30,36.43000030517578,36.16162109375,413100,0.0,-0.005731416156409264,-0.005731369483069182,-0.005731416156409264,d1530f19f6149a8d5417d5247034852e1b53919df4c9e07b8a1e05a846323afc,2026-10-07T15:19:17.992775+00:00
WAFD,2026-07-31,36.77000045776367,36.499114990234375,666800,0.0,0.009332971444954596,0.009332930501356973,0.009332971444954596,d1530f19f6149a8d5417d5247034852e1b53919df4c9e07b8a1e05a846323afc,2026-10-07T15:19:17.992775+00:00
WAFD,2026-08-03,37.36000061035156,37.08477020263672,585000,0.0,0.016045693370757563,0.016045737343468147,0.016045693370757563,d1530f19f6149a8d5417d5247034852e1b53919df4c9e07b8a1e05a846323afc,2026-10-07T15:19:17.992775+00:00
WAFD,2026-08-04,37.66999816894531,37.39248275756836,688400,0.0,0.008297579055923654,0.008297545144549945,0.008297579055923654,d1530f19f6149a8d5417d5247034852e1b53919df4c9e07b8a1e05a846323afc,2026-10-07T15:19:17.992775+00:00
WAFD,2026-08-05,37.720001220703125,37.442115783691406,658700,0.0,0.0013273972441822934,0.001327353052345881,0.0013273972441822934,d1530f19f6149a8d5417d5247034852e1b53919df4c9e07b8a1e05a846323afc,2026-10-07T15:19:17.992775+00:00
WAFD,2026-08-06,37.470001220703125,37.1939582824707,592400,0.0,-0.006627783454651204,-0.006627763843644607,-0.006627783454651204,d1530f19f6149a8d5417d5247034852e1b53919df4c9e07b8a1e05a846323afc,2026-10-07T15:19:17.992775+00:00
WAFD,2026-08-07,37.15999984741211,36.8862419128418,421700,0.0,-0.008273321675787204,-0.008273289099588244,-0.008273321675787204,d1530f19f6149a8d5417d5247034852e1b53919df4c9e07b8a1e05a846323afc,2026-10-07T15:19:17.992775+00:00
WAFD,2026-08-10,37.33000183105469,37.05499267578125,610800,0.0,0.004574865025313457,0.004574897148324153,0.004574865025313457,d1530f19f6149a8d5417d5247034852e1b53919df4c9e07b8a1e05a846323afc,2026-10-07T15:19:17.992775+00:00
WAFD,2026-08-11,38.060001373291016,37.77961349487305,544200,0.0,0.019555304217238056,0.0195552816710014,0.019555304217238056,d1530f19f6149a8d5417d5247034852e1b53919df4c9e07b8a1e05a846323afc,2026-10-07T15:19:17.992775+00:00
WAFD,2026-08-12,37.7599983215332,37.48181915283203,691300,0.0,-0.007882371017683187,-0.007882408380949335,-0.007882371017683187,d1530f19f6149a8d5417d5247034852e1b53919df4c9e07b8a1e05a846323afc,2026-10-07T15:19:17.992775+00:00
WAFD,2026-08-13,37.95000076293945,37.6704216003418,493500,0.0,0.005031844540573038,0.005031838149070156,0.005031844540573038,d1530f19f6149a8d5417d5247034852e1b53919df4c9e07b8a1e05a846323afc,2026-10-07T15:19:17.992775+00:00
WAFD,2026-08-14,37.939998626708984,37.66049575805664,305300,0.0,-0.00026356089669010707,-0.00026349166968353543,-0.00026356089669010707,d1530f19f6149a8d5417d5247034852e1b53919df4c9e07b8a1e05a846323afc,2026-10-07T15:19:17.992775+00:00
WAFD,2026-08-17,37.7599983215332,37.48181915283203,369000,0.0,-0.004744341372987404,-0.004744403960385557,-0.004744341372987404,d1530f19f6149a8d5417d5247034852e1b53919df4c9e07b8a1e05a846323afc,2026-10-07T15:19:17.992775+00:00
WAFD,2026-08-18,37.459999084472656,37.18403244018555,371400,0.0,-0.00794489540243093,-0.007944830837379069,-0.00794489540243093,d1530f19f6149a8d5417d5247034852e1b53919df4c9e07b8a1e05a846323afc,2026-10-07T15:19:17.992775+00:00
WAFD,2026-08-19,36.720001220703125,36.449485778808594,655900,0.0,-0.01975434815416921,-0.01975435726500474,-0.01975434815416921,d1530f19f6149a8d5417d5247034852e1b53919df4c9e07b8a1e05a846323afc,2026-10-07T15:19:17.992775+00:00
WAFD,2026-08-20,36.650001525878906,36.380001068115234,369600,0.0,-0.0019063097085288971,-0.001906328970318616,-0.0019063097085288971,d1530f19f6149a8d5417d5247034852e1b53919df4c9e07b8a1e05a846323afc,2026-10-07T15:19:17.992775+00:00
WAFD,2026-08-21,36.380001068115234,36.380001068115234,414900,0.27,-0.007366997176603718,0.0,-1.2490140477439127e-08,d1530f19f6149a8d5417d5247034852e1b53919df4c9e07b8a1e05a846323afc,2026-10-07T15:19:17.992775+00:00
WAFD,2026-08-24,36.290000915527344,36.290000915527344,436800,0.0,-0.0024738908726082975,-0.0024738908726082975,-0.0024738908726082975,d1530f19f6149a8d5417d5247034852e1b53919df4c9e07b8a1e05a846323afc,2026-10-07T15:19:17.992775+00:00
WAFD,2026-08-25,36.209999084472656,36.209999084472656,377400,0.0,-0.002204514440242278,-0.002204514440242278,-0.002204514440242278,d1530f19f6149a8d5417d5247034852e1b53919df4c9e07b8a1e05a846323afc,2026-10-07T15:19:17.992775+00:00
WAFD,2026-08-26,36.220001220703125,36.220001220703125,301200,0.0,0.00027622580732833413,0.00027622580732833413,0.00027622580732833413,d1530f19f6149a8d5417d5247034852e1b53919df4c9e07b8a1e05a846323afc,2026-10-07T15:19:17.992775+00:00
WAFD,2026-08-27,36.18000030517578,36.18000030517578,286400,0.0,-0.0011043874704366186,-0.0011043874704366186,-0.0011043874704366186,d1530f19f6149a8d5417d5247034852e1b53919df4c9e07b8a1e05a846323afc,2026-10-07T15:19:17.992775+00:00
WAFD,2026-08-28,36.09000015258789,36.09000015258789,314700,0.0,-0.0024875663855374874,-0.0024875663855374874,-0.0024875663855374874,d1530f19f6149a8d5417d5247034852e1b53919df4c9e07b8a1e05a846323afc,2026-10-07T15:19:17.992775+00:00
WAFD,2026-08-31,35.7599983215332,35.7599983215332,452700,0.0,-0.009143857845925307,-0.009143857845925307,-0.009143857845925307,d1530f19f6149a8d5417d5247034852e1b53919df4c9e07b8a1e05a846323afc,2026-10-07T15:19:17.992775+00:00
WAFD,2026-09-01,35.380001068115234,35.380001068115234,431000,0.0,-0.010626321903073221,-0.010626321903073221,-0.010626321903073221,d1530f19f6149a8d5417d5247034852e1b53919df4c9e07b8a1e05a846323afc,2026-10-07T15:19:17.992775+00:00
WAFD,2026-09-02,35.939998626708984,35.939998626708984,473500,0.0,0.015828082014910594,0.015828082014910594,0.015828082014910594,d1530f19f6149a8d5417d5247034852e1b53919df4c9e07b8a1e05a846323afc,2026-10-07T15:19:17.992775+00:00
WAFD,2026-09-03,35.97999954223633,35.97999954223633,440900,0.0,0.001112991570834776,0.001112991570834776,0.001112991570834776,d1530f19f6149a8d5417d5247034852e1b53919df4c9e07b8a1e05a846323afc,2026-10-07T15:19:17.992775+00:00
WAFD,2026-09-04,36.29999923706055,36.29999923706055,491300,0.0,0.008893821536839486,0.008893821536839486,0.008893821536839486,d1530f19f6149a8d5417d5247034852e1b53919df4c9e07b8a1e05a846323afc,2026-10-07T15:19:17.992775+00:00
WAFD,2026-09-08,34.279998779296875,34.279998779296875,3712900,0.0,-0.055647396700255314,-0.055647396700255314,-0.055647396700255314,d1530f19f6149a8d5417d5247034852e1b53919df4c9e07b8a1e05a846323afc,2026-10-07T15:19:17.992775+00:00
WAFD,2026-09-09,33.849998474121094,33.849998474121094,1321400,0.0,-0.012543766642006848,-0.012543766642006848,-0.012543766642006848,d1530f19f6149a8d5417d5247034852e1b53919df4c9e07b8a1e05a846323afc,2026-10-07T15:19:17.992775+00:00
WAFD,2026-09-10,34.099998474121094,34.099998474121094,1632400,0.0,0.007385524705152635,0.007385524705152635,0.007385524705152635,d1530f19f6149a8d5417d5247034852e1b53919df4c9e07b8a1e05a846323afc,2026-10-07T15:19:17.992775+00:00
WAFD,2026-09-11,33.880001068115234,33.880001068115234,1000200,0.0,-0.0064515371217045425,-0.0064515371217045425,-0.0064515371217045425,d1530f19f6149a8d5417d5247034852e1b53919df4c9e07b8a1e05a846323afc,2026-10-07T15:19:17.992775+00:00
WAFD,2026-09-14,33.61000061035156,33.61000061035156,1497900,0.0,-0.007969316683929306,-0.007969316683929306,-0.007969316683929306,d1530f19f6149a8d5417d5247034852e1b53919df4c9e07b8a1e05a846323afc,2026-10-07T15:19:17.992775+00:00
WAFD,2026-09-15,33.0099983215332,33.0099983215332,1577200,0.0,-0.017851897587694898,-0.017851897587694898,-0.017851897587694898,d1530f19f6149a8d5417d5247034852e1b53919df4c9e07b8a1e05a846323afc,2026-10-07T15:19:17.992775+00:00
WAFD,2026-09-16,32.790000915527344,32.790000915527344,1425400,0.0,-0.006664568833447904,-0.006664568833447904,-0.006664568833447904,d1530f19f6149a8d5417d5247034852e1b53919df4c9e07b8a1e05a846323afc,2026-10-07T15:19:17.992775+00:00
WAFD,2026-09-17,32.540000915527344,32.540000915527344,1301700,0.0,-0.007624275480932252,-0.007624275480932252,-0.007624275480932252,d1530f19f6149a8d5417d5247034852e1b53919df4c9e07b8a1e05a846323afc,2026-10-07T15:19:17.992775+00:00
WAFD,2026-09-18,32.38999938964844,32.38999938964844,3037600,0.0,-0.004609757887478416,-0.004609757887478416,-0.004609757887478416,d1530f19f6149a8d5417d5247034852e1b53919df4c9e07b8a1e05a846323afc,2026-10-07T15:19:17.992775+00:00
WAFD,2026-09-21,32.290000915527344,32.290000915527344,1508800,0.0,-0.0030873255944874334,-0.0030873255944874334,-0.0030873255944874334,d1530f19f6149a8d5417d5247034852e1b53919df4c9e07b8a1e05a846323afc,2026-10-07T15:19:17.992775+00:00
WAFD,2026-09-22,31.510000228881836,31.510000228881836,1607500,0.0,-0.024156106055433058,-0.024156106055433058,-0.024156106055433058,d1530f19f6149a8d5417d5247034852e1b53919df4c9e07b8a1e05a846323afc,2026-10-07T15:19:17.992775+00:00
WAFD,2026-09-23,30.700000762939453,30.700000762939453,1433100,0.0,-0.02570610790411687,-0.02570610790411687,-0.02570610790411687,d1530f19f6149a8d5417d5247034852e1b53919df4c9e07b8a1e05a846323afc,2026-10-07T15:19:17.992775+00:00
WAFD,2026-09-24,30.90999984741211,30.90999984741211,1457500,0.0,0.006840360887748309,0.006840360887748309,0.006840360887748309,d1530f19f6149a8d5417d5247034852e1b53919df4c9e07b8a1e05a846323afc,2026-10-07T15:19:17.992775+00:00
WAFD,2026-09-25,31.350000381469727,31.350000381469727,1669900,0.0,0.014234892792937215,0.014234892792937215,0.014234892792937215,d1530f19f6149a8d5417d5247034852e1b53919df4c9e07b8a1e05a846323afc,2026-10-07T15:19:17.992775+00:00
WAFD,2026-09-28,30.850000381469727,30.850000381469727,934300,0.0,-0.01594896312331595,-0.01594896312331595,-0.01594896312331595,d1530f19f6149a8d5417d5247034852e1b53919df4c9e07b8a1e05a846323afc,2026-10-07T15:19:17.992775+00:00
WAFD,2026-09-29,30.290000915527344,30.290000915527344,883100,0.0,-0.01815233254514803,-0.01815233254514803,-0.01815233254514803,d1530f19f6149a8d5417d5247034852e1b53919df4c9e07b8a1e05a846323afc,2026-10-07T15:19:17.992775+00:00
WAFD,2026-09-30,29.93000030517578,29.93000030517578,1109900,0.0,-0.011885130388590293,-0.011885130388590293,-0.011885130388590293,d1530f19f6149a8d5417d5247034852e1b53919df4c9e07b8a1e05a846323afc,2026-10-07T15:19:17.992775+00:00
WAFD,2026-10-01,29.979999542236328,29.979999542236328,1244100,0.0,0.0016705391430249517,0.0016705391430249517,0.0016705391430249517,d1530f19f6149a8d5417d5247034852e1b53919df4c9e07b8a1e05a846323afc,2026-10-07T15:19:17.992775+00:00
WAFD,2026-10-02,30.799999237060547,30.799999237060547,2746300,0.0,0.027351557950125782,0.027351557950125782,0.027351557950125782,d1530f19f6149a8d5417d5247034852e1b53919df4c9e07b8a1e05a846323afc,2026-10-07T15:19:17.992775+00:00
WAFD,2026-10-05,30.170000076293945,30.170000076293945,1217500,0.0,-0.020454518713381886,-0.020454518713381886,-0.020454518713381886,d1530f19f6149a8d5417d5247034852e1b53919df4c9e07b8a1e05a846323afc,2026-10-07T15:19:17.992775+00:00
WAFD,2026-10-06,29.920000076293945,29.920000076293945,939900,0.0,-0.0082863771749353,-0.0082863771749353,-0.0082863771749353,d1530f19f6149a8d5417d5247034852e1b53919df4c9e07b8a1e05a846323afc,2026-10-07T15:19:17.992775+00:00
COLB,2024-01-02,26.579999923706055,22.71134376525879,1896300,0.0,,,,18c37477249a435de1958a8e2e5cfd68e25bfebd54f9c87f9544c4be1becf651,2026-10-07T15:19:18.442792+00:00
COLB,2024-01-03,25.649999618530273,21.91670036315918,1412000,0.0,-0.03498872490012073,-0.03498883246684703,-0.03498872490012073,18c37477249a435de1958a8e2e5cfd68e25bfebd54f9c87f9544c4be1becf651,2026-10-07T15:19:18.442792+00:00
COLB,2024-01-04,25.670000076293945,21.93379020690918,1287200,0.0,0.0007797449536499634,0.0007797635349675591,0.0007797449536499634,18c37477249a435de1958a8e2e5cfd68e25bfebd54f9c87f9544c4be1becf651,2026-10-07T15:19:18.442792+00:00
COLB,2024-01-05,25.940000534057617,22.164491653442383,2622700,0.0,0.010518132331951868,0.01051808394066489,0.010518132331951868,18c37477249a435de1958a8e2e5cfd68e25bfebd54f9c87f9544c4be1becf651,2026-10-07T15:19:18.442792+00:00
COLB,2024-01-08,26.139999389648438,22.33538246154785,758600,0.0,0.007710055955019612,0.007710116287685143,0.007710055955019612,18c37477249a435de1958a8e2e5cfd68e25bfebd54f9c87f9544c4be1becf651,2026-10-07T15:19:18.442792+00:00
COLB,2024-01-09,25.56999969482422,21.848346710205078,1326800,0.0,-0.02180565065544493,-0.02180557025075547,-0.02180565065544493,18c37477249a435de1958a8e2e5cfd68e25bfebd54f9c87f9544c4be1becf651,2026-10-07T15:19:18.442792+00:00
COLB,2024-01-10,25.670000076293945,21.93379020690918,1098700,0.0,0.003910847972750098,0.003910753423927993,0.003910847972750098,18c37477249a435de1958a8e2e5cfd68e25bfebd54f9c87f9544c4be1becf651,2026-10-07T15:19:18.442792+00:00
COLB,2024-01-11,25.34000015258789,21.651824951171875,1252000,0.0,-0.012855470304840688,-0.012855290995191782,-0.012855470304840688,18c37477249a435de1958a8e2e5cfd68e25bfebd54f9c87f9544c4be1becf651,2026-10-07T15:19:18.442792+00:00
COLB,2024-01-12,24.940000534057617,21.310039520263672,1404200,0.0,-0.015785304503615927,-0.01578552531617916,-0.015785304503615927,18c37477249a435de1958a8e2e5cfd68e25bfebd54f9c87f9544c4be1becf651,2026-10-07T15:19:18.442792+00:00
COLB,2024-01-16,24.530000686645508,20.959712982177734,953400,0.0,-0.016439448221030384,-0.01643950672887362,-0.016439448221030384,18c37477249a435de1958a8e2e5cfd68e25bfebd54f9c87f9544c4be1becf651,2026-10-07T15:19:18.442792+00:00
COLB,2024-01-17,24.329999923706055,20.7888240814209,1286900,0.0,-0.008153312569955884,-0.00815320805691111,-0.008153312569955884,18c37477249a435de1958a8e2e5cfd68e25bfebd54f9c87f9544c4be1becf651,2026-10-07T15:19:18.442792+00:00
COLB,2024-01-18,24.59000015258789,21.01097869873047,1088900,0.0,0.010686404837531693,0.010686252211259628,0.010686404837531693,18c37477249a435de1958a8e2e5cfd68e25bfebd54f9c87f9544c4be1becf651,2026-10-07T15:19:18.442792+00:00
COLB,2024-01-19,24.8799991607666,21.258771896362305,1275300,0.0,0.011793371548563858,0.011793510487296155,0.011793371548563858,18c37477249a435de1958a8e2e5cfd68e25bfebd54f9c87f9544c4be1becf651,2026-10-07T15:19:18.442792+00:00
COLB,2024-01-22,25.43000030517578,21.72871971130371,1085800,0.0,0.022106156067580596,0.022106066015121995,0.022106156067580596,18c37477249a435de1958a8e2e5cfd68e25bfebd54f9c87f9544c4be1becf651,2026-10-07T15:19:18.442792+00:00
COLB,2024-01-23,25.110000610351562,21.45530128479004,1088800,0.0,-0.012583550569564395,-0.01258327366482781,-0.012583550569564395,18c37477249a435de1958a8e2e5cfd68e25bfebd54f9c87f9544c4be1becf651,2026-10-07T15:19:18.442792+00:00
COLB,2024-01-24,25.59000015258789,21.865434646606445,2429800,0.0,0.01911587138864701,0.01911571207378726,0.01911587138864701,18c37477249a435de1958a8e2e5cfd68e25bfebd54f9c87f9544c4be1becf651,2026-10-07T15:19:18.442792+00:00
COLB,2024-01-25,20.18000030517578,17.242843627929688,15291800,0.0,-0.21141070008414997,-0.21141089090557785,-0.21141070008414997,18c37477249a435de1958a8e2e5cfd68e25bfebd54f9c87f9544c4be1becf651,2026-10-07T15:19:18.442792+00:00
COLB,2024-01-26,20.40999984741211,17.43937110900879,3893000,0.0,0.011397400334891783,0.011397625897434205,0.011397400334891783,18c37477249a435de1958a8e2e5cfd68e25bfebd54f9c87f9544c4be1becf651,2026-10-07T15:19:18.442792+00:00
COLB,2024-01-29,20.899999618530273,17.858049392700195,2873200,0.0,0.024007828259748454,0.024007648043863572,0.024007828259748454,18c37477249a435de1958a8e2e5cfd68e25bfebd54f9c87f9544c4be1becf651,2026-10-07T15:19:18.442792+00:00
COLB,2024-01-30,21.110000610351562,18.037485122680664,3335100,0.0,0.01004789452891175,0.010047890787770797,0.01004789452891175,18c37477249a435de1958a8e2e5cfd68e25bfebd54f9c87f9544c4be1becf651,2026-10-07T15:19:18.442792+00:00
COLB,2024-01-31,20.15999984741211,17.22575569152832,5521600,0.0,-0.04500240338570183,-0.045002361783331946,-0.04500240338570183,18c37477249a435de1958a8e2e5cfd68e25bfebd54f9c87f9544c4be1becf651,2026-10-07T15:19:18.442792+00:00
COLB,2024-02-01,19.309999465942383,16.499469757080078,4267500,0.0,-0.04216271765393087,-0.042162790849601506,-0.04216271765393087,18c37477249a435de1958a8e2e5cfd68e25bfebd54f9c87f9544c4be1becf651,2026-10-07T15:19:18.442792+00:00
COLB,2024-02-02,19.5,16.66181755065918,2969200,0.0,0.009839489348134167,0.009839576420898943,0.009839489348134167,18c37477249a435de1958a8e2e5cfd68e25bfebd54f9c87f9544c4be1becf651,2026-10-07T15:19:18.442792+00:00
COLB,2024-02-05,19.06999969482422,16.294404983520508,2141300,0.0,-0.02205129770132208,-0.022051169749133126,-0.02205129770132208,18c37477249a435de1958a8e2e5cfd68e25bfebd54f9c87f9544c4be1becf651,2026-10-07T15:19:18.442792+00:00
COLB,2024-02-06,18.579999923706055,15.87572193145752,3070700,0.0,-0.02569479700889321,-0.02569489665234337,-0.02569479700889321,18c37477249a435de1958a8e2e5cfd68e25bfebd54f9c87f9544c4be1becf651,2026-10-07T15:19:18.442792+00:00
COLB,2024-02-07,18.3700008392334,15.696290969848633,2176800,0.0,-0.011302426551935585,-0.011302223759245056,-0.011302426551935585,18c37477249a435de1958a8e2e5cfd68e25bfebd54f9c87f9544c4be1becf651,2026-10-07T15:19:18.442792+00:00
COLB,2024-02-08,18.780000686645508,16.04661750793457,3342700,0.0,0.022318989040896575,0.022319064979037906,0.022318989040896575,18c37477249a435de1958a8e2e5cfd68e25bfebd54f9c87f9544c4be1becf651,2026-10-07T15:19:18.442792+00:00
COLB,2024-02-09,18.84000015258789,16.097881317138672,2615700,0.0,0.00319485962452859,0.0031946800737758796,0.00319485962452859,18c37477249a435de1958a8e2e5cfd68e25bfebd54f9c87f9544c4be1becf651,2026-10-07T15:19:18.442792+00:00
COLB,2024-02-12,19.40999984741211,16.584915161132812,1849400,0.0,0.030254760626736044,0.03025453066768602,0.030254760626736044,18c37477249a435de1958a8e2e5cfd68e25bfebd54f9c87f9544c4be1becf651,2026-10-07T15:19:18.442792+00:00
COLB,2024-02-13,18.489999771118164,15.798823356628418,2715800,0.0,-0.047398252628868875,-0.0473979997405487,-0.047398252628868875,18c37477249a435de1958a8e2e5cfd68e25bfebd54f9c87f9544c4be1becf651,2026-10-07T15:19:18.442792+00:00
COLB,2024-02-14,18.649999618530273,15.935532569885254,1920400,0.0,0.008653317976889952,0.008653126259524857,0.008653317976889952,18c37477249a435de1958a8e2e5cfd68e25bfebd54f9c87f9544c4be1becf651,2026-10-07T15:19:18.442792+00:00
COLB,2024-02-15,19.010000228881836,16.243139266967773,7576400,0.0,0.019302982183113437,0.019303195279700258,0.019302982183113437,18c37477249a435de1958a8e2e5cfd68e25bfebd54f9c87f9544c4be1becf651,2026-10-07T15:19:18.442792+00:00
COLB,2024-02-16,18.5,15.807366371154785,4032500,0.0,-0.026827996987974445,-0.026828120392908383,-0.026827996987974445,18c37477249a435de1958a8e2e5cfd68e25bfebd54f9c87f9544c4be1becf651,2026-10-07T15:19:18.442792+00:00
COLB,2024-02-20,18.559999465942383,15.858633995056152,2225700,0.0,0.00324321437526387,0.003243274224030035,0.00324321437526387,18c37477249a435de1958a8e2e5cfd68e25bfebd54f9c87f9544c4be1becf651,2026-10-07T15:19:18.442792+00:00
COLB,2024-02-21,18.280000686645508,15.61938762664795,3232600,0.0,-0.01508614156000776,-0.01508619017771562,-0.01508614156000776,18c37477249a435de1958a8e2e5cfd68e25bfebd54f9c87f9544c4be1becf651,2026-10-07T15:19:18.442792+00:00
COLB,2024-02-22,18.100000381469727,15.776281356811523,2195300,0.36,-0.009846843458123145,0.010044806743633172,0.009846810069089162,18c37477249a435de1958a8e2e5cfd68e25bfebd54f9c87f9544c4be1becf651,2026-10-07T15:19:18.442792+00:00
COLB,2024-02-23,18.149999618530273,15.819856643676758,2105700,0.0,0.0027623887296563954,0.0027620759214224133,0.0027623887296563954,18c37477249a435de1958a8e2e5cfd68e25bfebd54f9c87f9544c4be1becf651,2026-10-07T15:19:18.442792+00:00
COLB,2024-02-26,17.729999542236328,15.453782081604004,2007100,0.0,-0.023140500557649935,-0.02314019465018824,-0.023140500557649935,18c37477249a435de1958a8e2e5cfd68e25bfebd54f9c87f9544c4be1becf651,2026-10-07T15:19:18.442792+00:00
COLB,2024-02-27,17.90999984741211,15.610671997070312,1808600,0.0,0.01015230173847348,0.01015220187769228,0.01015230173847348,18c37477249a435de1958a8e2e5cfd68e25bfebd54f9c87f9544c4be1becf651,2026-10-07T15:19:18.442792+00:00
COLB,2024-02-28,17.760000228881836,15.479928016662598,1821400,0.0,-0.008375188152329738,-0.008375294826017177,-0.008375188152329738,18c37477249a435de1958a8e2e5cfd68e25bfebd54f9c87f9544c4be1becf651,2026-10-07T15:19:18.442792+00:00
COLB,2024-02-29,18.100000381469727,15.776281356811523,4622800,0.0,0.01914415248908452,0.019144361642375207,0.01914415248908452,18c37477249a435de1958a8e2e5cfd68e25bfebd54f9c87f9544c4be1becf651,2026-10-07T15:19:18.442792+00:00
COLB,2024-03-01,17.8700008392334,15.575807571411133,4788000,0.0,-0.012707156761819438,-0.012707290195089871,-0.012707156761819438,18c37477249a435de1958a8e2e5cfd68e25bfebd54f9c87f9544c4be1becf651,2026-10-07T15:19:18.442792+00:00
COLB,2024-03-04,18.079999923706055,15.7588472366333,4498700,0.0,0.011751487107465985,0.011751536116697547,0.011751487107465985,18c37477249a435de1958a8e2e5cfd68e25bfebd54f9c87f9544c4be1becf651,2026-10-07T15:19:18.442792+00:00
COLB,2024-03-05,18.8799991607666,16.45613670349121,4714000,0.0,0.04424774559935751,0.044247491988943066,0.04424774559935751,18c37477249a435de1958a8e2e5cfd68e25bfebd54f9c87f9544c4be1becf651,2026-10-07T15:19:18.442792+00:00
COLB,2024-03-06,19.489999771118164,16.98782730102539,4739200,0.0,0.032309355798021855,0.03230956372775995,0.032309355798021855,18c37477249a435de1958a8e2e5cfd68e25bfebd54f9c87f9544c4be1becf651,2026-10-07T15:19:18.442792+00:00
COLB,2024-03-07,19.559999465942383,17.048837661743164,2542000,0.0,0.0035915698125328355,0.003591416349876031,0.0035915698125328355,18c37477249a435de1958a8e2e5cfd68e25bfebd54f9c87f9544c4be1becf651,2026-10-07T15:19:18.442792+00:00
COLB,2024-03-08,19.510000228881836,17.005258560180664,2385100,0.0,-0.002556198283522715,-0.002556133293490692,-0.002556198283522715,18c37477249a435de1958a8e2e5cfd68e25bfebd54f9c87f9544c4be1becf651,2026-10-07T15:19:18.442792+00:00
COLB,2024-03-11,19.530000686645508,17.02269172668457,2064200,0.0,0.001025138776475476,0.001025163271832108,0.001025138776475476,18c37477249a435de1958a8e2e5cfd68e25bfebd54f9c87f9544c4be1becf651,2026-10-07T15:19:18.442792+00:00
COLB,2024-03-12,19.270000457763672,16.796072006225586,2665700,0.0,-0.013312863273969189,-0.013312801764701954,-0.013312863273969189,18c37477249a435de1958a8e2e5cfd68e25bfebd54f9c87f9544c4be1becf651,2026-10-07T15:19:18.442792+00:00
COLB,2024-03-13,19.260000228881836,16.787353515625,3191900,0.0,-0.0005189532249235684,-0.000519079139298384,-0.0005189532249235684,18c37477249a435de1958a8e2e5cfd68e25bfebd54f9c87f9544c4be1becf651,2026-10-07T15:19:18.442792+00:00
COLB,2024-03-14,18.459999084472656,16.090059280395508,3645300,0.0,-0.04153692289211486,-0.04153687682698037,-0.04153692289211486,18c37477249a435de1958a8e2e5cfd68e25bfebd54f9c87f9544c4be1becf651,2026-10-07T15:19:18.442792+00:00
COLB,2024-03-15,18.219999313354492,15.880875587463379,16509700,0.0,-0.013001071669609954,-0.013000803122397597,-0.013001071669609954,18c37477249a435de1958a8e2e5cfd68e25bfebd54f9c87f9544c4be1becf651,2026-10-07T15:19:18.442792+00:00
COLB,2024-03-18,18.010000228881836,15.697831153869629,3708000,0.0,-0.011525746014640958,-0.011526092033505297,-0.011525746014640958,18c37477249a435de1958a8e2e5cfd68e25bfebd54f9c87f9544c4be1becf651,2026-10-07T15:19:18.442792+00:00
COLB,2024-03-19,17.93000030517578,15.628104209899902,4625400,0.0,-0.004441972386972082,-0.00444182022893902,-0.004441972386972082,18c37477249a435de1958a8e2e5cfd68e25bfebd54f9c87f9544c4be1becf651,2026-10-07T15:19:18.442792+00:00
COLB,2024-03-20,18.799999237060547,16.386409759521484,2781000,0.0,0.048521969719856894,0.04852191535434103,0.048521969719856894,18c37477249a435de1958a8e2e5cfd68e25bfebd54f9c87f9544c4be1becf651,2026-10-07T15:19:18.442792+00:00
COLB,2024-03-21,18.68000030517578,16.281816482543945,2522800,0.0,-0.006382922167795124,-0.006382928201631444,-0.006382922167795124,18c37477249a435de1958a8e2e5cfd68e25bfebd54f9c87f9544c4be1becf651,2026-10-07T15:19:18.442792+00:00
COLB,2024-03-22,18.280000686645508,15.933173179626465,2214800,0.0,-0.02141325546014272,-0.02141304708177172,-0.02141325546014272,18c37477249a435de1958a8e2e5cfd68e25bfebd54f9c87f9544c4be1becf651,2026-10-07T15:19:18.442792+00:00
COLB,2024-03-25,18.549999237060547,16.168506622314453,1490500,0.0,0.014770160846453662,0.014770029801025819,0.014770160846453662,18c37477249a435de1958a8e2e5cfd68e25bfebd54f9c87f9544c4be1becf651,2026-10-07T15:19:18.442792+00:00
COLB,2024-03-26,18.3700008392334,16.011615753173828,1723100,0.0,-0.0097034180717126,-0.009703485473673723,-0.0097034180717126,18c37477249a435de1958a8e2e5cfd68e25bfebd54f9c87f9544c4be1becf651,2026-10-07T15:19:18.442792+00:00
COLB,2024-03-27,19.100000381469727,16.647897720336914,2851500,0.0,0.03973867767481232,0.039738773211376976,0.03973867767481232,18c37477249a435de1958a8e2e5cfd68e25bfebd54f9c87f9544c4be1becf651,2026-10-07T15:19:18.442792+00:00
COLB,2024-03-28,19.350000381469727,16.865800857543945,2832400,0.0,0.013089004974185414,0.013088928155826185,0.013089004974185414,18c37477249a435de1958a8e2e5cfd68e25bfebd54f9c87f9544c4be1becf651,2026-10-07T15:19:18.442792+00:00
COLB,2024-04-01,18.8700008392334,16.447423934936523,2359200,0.0,-0.024806177404316454,-0.0248062292529847,-0.024806177404316454,18c37477249a435de1958a8e2e5cfd68e25bfebd54f9c87f9544c4be1becf651,2026-10-07T15:19:18.442792+00:00
COLB,2024-04-02,18.520000457763672,16.142356872558594,1790000,0.0,-0.01854797911519046,-0.018548014788499878,-0.01854797911519046,18c37477249a435de1958a8e2e5cfd68e25bfebd54f9c87f9544c4be1becf651,2026-10-07T15:19:18.442792+00:00
COLB,2024-04-03,18.540000915527344,16.159788131713867,2663100,0.0,0.0010799382974793215,0.0010798459786813819,0.0010799382974793215,18c37477249a435de1958a8e2e5cfd68e25bfebd54f9c87f9544c4be1becf651,2026-10-07T15:19:18.442792+00:00
COLB,2024-04-04,18.389999389648438,16.0290470123291,2016900,0.0,-0.008090696789193719,-0.00809052187560455,-0.008090696789193719,18c37477249a435de1958a8e2e5cfd68e25bfebd54f9c87f9544c4be1becf651,2026-10-07T15:19:18.442792+00:00
COLB,2024-04-05,18.360000610351562,16.00290298461914,2048300,0.0,-0.0016312550458137398,-0.0016310406782045206,-0.0016312550458137398,18c37477249a435de1958a8e2e5cfd68e25bfebd54f9c87f9544c4be1becf651,2026-10-07T15:19:18.442792+00:00
COLB,2024-04-08,18.850000381469727,16.42999267578125,1347200,0.0,0.02668843980549207,0.026688263471483786,0.02668843980549207,18c37477249a435de1958a8e2e5cfd68e25bfebd54f9c87f9544c4be1becf651,2026-10-07T15:19:18.442792+00:00
COLB,2024-04-09,19.100000381469727,16.647897720336914,1450600,0.0,0.01326259920109929,0.013262637960689272,0.01326259920109929,18c37477249a435de1958a8e2e5cfd68e25bfebd54f9c87f9544c4be1becf651,2026-10-07T15:19:18.442792+00:00
COLB,2024-04-10,18.049999237060547,15.732696533203125,2565700,0.0,-0.054973880808288356,-0.05497397944821514,-0.054973880808288356,18c37477249a435de1958a8e2e5cfd68e25bfebd54f9c87f9544c4be1becf651,2026-10-07T15:19:18.442792+00:00
COLB,2024-04-11,17.920000076293945,15.61938762664795,1747600,0.0,-0.007202169875978992,-0.0072021287842196635,-0.007202169875978992,18c37477249a435de1958a8e2e5cfd68e25bfebd54f9c87f9544c4be1becf651,2026-10-07T15:19:18.442792+00:00
COLB,2024-04-12,17.649999618530273,15.384049415588379,2794300,0.0,-0.01506698976641474,-0.015067057472731182,-0.01506698976641474,18c37477249a435de1958a8e2e5cfd68e25bfebd54f9c87f9544c4be1becf651,2026-10-07T15:19:18.442792+00:00
COLB,2024-04-15,17.579999923706055,15.323036193847656,2361700,0.0,-0.003965988461026804,-0.003966005314497978,-0.003965988461026804,18c37477249a435de1958a8e2e5cfd68e25bfebd54f9c87f9544c4be1becf651,2026-10-07T15:19:18.442792+00:00
COLB,2024-04-16,17.350000381469727,15.122568130493164,2632700,0.0,-0.013083022937115052,-0.013082789913070991,-0.013083022937115052,18c37477249a435de1958a8e2e5cfd68e25bfebd54f9c87f9544c4be1becf651,2026-10-07T15:19:18.442792+00:00
COLB,2024-04-17,17.489999771118164,15.244590759277344,1406800,0.0,0.008069128908951617,0.00806890917807368,0.008069128908951617,18c37477249a435de1958a8e2e5cfd68e25bfebd54f9c87f9544c4be1becf651,2026-10-07T15:19:18.442792+00:00
COLB,2024-04-18,17.739999771118164,15.462494850158691,1577100,0.0,0.014293882405466585,0.014293862939465107,0.014293882405466585,18c37477249a435de1958a8e2e5cfd68e25bfebd54f9c87f9544c4be1becf651,2026-10-07T15:19:18.442792+00:00
COLB,2024-04-19,18.309999465942383,15.959318161010742,2115300,0.0,0.03213076111490221,0.03213086346456895,0.03213076111490221,18c37477249a435de1958a8e2e5cfd68e25bfebd54f9c87f9544c4be1becf651,2026-10-07T15:19:18.442792+00:00
COLB,2024-04-22,18.790000915527344,16.377695083618164,2549200,0.0,0.02621526289379683,0.026215212854740377,0.02621526289379683,18c37477249a435de1958a8e2e5cfd68e25bfebd54f9c87f9544c4be1becf651,2026-10-07T15:19:18.442792+00:00
COLB,2024-04-23,19.079999923706055,16.630462646484375,2086200,0.0,0.015433687815260555,0.015433646894491337,0.015433687815260555,18c37477249a435de1958a8e2e5cfd68e25bfebd54f9c87f9544c4be1becf651,2026-10-07T15:19:18.442792+00:00
COLB,2024-04-24,19.209999084472656,16.743772506713867,1906400,0.0,0.006813373233040876,0.006813391944537672,0.006813373233040876,18c37477249a435de1958a8e2e5cfd68e25bfebd54f9c87f9544c4be1becf651,2026-10-07T15:19:18.442792+00:00
COLB,2024-04-25,19.010000228881836,16.5694522857666,3475000,0.0,-0.010411185066243833,-0.010411048100263387,-0.010411185066243833,18c37477249a435de1958a8e2e5cfd68e25bfebd54f9c87f9544c4be1becf651,2026-10-07T15:19:18.442792+00:00
COLB,2024-04-26,19.1200008392334,16.665328979492188,3715900,0.0,0.005786460232885204,0.005786352624820745,0.005786460232885204,18c37477249a435de1958a8e2e5cfd68e25bfebd54f9c87f9544c4be1becf651,2026-10-07T15:19:18.442792+00:00
COLB,2024-04-29,18.969999313354492,16.534584045410156,4151100,0.0,-0.007845267745548945,-0.007845325720417629,-0.007845267745548945,18c37477249a435de1958a8e2e5cfd68e25bfebd54f9c87f9544c4be1becf651,2026-10-07T15:19:18.442792+00:00
COLB,2024-04-30,18.809999465942383,16.395126342773438,2592500,0.0,-0.008434362319637678,-0.008434303654311193,-0.008434362319637678,18c37477249a435de1958a8e2e5cfd68e25bfebd54f9c87f9544c4be1becf651,2026-10-07T15:19:18.442792+00:00
COLB,2024-05-01,19.530000686645508,17.02269172668457,3074600,0.0,0.03827757794500575,0.03827755704900371,0.03827757794500575,18c37477249a435de1958a8e2e5cfd68e25bfebd54f9c87f9544c4be1becf651,2026-10-07T15:19:18.442792+00:00
COLB,2024-05-02,19.75,17.214445114135742,1979900,0.0,0.011264685387590623,0.011264574987901677,0.011264685387590623,18c37477249a435de1958a8e2e5cfd68e25bfebd54f9c87f9544c4be1becf651,2026-10-07T15:19:18.442792+00:00
COLB,2024-05-03,20.170000076293945,17.580528259277344,2984000,0.0,0.02126582664779475,0.021266043878521046,0.02126582664779475,18c37477249a435de1958a8e2e5cfd68e25bfebd54f9c87f9544c4be1becf651,2026-10-07T15:19:18.442792+00:00
COLB,2024-05-06,20.3700008392334,17.754854202270508,2064700,0.0,0.009915754198460247,0.009915853518290607,0.009915754198460247,18c37477249a435de1958a8e2e5cfd68e25bfebd54f9c87f9544c4be1becf651,2026-10-07T15:19:18.442792+00:00
COLB,2024-05-07,20.079999923706055,17.5020809173584,2197500,0.0,-0.014236666842388668,-0.014236855004970073,-0.014236666842388668,18c37477249a435de1958a8e2e5cfd68e25bfebd54f9c87f9544c4be1becf651,2026-10-07T15:19:18.442792+00:00
COLB,2024-05-08,20.229999542236328,17.63282585144043,1460500,0.0,0.00747010055279862,0.007470250806140388,0.00747010055279862,18c37477249a435de1958a8e2e5cfd68e25bfebd54f9c87f9544c4be1becf651,2026-10-07T15:19:18.442792+00:00
COLB,2024-05-09,20.059999465942383,17.484649658203125,1357800,0.0,-0.00840336530601582,-0.008403428610122665,-0.00840336530601582,18c37477249a435de1958a8e2e5cfd68e25bfebd54f9c87f9544c4be1becf651,2026-10-07T15:19:18.442792+00:00
COLB,2024-05-10,20.31999969482422,17.711271286010742,1362700,0.0,0.01296112840497643,0.012961176359704396,0.01296112840497643,18c37477249a435de1958a8e2e5cfd68e25bfebd54f9c87f9544c4be1becf651,2026-10-07T15:19:18.442792+00:00
COLB,2024-05-13,20.219999313354492,17.62410545349121,1498600,0.0,-0.004921278689546393,-0.004921489322360473,-0.004921278689546393,18c37477249a435de1958a8e2e5cfd68e25bfebd54f9c87f9544c4be1becf651,2026-10-07T15:19:18.442792+00:00
COLB,2024-05-14,20.399999618530273,17.78099822998047,2018400,0.0,0.008902092546407614,0.008902169639377622,0.008902092546407614,18c37477249a435de1958a8e2e5cfd68e25bfebd54f9c87f9544c4be1becf651,2026-10-07T15:19:18.442792+00:00
COLB,2024-05-15,20.450000762939453,17.824581146240234,1476800,0.0,0.0024510365364791564,0.0024510950226788175,0.0024510365364791564,18c37477249a435de1958a8e2e5cfd68e25bfebd54f9c87f9544c4be1becf651,2026-10-07T15:19:18.442792+00:00
COLB,2024-05-16,20.34000015258789,17.728700637817383,1326700,0.0,-0.005379002750499184,-0.00537911705392724,-0.005379002750499184,18c37477249a435de1958a8e2e5cfd68e25bfebd54f9c87f9544c4be1becf651,2026-10-07T15:19:18.442792+00:00
COLB,2024-05-17,20.420000076293945,17.798431396484375,1566400,0.0,0.003933132896062341,0.0039332131604867815,0.003933132896062341,18c37477249a435de1958a8e2e5cfd68e25bfebd54f9c87f9544c4be1becf651,2026-10-07T15:19:18.442792+00:00
COLB,2024-05-20,20.06999969482422,17.493364334106445,1166000,0.0,-0.017140077383057895,-0.0171401094614545,-0.017140077383057895,18c37477249a435de1958a8e2e5cfd68e25bfebd54f9c87f9544c4be1becf651,2026-10-07T15:19:18.442792+00:00
COLB,2024-05-21,20.110000610351562,17.52823257446289,1516100,0.0,0.0019930700615635732,0.0019932266710105395,0.0019930700615635732,18c37477249a435de1958a8e2e5cfd68e25bfebd54f9c87f9544c4be1becf651,2026-10-07T15:19:18.442792+00:00
COLB,2024-05-22,19.670000076293945,17.144718170166016,1057400,0.0,-0.02187968775252691,-0.021879810338414907,-0.02187968775252691,18c37477249a435de1958a8e2e5cfd68e25bfebd54f9c87f9544c4be1becf651,2026-10-07T15:19:18.442792+00:00
COLB,2024-05-23,18.850000381469727,16.736297607421875,1598600,0.36,-0.041687833840553634,-0.02382194671796034,-0.02338585119674741,18c37477249a435de1958a8e2e5cfd68e25bfebd54f9c87f9544c4be1becf651,2026-10-07T15:19:18.442792+00:00
COLB,2024-05-24,18.81999969482422,16.70966339111328,1897400,0.0,-0.0015915483309485445,-0.001591404319721379,-0.0015915483309485445,18c37477249a435de1958a8e2e5cfd68e25bfebd54f9c87f9544c4be1becf651,2026-10-07T15:19:18.442792+00:00
COLB,2024-05-28,18.770000457763672,16.665267944335938,1756300,0.0,-0.0026567076445966897,-0.002656872597502802,-0.0026567076445966897,18c37477249a435de1958a8e2e5cfd68e25bfebd54f9c87f9544c4be1becf651,2026-10-07T15:19:18.442792+00:00
COLB,2024-05-29,18.329999923706055,16.274606704711914,2329700,0.0,-0.023441690107984137,-0.023441641678302427,-0.023441690107984137,18c37477249a435de1958a8e2e5cfd68e25bfebd54f9c87f9544c4be1becf651,2026-10-07T15:19:18.442792+00:00
COLB,2024-05-30,18.93000030517578,16.807327270507812,1422600,0.0,0.03273324517005327,0.032733237457692965,0.03273324517005327,18c37477249a435de1958a8e2e5cfd68e25bfebd54f9c87f9544c4be1becf651,2026-10-07T15:19:18.442792+00:00
COLB,2024-05-31,19.280000686645508,17.11808204650879,1696300,0.0,0.018489190482159135,0.018489244065965416,0.018489190482159135,18c37477249a435de1958a8e2e5cfd68e25bfebd54f9c87f9544c4be1becf651,2026-10-07T15:19:18.442792+00:00
COLB,2024-06-03,18.889999389648438,16.771812438964844,1736900,0.0,-0.0202282823188491,-0.020228294653755752,-0.0202282823188491,18c37477249a435de1958a8e2e5cfd68e25bfebd54f9c87f9544c4be1becf651,2026-10-07T15:19:18.442792+00:00
COLB,2024-06-04,18.270000457763672,16.221338272094727,1706900,0.0,-0.03282154324602682,-0.032821388199598345,-0.03282154324602682,18c37477249a435de1958a8e2e5cfd68e25bfebd54f9c87f9544c4be1becf651,2026-10-07T15:19:18.442792+00:00
COLB,2024-06-05,18.65999984741211,16.56760597229004,1960200,0.0,0.021346435680176024,0.02134643235885103,0.021346435680176024,18c37477249a435de1958a8e2e5cfd68e25bfebd54f9c87f9544c4be1becf651,2026-10-07T15:19:18.442792+00:00
COLB,2024-06-06,18.889999389648438,16.771812438964844,3172600,0.0,0.012325806222781122,0.012325647230888359,0.012325806222781122,18c37477249a435de1958a8e2e5cfd68e25bfebd54f9c87f9544c4be1becf651,2026-10-07T15:19:18.442792+00:00
COLB,2024-06-07,18.93000030517578,16.807327270507812,2255400,0.0,0.0021175710333407594,0.0021175309270964338,0.0021175710333407594,18c37477249a435de1958a8e2e5cfd68e25bfebd54f9c87f9544c4be1becf651,2026-10-07T15:19:18.442792+00:00
COLB,2024-06-10,18.760000228881836,16.65639305114746,2283200,0.0,-0.008980458190878338,-0.008980263008574796,-0.008980458190878338,18c37477249a435de1958a8e2e5cfd68e25bfebd54f9c87f9544c4be1becf651,2026-10-07T15:19:18.442792+00:00
COLB,2024-06-11,18.469999313354492,16.39891242980957,2905600,0.0,-0.015458470788335843,-0.015458366078852426,-0.015458470788335843,18c37477249a435de1958a8e2e5cfd68e25bfebd54f9c87f9544c4be1becf651,2026-10-07T15:19:18.442792+00:00
COLB,2024-06-12,19.1299991607666,16.984901428222656,3423800,0.0,0.035733615156926746,0.035733406158562575,0.035733615156926746,18c37477249a435de1958a8e2e5cfd68e25bfebd54f9c87f9544c4be1becf651,2026-10-07T15:19:18.442792+00:00
COLB,2024-06-13,18.639999389648438,16.549848556518555,1515500,0.0,-0.025614207664112043,-0.02561409458527697,-0.025614207664112043,18c37477249a435de1958a8e2e5cfd68e25bfebd54f9c87f9544c4be1becf651,2026-10-07T15:19:18.442792+00:00
COLB,2024-06-14,18.399999618530273,16.33675765991211,1105700,0.0,-0.012875524623216728,-0.012875700697727144,-0.012875524623216728,18c37477249a435de1958a8e2e5cfd68e25bfebd54f9c87f9544c4be1becf651,2026-10-07T15:19:18.442792+00:00
COLB,2024-06-17,18.81999969482422,16.70966339111328,1237800,0.0,0.022826091576163554,0.02282617756620242,0.022826091576163554,18c37477249a435de1958a8e2e5cfd68e25bfebd54f9c87f9544c4be1becf651,2026-10-07T15:19:18.442792+00:00
COLB,2024-06-18,18.639999389648438,16.549848556518555,1135500,0.0,-0.009564309675588523,-0.009564216277374027,-0.009564309675588523,18c37477249a435de1958a8e2e5cfd68e25bfebd54f9c87f9544c4be1becf651,2026-10-07T15:19:18.442792+00:00
COLB,2024-06-20,18.479999542236328,16.407787322998047,1335300,0.0,-0.008583683082144522,-0.008583838881386807,-0.008583683082144522,18c37477249a435de1958a8e2e5cfd68e25bfebd54f9c87f9544c4be1becf651,2026-10-07T15:19:18.442792+00:00
COLB,2024-06-21,18.43000030517578,16.363393783569336,2801200,0.0,-0.0027055864880447533,-0.0027056383993036004,-0.0027055864880447533,18c37477249a435de1958a8e2e5cfd68e25bfebd54f9c87f9544c4be1becf651,2026-10-07T15:19:18.442792+00:00
COLB,2024-06-24,19.010000228881836,16.878358840942383,2111600,0.0,0.03147042398817379,0.03147055336956628,0.03147042398817379,18c37477249a435de1958a8e2e5cfd68e25bfebd54f9c87f9544c4be1becf651,2026-10-07T15:19:18.442792+00:00
COLB,2024-06-25,18.559999465942383,16.478816986083984,1743900,0.0,-0.023671791558201427,-0.02367184266098299,-0.023671791558201427,18c37477249a435de1958a8e2e5cfd68e25bfebd54f9c87f9544c4be1becf651,2026-10-07T15:19:18.442792+00:00
COLB,2024-06-26,18.81999969482422,16.70966339111328,947300,0.0,0.014008633424744232,0.014008675818430572,0.014008633424744232,18c37477249a435de1958a8e2e5cfd68e25bfebd54f9c87f9544c4be1becf651,2026-10-07T15:19:18.442792+00:00
COLB,2024-06-27,19.079999923706055,16.940507888793945,956900,0.0,0.01381510271508346,0.013815029799070233,0.01381510271508346,18c37477249a435de1958a8e2e5cfd68e25bfebd54f9c87f9544c4be1becf651,2026-10-07T15:19:18.442792+00:00
COLB,2024-06-28,19.889999389648438,17.659679412841797,3129900,0.0,0.042452802367991316,0.042452772299913066,0.042452802367991316,18c37477249a435de1958a8e2e5cfd68e25bfebd54f9c87f9544c4be1becf651,2026-10-07T15:19:18.442792+00:00
COLB,2024-07-01,19.829999923706055,17.606409072875977,2639600,0.0,-0.0030165644938937586,-0.0030164953009895745,-0.0030165644938937586,18c37477249a435de1958a8e2e5cfd68e25bfebd54f9c87f9544c4be1becf651,2026-10-07T15:19:18.442792+00:00
COLB,2024-07-02,19.829999923706055,17.606409072875977,1629300,0.0,0.0,0.0,0.0,18c37477249a435de1958a8e2e5cfd68e25bfebd54f9c87f9544c4be1becf651,2026-10-07T15:19:18.442792+00:00
COLB,2024-07-03,19.559999465942383,17.366682052612305,1475800,0.0,-0.013615756873548768,-0.013615895170412062,-0.013615756873548768,18c37477249a435de1958a8e2e5cfd68e25bfebd54f9c87f9544c4be1becf651,2026-10-07T15:19:18.442792+00:00
COLB,2024-07-05,19.1299991607666,16.984901428222656,2673900,0.0,-0.02198365628406551,-0.021983509759264663,-0.02198365628406551,18c37477249a435de1958a8e2e5cfd68e25bfebd54f9c87f9544c4be1becf651,2026-10-07T15:19:18.442792+00:00
COLB,2024-07-08,19.56999969482422,17.37556266784668,1657300,0.0,0.023000551665470326,0.02300050084334826,0.023000551665470326,18c37477249a435de1958a8e2e5cfd68e25bfebd54f9c87f9544c4be1becf651,2026-10-07T15:19:18.442792+00:00
COLB,2024-07-09,20.15999984741211,17.899404525756836,2633300,0.0,0.03014819426614146,0.030148195366330288,0.03014819426614146,18c37477249a435de1958a8e2e5cfd68e25bfebd54f9c87f9544c4be1becf651,2026-10-07T15:19:18.442792+00:00
COLB,2024-07-10,20.770000457763672,18.44100570678711,2505800,0.0,0.030257967012329523,0.030258055805762796,0.030257967012329523,18c37477249a435de1958a8e2e5cfd68e25bfebd54f9c87f9544c4be1becf651,2026-10-07T15:19:18.442792+00:00
COLB,2024-07-11,21.530000686645508,19.11578369140625,2976200,0.0,0.036591247574949026,0.036591170533112116,0.036591247574949026,18c37477249a435de1958a8e2e5cfd68e25bfebd54f9c87f9544c4be1becf651,2026-10-07T15:19:18.442792+00:00
COLB,2024-07-12,21.440000534057617,19.03587532043457,1957600,0.0,-0.004180220609268925,-0.004180229922124745,-0.004180220609268925,18c37477249a435de1958a8e2e5cfd68e25bfebd54f9c87f9544c4be1becf651,2026-10-07T15:19:18.442792+00:00
COLB,2024-07-15,22.299999237060547,19.799440383911133,2493100,0.0,0.04011187880507805,0.040111896649002166,0.04011187880507805,18c37477249a435de1958a8e2e5cfd68e25bfebd54f9c87f9544c4be1becf651,2026-10-07T15:19:18.442792+00:00
COLB,2024-07-16,23.469999313354492,20.83824348449707,2910800,0.0,0.05246637292926515,0.05246628593755909,0.05246637292926515,18c37477249a435de1958a8e2e5cfd68e25bfebd54f9c87f9544c4be1becf651,2026-10-07T15:19:18.442792+00:00
COLB,2024-07-17,23.700000762939453,21.04245376586914,2206400,0.0,0.009799806404514388,0.009799783821702324,0.009799806404514388,18c37477249a435de1958a8e2e5cfd68e25bfebd54f9c87f9544c4be1becf651,2026-10-07T15:19:18.442792+00:00
COLB,2024-07-18,23.469999313354492,20.83824348449707,3104900,0.0,-0.009704702201724036,-0.00970468005510361,-0.009704702201724036,18c37477249a435de1958a8e2e5cfd68e25bfebd54f9c87f9544c4be1becf651,2026-10-07T15:19:18.442792+00:00
COLB,2024-07-19,23.299999237060547,20.687307357788086,2162900,0.0,-0.007243292768109089,-0.00724322694574886,-0.007243292768109089,18c37477249a435de1958a8e2e5cfd68e25bfebd54f9c87f9544c4be1becf651,2026-10-07T15:19:18.442792+00:00
COLB,2024-07-22,23.739999771118164,21.077972412109375,1675600,0.0,0.018884143710947487,0.018884287237808106,0.018884143710947487,18c37477249a435de1958a8e2e5cfd68e25bfebd54f9c87f9544c4be1becf651,2026-10-07T15:19:18.442792+00:00
COLB,2024-07-23,23.959999084472656,21.27330207824707,2024600,0.0,0.009267030980435909,0.009267004544776691,0.009267030980435909,18c37477249a435de1958a8e2e5cfd68e25bfebd54f9c87f9544c4be1becf651,2026-10-07T15:19:18.442792+00:00
COLB,2024-07-24,23.3799991607666,20.758337020874023,2543000,0.0,-0.024207009426887915,-0.024207105012607477,-0.024207009426887915,18c37477249a435de1958a8e2e5cfd68e25bfebd54f9c87f9544c4be1becf651,2026-10-07T15:19:18.442792+00:00
COLB,2024-07-25,24.190000534057617,21.477510452270508,3764000,0.0,0.034645055704290106,0.0346450407213883,0.034645055704290106,18c37477249a435de1958a8e2e5cfd68e25bfebd54f9c87f9544c4be1becf651,2026-10-07T15:19:18.442792+00:00
COLB,2024-07-26,26.989999771118164,23.963539123535156,5077400,0.0,0.11575027595052623,0.1157503183057158,0.11575027595052623,18c37477249a435de1958a8e2e5cfd68e25bfebd54f9c87f9544c4be1becf651,2026-10-07T15:19:18.442792+00:00
COLB,2024-07-29,26.1200008392334,23.19109535217285,2974900,0.0,-0.03223412149916893,-0.03223412732903341,-0.03223412149916893,18c37477249a435de1958a8e2e5cfd68e25bfebd54f9c87f9544c4be1becf651,2026-10-07T15:19:18.442792+00:00
COLB,2024-07-30,26.260000228881836,23.315397262573242,2648400,0.0,0.005359853949091553,0.005359898207168756,0.005359853949091553,18c37477249a435de1958a8e2e5cfd68e25bfebd54f9c87f9544c4be1becf651,2026-10-07T15:19:18.442792+00:00
COLB,2024-07-31,26.15999984741211,23.226606369018555,2010300,0.0,-0.0038080876084586324,-0.0038082513694595033,-0.0038080876084586324,18c37477249a435de1958a8e2e5cfd68e25bfebd54f9c87f9544c4be1becf651,2026-10-07T15:19:18.442792+00:00
COLB,2024-08-01,24.770000457763672,21.992473602294922,2401800,0.0,-0.05313453355336861,-0.053134441903222474,-0.05313453355336861,18c37477249a435de1958a8e2e5cfd68e25bfebd54f9c87f9544c4be1becf651,2026-10-07T15:19:18.442792+00:00
COLB,2024-08-02,23.8700008392334,21.193391799926758,2541800,0.0,-0.036334259261113,-0.03633433040859846,-0.036334259261113,18c37477249a435de1958a8e2e5cfd68e25bfebd54f9c87f9544c4be1becf651,2026-10-07T15:19:18.442792+00:00
COLB,2024-08-05,23.200000762939453,20.59852409362793,2018100,0.0,-0.02806870769743397,-0.028068546644850145,-0.02806870769743397,18c37477249a435de1958a8e2e5cfd68e25bfebd54f9c87f9544c4be1becf651,2026-10-07T15:19:18.442792+00:00
COLB,2024-08-06,23.229999542236328,20.62515640258789,1581300,0.0,0.0012930507892394694,0.0012929231647329509,0.0012930507892394694,18c37477249a435de1958a8e2e5cfd68e25bfebd54f9c87f9544c4be1becf651,2026-10-07T15:19:18.442792+00:00
COLB,2024-08-07,23.09000015258789,20.500858306884766,1104100,0.0,-0.00602666346996239,-0.0060265286370158044,-0.00602666346996239,18c37477249a435de1958a8e2e5cfd68e25bfebd54f9c87f9544c4be1becf651,2026-10-07T15:19:18.442792+00:00
COLB,2024-08-08,23.459999084472656,20.82936668395996,997500,0.0,0.016024206558668874,0.016024127973455204,0.016024206558668874,18c37477249a435de1958a8e2e5cfd68e25bfebd54f9c87f9544c4be1becf651,2026-10-07T15:19:18.442792+00:00
COLB,2024-08-09,23.15999984741211,20.563003540039062,1395400,0.0,-0.012787691763343045,-0.012787865707218904,-0.012787691763343045,18c37477249a435de1958a8e2e5cfd68e25bfebd54f9c87f9544c4be1becf651,2026-10-07T15:19:18.442792+00:00
COLB,2024-08-12,22.950000762939453,20.37655258178711,1402700,0.0,-0.009067318042151107,-0.00906730176303805,-0.009067318042151107,18c37477249a435de1958a8e2e5cfd68e25bfebd54f9c87f9544c4be1becf651,2026-10-07T15:19:18.442792+00:00
COLB,2024-08-13,23.440000534057617,20.811609268188477,1165200,0.0,0.02135075184439361,0.02135084846443691,0.02135075184439361,18c37477249a435de1958a8e2e5cfd68e25bfebd54f9c87f9544c4be1becf651,2026-10-07T15:19:18.442792+00:00
COLB,2024-08-14,23.329999923706055,20.71394157409668,1417800,0.0,-0.004692858696472069,-0.004692942906682651,-0.004692858696472069,18c37477249a435de1958a8e2e5cfd68e25bfebd54f9c87f9544c4be1becf651,2026-10-07T15:19:18.442792+00:00
COLB,2024-08-15,23.610000610351562,20.962549209594727,1170600,0.0,0.01200174400176457,0.01200194731691906,0.01200174400176457,18c37477249a435de1958a8e2e5cfd68e25bfebd54f9c87f9544c4be1becf651,2026-10-07T15:19:18.442792+00:00
COLB,2024-08-16,23.959999084472656,21.27330207824707,1453900,0.0,0.014824162010721897,0.014824192685024773,0.014824162010721897,18c37477249a435de1958a8e2e5cfd68e25bfebd54f9c87f9544c4be1becf651,2026-10-07T15:19:18.442792+00:00
COLB,2024-08-19,24.260000228881836,21.539657592773438,1007800,0.0,0.012520916355276412,0.012520647408035712,0.012520916355276412,18c37477249a435de1958a8e2e5cfd68e25bfebd54f9c87f9544c4be1becf651,2026-10-07T15:19:18.442792+00:00
COLB,2024-08-20,23.649999618530273,20.99806022644043,1476000,0.0,-0.025144295325494226,-0.02514419572364579,-0.025144295325494226,18c37477249a435de1958a8e2e5cfd68e25bfebd54f9c87f9544c4be1becf651,2026-10-07T15:19:18.442792+00:00
COLB,2024-08-21,23.600000381469727,20.953672409057617,1838100,0.0,-0.002114132679366776,-0.0021139008510376867,-0.002114132679366776,18c37477249a435de1958a8e2e5cfd68e25bfebd54f9c87f9544c4be1becf651,2026-10-07T15:19:18.442792+00:00
COLB,2024-08-22,23.68000030517578,21.024696350097656,1616200,0.0,0.0033898272208872093,0.003389570078863091,0.0033898272208872093,18c37477249a435de1958a8e2e5cfd68e25bfebd54f9c87f9544c4be1becf651,2026-10-07T15:19:18.442792+00:00
COLB,2024-08-23,24.969999313354492,22.51229476928711,2250900,0.36,0.05447630876494336,0.07075481112394488,0.06967901127172138,18c37477249a435de1958a8e2e5cfd68e25bfebd54f9c87f9544c4be1becf651,2026-10-07T15:19:18.442792+00:00
COLB,2024-08-26,25.040000915527344,22.57540512084961,1857700,0.0,0.002803428277845965,0.002803372655221237,0.002803428277845965,18c37477249a435de1958a8e2e5cfd68e25bfebd54f9c87f9544c4be1becf651,2026-10-07T15:19:18.442792+00:00
COLB,2024-08-27,24.729999542236328,22.295917510986328,1763100,0.0,-0.012380246084527258,-0.012380181368491061,-0.012380246084527258,18c37477249a435de1958a8e2e5cfd68e25bfebd54f9c87f9544c4be1becf651,2026-10-07T15:19:18.442792+00:00
COLB,2024-08-28,24.84000015258789,22.39508628845215,1651400,0.0,0.004448063582196626,0.0044478446521412085,0.004448063582196626,18c37477249a435de1958a8e2e5cfd68e25bfebd54f9c87f9544c4be1becf651,2026-10-07T15:19:18.442792+00:00
COLB,2024-08-29,25.0,22.539339065551758,2173900,0.0,0.00644121765013117,0.006441269090978752,0.00644121765013117,18c37477249a435de1958a8e2e5cfd68e25bfebd54f9c87f9544c4be1becf651,2026-10-07T15:19:18.442792+00:00
COLB,2024-08-30,25.18000030517578,22.701623916625977,1468300,0.0,0.007200012207031259,0.0072000714218922734,0.007200012207031259,18c37477249a435de1958a8e2e5cfd68e25bfebd54f9c87f9544c4be1becf651,2026-10-07T15:19:18.442792+00:00
COLB,2024-09-03,24.670000076293945,22.2418212890625,1221200,0.0,-0.020254178820522273,-0.020254173412974752,-0.020254178820522273,18c37477249a435de1958a8e2e5cfd68e25bfebd54f9c87f9544c4be1becf651,2026-10-07T15:19:18.442792+00:00
COLB,2024-09-04,24.239999771118164,21.854143142700195,1355500,0.0,-0.017430089333034915,-0.01743014393128617,-0.017430089333034915,18c37477249a435de1958a8e2e5cfd68e25bfebd54f9c87f9544c4be1becf651,2026-10-07T15:19:18.442792+00:00
COLB,2024-09-05,24.25,21.863161087036133,1093900,0.0,0.00041255070034074137,0.0004126423203625329,0.00041255070034074137,18c37477249a435de1958a8e2e5cfd68e25bfebd54f9c87f9544c4be1becf651,2026-10-07T15:19:18.442792+00:00
COLB,2024-09-06,23.639999389648438,21.313201904296875,1350600,0.0,-0.025154664344394284,-0.025154605070597857,-0.025154664344394284,18c37477249a435de1958a8e2e5cfd68e25bfebd54f9c87f9544c4be1becf651,2026-10-07T15:19:18.442792+00:00
COLB,2024-09-09,24.030000686645508,21.66481590270996,1453900,0.0,0.01649751721938908,0.01649747419425518,0.01649751721938908,18c37477249a435de1958a8e2e5cfd68e25bfebd54f9c87f9544c4be1becf651,2026-10-07T15:19:18.442792+00:00
COLB,2024-09-10,23.8799991607666,21.529577255249023,1635700,0.0,-0.006242260573977809,-0.00624231694689914,-0.006242260573977809,18c37477249a435de1958a8e2e5cfd68e25bfebd54f9c87f9544c4be1becf651,2026-10-07T15:19:18.442792+00:00
COLB,2024-09-11,23.479999542236328,21.168949127197266,1694200,0.0,-0.016750403374697242,-0.016750358066776938,-0.016750403374697242,18c37477249a435de1958a8e2e5cfd68e25bfebd54f9c87f9544c4be1becf651,2026-10-07T15:19:18.442792+00:00
COLB,2024-09-12,23.549999237060547,21.2320613861084,2204000,0.0,0.0029812477082165056,0.0029813600350170333,0.0029812477082165056,18c37477249a435de1958a8e2e5cfd68e25bfebd54f9c87f9544c4be1becf651,2026-10-07T15:19:18.442792+00:00
COLB,2024-09-13,24.3700008392334,21.971351623535156,1653900,0.0,0.034819602069558364,0.03481952241860298,0.034819602069558364,18c37477249a435de1958a8e2e5cfd68e25bfebd54f9c87f9544c4be1becf651,2026-10-07T15:19:18.442792+00:00
COLB,2024-09-16,24.709999084472656,22.27788543701172,1877600,0.0,0.013951507325838719,0.013951522816111561,0.013951507325838719,18c37477249a435de1958a8e2e5cfd68e25bfebd54f9c87f9544c4be1becf651,2026-10-07T15:19:18.442792+00:00
COLB,2024-09-17,24.8799991607666,22.431154251098633,1671900,0.0,0.006879809089137989,0.006879863644162487,0.006879809089137989,18c37477249a435de1958a8e2e5cfd68e25bfebd54f9c87f9544c4be1becf651,2026-10-07T15:19:18.442792+00:00
COLB,2024-09-18,25.229999542236328,22.746700286865234,2371500,0.0,0.014067539922655747,0.014067311571857477,0.014067539922655747,18c37477249a435de1958a8e2e5cfd68e25bfebd54f9c87f9544c4be1becf651,2026-10-07T15:19:18.442792+00:00
COLB,2024-09-19,26.280000686645508,23.693355560302734,2912900,0.0,0.04161716858739628,0.04161725707460673,0.04161716858739628,18c37477249a435de1958a8e2e5cfd68e25bfebd54f9c87f9544c4be1becf651,2026-10-07T15:19:18.442792+00:00
COLB,2024-09-20,25.799999237060547,23.260597229003906,4904900,0.0,-0.018264894864667203,-0.018264965897185848,-0.018264894864667203,18c37477249a435de1958a8e2e5cfd68e25bfebd54f9c87f9544c4be1becf651,2026-10-07T15:19:18.442792+00:00
COLB,2024-09-23,25.739999771118164,23.20650291442871,2266100,0.0,-0.0023255607642110876,-0.0023255772000447816,-0.0023255607642110876,18c37477249a435de1958a8e2e5cfd68e25bfebd54f9c87f9544c4be1becf651,2026-10-07T15:19:18.442792+00:00
COLB,2024-09-24,26.079999923706055,23.513038635253906,3166700,0.0,0.013209019254514232,0.013209044118172919,0.013209019254514232,18c37477249a435de1958a8e2e5cfd68e25bfebd54f9c87f9544c4be1becf651,2026-10-07T15:19:18.442792+00:00
COLB,2024-09-25,25.6299991607666,23.10733413696289,2431300,0.0,-0.01725463053128362,-0.017254447822950825,-0.01725463053128362,18c37477249a435de1958a8e2e5cfd68e25bfebd54f9c87f9544c4be1becf651,2026-10-07T15:19:18.442792+00:00
COLB,2024-09-26,25.969999313354492,23.41386604309082,1560500,0.0,0.013265710640691264,0.013265567733215855,0.013265710640691264,18c37477249a435de1958a8e2e5cfd68e25bfebd54f9c87f9544c4be1becf651,2026-10-07T15:19:18.442792+00:00
COLB,2024-09-27,25.959999084472656,23.40485191345215,1376900,0.0,-0.0003850685077489979,-0.0003849910827234959,-0.0003850685077489979,18c37477249a435de1958a8e2e5cfd68e25bfebd54f9c87f9544c4be1becf651,2026-10-07T15:19:18.442792+00:00
COLB,2024-09-30,26.110000610351562,23.54008674621582,1655600,0.0,0.005778179166756159,0.005778068293862848,0.005778179166756159,18c37477249a435de1958a8e2e5cfd68e25bfebd54f9c87f9544c4be1becf651,2026-10-07T15:19:18.442792+00:00
COLB,2024-10-01,25.280000686645508,22.791784286499023,1794300,0.0,-0.03178858308325716,-0.03178843254845232,-0.03178858308325716,18c37477249a435de1958a8e2e5cfd68e25bfebd54f9c87f9544c4be1becf651,2026-10-07T15:19:18.442792+00:00
COLB,2024-10-02,25.329999923706055,22.836864471435547,1357100,0.0,0.0019778178679781266,0.001977913811830323,0.0019778178679781266,18c37477249a435de1958a8e2e5cfd68e25bfebd54f9c87f9544c4be1becf651,2026-10-07T15:19:18.442792+00:00
COLB,2024-10-03,25.34000015258789,22.84587860107422,1449200,0.0,0.0003947978251859219,0.00039471835767757035,0.0003947978251859219,18c37477249a435de1958a8e2e5cfd68e25bfebd54f9c87f9544c4be1becf651,2026-10-07T15:19:18.442792+00:00
COLB,2024-10-04,25.670000076293945,23.14339828491211,1437400,0.0,0.013022885624266678,0.013022904000894897,0.013022885624266678,18c37477249a435de1958a8e2e5cfd68e25bfebd54f9c87f9544c4be1becf651,2026-10-07T15:19:18.442792+00:00
COLB,2024-10-07,25.559999465942383,23.044221878051758,1431500,0.0,-0.004285181535825022,-0.0042853000946281306,-0.004285181535825022,18c37477249a435de1958a8e2e5cfd68e25bfebd54f9c87f9544c4be1becf651,2026-10-07T15:19:18.442792+00:00
COLB,2024-10-08,25.549999237060547,23.03520393371582,1084300,0.0,-0.000391245269592444,-0.0003913321258430802,-0.000391245269592444,18c37477249a435de1958a8e2e5cfd68e25bfebd54f9c87f9544c4be1becf651,2026-10-07T15:19:18.442792+00:00
COLB,2024-10-09,25.989999771118164,23.431896209716797,893600,0.0,0.01722115644603983,0.017221131496923725,0.01722115644603983,18c37477249a435de1958a8e2e5cfd68e25bfebd54f9c87f9544c4be1becf651,2026-10-07T15:19:18.442792+00:00
COLB,2024-10-10,25.950000762939453,23.395835876464844,1034500,0.0,-0.0015390153340116841,-0.0015389421722088459,-0.0015390153340116841,18c37477249a435de1958a8e2e5cfd68e25bfebd54f9c87f9544c4be1becf651,2026-10-07T15:19:18.442792+00:00
COLB,2024-10-11,26.899999618530273,24.252330780029297,2071000,0.0,0.03660881802159954,0.036608860999322035,0.03660881802159954,18c37477249a435de1958a8e2e5cfd68e25bfebd54f9c87f9544c4be1becf651,2026-10-07T15:19:18.442792+00:00
COLB,2024-10-14,27.15999984741211,24.486740112304688,1070300,0.0,0.009665436154977947,0.009665435227710795,0.009665436154977947,18c37477249a435de1958a8e2e5cfd68e25bfebd54f9c87f9544c4be1becf651,2026-10-07T15:19:18.442792+00:00
COLB,2024-10-15,27.450000762939453,24.748197555541992,1434700,0.0,0.010677500631686376,0.01067751125867189,0.010677500631686376,18c37477249a435de1958a8e2e5cfd68e25bfebd54f9c87f9544c4be1becf651,2026-10-07T15:19:18.442792+00:00
COLB,2024-10-16,27.690000534057617,24.964576721191406,1682300,0.0,0.008743160817765494,0.008743229286245935,0.008743160817765494,18c37477249a435de1958a8e2e5cfd68e25bfebd54f9c87f9544c4be1becf651,2026-10-07T15:19:18.442792+00:00
COLB,2024-10-17,27.760000228881836,25.027685165405273,1674600,0.0,0.0025279773735693567,0.002527919656666766,0.0025279773735693567,18c37477249a435de1958a8e2e5cfd68e25bfebd54f9c87f9544c4be1becf651,2026-10-07T15:19:18.442792+00:00
COLB,2024-10-18,27.479999542236328,24.775243759155273,1016900,0.0,-0.010086479983317576,-0.010086486408217188,-0.010086479983317576,18c37477249a435de1958a8e2e5cfd68e25bfebd54f9c87f9544c4be1becf651,2026-10-07T15:19:18.442792+00:00
COLB,2024-10-21,26.6299991607666,24.008907318115234,1908500,0.0,-0.030931601005425358,-0.030931539906922323,-0.030931601005425358,18c37477249a435de1958a8e2e5cfd68e25bfebd54f9c87f9544c4be1becf651,2026-10-07T15:19:18.442792+00:00
COLB,2024-10-22,27.049999237060547,24.3875675201416,1123400,0.0,0.01577168943034457,0.01577165495327071,0.01577168943034457,18c37477249a435de1958a8e2e5cfd68e25bfebd54f9c87f9544c4be1becf651,2026-10-07T15:19:18.442792+00:00
COLB,2024-10-23,27.079999923706055,24.414615631103516,2671000,0.0,0.0011090827168824813,0.0011090942522076208,0.0011090827168824813,18c37477249a435de1958a8e2e5cfd68e25bfebd54f9c87f9544c4be1becf651,2026-10-07T15:19:18.442792+00:00
COLB,2024-10-24,28.270000457763672,25.48748779296875,3264800,0.0,0.043943889860054375,0.04394384814719032,0.043943889860054375,18c37477249a435de1958a8e2e5cfd68e25bfebd54f9c87f9544c4be1becf651,2026-10-07T15:19:18.442792+00:00
COLB,2024-10-25,27.899999618530273,25.153905868530273,1833600,0.0,-0.01308810871036925,-0.013088066079643301,-0.01308810871036925,18c37477249a435de1958a8e2e5cfd68e25bfebd54f9c87f9544c4be1becf651,2026-10-07T15:19:18.442792+00:00
COLB,2024-10-28,28.770000457763672,25.938274383544922,1868100,0.0,0.03118282620532975,0.03118277213543852,0.03118282620532975,18c37477249a435de1958a8e2e5cfd68e25bfebd54f9c87f9544c4be1becf651,2026-10-07T15:19:18.442792+00:00
COLB,2024-10-29,28.639999389648438,25.821067810058594,1037900,0.0,-0.004518632813582446,-0.004518672744116103,-0.004518632813582446,18c37477249a435de1958a8e2e5cfd68e25bfebd54f9c87f9544c4be1becf651,2026-10-07T15:19:18.442792+00:00
COLB,2024-10-30,29.170000076293945,26.29890251159668,1385900,0.0,0.01850561096160752,0.01850561351889346,0.01850561096160752,18c37477249a435de1958a8e2e5cfd68e25bfebd54f9c87f9544c4be1becf651,2026-10-07T15:19:18.442792+00:00
COLB,2024-10-31,28.510000228881836,25.7038631439209,1101400,0.0,-0.022625980311480443,-0.02262601518878571,-0.022625980311480443,18c37477249a435de1958a8e2e5cfd68e25bfebd54f9c87f9544c4be1becf651,2026-10-07T15:19:18.442792+00:00
COLB,2024-11-01,28.3700008392334,25.577646255493164,1435200,0.0,-0.004910536251298003,-0.004910424854078221,-0.004910536251298003,18c37477249a435de1958a8e2e5cfd68e25bfebd54f9c87f9544c4be1becf651,2026-10-07T15:19:18.442792+00:00
COLB,2024-11-04,27.760000228881836,25.027685165405273,2038600,0.0,-0.021501607060510963,-0.02150163015761386,-0.021501607060510963,18c37477249a435de1958a8e2e5cfd68e25bfebd54f9c87f9544c4be1becf651,2026-10-07T15:19:18.442792+00:00
COLB,2024-11-05,28.18000030517578,25.406347274780273,1389100,0.0,0.015129685620714595,0.015129729612325837,0.015129685620714595,18c37477249a435de1958a8e2e5cfd68e25bfebd54f9c87f9544c4be1becf651,2026-10-07T15:19:18.442792+00:00
COLB,2024-11-06,31.690000534057617,28.57086944580078,4624000,0.0,0.12455642976828352,0.1245563613216365,0.12455642976828352,18c37477249a435de1958a8e2e5cfd68e25bfebd54f9c87f9544c4be1becf651,2026-10-07T15:19:18.442792+00:00
COLB,2024-11-07,30.43000030517578,27.434886932373047,2788500,0.0,-0.03976018326436126,-0.039760166052443924,-0.03976018326436126,18c37477249a435de1958a8e2e5cfd68e25bfebd54f9c87f9544c4be1becf651,2026-10-07T15:19:18.442792+00:00
COLB,2024-11-08,30.479999542236328,27.479965209960938,1444500,0.0,0.001643090258268698,0.001643100541985465,0.001643090258268698,18c37477249a435de1958a8e2e5cfd68e25bfebd54f9c87f9544c4be1becf651,2026-10-07T15:19:18.442792+00:00
COLB,2024-11-11,31.5,28.399572372436523,1524900,0.0,0.033464582450214664,0.0334646407100343,0.033464582450214664,18c37477249a435de1958a8e2e5cfd68e25bfebd54f9c87f9544c4be1becf651,2026-10-07T15:19:18.442792+00:00
COLB,2024-11-12,31.3799991607666,28.291379928588867,1080600,0.0,-0.003809550451853938,-0.0038096504563097655,-0.003809550451853938,18c37477249a435de1958a8e2e5cfd68e25bfebd54f9c87f9544c4be1becf651,2026-10-07T15:19:18.442792+00:00
COLB,2024-11-13,30.950000762939453,27.903705596923828,1263000,0.0,-0.013702944847900467,-0.013702913489677004,-0.013702944847900467,18c37477249a435de1958a8e2e5cfd68e25bfebd54f9c87f9544c4be1becf651,2026-10-07T15:19:18.442792+00:00
COLB,2024-11-14,31.1200008392334,28.056974411010742,1074700,0.0,0.005492732539687406,0.00549277634665879,0.005492732539687406,18c37477249a435de1958a8e2e5cfd68e25bfebd54f9c87f9544c4be1becf651,2026-10-07T15:19:18.442792+00:00
COLB,2024-11-15,30.8799991607666,27.840593338012695,939300,0.0,-0.0077121359895410135,-0.007712202671187884,-0.0077121359895410135,18c37477249a435de1958a8e2e5cfd68e25bfebd54f9c87f9544c4be1becf651,2026-10-07T15:19:18.442792+00:00
COLB,2024-11-18,30.549999237060547,27.543073654174805,971200,0.0,-0.010686526317180811,-0.010686542496623708,-0.010686526317180811,18c37477249a435de1958a8e2e5cfd68e25bfebd54f9c87f9544c4be1becf651,2026-10-07T15:19:18.442792+00:00
COLB,2024-11-19,30.149999618530273,27.182445526123047,1200500,0.0,-0.013093277529284797,-0.013093241973634817,-0.013093277529284797,18c37477249a435de1958a8e2e5cfd68e25bfebd54f9c87f9544c4be1becf651,2026-10-07T15:19:18.442792+00:00
COLB,2024-11-20,29.979999542236328,27.0291805267334,1090900,0.0,-0.005638476897010025,-0.00563838155188634,-0.005638476897010025,18c37477249a435de1958a8e2e5cfd68e25bfebd54f9c87f9544c4be1becf651,2026-10-07T15:19:18.442792+00:00
COLB,2024-11-21,30.670000076293945,27.651264190673828,1204500,0.0,0.02301536172759211,0.02301526172149959,0.02301536172759211,18c37477249a435de1958a8e2e5cfd68e25bfebd54f9c87f9544c4be1becf651,2026-10-07T15:19:18.442792+00:00
COLB,2024-11-22,31.639999389648438,28.52579116821289,1334100,0.0,0.031626974598681024,0.031627016092595994,0.031626974598681024,18c37477249a435de1958a8e2e5cfd68e25bfebd54f9c87f9544c4be1becf651,2026-10-07T15:19:18.442792+00:00
COLB,2024-11-25,32.0099983215332,28.859373092651367,2327600,0.0,0.011694024621435872,0.011694046362163535,0.011694024621435872,18c37477249a435de1958a8e2e5cfd68e25bfebd54f9c87f9544c4be1becf651,2026-10-07T15:19:18.442792+00:00
COLB,2024-11-26,31.719999313354492,28.597915649414062,1303500,0.0,-0.009059638343799192,-0.009059706265895362,-0.009059638343799192,18c37477249a435de1958a8e2e5cfd68e25bfebd54f9c87f9544c4be1becf651,2026-10-07T15:19:18.442792+00:00
COLB,2024-11-27,31.6200008392334,28.507761001586914,940300,0.0,-0.003152537083410123,-0.003152490165100441,-0.003152537083410123,18c37477249a435de1958a8e2e5cfd68e25bfebd54f9c87f9544c4be1becf651,2026-10-07T15:19:18.442792+00:00
COLB,2024-11-29,31.010000228881836,28.27977180480957,664900,0.36,-0.019291606393466276,-0.007997443109076574,-0.00790640745465665,18c37477249a435de1958a8e2e5cfd68e25bfebd54f9c87f9544c4be1becf651,2026-10-07T15:19:18.442792+00:00
COLB,2024-12-02,30.8700008392334,28.152099609375,1447400,0.0,-0.004514652970497135,-0.004514611939437807,-0.004514652970497135,18c37477249a435de1958a8e2e5cfd68e25bfebd54f9c87f9544c4be1becf651,2026-10-07T15:19:18.442792+00:00
COLB,2024-12-03,30.549999237060547,27.860267639160156,1406700,0.0,-0.010366102801207422,-0.010366259506898734,-0.010366102801207422,18c37477249a435de1958a8e2e5cfd68e25bfebd54f9c87f9544c4be1becf651,2026-10-07T15:19:18.442792+00:00
COLB,2024-12-04,30.219999313354492,27.559322357177734,1436000,0.0,-0.010801961765869006,-0.01080195229565617,-0.010801961765869006,18c37477249a435de1958a8e2e5cfd68e25bfebd54f9c87f9544c4be1becf651,2026-10-07T15:19:18.442792+00:00
COLB,2024-12-05,30.149999618530273,27.495487213134766,1202400,0.0,-0.002316336744365377,-0.002316281337242043,-0.002316336744365377,18c37477249a435de1958a8e2e5cfd68e25bfebd54f9c87f9544c4be1becf651,2026-10-07T15:19:18.442792+00:00
COLB,2024-12-06,30.190000534057617,27.531967163085938,918100,0.0,0.0013267302166981576,0.0013267613579055482,0.0013267302166981576,18c37477249a435de1958a8e2e5cfd68e25bfebd54f9c87f9544c4be1becf651,2026-10-07T15:19:18.442792+00:00
COLB,2024-12-09,29.850000381469727,27.22190284729004,1204000,0.0,-0.011262012142210232,-0.011261974633313687,-0.011262012142210232,18c37477249a435de1958a8e2e5cfd68e25bfebd54f9c87f9544c4be1becf651,2026-10-07T15:19:18.442792+00:00
COLB,2024-12-10,29.520000457763672,26.92095375061035,822500,0.0,-0.011055273684717037,-0.01105540264278948,-0.011055273684717037,18c37477249a435de1958a8e2e5cfd68e25bfebd54f9c87f9544c4be1becf651,2026-10-07T15:19:18.442792+00:00
COLB,2024-12-11,30.0,27.358694076538086,2144200,0.0,0.016260146842582035,0.01626020868290401,0.016260146842582035,18c37477249a435de1958a8e2e5cfd68e25bfebd54f9c87f9544c4be1becf651,2026-10-07T15:19:18.442792+00:00
COLB,2024-12-12,29.600000381469727,26.993913650512695,1191600,0.0,-0.013333320617675781,-0.013333254321455823,-0.013333320617675781,18c37477249a435de1958a8e2e5cfd68e25bfebd54f9c87f9544c4be1becf651,2026-10-07T15:19:18.442792+00:00
COLB,2024-12-13,29.3700008392334,26.784162521362305,1296500,0.0,-0.007770254705142254,-0.007770311925347939,-0.007770254705142254,18c37477249a435de1958a8e2e5cfd68e25bfebd54f9c87f9544c4be1becf651,2026-10-07T15:19:18.442792+00:00
COLB,2024-12-16,29.739999771118164,27.121585845947266,1380700,0.0,0.012597852274846,0.012597867277569064,0.012597852274846,18c37477249a435de1958a8e2e5cfd68e25bfebd54f9c87f9544c4be1becf651,2026-10-07T15:19:18.442792+00:00
COLB,2024-12-17,28.6299991607666,26.109310150146484,1721300,0.0,-0.03732349088413689,-0.037323617488689176,-0.03732349088413689,18c37477249a435de1958a8e2e5cfd68e25bfebd54f9c87f9544c4be1becf651,2026-10-07T15:19:18.442792+00:00
COLB,2024-12-18,26.799999237060547,24.4404354095459,2019800,0.0,-0.06391896532829144,-0.06391876043462696,-0.06391896532829144,18c37477249a435de1958a8e2e5cfd68e25bfebd54f9c87f9544c4be1becf651,2026-10-07T15:19:18.442792+00:00
COLB,2024-12-19,26.399999618530273,24.075651168823242,2051300,0.0,-0.014925359325276832,-0.014925439527160744,-0.014925359325276832,18c37477249a435de1958a8e2e5cfd68e25bfebd54f9c87f9544c4be1becf651,2026-10-07T15:19:18.442792+00:00
COLB,2024-12-20,27.190000534057617,24.796098709106445,6424000,0.0,0.029924277535702704,0.029924322097511835,0.029924277535702704,18c37477249a435de1958a8e2e5cfd68e25bfebd54f9c87f9544c4be1becf651,2026-10-07T15:19:18.442792+00:00
COLB,2024-12-23,27.079999923706055,24.695781707763672,1338500,0.0,-0.004045627370024452,-0.004045676802614584,-0.004045627370024452,18c37477249a435de1958a8e2e5cfd68e25bfebd54f9c87f9544c4be1becf651,2026-10-07T15:19:18.442792+00:00
COLB,2024-12-24,27.56999969482422,25.142641067504883,500300,0.0,0.018094526310881376,0.018094562262863434,0.018094526310881376,18c37477249a435de1958a8e2e5cfd68e25bfebd54f9c87f9544c4be1becf651,2026-10-07T15:19:18.442792+00:00
COLB,2024-12-26,27.5,25.07880210876465,1313200,0.0,-0.0025389806165779794,-0.0025390713158905953,-0.0025389806165779794,18c37477249a435de1958a8e2e5cfd68e25bfebd54f9c87f9544c4be1becf651,2026-10-07T15:19:18.442792+00:00
COLB,2024-12-27,27.139999389648438,24.75050163269043,912700,0.0,-0.01309093128551131,-0.013090755876233984,-0.01309093128551131,18c37477249a435de1958a8e2e5cfd68e25bfebd54f9c87f9544c4be1becf651,2026-10-07T15:19:18.442792+00:00
COLB,2024-12-30,26.940000534057617,24.568105697631836,1124300,0.0,-0.007369154756396323,-0.00736938336707027,-0.007369154756396323,18c37477249a435de1958a8e2e5cfd68e25bfebd54f9c87f9544c4be1becf651,2026-10-07T15:19:18.442792+00:00
COLB,2024-12-31,27.010000228881836,24.63194465637207,780600,0.0,0.0025983553614159494,0.002598448554639088,0.0025983553614159494,18c37477249a435de1958a8e2e5cfd68e25bfebd54f9c87f9544c4be1becf651,2026-10-07T15:19:18.442792+00:00
COLB,2025-01-02,26.860000610351562,24.495149612426758,828900,0.0,-0.005553484533846076,-0.005553562491864561,-0.005553484533846076,18c37477249a435de1958a8e2e5cfd68e25bfebd54f9c87f9544c4be1becf651,2026-10-07T15:19:18.442792+00:00
COLB,2025-01-03,27.110000610351562,24.7231388092041,829700,0.0,0.00930752026504611,0.009307524158239211,0.00930752026504611,18c37477249a435de1958a8e2e5cfd68e25bfebd54f9c87f9544c4be1becf651,2026-10-07T15:19:18.442792+00:00
COLB,2025-01-06,27.40999984741211,24.996726989746094,1566800,0.0,0.011065998904699281,0.01106607792211789,0.011065998904699281,18c37477249a435de1958a8e2e5cfd68e25bfebd54f9c87f9544c4be1becf651,2026-10-07T15:19:18.442792+00:00
COLB,2025-01-07,27.200000762939453,24.805221557617188,1626900,0.0,-0.007661404073027844,-0.007661220295259619,-0.007661404073027844,18c37477249a435de1958a8e2e5cfd68e25bfebd54f9c87f9544c4be1becf651,2026-10-07T15:19:18.442792+00:00
COLB,2025-01-08,27.15999984741211,24.76873779296875,1084500,0.0,-0.0014706218531378434,-0.001470809868143852,-0.0014706218531378434,18c37477249a435de1958a8e2e5cfd68e25bfebd54f9c87f9544c4be1becf651,2026-10-07T15:19:18.442792+00:00
COLB,2025-01-10,26.25,23.938858032226562,1176600,0.0,-0.033505149209300034,-0.03350512923503801,-0.033505149209300034,18c37477249a435de1958a8e2e5cfd68e25bfebd54f9c87f9544c4be1becf651,2026-10-07T15:19:18.442792+00:00
COLB,2025-01-13,26.65999984741211,24.312761306762695,1382100,0.0,0.015619041806175682,0.015619094028327618,0.015619041806175682,18c37477249a435de1958a8e2e5cfd68e25bfebd54f9c87f9544c4be1becf651,2026-10-07T15:19:18.442792+00:00
COLB,2025-01-14,27.889999389648438,25.434463500976562,1465200,0.0,0.046136517227164386,0.046136355309911226,0.046136517227164386,18c37477249a435de1958a8e2e5cfd68e25bfebd54f9c87f9544c4be1becf651,2026-10-07T15:19:18.442792+00:00
COLB,2025-01-15,28.43000030517578,25.926921844482422,2251900,0.0,0.019361811665286943,0.019361853002598295,0.019361811665286943,18c37477249a435de1958a8e2e5cfd68e25bfebd54f9c87f9544c4be1becf651,2026-10-07T15:19:18.442792+00:00
COLB,2025-01-16,28.139999389648438,25.66245460510254,1188400,0.0,-0.010200524530931787,-0.010200487391686441,-0.010200524530931787,18c37477249a435de1958a8e2e5cfd68e25bfebd54f9c87f9544c4be1becf651,2026-10-07T15:19:18.442792+00:00
COLB,2025-01-17,28.579999923706055,26.0637149810791,1314400,0.0,0.015636124506082094,0.015636087122265385,0.015636124506082094,18c37477249a435de1958a8e2e5cfd68e25bfebd54f9c87f9544c4be1becf651,2026-10-07T15:19:18.442792+00:00
COLB,2025-01-21,28.84000015258789,26.300825119018555,2139000,0.0,0.009097278851501134,0.009097326996998722,0.009097278851501134,18c37477249a435de1958a8e2e5cfd68e25bfebd54f9c87f9544c4be1becf651,2026-10-07T15:19:18.442792+00:00
COLB,2025-01-22,28.770000457763672,26.236988067626953,1390100,0.0,-0.00242717387149316,-0.002427188162452021,-0.00242717387149316,18c37477249a435de1958a8e2e5cfd68e25bfebd54f9c87f9544c4be1becf651,2026-10-07T15:19:18.442792+00:00
COLB,2025-01-23,28.149999618530273,25.671573638916016,2153400,0.0,-0.021550254757333187,-0.02155027959968414,-0.021550254757333187,18c37477249a435de1958a8e2e5cfd68e25bfebd54f9c87f9544c4be1becf651,2026-10-07T15:19:18.442792+00:00
COLB,2025-01-24,27.959999084472656,25.498302459716797,1936900,0.0,-0.006749575013583531,-0.006749534782571898,-0.006749575013583531,18c37477249a435de1958a8e2e5cfd68e25bfebd54f9c87f9544c4be1becf651,2026-10-07T15:19:18.442792+00:00
COLB,2025-01-27,28.1299991607666,25.653337478637695,1912700,0.0,0.0060801173769835515,0.006080209424365712,0.0060801173769835515,18c37477249a435de1958a8e2e5cfd68e25bfebd54f9c87f9544c4be1becf651,2026-10-07T15:19:18.442792+00:00
COLB,2025-01-28,27.950000762939453,25.48918342590332,1076800,0.0,-0.0063988056593402565,-0.006398935533088901,-0.0063988056593402565,18c37477249a435de1958a8e2e5cfd68e25bfebd54f9c87f9544c4be1becf651,2026-10-07T15:19:18.442792+00:00
COLB,2025-01-29,27.6299991607666,25.197357177734375,1269700,0.0,-0.01144907311047949,-0.011449023034311057,-0.01144907311047949,18c37477249a435de1958a8e2e5cfd68e25bfebd54f9c87f9544c4be1becf651,2026-10-07T15:19:18.442792+00:00
COLB,2025-01-30,28.030000686645508,25.56214141845703,1060800,0.0,0.014477073399513207,0.014477083376227995,0.014477073399513207,18c37477249a435de1958a8e2e5cfd68e25bfebd54f9c87f9544c4be1becf651,2026-10-07T15:19:18.442792+00:00
COLB,2025-01-31,27.899999618530273,25.443586349487305,1119800,0.0,-0.004637925969697587,-0.004637916167857692,-0.004637925969697587,18c37477249a435de1958a8e2e5cfd68e25bfebd54f9c87f9544c4be1becf651,2026-10-07T15:19:18.442792+00:00
COLB,2025-02-03,27.34000015258789,24.932893753051758,1840900,0.0,-0.020071665720398424,-0.020071564968113798,-0.020071665720398424,18c37477249a435de1958a8e2e5cfd68e25bfebd54f9c87f9544c4be1becf651,2026-10-07T15:19:18.442792+00:00
COLB,2025-02-04,28.040000915527344,25.571260452270508,1172700,0.0,0.02560353910141422,0.02560339387563526,0.02560353910141422,18c37477249a435de1958a8e2e5cfd68e25bfebd54f9c87f9544c4be1becf651,2026-10-07T15:19:18.442792+00:00
COLB,2025-02-05,28.420000076293945,25.917802810668945,1324900,0.0,0.013552038101260377,0.01355202490097307,0.013552038101260377,18c37477249a435de1958a8e2e5cfd68e25bfebd54f9c87f9544c4be1becf651,2026-10-07T15:19:18.442792+00:00
COLB,2025-02-06,28.530000686645508,26.01811981201172,1259600,0.0,0.0038705351884680272,0.0038705827834093487,0.0038705351884680272,18c37477249a435de1958a8e2e5cfd68e25bfebd54f9c87f9544c4be1becf651,2026-10-07T15:19:18.442792+00:00
COLB,2025-02-07,27.790000915527344,25.34326934814453,1057200,0.0,-0.025937600887074197,-0.025937710670224212,-0.025937600887074197,18c37477249a435de1958a8e2e5cfd68e25bfebd54f9c87f9544c4be1becf651,2026-10-07T15:19:18.442792+00:00
COLB,2025-02-10,27.389999389648438,24.97848892211914,1402500,0.0,-0.014393721219901456,-0.01439358202031249,-0.014393721219901456,18c37477249a435de1958a8e2e5cfd68e25bfebd54f9c87f9544c4be1becf651,2026-10-07T15:19:18.442792+00:00
COLB,2025-02-11,27.989999771118164,25.52566146850586,1196700,0.0,0.021905819453814424,0.02190575050767718,0.021905819453814424,18c37477249a435de1958a8e2e5cfd68e25bfebd54f9c87f9544c4be1becf651,2026-10-07T15:19:18.442792+00:00
COLB,2025-02-12,27.219999313354492,24.823453903198242,1041300,0.0,-0.027509841516976552,-0.02750986751798834,-0.027509841516976552,18c37477249a435de1958a8e2e5cfd68e25bfebd54f9c87f9544c4be1becf651,2026-10-07T15:19:18.442792+00:00
COLB,2025-02-13,27.469999313354492,25.051443099975586,922000,0.0,0.00918442344990611,0.009184426859630834,0.00918442344990611,18c37477249a435de1958a8e2e5cfd68e25bfebd54f9c87f9544c4be1becf651,2026-10-07T15:19:18.442792+00:00
COLB,2025-02-14,27.40999984741211,24.996726989746094,969600,0.0,-0.002184181559597431,-0.0021841500312429485,-0.002184181559597431,18c37477249a435de1958a8e2e5cfd68e25bfebd54f9c87f9544c4be1becf651,2026-10-07T15:19:18.442792+00:00
COLB,2025-02-18,27.829999923706055,25.379749298095703,903400,0.0,0.015322877731923867,0.015322898414129593,0.015322877731923867,18c37477249a435de1958a8e2e5cfd68e25bfebd54f9c87f9544c4be1becf651,2026-10-07T15:19:18.442792+00:00
COLB,2025-02-19,27.540000915527344,25.115283966064453,887300,0.0,-0.010420374019896594,-0.010420328779650045,-0.010420374019896594,18c37477249a435de1958a8e2e5cfd68e25bfebd54f9c87f9544c4be1becf651,2026-10-07T15:19:18.442792+00:00
COLB,2025-02-20,27.040000915527344,24.6593017578125,1081000,0.0,-0.01815540970872276,-0.018155566501580123,-0.01815540970872276,18c37477249a435de1958a8e2e5cfd68e25bfebd54f9c87f9544c4be1becf651,2026-10-07T15:19:18.442792+00:00
COLB,2025-02-21,26.510000228881836,24.175966262817383,1033300,0.0,-0.019600616446028396,-0.01960053450588839,-0.019600616446028396,18c37477249a435de1958a8e2e5cfd68e25bfebd54f9c87f9544c4be1becf651,2026-10-07T15:19:18.442792+00:00
COLB,2025-02-24,26.329999923706055,24.01181411743164,1612600,0.0,-0.006789902060418518,-0.0067898897442708606,-0.006789902060418518,18c37477249a435de1958a8e2e5cfd68e25bfebd54f9c87f9544c4be1becf651,2026-10-07T15:19:18.442792+00:00
COLB,2025-02-25,26.600000381469727,24.25804328918457,1884400,0.0,0.010254480005545963,0.010254500994749005,0.010254480005545963,18c37477249a435de1958a8e2e5cfd68e25bfebd54f9c87f9544c4be1becf651,2026-10-07T15:19:18.442792+00:00
COLB,2025-02-26,26.530000686645508,24.194204330444336,2255100,0.0,-0.002631567436855442,-0.002631661506214633,-0.002631567436855442,18c37477249a435de1958a8e2e5cfd68e25bfebd54f9c87f9544c4be1becf651,2026-10-07T15:19:18.442792+00:00
COLB,2025-02-27,26.670000076293945,24.321876525878906,1686600,0.0,0.0052770217122124485,0.005276974340252094,0.0052770217122124485,18c37477249a435de1958a8e2e5cfd68e25bfebd54f9c87f9544c4be1becf651,2026-10-07T15:19:18.442792+00:00
COLB,2025-02-28,26.729999542236328,24.710140228271484,1614400,0.36,0.00224969875405856,0.015963558649739085,0.015748011426355513,18c37477249a435de1958a8e2e5cfd68e25bfebd54f9c87f9544c4be1becf651,2026-10-07T15:19:18.442792+00:00
COLB,2025-03-03,26.3799991607666,24.38658905029297,1340100,0.0,-0.013093916478250867,-0.013093862478705476,-0.013093916478250867,18c37477249a435de1958a8e2e5cfd68e25bfebd54f9c87f9544c4be1becf651,2026-10-07T15:19:18.442792+00:00
COLB,2025-03-04,25.329999923706055,23.415935516357422,2928300,0.0,-0.03980285331555844,-0.03980275929256638,-0.03980285331555844,18c37477249a435de1958a8e2e5cfd68e25bfebd54f9c87f9544c4be1becf651,2026-10-07T15:19:18.442792+00:00
COLB,2025-03-05,25.25,23.34197998046875,1936600,0.0,-0.0031583073015007956,-0.003158342139993109,-0.0031583073015007956,18c37477249a435de1958a8e2e5cfd68e25bfebd54f9c87f9544c4be1becf651,2026-10-07T15:19:18.442792+00:00
COLB,2025-03-06,24.969999313354492,23.08313751220703,1765800,0.0,-0.011089136104772579,-0.011089139330866638,-0.011089136104772579,18c37477249a435de1958a8e2e5cfd68e25bfebd54f9c87f9544c4be1becf651,2026-10-07T15:19:18.442792+00:00
COLB,2025-03-07,25.040000915527344,23.147846221923828,1550700,0.0,0.002803428277845965,0.00280328918382855,0.002803428277845965,18c37477249a435de1958a8e2e5cfd68e25bfebd54f9c87f9544c4be1becf651,2026-10-07T15:19:18.442792+00:00
COLB,2025-03-10,24.510000228881836,22.657899856567383,3096000,0.0,-0.021166160833358982,-0.021165959055508443,-0.021166160833358982,18c37477249a435de1958a8e2e5cfd68e25bfebd54f9c87f9544c4be1becf651,2026-10-07T15:19:18.442792+00:00
COLB,2025-03-11,23.889999389648438,22.084747314453125,2293100,0.0,-0.025295831637847543,-0.025295925295041433,-0.025295831637847543,18c37477249a435de1958a8e2e5cfd68e25bfebd54f9c87f9544c4be1becf651,2026-10-07T15:19:18.442792+00:00
COLB,2025-03-12,24.040000915527344,22.223413467407227,1419300,0.0,0.00627884176271265,0.006278819991902385,0.00627884176271265,18c37477249a435de1958a8e2e5cfd68e25bfebd54f9c87f9544c4be1becf651,2026-10-07T15:19:18.442792+00:00
COLB,2025-03-13,23.940000534057617,22.130970001220703,1798500,0.0,-0.004159749486745468,-0.0041597329916082115,-0.004159749486745468,18c37477249a435de1958a8e2e5cfd68e25bfebd54f9c87f9544c4be1becf651,2026-10-07T15:19:18.442792+00:00
COLB,2025-03-14,24.770000457763672,22.898250579833984,1475000,0.0,0.03467000439391299,0.03466999316211439,0.03467000439391299,18c37477249a435de1958a8e2e5cfd68e25bfebd54f9c87f9544c4be1becf651,2026-10-07T15:19:18.442792+00:00
COLB,2025-03-17,24.770000457763672,22.898250579833984,972800,0.0,0.0,0.0,0.0,18c37477249a435de1958a8e2e5cfd68e25bfebd54f9c87f9544c4be1becf651,2026-10-07T15:19:18.442792+00:00
COLB,2025-03-18,24.739999771118164,22.870515823364258,1153500,0.0,-0.0012111702095711774,-0.0012112172662723797,-0.0012111702095711774,18c37477249a435de1958a8e2e5cfd68e25bfebd54f9c87f9544c4be1becf651,2026-10-07T15:19:18.442792+00:00
COLB,2025-03-19,24.969999313354492,23.08313751220703,1147900,0.0,0.00929666711253696,0.009296759657058562,0.00929666711253696,18c37477249a435de1958a8e2e5cfd68e25bfebd54f9c87f9544c4be1becf651,2026-10-07T15:19:18.442792+00:00
COLB,2025-03-20,24.6200008392334,22.759584426879883,1255500,0.0,-0.014016759461178974,-0.01401685906675576,-0.014016759461178974,18c37477249a435de1958a8e2e5cfd68e25bfebd54f9c87f9544c4be1becf651,2026-10-07T15:19:18.442792+00:00
COLB,2025-03-21,24.719999313354492,22.852027893066406,3923300,0.0,0.0040616763083833884,0.004061737879420324,0.0040616763083833884,18c37477249a435de1958a8e2e5cfd68e25bfebd54f9c87f9544c4be1becf651,2026-10-07T15:19:18.442792+00:00
COLB,2025-03-24,25.670000076293945,23.730243682861328,1075700,0.0,0.038430452642700175,0.03843054077758157,0.038430452642700175,18c37477249a435de1958a8e2e5cfd68e25bfebd54f9c87f9544c4be1becf651,2026-10-07T15:19:18.442792+00:00
COLB,2025-03-25,25.56999969482422,23.637794494628906,902000,0.0,-0.003895612823237804,-0.0038958381324668556,-0.003895612823237804,18c37477249a435de1958a8e2e5cfd68e25bfebd54f9c87f9544c4be1becf651,2026-10-07T15:19:18.442792+00:00
COLB,2025-03-26,25.6299991607666,23.693262100219727,1400300,0.0,0.002346478946361863,0.00234656433803182,0.002346478946361863,18c37477249a435de1958a8e2e5cfd68e25bfebd54f9c87f9544c4be1becf651,2026-10-07T15:19:18.442792+00:00
COLB,2025-03-27,25.31999969482422,23.406688690185547,975300,0.0,-0.012095180495242386,-0.012095143708874212,-0.012095180495242386,18c37477249a435de1958a8e2e5cfd68e25bfebd54f9c87f9544c4be1becf651,2026-10-07T15:19:18.442792+00:00
COLB,2025-03-28,24.729999542236328,22.861270904541016,1149900,0.0,-0.023301744063942254,-0.02330179175977276,-0.023301744063942254,18c37477249a435de1958a8e2e5cfd68e25bfebd54f9c87f9544c4be1becf651,2026-10-07T15:19:18.442792+00:00
COLB,2025-03-31,24.940000534057617,23.055404663085938,1330100,0.0,0.008491750736292047,0.00849181829634671,0.008491750736292047,18c37477249a435de1958a8e2e5cfd68e25bfebd54f9c87f9544c4be1becf651,2026-10-07T15:19:18.442792+00:00
COLB,2025-04-01,24.75,22.8797607421875,1398300,0.0,-0.007618305131876668,-0.0076183404050010894,-0.007618305131876668,18c37477249a435de1958a8e2e5cfd68e25bfebd54f9c87f9544c4be1becf651,2026-10-07T15:19:18.442792+00:00
COLB,2025-04-02,25.1200008392334,23.221803665161133,1029100,0.0,0.014949528857915118,0.014949584780532543,0.014949528857915118,18c37477249a435de1958a8e2e5cfd68e25bfebd54f9c87f9544c4be1becf651,2026-10-07T15:19:18.442792+00:00
COLB,2025-04-03,21.81999969482422,20.17116928100586,3080400,0.0,-0.13136946792036364,-0.1313693986971406,-0.13136946792036364,18c37477249a435de1958a8e2e5cfd68e25bfebd54f9c87f9544c4be1becf651,2026-10-07T15:19:18.442792+00:00
COLB,2025-04-04,20.780000686645508,19.209754943847656,2471100,0.0,-0.04766264998736014,-0.04766279652729488,-0.04766264998736014,18c37477249a435de1958a8e2e5cfd68e25bfebd54f9c87f9544c4be1becf651,2026-10-07T15:19:18.442792+00:00
COLB,2025-04-07,20.979999542236328,19.394641876220703,2652300,0.0,0.009624583685377441,0.009624637738143704,0.009624583685377441,18c37477249a435de1958a8e2e5cfd68e25bfebd54f9c87f9544c4be1becf651,2026-10-07T15:19:18.442792+00:00
COLB,2025-04-08,20.780000686645508,19.209754943847656,1981600,0.0,-0.009532834125577039,-0.009532887152700287,-0.009532834125577039,18c37477249a435de1958a8e2e5cfd68e25bfebd54f9c87f9544c4be1becf651,2026-10-07T15:19:18.442792+00:00
COLB,2025-04-09,22.209999084472656,20.531696319580078,4009600,0.0,0.06881609001804079,0.06881614989866391,0.06881609001804079,18c37477249a435de1958a8e2e5cfd68e25bfebd54f9c87f9544c4be1becf651,2026-10-07T15:19:18.442792+00:00
COLB,2025-04-10,20.709999084472656,19.145044326782227,1988500,0.0,-0.0675371482139624,-0.0675371372737219,-0.0675371482139624,18c37477249a435de1958a8e2e5cfd68e25bfebd54f9c87f9544c4be1becf651,2026-10-07T15:19:18.442792+00:00
COLB,2025-04-11,20.84000015258789,19.265222549438477,1918800,0.0,0.006277212644239194,0.006277249642516081,0.006277212644239194,18c37477249a435de1958a8e2e5cfd68e25bfebd54f9c87f9544c4be1becf651,2026-10-07T15:19:18.442792+00:00
COLB,2025-04-14,21.420000076293945,19.801393508911133,1932600,0.0,0.027831090185190366,0.027831028585147743,0.027831090185190366,18c37477249a435de1958a8e2e5cfd68e25bfebd54f9c87f9544c4be1becf651,2026-10-07T15:19:18.442792+00:00
COLB,2025-04-15,21.920000076293945,20.263608932495117,1210400,0.0,0.02334267031835191,0.023342570480000546,0.02334267031835191,18c37477249a435de1958a8e2e5cfd68e25bfebd54f9c87f9544c4be1becf651,2026-10-07T15:19:18.442792+00:00
COLB,2025-04-16,21.950000762939453,20.291343688964844,1493800,0.0,0.0013686444589913194,0.001368697775510741,0.0013686444589913194,18c37477249a435de1958a8e2e5cfd68e25bfebd54f9c87f9544c4be1becf651,2026-10-07T15:19:18.442792+00:00
COLB,2025-04-17,22.18000030517578,20.503965377807617,992300,0.0,0.010478338689840161,0.010478443029793283,0.010478338689840161,18c37477249a435de1958a8e2e5cfd68e25bfebd54f9c87f9544c4be1becf651,2026-10-07T15:19:18.442792+00:00
COLB,2025-04-21,22.059999465942383,20.393030166625977,1296500,0.0,-0.005410317294062272,-0.005410427160675524,-0.005410317294062272,18c37477249a435de1958a8e2e5cfd68e25bfebd54f9c87f9544c4be1becf651,2026-10-07T15:19:18.442792+00:00
COLB,2025-04-22,22.770000457763672,21.049379348754883,1207100,0.0,0.03218499587533685,0.03218497578663171,0.03218499587533685,18c37477249a435de1958a8e2e5cfd68e25bfebd54f9c87f9544c4be1becf651,2026-10-07T15:19:18.442792+00:00
COLB,2025-04-23,23.520000457763672,21.742708206176758,2431200,0.0,0.03293807575415664,0.032938209052842504,0.03293807575415664,18c37477249a435de1958a8e2e5cfd68e25bfebd54f9c87f9544c4be1becf651,2026-10-07T15:19:18.442792+00:00
COLB,2025-04-24,23.31999969482422,21.557819366455078,8101800,0.0,-0.008503433632946034,-0.008503487144676636,-0.008503433632946034,18c37477249a435de1958a8e2e5cfd68e25bfebd54f9c87f9544c4be1becf651,2026-10-07T15:19:18.442792+00:00
COLB,2025-04-25,22.6299991607666,20.919958114624023,3186000,0.0,-0.029588359480586135,-0.029588393936707535,-0.029588359480586135,18c37477249a435de1958a8e2e5cfd68e25bfebd54f9c87f9544c4be1becf651,2026-10-07T15:19:18.442792+00:00
COLB,2025-04-28,22.6200008392334,20.910715103149414,2113800,0.0,-0.0004418171411396665,-0.0004418274369367703,-0.0004418171411396665,18c37477249a435de1958a8e2e5cfd68e25bfebd54f9c87f9544c4be1becf651,2026-10-07T15:19:18.442792+00:00
COLB,2025-04-29,22.719999313354492,21.00316047668457,1719500,0.0,0.004420798868745024,0.004420957058576702,0.004420798868745024,18c37477249a435de1958a8e2e5cfd68e25bfebd54f9c87f9544c4be1becf651,2026-10-07T15:19:18.442792+00:00
COLB,2025-04-30,22.420000076293945,20.725828170776367,1869500,0.0,-0.013204192171089146,-0.013204313046889626,-0.013204192171089146,18c37477249a435de1958a8e2e5cfd68e25bfebd54f9c87f9544c4be1becf651,2026-10-07T15:19:18.442792+00:00
COLB,2025-05-01,22.989999771118164,21.252756118774414,2334600,0.0,0.025423715115278522,0.02542373427282496,0.025423715115278522,18c37477249a435de1958a8e2e5cfd68e25bfebd54f9c87f9544c4be1becf651,2026-10-07T15:19:18.442792+00:00
COLB,2025-05-02,23.690000534057617,21.899858474731445,1817700,0.0,0.0304480543674841,0.030447926487303434,0.0304480543674841,18c37477249a435de1958a8e2e5cfd68e25bfebd54f9c87f9544c4be1becf651,2026-10-07T15:19:18.442792+00:00
COLB,2025-05-05,23.639999389648438,21.853639602661133,2180300,0.0,-0.0021106434479516434,-0.0021104644180071075,-0.0021106434479516434,18c37477249a435de1958a8e2e5cfd68e25bfebd54f9c87f9544c4be1becf651,2026-10-07T15:19:18.442792+00:00
COLB,2025-05-06,23.25,21.493106842041016,1941800,0.0,-0.016497436536280663,-0.01649760713433812,-0.016497436536280663,18c37477249a435de1958a8e2e5cfd68e25bfebd54f9c87f9544c4be1becf651,2026-10-07T15:19:18.442792+00:00
COLB,2025-05-07,23.399999618530273,21.63177490234375,2333200,0.0,0.006451596495925749,0.006451745730472913,0.006451596495925749,18c37477249a435de1958a8e2e5cfd68e25bfebd54f9c87f9544c4be1becf651,2026-10-07T15:19:18.442792+00:00
COLB,2025-05-08,24.049999237060547,22.232654571533203,2467100,0.0,0.027777761928489353,0.027777640619048194,0.027777761928489353,18c37477249a435de1958a8e2e5cfd68e25bfebd54f9c87f9544c4be1becf651,2026-10-07T15:19:18.442792+00:00
COLB,2025-05-09,23.93000030517578,22.121723175048828,1584500,0.0,-0.0049895607356131855,-0.004989570459409398,-0.0049895607356131855,18c37477249a435de1958a8e2e5cfd68e25bfebd54f9c87f9544c4be1becf651,2026-10-07T15:19:18.442792+00:00
COLB,2025-05-12,25.6299991607666,23.693262100219727,2228900,0.0,0.07104048616427017,0.0710405293807963,0.07104048616427017,18c37477249a435de1958a8e2e5cfd68e25bfebd54f9c87f9544c4be1becf651,2026-10-07T15:19:18.442792+00:00
COLB,2025-05-13,25.610000610351562,23.67477798461914,1870700,0.0,-0.0007802790117001912,-0.0007801422835910232,-0.0007802790117001912,18c37477249a435de1958a8e2e5cfd68e25bfebd54f9c87f9544c4be1becf651,2026-10-07T15:19:18.442792+00:00
COLB,2025-05-14,25.170000076293945,23.268020629882812,1982200,0.0,-0.01718080919841014,-0.017181041993322488,-0.01718080919841014,18c37477249a435de1958a8e2e5cfd68e25bfebd54f9c87f9544c4be1becf651,2026-10-07T15:19:18.442792+00:00
COLB,2025-05-15,25.1299991607666,23.231046676635742,1351300,0.0,-0.0015892298532417248,-0.0015890459199432438,-0.0015892298532417248,18c37477249a435de1958a8e2e5cfd68e25bfebd54f9c87f9544c4be1becf651,2026-10-07T15:19:18.442792+00:00
COLB,2025-05-16,25.020000457763672,23.129358291625977,1729500,0.0,-0.00437718689520139,-0.0043772623087205975,-0.00437718689520139,18c37477249a435de1958a8e2e5cfd68e25bfebd54f9c87f9544c4be1becf651,2026-10-07T15:19:18.442792+00:00
COLB,2025-05-19,24.889999389648438,23.009180068969727,1264400,0.0,-0.005195885920733279,-0.0051959168577435655,-0.005195885920733279,18c37477249a435de1958a8e2e5cfd68e25bfebd54f9c87f9544c4be1becf651,2026-10-07T15:19:18.442792+00:00
COLB,2025-05-20,24.75,22.8797607421875,1574800,0.0,-0.005624724511108736,-0.005624682252661439,-0.005624724511108736,18c37477249a435de1958a8e2e5cfd68e25bfebd54f9c87f9544c4be1becf651,2026-10-07T15:19:18.442792+00:00
COLB,2025-05-21,23.68000030517578,21.890613555908203,1746800,0.0,-0.043232310901988646,-0.04323240952670582,-0.043232310901988646,18c37477249a435de1958a8e2e5cfd68e25bfebd54f9c87f9544c4be1becf651,2026-10-07T15:19:18.442792+00:00
COLB,2025-05-22,23.65999984741211,21.872129440307617,2163400,0.0,-0.0008446139149458354,-0.0008443854510234994,-0.0008446139149458354,18c37477249a435de1958a8e2e5cfd68e25bfebd54f9c87f9544c4be1becf651,2026-10-07T15:19:18.442792+00:00
COLB,2025-05-23,23.59000015258789,21.807416915893555,1898300,0.0,-0.00295856700235253,-0.0029586750842286458,-0.00295856700235253,18c37477249a435de1958a8e2e5cfd68e25bfebd54f9c87f9544c4be1becf651,2026-10-07T15:19:18.442792+00:00
COLB,2025-05-27,24.149999618530273,22.32509994506836,1489000,0.0,0.02373884961085726,0.02373885138122489,0.02373884961085726,18c37477249a435de1958a8e2e5cfd68e25bfebd54f9c87f9544c4be1becf651,2026-10-07T15:19:18.442792+00:00
COLB,2025-05-28,23.639999389648438,21.853639602661133,1589600,0.0,-0.021118022233446054,-0.021117949911412248,-0.021118022233446054,18c37477249a435de1958a8e2e5cfd68e25bfebd54f9c87f9544c4be1becf651,2026-10-07T15:19:18.442792+00:00
COLB,2025-05-29,23.860000610351562,22.05701446533203,2810400,0.0,0.009306312452760146,0.009306223877057596,0.009306312452760146,18c37477249a435de1958a8e2e5cfd68e25bfebd54f9c87f9544c4be1becf651,2026-10-07T15:19:18.442792+00:00
COLB,2025-05-30,23.3799991607666,21.94438362121582,2246200,0.36,-0.02011741145457957,-0.0051063503763502105,-0.005029398428971543,18c37477249a435de1958a8e2e5cfd68e25bfebd54f9c87f9544c4be1becf651,2026-10-07T15:19:18.442792+00:00
COLB,2025-06-02,23.030000686645508,21.615877151489258,1805300,0.0,-0.0149699951533111,-0.014969956568247511,-0.0149699951533111,18c37477249a435de1958a8e2e5cfd68e25bfebd54f9c87f9544c4be1becf651,2026-10-07T15:19:18.442792+00:00
COLB,2025-06-03,23.440000534057617,22.00069808959961,2102700,0.0,0.017802858670771027,0.017802698239513193,0.017802858670771027,18c37477249a435de1958a8e2e5cfd68e25bfebd54f9c87f9544c4be1becf651,2026-10-07T15:19:18.442792+00:00
COLB,2025-06-04,23.059999465942383,21.644031524658203,1492500,0.0,-0.01621164929425256,-0.016211602172297113,-0.01621164929425256,18c37477249a435de1958a8e2e5cfd68e25bfebd54f9c87f9544c4be1becf651,2026-10-07T15:19:18.442792+00:00
COLB,2025-06-05,22.989999771118164,21.57832908630371,1921500,0.0,-0.003035546246547116,-0.003035591510742397,-0.003035546246547116,18c37477249a435de1958a8e2e5cfd68e25bfebd54f9c87f9544c4be1becf651,2026-10-07T15:19:18.442792+00:00
COLB,2025-06-06,23.920000076293945,22.45122528076172,1740400,0.0,0.04045238427292719,0.040452446107704265,0.04045238427292719,18c37477249a435de1958a8e2e5cfd68e25bfebd54f9c87f9544c4be1becf651,2026-10-07T15:19:18.442792+00:00
COLB,2025-06-09,24.010000228881836,22.53569984436035,1671200,0.0,0.003762548173111613,0.003762581442315227,0.003762548173111613,18c37477249a435de1958a8e2e5cfd68e25bfebd54f9c87f9544c4be1becf651,2026-10-07T15:19:18.442792+00:00
COLB,2025-06-10,24.079999923706055,22.60140037536621,2445000,0.0,0.002915439156889965,0.0029153978558291715,0.002915439156889965,18c37477249a435de1958a8e2e5cfd68e25bfebd54f9c87f9544c4be1becf651,2026-10-07T15:19:18.442792+00:00
COLB,2025-06-11,23.65999984741211,22.20718765258789,2330600,0.0,-0.017441863688731463,-0.01744196006580112,-0.017441863688731463,18c37477249a435de1958a8e2e5cfd68e25bfebd54f9c87f9544c4be1becf651,2026-10-07T15:19:18.442792+00:00
COLB,2025-06-12,23.3799991607666,21.94438362121582,2092300,0.0,-0.011834348624314761,-0.011834187898234094,-0.011834348624314761,18c37477249a435de1958a8e2e5cfd68e25bfebd54f9c87f9544c4be1becf651,2026-10-07T15:19:18.442792+00:00
COLB,2025-06-13,22.600000381469727,21.212278366088867,2617600,0.0,-0.033361796719213355,-0.0333618509302378,-0.033361796719213355,18c37477249a435de1958a8e2e5cfd68e25bfebd54f9c87f9544c4be1becf651,2026-10-07T15:19:18.442792+00:00
COLB,2025-06-16,22.59000015258789,21.202892303466797,1983100,0.0,-0.0004424879961522077,-0.00044248253111156544,-0.0004424879961522077,18c37477249a435de1958a8e2e5cfd68e25bfebd54f9c87f9544c4be1becf651,2026-10-07T15:19:18.442792+00:00
COLB,2025-06-17,21.989999771118164,20.639734268188477,1642000,0.0,-0.026560441674056023,-0.02656043464344915,-0.026560441674056023,18c37477249a435de1958a8e2e5cfd68e25bfebd54f9c87f9544c4be1becf651,2026-10-07T15:19:18.442792+00:00
COLB,2025-06-18,22.290000915527344,20.92131233215332,3274800,0.0,0.013642616986435874,0.013642523702392495,0.013642616986435874,18c37477249a435de1958a8e2e5cfd68e25bfebd54f9c87f9544c4be1becf651,2026-10-07T15:19:18.442792+00:00
COLB,2025-06-20,22.450000762939453,21.071487426757812,3064100,0.0,0.0071780996339327885,0.007178091518364793,0.0071780996339327885,18c37477249a435de1958a8e2e5cfd68e25bfebd54f9c87f9544c4be1becf651,2026-10-07T15:19:18.442792+00:00
COLB,2025-06-23,22.90999984741211,21.50324058532715,1842400,0.0,0.020489936251228302,0.020489923175573743,0.020489936251228302,18c37477249a435de1958a8e2e5cfd68e25bfebd54f9c87f9544c4be1becf651,2026-10-07T15:19:18.442792+00:00
COLB,2025-06-24,23.059999465942383,21.644031524658203,1984200,0.0,0.006547342624588337,0.00654742892227711,0.006547342624588337,18c37477249a435de1958a8e2e5cfd68e25bfebd54f9c87f9544c4be1becf651,2026-10-07T15:19:18.442792+00:00
COLB,2025-06-25,22.920000076293945,21.51262855529785,1695000,0.0,-0.006071092493094121,-0.006071094897946772,-0.006071092493094121,18c37477249a435de1958a8e2e5cfd68e25bfebd54f9c87f9544c4be1becf651,2026-10-07T15:19:18.442792+00:00
COLB,2025-06-26,23.540000915527344,22.094560623168945,1986100,0.0,0.027050647345968404,0.027050718901004966,0.027050647345968404,18c37477249a435de1958a8e2e5cfd68e25bfebd54f9c87f9544c4be1becf651,2026-10-07T15:19:18.442792+00:00
COLB,2025-06-27,23.329999923706055,21.89745330810547,2373200,0.0,-0.008921027342984056,-0.008921078740836585,-0.008921027342984056,18c37477249a435de1958a8e2e5cfd68e25bfebd54f9c87f9544c4be1becf651,2026-10-07T15:19:18.442792+00:00
COLB,2025-06-30,23.3799991607666,21.94438362121582,2379300,0.0,0.0021431306139758632,0.0021431858970093476,0.0021431306139758632,18c37477249a435de1958a8e2e5cfd68e25bfebd54f9c87f9544c4be1becf651,2026-10-07T15:19:18.442792+00:00
COLB,2025-07-01,24.469999313354492,22.967453002929688,4651900,0.0,0.046621051826938986,0.04662101243640149,0.046621051826938986,18c37477249a435de1958a8e2e5cfd68e25bfebd54f9c87f9544c4be1becf651,2026-10-07T15:19:18.442792+00:00
COLB,2025-07-02,25.06999969482422,23.530611038208008,3301200,0.0,0.024519836465310973,0.02451982965662247,0.024519836465310973,18c37477249a435de1958a8e2e5cfd68e25bfebd54f9c87f9544c4be1becf651,2026-10-07T15:19:18.442792+00:00
COLB,2025-07-03,25.549999237060547,23.98113441467285,2244900,0.0,0.01914637208134562,0.01914626763126992,0.01914637208134562,18c37477249a435de1958a8e2e5cfd68e25bfebd54f9c87f9544c4be1becf651,2026-10-07T15:19:18.442792+00:00
COLB,2025-07-07,25.09000015258789,23.549381256103516,3008700,0.0,-0.01800387859915953,-0.018003867169234855,-0.01800387859915953,18c37477249a435de1958a8e2e5cfd68e25bfebd54f9c87f9544c4be1becf651,2026-10-07T15:19:18.442792+00:00
COLB,2025-07-08,25.139999389648438,23.596311569213867,2733500,0.0,0.001992795406794423,0.0019928469712209296,0.001992795406794423,18c37477249a435de1958a8e2e5cfd68e25bfebd54f9c87f9544c4be1becf651,2026-10-07T15:19:18.442792+00:00
COLB,2025-07-09,25.06999969482422,23.530611038208008,2043800,0.0,-0.0027843952475608003,-0.0027843559707687593,-0.0027843952475608003,18c37477249a435de1958a8e2e5cfd68e25bfebd54f9c87f9544c4be1becf651,2026-10-07T15:19:18.442792+00:00
COLB,2025-07-10,25.18000030517578,23.63385581970215,1545400,0.0,0.0043877387989865735,0.004387679577317227,0.0043877387989865735,18c37477249a435de1958a8e2e5cfd68e25bfebd54f9c87f9544c4be1becf651,2026-10-07T15:19:18.442792+00:00
COLB,2025-07-11,24.75,23.23025894165039,3585000,0.0,-0.01707705718682595,-0.017077064408394294,-0.01707705718682595,18c37477249a435de1958a8e2e5cfd68e25bfebd54f9c87f9544c4be1becf651,2026-10-07T15:19:18.442792+00:00
COLB,2025-07-14,24.93000030517578,23.39920997619629,1983000,0.0,0.007272739603061851,0.00727288640950019,0.007272739603061851,18c37477249a435de1958a8e2e5cfd68e25bfebd54f9c87f9544c4be1becf651,2026-10-07T15:19:18.442792+00:00
COLB,2025-07-15,23.829999923706055,22.36675262451172,2094800,0.0,-0.0441235606901037,-0.044123598734097214,-0.0441235606901037,18c37477249a435de1958a8e2e5cfd68e25bfebd54f9c87f9544c4be1becf651,2026-10-07T15:19:18.442792+00:00
COLB,2025-07-16,23.8799991607666,22.413679122924805,2302300,0.0,0.002098163542619602,0.0020980470075775415,0.002098163542619602,18c37477249a435de1958a8e2e5cfd68e25bfebd54f9c87f9544c4be1becf651,2026-10-07T15:19:18.442792+00:00
COLB,2025-07-17,24.350000381469727,22.854820251464844,2384000,0.0,0.019681793853465024,0.019681781206943416,0.019681793853465024,18c37477249a435de1958a8e2e5cfd68e25bfebd54f9c87f9544c4be1becf651,2026-10-07T15:19:18.442792+00:00
COLB,2025-07-18,24.350000381469727,22.854820251464844,2023700,0.0,0.0,0.0,0.0,18c37477249a435de1958a8e2e5cfd68e25bfebd54f9c87f9544c4be1becf651,2026-10-07T15:19:18.442792+00:00
COLB,2025-07-21,24.209999084472656,22.72341537475586,1701300,0.0,-0.005749539827671235,-0.005749547590537807,-0.005749539827671235,18c37477249a435de1958a8e2e5cfd68e25bfebd54f9c87f9544c4be1becf651,2026-10-07T15:19:18.442792+00:00
COLB,2025-07-22,24.3799991607666,22.882978439331055,2770600,0.0,0.007021895197136807,0.0070219666341380105,0.007021895197136807,18c37477249a435de1958a8e2e5cfd68e25bfebd54f9c87f9544c4be1becf651,2026-10-07T15:19:18.442792+00:00
COLB,2025-07-23,24.3799991607666,22.882978439331055,3240900,0.0,0.0,0.0,0.0,18c37477249a435de1958a8e2e5cfd68e25bfebd54f9c87f9544c4be1becf651,2026-10-07T15:19:18.442792+00:00
COLB,2025-07-24,23.350000381469727,21.91622543334961,3196900,0.0,-0.04224769543693818,-0.04224769116243188,-0.04224769543693818,18c37477249a435de1958a8e2e5cfd68e25bfebd54f9c87f9544c4be1becf651,2026-10-07T15:19:18.442792+00:00
COLB,2025-07-25,24.81999969482422,23.295963287353516,5940400,0.0,0.06295500168475643,0.06295508586548748,0.06295500168475643,18c37477249a435de1958a8e2e5cfd68e25bfebd54f9c87f9544c4be1becf651,2026-10-07T15:19:18.442792+00:00
COLB,2025-07-28,24.559999465942383,23.051925659179688,2995600,0.0,-0.010475432396401474,-0.010475532827882938,-0.010475432396401474,18c37477249a435de1958a8e2e5cfd68e25bfebd54f9c87f9544c4be1becf651,2026-10-07T15:19:18.442792+00:00
COLB,2025-07-29,24.350000381469727,22.854820251464844,3730400,0.0,-0.008550451508106294,-0.008550496415311581,-0.008550451508106294,18c37477249a435de1958a8e2e5cfd68e25bfebd54f9c87f9544c4be1becf651,2026-10-07T15:19:18.442792+00:00
COLB,2025-07-30,23.8799991607666,22.413679122924805,1857800,0.0,-0.019301897878440832,-0.019301885715411138,-0.019301897878440832,18c37477249a435de1958a8e2e5cfd68e25bfebd54f9c87f9544c4be1becf651,2026-10-07T15:19:18.442792+00:00
COLB,2025-07-31,23.799999237060547,22.338592529296875,2074100,0.0,-0.0033500806749394707,-0.0033500342900479874,-0.0033500806749394707,18c37477249a435de1958a8e2e5cfd68e25bfebd54f9c87f9544c4be1becf651,2026-10-07T15:19:18.442792+00:00
COLB,2025-08-01,23.260000228881836,21.831750869750977,2005800,0.0,-0.022689034684414744,-0.02268905970155366,-0.022689034684414744,18c37477249a435de1958a8e2e5cfd68e25bfebd54f9c87f9544c4be1becf651,2026-10-07T15:19:18.442792+00:00
COLB,2025-08-04,23.8799991607666,22.413679122924805,2317300,0.0,0.026655155880648485,0.026655134379538925,0.026655155880648485,18c37477249a435de1958a8e2e5cfd68e25bfebd54f9c87f9544c4be1becf651,2026-10-07T15:19:18.442792+00:00
COLB,2025-08-05,24.170000076293945,22.685876846313477,1955300,0.0,0.012144092366795256,0.012144267877479686,0.012144092366795256,18c37477249a435de1958a8e2e5cfd68e25bfebd54f9c87f9544c4be1becf651,2026-10-07T15:19:18.442792+00:00
COLB,2025-08-06,23.8700008392334,22.404296875,1611700,0.0,-0.012412049487529275,-0.012412126417729152,-0.012412049487529275,18c37477249a435de1958a8e2e5cfd68e25bfebd54f9c87f9544c4be1becf651,2026-10-07T15:19:18.442792+00:00
COLB,2025-08-07,23.649999618530273,22.19780158996582,2548000,0.0,-0.009216640677344512,-0.009216771505317745,-0.009216640677344512,18c37477249a435de1958a8e2e5cfd68e25bfebd54f9c87f9544c4be1becf651,2026-10-07T15:19:18.442792+00:00
COLB,2025-08-08,24.06999969482422,22.592012405395508,2297600,0.0,0.017758988713254098,0.01775900256752827,0.017758988713254098,18c37477249a435de1958a8e2e5cfd68e25bfebd54f9c87f9544c4be1becf651,2026-10-07T15:19:18.442792+00:00
COLB,2025-08-11,24.280000686645508,22.789121627807617,1791600,0.0,0.0087245947022776,0.00872473062050183,0.0087245947022776,18c37477249a435de1958a8e2e5cfd68e25bfebd54f9c87f9544c4be1becf651,2026-10-07T15:19:18.442792+00:00
COLB,2025-08-12,25.239999771118164,23.690170288085938,1830000,0.0,0.03953867616654039,0.039538542774673946,0.03953867616654039,18c37477249a435de1958a8e2e5cfd68e25bfebd54f9c87f9544c4be1becf651,2026-10-07T15:19:18.442792+00:00
COLB,2025-08-13,26.1299991607666,24.525522232055664,3077800,0.0,0.035261465836733175,0.035261542395490286,0.035261465836733175,18c37477249a435de1958a8e2e5cfd68e25bfebd54f9c87f9544c4be1becf651,2026-10-07T15:19:18.442792+00:00
COLB,2025-08-14,26.139999389648438,24.5349063873291,2339600,0.0,0.00038271064688166767,0.0003826281530172615,0.00038271064688166767,18c37477249a435de1958a8e2e5cfd68e25bfebd54f9c87f9544c4be1becf651,2026-10-07T15:19:18.442792+00:00
COLB,2025-08-15,25.639999389648438,24.065608978271484,2926200,0.0,-0.01912777397378218,-0.019127744025140614,-0.01912777397378218,18c37477249a435de1958a8e2e5cfd68e25bfebd54f9c87f9544c4be1becf651,2026-10-07T15:19:18.442792+00:00
COLB,2025-08-18,25.770000457763672,24.18762969970703,1835900,0.0,0.005070244586968364,0.0050703359115373825,0.005070244586968364,18c37477249a435de1958a8e2e5cfd68e25bfebd54f9c87f9544c4be1becf651,2026-10-07T15:19:18.442792+00:00
COLB,2025-08-19,25.809999465942383,24.22517204284668,2023800,0.0,0.0015521539568563725,0.0015521298947329676,0.0015521539568563725,18c37477249a435de1958a8e2e5cfd68e25bfebd54f9c87f9544c4be1becf651,2026-10-07T15:19:18.442792+00:00
COLB,2025-08-20,25.610000610351562,24.03745460510254,1919200,0.0,-0.007748890342083481,-0.007748858807364867,-0.007748890342083481,18c37477249a435de1958a8e2e5cfd68e25bfebd54f9c87f9544c4be1becf651,2026-10-07T15:19:18.442792+00:00
COLB,2025-08-21,25.31999969482422,23.7652587890625,1984500,0.0,-0.011323737157980629,-0.01132382028429324,-0.011323737157980629,18c37477249a435de1958a8e2e5cfd68e25bfebd54f9c87f9544c4be1becf651,2026-10-07T15:19:18.442792+00:00
COLB,2025-08-22,26.969999313354492,25.31394386291504,4294300,0.0,0.0651658624967344,0.06516592508411012,0.0651658624967344,18c37477249a435de1958a8e2e5cfd68e25bfebd54f9c87f9544c4be1becf651,2026-10-07T15:19:18.442792+00:00
COLB,2025-08-25,26.899999618530273,25.248239517211914,3268400,0.0,-0.0025954652060208305,-0.0025955791819298746,-0.0025954652060208305,18c37477249a435de1958a8e2e5cfd68e25bfebd54f9c87f9544c4be1becf651,2026-10-07T15:19:18.442792+00:00
COLB,2025-08-26,27.010000228881836,25.35148811340332,6888300,0.0,0.0040892420784939265,0.004089338431735756,0.0040892420784939265,18c37477249a435de1958a8e2e5cfd68e25bfebd54f9c87f9544c4be1becf651,2026-10-07T15:19:18.442792+00:00
COLB,2025-08-27,27.309999465942383,25.633066177368164,5965500,0.0,0.011106969067692152,0.011106963926743818,0.011106969067692152,18c37477249a435de1958a8e2e5cfd68e25bfebd54f9c87f9544c4be1becf651,2026-10-07T15:19:18.442792+00:00
COLB,2025-08-28,27.100000381469727,25.43596076965332,3830600,0.0,-0.007689457655776999,-0.00768949786775297,-0.007689457655776999,18c37477249a435de1958a8e2e5cfd68e25bfebd54f9c87f9544c4be1becf651,2026-10-07T15:19:18.442792+00:00
COLB,2025-08-29,26.770000457763672,25.464496612548828,17287600,0.36,-0.012177118784533314,0.0011218700623862876,0.0011070138698026089,18c37477249a435de1958a8e2e5cfd68e25bfebd54f9c87f9544c4be1becf651,2026-10-07T15:19:18.442792+00:00
COLB,2025-09-02,27.030000686645508,25.71181869506836,14400900,0.0,0.009712372971081962,0.009712427709945404,0.009712372971081962,18c37477249a435de1958a8e2e5cfd68e25bfebd54f9c87f9544c4be1becf651,2026-10-07T15:19:18.442792+00:00
COLB,2025-09-03,26.610000610351562,25.312301635742188,7614700,0.0,-0.015538293215858201,-0.015538265264868345,-0.015538293215858201,18c37477249a435de1958a8e2e5cfd68e25bfebd54f9c87f9544c4be1becf651,2026-10-07T15:19:18.442792+00:00
COLB,2025-09-04,26.770000457763672,25.464496612548828,7372700,0.0,0.006012771279301221,0.006012688178135939,0.006012771279301221,18c37477249a435de1958a8e2e5cfd68e25bfebd54f9c87f9544c4be1becf651,2026-10-07T15:19:18.442792+00:00
COLB,2025-09-05,26.899999618530273,25.588157653808594,7257800,0.0,0.004856150860800712,0.004856213854972813,0.004856150860800712,18c37477249a435de1958a8e2e5cfd68e25bfebd54f9c87f9544c4be1becf651,2026-10-07T15:19:18.442792+00:00
COLB,2025-09-08,26.93000030517578,25.616697311401367,4821000,0.0,0.0011152671773586587,0.0011153463246122985,0.0011152671773586587,18c37477249a435de1958a8e2e5cfd68e25bfebd54f9c87f9544c4be1becf651,2026-10-07T15:19:18.442792+00:00
COLB,2025-09-09,25.959999084472656,24.693998336791992,4191400,0.0,-0.0360193542410282,-0.03601943542498365,-0.0360193542410282,18c37477249a435de1958a8e2e5cfd68e25bfebd54f9c87f9544c4be1becf651,2026-10-07T15:19:18.442792+00:00
COLB,2025-09-10,26.219999313354492,24.94131851196289,4578100,0.0,0.010015417490417011,0.010015396121672682,0.010015417490417011,18c37477249a435de1958a8e2e5cfd68e25bfebd54f9c87f9544c4be1becf651,2026-10-07T15:19:18.442792+00:00
COLB,2025-09-11,26.290000915527344,25.00790786743164,3877500,0.0,0.0026697789475988998,0.0026698410285250773,0.0026697789475988998,18c37477249a435de1958a8e2e5cfd68e25bfebd54f9c87f9544c4be1becf651,2026-10-07T15:19:18.442792+00:00
COLB,2025-09-12,26.059999465942383,24.78912353515625,3536500,0.0,-0.008748628435730432,-0.008748605978364132,-0.008748628435730432,18c37477249a435de1958a8e2e5cfd68e25bfebd54f9c87f9544c4be1becf651,2026-10-07T15:19:18.442792+00:00
COLB,2025-09-15,25.84000015258789,24.579851150512695,4839500,0.0,-0.008442030616386154,-0.008442105036378655,-0.008442030616386154,18c37477249a435de1958a8e2e5cfd68e25bfebd54f9c87f9544c4be1becf651,2026-10-07T15:19:18.442792+00:00
COLB,2025-09-16,25.360000610351562,24.123260498046875,4500600,0.0,-0.018575833568184263,-0.018575810311865837,-0.018575833568184263,18c37477249a435de1958a8e2e5cfd68e25bfebd54f9c87f9544c4be1becf651,2026-10-07T15:19:18.442792+00:00
COLB,2025-09-17,25.81999969482422,24.560827255249023,4020900,0.0,0.01813876472403919,0.01813879003783825,0.01813876472403919,18c37477249a435de1958a8e2e5cfd68e25bfebd54f9c87f9544c4be1becf651,2026-10-07T15:19:18.442792+00:00
COLB,2025-09-18,26.90999984741211,25.59766960144043,4616300,0.0,0.04221534335673871,0.04221528596801716,0.04221534335673871,18c37477249a435de1958a8e2e5cfd68e25bfebd54f9c87f9544c4be1becf651,2026-10-07T15:19:18.442792+00:00
COLB,2025-09-19,26.549999237060547,25.25522804260254,14335800,0.0,-0.013377949178479231,-0.013377841192958484,-0.013377949178479231,18c37477249a435de1958a8e2e5cfd68e25bfebd54f9c87f9544c4be1becf651,2026-10-07T15:19:18.442792+00:00
COLB,2025-09-22,26.09000015258789,24.817659378051758,4791500,0.0,-0.01732576639138106,-0.01732586472047115,-0.01732576639138106,18c37477249a435de1958a8e2e5cfd68e25bfebd54f9c87f9544c4be1becf651,2026-10-07T15:19:18.442792+00:00
COLB,2025-09-23,26.389999389648438,25.103029251098633,3205300,0.0,0.011498629179992115,0.01149866184799242,0.011498629179992115,18c37477249a435de1958a8e2e5cfd68e25bfebd54f9c87f9544c4be1becf651,2026-10-07T15:19:18.442792+00:00
COLB,2025-09-24,26.149999618530273,24.87473487854004,6015500,0.0,-0.009094345459223607,-0.00909429576307419,-0.009094345459223607,18c37477249a435de1958a8e2e5cfd68e25bfebd54f9c87f9544c4be1becf651,2026-10-07T15:19:18.442792+00:00
COLB,2025-09-25,25.799999237060547,24.54180145263672,6527600,0.0,-0.013384336006709185,-0.013384400980713473,-0.013384336006709185,18c37477249a435de1958a8e2e5cfd68e25bfebd54f9c87f9544c4be1becf651,2026-10-07T15:19:18.442792+00:00
COLB,2025-09-26,26.059999465942383,24.78912353515625,4168400,0.0,0.0100775285492396,0.010077584687368635,0.0100775285492396,18c37477249a435de1958a8e2e5cfd68e25bfebd54f9c87f9544c4be1becf651,2026-10-07T15:19:18.442792+00:00
COLB,2025-09-29,25.65999984741211,24.408628463745117,5370300,0.0,-0.015349179843730631,-0.015349274889509879,-0.015349179843730631,18c37477249a435de1958a8e2e5cfd68e25bfebd54f9c87f9544c4be1becf651,2026-10-07T15:19:18.442792+00:00
COLB,2025-09-30,25.739999771118164,24.48472785949707,4693200,0.0,0.0031176899525244828,0.00311772518742659,0.0031176899525244828,18c37477249a435de1958a8e2e5cfd68e25bfebd54f9c87f9544c4be1becf651,2026-10-07T15:19:18.442792+00:00
COLB,2025-10-01,25.959999084472656,24.693998336791992,6423200,0.0,0.008546981946804255,0.008546979917269049,0.008546981946804255,18c37477249a435de1958a8e2e5cfd68e25bfebd54f9c87f9544c4be1becf651,2026-10-07T15:19:18.442792+00:00
COLB,2025-10-02,25.93000030517578,24.665464401245117,4104500,0.0,-0.0011555770552711397,-0.0011555008288941515,-0.0011555770552711397,18c37477249a435de1958a8e2e5cfd68e25bfebd54f9c87f9544c4be1becf651,2026-10-07T15:19:18.442792+00:00
COLB,2025-10-03,26.40999984741211,25.122055053710938,5544100,0.0,0.01851135891195943,0.01851133410821859,0.01851135891195943,18c37477249a435de1958a8e2e5cfd68e25bfebd54f9c87f9544c4be1becf651,2026-10-07T15:19:18.442792+00:00
COLB,2025-10-06,26.579999923706055,25.283763885498047,7029300,0.0,0.0064369586246175725,0.006436926893177208,0.0064369586246175725,18c37477249a435de1958a8e2e5cfd68e25bfebd54f9c87f9544c4be1becf651,2026-10-07T15:19:18.442792+00:00
COLB,2025-10-07,26.190000534057617,24.912782669067383,5899400,0.0,-0.014672663309551304,-0.014672705302530065,-0.014672663309551304,18c37477249a435de1958a8e2e5cfd68e25bfebd54f9c87f9544c4be1becf651,2026-10-07T15:19:18.442792+00:00
COLB,2025-10-08,25.639999389648438,24.389606475830078,4947200,0.0,-0.02100042509330824,-0.021000311373763125,-0.02100042509330824,18c37477249a435de1958a8e2e5cfd68e25bfebd54f9c87f9544c4be1becf651,2026-10-07T15:19:18.442792+00:00
COLB,2025-10-09,25.65999984741211,24.408628463745117,5117200,0.0,0.000780049073314304,0.0007799218873780767,0.000780049073314304,18c37477249a435de1958a8e2e5cfd68e25bfebd54f9c87f9544c4be1becf651,2026-10-07T15:19:18.442792+00:00
COLB,2025-10-10,24.899999618530273,23.685691833496094,4985100,0.0,-0.029618091714777806,-0.02961807671098049,-0.029618091714777806,18c37477249a435de1958a8e2e5cfd68e25bfebd54f9c87f9544c4be1becf651,2026-10-07T15:19:18.442792+00:00
COLB,2025-10-13,25.709999084472656,24.45619010925293,6555500,0.0,0.03253009953219399,0.03253011485470747,0.03253009953219399,18c37477249a435de1958a8e2e5cfd68e25bfebd54f9c87f9544c4be1becf651,2026-10-07T15:19:18.442792+00:00
COLB,2025-10-14,26.739999771118164,25.43596076965332,5349100,0.0,0.04006226072826147,0.040062276913267025,0.04006226072826147,18c37477249a435de1958a8e2e5cfd68e25bfebd54f9c87f9544c4be1becf651,2026-10-07T15:19:18.442792+00:00
COLB,2025-10-15,26.139999389648438,24.86522102355957,5581100,0.0,-0.02243830914754852,-0.022438301083349654,-0.02243830914754852,18c37477249a435de1958a8e2e5cfd68e25bfebd54f9c87f9544c4be1becf651,2026-10-07T15:19:18.442792+00:00
COLB,2025-10-16,24.06999969482422,22.896167755126953,7614900,0.0,-0.07918897257679158,-0.07918905150961486,-0.07918897257679158,18c37477249a435de1958a8e2e5cfd68e25bfebd54f9c87f9544c4be1becf651,2026-10-07T15:19:18.442792+00:00
COLB,2025-10-17,24.31999969482422,23.13397789001465,8005800,0.0,0.010386373210206523,0.010386460189803826,0.010386373210206523,18c37477249a435de1958a8e2e5cfd68e25bfebd54f9c87f9544c4be1becf651,2026-10-07T15:19:18.442792+00:00
COLB,2025-10-20,25.360000610351562,24.123260498046875,5881800,0.0,0.042763196076383014,0.04276318637181853,0.042763196076383014,18c37477249a435de1958a8e2e5cfd68e25bfebd54f9c87f9544c4be1becf651,2026-10-07T15:19:18.442792+00:00
COLB,2025-10-21,25.56999969482422,24.323017120361328,5400500,0.0,0.008280720797259722,0.008280664312795727,0.008280720797259722,18c37477249a435de1958a8e2e5cfd68e25bfebd54f9c87f9544c4be1becf651,2026-10-07T15:19:18.442792+00:00
COLB,2025-10-22,25.0,23.78081703186035,3848600,0.0,-0.022291736473489143,-0.022291646049415803,-0.022291736473489143,18c37477249a435de1958a8e2e5cfd68e25bfebd54f9c87f9544c4be1becf651,2026-10-07T15:19:18.442792+00:00
COLB,2025-10-23,24.989999771118164,23.771305084228516,3109500,0.0,-0.0004000091552733842,-0.00039998405517738256,-0.0004000091552733842,18c37477249a435de1958a8e2e5cfd68e25bfebd54f9c87f9544c4be1becf651,2026-10-07T15:19:18.442792+00:00
COLB,2025-10-24,25.540000915527344,24.294483184814453,3134300,0.0,0.022008849517671347,0.022008808466012608,0.022008849517671347,18c37477249a435de1958a8e2e5cfd68e25bfebd54f9c87f9544c4be1becf651,2026-10-07T15:19:18.442792+00:00
COLB,2025-10-27,25.700000762939453,24.446680068969727,4373200,0.0,0.0062646766513949625,0.00626466852566776,0.0062646766513949625,18c37477249a435de1958a8e2e5cfd68e25bfebd54f9c87f9544c4be1becf651,2026-10-07T15:19:18.442792+00:00
COLB,2025-10-28,26.84000015258789,25.531085968017578,9004600,0.0,0.04435795158778233,0.0443580026403787,0.04435795158778233,18c37477249a435de1958a8e2e5cfd68e25bfebd54f9c87f9544c4be1becf651,2026-10-07T15:19:18.442792+00:00
COLB,2025-10-29,26.350000381469727,25.06498146057129,5322600,0.0,-0.01825632519867626,-0.0182563525903352,-0.01825632519867626,18c37477249a435de1958a8e2e5cfd68e25bfebd54f9c87f9544c4be1becf651,2026-10-07T15:19:18.442792+00:00
COLB,2025-10-30,26.020000457763672,24.751075744628906,4325900,0.0,-0.012523716088373327,-0.012523676366414827,-0.012523716088373327,18c37477249a435de1958a8e2e5cfd68e25bfebd54f9c87f9544c4be1becf651,2026-10-07T15:19:18.442792+00:00
COLB,2025-10-31,26.799999237060547,25.49303436279297,6117100,0.0,0.02997689337334908,0.029976823060915647,0.02997689337334908,18c37477249a435de1958a8e2e5cfd68e25bfebd54f9c87f9544c4be1becf651,2026-10-07T15:19:18.442792+00:00
COLB,2025-11-03,26.920000076293945,25.607181549072266,4691900,0.0,0.0044776433824467166,0.004477583352960668,0.0044776433824467166,18c37477249a435de1958a8e2e5cfd68e25bfebd54f9c87f9544c4be1becf651,2026-10-07T15:19:18.442792+00:00
COLB,2025-11-04,26.469999313354492,25.179126739501953,3758800,0.0,-0.01671622443031595,-0.01671620161516063,-0.01671622443031595,18c37477249a435de1958a8e2e5cfd68e25bfebd54f9c87f9544c4be1becf651,2026-10-07T15:19:18.442792+00:00
COLB,2025-11-05,26.520000457763672,25.2266902923584,3959500,0.0,0.0018889741483276712,0.0018890072459036844,0.0018889741483276712,18c37477249a435de1958a8e2e5cfd68e25bfebd54f9c87f9544c4be1becf651,2026-10-07T15:19:18.442792+00:00
COLB,2025-11-06,26.420000076293945,25.131567001342773,2616600,0.0,-0.0037707533839974605,-0.0037707400341946418,-0.0037707533839974605,18c37477249a435de1958a8e2e5cfd68e25bfebd54f9c87f9544c4be1becf651,2026-10-07T15:19:18.442792+00:00
COLB,2025-11-07,26.93000030517578,25.616697311401367,2257800,0.0,0.019303566518133586,0.01930362360742066,0.019303566518133586,18c37477249a435de1958a8e2e5cfd68e25bfebd54f9c87f9544c4be1becf651,2026-10-07T15:19:18.442792+00:00
COLB,2025-11-10,27.110000610351562,25.787918090820312,2573400,0.0,0.006684006800445008,0.006683952163604623,0.006684006800445008,18c37477249a435de1958a8e2e5cfd68e25bfebd54f9c87f9544c4be1becf651,2026-10-07T15:19:18.442792+00:00
COLB,2025-11-11,26.899999618530273,25.588157653808594,3719500,0.0,-0.007746255518013667,-0.007746280111027182,-0.007746255518013667,18c37477249a435de1958a8e2e5cfd68e25bfebd54f9c87f9544c4be1becf651,2026-10-07T15:19:18.442792+00:00
COLB,2025-11-12,27.139999389648438,25.81645393371582,3522100,0.0,0.008921924703405582,0.008921950653733246,0.008921924703405582,18c37477249a435de1958a8e2e5cfd68e25bfebd54f9c87f9544c4be1becf651,2026-10-07T15:19:18.442792+00:00
COLB,2025-11-13,26.8700008392334,25.55962371826172,3151100,0.0,-0.009948362435041935,-0.009948314982124118,-0.009948362435041935,18c37477249a435de1958a8e2e5cfd68e25bfebd54f9c87f9544c4be1becf651,2026-10-07T15:19:18.442792+00:00
COLB,2025-11-14,26.93000030517578,25.616697311401367,2318000,0.0,0.002232953631128076,0.0022329590516965148,0.002232953631128076,18c37477249a435de1958a8e2e5cfd68e25bfebd54f9c87f9544c4be1becf651,2026-10-07T15:19:18.442792+00:00
COLB,2025-11-17,25.75,24.494239807128906,3558200,0.0,-0.04381731495743768,-0.04381741684447682,-0.04381731495743768,18c37477249a435de1958a8e2e5cfd68e25bfebd54f9c87f9544c4be1becf651,2026-10-07T15:19:18.442792+00:00
COLB,2025-11-18,25.799999237060547,24.54180145263672,5318000,0.0,0.0019417179440988086,0.0019417481776253798,0.0019417179440988086,18c37477249a435de1958a8e2e5cfd68e25bfebd54f9c87f9544c4be1becf651,2026-10-07T15:19:18.442792+00:00
COLB,2025-11-19,26.3700008392334,25.08400535583496,2484400,0.0,0.022093086008858176,0.02209307675496608,0.022093086008858176,18c37477249a435de1958a8e2e5cfd68e25bfebd54f9c87f9544c4be1becf651,2026-10-07T15:19:18.442792+00:00
COLB,2025-11-20,26.229999542236328,24.950830459594727,2799800,0.0,-0.005309112345145417,-0.005309155948224786,-0.005309112345145417,18c37477249a435de1958a8e2e5cfd68e25bfebd54f9c87f9544c4be1becf651,2026-10-07T15:19:18.442792+00:00
COLB,2025-11-21,27.170000076293945,25.84499168395996,2602000,0.0,0.03583684904546036,0.03583693239442409,0.03583684904546036,18c37477249a435de1958a8e2e5cfd68e25bfebd54f9c87f9544c4be1becf651,2026-10-07T15:19:18.442792+00:00
COLB,2025-11-24,27.540000915527344,26.196949005126953,2445900,0.0,0.013617991836379462,0.013618008683106808,0.013617991836379462,18c37477249a435de1958a8e2e5cfd68e25bfebd54f9c87f9544c4be1becf651,2026-10-07T15:19:18.442792+00:00
COLB,2025-11-25,28.420000076293945,27.034034729003906,2510000,0.0,0.03195349061409969,0.03195355778694409,0.03195349061409969,18c37477249a435de1958a8e2e5cfd68e25bfebd54f9c87f9544c4be1becf651,2026-10-07T15:19:18.442792+00:00
COLB,2025-11-26,28.360000610351562,26.976959228515625,2030000,0.0,-0.0021111705060279373,-0.002111246103677078,-0.0021111705060279373,18c37477249a435de1958a8e2e5cfd68e25bfebd54f9c87f9544c4be1becf651,2026-10-07T15:19:18.442792+00:00
COLB,2025-11-28,27.719999313354492,26.71673011779785,1696900,0.37,-0.022567041016334333,-0.009646347036870728,-0.009520496868343442,18c37477249a435de1958a8e2e5cfd68e25bfebd54f9c87f9544c4be1becf651,2026-10-07T15:19:18.442792+00:00
COLB,2025-12-01,28.079999923706055,27.063701629638672,2461400,0.0,0.012987035327166385,0.012987050073529627,0.012987035327166385,18c37477249a435de1958a8e2e5cfd68e25bfebd54f9c87f9544c4be1becf651,2026-10-07T15:19:18.442792+00:00
COLB,2025-12-02,27.670000076293945,26.66853904724121,3013400,0.0,-0.01460113420676945,-0.01460120229690609,-0.01460113420676945,18c37477249a435de1958a8e2e5cfd68e25bfebd54f9c87f9544c4be1becf651,2026-10-07T15:19:18.442792+00:00
COLB,2025-12-03,28.170000076293945,27.15044403076172,3898700,0.0,0.018070111984870296,0.018070168098329287,0.018070111984870296,18c37477249a435de1958a8e2e5cfd68e25bfebd54f9c87f9544c4be1becf651,2026-10-07T15:19:18.442792+00:00
COLB,2025-12-04,28.280000686645508,27.2564640045166,1978200,0.0,0.0039048849859297796,0.00390490754533368,0.0039048849859297796,18c37477249a435de1958a8e2e5cfd68e25bfebd54f9c87f9544c4be1becf651,2026-10-07T15:19:18.442792+00:00
COLB,2025-12-05,28.18000030517578,27.16008186340332,2411700,0.0,-0.0035360812956750642,-0.0035361204996110507,-0.0035360812956750642,18c37477249a435de1958a8e2e5cfd68e25bfebd54f9c87f9544c4be1becf651,2026-10-07T15:19:18.442792+00:00
COLB,2025-12-08,28.299999237060547,27.275739669799805,2094700,0.0,0.00425830129826954,0.00425837473458901,0.00425830129826954,18c37477249a435de1958a8e2e5cfd68e25bfebd54f9c87f9544c4be1becf651,2026-10-07T15:19:18.442792+00:00
COLB,2025-12-09,28.149999618530273,27.131166458129883,2284900,0.0,-0.005300340020286676,-0.005300432304316094,-0.005300340020286676,18c37477249a435de1958a8e2e5cfd68e25bfebd54f9c87f9544c4be1becf651,2026-10-07T15:19:18.442792+00:00
COLB,2025-12-10,29.040000915527344,27.98895835876465,5330100,0.0,0.03161638753313545,0.031616477012094135,0.03161638753313545,18c37477249a435de1958a8e2e5cfd68e25bfebd54f9c87f9544c4be1becf651,2026-10-07T15:19:18.442792+00:00
COLB,2025-12-11,29.260000228881836,28.200992584228516,3123500,0.0,0.00757573369210407,0.007575638319440081,0.00757573369210407,18c37477249a435de1958a8e2e5cfd68e25bfebd54f9c87f9544c4be1becf651,2026-10-07T15:19:18.442792+00:00
COLB,2025-12-12,29.239999771118164,28.181718826293945,2209300,0.0,-0.0006835426386609944,-0.0006834425375987774,-0.0006835426386609944,18c37477249a435de1958a8e2e5cfd68e25bfebd54f9c87f9544c4be1becf651,2026-10-07T15:19:18.442792+00:00
COLB,2025-12-15,29.15999984741211,28.104612350463867,1885900,0.0,-0.0027359755243594464,-0.002736045885112448,-0.0027359755243594464,18c37477249a435de1958a8e2e5cfd68e25bfebd54f9c87f9544c4be1becf651,2026-10-07T15:19:18.442792+00:00
COLB,2025-12-16,28.90999984741211,27.863658905029297,2428100,0.0,-0.008573388247880454,-0.008573448458562116,-0.008573388247880454,18c37477249a435de1958a8e2e5cfd68e25bfebd54f9c87f9544c4be1becf651,2026-10-07T15:19:18.442792+00:00
COLB,2025-12-17,28.950000762939453,27.9022159576416,2422100,0.0,0.0013836359646650642,0.001383775646397467,0.0013836359646650642,18c37477249a435de1958a8e2e5cfd68e25bfebd54f9c87f9544c4be1becf651,2026-10-07T15:19:18.442792+00:00
COLB,2025-12-18,28.860000610351562,27.815471649169922,2615400,0.0,-0.003108813478965633,-0.0031088680771221844,-0.003108813478965633,18c37477249a435de1958a8e2e5cfd68e25bfebd54f9c87f9544c4be1becf651,2026-10-07T15:19:18.442792+00:00
COLB,2025-12-19,28.850000381469727,27.80583381652832,4590100,0.0,-0.00034650826993565254,-0.0003464917928828193,-0.00034650826993565254,18c37477249a435de1958a8e2e5cfd68e25bfebd54f9c87f9544c4be1becf651,2026-10-07T15:19:18.442792+00:00
COLB,2025-12-22,29.020000457763672,27.969680786132812,2548700,0.0,0.005892550226901827,0.005892539338528957,0.005892550226901827,18c37477249a435de1958a8e2e5cfd68e25bfebd54f9c87f9544c4be1becf651,2026-10-07T15:19:18.442792+00:00
COLB,2025-12-23,28.610000610351562,27.574520111083984,1997400,0.0,-0.014128181976042042,-0.014128179655333972,-0.014128181976042042,18c37477249a435de1958a8e2e5cfd68e25bfebd54f9c87f9544c4be1becf651,2026-10-07T15:19:18.442792+00:00
COLB,2025-12-24,28.6200008392334,27.584156036376953,826100,0.0,0.00034953612962240754,0.00034945033509736767,0.00034953612962240754,18c37477249a435de1958a8e2e5cfd68e25bfebd54f9c87f9544c4be1becf651,2026-10-07T15:19:18.442792+00:00
COLB,2025-12-26,28.59000015258789,27.55524253845215,850900,0.0,-0.0010482419904188633,-0.0010481922262429721,-0.0010482419904188633,18c37477249a435de1958a8e2e5cfd68e25bfebd54f9c87f9544c4be1becf651,2026-10-07T15:19:18.442792+00:00
COLB,2025-12-29,28.440000534057617,27.41067123413086,1819500,0.0,-0.005246576345914966,-0.005246598868420271,-0.005246576345914966,18c37477249a435de1958a8e2e5cfd68e25bfebd54f9c87f9544c4be1becf651,2026-10-07T15:19:18.442792+00:00
COLB,2025-12-30,28.25,27.227548599243164,1757700,0.0,-0.006680750017219128,-0.006680705967523903,-0.006680750017219128,18c37477249a435de1958a8e2e5cfd68e25bfebd54f9c87f9544c4be1becf651,2026-10-07T15:19:18.442792+00:00
COLB,2025-12-31,27.950000762939453,26.93840789794922,1452300,0.0,-0.010619442019842329,-0.010619417324333913,-0.010619442019842329,18c37477249a435de1958a8e2e5cfd68e25bfebd54f9c87f9544c4be1becf651,2026-10-07T15:19:18.442792+00:00
COLB,2026-01-02,28.190000534057617,27.169719696044922,2289600,0.0,0.008586753651770751,0.008586691499066434,0.008586753651770751,18c37477249a435de1958a8e2e5cfd68e25bfebd54f9c87f9544c4be1becf651,2026-10-07T15:19:18.442792+00:00
COLB,2026-01-05,28.780000686645508,27.738367080688477,2539300,0.0,0.02092941260767578,0.020929453487381178,0.02092941260767578,18c37477249a435de1958a8e2e5cfd68e25bfebd54f9c87f9544c4be1becf651,2026-10-07T15:19:18.442792+00:00
COLB,2026-01-06,28.989999771118164,27.940765380859375,2531100,0.0,0.007296701857623544,0.007296691242932196,0.007296701857623544,18c37477249a435de1958a8e2e5cfd68e25bfebd54f9c87f9544c4be1becf651,2026-10-07T15:19:18.442792+00:00
COLB,2026-01-07,28.899999618530273,27.854022979736328,2190400,0.0,-0.003104524087563343,-0.0031045105579845522,-0.003104524087563343,18c37477249a435de1958a8e2e5cfd68e25bfebd54f9c87f9544c4be1becf651,2026-10-07T15:19:18.442792+00:00
COLB,2026-01-08,29.360000610351562,28.297374725341797,1895000,0.0,0.01591698954647547,0.01591697349887311,0.01591698954647547,18c37477249a435de1958a8e2e5cfd68e25bfebd54f9c87f9544c4be1becf651,2026-10-07T15:19:18.442792+00:00
COLB,2026-01-09,29.049999237060547,27.998592376708984,1469100,0.0,-0.010558629660985641,-0.010558659647152302,-0.010558629660985641,18c37477249a435de1958a8e2e5cfd68e25bfebd54f9c87f9544c4be1becf651,2026-10-07T15:19:18.442792+00:00
COLB,2026-01-12,28.610000610351562,27.574520111083984,1577200,0.0,-0.015146252608077782,-0.01514619949172058,-0.015146252608077782,18c37477249a435de1958a8e2e5cfd68e25bfebd54f9c87f9544c4be1becf651,2026-10-07T15:19:18.442792+00:00
COLB,2026-01-13,28.290000915527344,27.26609992980957,2046600,0.0,-0.011184889479115778,-0.011184970038714881,-0.011184889479115778,18c37477249a435de1958a8e2e5cfd68e25bfebd54f9c87f9544c4be1becf651,2026-10-07T15:19:18.442792+00:00
COLB,2026-01-14,28.40999984741211,27.381757736206055,2320200,0.0,0.004241743655048813,0.004241817006987336,0.004241743655048813,18c37477249a435de1958a8e2e5cfd68e25bfebd54f9c87f9544c4be1becf651,2026-10-07T15:19:18.442792+00:00
COLB,2026-01-15,29.25,28.191354751586914,1914100,0.0,0.02956705938400095,0.02956702134247413,0.02956705938400095,18c37477249a435de1958a8e2e5cfd68e25bfebd54f9c87f9544c4be1becf651,2026-10-07T15:19:18.442792+00:00
COLB,2026-01-16,28.90999984741211,27.863658905029297,1795500,0.0,-0.011623936840611693,-0.011623983644814762,-0.011623936840611693,18c37477249a435de1958a8e2e5cfd68e25bfebd54f9c87f9544c4be1becf651,2026-10-07T15:19:18.442792+00:00
COLB,2026-01-20,28.350000381469727,27.323928833007812,1834400,0.0,-0.01937044167755375,-0.019370394744678165,-0.01937044167755375,18c37477249a435de1958a8e2e5cfd68e25bfebd54f9c87f9544c4be1becf651,2026-10-07T15:19:18.442792+00:00
COLB,2026-01-21,29.700000762939453,28.62506866455078,3750800,0.0,0.04761906043402098,0.04761906091525048,0.04761906043402098,18c37477249a435de1958a8e2e5cfd68e25bfebd54f9c87f9544c4be1becf651,2026-10-07T15:19:18.442792+00:00
COLB,2026-01-22,29.670000076293945,28.596155166625977,4040500,0.0,-0.0010101241035300745,-0.0010100761071923925,-0.0010101241035300745,18c37477249a435de1958a8e2e5cfd68e25bfebd54f9c87f9544c4be1becf651,2026-10-07T15:19:18.442792+00:00
COLB,2026-01-23,28.8799991607666,27.834745407104492,8058200,0.0,-0.02662625256137252,-0.026626298363708334,-0.02662625256137252,18c37477249a435de1958a8e2e5cfd68e25bfebd54f9c87f9544c4be1becf651,2026-10-07T15:19:18.442792+00:00
COLB,2026-01-26,28.8700008392334,27.825109481811523,3248300,0.0,-0.00034620227921566826,-0.00034618334574421095,-0.00034620227921566826,18c37477249a435de1958a8e2e5cfd68e25bfebd54f9c87f9544c4be1becf651,2026-10-07T15:19:18.442792+00:00
COLB,2026-01-27,28.959999084472656,27.911849975585938,3104900,0.0,0.0031173620582980455,0.00311734600114022,0.0031173620582980455,18c37477249a435de1958a8e2e5cfd68e25bfebd54f9c87f9544c4be1becf651,2026-10-07T15:19:18.442792+00:00
COLB,2026-01-28,28.959999084472656,27.911849975585938,2595300,0.0,0.0,0.0,0.0,18c37477249a435de1958a8e2e5cfd68e25bfebd54f9c87f9544c4be1becf651,2026-10-07T15:19:18.442792+00:00
COLB,2026-01-29,29.040000915527344,27.98895835876465,3754900,0.0,0.0027624942535851016,0.002762567986219322,0.0027624942535851016,18c37477249a435de1958a8e2e5cfd68e25bfebd54f9c87f9544c4be1becf651,2026-10-07T15:19:18.442792+00:00
COLB,2026-01-30,29.440000534057617,28.37447738647461,2712300,0.0,0.013774091112937814,0.013773968390261127,0.013774091112937814,18c37477249a435de1958a8e2e5cfd68e25bfebd54f9c87f9544c4be1becf651,2026-10-07T15:19:18.442792+00:00
COLB,2026-02-02,29.690000534057617,28.61543083190918,2396900,0.0,0.008491847672040143,0.008491907785742159,0.008491847672040143,18c37477249a435de1958a8e2e5cfd68e25bfebd54f9c87f9544c4be1becf651,2026-10-07T15:19:18.442792+00:00
COLB,2026-02-03,30.440000534057617,29.338287353515625,2752600,0.0,0.025261030195660394,0.025261074203376532,0.025261030195660394,18c37477249a435de1958a8e2e5cfd68e25bfebd54f9c87f9544c4be1becf651,2026-10-07T15:19:18.442792+00:00
COLB,2026-02-04,31.139999389648438,30.012950897216797,3483700,0.0,0.02299601981963284,0.022996009806970807,0.02299601981963284,18c37477249a435de1958a8e2e5cfd68e25bfebd54f9c87f9544c4be1becf651,2026-10-07T15:19:18.442792+00:00
COLB,2026-02-05,31.239999771118164,30.109331130981445,3445400,0.0,0.0032113161024327486,0.003211288156726555,0.0032113161024327486,18c37477249a435de1958a8e2e5cfd68e25bfebd54f9c87f9544c4be1becf651,2026-10-07T15:19:18.442792+00:00
COLB,2026-02-06,32.06999969482422,30.909292221069336,2745900,0.0,0.026568499673082613,0.026568544037325337,0.026568499673082613,18c37477249a435de1958a8e2e5cfd68e25bfebd54f9c87f9544c4be1becf651,2026-10-07T15:19:18.442792+00:00
COLB,2026-02-09,32.41999816894531,31.246620178222656,2421600,0.0,0.010913578966375237,0.010913480475084558,0.010913578966375237,18c37477249a435de1958a8e2e5cfd68e25bfebd54f9c87f9544c4be1becf651,2026-10-07T15:19:18.442792+00:00
COLB,2026-02-10,32.02000045776367,30.861103057861328,2382300,0.0,-0.012337993021998117,-0.012337882246541754,-0.012337993021998117,18c37477249a435de1958a8e2e5cfd68e25bfebd54f9c87f9544c4be1becf651,2026-10-07T15:19:18.442792+00:00
COLB,2026-02-11,31.6299991607666,30.48521614074707,2035300,0.0,-0.012179927901984411,-0.012179957288289689,-0.012179927901984411,18c37477249a435de1958a8e2e5cfd68e25bfebd54f9c87f9544c4be1becf651,2026-10-07T15:19:18.442792+00:00
COLB,2026-02-12,31.25,30.118968963623047,4149300,0.0,-0.012013884630068139,-0.012013927519263667,-0.012013884630068139,18c37477249a435de1958a8e2e5cfd68e25bfebd54f9c87f9544c4be1becf651,2026-10-07T15:19:18.442792+00:00
COLB,2026-02-13,31.489999771118164,30.350284576416016,3291500,0.0,0.007679992675781344,0.007680064117478569,0.007679992675781344,18c37477249a435de1958a8e2e5cfd68e25bfebd54f9c87f9544c4be1becf651,2026-10-07T15:19:18.442792+00:00
COLB,2026-02-17,31.299999237060547,30.167160034179688,2697800,0.0,-0.006033678483284066,-0.006033700994639957,-0.006033678483284066,18c37477249a435de1958a8e2e5cfd68e25bfebd54f9c87f9544c4be1becf651,2026-10-07T15:19:18.442792+00:00
COLB,2026-02-18,31.239999771118164,30.109331130981445,3434400,0.0,-0.001916915891529536,-0.001916948865346324,-0.001916915891529536,18c37477249a435de1958a8e2e5cfd68e25bfebd54f9c87f9544c4be1becf651,2026-10-07T15:19:18.442792+00:00
COLB,2026-02-19,31.190000534057617,30.061141967773438,2594600,0.0,-0.0016004877537409978,-0.001600472723833568,-0.0016004877537409978,18c37477249a435de1958a8e2e5cfd68e25bfebd54f9c87f9544c4be1becf651,2026-10-07T15:19:18.442792+00:00
COLB,2026-02-20,31.760000228881836,30.610511779785156,3073200,0.0,0.018275078071954942,0.018275081252756786,0.018275078071954942,18c37477249a435de1958a8e2e5cfd68e25bfebd54f9c87f9544c4be1becf651,2026-10-07T15:19:18.442792+00:00
COLB,2026-02-23,30.06999969482422,28.98167610168457,3255200,0.0,-0.05321160333370423,-0.053211644738858976,-0.05321160333370423,18c37477249a435de1958a8e2e5cfd68e25bfebd54f9c87f9544c4be1becf651,2026-10-07T15:19:18.442792+00:00
COLB,2026-02-24,29.860000610351562,28.779279708862305,2825800,0.0,-0.006983674313398858,-0.006983598605965424,-0.006983674313398858,18c37477249a435de1958a8e2e5cfd68e25bfebd54f9c87f9544c4be1becf651,2026-10-07T15:19:18.442792+00:00
COLB,2026-02-25,30.440000534057617,29.338287353515625,3341500,0.0,0.019423975614554667,0.019423962319709442,0.019423975614554667,18c37477249a435de1958a8e2e5cfd68e25bfebd54f9c87f9544c4be1becf651,2026-10-07T15:19:18.442792+00:00
COLB,2026-02-26,30.579999923706055,29.47321891784668,3237400,0.0,0.004599191432069771,0.004599162954032732,0.004599191432069771,18c37477249a435de1958a8e2e5cfd68e25bfebd54f9c87f9544c4be1becf651,2026-10-07T15:19:18.442792+00:00
COLB,2026-02-27,28.450000762939453,27.75614356994629,4547900,0.37,-0.06965334094443199,-0.05825883330512849,-0.0575539295342582,18c37477249a435de1958a8e2e5cfd68e25bfebd54f9c87f9544c4be1becf651,2026-10-07T15:19:18.442792+00:00
COLB,2026-03-02,29.040000915527344,28.331754684448242,3152400,0.0,0.0207381418898398,0.02073815164745052,0.0207381418898398,18c37477249a435de1958a8e2e5cfd68e25bfebd54f9c87f9544c4be1becf651,2026-10-07T15:19:18.442792+00:00
COLB,2026-03-03,28.68000030517578,27.980533599853516,3428700,0.0,-0.012396714841667711,-0.012396728988604333,-0.012396714841667711,18c37477249a435de1958a8e2e5cfd68e25bfebd54f9c87f9544c4be1becf651,2026-10-07T15:19:18.442792+00:00
COLB,2026-03-04,28.579999923706055,27.882970809936523,2628400,0.0,-0.003486763612470356,-0.003486809483772779,-0.003486763612470356,18c37477249a435de1958a8e2e5cfd68e25bfebd54f9c87f9544c4be1becf651,2026-10-07T15:19:18.442792+00:00
COLB,2026-03-05,28.0,27.317115783691406,2464200,0.0,-0.02029390921113916,-0.020293928867990862,-0.02029390921113916,18c37477249a435de1958a8e2e5cfd68e25bfebd54f9c87f9544c4be1becf651,2026-10-07T15:19:18.442792+00:00
COLB,2026-03-06,27.299999237060547,26.634187698364258,2471200,0.0,-0.025000027247837564,-0.02500000698224747,-0.025000027247837564,18c37477249a435de1958a8e2e5cfd68e25bfebd54f9c87f9544c4be1becf651,2026-10-07T15:19:18.442792+00:00
COLB,2026-03-09,27.110000610351562,26.448823928833008,3414600,0.0,-0.006959656850504814,-0.006959617902769111,-0.006959656850504814,18c37477249a435de1958a8e2e5cfd68e25bfebd54f9c87f9544c4be1becf651,2026-10-07T15:19:18.442792+00:00
COLB,2026-03-10,26.959999084472656,26.302480697631836,2532700,0.0,-0.0055330698082548535,-0.005533071398370781,-0.0055330698082548535,18c37477249a435de1958a8e2e5cfd68e25bfebd54f9c87f9544c4be1becf651,2026-10-07T15:19:18.442792+00:00
COLB,2026-03-11,26.770000457763672,26.117115020751953,2890500,0.0,-0.007047427046034782,-0.007047459857905003,-0.007047427046034782,18c37477249a435de1958a8e2e5cfd68e25bfebd54f9c87f9544c4be1becf651,2026-10-07T15:19:18.442792+00:00
COLB,2026-03-12,26.420000076293945,25.775650024414062,2560200,0.0,-0.013074350970667337,-0.013074376556008294,-0.013074350970667337,18c37477249a435de1958a8e2e5cfd68e25bfebd54f9c87f9544c4be1becf651,2026-10-07T15:19:18.442792+00:00
COLB,2026-03-13,26.229999542236328,25.59028434753418,3081600,0.0,-0.007191541767938903,-0.007191503481165706,-0.007191541767938903,18c37477249a435de1958a8e2e5cfd68e25bfebd54f9c87f9544c4be1becf651,2026-10-07T15:19:18.442792+00:00
COLB,2026-03-16,26.350000381469727,25.707359313964844,1992300,0.0,0.00457494629537325,0.004574977160890503,0.00457494629537325,18c37477249a435de1958a8e2e5cfd68e25bfebd54f9c87f9544c4be1becf651,2026-10-07T15:19:18.442792+00:00
COLB,2026-03-17,26.469999313354492,25.824430465698242,2622600,0.0,0.0045540390947831355,0.004553993675647572,0.0045540390947831355,18c37477249a435de1958a8e2e5cfd68e25bfebd54f9c87f9544c4be1becf651,2026-10-07T15:19:18.442792+00:00
COLB,2026-03-18,26.200000762939453,25.561017990112305,2860900,0.0,-0.010200172172986077,-0.010200127198770947,-0.010200172172986077,18c37477249a435de1958a8e2e5cfd68e25bfebd54f9c87f9544c4be1becf651,2026-10-07T15:19:18.442792+00:00
COLB,2026-03-19,26.40999984741211,25.76589584350586,2653700,0.0,0.008015231998378614,0.008015246242258689,0.008015231998378614,18c37477249a435de1958a8e2e5cfd68e25bfebd54f9c87f9544c4be1becf651,2026-10-07T15:19:18.442792+00:00
COLB,2026-03-20,26.139999389648438,25.502479553222656,9223400,0.0,-0.01022341761922152,-0.010223447765337235,-0.01022341761922152,18c37477249a435de1958a8e2e5cfd68e25bfebd54f9c87f9544c4be1becf651,2026-10-07T15:19:18.442792+00:00
COLB,2026-03-23,26.8700008392334,26.214677810668945,3507200,0.0,0.02792660545638892,0.027926627917099545,0.02792660545638892,18c37477249a435de1958a8e2e5cfd68e25bfebd54f9c87f9544c4be1becf651,2026-10-07T15:19:18.442792+00:00
COLB,2026-03-24,27.399999618530273,26.73175048828125,2934400,0.0,0.01972455387954497,0.019724548260587893,0.01972455387954497,18c37477249a435de1958a8e2e5cfd68e25bfebd54f9c87f9544c4be1becf651,2026-10-07T15:19:18.442792+00:00
COLB,2026-03-25,27.600000381469727,26.9268741607666,2337700,0.0,0.007299298019120881,0.007299322675142106,0.007299298019120881,18c37477249a435de1958a8e2e5cfd68e25bfebd54f9c87f9544c4be1becf651,2026-10-07T15:19:18.442792+00:00
COLB,2026-03-26,27.459999084472656,26.790287017822266,1890800,0.0,-0.005072510690654397,-0.005072521308223332,-0.005072510690654397,18c37477249a435de1958a8e2e5cfd68e25bfebd54f9c87f9544c4be1becf651,2026-10-07T15:19:18.442792+00:00
COLB,2026-03-27,26.700000762939453,26.0488224029541,1973400,0.0,-0.027676560337649314,-0.02767662079823574,-0.027676560337649314,18c37477249a435de1958a8e2e5cfd68e25bfebd54f9c87f9544c4be1becf651,2026-10-07T15:19:18.442792+00:00
COLB,2026-03-30,26.790000915527344,26.136629104614258,2557000,0.0,0.0033707921354375614,0.003370851100362948,0.0033707921354375614,18c37477249a435de1958a8e2e5cfd68e25bfebd54f9c87f9544c4be1becf651,2026-10-07T15:19:18.442792+00:00
COLB,2026-03-31,27.43000030517578,26.761018753051758,4530800,0.0,0.02388948741235386,0.023889448250511647,0.02388948741235386,18c37477249a435de1958a8e2e5cfd68e25bfebd54f9c87f9544c4be1becf651,2026-10-07T15:19:18.442792+00:00
COLB,2026-04-01,27.920000076293945,27.23906898498535,2444500,0.0,0.01786364439178323,0.017863678372822767,0.01786364439178323,18c37477249a435de1958a8e2e5cfd68e25bfebd54f9c87f9544c4be1becf651,2026-10-07T15:19:18.442792+00:00
COLB,2026-04-02,27.729999542236328,27.053701400756836,2328700,0.0,-0.006805176702665561,-0.0068052099846251934,-0.006805176702665561,18c37477249a435de1958a8e2e5cfd68e25bfebd54f9c87f9544c4be1becf651,2026-10-07T15:19:18.442792+00:00
COLB,2026-04-06,28.040000915527344,27.356143951416016,2049900,0.0,0.011179277980832403,0.011179340903449075,0.011179277980832403,18c37477249a435de1958a8e2e5cfd68e25bfebd54f9c87f9544c4be1becf651,2026-10-07T15:19:18.442792+00:00
COLB,2026-04-07,27.68000030517578,27.004920959472656,4440100,0.0,-0.012838823059816984,-0.01283890714155933,-0.012838823059816984,18c37477249a435de1958a8e2e5cfd68e25bfebd54f9c87f9544c4be1becf651,2026-10-07T15:19:18.442792+00:00
COLB,2026-04-08,28.8799991607666,28.1756534576416,4770300,0.0,0.0433525593338393,0.04335256155446299,0.0433525593338393,18c37477249a435de1958a8e2e5cfd68e25bfebd54f9c87f9544c4be1becf651,2026-10-07T15:19:18.442792+00:00
COLB,2026-04-09,29.56999969482422,28.848827362060547,2751300,0.0,0.0238919859455875,0.023892042306346895,0.0238919859455875,18c37477249a435de1958a8e2e5cfd68e25bfebd54f9c87f9544c4be1becf651,2026-10-07T15:19:18.442792+00:00
COLB,2026-04-10,28.959999084472656,28.25370216369629,1987600,0.0,-0.02062903674829375,-0.020629094933228176,-0.02062903674829375,18c37477249a435de1958a8e2e5cfd68e25bfebd54f9c87f9544c4be1becf651,2026-10-07T15:19:18.442792+00:00
COLB,2026-04-13,29.15999984741211,28.44882583618164,4222000,0.0,0.006906103910986783,0.006906127606033596,0.006906103910986783,18c37477249a435de1958a8e2e5cfd68e25bfebd54f9c87f9544c4be1becf651,2026-10-07T15:19:18.442792+00:00
COLB,2026-04-14,29.049999237060547,28.341506958007812,1402900,0.0,-0.003772311760191105,-0.003772348243537671,-0.003772311760191105,18c37477249a435de1958a8e2e5cfd68e25bfebd54f9c87f9544c4be1becf651,2026-10-07T15:19:18.442792+00:00
COLB,2026-04-15,29.100000381469727,28.390289306640625,1550200,0.0,0.0017212098355372518,0.0017212334088336778,0.0017212098355372518,18c37477249a435de1958a8e2e5cfd68e25bfebd54f9c87f9544c4be1becf651,2026-10-07T15:19:18.442792+00:00
COLB,2026-04-16,28.969999313354492,28.263458251953125,1942200,0.0,-0.004467390598318244,-0.004467409730052774,-0.004467390598318244,18c37477249a435de1958a8e2e5cfd68e25bfebd54f9c87f9544c4be1becf651,2026-10-07T15:19:18.442792+00:00
COLB,2026-04-17,29.6299991607666,28.90736198425293,2047100,0.0,0.02278218374371388,0.022782199069899978,0.02278218374371388,18c37477249a435de1958a8e2e5cfd68e25bfebd54f9c87f9544c4be1becf651,2026-10-07T15:19:18.442792+00:00
COLB,2026-04-20,29.68000030517578,28.956144332885742,2243800,0.0,0.0016875175776376317,0.0016875406569227813,0.0016875175776376317,18c37477249a435de1958a8e2e5cfd68e25bfebd54f9c87f9544c4be1becf651,2026-10-07T15:19:18.442792+00:00
COLB,2026-04-21,29.09000015258789,28.380535125732422,1890500,0.0,-0.01987871113616546,-0.01987865513225795,-0.01987871113616546,18c37477249a435de1958a8e2e5cfd68e25bfebd54f9c87f9544c4be1becf651,2026-10-07T15:19:18.442792+00:00
COLB,2026-04-22,29.0,28.292728424072266,3199500,0.0,-0.003093851911853074,-0.0030939057798294867,-0.003093851911853074,18c37477249a435de1958a8e2e5cfd68e25bfebd54f9c87f9544c4be1becf651,2026-10-07T15:19:18.442792+00:00
COLB,2026-04-23,29.649999618530273,28.926876068115234,3066300,0.0,0.022413779949319812,0.02241380309943586,0.022413779949319812,18c37477249a435de1958a8e2e5cfd68e25bfebd54f9c87f9544c4be1becf651,2026-10-07T15:19:18.442792+00:00
COLB,2026-04-24,29.219999313354492,28.507362365722656,3183300,0.0,-0.014502539990153829,-0.014502558154041001,-0.014502539990153829,18c37477249a435de1958a8e2e5cfd68e25bfebd54f9c87f9544c4be1becf651,2026-10-07T15:19:18.442792+00:00
COLB,2026-04-27,29.850000381469727,29.121997833251953,2419700,0.0,0.021560612009573266,0.021560587038677914,0.021560612009573266,18c37477249a435de1958a8e2e5cfd68e25bfebd54f9c87f9544c4be1becf651,2026-10-07T15:19:18.442792+00:00
COLB,2026-04-28,29.6200008392334,28.89760971069336,2351100,0.0,-0.007705177195880597,-0.00770510745325248,-0.007705177195880597,18c37477249a435de1958a8e2e5cfd68e25bfebd54f9c87f9544c4be1becf651,2026-10-07T15:19:18.442792+00:00
COLB,2026-04-29,29.1200008392334,28.40980339050293,2033600,0.0,-0.01688048567972089,-0.0168805075947136,-0.01688048567972089,18c37477249a435de1958a8e2e5cfd68e25bfebd54f9c87f9544c4be1becf651,2026-10-07T15:19:18.442792+00:00
COLB,2026-04-30,29.600000381469727,28.878095626831055,2396200,0.0,0.016483500288558606,0.016483473324024223,0.016483500288558606,18c37477249a435de1958a8e2e5cfd68e25bfebd54f9c87f9544c4be1becf651,2026-10-07T15:19:18.442792+00:00
COLB,2026-05-01,29.559999465942383,28.83907127380371,1835400,0.0,-0.0013513822639132922,-0.0013513478704283433,-0.0013513822639132922,18c37477249a435de1958a8e2e5cfd68e25bfebd54f9c87f9544c4be1becf651,2026-10-07T15:19:18.442792+00:00
COLB,2026-05-04,29.06999969482422,28.361021041870117,2583400,0.0,-0.01657644722499807,-0.01657647804934126,-0.01657644722499807,18c37477249a435de1958a8e2e5cfd68e25bfebd54f9c87f9544c4be1becf651,2026-10-07T15:19:18.442792+00:00
COLB,2026-05-05,29.709999084472656,28.98541259765625,2396300,0.0,0.022015803108604404,0.02201583486237424,0.022015803108604404,18c37477249a435de1958a8e2e5cfd68e25bfebd54f9c87f9544c4be1becf651,2026-10-07T15:19:18.442792+00:00
COLB,2026-05-06,30.200000762939453,29.463462829589844,2667400,0.0,0.016492820382579154,0.016492786856939556,0.016492820382579154,18c37477249a435de1958a8e2e5cfd68e25bfebd54f9c87f9544c4be1becf651,2026-10-07T15:19:18.442792+00:00
COLB,2026-05-07,29.559999465942383,28.83907127380371,2331400,0.0,-0.021192095391681653,-0.021192062840592607,-0.021192095391681653,18c37477249a435de1958a8e2e5cfd68e25bfebd54f9c87f9544c4be1becf651,2026-10-07T15:19:18.442792+00:00
COLB,2026-05-08,30.040000915527344,29.30736541748047,3399000,0.0,0.016238209007344295,0.016238183928694694,0.016238209007344295,18c37477249a435de1958a8e2e5cfd68e25bfebd54f9c87f9544c4be1becf651,2026-10-07T15:19:18.442792+00:00
COLB,2026-05-11,29.420000076293945,28.702486038208008,2974900,0.0,-0.020639175111107466,-0.020639159155250386,-0.020639175111107466,18c37477249a435de1958a8e2e5cfd68e25bfebd54f9c87f9544c4be1becf651,2026-10-07T15:19:18.442792+00:00
COLB,2026-05-12,29.09000015258789,28.380535125732422,2839800,0.0,-0.011216856657045415,-0.011216830209307083,-0.011216856657045415,18c37477249a435de1958a8e2e5cfd68e25bfebd54f9c87f9544c4be1becf651,2026-10-07T15:19:18.442792+00:00
COLB,2026-05-13,28.709999084472656,28.009801864624023,2799300,0.0,-0.013062944864970394,-0.013062941183665577,-0.013062944864970394,18c37477249a435de1958a8e2e5cfd68e25bfebd54f9c87f9544c4be1becf651,2026-10-07T15:19:18.442792+00:00
COLB,2026-05-14,29.1200008392334,28.40980339050293,6210600,0.0,0.014280799994260018,0.014280769561033635,0.014280799994260018,18c37477249a435de1958a8e2e5cfd68e25bfebd54f9c87f9544c4be1becf651,2026-10-07T15:19:18.442792+00:00
COLB,2026-05-15,28.770000457763672,28.06833839416504,3184200,0.0,-0.012019243522760181,-0.012019266435755682,-0.012019243522760181,18c37477249a435de1958a8e2e5cfd68e25bfebd54f9c87f9544c4be1becf651,2026-10-07T15:19:18.442792+00:00
COLB,2026-05-18,29.010000228881836,28.3024845123291,2480500,0.0,0.00834201485225905,0.008342001399439303,0.00834201485225905,18c37477249a435de1958a8e2e5cfd68e25bfebd54f9c87f9544c4be1becf651,2026-10-07T15:19:18.442792+00:00
COLB,2026-05-19,28.729999542236328,28.029312133789062,2671400,0.0,-0.009651867784776669,-0.009651886866011372,-0.009651867784776669,18c37477249a435de1958a8e2e5cfd68e25bfebd54f9c87f9544c4be1becf651,2026-10-07T15:19:18.442792+00:00
COLB,2026-05-20,29.670000076293945,28.946388244628906,2297300,0.0,0.032718431919071644,0.03271846652755772,0.032718431919071644,18c37477249a435de1958a8e2e5cfd68e25bfebd54f9c87f9544c4be1becf651,2026-10-07T15:19:18.442792+00:00
COLB,2026-05-21,29.6200008392334,28.89760971069336,2049500,0.0,-0.0016851781911687569,-0.0016851336865696398,-0.0016851781911687569,18c37477249a435de1958a8e2e5cfd68e25bfebd54f9c87f9544c4be1becf651,2026-10-07T15:19:18.442792+00:00
COLB,2026-05-22,29.729999542236328,29.00492286682129,1438200,0.0,0.003713663061657657,0.003713565142663633,0.003713663061657657,18c37477249a435de1958a8e2e5cfd68e25bfebd54f9c87f9544c4be1becf651,2026-10-07T15:19:18.442792+00:00
COLB,2026-05-26,30.06999969482422,29.336631774902344,2237400,0.0,0.011436264978910149,0.011436296852231909,0.011436264978910149,18c37477249a435de1958a8e2e5cfd68e25bfebd54f9c87f9544c4be1becf651,2026-10-07T15:19:18.442792+00:00
COLB,2026-05-27,29.790000915527344,29.063461303710938,3201400,0.0,-0.009311565751198514,-0.009311582641368665,-0.009311565751198514,18c37477249a435de1958a8e2e5cfd68e25bfebd54f9c87f9544c4be1becf651,2026-10-07T15:19:18.442792+00:00
COLB,2026-05-28,29.639999389648438,28.917118072509766,2683900,0.0,-0.005035297793519744,-0.005035299466636056,-0.005035297793519744,18c37477249a435de1958a8e2e5cfd68e25bfebd54f9c87f9544c4be1becf651,2026-10-07T15:19:18.442792+00:00
COLB,2026-05-29,29.639999389648438,29.282657623291016,3481800,0.37,0.0,0.012640939870448342,0.012483131161238115,18c37477249a435de1958a8e2e5cfd68e25bfebd54f9c87f9544c4be1becf651,2026-10-07T15:19:18.442792+00:00
COLB,2026-06-01,29.0,28.650375366210938,2461700,0.0,-0.02159242249755078,-0.021592379531056305,-0.02159242249755078,18c37477249a435de1958a8e2e5cfd68e25bfebd54f9c87f9544c4be1becf651,2026-10-07T15:19:18.442792+00:00
COLB,2026-06-02,29.18000030517578,28.828205108642578,2816900,0.0,0.006206907075027024,0.006206890491262662,0.006206907075027024,18c37477249a435de1958a8e2e5cfd68e25bfebd54f9c87f9544c4be1becf651,2026-10-07T15:19:18.442792+00:00
COLB,2026-06-03,28.59000015258789,28.245317459106445,2763500,0.0,-0.02021933332479231,-0.020219352794926038,-0.02021933332479231,18c37477249a435de1958a8e2e5cfd68e25bfebd54f9c87f9544c4be1becf651,2026-10-07T15:19:18.442792+00:00
COLB,2026-06-04,29.5,29.144346237182617,2923400,0.0,0.03182930544090046,0.03182930336604595,0.03182930544090046,18c37477249a435de1958a8e2e5cfd68e25bfebd54f9c87f9544c4be1becf651,2026-10-07T15:19:18.442792+00:00
COLB,2026-06-05,29.65999984741211,29.302417755126953,2249300,0.0,0.0054237236410885625,0.00542374554083036,0.0054237236410885625,18c37477249a435de1958a8e2e5cfd68e25bfebd54f9c87f9544c4be1becf651,2026-10-07T15:19:18.442792+00:00
COLB,2026-06-08,29.68000030517578,29.322175979614258,4220200,0.0,0.0006743242706193087,0.0006742864924123015,0.0006743242706193087,18c37477249a435de1958a8e2e5cfd68e25bfebd54f9c87f9544c4be1becf651,2026-10-07T15:19:18.442792+00:00
COLB,2026-06-09,30.149999618530273,29.786510467529297,3140100,0.0,0.015835556217044022,0.015835608115777555,0.015835556217044022,18c37477249a435de1958a8e2e5cfd68e25bfebd54f9c87f9544c4be1becf651,2026-10-07T15:19:18.442792+00:00
COLB,2026-06-10,30.31999969482422,29.95446014404297,2757700,0.0,0.005638476897010136,0.005638447534723978,0.005638476897010136,18c37477249a435de1958a8e2e5cfd68e25bfebd54f9c87f9544c4be1becf651,2026-10-07T15:19:18.442792+00:00
COLB,2026-06-11,30.81999969482422,30.44843292236328,2407700,0.0,0.01649076533748617,0.016490792220755335,0.01649076533748617,18c37477249a435de1958a8e2e5cfd68e25bfebd54f9c87f9544c4be1becf651,2026-10-07T15:19:18.442792+00:00
COLB,2026-06-12,31.309999465942383,30.932523727416992,2708400,0.0,0.01589875976541477,0.015898710002187455,0.01589875976541477,18c37477249a435de1958a8e2e5cfd68e25bfebd54f9c87f9544c4be1becf651,2026-10-07T15:19:18.442792+00:00
COLB,2026-06-15,30.950000762939453,30.576866149902344,3584800,0.0,-0.011497882757696032,-0.011497851925978186,-0.011497882757696032,18c37477249a435de1958a8e2e5cfd68e25bfebd54f9c87f9544c4be1becf651,2026-10-07T15:19:18.442792+00:00
COLB,2026-06-16,30.8799991607666,30.507707595825195,2463200,0.0,-0.0022617641501538888,-0.0022617934008704044,-0.0022617641501538888,18c37477249a435de1958a8e2e5cfd68e25bfebd54f9c87f9544c4be1becf651,2026-10-07T15:19:18.442792+00:00
COLB,2026-06-17,30.049999237060547,29.687715530395508,3700800,0.0,-0.026878236601786565,-0.02687819341568287,-0.026878236601786565,18c37477249a435de1958a8e2e5cfd68e25bfebd54f9c87f9544c4be1becf651,2026-10-07T15:19:18.442792+00:00
COLB,2026-06-18,30.549999237060547,30.181686401367188,6000400,0.0,0.01663893553059892,0.016638898013757064,0.01663893553059892,18c37477249a435de1958a8e2e5cfd68e25bfebd54f9c87f9544c4be1becf651,2026-10-07T15:19:18.442792+00:00
COLB,2026-06-22,30.8700008392334,30.497831344604492,2685000,0.0,0.01047468445709998,0.010474727589210753,0.01047468445709998,18c37477249a435de1958a8e2e5cfd68e25bfebd54f9c87f9544c4be1becf651,2026-10-07T15:19:18.442792+00:00
COLB,2026-06-23,31.270000457763672,30.893007278442383,2389100,0.0,0.012957551268411471,0.012957509318373361,0.012957551268411471,18c37477249a435de1958a8e2e5cfd68e25bfebd54f9c87f9544c4be1becf651,2026-10-07T15:19:18.442792+00:00
COLB,2026-06-24,31.530000686645508,31.149873733520508,2354800,0.0,0.008314685803507249,0.0083147118946032,0.008314685803507249,18c37477249a435de1958a8e2e5cfd68e25bfebd54f9c87f9544c4be1becf651,2026-10-07T15:19:18.442792+00:00
COLB,2026-06-25,32.06999969482422,31.68336296081543,2923400,0.0,0.01712651431712242,0.017126529367624155,0.01712651431712242,18c37477249a435de1958a8e2e5cfd68e25bfebd54f9c87f9544c4be1becf651,2026-10-07T15:19:18.442792+00:00
COLB,2026-06-26,32.150001525878906,31.762399673461914,5394500,0.0,0.0024946003060797306,0.0024945809175696,0.0024946003060797306,18c37477249a435de1958a8e2e5cfd68e25bfebd54f9c87f9544c4be1becf651,2026-10-07T15:19:18.442792+00:00
COLB,2026-06-29,31.989999771118164,31.604326248168945,2640100,0.0,-0.004976726194925729,-0.004976746937198295,-0.004976726194925729,18c37477249a435de1958a8e2e5cfd68e25bfebd54f9c87f9544c4be1becf651,2026-10-07T15:19:18.442792+00:00
COLB,2026-06-30,32.04999923706055,31.663602828979492,2470000,0.0,0.0018755694395644618,0.0018755843850326581,0.0018755694395644618,18c37477249a435de1958a8e2e5cfd68e25bfebd54f9c87f9544c4be1becf651,2026-10-07T15:19:18.442792+00:00
COLB,2026-07-01,32.5099983215332,32.11805725097656,3082300,0.0,0.014352545879025902,0.014352580925539593,0.014352545879025902,18c37477249a435de1958a8e2e5cfd68e25bfebd54f9c87f9544c4be1becf651,2026-10-07T15:19:18.442792+00:00
COLB,2026-07-02,31.719999313354492,31.337581634521484,3434800,0.0,-0.02430018606477291,-0.024300212505267482,-0.02430018606477291,18c37477249a435de1958a8e2e5cfd68e25bfebd54f9c87f9544c4be1becf651,2026-10-07T15:19:18.442792+00:00
COLB,2026-07-06,32.2400016784668,31.851314544677734,2634800,0.0,0.01639351754000118,0.016393508476427066,0.01639351754000118,18c37477249a435de1958a8e2e5cfd68e25bfebd54f9c87f9544c4be1becf651,2026-10-07T15:19:18.442792+00:00
COLB,2026-07-07,32.119998931884766,31.732759475708008,2281200,0.0,-0.0037221693652138566,-0.0037221405353122794,-0.0037221693652138566,18c37477249a435de1958a8e2e5cfd68e25bfebd54f9c87f9544c4be1becf651,2026-10-07T15:19:18.442792+00:00
COLB,2026-07-08,31.270000457763672,30.893007278442383,2613800,0.0,-0.02646321613906777,-0.026463257880502633,-0.02646321613906777,18c37477249a435de1958a8e2e5cfd68e25bfebd54f9c87f9544c4be1becf651,2026-10-07T15:19:18.442792+00:00
COLB,2026-07-09,31.81999969482422,31.436376571655273,2467500,0.0,0.01758871854841937,0.017588747133467475,0.01758871854841937,18c37477249a435de1958a8e2e5cfd68e25bfebd54f9c87f9544c4be1becf651,2026-10-07T15:19:18.442792+00:00
COLB,2026-07-10,32.04999923706055,31.663602828979492,1746300,0.0,0.007228144074235887,0.007228131295802687,0.007228144074235887,18c37477249a435de1958a8e2e5cfd68e25bfebd54f9c87f9544c4be1becf651,2026-10-07T15:19:18.442792+00:00
COLB,2026-07-13,31.979999542236328,31.594446182250977,2011000,0.0,-0.0021840778936205174,-0.0021841054254641,-0.0021840778936205174,18c37477249a435de1958a8e2e5cfd68e25bfebd54f9c87f9544c4be1becf651,2026-10-07T15:19:18.442792+00:00
COLB,2026-07-14,32.25,31.86119270324707,2074000,0.0,0.008442791170371278,0.00844282945987973,0.008442791170371278,18c37477249a435de1958a8e2e5cfd68e25bfebd54f9c87f9544c4be1becf651,2026-10-07T15:19:18.442792+00:00
COLB,2026-07-15,32.56999969482422,32.17733383178711,3430200,0.0,0.009922471157340018,0.00992245116134094,0.009922471157340018,18c37477249a435de1958a8e2e5cfd68e25bfebd54f9c87f9544c4be1becf651,2026-10-07T15:19:18.442792+00:00
COLB,2026-07-16,33.61000061035156,33.204795837402344,3500800,0.0,0.03193125346244985,0.03193123491792327,0.03193125346244985,18c37477249a435de1958a8e2e5cfd68e25bfebd54f9c87f9544c4be1becf651,2026-10-07T15:19:18.442792+00:00
COLB,2026-07-17,33.2400016784668,32.83926010131836,3224000,0.0,-0.011008596404809667,-0.01100852231930427,-0.011008596404809667,18c37477249a435de1958a8e2e5cfd68e25bfebd54f9c87f9544c4be1becf651,2026-10-07T15:19:18.442792+00:00
COLB,2026-07-20,32.79999923706055,32.40456008911133,2851800,0.0,-0.013237136558007068,-0.013237204823307813,-0.013237136558007068,18c37477249a435de1958a8e2e5cfd68e25bfebd54f9c87f9544c4be1becf651,2026-10-07T15:19:18.442792+00:00
COLB,2026-07-21,32.849998474121094,32.453956604003906,2551100,0.0,0.0015243670190105973,0.001524369247931201,0.0015243670190105973,18c37477249a435de1958a8e2e5cfd68e25bfebd54f9c87f9544c4be1becf651,2026-10-07T15:19:18.442792+00:00
COLB,2026-07-22,32.630001068115234,32.236610412597656,2549600,0.0,-0.006697029413233357,-0.006697062982435775,-0.006697029413233357,18c37477249a435de1958a8e2e5cfd68e25bfebd54f9c87f9544c4be1becf651,2026-10-07T15:19:18.442792+00:00
COLB,2026-07-23,32.2599983215332,31.871070861816406,4889100,0.0,-0.011339342153549148,-0.011339267562646804,-0.011339342153549148,18c37477249a435de1958a8e2e5cfd68e25bfebd54f9c87f9544c4be1becf651,2026-10-07T15:19:18.442792+00:00
COLB,2026-07-24,31.149999618530273,30.77445411682129,5851500,0.0,-0.034407897109592134,-0.0344079039499402,-0.034407897109592134,18c37477249a435de1958a8e2e5cfd68e25bfebd54f9c87f9544c4be1becf651,2026-10-07T15:19:18.442792+00:00
COLB,2026-07-27,30.899999618530273,30.527467727661133,2940800,0.0,-0.008025682281269764,-0.008025695215342687,-0.008025682281269764,18c37477249a435de1958a8e2e5cfd68e25bfebd54f9c87f9544c4be1becf651,2026-10-07T15:19:18.442792+00:00
COLB,2026-07-28,31.270000457763672,30.893007278442383,2873300,0.0,0.011974137339843649,0.01197411963685524,0.011974137339843649,18c37477249a435de1958a8e2e5cfd68e25bfebd54f9c87f9544c4be1becf651,2026-10-07T15:19:18.442792+00:00
COLB,2026-07-29,30.780000686645508,30.40891456604004,2677000,0.0,-0.01566996366949225,-0.015669976964015175,-0.01566996366949225,18c37477249a435de1958a8e2e5cfd68e25bfebd54f9c87f9544c4be1becf651,2026-10-07T15:19:18.442792+00:00
COLB,2026-07-30,31.25,30.873249053955078,4174100,0.0,0.015269632971724123,0.015269683069635054,0.015269632971724123,18c37477249a435de1958a8e2e5cfd68e25bfebd54f9c87f9544c4be1becf651,2026-10-07T15:19:18.442792+00:00
COLB,2026-07-31,31.270000457763672,30.893007278442383,2966200,0.0,0.000640014648437548,0.0006399787872268803,0.000640014648437548,18c37477249a435de1958a8e2e5cfd68e25bfebd54f9c87f9544c4be1becf651,2026-10-07T15:19:18.442792+00:00
COLB,2026-08-03,31.5,31.1202335357666,2583700,0.0,0.007355277865984888,0.007355265069411976,0.007355277865984888,18c37477249a435de1958a8e2e5cfd68e25bfebd54f9c87f9544c4be1becf651,2026-10-07T15:19:18.442792+00:00
COLB,2026-08-04,31.780000686645508,31.396860122680664,2329500,0.0,0.008888910687159024,0.008888962436484737,0.008888910687159024,18c37477249a435de1958a8e2e5cfd68e25bfebd54f9c87f9544c4be1becf651,2026-10-07T15:19:18.442792+00:00
COLB,2026-08-05,31.350000381469727,30.972043991088867,1925000,0.0,-0.013530531651513633,-0.01353052916539621,-0.013530531651513633,18c37477249a435de1958a8e2e5cfd68e25bfebd54f9c87f9544c4be1becf651,2026-10-07T15:19:18.442792+00:00
COLB,2026-08-06,31.030000686645508,30.655900955200195,1871200,0.0,-0.010207326664447569,-0.010207367520840172,-0.010207326664447569,18c37477249a435de1958a8e2e5cfd68e25bfebd54f9c87f9544c4be1becf651,2026-10-07T15:19:18.442792+00:00
COLB,2026-08-07,31.239999771118164,30.86336898803711,2881800,0.0,0.006767614560931445,0.0067676377588805625,0.006767614560931445,18c37477249a435de1958a8e2e5cfd68e25bfebd54f9c87f9544c4be1becf651,2026-10-07T15:19:18.442792+00:00
COLB,2026-08-10,31.260000228881836,30.883127212524414,2429600,0.0,0.0006402195233741192,0.0006401836589831067,0.0006402195233741192,18c37477249a435de1958a8e2e5cfd68e25bfebd54f9c87f9544c4be1becf651,2026-10-07T15:19:18.442792+00:00
COLB,2026-08-11,31.709999084472656,31.327701568603516,2056100,0.0,0.014395356759308475,0.014395380138148894,0.014395356759308475,18c37477249a435de1958a8e2e5cfd68e25bfebd54f9c87f9544c4be1becf651,2026-10-07T15:19:18.442792+00:00
COLB,2026-08-12,32.25,31.86119270324707,3109000,0.0,0.017029357651156873,0.01702937361923218,0.017029357651156873,18c37477249a435de1958a8e2e5cfd68e25bfebd54f9c87f9544c4be1becf651,2026-10-07T15:19:18.442792+00:00
COLB,2026-08-13,32.439998626708984,32.04890060424805,4270300,0.0,0.005891430285549948,0.0058914273156462915,0.005891430285549948,18c37477249a435de1958a8e2e5cfd68e25bfebd54f9c87f9544c4be1becf651,2026-10-07T15:19:18.442792+00:00
COLB,2026-08-14,32.689998626708984,32.2958869934082,2543400,0.0,0.007706535468043008,0.007706547947152309,0.007706535468043008,18c37477249a435de1958a8e2e5cfd68e25bfebd54f9c87f9544c4be1becf651,2026-10-07T15:19:18.442792+00:00
COLB,2026-08-17,32.34000015258789,31.95010757446289,2609400,0.0,-0.010706591888172579,-0.010706608523118999,-0.010706591888172579,18c37477249a435de1958a8e2e5cfd68e25bfebd54f9c87f9544c4be1becf651,2026-10-07T15:19:18.442792+00:00
COLB,2026-08-18,32.13999938964844,31.752517700195312,2956600,0.0,-0.006184315460599943,-0.006184325790048573,-0.006184315460599943,18c37477249a435de1958a8e2e5cfd68e25bfebd54f9c87f9544c4be1becf651,2026-10-07T15:19:18.442792+00:00
COLB,2026-08-19,31.06999969482422,30.695417404174805,5157400,0.0,-0.03329183930130508,-0.03329185754659092,-0.03329183930130508,18c37477249a435de1958a8e2e5cfd68e25bfebd54f9c87f9544c4be1becf651,2026-10-07T15:19:18.442792+00:00
COLB,2026-08-20,30.84000015258789,30.468191146850586,2771800,0.0,-0.0074026245412111,-0.00740261174273249,-0.0074026245412111,18c37477249a435de1958a8e2e5cfd68e25bfebd54f9c87f9544c4be1becf651,2026-10-07T15:19:18.442792+00:00
COLB,2026-08-21,30.809999465942383,30.438552856445312,1991400,0.0,-0.0009727849058713822,-0.0009727617324711835,-0.0009727849058713822,18c37477249a435de1958a8e2e5cfd68e25bfebd54f9c87f9544c4be1becf651,2026-10-07T15:19:18.442792+00:00
COLB,2026-08-24,30.639999389648438,30.270601272583008,2427600,0.0,-0.0055176916339081394,-0.0055177256505721806,-0.0055176916339081394,18c37477249a435de1958a8e2e5cfd68e25bfebd54f9c87f9544c4be1becf651,2026-10-07T15:19:18.442792+00:00
COLB,2026-08-25,30.530000686645508,30.161930084228516,2332600,0.0,-0.003590036070303948,-0.003589991073382426,-0.003590036070303948,18c37477249a435de1958a8e2e5cfd68e25bfebd54f9c87f9544c4be1becf651,2026-10-07T15:19:18.442792+00:00
COLB,2026-08-26,30.709999084472656,30.339757919311523,2523700,0.0,0.0058957875459819675,0.005895771079185375,0.0058957875459819675,18c37477249a435de1958a8e2e5cfd68e25bfebd54f9c87f9544c4be1becf651,2026-10-07T15:19:18.442792+00:00
COLB,2026-08-27,30.690000534057617,30.31999969482422,2207900,0.0,-0.0006512064803397832,-0.0006512321073837146,-0.0006512064803397832,18c37477249a435de1958a8e2e5cfd68e25bfebd54f9c87f9544c4be1becf651,2026-10-07T15:19:18.442792+00:00
COLB,2026-08-28,30.06999969482422,30.06999969482422,2649700,0.37,-0.02020204719597074,-0.008245382668743084,-0.00814600309165725,18c37477249a435de1958a8e2e5cfd68e25bfebd54f9c87f9544c4be1becf651,2026-10-07T15:19:18.442792+00:00
COLB,2026-08-31,29.639999389648438,29.639999389648438,2374700,0.0,-0.014299977038237044,-0.014299977038237044,-0.014299977038237044,18c37477249a435de1958a8e2e5cfd68e25bfebd54f9c87f9544c4be1becf651,2026-10-07T15:19:18.442792+00:00
COLB,2026-09-01,29.31999969482422,29.31999969482422,3954800,0.0,-0.01079621124877539,-0.01079621124877539,-0.01079621124877539,18c37477249a435de1958a8e2e5cfd68e25bfebd54f9c87f9544c4be1becf651,2026-10-07T15:19:18.442792+00:00
COLB,2026-09-02,30.079999923706055,30.079999923706055,3838600,0.0,0.025920881200281798,0.025920881200281798,0.025920881200281798,18c37477249a435de1958a8e2e5cfd68e25bfebd54f9c87f9544c4be1becf651,2026-10-07T15:19:18.442792+00:00
COLB,2026-09-03,30.450000762939453,30.450000762939453,2927400,0.0,0.012300559846138759,0.012300559846138759,0.012300559846138759,18c37477249a435de1958a8e2e5cfd68e25bfebd54f9c87f9544c4be1becf651,2026-10-07T15:19:18.442792+00:00
COLB,2026-09-04,30.799999237060547,30.799999237060547,2305100,0.0,0.011494202474604753,0.011494202474604753,0.011494202474604753,18c37477249a435de1958a8e2e5cfd68e25bfebd54f9c87f9544c4be1becf651,2026-10-07T15:19:18.442792+00:00
COLB,2026-09-08,30.270000457763672,30.270000457763672,3433200,0.0,-0.017207753000823,-0.017207753000823,-0.017207753000823,18c37477249a435de1958a8e2e5cfd68e25bfebd54f9c87f9544c4be1becf651,2026-10-07T15:19:18.442792+00:00
COLB,2026-09-09,29.84000015258789,29.84000015258789,2692700,0.0,-0.014205493844500205,-0.014205493844500205,-0.014205493844500205,18c37477249a435de1958a8e2e5cfd68e25bfebd54f9c87f9544c4be1becf651,2026-10-07T15:19:18.442792+00:00
COLB,2026-09-10,30.040000915527344,30.040000915527344,3492700,0.0,0.006702438402035549,0.006702438402035549,0.006702438402035549,18c37477249a435de1958a8e2e5cfd68e25bfebd54f9c87f9544c4be1becf651,2026-10-07T15:19:18.442792+00:00
COLB,2026-09-11,30.110000610351562,30.110000610351562,2587000,0.0,0.0023302161348481842,0.0023302161348481842,0.0023302161348481842,18c37477249a435de1958a8e2e5cfd68e25bfebd54f9c87f9544c4be1becf651,2026-10-07T15:19:18.442792+00:00
COLB,2026-09-14,30.110000610351562,30.110000610351562,2897300,0.0,0.0,0.0,0.0,18c37477249a435de1958a8e2e5cfd68e25bfebd54f9c87f9544c4be1becf651,2026-10-07T15:19:18.442792+00:00
COLB,2026-09-15,30.149999618530273,30.149999618530273,2407100,0.0,0.0013284293380240175,0.0013284293380240175,0.0013284293380240175,18c37477249a435de1958a8e2e5cfd68e25bfebd54f9c87f9544c4be1becf651,2026-10-07T15:19:18.442792+00:00
COLB,2026-09-16,29.719999313354492,29.719999313354492,2829800,0.0,-0.014262033519612416,-0.014262033519612416,-0.014262033519612416,18c37477249a435de1958a8e2e5cfd68e25bfebd54f9c87f9544c4be1becf651,2026-10-07T15:19:18.442792+00:00
COLB,2026-09-17,29.950000762939453,29.950000762939453,2194800,0.0,0.007738945319612167,0.007738945319612167,0.007738945319612167,18c37477249a435de1958a8e2e5cfd68e25bfebd54f9c87f9544c4be1becf651,2026-10-07T15:19:18.442792+00:00
COLB,2026-09-18,29.93000030517578,29.93000030517578,6480500,0.0,-0.0006677948999728178,-0.0006677948999728178,-0.0006677948999728178,18c37477249a435de1958a8e2e5cfd68e25bfebd54f9c87f9544c4be1becf651,2026-10-07T15:19:18.442792+00:00
COLB,2026-09-21,29.899999618530273,29.899999618530273,2186300,0.0,-0.001002361722005074,-0.001002361722005074,-0.001002361722005074,18c37477249a435de1958a8e2e5cfd68e25bfebd54f9c87f9544c4be1becf651,2026-10-07T15:19:18.442792+00:00
COLB,2026-09-22,29.34000015258789,29.34000015258789,2580600,0.0,-0.018729079367456825,-0.018729079367456825,-0.018729079367456825,18c37477249a435de1958a8e2e5cfd68e25bfebd54f9c87f9544c4be1becf651,2026-10-07T15:19:18.442792+00:00
COLB,2026-09-23,28.850000381469727,28.850000381469727,2600900,0.0,-0.016700741941712116,-0.016700741941712116,-0.016700741941712116,18c37477249a435de1958a8e2e5cfd68e25bfebd54f9c87f9544c4be1becf651,2026-10-07T15:19:18.442792+00:00
COLB,2026-09-24,29.18000030517578,29.18000030517578,2930200,0.0,0.011438472074267736,0.011438472074267736,0.011438472074267736,18c37477249a435de1958a8e2e5cfd68e25bfebd54f9c87f9544c4be1becf651,2026-10-07T15:19:18.442792+00:00
COLB,2026-09-25,29.639999389648438,29.639999389648438,1847800,0.0,0.015764190529876876,0.015764190529876876,0.015764190529876876,18c37477249a435de1958a8e2e5cfd68e25bfebd54f9c87f9544c4be1becf651,2026-10-07T15:19:18.442792+00:00
COLB,2026-09-28,29.059999465942383,29.059999465942383,2046000,0.0,-0.01956814897602921,-0.01956814897602921,-0.01956814897602921,18c37477249a435de1958a8e2e5cfd68e25bfebd54f9c87f9544c4be1becf651,2026-10-07T15:19:18.442792+00:00
COLB,2026-09-29,28.690000534057617,28.690000534057617,3575300,0.0,-0.012732241523899401,-0.012732241523899401,-0.012732241523899401,18c37477249a435de1958a8e2e5cfd68e25bfebd54f9c87f9544c4be1becf651,2026-10-07T15:19:18.442792+00:00
COLB,2026-09-30,28.600000381469727,28.600000381469727,2446900,0.0,-0.0031369867867744317,-0.0031369867867744317,-0.0031369867867744317,18c37477249a435de1958a8e2e5cfd68e25bfebd54f9c87f9544c4be1becf651,2026-10-07T15:19:18.442792+00:00
COLB,2026-10-01,28.729999542236328,28.729999542236328,3302100,0.0,0.00454542514100198,0.00454542514100198,0.00454542514100198,18c37477249a435de1958a8e2e5cfd68e25bfebd54f9c87f9544c4be1becf651,2026-10-07T15:19:18.442792+00:00
COLB,2026-10-02,28.920000076293945,28.920000076293945,2376600,0.0,0.006613314900276723,0.006613314900276723,0.006613314900276723,18c37477249a435de1958a8e2e5cfd68e25bfebd54f9c87f9544c4be1becf651,2026-10-07T15:19:18.442792+00:00
COLB,2026-10-05,28.84000015258789,28.84000015258789,2597800,0.0,-0.0027662490835064224,-0.0027662490835064224,-0.0027662490835064224,18c37477249a435de1958a8e2e5cfd68e25bfebd54f9c87f9544c4be1becf651,2026-10-07T15:19:18.442792+00:00
COLB,2026-10-06,28.889999389648438,28.889999389648438,2431200,0.0,0.0017336767266300512,0.0017336767266300512,0.0017336767266300512,18c37477249a435de1958a8e2e5cfd68e25bfebd54f9c87f9544c4be1becf651,2026-10-07T15:19:18.442792+00:00
HPP,2024-01-02,66.5,65.30748748779297,439629,0.0,,,,f5bf385e8dd544b45f7196d57daca15b633d93e9995d983fc9875e7b7520fe7e,2026-10-07T15:19:18.892844+00:00
HPP,2024-01-03,64.33000183105469,63.17640686035156,544286,0.0,-0.03263155141271146,-0.032631490039174094,-0.03263155141271146,f5bf385e8dd544b45f7196d57daca15b633d93e9995d983fc9875e7b7520fe7e,2026-10-07T15:19:18.892844+00:00
HPP,2024-01-04,67.4800033569336,66.2699203491211,543100,0.0,0.04896629000806696,0.04896627780062879,0.04896629000806696,f5bf385e8dd544b45f7196d57daca15b633d93e9995d983fc9875e7b7520fe7e,2026-10-07T15:19:18.892844+00:00
HPP,2024-01-05,67.69000244140625,66.47615051269531,472543,0.0,0.0031120194728189166,0.0031119724075079347,0.0031120194728189166,f5bf385e8dd544b45f7196d57daca15b633d93e9995d983fc9875e7b7520fe7e,2026-10-07T15:19:18.892844+00:00
HPP,2024-01-08,66.91999816894531,65.71995544433594,550700,0.0,-0.011375450505079598,-0.011375434084664127,-0.011375450505079598,f5bf385e8dd544b45f7196d57daca15b633d93e9995d983fc9875e7b7520fe7e,2026-10-07T15:19:18.892844+00:00
HPP,2024-01-09,64.4000015258789,63.245147705078125,587929,0.0,-0.037656854632668324,-0.03765686879313157,-0.037656854632668324,f5bf385e8dd544b45f7196d57daca15b633d93e9995d983fc9875e7b7520fe7e,2026-10-07T15:19:18.892844+00:00
HPP,2024-01-10,65.58999633789062,64.41380310058594,314129,0.0,0.018478179872923217,0.01847818272094859,0.018478179872923217,f5bf385e8dd544b45f7196d57daca15b633d93e9995d983fc9875e7b7520fe7e,2026-10-07T15:19:18.892844+00:00
HPP,2024-01-11,62.29999923706055,61.18280792236328,606486,0.0,-0.0501600439780705,-0.050159981598622116,-0.0501600439780705,f5bf385e8dd544b45f7196d57daca15b633d93e9995d983fc9875e7b7520fe7e,2026-10-07T15:19:18.892844+00:00
HPP,2024-01-12,61.529998779296875,60.426612854003906,486429,0.0,-0.012359558060887066,-0.012359600581243857,-0.012359558060887066,f5bf385e8dd544b45f7196d57daca15b633d93e9995d983fc9875e7b7520fe7e,2026-10-07T15:19:18.892844+00:00
HPP,2024-01-16,60.27000045776367,59.189208984375,381457,0.0,-0.020477788827084398,-0.02047779630836799,-0.020477788827084398,f5bf385e8dd544b45f7196d57daca15b633d93e9995d983fc9875e7b7520fe7e,2026-10-07T15:19:18.892844+00:00
HPP,2024-01-17,58.029998779296875,56.989376068115234,868957,0.0,-0.03716611351341459,-0.037166114465906896,-0.03716611351341459,f5bf385e8dd544b45f7196d57daca15b633d93e9995d983fc9875e7b7520fe7e,2026-10-07T15:19:18.892844+00:00
HPP,2024-01-18,57.959999084472656,56.920631408691406,377957,0.0,-0.0012062673840550486,-0.00120627148719199,-0.0012062673840550486,f5bf385e8dd544b45f7196d57daca15b633d93e9995d983fc9875e7b7520fe7e,2026-10-07T15:19:18.892844+00:00
HPP,2024-01-19,60.54999923706055,59.46418762207031,251286,0.0,0.04468599367665882,0.04468601542938133,0.04468599367665882,f5bf385e8dd544b45f7196d57daca15b633d93e9995d983fc9875e7b7520fe7e,2026-10-07T15:19:18.892844+00:00
HPP,2024-01-22,62.5099983215332,61.3890380859375,221214,0.0,0.03236992748421064,0.032369911047986255,0.03236992748421064,f5bf385e8dd544b45f7196d57daca15b633d93e9995d983fc9875e7b7520fe7e,2026-10-07T15:19:18.892844+00:00
HPP,2024-01-23,61.599998474121094,60.49535369873047,253986,0.0,-0.014557668722551154,-0.014557719343247899,-0.014557668722551154,f5bf385e8dd544b45f7196d57daca15b633d93e9995d983fc9875e7b7520fe7e,2026-10-07T15:19:18.892844+00:00
HPP,2024-01-24,60.40999984741211,59.326698303222656,217800,0.0,-0.019318160003022,-0.01931810170625281,-0.019318160003022,f5bf385e8dd544b45f7196d57daca15b633d93e9995d983fc9875e7b7520fe7e,2026-10-07T15:19:18.892844+00:00
HPP,2024-01-25,61.599998474121094,60.49535369873047,252200,0.0,0.019698702693507153,0.019698642077378592,0.019698702693507153,f5bf385e8dd544b45f7196d57daca15b633d93e9995d983fc9875e7b7520fe7e,2026-10-07T15:19:18.892844+00:00
HPP,2024-01-26,61.25,60.151634216308594,168729,0.0,-0.005681793551799097,-0.0056817501081755095,-0.005681793551799097,f5bf385e8dd544b45f7196d57daca15b633d93e9995d983fc9875e7b7520fe7e,2026-10-07T15:19:18.892844+00:00
HPP,2024-01-29,62.650001525878906,61.52653121948242,222157,0.0,0.02285716776945157,0.022857184531838604,0.02285716776945157,f5bf385e8dd544b45f7196d57daca15b633d93e9995d983fc9875e7b7520fe7e,2026-10-07T15:19:18.892844+00:00
HPP,2024-01-30,61.25,60.151634216308594,186771,0.0,-0.02234639252643289,-0.022346408548032493,-0.02234639252643289,f5bf385e8dd544b45f7196d57daca15b633d93e9995d983fc9875e7b7520fe7e,2026-10-07T15:19:18.892844+00:00
HPP,2024-01-31,57.33000183105469,56.30193328857422,671700,0.0,-0.06399997010522962,-0.06399993911870516,-0.06399997010522962,f5bf385e8dd544b45f7196d57daca15b633d93e9995d983fc9875e7b7520fe7e,2026-10-07T15:19:18.892844+00:00
HPP,2024-02-01,55.93000030517578,54.92703628540039,672757,0.0,-0.024420050255790304,-0.024420067355890307,-0.024420050255790304,f5bf385e8dd544b45f7196d57daca15b633d93e9995d983fc9875e7b7520fe7e,2026-10-07T15:19:18.892844+00:00
HPP,2024-02-02,55.93000030517578,54.92703628540039,383457,0.0,0.0,0.0,0.0,f5bf385e8dd544b45f7196d57daca15b633d93e9995d983fc9875e7b7520fe7e,2026-10-07T15:19:18.892844+00:00
HPP,2024-02-05,53.900001525878906,52.933441162109375,271000,0.0,-0.03629534718792082,-0.03629533392139184,-0.03629534718792082,f5bf385e8dd544b45f7196d57daca15b633d93e9995d983fc9875e7b7520fe7e,2026-10-07T15:19:18.892844+00:00
HPP,2024-02-06,52.91999816894531,51.971012115478516,363343,0.0,-0.018181879947871016,-0.018181871903687696,-0.018181879947871016,f5bf385e8dd544b45f7196d57daca15b633d93e9995d983fc9875e7b7520fe7e,2026-10-07T15:19:18.892844+00:00
HPP,2024-02-07,52.36000061035156,51.42105484008789,345543,0.0,-0.010581964814246114,-0.010582000484590015,-0.010581964814246114,f5bf385e8dd544b45f7196d57daca15b633d93e9995d983fc9875e7b7520fe7e,2026-10-07T15:19:18.892844+00:00
HPP,2024-02-08,53.83000183105469,52.86469650268555,359471,0.0,0.028074889296554106,0.028074913419943837,0.028074889296554106,f5bf385e8dd544b45f7196d57daca15b633d93e9995d983fc9875e7b7520fe7e,2026-10-07T15:19:18.892844+00:00
HPP,2024-02-09,53.83000183105469,52.86469650268555,518457,0.0,0.0,0.0,0.0,f5bf385e8dd544b45f7196d57daca15b633d93e9995d983fc9875e7b7520fe7e,2026-10-07T15:19:18.892844+00:00
HPP,2024-02-12,56.279998779296875,55.27075958251953,330257,0.0,0.045513595855550815,0.04551360811674687,0.045513595855550815,f5bf385e8dd544b45f7196d57daca15b633d93e9995d983fc9875e7b7520fe7e,2026-10-07T15:19:18.892844+00:00
HPP,2024-02-13,46.970001220703125,46.12771224975586,1264429,0.0,-0.16542284578048927,-0.1654228637678311,-0.16542284578048927,f5bf385e8dd544b45f7196d57daca15b633d93e9995d983fc9875e7b7520fe7e,2026-10-07T15:19:18.892844+00:00
HPP,2024-02-14,47.040000915527344,46.19645690917969,545714,0.0,0.0014903064297422386,0.0014903114867612643,0.0014903064297422386,f5bf385e8dd544b45f7196d57daca15b633d93e9995d983fc9875e7b7520fe7e,2026-10-07T15:19:18.892844+00:00
HPP,2024-02-15,50.61000061035156,49.70243835449219,617600,0.0,0.07589284917819383,0.0758928645156729,0.07589284917819383,f5bf385e8dd544b45f7196d57daca15b633d93e9995d983fc9875e7b7520fe7e,2026-10-07T15:19:18.892844+00:00
HPP,2024-02-16,50.75,49.83992385864258,440586,0.0,0.0027662396356462615,0.0027661722181475668,0.0027662396356462615,f5bf385e8dd544b45f7196d57daca15b633d93e9995d983fc9875e7b7520fe7e,2026-10-07T15:19:18.892844+00:00
HPP,2024-02-20,46.970001220703125,46.12771224975586,541671,0.0,-0.07448273456742616,-0.07448269021067122,-0.07448273456742616,f5bf385e8dd544b45f7196d57daca15b633d93e9995d983fc9875e7b7520fe7e,2026-10-07T15:19:18.892844+00:00
HPP,2024-02-21,46.83000183105469,45.9902229309082,329043,0.0,-0.0029806128594846992,-0.0029806229735224177,-0.0029806128594846992,f5bf385e8dd544b45f7196d57daca15b633d93e9995d983fc9875e7b7520fe7e,2026-10-07T15:19:18.892844+00:00
HPP,2024-02-22,45.5,44.68407440185547,349857,0.0,-0.028400635896894566,-0.028400569638790008,-0.028400635896894566,f5bf385e8dd544b45f7196d57daca15b633d93e9995d983fc9875e7b7520fe7e,2026-10-07T15:19:18.892844+00:00
HPP,2024-02-23,45.709999084472656,44.89030456542969,311629,0.0,0.004615364493904428,0.0046152945167787784,0.004615364493904428,f5bf385e8dd544b45f7196d57daca15b633d93e9995d983fc9875e7b7520fe7e,2026-10-07T15:19:18.892844+00:00
HPP,2024-02-26,44.79999923706055,43.99662399291992,254857,0.0,-0.01990811344647847,-0.019908097776596412,-0.01990811344647847,f5bf385e8dd544b45f7196d57daca15b633d93e9995d983fc9875e7b7520fe7e,2026-10-07T15:19:18.892844+00:00
HPP,2024-02-27,45.5,44.68407440185547,291414,0.0,0.015625017295990862,0.015625071802013224,0.015625017295990862,f5bf385e8dd544b45f7196d57daca15b633d93e9995d983fc9875e7b7520fe7e,2026-10-07T15:19:18.892844+00:00
HPP,2024-02-28,44.59000015258789,43.79039001464844,374357,0.0,-0.019999996646419937,-0.0200000648815033,-0.019999996646419937,f5bf385e8dd544b45f7196d57daca15b633d93e9995d983fc9875e7b7520fe7e,2026-10-07T15:19:18.892844+00:00
HPP,2024-02-29,44.380001068115234,43.58415603637695,863943,0.0,-0.00470955558990882,-0.004709571625246878,-0.00470955558990882,f5bf385e8dd544b45f7196d57daca15b633d93e9995d983fc9875e7b7520fe7e,2026-10-07T15:19:18.892844+00:00
HPP,2024-03-01,43.75,42.9654541015625,427971,0.0,-0.014195607322052495,-0.014195569929082996,-0.014195607322052495,f5bf385e8dd544b45f7196d57daca15b633d93e9995d983fc9875e7b7520fe7e,2026-10-07T15:19:18.892844+00:00
HPP,2024-03-04,46.47999954223633,45.6464958190918,346000,0.0,0.06239998953683035,0.06239993905782537,0.06239998953683035,f5bf385e8dd544b45f7196d57daca15b633d93e9995d983fc9875e7b7520fe7e,2026-10-07T15:19:18.892844+00:00
HPP,2024-03-05,46.130001068115234,45.30277633666992,196200,0.0,-0.007530087727368628,-0.007530029989248677,-0.007530087727368628,f5bf385e8dd544b45f7196d57daca15b633d93e9995d983fc9875e7b7520fe7e,2026-10-07T15:19:18.892844+00:00
HPP,2024-03-06,46.47999954223633,45.6464958190918,368271,0.0,0.007587220160786279,0.007587161543202159,0.007587220160786279,f5bf385e8dd544b45f7196d57daca15b633d93e9995d983fc9875e7b7520fe7e,2026-10-07T15:19:18.892844+00:00
HPP,2024-03-07,46.7599983215332,45.92147445678711,508229,0.0,0.0060240701818949915,0.006024090847742691,0.0060240701818949915,f5bf385e8dd544b45f7196d57daca15b633d93e9995d983fc9875e7b7520fe7e,2026-10-07T15:19:18.892844+00:00
HPP,2024-03-08,47.95000076293945,47.09013748168945,373671,0.0,0.025449154921338923,0.02544916161178734,0.025449154921338923,f5bf385e8dd544b45f7196d57daca15b633d93e9995d983fc9875e7b7520fe7e,2026-10-07T15:19:18.892844+00:00
HPP,2024-03-11,46.7599983215332,45.92147445678711,179286,0.0,-0.02481756876896657,-0.024817575131454328,-0.02481756876896657,f5bf385e8dd544b45f7196d57daca15b633d93e9995d983fc9875e7b7520fe7e,2026-10-07T15:19:18.892844+00:00
HPP,2024-03-12,46.060001373291016,45.234031677246094,245514,0.0,-0.0149699951533111,-0.014969963131038155,-0.0149699951533111,f5bf385e8dd544b45f7196d57daca15b633d93e9995d983fc9875e7b7520fe7e,2026-10-07T15:19:18.892844+00:00
HPP,2024-03-13,46.7599983215332,45.92147445678711,205943,0.0,0.015197501679800052,0.015197468676815262,0.015197501679800052,f5bf385e8dd544b45f7196d57daca15b633d93e9995d983fc9875e7b7520fe7e,2026-10-07T15:19:18.892844+00:00
HPP,2024-03-14,44.2400016784668,43.44667053222656,277429,0.0,-0.053892145712630124,-0.05389208325375916,-0.053892145712630124,f5bf385e8dd544b45f7196d57daca15b633d93e9995d983fc9875e7b7520fe7e,2026-10-07T15:19:18.892844+00:00
HPP,2024-03-15,44.65999984741211,44.20888900756836,441086,0.35,0.009493629136766879,0.017543771847290834,0.01740502124167187,f5bf385e8dd544b45f7196d57daca15b633d93e9995d983fc9875e7b7520fe7e,2026-10-07T15:19:18.892844+00:00
HPP,2024-03-18,45.0099983215332,44.55535125732422,282586,0.0,0.007836956455819832,0.0078369363612949,0.007836956455819832,f5bf385e8dd544b45f7196d57daca15b633d93e9995d983fc9875e7b7520fe7e,2026-10-07T15:19:18.892844+00:00
HPP,2024-03-19,43.75,43.30807876586914,285671,0.0,-0.027993742913125286,-0.0279937752987649,-0.027993742913125286,f5bf385e8dd544b45f7196d57daca15b633d93e9995d983fc9875e7b7520fe7e,2026-10-07T15:19:18.892844+00:00
HPP,2024-03-20,45.779998779296875,45.31757354736328,306529,0.0,0.046399972098214226,0.04639999830881014,0.046399972098214226,f5bf385e8dd544b45f7196d57daca15b633d93e9995d983fc9875e7b7520fe7e,2026-10-07T15:19:18.892844+00:00
HPP,2024-03-21,47.459999084472656,46.98060607910156,312571,0.0,0.036697255351075375,0.03669729867597993,0.036697255351075375,f5bf385e8dd544b45f7196d57daca15b633d93e9995d983fc9875e7b7520fe7e,2026-10-07T15:19:18.892844+00:00
HPP,2024-03-22,44.45000076293945,44.00101089477539,153986,0.0,-0.06342179476606802,-0.06342181238167521,-0.06342179476606802,f5bf385e8dd544b45f7196d57daca15b633d93e9995d983fc9875e7b7520fe7e,2026-10-07T15:19:18.892844+00:00
HPP,2024-03-25,44.099998474121094,43.654544830322266,231829,0.0,-0.007874067104857607,-0.007874047832257092,-0.007874067104857607,f5bf385e8dd544b45f7196d57daca15b633d93e9995d983fc9875e7b7520fe7e,2026-10-07T15:19:18.892844+00:00
HPP,2024-03-26,42.77000045776367,42.33797836303711,186886,0.0,-0.03015868622167628,-0.030158749161225407,-0.03015868622167628,f5bf385e8dd544b45f7196d57daca15b633d93e9995d983fc9875e7b7520fe7e,2026-10-07T15:19:18.892844+00:00
HPP,2024-03-27,44.72999954223633,44.27817916870117,339757,0.0,0.0458264920153133,0.045826486778073106,0.0458264920153133,f5bf385e8dd544b45f7196d57daca15b633d93e9995d983fc9875e7b7520fe7e,2026-10-07T15:19:18.892844+00:00
HPP,2024-03-28,45.150001525878906,44.693939208984375,246343,0.0,0.009389715804624332,0.00938972758340273,0.009389715804624332,f5bf385e8dd544b45f7196d57daca15b633d93e9995d983fc9875e7b7520fe7e,2026-10-07T15:19:18.892844+00:00
HPP,2024-04-01,44.45000076293945,44.00101089477539,315414,0.0,-0.015503892342910053,-0.015503854134873207,-0.015503892342910053,f5bf385e8dd544b45f7196d57daca15b633d93e9995d983fc9875e7b7520fe7e,2026-10-07T15:19:18.892844+00:00
HPP,2024-04-02,43.33000183105469,42.89232635498047,254286,0.0,-0.025196825931633637,-0.02519679701101063,-0.025196825931633637,f5bf385e8dd544b45f7196d57daca15b633d93e9995d983fc9875e7b7520fe7e,2026-10-07T15:19:18.892844+00:00
HPP,2024-04-03,44.59000015258789,44.13959503173828,250471,0.0,0.029079119969714906,0.029079063383862902,0.029079119969714906,f5bf385e8dd544b45f7196d57daca15b633d93e9995d983fc9875e7b7520fe7e,2026-10-07T15:19:18.892844+00:00
HPP,2024-04-04,43.540000915527344,43.10020065307617,230514,0.0,-0.023547863500054445,-0.02354789113753175,-0.023547863500054445,f5bf385e8dd544b45f7196d57daca15b633d93e9995d983fc9875e7b7520fe7e,2026-10-07T15:19:18.892844+00:00
HPP,2024-04-05,43.959999084472656,43.51595687866211,282614,0.0,0.009646259993429052,0.009646271230439485,0.009646259993429052,f5bf385e8dd544b45f7196d57daca15b633d93e9995d983fc9875e7b7520fe7e,2026-10-07T15:19:18.892844+00:00
HPP,2024-04-08,45.150001525878906,44.693939208984375,240171,0.0,0.02707011979503382,0.027070123578045058,0.02707011979503382,f5bf385e8dd544b45f7196d57daca15b633d93e9995d983fc9875e7b7520fe7e,2026-10-07T15:19:18.892844+00:00
HPP,2024-04-09,46.83000183105469,46.356971740722656,307986,0.0,0.037209307827217764,0.03720935234556322,0.037209307827217764,f5bf385e8dd544b45f7196d57daca15b633d93e9995d983fc9875e7b7520fe7e,2026-10-07T15:19:18.892844+00:00
HPP,2024-04-10,42.349998474121094,41.92222213745117,637014,0.0,-0.09566523984124087,-0.0956652135966799,-0.09566523984124087,f5bf385e8dd544b45f7196d57daca15b633d93e9995d983fc9875e7b7520fe7e,2026-10-07T15:19:18.892844+00:00
HPP,2024-04-11,44.310001373291016,43.8624267578125,249643,0.0,0.04628106186043013,0.04628105385253534,0.04628106186043013,f5bf385e8dd544b45f7196d57daca15b633d93e9995d983fc9875e7b7520fe7e,2026-10-07T15:19:18.892844+00:00
HPP,2024-04-12,42.84000015258789,42.40727233886719,294071,0.0,-0.03317538197119552,-0.03317541975002858,-0.03317538197119552,f5bf385e8dd544b45f7196d57daca15b633d93e9995d983fc9875e7b7520fe7e,2026-10-07T15:19:18.892844+00:00
HPP,2024-04-15,40.599998474121094,40.18989562988281,293400,0.0,-0.05228762069300508,-0.05228765225138288,-0.05228762069300508,f5bf385e8dd544b45f7196d57daca15b633d93e9995d983fc9875e7b7520fe7e,2026-10-07T15:19:18.892844+00:00
HPP,2024-04-16,40.040000915527344,39.635555267333984,293214,0.0,-0.013793043833504104,-0.013793028169415189,-0.013793043833504104,f5bf385e8dd544b45f7196d57daca15b633d93e9995d983fc9875e7b7520fe7e,2026-10-07T15:19:18.892844+00:00
HPP,2024-04-17,40.529998779296875,40.12060546875,170086,0.0,0.012237708605533859,0.012237754666093226,0.012237708605533859,f5bf385e8dd544b45f7196d57daca15b633d93e9995d983fc9875e7b7520fe7e,2026-10-07T15:19:18.892844+00:00
HPP,2024-04-18,40.7400016784668,40.328487396240234,220029,0.0,0.005181418837771901,0.005181425481032509,0.005181418837771901,f5bf385e8dd544b45f7196d57daca15b633d93e9995d983fc9875e7b7520fe7e,2026-10-07T15:19:18.892844+00:00
HPP,2024-04-19,41.5099983215332,41.09070587158203,245243,0.0,0.01890026046497173,0.01890024953955649,0.01890026046497173,f5bf385e8dd544b45f7196d57daca15b633d93e9995d983fc9875e7b7520fe7e,2026-10-07T15:19:18.892844+00:00
HPP,2024-04-22,41.29999923706055,40.88282775878906,226671,0.0,-0.005059000071404918,-0.005059005640901781,-0.005059000071404918,f5bf385e8dd544b45f7196d57daca15b633d93e9995d983fc9875e7b7520fe7e,2026-10-07T15:19:18.892844+00:00
HPP,2024-04-23,41.86000061035156,41.437171936035156,249057,0.0,0.01355935553598031,0.01355934037921136,0.01355935553598031,f5bf385e8dd544b45f7196d57daca15b633d93e9995d983fc9875e7b7520fe7e,2026-10-07T15:19:18.892844+00:00
HPP,2024-04-24,41.650001525878906,41.22929382324219,251857,0.0,-0.0050167004637052814,-0.005016706089736589,-0.0050167004637052814,f5bf385e8dd544b45f7196d57daca15b633d93e9995d983fc9875e7b7520fe7e,2026-10-07T15:19:18.892844+00:00
HPP,2024-04-25,39.7599983215332,39.35838317871094,429014,0.0,-0.045378226533109856,-0.045378187959080774,-0.045378226533109856,f5bf385e8dd544b45f7196d57daca15b633d93e9995d983fc9875e7b7520fe7e,2026-10-07T15:19:18.892844+00:00
HPP,2024-04-26,40.040000915527344,39.635555267333984,258400,0.0,0.007042319059719304,0.007042263076826982,0.007042319059719304,f5bf385e8dd544b45f7196d57daca15b633d93e9995d983fc9875e7b7520fe7e,2026-10-07T15:19:18.892844+00:00
HPP,2024-04-29,41.5099983215332,41.09070587158203,482186,0.0,0.03671322108875885,0.0367132639982799,0.03671322108875885,f5bf385e8dd544b45f7196d57daca15b633d93e9995d983fc9875e7b7520fe7e,2026-10-07T15:19:18.892844+00:00
HPP,2024-04-30,40.599998474121094,40.18989562988281,372500,0.0,-0.02192242554103041,-0.021922481558590334,-0.02192242554103041,f5bf385e8dd544b45f7196d57daca15b633d93e9995d983fc9875e7b7520fe7e,2026-10-07T15:19:18.892844+00:00
HPP,2024-05-01,39.83000183105469,39.427677154541016,641100,0.0,-0.018965435271068087,-0.01896542559754888,-0.018965435271068087,f5bf385e8dd544b45f7196d57daca15b633d93e9995d983fc9875e7b7520fe7e,2026-10-07T15:19:18.892844+00:00
HPP,2024-05-02,38.08000183105469,37.69535446166992,794029,0.0,-0.04393672908735746,-0.04393671699403112,-0.04393672908735746,f5bf385e8dd544b45f7196d57daca15b633d93e9995d983fc9875e7b7520fe7e,2026-10-07T15:19:18.892844+00:00
HPP,2024-05-03,38.56999969482422,38.18040466308594,420557,0.0,0.012867590341603785,0.012867638687659388,0.012867590341603785,f5bf385e8dd544b45f7196d57daca15b633d93e9995d983fc9875e7b7520fe7e,2026-10-07T15:19:18.892844+00:00
HPP,2024-05-06,38.0099983215332,37.62605667114258,269143,0.0,-0.014519091981381682,-0.014519175394684058,-0.014519091981381682,f5bf385e8dd544b45f7196d57daca15b633d93e9995d983fc9875e7b7520fe7e,2026-10-07T15:19:18.892844+00:00
HPP,2024-05-07,36.540000915527344,36.1709098815918,268086,0.0,-0.03867396661191336,-0.038673911599851785,-0.03867396661191336,f5bf385e8dd544b45f7196d57daca15b633d93e9995d983fc9875e7b7520fe7e,2026-10-07T15:19:18.892844+00:00
HPP,2024-05-08,36.119998931884766,35.755149841308594,243143,0.0,-0.011494306872447346,-0.011494320757874932,-0.011494306872447346,f5bf385e8dd544b45f7196d57daca15b633d93e9995d983fc9875e7b7520fe7e,2026-10-07T15:19:18.892844+00:00
HPP,2024-05-09,38.0099983215332,37.62605667114258,218186,0.0,0.052325566044799876,0.05232552060717399,0.052325566044799876,f5bf385e8dd544b45f7196d57daca15b633d93e9995d983fc9875e7b7520fe7e,2026-10-07T15:19:18.892844+00:00
HPP,2024-05-10,38.0099983215332,37.62605667114258,243757,0.0,0.0,0.0,0.0,f5bf385e8dd544b45f7196d57daca15b633d93e9995d983fc9875e7b7520fe7e,2026-10-07T15:19:18.892844+00:00
HPP,2024-05-13,38.709999084472656,38.31898880004883,188814,0.0,0.01841622714681601,0.01841628356015579,0.01841622714681601,f5bf385e8dd544b45f7196d57daca15b633d93e9995d983fc9875e7b7520fe7e,2026-10-07T15:19:18.892844+00:00
HPP,2024-05-14,40.810001373291016,40.39777755737305,293929,0.0,0.05424960833080239,0.054249572403162416,0.05424960833080239,f5bf385e8dd544b45f7196d57daca15b633d93e9995d983fc9875e7b7520fe7e,2026-10-07T15:19:18.892844+00:00
HPP,2024-05-15,39.7599983215332,39.35838317871094,314300,0.0,-0.025729061906991535,-0.025728999007085473,-0.025729061906991535,f5bf385e8dd544b45f7196d57daca15b633d93e9995d983fc9875e7b7520fe7e,2026-10-07T15:19:18.892844+00:00
HPP,2024-05-16,39.34000015258789,38.942626953125,237986,0.0,-0.010563334674937641,-0.01056334615418908,-0.010563334674937641,f5bf385e8dd544b45f7196d57daca15b633d93e9995d983fc9875e7b7520fe7e,2026-10-07T15:19:18.892844+00:00
HPP,2024-05-17,37.52000045776367,37.14101028442383,334457,0.0,-0.04626333725889664,-0.04626335739676135,-0.04626333725889664,f5bf385e8dd544b45f7196d57daca15b633d93e9995d983fc9875e7b7520fe7e,2026-10-07T15:19:18.892844+00:00
HPP,2024-05-20,36.470001220703125,36.10161590576172,260371,0.0,-0.02798505395122619,-0.02798508631570562,-0.02798505395122619,f5bf385e8dd544b45f7196d57daca15b633d93e9995d983fc9875e7b7520fe7e,2026-10-07T15:19:18.892844+00:00
HPP,2024-05-21,36.68000030517578,36.30949401855469,246800,0.0,0.0057581320933284275,0.005758138730842521,0.0057581320933284275,f5bf385e8dd544b45f7196d57daca15b633d93e9995d983fc9875e7b7520fe7e,2026-10-07T15:19:18.892844+00:00
HPP,2024-05-22,35.77000045776367,35.408687591552734,209086,0.0,-0.024809155938957383,-0.024809115393941483,-0.024809155938957383,f5bf385e8dd544b45f7196d57daca15b633d93e9995d983fc9875e7b7520fe7e,2026-10-07T15:19:18.892844+00:00
HPP,2024-05-23,34.15999984741211,33.81494903564453,386257,0.0,-0.045009801223028,-0.045009817203403246,-0.045009801223028,f5bf385e8dd544b45f7196d57daca15b633d93e9995d983fc9875e7b7520fe7e,2026-10-07T15:19:18.892844+00:00
HPP,2024-05-24,32.900001525878906,32.56767654418945,457700,0.0,-0.03688519693095538,-0.03688523942887867,-0.03688519693095538,f5bf385e8dd544b45f7196d57daca15b633d93e9995d983fc9875e7b7520fe7e,2026-10-07T15:19:18.892844+00:00
HPP,2024-05-28,31.43000030517578,31.112525939941406,373671,0.0,-0.044680886095000094,-0.044680823400884195,-0.044680886095000094,f5bf385e8dd544b45f7196d57daca15b633d93e9995d983fc9875e7b7520fe7e,2026-10-07T15:19:18.892844+00:00
HPP,2024-05-29,31.290000915527344,30.973939895629883,549214,0.0,-0.004454323521765335,-0.004454348855475243,-0.004454323521765335,f5bf385e8dd544b45f7196d57daca15b633d93e9995d983fc9875e7b7520fe7e,2026-10-07T15:19:18.892844+00:00
HPP,2024-05-30,33.040000915527344,32.70626449584961,320886,0.0,0.05592840999667659,0.05592845489004583,0.05592840999667659,f5bf385e8dd544b45f7196d57daca15b633d93e9995d983fc9875e7b7520fe7e,2026-10-07T15:19:18.892844+00:00
HPP,2024-05-31,34.369998931884766,34.0228271484375,321514,0.0,0.04025417613509763,0.040254143139916154,0.04025417613509763,f5bf385e8dd544b45f7196d57daca15b633d93e9995d983fc9875e7b7520fe7e,2026-10-07T15:19:18.892844+00:00
HPP,2024-06-03,33.529998779296875,33.19131088256836,234543,0.0,-0.02443992373268966,-0.024439952101609208,-0.02443992373268966,f5bf385e8dd544b45f7196d57daca15b633d93e9995d983fc9875e7b7520fe7e,2026-10-07T15:19:18.892844+00:00
HPP,2024-06-04,33.459999084472656,33.12202072143555,211514,0.0,-0.0020876736466641788,-0.002087599413532093,-0.0020876736466641788,f5bf385e8dd544b45f7196d57daca15b633d93e9995d983fc9875e7b7520fe7e,2026-10-07T15:19:18.892844+00:00
HPP,2024-06-05,33.31999969482422,32.98343276977539,256043,0.0,-0.004184082291664004,-0.004184163545627673,-0.004184082291664004,f5bf385e8dd544b45f7196d57daca15b633d93e9995d983fc9875e7b7520fe7e,2026-10-07T15:19:18.892844+00:00
HPP,2024-06-06,33.95000076293945,33.60707092285156,196643,0.0,0.018907595254663123,0.01890761817998654,0.018907595254663123,f5bf385e8dd544b45f7196d57daca15b633d93e9995d983fc9875e7b7520fe7e,2026-10-07T15:19:18.892844+00:00
HPP,2024-06-07,33.7400016784668,33.399192810058594,256943,0.0,-0.006185539904372983,-0.006185546882981119,-0.006185539904372983,f5bf385e8dd544b45f7196d57daca15b633d93e9995d983fc9875e7b7520fe7e,2026-10-07T15:19:18.892844+00:00
HPP,2024-06-10,33.11000061035156,32.77555465698242,251100,0.0,-0.018672229898474058,-0.01867225224941227,-0.018672229898474058,f5bf385e8dd544b45f7196d57daca15b633d93e9995d983fc9875e7b7520fe7e,2026-10-07T15:19:18.892844+00:00
HPP,2024-06-11,32.689998626708984,32.35979461669922,201886,0.0,-0.01268504910601742,-0.012685064970964,-0.01268504910601742,f5bf385e8dd544b45f7196d57daca15b633d93e9995d983fc9875e7b7520fe7e,2026-10-07T15:19:18.892844+00:00
HPP,2024-06-12,33.66999816894531,33.32989501953125,573457,0.0,0.029978573979982714,0.02997857107323587,0.029978573979982714,f5bf385e8dd544b45f7196d57daca15b633d93e9995d983fc9875e7b7520fe7e,2026-10-07T15:19:18.892844+00:00
HPP,2024-06-13,33.810001373291016,33.46848678588867,170686,0.0,0.004158099553294159,0.004158181904749592,0.004158099553294159,f5bf385e8dd544b45f7196d57daca15b633d93e9995d983fc9875e7b7520fe7e,2026-10-07T15:19:18.892844+00:00
HPP,2024-06-14,34.650001525878906,34.30000305175781,270900,0.0,0.024844724000853358,0.024844752354317157,0.024844724000853358,f5bf385e8dd544b45f7196d57daca15b633d93e9995d983fc9875e7b7520fe7e,2026-10-07T15:19:18.892844+00:00
HPP,2024-06-17,34.02000045776367,34.02000045776367,207729,0.35,-0.01818184820698232,-0.0081633402064607,-0.008080838550789338,f5bf385e8dd544b45f7196d57daca15b633d93e9995d983fc9875e7b7520fe7e,2026-10-07T15:19:18.892844+00:00
HPP,2024-06-18,33.95000076293945,33.95000076293945,178086,0.0,-0.0020576041705562265,-0.0020576041705562265,-0.0020576041705562265,f5bf385e8dd544b45f7196d57daca15b633d93e9995d983fc9875e7b7520fe7e,2026-10-07T15:19:18.892844+00:00
HPP,2024-06-20,34.15999984741211,34.15999984741211,172857,0.0,0.006185539904373094,0.006185539904373094,0.006185539904373094,f5bf385e8dd544b45f7196d57daca15b633d93e9995d983fc9875e7b7520fe7e,2026-10-07T15:19:18.892844+00:00
HPP,2024-06-21,34.22999954223633,34.22999954223633,543314,0.0,0.0020491714033050723,0.0020491714033050723,0.0020491714033050723,f5bf385e8dd544b45f7196d57daca15b633d93e9995d983fc9875e7b7520fe7e,2026-10-07T15:19:18.892844+00:00
HPP,2024-06-24,34.439998626708984,34.439998626708984,139443,0.0,0.00613494266085346,0.00613494266085346,0.00613494266085346,f5bf385e8dd544b45f7196d57daca15b633d93e9995d983fc9875e7b7520fe7e,2026-10-07T15:19:18.892844+00:00
HPP,2024-06-25,33.040000915527344,33.040000915527344,175386,0.0,-0.04065034166685222,-0.04065034166685222,-0.04065034166685222,f5bf385e8dd544b45f7196d57daca15b633d93e9995d983fc9875e7b7520fe7e,2026-10-07T15:19:18.892844+00:00
HPP,2024-06-26,33.11000061035156,33.11000061035156,389700,0.0,0.002118634772534822,0.002118634772534822,0.002118634772534822,f5bf385e8dd544b45f7196d57daca15b633d93e9995d983fc9875e7b7520fe7e,2026-10-07T15:19:18.892844+00:00
HPP,2024-06-27,33.599998474121094,33.599998474121094,272843,0.0,0.014799089542038235,0.014799089542038235,0.014799089542038235,f5bf385e8dd544b45f7196d57daca15b633d93e9995d983fc9875e7b7520fe7e,2026-10-07T15:19:18.892844+00:00
HPP,2024-06-28,33.66999816894531,33.66999816894531,577786,0.0,0.0020833243453308725,0.0020833243453308725,0.0020833243453308725,f5bf385e8dd544b45f7196d57daca15b633d93e9995d983fc9875e7b7520fe7e,2026-10-07T15:19:18.892844+00:00
HPP,2024-07-01,32.900001525878906,32.900001525878906,324600,0.0,-0.022868924411661884,-0.022868924411661884,-0.022868924411661884,f5bf385e8dd544b45f7196d57daca15b633d93e9995d983fc9875e7b7520fe7e,2026-10-07T15:19:18.892844+00:00
HPP,2024-07-02,34.5099983215332,34.5099983215332,295543,0.0,0.048936070546619526,0.048936070546619526,0.048936070546619526,f5bf385e8dd544b45f7196d57daca15b633d93e9995d983fc9875e7b7520fe7e,2026-10-07T15:19:18.892844+00:00
HPP,2024-07-03,35.41999816894531,35.41999816894531,188571,0.0,0.026369165217962287,0.026369165217962287,0.026369165217962287,f5bf385e8dd544b45f7196d57daca15b633d93e9995d983fc9875e7b7520fe7e,2026-10-07T15:19:18.892844+00:00
HPP,2024-07-05,34.22999954223633,34.22999954223633,246286,0.0,-0.03359680090984085,-0.03359680090984085,-0.03359680090984085,f5bf385e8dd544b45f7196d57daca15b633d93e9995d983fc9875e7b7520fe7e,2026-10-07T15:19:18.892844+00:00
HPP,2024-07-08,35.13999938964844,35.13999938964844,268000,0.0,0.02658486297346463,0.02658486297346463,0.02658486297346463,f5bf385e8dd544b45f7196d57daca15b633d93e9995d983fc9875e7b7520fe7e,2026-10-07T15:19:18.892844+00:00
HPP,2024-07-09,36.04999923706055,36.04999923706055,239586,0.0,0.025896410450142904,0.025896410450142904,0.025896410450142904,f5bf385e8dd544b45f7196d57daca15b633d93e9995d983fc9875e7b7520fe7e,2026-10-07T15:19:18.892844+00:00
HPP,2024-07-10,33.38999938964844,33.38999938964844,791229,0.0,-0.07378640509588541,-0.07378640509588541,-0.07378640509588541,f5bf385e8dd544b45f7196d57daca15b633d93e9995d983fc9875e7b7520fe7e,2026-10-07T15:19:18.892844+00:00
HPP,2024-07-11,37.310001373291016,37.310001373291016,393457,0.0,0.11740048084151389,0.11740048084151389,0.11740048084151389,f5bf385e8dd544b45f7196d57daca15b633d93e9995d983fc9875e7b7520fe7e,2026-10-07T15:19:18.892844+00:00
HPP,2024-07-12,37.939998626708984,37.939998626708984,225871,0.0,0.016885479234234557,0.016885479234234557,0.016885479234234557,f5bf385e8dd544b45f7196d57daca15b633d93e9995d983fc9875e7b7520fe7e,2026-10-07T15:19:18.892844+00:00
HPP,2024-07-15,38.43000030517578,38.43000030517578,274043,0.0,0.012915173858805806,0.012915173858805806,0.012915173858805806,f5bf385e8dd544b45f7196d57daca15b633d93e9995d983fc9875e7b7520fe7e,2026-10-07T15:19:18.892844+00:00
HPP,2024-07-16,38.9900016784668,38.9900016784668,322129,0.0,0.014571984617330225,0.014571984617330225,0.014571984617330225,f5bf385e8dd544b45f7196d57daca15b633d93e9995d983fc9875e7b7520fe7e,2026-10-07T15:19:18.892844+00:00
HPP,2024-07-17,38.290000915527344,38.290000915527344,354029,0.0,-0.017953340159152842,-0.017953340159152842,-0.017953340159152842,f5bf385e8dd544b45f7196d57daca15b633d93e9995d983fc9875e7b7520fe7e,2026-10-07T15:19:18.892844+00:00
HPP,2024-07-18,37.72999954223633,37.72999954223633,442729,0.0,-0.014625264035027064,-0.014625264035027064,-0.014625264035027064,f5bf385e8dd544b45f7196d57daca15b633d93e9995d983fc9875e7b7520fe7e,2026-10-07T15:19:18.892844+00:00
HPP,2024-07-19,37.380001068115234,37.380001068115234,281686,0.0,-0.009276397518353852,-0.009276397518353852,-0.009276397518353852,f5bf385e8dd544b45f7196d57daca15b633d93e9995d983fc9875e7b7520fe7e,2026-10-07T15:19:18.892844+00:00
HPP,2024-07-22,38.08000183105469,38.08000183105469,223743,0.0,0.018726611635561108,0.018726611635561108,0.018726611635561108,f5bf385e8dd544b45f7196d57daca15b633d93e9995d983fc9875e7b7520fe7e,2026-10-07T15:19:18.892844+00:00
HPP,2024-07-23,38.709999084472656,38.709999084472656,384186,0.0,0.016544044724918994,0.016544044724918994,0.016544044724918994,f5bf385e8dd544b45f7196d57daca15b633d93e9995d983fc9875e7b7520fe7e,2026-10-07T15:19:18.892844+00:00
HPP,2024-07-24,37.099998474121094,37.099998474121094,384471,0.0,-0.041591336823290304,-0.041591336823290304,-0.041591336823290304,f5bf385e8dd544b45f7196d57daca15b633d93e9995d983fc9875e7b7520fe7e,2026-10-07T15:19:18.892844+00:00
HPP,2024-07-25,37.2400016784668,37.2400016784668,307586,0.0,0.003773671431371195,0.003773671431371195,0.003773671431371195,f5bf385e8dd544b45f7196d57daca15b633d93e9995d983fc9875e7b7520fe7e,2026-10-07T15:19:18.892844+00:00
HPP,2024-07-26,40.18000030517578,40.18000030517578,248829,0.0,0.07894732798599668,0.07894732798599668,0.07894732798599668,f5bf385e8dd544b45f7196d57daca15b633d93e9995d983fc9875e7b7520fe7e,2026-10-07T15:19:18.892844+00:00
HPP,2024-07-29,39.619998931884766,39.619998931884766,187329,0.0,-0.013937316302580549,-0.013937316302580549,-0.013937316302580549,f5bf385e8dd544b45f7196d57daca15b633d93e9995d983fc9875e7b7520fe7e,2026-10-07T15:19:18.892844+00:00
HPP,2024-07-30,42.06999969482422,42.06999969482422,346157,0.0,0.061837476753886955,0.061837476753886955,0.061837476753886955,f5bf385e8dd544b45f7196d57daca15b633d93e9995d983fc9875e7b7520fe7e,2026-10-07T15:19:18.892844+00:00
HPP,2024-07-31,41.93000030517578,41.93000030517578,349471,0.0,-0.0033277725377701683,-0.0033277725377701683,-0.0033277725377701683,f5bf385e8dd544b45f7196d57daca15b633d93e9995d983fc9875e7b7520fe7e,2026-10-07T15:19:18.892844+00:00
HPP,2024-08-01,40.66999816894531,40.66999816894531,396186,0.0,-0.030050134201285328,-0.030050134201285328,-0.030050134201285328,f5bf385e8dd544b45f7196d57daca15b633d93e9995d983fc9875e7b7520fe7e,2026-10-07T15:19:18.892844+00:00
HPP,2024-08-02,38.9900016784668,38.9900016784668,366857,0.0,-0.04130800506800425,-0.04130800506800425,-0.04130800506800425,f5bf385e8dd544b45f7196d57daca15b633d93e9995d983fc9875e7b7520fe7e,2026-10-07T15:19:18.892844+00:00
HPP,2024-08-05,37.099998474121094,37.099998474121094,297971,0.0,-0.04847404778106246,-0.04847404778106246,-0.04847404778106246,f5bf385e8dd544b45f7196d57daca15b633d93e9995d983fc9875e7b7520fe7e,2026-10-07T15:19:18.892844+00:00
HPP,2024-08-06,38.290000915527344,38.290000915527344,264171,0.0,0.032075538823440386,0.032075538823440386,0.032075538823440386,f5bf385e8dd544b45f7196d57daca15b633d93e9995d983fc9875e7b7520fe7e,2026-10-07T15:19:18.892844+00:00
HPP,2024-08-07,37.59000015258789,37.59000015258789,291129,0.0,-0.01828155513716867,-0.01828155513716867,-0.01828155513716867,f5bf385e8dd544b45f7196d57daca15b633d93e9995d983fc9875e7b7520fe7e,2026-10-07T15:19:18.892844+00:00
HPP,2024-08-08,32.970001220703125,32.970001220703125,574514,0.0,-0.12290499901917928,-0.12290499901917928,-0.12290499901917928,f5bf385e8dd544b45f7196d57daca15b633d93e9995d983fc9875e7b7520fe7e,2026-10-07T15:19:18.892844+00:00
HPP,2024-08-09,32.7599983215332,32.7599983215332,260586,0.0,-0.006369514449336866,-0.006369514449336866,-0.006369514449336866,f5bf385e8dd544b45f7196d57daca15b633d93e9995d983fc9875e7b7520fe7e,2026-10-07T15:19:18.892844+00:00
HPP,2024-08-12,30.799999237060547,30.799999237060547,434543,0.0,-0.05982903494791525,-0.05982903494791525,-0.05982903494791525,f5bf385e8dd544b45f7196d57daca15b633d93e9995d983fc9875e7b7520fe7e,2026-10-07T15:19:18.892844+00:00
HPP,2024-08-13,32.20000076293945,32.20000076293945,251614,0.0,0.04545459612201341,0.04545459612201341,0.04545459612201341,f5bf385e8dd544b45f7196d57daca15b633d93e9995d983fc9875e7b7520fe7e,2026-10-07T15:19:18.892844+00:00
HPP,2024-08-14,31.920000076293945,31.920000076293945,629129,0.0,-0.008695673292274386,-0.008695673292274386,-0.008695673292274386,f5bf385e8dd544b45f7196d57daca15b633d93e9995d983fc9875e7b7520fe7e,2026-10-07T15:19:18.892844+00:00
HPP,2024-08-15,32.83000183105469,32.83000183105469,652014,0.0,0.028508826835391243,0.028508826835391243,0.028508826835391243,f5bf385e8dd544b45f7196d57daca15b633d93e9995d983fc9875e7b7520fe7e,2026-10-07T15:19:18.892844+00:00
HPP,2024-08-16,35.0,35.0,653286,0.0,0.0660980215630893,0.0660980215630893,0.0660980215630893,f5bf385e8dd544b45f7196d57daca15b633d93e9995d983fc9875e7b7520fe7e,2026-10-07T15:19:18.892844+00:00
HPP,2024-08-19,36.540000915527344,36.540000915527344,217671,0.0,0.04400002615792409,0.04400002615792409,0.04400002615792409,f5bf385e8dd544b45f7196d57daca15b633d93e9995d983fc9875e7b7520fe7e,2026-10-07T15:19:18.892844+00:00
HPP,2024-08-20,35.0,35.0,318657,0.0,-0.042145617869235874,-0.042145617869235874,-0.042145617869235874,f5bf385e8dd544b45f7196d57daca15b633d93e9995d983fc9875e7b7520fe7e,2026-10-07T15:19:18.892844+00:00
HPP,2024-08-21,36.400001525878906,36.400001525878906,180543,0.0,0.04000004359654019,0.04000004359654019,0.04000004359654019,f5bf385e8dd544b45f7196d57daca15b633d93e9995d983fc9875e7b7520fe7e,2026-10-07T15:19:18.892844+00:00
HPP,2024-08-22,35.90999984741211,35.90999984741211,207671,0.0,-0.013461584008957361,-0.013461584008957361,-0.013461584008957361,f5bf385e8dd544b45f7196d57daca15b633d93e9995d983fc9875e7b7520fe7e,2026-10-07T15:19:18.892844+00:00
HPP,2024-08-23,38.849998474121094,38.849998474121094,451257,0.0,0.08187130713454627,0.08187130713454627,0.08187130713454627,f5bf385e8dd544b45f7196d57daca15b633d93e9995d983fc9875e7b7520fe7e,2026-10-07T15:19:18.892844+00:00
HPP,2024-08-26,39.20000076293945,39.20000076293945,233700,0.0,0.009009068277094023,0.009009068277094023,0.009009068277094023,f5bf385e8dd544b45f7196d57daca15b633d93e9995d983fc9875e7b7520fe7e,2026-10-07T15:19:18.892844+00:00
HPP,2024-08-27,38.290000915527344,38.290000915527344,180514,0.0,-0.023214281369923984,-0.023214281369923984,-0.023214281369923984,f5bf385e8dd544b45f7196d57daca15b633d93e9995d983fc9875e7b7520fe7e,2026-10-07T15:19:18.892844+00:00
HPP,2024-08-28,37.16999816894531,37.16999816894531,264943,0.0,-0.029250528070054127,-0.029250528070054127,-0.029250528070054127,f5bf385e8dd544b45f7196d57daca15b633d93e9995d983fc9875e7b7520fe7e,2026-10-07T15:19:18.892844+00:00
HPP,2024-08-29,36.2599983215332,36.2599983215332,360157,0.0,-0.024482106328764686,-0.024482106328764686,-0.024482106328764686,f5bf385e8dd544b45f7196d57daca15b633d93e9995d983fc9875e7b7520fe7e,2026-10-07T15:19:18.892844+00:00
HPP,2024-08-30,36.04999923706055,36.04999923706055,276471,0.0,-0.005791480810630523,-0.005791480810630523,-0.005791480810630523,f5bf385e8dd544b45f7196d57daca15b633d93e9995d983fc9875e7b7520fe7e,2026-10-07T15:19:18.892844+00:00
HPP,2024-09-03,35.13999938964844,35.13999938964844,289986,0.0,-0.025242714748148987,-0.025242714748148987,-0.025242714748148987,f5bf385e8dd544b45f7196d57daca15b633d93e9995d983fc9875e7b7520fe7e,2026-10-07T15:19:18.892844+00:00
HPP,2024-09-04,35.4900016784668,35.4900016784668,228429,0.0,0.009960224669823603,0.009960224669823603,0.009960224669823603,f5bf385e8dd544b45f7196d57daca15b633d93e9995d983fc9875e7b7520fe7e,2026-10-07T15:19:18.892844+00:00
HPP,2024-09-05,34.93000030517578,34.93000030517578,314200,0.0,-0.015779130651064177,-0.015779130651064177,-0.015779130651064177,f5bf385e8dd544b45f7196d57daca15b633d93e9995d983fc9875e7b7520fe7e,2026-10-07T15:19:18.892844+00:00
HPP,2024-09-06,34.02000045776367,34.02000045776367,186586,0.0,-0.026052099612414503,-0.026052099612414503,-0.026052099612414503,f5bf385e8dd544b45f7196d57daca15b633d93e9995d983fc9875e7b7520fe7e,2026-10-07T15:19:18.892844+00:00
HPP,2024-09-09,33.31999969482422,33.31999969482422,261086,0.0,-0.020576153836579625,-0.020576153836579625,-0.020576153836579625,f5bf385e8dd544b45f7196d57daca15b633d93e9995d983fc9875e7b7520fe7e,2026-10-07T15:19:18.892844+00:00
HPP,2024-09-10,31.639999389648438,31.639999389648438,528143,0.0,-0.050420177687959145,-0.050420177687959145,-0.050420177687959145,f5bf385e8dd544b45f7196d57daca15b633d93e9995d983fc9875e7b7520fe7e,2026-10-07T15:19:18.892844+00:00
HPP,2024-09-11,33.599998474121094,33.599998474121094,262614,0.0,0.061946874914097005,0.061946874914097005,0.061946874914097005,f5bf385e8dd544b45f7196d57daca15b633d93e9995d983fc9875e7b7520fe7e,2026-10-07T15:19:18.892844+00:00
HPP,2024-09-12,33.95000076293945,33.95000076293945,347257,0.0,0.010416735259316523,0.010416735259316523,0.010416735259316523,f5bf385e8dd544b45f7196d57daca15b633d93e9995d983fc9875e7b7520fe7e,2026-10-07T15:19:18.892844+00:00
HPP,2024-09-13,34.720001220703125,34.720001220703125,418114,0.0,0.022680425344915545,0.022680425344915545,0.022680425344915545,f5bf385e8dd544b45f7196d57daca15b633d93e9995d983fc9875e7b7520fe7e,2026-10-07T15:19:18.892844+00:00
HPP,2024-09-16,35.560001373291016,35.560001373291016,240671,0.0,0.02419355193130035,0.02419355193130035,0.02419355193130035,f5bf385e8dd544b45f7196d57daca15b633d93e9995d983fc9875e7b7520fe7e,2026-10-07T15:19:18.892844+00:00
HPP,2024-09-17,35.4900016784668,35.4900016784668,207457,0.0,-0.0019684952789904564,-0.0019684952789904564,-0.0019684952789904564,f5bf385e8dd544b45f7196d57daca15b633d93e9995d983fc9875e7b7520fe7e,2026-10-07T15:19:18.892844+00:00
HPP,2024-09-18,36.75,36.75,297871,0.0,0.035502909606727195,0.035502909606727195,0.035502909606727195,f5bf385e8dd544b45f7196d57daca15b633d93e9995d983fc9875e7b7520fe7e,2026-10-07T15:19:18.892844+00:00
HPP,2024-09-19,37.029998779296875,37.029998779296875,262371,0.0,0.007619014402636015,0.007619014402636015,0.007619014402636015,f5bf385e8dd544b45f7196d57daca15b633d93e9995d983fc9875e7b7520fe7e,2026-10-07T15:19:18.892844+00:00
HPP,2024-09-20,35.77000045776367,35.77000045776367,783500,0.0,-0.03402642082282914,-0.03402642082282914,-0.03402642082282914,f5bf385e8dd544b45f7196d57daca15b633d93e9995d983fc9875e7b7520fe7e,2026-10-07T15:19:18.892844+00:00
HPP,2024-09-23,35.0,35.0,357414,0.0,-0.021526431308628857,-0.021526431308628857,-0.021526431308628857,f5bf385e8dd544b45f7196d57daca15b633d93e9995d983fc9875e7b7520fe7e,2026-10-07T15:19:18.892844+00:00
HPP,2024-09-24,34.15999984741211,34.15999984741211,448414,0.0,-0.024000004359653992,-0.024000004359653992,-0.024000004359653992,f5bf385e8dd544b45f7196d57daca15b633d93e9995d983fc9875e7b7520fe7e,2026-10-07T15:19:18.892844+00:00
HPP,2024-09-25,32.7599983215332,32.7599983215332,430414,0.0,-0.040983651409031485,-0.040983651409031485,-0.040983651409031485,f5bf385e8dd544b45f7196d57daca15b633d93e9995d983fc9875e7b7520fe7e,2026-10-07T15:19:18.892844+00:00
HPP,2024-09-26,33.38999938964844,33.38999938964844,284729,0.0,0.019230802820314308,0.019230802820314308,0.019230802820314308,f5bf385e8dd544b45f7196d57daca15b633d93e9995d983fc9875e7b7520fe7e,2026-10-07T15:19:18.892844+00:00
HPP,2024-09-27,32.83000183105469,32.83000183105469,317786,0.0,-0.016771415658287214,-0.016771415658287214,-0.016771415658287214,f5bf385e8dd544b45f7196d57daca15b633d93e9995d983fc9875e7b7520fe7e,2026-10-07T15:19:18.892844+00:00
HPP,2024-09-30,33.459999084472656,33.459999084472656,399171,0.0,0.019189680727402125,0.019189680727402125,0.019189680727402125,f5bf385e8dd544b45f7196d57daca15b633d93e9995d983fc9875e7b7520fe7e,2026-10-07T15:19:18.892844+00:00
HPP,2024-10-01,32.7599983215332,32.7599983215332,261243,0.0,-0.020920525466012085,-0.020920525466012085,-0.020920525466012085,f5bf385e8dd544b45f7196d57daca15b633d93e9995d983fc9875e7b7520fe7e,2026-10-07T15:19:18.892844+00:00
HPP,2024-10-02,31.850000381469727,31.850000381469727,172143,0.0,-0.02777771632135073,-0.02777771632135073,-0.02777771632135073,f5bf385e8dd544b45f7196d57daca15b633d93e9995d983fc9875e7b7520fe7e,2026-10-07T15:19:18.892844+00:00
HPP,2024-10-03,32.83000183105469,32.83000183105469,401029,0.0,0.030769275913576477,0.030769275913576477,0.030769275913576477,f5bf385e8dd544b45f7196d57daca15b633d93e9995d983fc9875e7b7520fe7e,2026-10-07T15:19:18.892844+00:00
HPP,2024-10-04,32.7599983215332,32.7599983215332,200286,0.0,-0.002132302942952191,-0.002132302942952191,-0.002132302942952191,f5bf385e8dd544b45f7196d57daca15b633d93e9995d983fc9875e7b7520fe7e,2026-10-07T15:19:18.892844+00:00
HPP,2024-10-07,32.060001373291016,32.060001373291016,416243,0.0,-0.021367429307286523,-0.021367429307286523,-0.021367429307286523,f5bf385e8dd544b45f7196d57daca15b633d93e9995d983fc9875e7b7520fe7e,2026-10-07T15:19:18.892844+00:00
HPP,2024-10-08,31.079999923706055,31.079999923706055,387857,0.0,-0.030567729494902496,-0.030567729494902496,-0.030567729494902496,f5bf385e8dd544b45f7196d57daca15b633d93e9995d983fc9875e7b7520fe7e,2026-10-07T15:19:18.892844+00:00
HPP,2024-10-09,31.360000610351562,31.360000610351562,259786,0.0,0.009009031123965228,0.009009031123965228,0.009009031123965228,f5bf385e8dd544b45f7196d57daca15b633d93e9995d983fc9875e7b7520fe7e,2026-10-07T15:19:18.892844+00:00
HPP,2024-10-10,30.450000762939453,30.450000762939453,225486,0.0,-0.029017851712404896,-0.029017851712404896,-0.029017851712404896,f5bf385e8dd544b45f7196d57daca15b633d93e9995d983fc9875e7b7520fe7e,2026-10-07T15:19:18.892844+00:00
HPP,2024-10-11,30.3799991607666,30.3799991607666,239971,0.0,-0.002298903133626573,-0.002298903133626573,-0.002298903133626573,f5bf385e8dd544b45f7196d57daca15b633d93e9995d983fc9875e7b7520fe7e,2026-10-07T15:19:18.892844+00:00
HPP,2024-10-14,31.5,31.5,278500,0.0,0.03686638808995735,0.03686638808995735,0.03686638808995735,f5bf385e8dd544b45f7196d57daca15b633d93e9995d983fc9875e7b7520fe7e,2026-10-07T15:19:18.892844+00:00
HPP,2024-10-15,32.130001068115234,32.130001068115234,363129,0.0,0.02000003390842009,0.02000003390842009,0.02000003390842009,f5bf385e8dd544b45f7196d57daca15b633d93e9995d983fc9875e7b7520fe7e,2026-10-07T15:19:18.892844+00:00
HPP,2024-10-16,32.689998626708984,32.689998626708984,368457,0.0,0.017429117335121314,0.017429117335121314,0.017429117335121314,f5bf385e8dd544b45f7196d57daca15b633d93e9995d983fc9875e7b7520fe7e,2026-10-07T15:19:18.892844+00:00
HPP,2024-10-17,32.40999984741211,32.40999984741211,408386,0.0,-0.00856527351053804,-0.00856527351053804,-0.00856527351053804,f5bf385e8dd544b45f7196d57daca15b633d93e9995d983fc9875e7b7520fe7e,2026-10-07T15:19:18.892844+00:00
HPP,2024-10-18,34.86000061035156,34.86000061035156,389814,0.0,0.07559397637995002,0.07559397637995002,0.07559397637995002,f5bf385e8dd544b45f7196d57daca15b633d93e9995d983fc9875e7b7520fe7e,2026-10-07T15:19:18.892844+00:00
HPP,2024-10-21,33.38999938964844,33.38999938964844,305557,0.0,-0.04216870897777936,-0.04216870897777936,-0.04216870897777936,f5bf385e8dd544b45f7196d57daca15b633d93e9995d983fc9875e7b7520fe7e,2026-10-07T15:19:18.892844+00:00
HPP,2024-10-22,32.83000183105469,32.83000183105469,284286,0.0,-0.016771415658287214,-0.016771415658287214,-0.016771415658287214,f5bf385e8dd544b45f7196d57daca15b633d93e9995d983fc9875e7b7520fe7e,2026-10-07T15:19:18.892844+00:00
HPP,2024-10-23,32.20000076293945,32.20000076293945,165371,0.0,-0.019189796922865265,-0.019189796922865265,-0.019189796922865265,f5bf385e8dd544b45f7196d57daca15b633d93e9995d983fc9875e7b7520fe7e,2026-10-07T15:19:18.892844+00:00
HPP,2024-10-24,32.54999923706055,32.54999923706055,134771,0.0,0.010869517572307696,0.010869517572307696,0.010869517572307696,f5bf385e8dd544b45f7196d57daca15b633d93e9995d983fc9875e7b7520fe7e,2026-10-07T15:19:18.892844+00:00
HPP,2024-10-25,30.799999237060547,30.799999237060547,219043,0.0,-0.053763442120376426,-0.053763442120376426,-0.053763442120376426,f5bf385e8dd544b45f7196d57daca15b633d93e9995d983fc9875e7b7520fe7e,2026-10-07T15:19:18.892844+00:00
HPP,2024-10-28,30.309999465942383,30.309999465942383,307029,0.0,-0.015909083871942564,-0.015909083871942564,-0.015909083871942564,f5bf385e8dd544b45f7196d57daca15b633d93e9995d983fc9875e7b7520fe7e,2026-10-07T15:19:18.892844+00:00
HPP,2024-10-29,29.68000030517578,29.68000030517578,506086,0.0,-0.020785192077436232,-0.020785192077436232,-0.020785192077436232,f5bf385e8dd544b45f7196d57daca15b633d93e9995d983fc9875e7b7520fe7e,2026-10-07T15:19:18.892844+00:00
HPP,2024-10-30,30.170000076293945,30.170000076293945,282229,0.0,0.016509426080858702,0.016509426080858702,0.016509426080858702,f5bf385e8dd544b45f7196d57daca15b633d93e9995d983fc9875e7b7520fe7e,2026-10-07T15:19:18.892844+00:00
HPP,2024-10-31,30.239999771118164,30.239999771118164,362771,0.0,0.0023201754937753893,0.0023201754937753893,0.0023201754937753893,f5bf385e8dd544b45f7196d57daca15b633d93e9995d983fc9875e7b7520fe7e,2026-10-07T15:19:18.892844+00:00
HPP,2024-11-01,28.770000457763672,28.770000457763672,246257,0.0,-0.048611088772509525,-0.048611088772509525,-0.048611088772509525,f5bf385e8dd544b45f7196d57daca15b633d93e9995d983fc9875e7b7520fe7e,2026-10-07T15:19:18.892844+00:00
HPP,2024-11-04,29.75,29.75,251357,0.0,0.03406324388750126,0.03406324388750126,0.03406324388750126,f5bf385e8dd544b45f7196d57daca15b633d93e9995d983fc9875e7b7520fe7e,2026-10-07T15:19:18.892844+00:00
HPP,2024-11-05,30.8700008392334,30.8700008392334,187771,0.0,0.037647087033055415,0.037647087033055415,0.037647087033055415,f5bf385e8dd544b45f7196d57daca15b633d93e9995d983fc9875e7b7520fe7e,2026-10-07T15:19:18.892844+00:00
HPP,2024-11-06,31.639999389648438,31.639999389648438,353914,0.0,0.024943263021762974,0.024943263021762974,0.024943263021762974,f5bf385e8dd544b45f7196d57daca15b633d93e9995d983fc9875e7b7520fe7e,2026-10-07T15:19:18.892844+00:00
HPP,2024-11-07,32.20000076293945,32.20000076293945,255357,0.0,0.017699158789308722,0.017699158789308722,0.017699158789308722,f5bf385e8dd544b45f7196d57daca15b633d93e9995d983fc9875e7b7520fe7e,2026-10-07T15:19:18.892844+00:00
HPP,2024-11-08,31.920000076293945,31.920000076293945,233514,0.0,-0.008695673292274386,-0.008695673292274386,-0.008695673292274386,f5bf385e8dd544b45f7196d57daca15b633d93e9995d983fc9875e7b7520fe7e,2026-10-07T15:19:18.892844+00:00
HPP,2024-11-11,31.079999923706055,31.079999923706055,225471,0.0,-0.026315794191107633,-0.026315794191107633,-0.026315794191107633,f5bf385e8dd544b45f7196d57daca15b633d93e9995d983fc9875e7b7520fe7e,2026-10-07T15:19:18.892844+00:00
HPP,2024-11-12,28.280000686645508,28.280000686645508,656857,0.0,-0.0900900657636381,-0.0900900657636381,-0.0900900657636381,f5bf385e8dd544b45f7196d57daca15b633d93e9995d983fc9875e7b7520fe7e,2026-10-07T15:19:18.892844+00:00
HPP,2024-11-13,29.469999313354492,29.469999313354492,708300,0.0,0.04207915833859688,0.04207915833859688,0.04207915833859688,f5bf385e8dd544b45f7196d57daca15b633d93e9995d983fc9875e7b7520fe7e,2026-10-07T15:19:18.892844+00:00
HPP,2024-11-14,27.790000915527344,27.790000915527344,529471,0.0,-0.057007072852758744,-0.057007072852758744,-0.057007072852758744,f5bf385e8dd544b45f7196d57daca15b633d93e9995d983fc9875e7b7520fe7e,2026-10-07T15:19:18.892844+00:00
HPP,2024-11-15,25.760000228881836,25.760000228881836,610414,0.0,-0.07304788124390693,-0.07304788124390693,-0.07304788124390693,f5bf385e8dd544b45f7196d57daca15b633d93e9995d983fc9875e7b7520fe7e,2026-10-07T15:19:18.892844+00:00
HPP,2024-11-18,23.59000015258789,23.59000015258789,666600,0.0,-0.08423913264802552,-0.08423913264802552,-0.08423913264802552,f5bf385e8dd544b45f7196d57daca15b633d93e9995d983fc9875e7b7520fe7e,2026-10-07T15:19:18.892844+00:00
HPP,2024-11-19,23.309999465942383,23.309999465942383,480614,0.0,-0.011869465232487109,-0.011869465232487109,-0.011869465232487109,f5bf385e8dd544b45f7196d57daca15b633d93e9995d983fc9875e7b7520fe7e,2026-10-07T15:19:18.892844+00:00
HPP,2024-11-20,22.610000610351562,22.610000610351562,424443,0.0,-0.03002998162284687,-0.03002998162284687,-0.03002998162284687,f5bf385e8dd544b45f7196d57daca15b633d93e9995d983fc9875e7b7520fe7e,2026-10-07T15:19:18.892844+00:00
HPP,2024-11-21,21.350000381469727,21.350000381469727,523629,0.0,-0.055727562798249974,-0.055727562798249974,-0.055727562798249974,f5bf385e8dd544b45f7196d57daca15b633d93e9995d983fc9875e7b7520fe7e,2026-10-07T15:19:18.892844+00:00
HPP,2024-11-22,23.239999771118164,23.239999771118164,512443,0.0,0.08852455999433251,0.08852455999433251,0.08852455999433251,f5bf385e8dd544b45f7196d57daca15b633d93e9995d983fc9875e7b7520fe7e,2026-10-07T15:19:18.892844+00:00
HPP,2024-11-25,25.1299991607666,25.1299991607666,841029,0.0,0.0813252757427847,0.0813252757427847,0.0813252757427847,f5bf385e8dd544b45f7196d57daca15b633d93e9995d983fc9875e7b7520fe7e,2026-10-07T15:19:18.892844+00:00
HPP,2024-11-26,25.34000015258789,25.34000015258789,654714,0.0,0.008356585707696595,0.008356585707696595,0.008356585707696595,f5bf385e8dd544b45f7196d57daca15b633d93e9995d983fc9875e7b7520fe7e,2026-10-07T15:19:18.892844+00:00
HPP,2024-11-27,26.950000762939453,26.950000762939453,545900,0.0,0.0635359353061069,0.0635359353061069,0.0635359353061069,f5bf385e8dd544b45f7196d57daca15b633d93e9995d983fc9875e7b7520fe7e,2026-10-07T15:19:18.892844+00:00
HPP,2024-11-29,26.950000762939453,26.950000762939453,253486,0.0,0.0,0.0,0.0,f5bf385e8dd544b45f7196d57daca15b633d93e9995d983fc9875e7b7520fe7e,2026-10-07T15:19:18.892844+00:00
HPP,2024-12-02,26.530000686645508,26.530000686645508,357471,0.0,-0.015584417974173537,-0.015584417974173537,-0.015584417974173537,f5bf385e8dd544b45f7196d57daca15b633d93e9995d983fc9875e7b7520fe7e,2026-10-07T15:19:18.892844+00:00
HPP,2024-12-03,25.899999618530273,25.899999618530273,296257,0.0,-0.023746741493013257,-0.023746741493013257,-0.023746741493013257,f5bf385e8dd544b45f7196d57daca15b633d93e9995d983fc9875e7b7520fe7e,2026-10-07T15:19:18.892844+00:00
HPP,2024-12-04,26.670000076293945,26.670000076293945,251857,0.0,0.029729747841879206,0.029729747841879206,0.029729747841879206,f5bf385e8dd544b45f7196d57daca15b633d93e9995d983fc9875e7b7520fe7e,2026-10-07T15:19:18.892844+00:00
HPP,2024-12-05,24.920000076293945,24.920000076293945,556714,0.0,-0.0656167977125548,-0.0656167977125548,-0.0656167977125548,f5bf385e8dd544b45f7196d57daca15b633d93e9995d983fc9875e7b7520fe7e,2026-10-07T15:19:18.892844+00:00
HPP,2024-12-06,24.920000076293945,24.920000076293945,460557,0.0,0.0,0.0,0.0,f5bf385e8dd544b45f7196d57daca15b633d93e9995d983fc9875e7b7520fe7e,2026-10-07T15:19:18.892844+00:00
HPP,2024-12-09,24.639999389648438,24.639999389648438,1126743,0.0,-0.011235982575773296,-0.011235982575773296,-0.011235982575773296,f5bf385e8dd544b45f7196d57daca15b633d93e9995d983fc9875e7b7520fe7e,2026-10-07T15:19:18.892844+00:00
HPP,2024-12-10,23.8700008392334,23.8700008392334,517900,0.0,-0.03124994194352637,-0.03124994194352637,-0.03124994194352637,f5bf385e8dd544b45f7196d57daca15b633d93e9995d983fc9875e7b7520fe7e,2026-10-07T15:19:18.892844+00:00
HPP,2024-12-11,22.049999237060547,22.049999237060547,799614,0.0,-0.07624639875091443,-0.07624639875091443,-0.07624639875091443,f5bf385e8dd544b45f7196d57daca15b633d93e9995d983fc9875e7b7520fe7e,2026-10-07T15:19:18.892844+00:00
HPP,2024-12-12,23.100000381469727,23.100000381469727,774943,0.0,0.04761910116733192,0.04761910116733192,0.04761910116733192,f5bf385e8dd544b45f7196d57daca15b633d93e9995d983fc9875e7b7520fe7e,2026-10-07T15:19:18.892844+00:00
HPP,2024-12-13,23.030000686645508,23.030000686645508,460814,0.0,-0.00303028976918851,-0.00303028976918851,-0.00303028976918851,f5bf385e8dd544b45f7196d57daca15b633d93e9995d983fc9875e7b7520fe7e,2026-10-07T15:19:18.892844+00:00
HPP,2024-12-16,22.260000228881836,22.260000228881836,672600,0.0,-0.033434669335905665,-0.033434669335905665,-0.033434669335905665,f5bf385e8dd544b45f7196d57daca15b633d93e9995d983fc9875e7b7520fe7e,2026-10-07T15:19:18.892844+00:00
HPP,2024-12-17,21.90999984741211,21.90999984741211,755286,0.0,-0.015723287415586373,-0.015723287415586373,-0.015723287415586373,f5bf385e8dd544b45f7196d57daca15b633d93e9995d983fc9875e7b7520fe7e,2026-10-07T15:19:18.892844+00:00
HPP,2024-12-18,18.200000762939453,18.200000762939453,1575929,0.0,-0.16932903287586565,-0.16932903287586565,-0.16932903287586565,f5bf385e8dd544b45f7196d57daca15b633d93e9995d983fc9875e7b7520fe7e,2026-10-07T15:19:18.892844+00:00
HPP,2024-12-19,18.270000457763672,18.270000457763672,1422671,0.0,0.003846136917024623,0.003846136917024623,0.003846136917024623,f5bf385e8dd544b45f7196d57daca15b633d93e9995d983fc9875e7b7520fe7e,2026-10-07T15:19:18.892844+00:00
HPP,2024-12-20,20.510000228881836,20.510000228881836,6048014,0.0,0.1226053483849967,0.1226053483849967,0.1226053483849967,f5bf385e8dd544b45f7196d57daca15b633d93e9995d983fc9875e7b7520fe7e,2026-10-07T15:19:18.892844+00:00
HPP,2024-12-23,20.09000015258789,20.09000015258789,1041400,0.0,-0.020477819190977353,-0.020477819190977353,-0.020477819190977353,f5bf385e8dd544b45f7196d57daca15b633d93e9995d983fc9875e7b7520fe7e,2026-10-07T15:19:18.892844+00:00
HPP,2024-12-24,21.280000686645508,21.280000686645508,319929,0.0,0.05923347561071712,0.05923347561071712,0.05923347561071712,f5bf385e8dd544b45f7196d57daca15b633d93e9995d983fc9875e7b7520fe7e,2026-10-07T15:19:18.892844+00:00
HPP,2024-12-26,21.209999084472656,21.209999084472656,471943,0.0,-0.003289548868143699,-0.003289548868143699,-0.003289548868143699,f5bf385e8dd544b45f7196d57daca15b633d93e9995d983fc9875e7b7520fe7e,2026-10-07T15:19:18.892844+00:00
HPP,2024-12-27,20.790000915527344,20.790000915527344,398357,0.0,-0.01980189472298388,-0.01980189472298388,-0.01980189472298388,f5bf385e8dd544b45f7196d57daca15b633d93e9995d983fc9875e7b7520fe7e,2026-10-07T15:19:18.892844+00:00
HPP,2024-12-30,20.229999542236328,20.229999542236328,343571,0.0,-0.026936091805208617,-0.026936091805208617,-0.026936091805208617,f5bf385e8dd544b45f7196d57daca15b633d93e9995d983fc9875e7b7520fe7e,2026-10-07T15:19:18.892844+00:00
HPP,2024-12-31,21.209999084472656,21.209999084472656,775557,0.0,0.048442885042596195,0.048442885042596195,0.048442885042596195,f5bf385e8dd544b45f7196d57daca15b633d93e9995d983fc9875e7b7520fe7e,2026-10-07T15:19:18.892844+00:00
HPP,2025-01-02,20.020000457763672,20.020000457763672,408500,0.0,-0.05610554823550906,-0.05610554823550906,-0.05610554823550906,f5bf385e8dd544b45f7196d57daca15b633d93e9995d983fc9875e7b7520fe7e,2026-10-07T15:19:18.892844+00:00
HPP,2025-01-03,20.299999237060547,20.299999237060547,298271,0.0,0.013985952692038728,0.013985952692038728,0.013985952692038728,f5bf385e8dd544b45f7196d57daca15b633d93e9995d983fc9875e7b7520fe7e,2026-10-07T15:19:18.892844+00:00
HPP,2025-01-06,19.670000076293945,19.670000076293945,309157,0.0,-0.03103444258344834,-0.03103444258344834,-0.03103444258344834,f5bf385e8dd544b45f7196d57daca15b633d93e9995d983fc9875e7b7520fe7e,2026-10-07T15:19:18.892844+00:00
HPP,2025-01-07,19.25,19.25,510700,0.0,-0.021352316963136442,-0.021352316963136442,-0.021352316963136442,f5bf385e8dd544b45f7196d57daca15b633d93e9995d983fc9875e7b7520fe7e,2026-10-07T15:19:18.892844+00:00
HPP,2025-01-08,19.040000915527344,19.040000915527344,277800,0.0,-0.01090904334922893,-0.01090904334922893,-0.01090904334922893,f5bf385e8dd544b45f7196d57daca15b633d93e9995d983fc9875e7b7520fe7e,2026-10-07T15:19:18.892844+00:00
HPP,2025-01-10,18.270000457763672,18.270000457763672,724000,0.0,-0.04044119856820638,-0.04044119856820638,-0.04044119856820638,f5bf385e8dd544b45f7196d57daca15b633d93e9995d983fc9875e7b7520fe7e,2026-10-07T15:19:18.892844+00:00
HPP,2025-01-13,17.56999969482422,17.56999969482422,657143,0.0,-0.03831421704436766,-0.03831421704436766,-0.03831421704436766,f5bf385e8dd544b45f7196d57daca15b633d93e9995d983fc9875e7b7520fe7e,2026-10-07T15:19:18.892844+00:00
HPP,2025-01-14,19.389999389648438,19.389999389648438,460829,0.0,0.10358564180057184,0.10358564180057184,0.10358564180057184,f5bf385e8dd544b45f7196d57daca15b633d93e9995d983fc9875e7b7520fe7e,2026-10-07T15:19:18.892844+00:00
HPP,2025-01-15,20.860000610351562,20.860000610351562,517543,0.0,0.07581233970991774,0.07581233970991774,0.07581233970991774,f5bf385e8dd544b45f7196d57daca15b633d93e9995d983fc9875e7b7520fe7e,2026-10-07T15:19:18.892844+00:00
HPP,2025-01-16,20.510000228881836,20.510000228881836,507186,0.0,-0.016778541286141757,-0.016778541286141757,-0.016778541286141757,f5bf385e8dd544b45f7196d57daca15b633d93e9995d983fc9875e7b7520fe7e,2026-10-07T15:19:18.892844+00:00
HPP,2025-01-17,21.979999542236328,21.979999542236328,417614,0.0,0.07167232067040463,0.07167232067040463,0.07167232067040463,f5bf385e8dd544b45f7196d57daca15b633d93e9995d983fc9875e7b7520fe7e,2026-10-07T15:19:18.892844+00:00
HPP,2025-01-21,22.190000534057617,22.190000534057617,333686,0.0,0.009554185450175057,0.009554185450175057,0.009554185450175057,f5bf385e8dd544b45f7196d57daca15b633d93e9995d983fc9875e7b7520fe7e,2026-10-07T15:19:18.892844+00:00
HPP,2025-01-22,21.979999542236328,21.979999542236328,414029,0.0,-0.009463766866475543,-0.009463766866475543,-0.009463766866475543,f5bf385e8dd544b45f7196d57daca15b633d93e9995d983fc9875e7b7520fe7e,2026-10-07T15:19:18.892844+00:00
HPP,2025-01-23,22.1200008392334,22.1200008392334,349757,0.0,0.006369485892301574,0.006369485892301574,0.006369485892301574,f5bf385e8dd544b45f7196d57daca15b633d93e9995d983fc9875e7b7520fe7e,2026-10-07T15:19:18.892844+00:00
HPP,2025-01-24,22.1200008392334,22.1200008392334,442286,0.0,0.0,0.0,0.0,f5bf385e8dd544b45f7196d57daca15b633d93e9995d983fc9875e7b7520fe7e,2026-10-07T15:19:18.892844+00:00
HPP,2025-01-27,23.100000381469727,23.100000381469727,326986,0.0,0.04430377509290784,0.04430377509290784,0.04430377509290784,f5bf385e8dd544b45f7196d57daca15b633d93e9995d983fc9875e7b7520fe7e,2026-10-07T15:19:18.892844+00:00
HPP,2025-01-28,21.700000762939453,21.700000762939453,373829,0.0,-0.06060604309138107,-0.06060604309138107,-0.06060604309138107,f5bf385e8dd544b45f7196d57daca15b633d93e9995d983fc9875e7b7520fe7e,2026-10-07T15:19:18.892844+00:00
HPP,2025-01-29,20.09000015258789,20.09000015258789,248329,0.0,-0.07419357390536208,-0.07419357390536208,-0.07419357390536208,f5bf385e8dd544b45f7196d57daca15b633d93e9995d983fc9875e7b7520fe7e,2026-10-07T15:19:18.892844+00:00
HPP,2025-01-30,21.700000762939453,21.700000762939453,733629,0.0,0.08013940259448771,0.08013940259448771,0.08013940259448771,f5bf385e8dd544b45f7196d57daca15b633d93e9995d983fc9875e7b7520fe7e,2026-10-07T15:19:18.892844+00:00
HPP,2025-01-31,21.90999984741211,21.90999984741211,325114,0.0,0.00967737682439651,0.00967737682439651,0.00967737682439651,f5bf385e8dd544b45f7196d57daca15b633d93e9995d983fc9875e7b7520fe7e,2026-10-07T15:19:18.892844+00:00
HPP,2025-02-03,21.280000686645508,21.280000686645508,303271,0.0,-0.028753955506805484,-0.028753955506805484,-0.028753955506805484,f5bf385e8dd544b45f7196d57daca15b633d93e9995d983fc9875e7b7520fe7e,2026-10-07T15:19:18.892844+00:00
HPP,2025-02-04,22.399999618530273,22.399999618530273,383700,0.0,0.0526315270557125,0.0526315270557125,0.0526315270557125,f5bf385e8dd544b45f7196d57daca15b633d93e9995d983fc9875e7b7520fe7e,2026-10-07T15:19:18.892844+00:00
HPP,2025-02-05,22.049999237060547,22.049999237060547,194329,0.0,-0.015625017295990973,-0.015625017295990973,-0.015625017295990973,f5bf385e8dd544b45f7196d57daca15b633d93e9995d983fc9875e7b7520fe7e,2026-10-07T15:19:18.892844+00:00
HPP,2025-02-06,22.260000228881836,22.260000228881836,291800,0.0,0.009523854833896284,0.009523854833896284,0.009523854833896284,f5bf385e8dd544b45f7196d57daca15b633d93e9995d983fc9875e7b7520fe7e,2026-10-07T15:19:18.892844+00:00
HPP,2025-02-07,22.469999313354492,22.469999313354492,311700,0.0,0.009433921038338067,0.009433921038338067,0.009433921038338067,f5bf385e8dd544b45f7196d57daca15b633d93e9995d983fc9875e7b7520fe7e,2026-10-07T15:19:18.892844+00:00
HPP,2025-02-10,21.770000457763672,21.770000457763672,273929,0.0,-0.031152597996511378,-0.031152597996511378,-0.031152597996511378,f5bf385e8dd544b45f7196d57daca15b633d93e9995d983fc9875e7b7520fe7e,2026-10-07T15:19:18.892844+00:00
HPP,2025-02-11,21.489999771118164,21.489999771118164,284357,0.0,-0.012861767604862573,-0.012861767604862573,-0.012861767604862573,f5bf385e8dd544b45f7196d57daca15b633d93e9995d983fc9875e7b7520fe7e,2026-10-07T15:19:18.892844+00:00
HPP,2025-02-12,20.229999542236328,20.229999542236328,321914,0.0,-0.058631933099191236,-0.058631933099191236,-0.058631933099191236,f5bf385e8dd544b45f7196d57daca15b633d93e9995d983fc9875e7b7520fe7e,2026-10-07T15:19:18.892844+00:00
HPP,2025-02-13,19.950000762939453,19.950000762939453,422514,0.0,-0.013840770421783333,-0.013840770421783333,-0.013840770421783333,f5bf385e8dd544b45f7196d57daca15b633d93e9995d983fc9875e7b7520fe7e,2026-10-07T15:19:18.892844+00:00
HPP,2025-02-14,19.530000686645508,19.530000686645508,288629,0.0,-0.021052634598098252,-0.021052634598098252,-0.021052634598098252,f5bf385e8dd544b45f7196d57daca15b633d93e9995d983fc9875e7b7520fe7e,2026-10-07T15:19:18.892844+00:00
HPP,2025-02-18,20.510000228881836,20.510000228881836,403871,0.0,0.05017918626630902,0.05017918626630902,0.05017918626630902,f5bf385e8dd544b45f7196d57daca15b633d93e9995d983fc9875e7b7520fe7e,2026-10-07T15:19:18.892844+00:00
HPP,2025-02-19,21.6299991607666,21.6299991607666,510471,0.0,0.05460745584525162,0.05460745584525162,0.05460745584525162,f5bf385e8dd544b45f7196d57daca15b633d93e9995d983fc9875e7b7520fe7e,2026-10-07T15:19:18.892844+00:00
HPP,2025-02-20,21.770000457763672,21.770000457763672,488186,0.0,0.006472552123395925,0.006472552123395925,0.006472552123395925,f5bf385e8dd544b45f7196d57daca15b633d93e9995d983fc9875e7b7520fe7e,2026-10-07T15:19:18.892844+00:00
HPP,2025-02-21,21.0,21.0,483786,0.0,-0.035369795203154086,-0.035369795203154086,-0.035369795203154086,f5bf385e8dd544b45f7196d57daca15b633d93e9995d983fc9875e7b7520fe7e,2026-10-07T15:19:18.892844+00:00
HPP,2025-02-24,21.209999084472656,21.209999084472656,342500,0.0,0.009999956403459853,0.009999956403459853,0.009999956403459853,f5bf385e8dd544b45f7196d57daca15b633d93e9995d983fc9875e7b7520fe7e,2026-10-07T15:19:18.892844+00:00
HPP,2025-02-25,21.420000076293945,21.420000076293945,321957,0.0,0.009901037288352565,0.009901037288352565,0.009901037288352565,f5bf385e8dd544b45f7196d57daca15b633d93e9995d983fc9875e7b7520fe7e,2026-10-07T15:19:18.892844+00:00
HPP,2025-02-26,21.559999465942383,21.559999465942383,379871,0.0,0.006535919194667894,0.006535919194667894,0.006535919194667894,f5bf385e8dd544b45f7196d57daca15b633d93e9995d983fc9875e7b7520fe7e,2026-10-07T15:19:18.892844+00:00
HPP,2025-02-27,23.030000686645508,23.030000686645508,439071,0.0,0.06818187648961849,0.06818187648961849,0.06818187648961849,f5bf385e8dd544b45f7196d57daca15b633d93e9995d983fc9875e7b7520fe7e,2026-10-07T15:19:18.892844+00:00
HPP,2025-02-28,22.959999084472656,22.959999084472656,512300,0.0,-0.003039583156132619,-0.003039583156132619,-0.003039583156132619,f5bf385e8dd544b45f7196d57daca15b633d93e9995d983fc9875e7b7520fe7e,2026-10-07T15:19:18.892844+00:00
HPP,2025-03-03,21.700000762939453,21.700000762939453,562571,0.0,-0.05487797786478621,-0.05487797786478621,-0.05487797786478621,f5bf385e8dd544b45f7196d57daca15b633d93e9995d983fc9875e7b7520fe7e,2026-10-07T15:19:18.892844+00:00
HPP,2025-03-04,21.700000762939453,21.700000762939453,288357,0.0,0.0,0.0,0.0,f5bf385e8dd544b45f7196d57daca15b633d93e9995d983fc9875e7b7520fe7e,2026-10-07T15:19:18.892844+00:00
HPP,2025-03-05,22.399999618530273,22.399999618530273,429671,0.0,0.03225801064423561,0.03225801064423561,0.03225801064423561,f5bf385e8dd544b45f7196d57daca15b633d93e9995d983fc9875e7b7520fe7e,2026-10-07T15:19:18.892844+00:00
HPP,2025-03-06,21.139999389648438,21.139999389648438,313143,0.0,-0.05625001117587114,-0.05625001117587114,-0.05625001117587114,f5bf385e8dd544b45f7196d57daca15b633d93e9995d983fc9875e7b7520fe7e,2026-10-07T15:19:18.892844+00:00
HPP,2025-03-07,22.049999237060547,22.049999237060547,496357,0.0,0.04304635164075288,0.04304635164075288,0.04304635164075288,f5bf385e8dd544b45f7196d57daca15b633d93e9995d983fc9875e7b7520fe7e,2026-10-07T15:19:18.892844+00:00
HPP,2025-03-10,20.020000457763672,20.020000457763672,412329,0.0,-0.09206343988824062,-0.09206343988824062,-0.09206343988824062,f5bf385e8dd544b45f7196d57daca15b633d93e9995d983fc9875e7b7520fe7e,2026-10-07T15:19:18.892844+00:00
HPP,2025-03-11,18.969999313354492,18.969999313354492,533543,0.0,-0.052447608411616886,-0.052447608411616886,-0.052447608411616886,f5bf385e8dd544b45f7196d57daca15b633d93e9995d983fc9875e7b7520fe7e,2026-10-07T15:19:18.892844+00:00
HPP,2025-03-12,19.040000915527344,19.040000915527344,334457,0.0,0.003690121492180065,0.003690121492180065,0.003690121492180065,f5bf385e8dd544b45f7196d57daca15b633d93e9995d983fc9875e7b7520fe7e,2026-10-07T15:19:18.892844+00:00
HPP,2025-03-13,18.549999237060547,18.549999237060547,249957,0.0,-0.025735381034944993,-0.025735381034944993,-0.025735381034944993,f5bf385e8dd544b45f7196d57daca15b633d93e9995d983fc9875e7b7520fe7e,2026-10-07T15:19:18.892844+00:00
HPP,2025-03-14,19.25,19.25,432014,0.0,0.037735891737447735,0.037735891737447735,0.037735891737447735,f5bf385e8dd544b45f7196d57daca15b633d93e9995d983fc9875e7b7520fe7e,2026-10-07T15:19:18.892844+00:00
HPP,2025-03-17,21.209999084472656,21.209999084472656,394386,0.0,0.10181813425831976,0.10181813425831976,0.10181813425831976,f5bf385e8dd544b45f7196d57daca15b633d93e9995d983fc9875e7b7520fe7e,2026-10-07T15:19:18.892844+00:00
HPP,2025-03-18,20.790000915527344,20.790000915527344,285057,0.0,-0.01980189472298388,-0.01980189472298388,-0.01980189472298388,f5bf385e8dd544b45f7196d57daca15b633d93e9995d983fc9875e7b7520fe7e,2026-10-07T15:19:18.892844+00:00
HPP,2025-03-19,20.579999923706055,20.579999923706055,313657,0.0,-0.010101057362842503,-0.010101057362842503,-0.010101057362842503,f5bf385e8dd544b45f7196d57daca15b633d93e9995d983fc9875e7b7520fe7e,2026-10-07T15:19:18.892844+00:00
HPP,2025-03-20,21.0,21.0,359157,0.0,0.020408167048151737,0.020408167048151737,0.020408167048151737,f5bf385e8dd544b45f7196d57daca15b633d93e9995d983fc9875e7b7520fe7e,2026-10-07T15:19:18.892844+00:00
HPP,2025-03-21,20.440000534057617,20.440000534057617,762214,0.0,-0.026666641235351562,-0.026666641235351562,-0.026666641235351562,f5bf385e8dd544b45f7196d57daca15b633d93e9995d983fc9875e7b7520fe7e,2026-10-07T15:19:18.892844+00:00
HPP,2025-03-24,20.579999923706055,20.579999923706055,311457,0.0,0.006849285028890595,0.006849285028890595,0.006849285028890595,f5bf385e8dd544b45f7196d57daca15b633d93e9995d983fc9875e7b7520fe7e,2026-10-07T15:19:18.892844+00:00
HPP,2025-03-25,20.440000534057617,20.440000534057617,335486,0.0,-0.006802691456143872,-0.006802691456143872,-0.006802691456143872,f5bf385e8dd544b45f7196d57daca15b633d93e9995d983fc9875e7b7520fe7e,2026-10-07T15:19:18.892844+00:00
HPP,2025-03-26,19.809999465942383,19.809999465942383,300514,0.0,-0.030821969259027693,-0.030821969259027693,-0.030821969259027693,f5bf385e8dd544b45f7196d57daca15b633d93e9995d983fc9875e7b7520fe7e,2026-10-07T15:19:18.892844+00:00
HPP,2025-03-27,21.06999969482422,21.06999969482422,523114,0.0,0.06360425355124533,0.06360425355124533,0.06360425355124533,f5bf385e8dd544b45f7196d57daca15b633d93e9995d983fc9875e7b7520fe7e,2026-10-07T15:19:18.892844+00:00
HPP,2025-03-28,20.790000915527344,20.790000915527344,443429,0.0,-0.013288978801725193,-0.013288978801725193,-0.013288978801725193,f5bf385e8dd544b45f7196d57daca15b633d93e9995d983fc9875e7b7520fe7e,2026-10-07T15:19:18.892844+00:00
HPP,2025-03-31,20.649999618530273,20.649999618530273,305829,0.0,-0.006734068823080586,-0.006734068823080586,-0.006734068823080586,f5bf385e8dd544b45f7196d57daca15b633d93e9995d983fc9875e7b7520fe7e,2026-10-07T15:19:18.892844+00:00
HPP,2025-04-01,20.440000534057617,20.440000534057617,369600,0.0,-0.01016944737782044,-0.01016944737782044,-0.01016944737782044,f5bf385e8dd544b45f7196d57daca15b633d93e9995d983fc9875e7b7520fe7e,2026-10-07T15:19:18.892844+00:00
HPP,2025-04-02,21.559999465942383,21.559999465942383,360100,0.0,0.054794466860145,0.054794466860145,0.054794466860145,f5bf385e8dd544b45f7196d57daca15b633d93e9995d983fc9875e7b7520fe7e,2026-10-07T15:19:18.892844+00:00
HPP,2025-04-03,18.549999237060547,18.549999237060547,401543,0.0,-0.13961040368468625,-0.13961040368468625,-0.13961040368468625,f5bf385e8dd544b45f7196d57daca15b633d93e9995d983fc9875e7b7520fe7e,2026-10-07T15:19:18.892844+00:00
HPP,2025-04-04,18.059999465942383,18.059999465942383,480229,0.0,-0.02641508308740015,-0.02641508308740015,-0.02641508308740015,f5bf385e8dd544b45f7196d57daca15b633d93e9995d983fc9875e7b7520fe7e,2026-10-07T15:19:18.892844+00:00
HPP,2025-04-07,16.729999542236328,16.729999542236328,655229,0.0,-0.07364340880597331,-0.07364340880597331,-0.07364340880597331,f5bf385e8dd544b45f7196d57daca15b633d93e9995d983fc9875e7b7520fe7e,2026-10-07T15:19:18.892844+00:00
HPP,2025-04-08,15.260000228881836,15.260000228881836,403386,0.0,-0.08786607014802073,-0.08786607014802073,-0.08786607014802073,f5bf385e8dd544b45f7196d57daca15b633d93e9995d983fc9875e7b7520fe7e,2026-10-07T15:19:18.892844+00:00
HPP,2025-04-09,16.59000015258789,16.59000015258789,537714,0.0,0.0871559569959135,0.0871559569959135,0.0871559569959135,f5bf385e8dd544b45f7196d57daca15b633d93e9995d983fc9875e7b7520fe7e,2026-10-07T15:19:18.892844+00:00
HPP,2025-04-10,14.979999542236328,14.979999542236328,463257,0.0,-0.0970464493998463,-0.0970464493998463,-0.0970464493998463,f5bf385e8dd544b45f7196d57daca15b633d93e9995d983fc9875e7b7520fe7e,2026-10-07T15:19:18.892844+00:00
HPP,2025-04-11,15.1899995803833,15.1899995803833,348614,0.0,0.014018694563699752,0.014018694563699752,0.014018694563699752,f5bf385e8dd544b45f7196d57daca15b633d93e9995d983fc9875e7b7520fe7e,2026-10-07T15:19:18.892844+00:00
HPP,2025-04-14,15.609999656677246,15.609999656677246,269614,0.0,0.02764977537170865,0.02764977537170865,0.02764977537170865,f5bf385e8dd544b45f7196d57daca15b633d93e9995d983fc9875e7b7520fe7e,2026-10-07T15:19:18.892844+00:00
HPP,2025-04-15,15.75,15.75,1215829,0.0,0.00896863205649523,0.00896863205649523,0.00896863205649523,f5bf385e8dd544b45f7196d57daca15b633d93e9995d983fc9875e7b7520fe7e,2026-10-07T15:19:18.892844+00:00
HPP,2025-04-16,15.680000305175781,15.680000305175781,237286,0.0,-0.004444425068204416,-0.004444425068204416,-0.004444425068204416,f5bf385e8dd544b45f7196d57daca15b633d93e9995d983fc9875e7b7520fe7e,2026-10-07T15:19:18.892844+00:00
HPP,2025-04-17,16.030000686645508,16.030000686645508,269057,0.0,0.02232145246541828,0.02232145246541828,0.02232145246541828,f5bf385e8dd544b45f7196d57daca15b633d93e9995d983fc9875e7b7520fe7e,2026-10-07T15:19:18.892844+00:00
HPP,2025-04-21,15.399999618530273,15.399999618530273,223814,0.0,-0.039301374992459226,-0.039301374992459226,-0.039301374992459226,f5bf385e8dd544b45f7196d57daca15b633d93e9995d983fc9875e7b7520fe7e,2026-10-07T15:19:18.892844+00:00
HPP,2025-04-22,15.609999656677246,15.609999656677246,345271,0.0,0.013636366451222903,0.013636366451222903,0.013636366451222903,f5bf385e8dd544b45f7196d57daca15b633d93e9995d983fc9875e7b7520fe7e,2026-10-07T15:19:18.892844+00:00
HPP,2025-04-23,15.680000305175781,15.680000305175781,258800,0.0,0.004484346575151399,0.004484346575151399,0.004484346575151399,f5bf385e8dd544b45f7196d57daca15b633d93e9995d983fc9875e7b7520fe7e,2026-10-07T15:19:18.892844+00:00
HPP,2025-04-24,15.680000305175781,15.680000305175781,306829,0.0,0.0,0.0,0.0,f5bf385e8dd544b45f7196d57daca15b633d93e9995d983fc9875e7b7520fe7e,2026-10-07T15:19:18.892844+00:00
HPP,2025-04-25,15.539999961853027,15.539999961853027,247914,0.0,-0.008928593150380304,-0.008928593150380304,-0.008928593150380304,f5bf385e8dd544b45f7196d57daca15b633d93e9995d983fc9875e7b7520fe7e,2026-10-07T15:19:18.892844+00:00
HPP,2025-04-28,15.680000305175781,15.680000305175781,195729,0.0,0.009009031123965228,0.009009031123965228,0.009009031123965228,f5bf385e8dd544b45f7196d57daca15b633d93e9995d983fc9875e7b7520fe7e,2026-10-07T15:19:18.892844+00:00
HPP,2025-04-29,14.420000076293945,14.420000076293945,347471,0.0,-0.08035715589022818,-0.08035715589022818,-0.08035715589022818,f5bf385e8dd544b45f7196d57daca15b633d93e9995d983fc9875e7b7520fe7e,2026-10-07T15:19:18.892844+00:00
HPP,2025-04-30,14.350000381469727,14.350000381469727,415471,0.0,-0.004854347742986209,-0.004854347742986209,-0.004854347742986209,f5bf385e8dd544b45f7196d57daca15b633d93e9995d983fc9875e7b7520fe7e,2026-10-07T15:19:18.892844+00:00
HPP,2025-05-01,15.260000228881836,15.260000228881836,317900,0.0,0.06341462182727176,0.06341462182727176,0.06341462182727176,f5bf385e8dd544b45f7196d57daca15b633d93e9995d983fc9875e7b7520fe7e,2026-10-07T15:19:18.892844+00:00
HPP,2025-05-02,15.819999694824219,15.819999694824219,256657,0.0,0.036697212158784964,0.036697212158784964,0.036697212158784964,f5bf385e8dd544b45f7196d57daca15b633d93e9995d983fc9875e7b7520fe7e,2026-10-07T15:19:18.892844+00:00
HPP,2025-05-05,15.609999656677246,15.609999656677246,570586,0.0,-0.013274338950567621,-0.013274338950567621,-0.013274338950567621,f5bf385e8dd544b45f7196d57daca15b633d93e9995d983fc9875e7b7520fe7e,2026-10-07T15:19:18.892844+00:00
HPP,2025-05-06,15.609999656677246,15.609999656677246,362457,0.0,0.0,0.0,0.0,f5bf385e8dd544b45f7196d57daca15b633d93e9995d983fc9875e7b7520fe7e,2026-10-07T15:19:18.892844+00:00
HPP,2025-05-07,15.960000038146973,15.960000038146973,321400,0.0,0.022421549594334067,0.022421549594334067,0.022421549594334067,f5bf385e8dd544b45f7196d57daca15b633d93e9995d983fc9875e7b7520fe7e,2026-10-07T15:19:18.892844+00:00
HPP,2025-05-08,15.890000343322754,15.890000343322754,326000,0.0,-0.004385945780507994,-0.004385945780507994,-0.004385945780507994,f5bf385e8dd544b45f7196d57daca15b633d93e9995d983fc9875e7b7520fe7e,2026-10-07T15:19:18.892844+00:00
HPP,2025-05-09,15.890000343322754,15.890000343322754,184414,0.0,0.0,0.0,0.0,f5bf385e8dd544b45f7196d57daca15b633d93e9995d983fc9875e7b7520fe7e,2026-10-07T15:19:18.892844+00:00
HPP,2025-05-12,16.59000015258789,16.59000015258789,494514,0.0,0.04405285048085528,0.04405285048085528,0.04405285048085528,f5bf385e8dd544b45f7196d57daca15b633d93e9995d983fc9875e7b7520fe7e,2026-10-07T15:19:18.892844+00:00
HPP,2025-05-13,15.609999656677246,15.609999656677246,277129,0.0,-0.05907175930663111,-0.05907175930663111,-0.05907175930663111,f5bf385e8dd544b45f7196d57daca15b633d93e9995d983fc9875e7b7520fe7e,2026-10-07T15:19:18.892844+00:00
HPP,2025-05-14,14.630000114440918,14.630000114440918,424357,0.0,-0.06278024111404312,-0.06278024111404312,-0.06278024111404312,f5bf385e8dd544b45f7196d57daca15b633d93e9995d983fc9875e7b7520fe7e,2026-10-07T15:19:18.892844+00:00
HPP,2025-05-15,14.90999984741211,14.90999984741211,314686,0.0,0.0191387375790113,0.0191387375790113,0.0191387375790113,f5bf385e8dd544b45f7196d57daca15b633d93e9995d983fc9875e7b7520fe7e,2026-10-07T15:19:18.892844+00:00
HPP,2025-05-16,14.5600004196167,14.5600004196167,320614,0.0,-0.02347414026675254,-0.02347414026675254,-0.02347414026675254,f5bf385e8dd544b45f7196d57daca15b633d93e9995d983fc9875e7b7520fe7e,2026-10-07T15:19:18.892844+00:00
HPP,2025-05-19,14.489999771118164,14.489999771118164,291586,0.0,-0.004807736708868693,-0.004807736708868693,-0.004807736708868693,f5bf385e8dd544b45f7196d57daca15b633d93e9995d983fc9875e7b7520fe7e,2026-10-07T15:19:18.892844+00:00
HPP,2025-05-20,13.930000305175781,13.930000305175781,347300,0.0,-0.038647306748657684,-0.038647306748657684,-0.038647306748657684,f5bf385e8dd544b45f7196d57daca15b633d93e9995d983fc9875e7b7520fe7e,2026-10-07T15:19:18.892844+00:00
HPP,2025-05-21,13.300000190734863,13.300000190734863,432757,0.0,-0.045226137877889205,-0.045226137877889205,-0.045226137877889205,f5bf385e8dd544b45f7196d57daca15b633d93e9995d983fc9875e7b7520fe7e,2026-10-07T15:19:18.892844+00:00
HPP,2025-05-22,13.4399995803833,13.4399995803833,475757,0.0,0.010526269747421768,0.010526269747421768,0.010526269747421768,f5bf385e8dd544b45f7196d57daca15b633d93e9995d983fc9875e7b7520fe7e,2026-10-07T15:19:18.892844+00:00
HPP,2025-05-23,13.15999984741211,13.15999984741211,350257,0.0,-0.020833314115565327,-0.020833314115565327,-0.020833314115565327,f5bf385e8dd544b45f7196d57daca15b633d93e9995d983fc9875e7b7520fe7e,2026-10-07T15:19:18.892844+00:00
HPP,2025-05-27,13.859999656677246,13.859999656677246,283571,0.0,0.053191475484917206,0.053191475484917206,0.053191475484917206,f5bf385e8dd544b45f7196d57daca15b633d93e9995d983fc9875e7b7520fe7e,2026-10-07T15:19:18.892844+00:00
HPP,2025-05-28,13.510000228881836,13.510000228881836,274914,0.0,-0.02525248459344609,-0.02525248459344609,-0.02525248459344609,f5bf385e8dd544b45f7196d57daca15b633d93e9995d983fc9875e7b7520fe7e,2026-10-07T15:19:18.892844+00:00
HPP,2025-05-29,13.859999656677246,13.859999656677246,202857,0.0,0.025906692958241218,0.025906692958241218,0.025906692958241218,f5bf385e8dd544b45f7196d57daca15b633d93e9995d983fc9875e7b7520fe7e,2026-10-07T15:19:18.892844+00:00
HPP,2025-05-30,13.020000457763672,13.020000457763672,936443,0.0,-0.060606004308874084,-0.060606004308874084,-0.060606004308874084,f5bf385e8dd544b45f7196d57daca15b633d93e9995d983fc9875e7b7520fe7e,2026-10-07T15:19:18.892844+00:00
HPP,2025-06-02,13.09000015258789,13.09000015258789,258814,0.0,0.005376320457997963,0.005376320457997963,0.005376320457997963,f5bf385e8dd544b45f7196d57daca15b633d93e9995d983fc9875e7b7520fe7e,2026-10-07T15:19:18.892844+00:00
HPP,2025-06-03,13.789999961853027,13.789999961853027,588871,0.0,0.053475920634481255,0.053475920634481255,0.053475920634481255,f5bf385e8dd544b45f7196d57daca15b633d93e9995d983fc9875e7b7520fe7e,2026-10-07T15:19:18.892844+00:00
HPP,2025-06-04,14.90999984741211,14.90999984741211,1003129,0.0,0.08121826603751359,0.08121826603751359,0.08121826603751359,f5bf385e8dd544b45f7196d57daca15b633d93e9995d983fc9875e7b7520fe7e,2026-10-07T15:19:18.892844+00:00
HPP,2025-06-05,14.90999984741211,14.90999984741211,221086,0.0,0.0,0.0,0.0,f5bf385e8dd544b45f7196d57daca15b633d93e9995d983fc9875e7b7520fe7e,2026-10-07T15:19:18.892844+00:00
HPP,2025-06-06,16.450000762939453,16.450000762939453,646557,0.0,0.10328644743712978,0.10328644743712978,0.10328644743712978,f5bf385e8dd544b45f7196d57daca15b633d93e9995d983fc9875e7b7520fe7e,2026-10-07T15:19:18.892844+00:00
HPP,2025-06-09,16.030000686645508,16.030000686645508,392557,0.0,-0.025531918347394322,-0.025531918347394322,-0.025531918347394322,f5bf385e8dd544b45f7196d57daca15b633d93e9995d983fc9875e7b7520fe7e,2026-10-07T15:19:18.892844+00:00
HPP,2025-06-10,17.079999923706055,17.079999923706055,234414,0.0,0.06550213300585161,0.06550213300585161,0.06550213300585161,f5bf385e8dd544b45f7196d57daca15b633d93e9995d983fc9875e7b7520fe7e,2026-10-07T15:19:18.892844+00:00
HPP,2025-06-11,17.360000610351562,17.360000610351562,526886,0.0,0.016393482897905765,0.016393482897905765,0.016393482897905765,f5bf385e8dd544b45f7196d57daca15b633d93e9995d983fc9875e7b7520fe7e,2026-10-07T15:19:18.892844+00:00
HPP,2025-06-12,18.760000228881836,18.760000228881836,8664957,0.0,0.080645136480898,0.080645136480898,0.080645136480898,f5bf385e8dd544b45f7196d57daca15b633d93e9995d983fc9875e7b7520fe7e,2026-10-07T15:19:18.892844+00:00
HPP,2025-06-13,19.18000030517578,19.18000030517578,3648286,0.0,0.02238806349518785,0.02238806349518785,0.02238806349518785,f5bf385e8dd544b45f7196d57daca15b633d93e9995d983fc9875e7b7520fe7e,2026-10-07T15:19:18.892844+00:00
HPP,2025-06-16,19.25,19.25,7130529,0.0,0.003649619067280785,0.003649619067280785,0.003649619067280785,f5bf385e8dd544b45f7196d57daca15b633d93e9995d983fc9875e7b7520fe7e,2026-10-07T15:19:18.892844+00:00
HPP,2025-06-17,19.31999969482422,19.31999969482422,2130886,0.0,0.0036363477830763102,0.0036363477830763102,0.0036363477830763102,f5bf385e8dd544b45f7196d57daca15b633d93e9995d983fc9875e7b7520fe7e,2026-10-07T15:19:18.892844+00:00
HPP,2025-06-18,19.739999771118164,19.739999771118164,1968000,0.0,0.021739134727132736,0.021739134727132736,0.021739134727132736,f5bf385e8dd544b45f7196d57daca15b633d93e9995d983fc9875e7b7520fe7e,2026-10-07T15:19:18.892844+00:00
HPP,2025-06-20,19.809999465942383,19.809999465942383,2279757,0.0,0.003546083872130401,0.003546083872130401,0.003546083872130401,f5bf385e8dd544b45f7196d57daca15b633d93e9995d983fc9875e7b7520fe7e,2026-10-07T15:19:18.892844+00:00
HPP,2025-06-23,19.600000381469727,19.600000381469727,1263743,0.0,-0.01060066078415045,-0.01060066078415045,-0.01060066078415045,f5bf385e8dd544b45f7196d57daca15b633d93e9995d983fc9875e7b7520fe7e,2026-10-07T15:19:18.892844+00:00
HPP,2025-06-24,19.040000915527344,19.040000915527344,1110057,0.0,-0.02857140076751319,-0.02857140076751319,-0.02857140076751319,f5bf385e8dd544b45f7196d57daca15b633d93e9995d983fc9875e7b7520fe7e,2026-10-07T15:19:18.892844+00:00
HPP,2025-06-25,18.829999923706055,18.829999923706055,1097800,0.0,-0.011029463325814781,-0.011029463325814781,-0.011029463325814781,f5bf385e8dd544b45f7196d57daca15b633d93e9995d983fc9875e7b7520fe7e,2026-10-07T15:19:18.892844+00:00
HPP,2025-06-26,18.760000228881836,18.760000228881836,1424129,0.0,-0.00371745592712891,-0.00371745592712891,-0.00371745592712891,f5bf385e8dd544b45f7196d57daca15b633d93e9995d983fc9875e7b7520fe7e,2026-10-07T15:19:18.892844+00:00
HPP,2025-06-27,18.899999618530273,18.899999618530273,4849929,0.0,0.007462653941384456,0.007462653941384456,0.007462653941384456,f5bf385e8dd544b45f7196d57daca15b633d93e9995d983fc9875e7b7520fe7e,2026-10-07T15:19:18.892844+00:00
HPP,2025-06-30,19.18000030517578,19.18000030517578,1248114,0.0,0.014814851444281851,0.014814851444281851,0.014814851444281851,f5bf385e8dd544b45f7196d57daca15b633d93e9995d983fc9875e7b7520fe7e,2026-10-07T15:19:18.892844+00:00
HPP,2025-07-01,19.18000030517578,19.18000030517578,1451729,0.0,0.0,0.0,0.0,f5bf385e8dd544b45f7196d57daca15b633d93e9995d983fc9875e7b7520fe7e,2026-10-07T15:19:18.892844+00:00
HPP,2025-07-02,18.829999923706055,18.829999923706055,2718700,0.0,-0.018248194781064653,-0.018248194781064653,-0.018248194781064653,f5bf385e8dd544b45f7196d57daca15b633d93e9995d983fc9875e7b7520fe7e,2026-10-07T15:19:18.892844+00:00
HPP,2025-07-03,19.040000915527344,19.040000915527344,601814,0.0,0.011152469074463989,0.011152469074463989,0.011152469074463989,f5bf385e8dd544b45f7196d57daca15b633d93e9995d983fc9875e7b7520fe7e,2026-10-07T15:19:18.892844+00:00
HPP,2025-07-07,18.899999618530273,18.899999618530273,1301800,0.0,-0.007353008942499462,-0.007353008942499462,-0.007353008942499462,f5bf385e8dd544b45f7196d57daca15b633d93e9995d983fc9875e7b7520fe7e,2026-10-07T15:19:18.892844+00:00
HPP,2025-07-08,18.969999313354492,18.969999313354492,1265471,0.0,0.0037036876315905687,0.0037036876315905687,0.0037036876315905687,f5bf385e8dd544b45f7196d57daca15b633d93e9995d983fc9875e7b7520fe7e,2026-10-07T15:19:18.892844+00:00
HPP,2025-07-09,19.31999969482422,19.31999969482422,931614,0.0,0.018450205278781162,0.018450205278781162,0.018450205278781162,f5bf385e8dd544b45f7196d57daca15b633d93e9995d983fc9875e7b7520fe7e,2026-10-07T15:19:18.892844+00:00
HPP,2025-07-10,19.8799991607666,19.8799991607666,1152543,0.0,0.028985480061493263,0.028985480061493263,0.028985480061493263,f5bf385e8dd544b45f7196d57daca15b633d93e9995d983fc9875e7b7520fe7e,2026-10-07T15:19:18.892844+00:00
HPP,2025-07-11,19.950000762939453,19.950000762939453,1100886,0.0,0.003521207501406831,0.003521207501406831,0.003521207501406831,f5bf385e8dd544b45f7196d57daca15b633d93e9995d983fc9875e7b7520fe7e,2026-10-07T15:19:18.892844+00:00
HPP,2025-07-14,19.950000762939453,19.950000762939453,824229,0.0,0.0,0.0,0.0,f5bf385e8dd544b45f7196d57daca15b633d93e9995d983fc9875e7b7520fe7e,2026-10-07T15:19:18.892844+00:00
HPP,2025-07-15,19.459999084472656,19.459999084472656,946214,0.0,-0.02456148670315139,-0.02456148670315139,-0.02456148670315139,f5bf385e8dd544b45f7196d57daca15b633d93e9995d983fc9875e7b7520fe7e,2026-10-07T15:19:18.892844+00:00
HPP,2025-07-16,19.110000610351562,19.110000610351562,908786,0.0,-0.017985533945906518,-0.017985533945906518,-0.017985533945906518,f5bf385e8dd544b45f7196d57daca15b633d93e9995d983fc9875e7b7520fe7e,2026-10-07T15:19:18.892844+00:00
HPP,2025-07-17,18.1299991607666,18.1299991607666,1079586,0.0,-0.05128212549894484,-0.05128212549894484,-0.05128212549894484,f5bf385e8dd544b45f7196d57daca15b633d93e9995d983fc9875e7b7520fe7e,2026-10-07T15:19:18.892844+00:00
HPP,2025-07-18,17.850000381469727,17.850000381469727,853257,0.0,-0.015443948828348208,-0.015443948828348208,-0.015443948828348208,f5bf385e8dd544b45f7196d57daca15b633d93e9995d983fc9875e7b7520fe7e,2026-10-07T15:19:18.892844+00:00
HPP,2025-07-21,17.639999389648438,17.639999389648438,338386,0.0,-0.0117647611951478,-0.0117647611951478,-0.0117647611951478,f5bf385e8dd544b45f7196d57daca15b633d93e9995d983fc9875e7b7520fe7e,2026-10-07T15:19:18.892844+00:00
HPP,2025-07-22,17.989999771118164,17.989999771118164,753843,0.0,0.01984129215305508,0.01984129215305508,0.01984129215305508,f5bf385e8dd544b45f7196d57daca15b633d93e9995d983fc9875e7b7520fe7e,2026-10-07T15:19:18.892844+00:00
HPP,2025-07-23,18.200000762939453,18.200000762939453,512357,0.0,0.01167320703129926,0.01167320703129926,0.01167320703129926,f5bf385e8dd544b45f7196d57daca15b633d93e9995d983fc9875e7b7520fe7e,2026-10-07T15:19:18.892844+00:00
HPP,2025-07-24,17.5,17.5,491643,0.0,-0.03846157876898881,-0.03846157876898881,-0.03846157876898881,f5bf385e8dd544b45f7196d57daca15b633d93e9995d983fc9875e7b7520fe7e,2026-10-07T15:19:18.892844+00:00
HPP,2025-07-25,17.639999389648438,17.639999389648438,307057,0.0,0.007999965122767794,0.007999965122767794,0.007999965122767794,f5bf385e8dd544b45f7196d57daca15b633d93e9995d983fc9875e7b7520fe7e,2026-10-07T15:19:18.892844+00:00
HPP,2025-07-28,16.940000534057617,16.940000534057617,511129,0.0,-0.0396824761797665,-0.0396824761797665,-0.0396824761797665,f5bf385e8dd544b45f7196d57daca15b633d93e9995d983fc9875e7b7520fe7e,2026-10-07T15:19:18.892844+00:00
HPP,2025-07-29,17.149999618530273,17.149999618530273,594900,0.0,0.01239663977875649,0.01239663977875649,0.01239663977875649,f5bf385e8dd544b45f7196d57daca15b633d93e9995d983fc9875e7b7520fe7e,2026-10-07T15:19:18.892844+00:00
HPP,2025-07-30,16.940000534057617,16.940000534057617,1039729,0.0,-0.01224484484802879,-0.01224484484802879,-0.01224484484802879,f5bf385e8dd544b45f7196d57daca15b633d93e9995d983fc9875e7b7520fe7e,2026-10-07T15:19:18.892844+00:00
HPP,2025-07-31,17.149999618530273,17.149999618530273,817357,0.0,0.01239663977875649,0.01239663977875649,0.01239663977875649,f5bf385e8dd544b45f7196d57daca15b633d93e9995d983fc9875e7b7520fe7e,2026-10-07T15:19:18.892844+00:00
HPP,2025-08-01,16.8700008392334,16.8700008392334,807300,0.0,-0.016326459797371684,-0.016326459797371684,-0.016326459797371684,f5bf385e8dd544b45f7196d57daca15b633d93e9995d983fc9875e7b7520fe7e,2026-10-07T15:19:18.892844+00:00
HPP,2025-08-04,16.8700008392334,16.8700008392334,493786,0.0,0.0,0.0,0.0,f5bf385e8dd544b45f7196d57daca15b633d93e9995d983fc9875e7b7520fe7e,2026-10-07T15:19:18.892844+00:00
HPP,2025-08-05,17.639999389648438,17.639999389648438,1010971,0.0,0.04564306532957052,0.04564306532957052,0.04564306532957052,f5bf385e8dd544b45f7196d57daca15b633d93e9995d983fc9875e7b7520fe7e,2026-10-07T15:19:18.892844+00:00
HPP,2025-08-06,18.829999923706055,18.829999923706055,1101100,0.0,0.06746035006984963,0.06746035006984963,0.06746035006984963,f5bf385e8dd544b45f7196d57daca15b633d93e9995d983fc9875e7b7520fe7e,2026-10-07T15:19:18.892844+00:00
HPP,2025-08-07,18.34000015258789,18.34000015258789,934443,0.0,-0.02602229278297974,-0.02602229278297974,-0.02602229278297974,f5bf385e8dd544b45f7196d57daca15b633d93e9995d983fc9875e7b7520fe7e,2026-10-07T15:19:18.892844+00:00
HPP,2025-08-08,17.5,17.5,1027214,0.0,-0.04580153465644121,-0.04580153465644121,-0.04580153465644121,f5bf385e8dd544b45f7196d57daca15b633d93e9995d983fc9875e7b7520fe7e,2026-10-07T15:19:18.892844+00:00
HPP,2025-08-11,17.079999923706055,17.079999923706055,702629,0.0,-0.024000004359653992,-0.024000004359653992,-0.024000004359653992,f5bf385e8dd544b45f7196d57daca15b633d93e9995d983fc9875e7b7520fe7e,2026-10-07T15:19:18.892844+00:00
HPP,2025-08-12,17.43000030517578,17.43000030517578,685843,0.0,0.020491825704515687,0.020491825704515687,0.020491825704515687,f5bf385e8dd544b45f7196d57daca15b633d93e9995d983fc9875e7b7520fe7e,2026-10-07T15:19:18.892844+00:00
HPP,2025-08-13,18.34000015258789,18.34000015258789,910186,0.0,0.052208825672934056,0.052208825672934056,0.052208825672934056,f5bf385e8dd544b45f7196d57daca15b633d93e9995d983fc9875e7b7520fe7e,2026-10-07T15:19:18.892844+00:00
HPP,2025-08-14,18.479999542236328,18.479999542236328,689829,0.0,0.00763355444294711,0.00763355444294711,0.00763355444294711,f5bf385e8dd544b45f7196d57daca15b633d93e9995d983fc9875e7b7520fe7e,2026-10-07T15:19:18.892844+00:00
HPP,2025-08-15,18.829999923706055,18.829999923706055,1227886,0.0,0.018939415050838848,0.018939415050838848,0.018939415050838848,f5bf385e8dd544b45f7196d57daca15b633d93e9995d983fc9875e7b7520fe7e,2026-10-07T15:19:18.892844+00:00
HPP,2025-08-18,18.6200008392334,18.6200008392334,737300,0.0,-0.01115236778138684,-0.01115236778138684,-0.01115236778138684,f5bf385e8dd544b45f7196d57daca15b633d93e9995d983fc9875e7b7520fe7e,2026-10-07T15:19:18.892844+00:00
HPP,2025-08-19,18.829999923706055,18.829999923706055,795271,0.0,0.011278145811367324,0.011278145811367324,0.011278145811367324,f5bf385e8dd544b45f7196d57daca15b633d93e9995d983fc9875e7b7520fe7e,2026-10-07T15:19:18.892844+00:00
HPP,2025-08-20,18.200000762939453,18.200000762939453,640686,0.0,-0.03345720463723756,-0.03345720463723756,-0.03345720463723756,f5bf385e8dd544b45f7196d57daca15b633d93e9995d983fc9875e7b7520fe7e,2026-10-07T15:19:18.892844+00:00
HPP,2025-08-21,18.270000457763672,18.270000457763672,772957,0.0,0.003846136917024623,0.003846136917024623,0.003846136917024623,f5bf385e8dd544b45f7196d57daca15b633d93e9995d983fc9875e7b7520fe7e,2026-10-07T15:19:18.892844+00:00
HPP,2025-08-22,18.829999923706055,18.829999923706055,878443,0.0,0.030651310996788528,0.030651310996788528,0.030651310996788528,f5bf385e8dd544b45f7196d57daca15b633d93e9995d983fc9875e7b7520fe7e,2026-10-07T15:19:18.892844+00:00
HPP,2025-08-25,18.690000534057617,18.690000534057617,843329,0.0,-0.007434911854257931,-0.007434911854257931,-0.007434911854257931,f5bf385e8dd544b45f7196d57daca15b633d93e9995d983fc9875e7b7520fe7e,2026-10-07T15:19:18.892844+00:00
HPP,2025-08-26,18.690000534057617,18.690000534057617,2769057,0.0,0.0,0.0,0.0,f5bf385e8dd544b45f7196d57daca15b633d93e9995d983fc9875e7b7520fe7e,2026-10-07T15:19:18.892844+00:00
HPP,2025-08-27,20.020000457763672,20.020000457763672,1295271,0.0,0.0711610425736735,0.0711610425736735,0.0711610425736735,f5bf385e8dd544b45f7196d57daca15b633d93e9995d983fc9875e7b7520fe7e,2026-10-07T15:19:18.892844+00:00
HPP,2025-08-28,19.739999771118164,19.739999771118164,1002100,0.0,-0.013986047964196002,-0.013986047964196002,-0.013986047964196002,f5bf385e8dd544b45f7196d57daca15b633d93e9995d983fc9875e7b7520fe7e,2026-10-07T15:19:18.892844+00:00
HPP,2025-08-29,19.670000076293945,19.670000076293945,548371,0.0,-0.00354608387213029,-0.00354608387213029,-0.00354608387213029,f5bf385e8dd544b45f7196d57daca15b633d93e9995d983fc9875e7b7520fe7e,2026-10-07T15:19:18.892844+00:00
HPP,2025-09-02,19.670000076293945,19.670000076293945,968357,0.0,0.0,0.0,0.0,f5bf385e8dd544b45f7196d57daca15b633d93e9995d983fc9875e7b7520fe7e,2026-10-07T15:19:18.892844+00:00
HPP,2025-09-03,19.670000076293945,19.670000076293945,785386,0.0,0.0,0.0,0.0,f5bf385e8dd544b45f7196d57daca15b633d93e9995d983fc9875e7b7520fe7e,2026-10-07T15:19:18.892844+00:00
HPP,2025-09-04,20.020000457763672,20.020000457763672,848329,0.0,0.017793613630512572,0.017793613630512572,0.017793613630512572,f5bf385e8dd544b45f7196d57daca15b633d93e9995d983fc9875e7b7520fe7e,2026-10-07T15:19:18.892844+00:00
HPP,2025-09-05,21.489999771118164,21.489999771118164,1874100,0.0,0.07342653744967476,0.07342653744967476,0.07342653744967476,f5bf385e8dd544b45f7196d57daca15b633d93e9995d983fc9875e7b7520fe7e,2026-10-07T15:19:18.892844+00:00
HPP,2025-09-08,21.280000686645508,21.280000686645508,870257,0.0,-0.009771944472279026,-0.009771944472279026,-0.009771944472279026,f5bf385e8dd544b45f7196d57daca15b633d93e9995d983fc9875e7b7520fe7e,2026-10-07T15:19:18.892844+00:00
HPP,2025-09-09,20.579999923706055,20.579999923706055,553986,0.0,-0.03289477163310184,-0.03289477163310184,-0.03289477163310184,f5bf385e8dd544b45f7196d57daca15b633d93e9995d983fc9875e7b7520fe7e,2026-10-07T15:19:18.892844+00:00
HPP,2025-09-10,20.299999237060547,20.299999237060547,703329,0.0,-0.013605475592007976,-0.013605475592007976,-0.013605475592007976,f5bf385e8dd544b45f7196d57daca15b633d93e9995d983fc9875e7b7520fe7e,2026-10-07T15:19:18.892844+00:00
HPP,2025-09-11,20.649999618530273,20.649999618530273,971243,0.0,0.017241398749944237,0.017241398749944237,0.017241398749944237,f5bf385e8dd544b45f7196d57daca15b633d93e9995d983fc9875e7b7520fe7e,2026-10-07T15:19:18.892844+00:00
HPP,2025-09-12,20.579999923706055,20.579999923706055,588129,0.0,-0.0033898157926067762,-0.0033898157926067762,-0.0033898157926067762,f5bf385e8dd544b45f7196d57daca15b633d93e9995d983fc9875e7b7520fe7e,2026-10-07T15:19:18.892844+00:00
HPP,2025-09-15,20.15999984741211,20.15999984741211,721700,0.0,-0.02040816704815185,-0.02040816704815185,-0.02040816704815185,f5bf385e8dd544b45f7196d57daca15b633d93e9995d983fc9875e7b7520fe7e,2026-10-07T15:19:18.892844+00:00
HPP,2025-09-16,20.09000015258789,20.09000015258789,362414,0.0,-0.0034722071108153063,-0.0034722071108153063,-0.0034722071108153063,f5bf385e8dd544b45f7196d57daca15b633d93e9995d983fc9875e7b7520fe7e,2026-10-07T15:19:18.892844+00:00
HPP,2025-09-17,19.459999084472656,19.459999084472656,599057,0.0,-0.03135893794575606,-0.03135893794575606,-0.03135893794575606,f5bf385e8dd544b45f7196d57daca15b633d93e9995d983fc9875e7b7520fe7e,2026-10-07T15:19:18.892844+00:00
HPP,2025-09-18,20.020000457763672,20.020000457763672,514357,0.0,0.028777050341068477,0.028777050341068477,0.028777050341068477,f5bf385e8dd544b45f7196d57daca15b633d93e9995d983fc9875e7b7520fe7e,2026-10-07T15:19:18.892844+00:00
HPP,2025-09-19,19.459999084472656,19.459999084472656,2622043,0.0,-0.027972095928391894,-0.027972095928391894,-0.027972095928391894,f5bf385e8dd544b45f7196d57daca15b633d93e9995d983fc9875e7b7520fe7e,2026-10-07T15:19:18.892844+00:00
HPP,2025-09-22,19.389999389648438,19.389999389648438,640829,0.0,-0.003597106789181348,-0.003597106789181348,-0.003597106789181348,f5bf385e8dd544b45f7196d57daca15b633d93e9995d983fc9875e7b7520fe7e,2026-10-07T15:19:18.892844+00:00
HPP,2025-09-23,19.110000610351562,19.110000610351562,355557,0.0,-0.01444037071225257,-0.01444037071225257,-0.01444037071225257,f5bf385e8dd544b45f7196d57daca15b633d93e9995d983fc9875e7b7520fe7e,2026-10-07T15:19:18.892844+00:00
HPP,2025-09-24,18.690000534057617,18.690000534057617,580543,0.0,-0.02197802526842607,-0.02197802526842607,-0.02197802526842607,f5bf385e8dd544b45f7196d57daca15b633d93e9995d983fc9875e7b7520fe7e,2026-10-07T15:19:18.892844+00:00
HPP,2025-09-25,18.270000457763672,18.270000457763672,584957,0.0,-0.022471913552308598,-0.022471913552308598,-0.022471913552308598,f5bf385e8dd544b45f7196d57daca15b633d93e9995d983fc9875e7b7520fe7e,2026-10-07T15:19:18.892844+00:00
HPP,2025-09-26,18.1299991607666,18.1299991607666,437800,0.0,-0.007662906047579132,-0.007662906047579132,-0.007662906047579132,f5bf385e8dd544b45f7196d57daca15b633d93e9995d983fc9875e7b7520fe7e,2026-10-07T15:19:18.892844+00:00
HPP,2025-09-29,19.110000610351562,19.110000610351562,650129,0.0,0.054054136511251905,0.054054136511251905,0.054054136511251905,f5bf385e8dd544b45f7196d57daca15b633d93e9995d983fc9875e7b7520fe7e,2026-10-07T15:19:18.892844+00:00
HPP,2025-09-30,19.31999969482422,19.31999969482422,531486,0.0,0.01098896272975014,0.01098896272975014,0.01098896272975014,f5bf385e8dd544b45f7196d57daca15b633d93e9995d983fc9875e7b7520fe7e,2026-10-07T15:19:18.892844+00:00
HPP,2025-10-01,19.110000610351562,19.110000610351562,598314,0.0,-0.010869518001540901,-0.010869518001540901,-0.010869518001540901,f5bf385e8dd544b45f7196d57daca15b633d93e9995d983fc9875e7b7520fe7e,2026-10-07T15:19:18.892844+00:00
HPP,2025-10-02,19.110000610351562,19.110000610351562,337014,0.0,0.0,0.0,0.0,f5bf385e8dd544b45f7196d57daca15b633d93e9995d983fc9875e7b7520fe7e,2026-10-07T15:19:18.892844+00:00
HPP,2025-10-03,19.040000915527344,19.040000915527344,254271,0.0,-0.003662987576583343,-0.003662987576583343,-0.003662987576583343,f5bf385e8dd544b45f7196d57daca15b633d93e9995d983fc9875e7b7520fe7e,2026-10-07T15:19:18.892844+00:00
HPP,2025-10-06,18.969999313354492,18.969999313354492,436214,0.0,-0.003676554559184142,-0.003676554559184142,-0.003676554559184142,f5bf385e8dd544b45f7196d57daca15b633d93e9995d983fc9875e7b7520fe7e,2026-10-07T15:19:18.892844+00:00
HPP,2025-10-07,18.899999618530273,18.899999618530273,362171,0.0,-0.0036900209466502742,-0.0036900209466502742,-0.0036900209466502742,f5bf385e8dd544b45f7196d57daca15b633d93e9995d983fc9875e7b7520fe7e,2026-10-07T15:19:18.892844+00:00
HPP,2025-10-08,19.459999084472656,19.459999084472656,457600,0.0,0.029629601970644348,0.029629601970644348,0.029629601970644348,f5bf385e8dd544b45f7196d57daca15b633d93e9995d983fc9875e7b7520fe7e,2026-10-07T15:19:18.892844+00:00
HPP,2025-10-09,18.40999984741211,18.40999984741211,513986,0.0,-0.05395679786533769,-0.05395679786533769,-0.05395679786533769,f5bf385e8dd544b45f7196d57daca15b633d93e9995d983fc9875e7b7520fe7e,2026-10-07T15:19:18.892844+00:00
HPP,2025-10-10,17.56999969482422,17.56999969482422,734786,0.0,-0.04562738509234532,-0.04562738509234532,-0.04562738509234532,f5bf385e8dd544b45f7196d57daca15b633d93e9995d983fc9875e7b7520fe7e,2026-10-07T15:19:18.892844+00:00
HPP,2025-10-13,17.709999084472656,17.709999084472656,604186,0.0,0.007968092890159761,0.007968092890159761,0.007968092890159761,f5bf385e8dd544b45f7196d57daca15b633d93e9995d983fc9875e7b7520fe7e,2026-10-07T15:19:18.892844+00:00
HPP,2025-10-14,18.270000457763672,18.270000457763672,751543,0.0,0.03162063253758163,0.03162063253758163,0.03162063253758163,f5bf385e8dd544b45f7196d57daca15b633d93e9995d983fc9875e7b7520fe7e,2026-10-07T15:19:18.892844+00:00
HPP,2025-10-15,19.18000030517578,19.18000030517578,1008857,0.0,0.0498084195189723,0.0498084195189723,0.0498084195189723,f5bf385e8dd544b45f7196d57daca15b633d93e9995d983fc9875e7b7520fe7e,2026-10-07T15:19:18.892844+00:00
HPP,2025-10-16,18.34000015258789,18.34000015258789,478500,0.0,-0.04379562769669065,-0.04379562769669065,-0.04379562769669065,f5bf385e8dd544b45f7196d57daca15b633d93e9995d983fc9875e7b7520fe7e,2026-10-07T15:19:18.892844+00:00
HPP,2025-10-17,18.1299991607666,18.1299991607666,652314,0.0,-0.011450435663799996,-0.011450435663799996,-0.011450435663799996,f5bf385e8dd544b45f7196d57daca15b633d93e9995d983fc9875e7b7520fe7e,2026-10-07T15:19:18.892844+00:00
HPP,2025-10-20,17.850000381469727,17.850000381469727,395229,0.0,-0.015443948828348208,-0.015443948828348208,-0.015443948828348208,f5bf385e8dd544b45f7196d57daca15b633d93e9995d983fc9875e7b7520fe7e,2026-10-07T15:19:18.892844+00:00
HPP,2025-10-21,18.059999465942383,18.059999465942383,410814,0.0,0.011764654340884917,0.011764654340884917,0.011764654340884917,f5bf385e8dd544b45f7196d57daca15b633d93e9995d983fc9875e7b7520fe7e,2026-10-07T15:19:18.892844+00:00
HPP,2025-10-22,17.920000076293945,17.920000076293945,343071,0.0,-0.007751904417962363,-0.007751904417962363,-0.007751904417962363,f5bf385e8dd544b45f7196d57daca15b633d93e9995d983fc9875e7b7520fe7e,2026-10-07T15:19:18.892844+00:00
HPP,2025-10-23,17.989999771118164,17.989999771118164,277286,0.0,0.0039062329534707008,0.0039062329534707008,0.0039062329534707008,f5bf385e8dd544b45f7196d57daca15b633d93e9995d983fc9875e7b7520fe7e,2026-10-07T15:19:18.892844+00:00
HPP,2025-10-24,17.709999084472656,17.709999084472656,320471,0.0,-0.01556424070082707,-0.01556424070082707,-0.01556424070082707,f5bf385e8dd544b45f7196d57daca15b633d93e9995d983fc9875e7b7520fe7e,2026-10-07T15:19:18.892844+00:00
HPP,2025-10-27,17.56999969482422,17.56999969482422,372743,0.0,-0.007905104284911202,-0.007905104284911202,-0.007905104284911202,f5bf385e8dd544b45f7196d57daca15b633d93e9995d983fc9875e7b7520fe7e,2026-10-07T15:19:18.892844+00:00
HPP,2025-10-28,17.360000610351562,17.360000610351562,785900,0.0,-0.011952139335239642,-0.011952139335239642,-0.011952139335239642,f5bf385e8dd544b45f7196d57daca15b633d93e9995d983fc9875e7b7520fe7e,2026-10-07T15:19:18.892844+00:00
HPP,2025-10-29,16.450000762939453,16.450000762939453,856629,0.0,-0.05241934420609917,-0.05241934420609917,-0.05241934420609917,f5bf385e8dd544b45f7196d57daca15b633d93e9995d983fc9875e7b7520fe7e,2026-10-07T15:19:18.892844+00:00
HPP,2025-10-30,17.010000228881836,17.010000228881836,1156229,0.0,0.03404251914711254,0.03404251914711254,0.03404251914711254,f5bf385e8dd544b45f7196d57daca15b633d93e9995d983fc9875e7b7520fe7e,2026-10-07T15:19:18.892844+00:00
HPP,2025-10-31,17.079999923706055,17.079999923706055,1005543,0.0,0.004115208341112453,0.004115208341112453,0.004115208341112453,f5bf385e8dd544b45f7196d57daca15b633d93e9995d983fc9875e7b7520fe7e,2026-10-07T15:19:18.892844+00:00
HPP,2025-11-03,16.8700008392334,16.8700008392334,898214,0.0,-0.012295028419829768,-0.012295028419829768,-0.012295028419829768,f5bf385e8dd544b45f7196d57daca15b633d93e9995d983fc9875e7b7520fe7e,2026-10-07T15:19:18.892844+00:00
HPP,2025-11-04,15.75,15.75,1026486,0.0,-0.06639008793815171,-0.06639008793815171,-0.06639008793815171,f5bf385e8dd544b45f7196d57daca15b633d93e9995d983fc9875e7b7520fe7e,2026-10-07T15:19:18.892844+00:00
HPP,2025-11-05,16.8700008392334,16.8700008392334,1553643,0.0,0.07111116439577136,0.07111116439577136,0.07111116439577136,f5bf385e8dd544b45f7196d57daca15b633d93e9995d983fc9875e7b7520fe7e,2026-10-07T15:19:18.892844+00:00
HPP,2025-11-06,15.539999961853027,15.539999961853027,622257,0.0,-0.07883822236020754,-0.07883822236020754,-0.07883822236020754,f5bf385e8dd544b45f7196d57daca15b633d93e9995d983fc9875e7b7520fe7e,2026-10-07T15:19:18.892844+00:00
HPP,2025-11-07,15.75,15.75,626457,0.0,0.013513516001446124,0.013513516001446124,0.013513516001446124,f5bf385e8dd544b45f7196d57daca15b633d93e9995d983fc9875e7b7520fe7e,2026-10-07T15:19:18.892844+00:00
HPP,2025-11-10,15.399999618530273,15.399999618530273,467700,0.0,-0.022222246442522353,-0.022222246442522353,-0.022222246442522353,f5bf385e8dd544b45f7196d57daca15b633d93e9995d983fc9875e7b7520fe7e,2026-10-07T15:19:18.892844+00:00
HPP,2025-11-11,15.119999885559082,15.119999885559082,699157,0.0,-0.018181801292662225,-0.018181801292662225,-0.018181801292662225,f5bf385e8dd544b45f7196d57daca15b633d93e9995d983fc9875e7b7520fe7e,2026-10-07T15:19:18.892844+00:00
HPP,2025-11-12,15.050000190734863,15.050000190734863,1527786,0.0,-0.004629609481087038,-0.004629609481087038,-0.004629609481087038,f5bf385e8dd544b45f7196d57daca15b633d93e9995d983fc9875e7b7520fe7e,2026-10-07T15:19:18.892844+00:00
HPP,2025-11-13,14.350000381469727,14.350000381469727,1255886,0.0,-0.04651161464410303,-0.04651161464410303,-0.04651161464410303,f5bf385e8dd544b45f7196d57daca15b633d93e9995d983fc9875e7b7520fe7e,2026-10-07T15:19:18.892844+00:00
HPP,2025-11-14,14.5600004196167,14.5600004196167,1231029,0.0,0.01463414861076573,0.01463414861076573,0.01463414861076573,f5bf385e8dd544b45f7196d57daca15b633d93e9995d983fc9875e7b7520fe7e,2026-10-07T15:19:18.892844+00:00
HPP,2025-11-17,13.15999984741211,13.15999984741211,1742271,0.0,-0.0961538826824736,-0.0961538826824736,-0.0961538826824736,f5bf385e8dd544b45f7196d57daca15b633d93e9995d983fc9875e7b7520fe7e,2026-10-07T15:19:18.892844+00:00
HPP,2025-11-18,12.600000381469727,12.600000381469727,1131743,0.0,-0.042553151400872236,-0.042553151400872236,-0.042553151400872236,f5bf385e8dd544b45f7196d57daca15b633d93e9995d983fc9875e7b7520fe7e,2026-10-07T15:19:18.892844+00:00
HPP,2025-11-19,11.970000267028809,11.970000267028809,1803229,0.0,-0.050000007568843596,-0.050000007568843596,-0.050000007568843596,f5bf385e8dd544b45f7196d57daca15b633d93e9995d983fc9875e7b7520fe7e,2026-10-07T15:19:18.892844+00:00
HPP,2025-11-20,11.6899995803833,11.6899995803833,1340671,0.0,-0.02339186970753593,-0.02339186970753593,-0.02339186970753593,f5bf385e8dd544b45f7196d57daca15b633d93e9995d983fc9875e7b7520fe7e,2026-10-07T15:19:18.892844+00:00
HPP,2025-11-21,12.180000305175781,12.180000305175781,1290743,0.0,0.04191623117033627,0.04191623117033627,0.04191623117033627,f5bf385e8dd544b45f7196d57daca15b633d93e9995d983fc9875e7b7520fe7e,2026-10-07T15:19:18.892844+00:00
HPP,2025-11-24,12.460000038146973,12.460000038146973,1413343,0.0,0.022988483247591285,0.022988483247591285,0.022988483247591285,f5bf385e8dd544b45f7196d57daca15b633d93e9995d983fc9875e7b7520fe7e,2026-10-07T15:19:18.892844+00:00
HPP,2025-11-25,13.15999984741211,13.15999984741211,974571,0.0,0.05617975980112755,0.05617975980112755,0.05617975980112755,f5bf385e8dd544b45f7196d57daca15b633d93e9995d983fc9875e7b7520fe7e,2026-10-07T15:19:18.892844+00:00
HPP,2025-11-26,13.720000267028809,13.720000267028809,608343,0.0,0.042553223868526224,0.042553223868526224,0.042553223868526224,f5bf385e8dd544b45f7196d57daca15b633d93e9995d983fc9875e7b7520fe7e,2026-10-07T15:19:18.892844+00:00
HPP,2025-11-28,13.859999656677246,13.859999656677246,469400,0.0,0.010204036947789152,0.010204036947789152,0.010204036947789152,f5bf385e8dd544b45f7196d57daca15b633d93e9995d983fc9875e7b7520fe7e,2026-10-07T15:19:18.892844+00:00
HPP,2025-12-01,13.859999656677246,13.859999656677246,867414,0.0,0.0,0.0,0.0,f5bf385e8dd544b45f7196d57daca15b633d93e9995d983fc9875e7b7520fe7e,2026-10-07T15:19:18.892844+00:00
HPP,2025-12-02,14.210000038146973,14.210000038146973,1223400,0.0,0.025252553401118538,0.025252553401118538,0.025252553401118538,f5bf385e8dd544b45f7196d57daca15b633d93e9995d983fc9875e7b7520fe7e,2026-10-07T15:19:18.892844+00:00
HPP,2025-12-03,13.9399995803833,13.9399995803833,1290000,0.0,-0.01900073589295226,-0.01900073589295226,-0.01900073589295226,f5bf385e8dd544b45f7196d57daca15b633d93e9995d983fc9875e7b7520fe7e,2026-10-07T15:19:18.892844+00:00
HPP,2025-12-04,13.5600004196167,13.5600004196167,1312000,0.0,-0.027259624978851926,-0.027259624978851926,-0.027259624978851926,f5bf385e8dd544b45f7196d57daca15b633d93e9995d983fc9875e7b7520fe7e,2026-10-07T15:19:18.892844+00:00
HPP,2025-12-05,13.479999542236328,13.479999542236328,1814200,0.0,-0.0058997695357470015,-0.0058997695357470015,-0.0058997695357470015,f5bf385e8dd544b45f7196d57daca15b633d93e9995d983fc9875e7b7520fe7e,2026-10-07T15:19:18.892844+00:00
HPP,2025-12-08,13.180000305175781,13.180000305175781,1085000,0.0,-0.02225513703621218,-0.02225513703621218,-0.02225513703621218,f5bf385e8dd544b45f7196d57daca15b633d93e9995d983fc9875e7b7520fe7e,2026-10-07T15:19:18.892844+00:00
HPP,2025-12-09,13.380000114440918,13.380000114440918,1147900,0.0,0.015174492005633589,0.015174492005633589,0.015174492005633589,f5bf385e8dd544b45f7196d57daca15b633d93e9995d983fc9875e7b7520fe7e,2026-10-07T15:19:18.892844+00:00
HPP,2025-12-10,13.449999809265137,13.449999809265137,1180200,0.0,0.005231666235089749,0.005231666235089749,0.005231666235089749,f5bf385e8dd544b45f7196d57daca15b633d93e9995d983fc9875e7b7520fe7e,2026-10-07T15:19:18.892844+00:00
HPP,2025-12-11,13.40999984741211,13.40999984741211,797900,0.0,-0.002973974901135157,-0.002973974901135157,-0.002973974901135157,f5bf385e8dd544b45f7196d57daca15b633d93e9995d983fc9875e7b7520fe7e,2026-10-07T15:19:18.892844+00:00
HPP,2025-12-12,12.15999984741211,12.15999984741211,1504700,0.0,-0.09321402044916705,-0.09321402044916705,-0.09321402044916705,f5bf385e8dd544b45f7196d57daca15b633d93e9995d983fc9875e7b7520fe7e,2026-10-07T15:19:18.892844+00:00
HPP,2025-12-15,12.0600004196167,12.0600004196167,1107900,0.0,-0.008223637257420813,-0.008223637257420813,-0.008223637257420813,f5bf385e8dd544b45f7196d57daca15b633d93e9995d983fc9875e7b7520fe7e,2026-10-07T15:19:18.892844+00:00
HPP,2025-12-16,11.539999961853027,11.539999961853027,1465300,0.0,-0.04311778106722475,-0.04311778106722475,-0.04311778106722475,f5bf385e8dd544b45f7196d57daca15b633d93e9995d983fc9875e7b7520fe7e,2026-10-07T15:19:18.892844+00:00
HPP,2025-12-17,11.010000228881836,11.010000228881836,2042800,0.0,-0.0459271867177794,-0.0459271867177794,-0.0459271867177794,f5bf385e8dd544b45f7196d57daca15b633d93e9995d983fc9875e7b7520fe7e,2026-10-07T15:19:18.892844+00:00
HPP,2025-12-18,10.289999961853027,10.289999961853027,2544100,0.0,-0.0653951182616761,-0.0653951182616761,-0.0653951182616761,f5bf385e8dd544b45f7196d57daca15b633d93e9995d983fc9875e7b7520fe7e,2026-10-07T15:19:18.892844+00:00
HPP,2025-12-19,10.319999694824219,10.319999694824219,2131800,0.0,0.002915425955530182,0.002915425955530182,0.002915425955530182,f5bf385e8dd544b45f7196d57daca15b633d93e9995d983fc9875e7b7520fe7e,2026-10-07T15:19:18.892844+00:00
HPP,2025-12-22,10.260000228881836,10.260000228881836,1938300,0.0,-0.0058139019105275525,-0.0058139019105275525,-0.0058139019105275525,f5bf385e8dd544b45f7196d57daca15b633d93e9995d983fc9875e7b7520fe7e,2026-10-07T15:19:18.892844+00:00
HPP,2025-12-23,10.260000228881836,10.260000228881836,2305600,0.0,0.0,0.0,0.0,f5bf385e8dd544b45f7196d57daca15b633d93e9995d983fc9875e7b7520fe7e,2026-10-07T15:19:18.892844+00:00
HPP,2025-12-24,10.270000457763672,10.270000457763672,625100,0.0,0.0009746811558235535,0.0009746811558235535,0.0009746811558235535,f5bf385e8dd544b45f7196d57daca15b633d93e9995d983fc9875e7b7520fe7e,2026-10-07T15:19:18.892844+00:00
HPP,2025-12-26,10.390000343322754,10.390000343322754,796300,0.0,0.011684506349594947,0.011684506349594947,0.011684506349594947,f5bf385e8dd544b45f7196d57daca15b633d93e9995d983fc9875e7b7520fe7e,2026-10-07T15:19:18.892844+00:00
HPP,2025-12-29,10.359999656677246,10.359999656677246,1174700,0.0,-0.0028874577145503455,-0.0028874577145503455,-0.0028874577145503455,f5bf385e8dd544b45f7196d57daca15b633d93e9995d983fc9875e7b7520fe7e,2026-10-07T15:19:18.892844+00:00
HPP,2025-12-30,10.890000343322754,10.890000343322754,886300,0.0,0.05115836913217575,0.05115836913217575,0.05115836913217575,f5bf385e8dd544b45f7196d57daca15b633d93e9995d983fc9875e7b7520fe7e,2026-10-07T15:19:18.892844+00:00
HPP,2025-12-31,10.829999923706055,10.829999923706055,1072300,0.0,-0.005509680231873371,-0.005509680231873371,-0.005509680231873371,f5bf385e8dd544b45f7196d57daca15b633d93e9995d983fc9875e7b7520fe7e,2026-10-07T15:19:18.892844+00:00
HPP,2026-01-02,11.239999771118164,11.239999771118164,1401500,0.0,0.03785778857806377,0.03785778857806377,0.03785778857806377,f5bf385e8dd544b45f7196d57daca15b633d93e9995d983fc9875e7b7520fe7e,2026-10-07T15:19:18.892844+00:00
HPP,2026-01-05,10.979999542236328,10.979999542236328,1405400,0.0,-0.02313169343205168,-0.02313169343205168,-0.02313169343205168,f5bf385e8dd544b45f7196d57daca15b633d93e9995d983fc9875e7b7520fe7e,2026-10-07T15:19:18.892844+00:00
HPP,2026-01-06,10.710000038146973,10.710000038146973,1417300,0.0,-0.02459011979470116,-0.02459011979470116,-0.02459011979470116,f5bf385e8dd544b45f7196d57daca15b633d93e9995d983fc9875e7b7520fe7e,2026-10-07T15:19:18.892844+00:00
HPP,2026-01-07,10.199999809265137,10.199999809265137,1096200,0.0,-0.047619068820290655,-0.047619068820290655,-0.047619068820290655,f5bf385e8dd544b45f7196d57daca15b633d93e9995d983fc9875e7b7520fe7e,2026-10-07T15:19:18.892844+00:00
HPP,2026-01-08,10.079999923706055,10.079999923706055,921300,0.0,-0.011764694882648974,-0.011764694882648974,-0.011764694882648974,f5bf385e8dd544b45f7196d57daca15b633d93e9995d983fc9875e7b7520fe7e,2026-10-07T15:19:18.892844+00:00
HPP,2026-01-09,9.720000267028809,9.720000267028809,2565400,0.0,-0.03571425192480426,-0.03571425192480426,-0.03571425192480426,f5bf385e8dd544b45f7196d57daca15b633d93e9995d983fc9875e7b7520fe7e,2026-10-07T15:19:18.892844+00:00
HPP,2026-01-12,10.050000190734863,10.050000190734863,1621100,0.0,0.03395060850208487,0.03395060850208487,0.03395060850208487,f5bf385e8dd544b45f7196d57daca15b633d93e9995d983fc9875e7b7520fe7e,2026-10-07T15:19:18.892844+00:00
HPP,2026-01-13,9.609999656677246,9.609999656677246,1124900,0.0,-0.04378114683652001,-0.04378114683652001,-0.04378114683652001,f5bf385e8dd544b45f7196d57daca15b633d93e9995d983fc9875e7b7520fe7e,2026-10-07T15:19:18.892844+00:00
HPP,2026-01-14,9.489999771118164,9.489999771118164,1324700,0.0,-0.012486981253501228,-0.012486981253501228,-0.012486981253501228,f5bf385e8dd544b45f7196d57daca15b633d93e9995d983fc9875e7b7520fe7e,2026-10-07T15:19:18.892844+00:00
HPP,2026-01-15,9.8100004196167,9.8100004196167,889500,0.0,0.03371977410077753,0.03371977410077753,0.03371977410077753,f5bf385e8dd544b45f7196d57daca15b633d93e9995d983fc9875e7b7520fe7e,2026-10-07T15:19:18.892844+00:00
HPP,2026-01-16,9.960000038146973,9.960000038146973,885200,0.0,0.01529048033783198,0.01529048033783198,0.01529048033783198,f5bf385e8dd544b45f7196d57daca15b633d93e9995d983fc9875e7b7520fe7e,2026-10-07T15:19:18.892844+00:00
HPP,2026-01-20,9.25,9.25,1420100,0.0,-0.07128514411924303,-0.07128514411924303,-0.07128514411924303,f5bf385e8dd544b45f7196d57daca15b633d93e9995d983fc9875e7b7520fe7e,2026-10-07T15:19:18.892844+00:00
HPP,2026-01-21,9.399999618530273,9.399999618530273,1439600,0.0,0.016216174976245723,0.016216174976245723,0.016216174976245723,f5bf385e8dd544b45f7196d57daca15b633d93e9995d983fc9875e7b7520fe7e,2026-10-07T15:19:18.892844+00:00
HPP,2026-01-22,9.5,9.5,809200,0.0,0.010638338885950116,0.010638338885950116,0.010638338885950116,f5bf385e8dd544b45f7196d57daca15b633d93e9995d983fc9875e7b7520fe7e,2026-10-07T15:19:18.892844+00:00
HPP,2026-01-23,9.399999618530273,9.399999618530273,980200,0.0,-0.01052635594418172,-0.01052635594418172,-0.01052635594418172,f5bf385e8dd544b45f7196d57daca15b633d93e9995d983fc9875e7b7520fe7e,2026-10-07T15:19:18.892844+00:00
HPP,2026-01-26,9.029999732971191,9.029999732971191,701800,0.0,-0.03936169155046554,-0.03936169155046554,-0.03936169155046554,f5bf385e8dd544b45f7196d57daca15b633d93e9995d983fc9875e7b7520fe7e,2026-10-07T15:19:18.892844+00:00
HPP,2026-01-27,8.979999542236328,8.979999542236328,1360800,0.0,-0.00553711984644889,-0.00553711984644889,-0.00553711984644889,f5bf385e8dd544b45f7196d57daca15b633d93e9995d983fc9875e7b7520fe7e,2026-10-07T15:19:18.892844+00:00
HPP,2026-01-28,8.6899995803833,8.6899995803833,913200,0.0,-0.03229398403519379,-0.03229398403519379,-0.03229398403519379,f5bf385e8dd544b45f7196d57daca15b633d93e9995d983fc9875e7b7520fe7e,2026-10-07T15:19:18.892844+00:00
HPP,2026-01-29,8.880000114440918,8.880000114440918,1265400,0.0,0.021864274249969062,0.021864274249969062,0.021864274249969062,f5bf385e8dd544b45f7196d57daca15b633d93e9995d983fc9875e7b7520fe7e,2026-10-07T15:19:18.892844+00:00
HPP,2026-01-30,8.619999885559082,8.619999885559082,985800,0.0,-0.02927930467692408,-0.02927930467692408,-0.02927930467692408,f5bf385e8dd544b45f7196d57daca15b633d93e9995d983fc9875e7b7520fe7e,2026-10-07T15:19:18.892844+00:00
HPP,2026-02-02,8.670000076293945,8.670000076293945,969100,0.0,0.005800486241145819,0.005800486241145819,0.005800486241145819,f5bf385e8dd544b45f7196d57daca15b633d93e9995d983fc9875e7b7520fe7e,2026-10-07T15:19:18.892844+00:00
HPP,2026-02-03,8.220000267028809,8.220000267028809,1158000,0.0,-0.05190309173070873,-0.05190309173070873,-0.05190309173070873,f5bf385e8dd544b45f7196d57daca15b633d93e9995d983fc9875e7b7520fe7e,2026-10-07T15:19:18.892844+00:00
HPP,2026-02-04,8.170000076293945,8.170000076293945,1676200,0.0,-0.00608274806698228,-0.00608274806698228,-0.00608274806698228,f5bf385e8dd544b45f7196d57daca15b633d93e9995d983fc9875e7b7520fe7e,2026-10-07T15:19:18.892844+00:00
HPP,2026-02-05,7.849999904632568,7.849999904632568,1415500,0.0,-0.039167707303931265,-0.039167707303931265,-0.039167707303931265,f5bf385e8dd544b45f7196d57daca15b633d93e9995d983fc9875e7b7520fe7e,2026-10-07T15:19:18.892844+00:00
HPP,2026-02-06,8.149999618530273,8.149999618530273,1628400,0.0,0.03821652452768376,0.03821652452768376,0.03821652452768376,f5bf385e8dd544b45f7196d57daca15b633d93e9995d983fc9875e7b7520fe7e,2026-10-07T15:19:18.892844+00:00
HPP,2026-02-09,7.71999979019165,7.71999979019165,1602700,0.0,-0.05276071760309686,-0.05276071760309686,-0.05276071760309686,f5bf385e8dd544b45f7196d57daca15b633d93e9995d983fc9875e7b7520fe7e,2026-10-07T15:19:18.892844+00:00
HPP,2026-02-10,7.389999866485596,7.389999866485596,1771700,0.0,-0.042746105268723356,-0.042746105268723356,-0.042746105268723356,f5bf385e8dd544b45f7196d57daca15b633d93e9995d983fc9875e7b7520fe7e,2026-10-07T15:19:18.892844+00:00
HPP,2026-02-11,6.349999904632568,6.349999904632568,3613900,0.0,-0.14073071456598174,-0.14073071456598174,-0.14073071456598174,f5bf385e8dd544b45f7196d57daca15b633d93e9995d983fc9875e7b7520fe7e,2026-10-07T15:19:18.892844+00:00
HPP,2026-02-12,6.099999904632568,6.099999904632568,4654200,0.0,-0.03937007933143677,-0.03937007933143677,-0.03937007933143677,f5bf385e8dd544b45f7196d57daca15b633d93e9995d983fc9875e7b7520fe7e,2026-10-07T15:19:18.892844+00:00
HPP,2026-02-13,6.579999923706055,6.579999923706055,1936200,0.0,0.07868852894718192,0.07868852894718192,0.07868852894718192,f5bf385e8dd544b45f7196d57daca15b633d93e9995d983fc9875e7b7520fe7e,2026-10-07T15:19:18.892844+00:00
HPP,2026-02-17,6.320000171661377,6.320000171661377,1317800,0.0,-0.03951364058652418,-0.03951364058652418,-0.03951364058652418,f5bf385e8dd544b45f7196d57daca15b633d93e9995d983fc9875e7b7520fe7e,2026-10-07T15:19:18.892844+00:00
HPP,2026-02-18,6.340000152587891,6.340000152587891,1664000,0.0,0.003164553858114205,0.003164553858114205,0.003164553858114205,f5bf385e8dd544b45f7196d57daca15b633d93e9995d983fc9875e7b7520fe7e,2026-10-07T15:19:18.892844+00:00
HPP,2026-02-19,6.5,6.5,913400,0.0,0.025236568385065494,0.025236568385065494,0.025236568385065494,f5bf385e8dd544b45f7196d57daca15b633d93e9995d983fc9875e7b7520fe7e,2026-10-07T15:19:18.892844+00:00
HPP,2026-02-20,6.369999885559082,6.369999885559082,1364100,0.0,-0.020000017606295106,-0.020000017606295106,-0.020000017606295106,f5bf385e8dd544b45f7196d57daca15b633d93e9995d983fc9875e7b7520fe7e,2026-10-07T15:19:18.892844+00:00
HPP,2026-02-23,6.050000190734863,6.050000190734863,1366300,0.0,-0.05023543180113155,-0.05023543180113155,-0.05023543180113155,f5bf385e8dd544b45f7196d57daca15b633d93e9995d983fc9875e7b7520fe7e,2026-10-07T15:19:18.892844+00:00
HPP,2026-02-24,6.28000020980835,6.28000020980835,1355000,0.0,0.03801653087973689,0.03801653087973689,0.03801653087973689,f5bf385e8dd544b45f7196d57daca15b633d93e9995d983fc9875e7b7520fe7e,2026-10-07T15:19:18.892844+00:00
HPP,2026-02-25,6.360000133514404,6.360000133514404,1446300,0.0,0.012738840928875783,0.012738840928875783,0.012738840928875783,f5bf385e8dd544b45f7196d57daca15b633d93e9995d983fc9875e7b7520fe7e,2026-10-07T15:19:18.892844+00:00
HPP,2026-02-26,7.690000057220459,7.690000057220459,2783000,0.0,0.20911948046943274,0.20911948046943274,0.20911948046943274,f5bf385e8dd544b45f7196d57daca15b633d93e9995d983fc9875e7b7520fe7e,2026-10-07T15:19:18.892844+00:00
HPP,2026-02-27,7.239999771118164,7.239999771118164,2105200,0.0,-0.05851759203561657,-0.05851759203561657,-0.05851759203561657,f5bf385e8dd544b45f7196d57daca15b633d93e9995d983fc9875e7b7520fe7e,2026-10-07T15:19:18.892844+00:00
HPP,2026-03-02,7.449999809265137,7.449999809265137,1895100,0.0,0.029005531047764155,0.029005531047764155,0.029005531047764155,f5bf385e8dd544b45f7196d57daca15b633d93e9995d983fc9875e7b7520fe7e,2026-10-07T15:19:18.892844+00:00
HPP,2026-03-03,7.46999979019165,7.46999979019165,1780500,0.0,0.0026845612669199603,0.0026845612669199603,0.0026845612669199603,f5bf385e8dd544b45f7196d57daca15b633d93e9995d983fc9875e7b7520fe7e,2026-10-07T15:19:18.892844+00:00
HPP,2026-03-04,7.619999885559082,7.619999885559082,1034000,0.0,0.02008033461585712,0.02008033461585712,0.02008033461585712,f5bf385e8dd544b45f7196d57daca15b633d93e9995d983fc9875e7b7520fe7e,2026-10-07T15:19:18.892844+00:00
HPP,2026-03-05,7.480000019073486,7.480000019073486,1143700,0.0,-0.018372686166428176,-0.018372686166428176,-0.018372686166428176,f5bf385e8dd544b45f7196d57daca15b633d93e9995d983fc9875e7b7520fe7e,2026-10-07T15:19:18.892844+00:00
HPP,2026-03-06,6.989999771118164,6.989999771118164,1086100,0.0,-0.06550805437244056,-0.06550805437244056,-0.06550805437244056,f5bf385e8dd544b45f7196d57daca15b633d93e9995d983fc9875e7b7520fe7e,2026-10-07T15:19:18.892844+00:00
HPP,2026-03-09,6.849999904632568,6.849999904632568,1287600,0.0,-0.020028593858337218,-0.020028593858337218,-0.020028593858337218,f5bf385e8dd544b45f7196d57daca15b633d93e9995d983fc9875e7b7520fe7e,2026-10-07T15:19:18.892844+00:00
HPP,2026-03-10,6.559999942779541,6.559999942779541,1149200,0.0,-0.04233576144386575,-0.04233576144386575,-0.04233576144386575,f5bf385e8dd544b45f7196d57daca15b633d93e9995d983fc9875e7b7520fe7e,2026-10-07T15:19:18.892844+00:00
HPP,2026-03-11,6.190000057220459,6.190000057220459,1059200,0.0,-0.05640242207110591,-0.05640242207110591,-0.05640242207110591,f5bf385e8dd544b45f7196d57daca15b633d93e9995d983fc9875e7b7520fe7e,2026-10-07T15:19:18.892844+00:00
HPP,2026-03-12,6.300000190734863,6.300000190734863,1176100,0.0,0.0177706191433864,0.0177706191433864,0.0177706191433864,f5bf385e8dd544b45f7196d57daca15b633d93e9995d983fc9875e7b7520fe7e,2026-10-07T15:19:18.892844+00:00
HPP,2026-03-13,6.5,6.5,1118800,0.0,0.03174600050953447,0.03174600050953447,0.03174600050953447,f5bf385e8dd544b45f7196d57daca15b633d93e9995d983fc9875e7b7520fe7e,2026-10-07T15:19:18.892844+00:00
HPP,2026-03-16,6.320000171661377,6.320000171661377,676200,0.0,-0.02769228128286505,-0.02769228128286505,-0.02769228128286505,f5bf385e8dd544b45f7196d57daca15b633d93e9995d983fc9875e7b7520fe7e,2026-10-07T15:19:18.892844+00:00
HPP,2026-03-17,6.150000095367432,6.150000095367432,980600,0.0,-0.026898745518428746,-0.026898745518428746,-0.026898745518428746,f5bf385e8dd544b45f7196d57daca15b633d93e9995d983fc9875e7b7520fe7e,2026-10-07T15:19:18.892844+00:00
HPP,2026-03-18,6.059999942779541,6.059999942779541,1298200,0.0,-0.014634170925571954,-0.014634170925571954,-0.014634170925571954,f5bf385e8dd544b45f7196d57daca15b633d93e9995d983fc9875e7b7520fe7e,2026-10-07T15:19:18.892844+00:00
HPP,2026-03-19,6.059999942779541,6.059999942779541,772100,0.0,0.0,0.0,0.0,f5bf385e8dd544b45f7196d57daca15b633d93e9995d983fc9875e7b7520fe7e,2026-10-07T15:19:18.892844+00:00
HPP,2026-03-20,5.650000095367432,5.650000095367432,1611700,0.0,-0.06765674113588438,-0.06765674113588438,-0.06765674113588438,f5bf385e8dd544b45f7196d57daca15b633d93e9995d983fc9875e7b7520fe7e,2026-10-07T15:19:18.892844+00:00
HPP,2026-03-23,5.889999866485596,5.889999866485596,1659400,0.0,0.042477834879143694,0.042477834879143694,0.042477834879143694,f5bf385e8dd544b45f7196d57daca15b633d93e9995d983fc9875e7b7520fe7e,2026-10-07T15:19:18.892844+00:00
HPP,2026-03-24,5.71999979019165,5.71999979019165,922800,0.0,-0.02886249238497518,-0.02886249238497518,-0.02886249238497518,f5bf385e8dd544b45f7196d57daca15b633d93e9995d983fc9875e7b7520fe7e,2026-10-07T15:19:18.892844+00:00
HPP,2026-03-25,5.630000114440918,5.630000114440918,1082600,0.0,-0.015734209624458262,-0.015734209624458262,-0.015734209624458262,f5bf385e8dd544b45f7196d57daca15b633d93e9995d983fc9875e7b7520fe7e,2026-10-07T15:19:18.892844+00:00
HPP,2026-03-26,6.130000114440918,6.130000114440918,1547000,0.0,0.08880994490879357,0.08880994490879357,0.08880994490879357,f5bf385e8dd544b45f7196d57daca15b633d93e9995d983fc9875e7b7520fe7e,2026-10-07T15:19:18.892844+00:00
HPP,2026-03-27,5.599999904632568,5.599999904632568,1094600,0.0,-0.08646006523878957,-0.08646006523878957,-0.08646006523878957,f5bf385e8dd544b45f7196d57daca15b633d93e9995d983fc9875e7b7520fe7e,2026-10-07T15:19:18.892844+00:00
HPP,2026-03-30,5.96999979019165,5.96999979019165,1209800,0.0,0.06607140926073973,0.06607140926073973,0.06607140926073973,f5bf385e8dd544b45f7196d57daca15b633d93e9995d983fc9875e7b7520fe7e,2026-10-07T15:19:18.892844+00:00
HPP,2026-03-31,5.909999847412109,5.909999847412109,1475100,0.0,-0.010050242024818412,-0.010050242024818412,-0.010050242024818412,f5bf385e8dd544b45f7196d57daca15b633d93e9995d983fc9875e7b7520fe7e,2026-10-07T15:19:18.892844+00:00
HPP,2026-04-01,5.510000228881836,5.510000228881836,915300,0.0,-0.06768183229402736,-0.06768183229402736,-0.06768183229402736,f5bf385e8dd544b45f7196d57daca15b633d93e9995d983fc9875e7b7520fe7e,2026-10-07T15:19:18.892844+00:00
HPP,2026-04-02,5.650000095367432,5.650000095367432,899800,0.0,0.0254083231706157,0.0254083231706157,0.0254083231706157,f5bf385e8dd544b45f7196d57daca15b633d93e9995d983fc9875e7b7520fe7e,2026-10-07T15:19:18.892844+00:00
HPP,2026-04-06,5.980000019073486,5.980000019073486,652300,0.0,0.0584070651568005,0.0584070651568005,0.0584070651568005,f5bf385e8dd544b45f7196d57daca15b633d93e9995d983fc9875e7b7520fe7e,2026-10-07T15:19:18.892844+00:00
HPP,2026-04-07,6.239999771118164,6.239999771118164,850700,0.0,0.04347821926678863,0.04347821926678863,0.04347821926678863,f5bf385e8dd544b45f7196d57daca15b633d93e9995d983fc9875e7b7520fe7e,2026-10-07T15:19:18.892844+00:00
HPP,2026-04-08,6.010000228881836,6.010000228881836,935700,0.0,-0.036858902351388,-0.036858902351388,-0.036858902351388,f5bf385e8dd544b45f7196d57daca15b633d93e9995d983fc9875e7b7520fe7e,2026-10-07T15:19:18.892844+00:00
HPP,2026-04-09,5.880000114440918,5.880000114440918,987100,0.0,-0.021630633858578885,-0.021630633858578885,-0.021630633858578885,f5bf385e8dd544b45f7196d57daca15b633d93e9995d983fc9875e7b7520fe7e,2026-10-07T15:19:18.892844+00:00
HPP,2026-04-10,5.980000019073486,5.980000019073486,668300,0.0,0.01700678617113871,0.01700678617113871,0.01700678617113871,f5bf385e8dd544b45f7196d57daca15b633d93e9995d983fc9875e7b7520fe7e,2026-10-07T15:19:18.892844+00:00
HPP,2026-04-13,6.110000133514404,6.110000133514404,983100,0.0,0.021739149502721933,0.021739149502721933,0.021739149502721933,f5bf385e8dd544b45f7196d57daca15b633d93e9995d983fc9875e7b7520fe7e,2026-10-07T15:19:18.892844+00:00
HPP,2026-04-14,6.159999847412109,6.159999847412109,758500,0.0,0.00818325905157491,0.00818325905157491,0.00818325905157491,f5bf385e8dd544b45f7196d57daca15b633d93e9995d983fc9875e7b7520fe7e,2026-10-07T15:19:18.892844+00:00
HPP,2026-04-15,6.690000057220459,6.690000057220459,1148900,0.0,0.08603899723000952,0.08603899723000952,0.08603899723000952,f5bf385e8dd544b45f7196d57daca15b633d93e9995d983fc9875e7b7520fe7e,2026-10-07T15:19:18.892844+00:00
HPP,2026-04-16,7.070000171661377,7.070000171661377,1900400,0.0,0.05680121243508607,0.05680121243508607,0.05680121243508607,f5bf385e8dd544b45f7196d57daca15b633d93e9995d983fc9875e7b7520fe7e,2026-10-07T15:19:18.892844+00:00
HPP,2026-04-17,7.539999961853027,7.539999961853027,2219200,0.0,0.06647804508910005,0.06647804508910005,0.06647804508910005,f5bf385e8dd544b45f7196d57daca15b633d93e9995d983fc9875e7b7520fe7e,2026-10-07T15:19:18.892844+00:00
HPP,2026-04-20,8.510000228881836,8.510000228881836,2226300,0.0,0.12864725091993523,0.12864725091993523,0.12864725091993523,f5bf385e8dd544b45f7196d57daca15b633d93e9995d983fc9875e7b7520fe7e,2026-10-07T15:19:18.892844+00:00
HPP,2026-04-21,8.329999923706055,8.329999923706055,1724000,0.0,-0.021151621660935316,-0.021151621660935316,-0.021151621660935316,f5bf385e8dd544b45f7196d57daca15b633d93e9995d983fc9875e7b7520fe7e,2026-10-07T15:19:18.892844+00:00
HPP,2026-04-22,8.1899995803833,8.1899995803833,1012300,0.0,-0.016806764058224233,-0.016806764058224233,-0.016806764058224233,f5bf385e8dd544b45f7196d57daca15b633d93e9995d983fc9875e7b7520fe7e,2026-10-07T15:19:18.892844+00:00
HPP,2026-04-23,8.289999961853027,8.289999961853027,1098800,0.0,0.012210059413097829,0.012210059413097829,0.012210059413097829,f5bf385e8dd544b45f7196d57daca15b633d93e9995d983fc9875e7b7520fe7e,2026-10-07T15:19:18.892844+00:00
HPP,2026-04-24,8.479999542236328,8.479999542236328,894400,0.0,0.022919129222870538,0.022919129222870538,0.022919129222870538,f5bf385e8dd544b45f7196d57daca15b633d93e9995d983fc9875e7b7520fe7e,2026-10-07T15:19:18.892844+00:00
HPP,2026-04-27,9.0600004196167,9.0600004196167,1289400,0.0,0.06839633357190178,0.06839633357190178,0.06839633357190178,f5bf385e8dd544b45f7196d57daca15b633d93e9995d983fc9875e7b7520fe7e,2026-10-07T15:19:18.892844+00:00
HPP,2026-04-28,9.789999961853027,9.789999961853027,2040000,0.0,0.08057389717728203,0.08057389717728203,0.08057389717728203,f5bf385e8dd544b45f7196d57daca15b633d93e9995d983fc9875e7b7520fe7e,2026-10-07T15:19:18.892844+00:00
HPP,2026-04-29,9.029999732971191,9.029999732971191,1056500,0.0,-0.07763025861523953,-0.07763025861523953,-0.07763025861523953,f5bf385e8dd544b45f7196d57daca15b633d93e9995d983fc9875e7b7520fe7e,2026-10-07T15:19:18.892844+00:00
HPP,2026-04-30,9.210000038146973,9.210000038146973,1091700,0.0,0.01993358920250543,0.01993358920250543,0.01993358920250543,f5bf385e8dd544b45f7196d57daca15b633d93e9995d983fc9875e7b7520fe7e,2026-10-07T15:19:18.892844+00:00
HPP,2026-05-01,9.3100004196167,9.3100004196167,833400,0.0,0.010857804674867966,0.010857804674867966,0.010857804674867966,f5bf385e8dd544b45f7196d57daca15b633d93e9995d983fc9875e7b7520fe7e,2026-10-07T15:19:18.892844+00:00
HPP,2026-05-04,9.029999732971191,9.029999732971191,865800,0.0,-0.030075260367929735,-0.030075260367929735,-0.030075260367929735,f5bf385e8dd544b45f7196d57daca15b633d93e9995d983fc9875e7b7520fe7e,2026-10-07T15:19:18.892844+00:00
HPP,2026-05-05,9.770000457763672,9.770000457763672,1002000,0.0,0.0819491413815352,0.0819491413815352,0.0819491413815352,f5bf385e8dd544b45f7196d57daca15b633d93e9995d983fc9875e7b7520fe7e,2026-10-07T15:19:18.892844+00:00
HPP,2026-05-06,10.630000114440918,10.630000114440918,1871500,0.0,0.08802452573007336,0.08802452573007336,0.08802452573007336,f5bf385e8dd544b45f7196d57daca15b633d93e9995d983fc9875e7b7520fe7e,2026-10-07T15:19:18.892844+00:00
HPP,2026-05-07,11.770000457763672,11.770000457763672,2354700,0.0,0.10724368118999883,0.10724368118999883,0.10724368118999883,f5bf385e8dd544b45f7196d57daca15b633d93e9995d983fc9875e7b7520fe7e,2026-10-07T15:19:18.892844+00:00
HPP,2026-05-08,10.949999809265137,10.949999809265137,1421900,0.0,-0.06966870149589932,-0.06966870149589932,-0.06966870149589932,f5bf385e8dd544b45f7196d57daca15b633d93e9995d983fc9875e7b7520fe7e,2026-10-07T15:19:18.892844+00:00
HPP,2026-05-11,11.329999923706055,11.329999923706055,1526600,0.0,0.034703207402742464,0.034703207402742464,0.034703207402742464,f5bf385e8dd544b45f7196d57daca15b633d93e9995d983fc9875e7b7520fe7e,2026-10-07T15:19:18.892844+00:00
HPP,2026-05-12,11.9399995803833,11.9399995803833,1629100,0.0,0.053839334579422804,0.053839334579422804,0.053839334579422804,f5bf385e8dd544b45f7196d57daca15b633d93e9995d983fc9875e7b7520fe7e,2026-10-07T15:19:18.892844+00:00
HPP,2026-05-13,11.600000381469727,11.600000381469727,1194200,0.0,-0.028475645800873584,-0.028475645800873584,-0.028475645800873584,f5bf385e8dd544b45f7196d57daca15b633d93e9995d983fc9875e7b7520fe7e,2026-10-07T15:19:18.892844+00:00
HPP,2026-05-14,11.770000457763672,11.770000457763672,926800,0.0,0.014655178508917066,0.014655178508917066,0.014655178508917066,f5bf385e8dd544b45f7196d57daca15b633d93e9995d983fc9875e7b7520fe7e,2026-10-07T15:19:18.892844+00:00
HPP,2026-05-15,11.260000228881836,11.260000228881836,619700,0.0,-0.043330519035403414,-0.043330519035403414,-0.043330519035403414,f5bf385e8dd544b45f7196d57daca15b633d93e9995d983fc9875e7b7520fe7e,2026-10-07T15:19:18.892844+00:00
HPP,2026-05-18,10.800000190734863,10.800000190734863,1473900,0.0,-0.04085257804587561,-0.04085257804587561,-0.04085257804587561,f5bf385e8dd544b45f7196d57daca15b633d93e9995d983fc9875e7b7520fe7e,2026-10-07T15:19:18.892844+00:00
HPP,2026-05-19,10.680000305175781,10.680000305175781,1996500,0.0,-0.01111110031850071,-0.01111110031850071,-0.01111110031850071,f5bf385e8dd544b45f7196d57daca15b633d93e9995d983fc9875e7b7520fe7e,2026-10-07T15:19:18.892844+00:00
HPP,2026-05-20,10.949999809265137,10.949999809265137,874300,0.0,0.025280851720435482,0.025280851720435482,0.025280851720435482,f5bf385e8dd544b45f7196d57daca15b633d93e9995d983fc9875e7b7520fe7e,2026-10-07T15:19:18.892844+00:00
HPP,2026-05-21,11.279999732971191,11.279999732971191,1110500,0.0,0.030136979858833568,0.030136979858833568,0.030136979858833568,f5bf385e8dd544b45f7196d57daca15b633d93e9995d983fc9875e7b7520fe7e,2026-10-07T15:19:18.892844+00:00
HPP,2026-05-22,11.229999542236328,11.229999542236328,707000,0.0,-0.00443264112752717,-0.00443264112752717,-0.00443264112752717,f5bf385e8dd544b45f7196d57daca15b633d93e9995d983fc9875e7b7520fe7e,2026-10-07T15:19:18.892844+00:00
HPP,2026-05-26,11.65999984741211,11.65999984741211,1105100,0.0,0.03829032259160292,0.03829032259160292,0.03829032259160292,f5bf385e8dd544b45f7196d57daca15b633d93e9995d983fc9875e7b7520fe7e,2026-10-07T15:19:18.892844+00:00
HPP,2026-05-27,12.420000076293945,12.420000076293945,1507800,0.0,0.06518012339858781,0.06518012339858781,0.06518012339858781,f5bf385e8dd544b45f7196d57daca15b633d93e9995d983fc9875e7b7520fe7e,2026-10-07T15:19:18.892844+00:00
HPP,2026-05-28,12.0600004196167,12.0600004196167,1001900,0.0,-0.028985479425590155,-0.028985479425590155,-0.028985479425590155,f5bf385e8dd544b45f7196d57daca15b633d93e9995d983fc9875e7b7520fe7e,2026-10-07T15:19:18.892844+00:00
HPP,2026-05-29,11.979999542236328,11.979999542236328,2650300,0.0,-0.006633571691278095,-0.006633571691278095,-0.006633571691278095,f5bf385e8dd544b45f7196d57daca15b633d93e9995d983fc9875e7b7520fe7e,2026-10-07T15:19:18.892844+00:00
HPP,2026-06-01,12.239999771118164,12.239999771118164,931100,0.0,0.021702857998048053,0.021702857998048053,0.021702857998048053,f5bf385e8dd544b45f7196d57daca15b633d93e9995d983fc9875e7b7520fe7e,2026-10-07T15:19:18.892844+00:00
HPP,2026-06-02,13.479999542236328,13.479999542236328,1765500,0.0,0.10130717273738044,0.10130717273738044,0.10130717273738044,f5bf385e8dd544b45f7196d57daca15b633d93e9995d983fc9875e7b7520fe7e,2026-10-07T15:19:18.892844+00:00
HPP,2026-06-03,13.270000457763672,13.270000457763672,1583300,0.0,-0.015578567626406414,-0.015578567626406414,-0.015578567626406414,f5bf385e8dd544b45f7196d57daca15b633d93e9995d983fc9875e7b7520fe7e,2026-10-07T15:19:18.892844+00:00
HPP,2026-06-04,13.949999809265137,13.949999809265137,1198400,0.0,0.051243355542134106,0.051243355542134106,0.051243355542134106,f5bf385e8dd544b45f7196d57daca15b633d93e9995d983fc9875e7b7520fe7e,2026-10-07T15:19:18.892844+00:00
HPP,2026-06-05,13.739999771118164,13.739999771118164,1215400,0.0,-0.015053766381236566,-0.015053766381236566,-0.015053766381236566,f5bf385e8dd544b45f7196d57daca15b633d93e9995d983fc9875e7b7520fe7e,2026-10-07T15:19:18.892844+00:00
HPP,2026-06-08,14.600000381469727,14.600000381469727,1451000,0.0,0.06259102071888711,0.06259102071888711,0.06259102071888711,f5bf385e8dd544b45f7196d57daca15b633d93e9995d983fc9875e7b7520fe7e,2026-10-07T15:19:18.892844+00:00
HPP,2026-06-09,15.5,15.5,1755900,0.0,0.061643807877741486,0.061643807877741486,0.061643807877741486,f5bf385e8dd544b45f7196d57daca15b633d93e9995d983fc9875e7b7520fe7e,2026-10-07T15:19:18.892844+00:00
HPP,2026-06-10,15.0600004196167,15.0600004196167,1507000,0.0,-0.028387069702148438,-0.028387069702148438,-0.028387069702148438,f5bf385e8dd544b45f7196d57daca15b633d93e9995d983fc9875e7b7520fe7e,2026-10-07T15:19:18.892844+00:00
HPP,2026-06-11,15.229999542236328,15.229999542236328,910400,0.0,0.011288122037380166,0.011288122037380166,0.011288122037380166,f5bf385e8dd544b45f7196d57daca15b633d93e9995d983fc9875e7b7520fe7e,2026-10-07T15:19:18.892844+00:00
HPP,2026-06-12,15.289999961853027,15.289999961853027,504500,0.0,0.003939620579127778,0.003939620579127778,0.003939620579127778,f5bf385e8dd544b45f7196d57daca15b633d93e9995d983fc9875e7b7520fe7e,2026-10-07T15:19:18.892844+00:00
HPP,2026-06-15,15.149999618530273,15.149999618530273,969000,0.0,-0.009156333791500382,-0.009156333791500382,-0.009156333791500382,f5bf385e8dd544b45f7196d57daca15b633d93e9995d983fc9875e7b7520fe7e,2026-10-07T15:19:18.892844+00:00
HPP,2026-06-16,14.640000343322754,14.640000343322754,775200,0.0,-0.033663319343172016,-0.033663319343172016,-0.033663319343172016,f5bf385e8dd544b45f7196d57daca15b633d93e9995d983fc9875e7b7520fe7e,2026-10-07T15:19:18.892844+00:00
HPP,2026-06-17,13.40999984741211,13.40999984741211,800900,0.0,-0.08401642534603104,-0.08401642534603104,-0.08401642534603104,f5bf385e8dd544b45f7196d57daca15b633d93e9995d983fc9875e7b7520fe7e,2026-10-07T15:19:18.892844+00:00
HPP,2026-06-18,14.619999885559082,14.619999885559082,1497000,0.0,0.09023117463945995,0.09023117463945995,0.09023117463945995,f5bf385e8dd544b45f7196d57daca15b633d93e9995d983fc9875e7b7520fe7e,2026-10-07T15:19:18.892844+00:00
HPP,2026-06-22,14.539999961853027,14.539999961853027,811600,0.0,-0.005471951048718893,-0.005471951048718893,-0.005471951048718893,f5bf385e8dd544b45f7196d57daca15b633d93e9995d983fc9875e7b7520fe7e,2026-10-07T15:19:18.892844+00:00
HPP,2026-06-23,14.399999618530273,14.399999618530273,986000,0.0,-0.009628634366578903,-0.009628634366578903,-0.009628634366578903,f5bf385e8dd544b45f7196d57daca15b633d93e9995d983fc9875e7b7520fe7e,2026-10-07T15:19:18.892844+00:00
HPP,2026-06-24,14.380000114440918,14.380000114440918,768400,0.0,-0.0013888544874417486,-0.0013888544874417486,-0.0013888544874417486,f5bf385e8dd544b45f7196d57daca15b633d93e9995d983fc9875e7b7520fe7e,2026-10-07T15:19:18.892844+00:00
HPP,2026-06-25,14.300000190734863,14.300000190734863,646000,0.0,-0.005563276986744636,-0.005563276986744636,-0.005563276986744636,f5bf385e8dd544b45f7196d57daca15b633d93e9995d983fc9875e7b7520fe7e,2026-10-07T15:19:18.892844+00:00
HPP,2026-06-26,15.369999885559082,15.369999885559082,1903300,0.0,0.0748251524861856,0.0748251524861856,0.0748251524861856,f5bf385e8dd544b45f7196d57daca15b633d93e9995d983fc9875e7b7520fe7e,2026-10-07T15:19:18.892844+00:00
HPP,2026-06-29,15.420000076293945,15.420000076293945,1006800,0.0,0.003253102869690938,0.003253102869690938,0.003253102869690938,f5bf385e8dd544b45f7196d57daca15b633d93e9995d983fc9875e7b7520fe7e,2026-10-07T15:19:18.892844+00:00
HPP,2026-06-30,15.1899995803833,15.1899995803833,851100,0.0,-0.014915725990445217,-0.014915725990445217,-0.014915725990445217,f5bf385e8dd544b45f7196d57daca15b633d93e9995d983fc9875e7b7520fe7e,2026-10-07T15:19:18.892844+00:00
HPP,2026-07-01,16.079999923706055,16.079999923706055,1010300,0.0,0.058591202627294336,0.058591202627294336,0.058591202627294336,f5bf385e8dd544b45f7196d57daca15b633d93e9995d983fc9875e7b7520fe7e,2026-10-07T15:19:18.892844+00:00
HPP,2026-07-02,16.90999984741211,16.90999984741211,1468100,0.0,0.051616910923141246,0.051616910923141246,0.051616910923141246,f5bf385e8dd544b45f7196d57daca15b633d93e9995d983fc9875e7b7520fe7e,2026-10-07T15:19:18.892844+00:00
HPP,2026-07-06,16.270000457763672,16.270000457763672,870900,0.0,-0.0378473918050557,-0.0378473918050557,-0.0378473918050557,f5bf385e8dd544b45f7196d57daca15b633d93e9995d983fc9875e7b7520fe7e,2026-10-07T15:19:18.892844+00:00
HPP,2026-07-07,16.040000915527344,16.040000915527344,686900,0.0,-0.014136418916114835,-0.014136418916114835,-0.014136418916114835,f5bf385e8dd544b45f7196d57daca15b633d93e9995d983fc9875e7b7520fe7e,2026-10-07T15:19:18.892844+00:00
HPP,2026-07-08,15.329999923706055,15.329999923706055,592900,0.0,-0.04426439845985175,-0.04426439845985175,-0.04426439845985175,f5bf385e8dd544b45f7196d57daca15b633d93e9995d983fc9875e7b7520fe7e,2026-10-07T15:19:18.892844+00:00
HPP,2026-07-09,15.40999984741211,15.40999984741211,372200,0.0,0.005218520815668315,0.005218520815668315,0.005218520815668315,f5bf385e8dd544b45f7196d57daca15b633d93e9995d983fc9875e7b7520fe7e,2026-10-07T15:19:18.892844+00:00
HPP,2026-07-10,15.180000305175781,15.180000305175781,369100,0.0,-0.014925343576492889,-0.014925343576492889,-0.014925343576492889,f5bf385e8dd544b45f7196d57daca15b633d93e9995d983fc9875e7b7520fe7e,2026-10-07T15:19:18.892844+00:00
HPP,2026-07-13,15.40999984741211,15.40999984741211,680900,0.0,0.015151484691203088,0.015151484691203088,0.015151484691203088,f5bf385e8dd544b45f7196d57daca15b633d93e9995d983fc9875e7b7520fe7e,2026-10-07T15:19:18.892844+00:00
HPP,2026-07-14,15.539999961853027,15.539999961853027,556200,0.0,0.008436087977168327,0.008436087977168327,0.008436087977168327,f5bf385e8dd544b45f7196d57daca15b633d93e9995d983fc9875e7b7520fe7e,2026-10-07T15:19:18.892844+00:00
HPP,2026-07-15,15.529999732971191,15.529999732971191,878500,0.0,-0.000643515373641157,-0.000643515373641157,-0.000643515373641157,f5bf385e8dd544b45f7196d57daca15b633d93e9995d983fc9875e7b7520fe7e,2026-10-07T15:19:18.892844+00:00
HPP,2026-07-16,16.09000015258789,16.09000015258789,601700,0.0,0.03605926782006197,0.03605926782006197,0.03605926782006197,f5bf385e8dd544b45f7196d57daca15b633d93e9995d983fc9875e7b7520fe7e,2026-10-07T15:19:18.892844+00:00
HPP,2026-07-17,15.720000267028809,15.720000267028809,635800,0.0,-0.022995642141095396,-0.022995642141095396,-0.022995642141095396,f5bf385e8dd544b45f7196d57daca15b633d93e9995d983fc9875e7b7520fe7e,2026-10-07T15:19:18.892844+00:00
HPP,2026-07-20,14.75,14.75,489600,0.0,-0.06170485054400987,-0.06170485054400987,-0.06170485054400987,f5bf385e8dd544b45f7196d57daca15b633d93e9995d983fc9875e7b7520fe7e,2026-10-07T15:19:18.892844+00:00
HPP,2026-07-21,14.569999694824219,14.569999694824219,533900,0.0,-0.012203410520391977,-0.012203410520391977,-0.012203410520391977,f5bf385e8dd544b45f7196d57daca15b633d93e9995d983fc9875e7b7520fe7e,2026-10-07T15:19:18.892844+00:00
HPP,2026-07-22,14.4399995803833,14.4399995803833,603800,0.0,-0.008922451418245325,-0.008922451418245325,-0.008922451418245325,f5bf385e8dd544b45f7196d57daca15b633d93e9995d983fc9875e7b7520fe7e,2026-10-07T15:19:18.892844+00:00
HPP,2026-07-23,14.869999885559082,14.869999885559082,585100,0.0,0.029778415351198184,0.029778415351198184,0.029778415351198184,f5bf385e8dd544b45f7196d57daca15b633d93e9995d983fc9875e7b7520fe7e,2026-10-07T15:19:18.892844+00:00
HPP,2026-07-24,15.380000114440918,15.380000114440918,1040800,0.0,0.034297258426822186,0.034297258426822186,0.034297258426822186,f5bf385e8dd544b45f7196d57daca15b633d93e9995d983fc9875e7b7520fe7e,2026-10-07T15:19:18.892844+00:00
HPP,2026-07-27,14.630000114440918,14.630000114440918,637600,0.0,-0.048764629025964346,-0.048764629025964346,-0.048764629025964346,f5bf385e8dd544b45f7196d57daca15b633d93e9995d983fc9875e7b7520fe7e,2026-10-07T15:19:18.892844+00:00
HPP,2026-07-28,14.109999656677246,14.109999656677246,728400,0.0,-0.035543434975806476,-0.035543434975806476,-0.035543434975806476,f5bf385e8dd544b45f7196d57daca15b633d93e9995d983fc9875e7b7520fe7e,2026-10-07T15:19:18.892844+00:00
HPP,2026-07-29,13.979999542236328,13.979999542236328,857800,0.0,-0.009213332218573012,-0.009213332218573012,-0.009213332218573012,f5bf385e8dd544b45f7196d57daca15b633d93e9995d983fc9875e7b7520fe7e,2026-10-07T15:19:18.892844+00:00
HPP,2026-07-30,14.119999885559082,14.119999885559082,725300,0.0,0.010014331037693225,0.010014331037693225,0.010014331037693225,f5bf385e8dd544b45f7196d57daca15b633d93e9995d983fc9875e7b7520fe7e,2026-10-07T15:19:18.892844+00:00
HPP,2026-07-31,13.770000457763672,13.770000457763672,508400,0.0,-0.024787495087260192,-0.024787495087260192,-0.024787495087260192,f5bf385e8dd544b45f7196d57daca15b633d93e9995d983fc9875e7b7520fe7e,2026-10-07T15:19:18.892844+00:00
HPP,2026-08-03,14.489999771118164,14.489999771118164,787600,0.0,0.05228753009579967,0.05228753009579967,0.05228753009579967,f5bf385e8dd544b45f7196d57daca15b633d93e9995d983fc9875e7b7520fe7e,2026-10-07T15:19:18.892844+00:00
HPP,2026-08-04,13.979999542236328,13.979999542236328,1323200,0.0,-0.03519670372241013,-0.03519670372241013,-0.03519670372241013,f5bf385e8dd544b45f7196d57daca15b633d93e9995d983fc9875e7b7520fe7e,2026-10-07T15:19:18.892844+00:00
HPP,2026-08-05,14.970000267028809,14.970000267028809,1420700,0.0,0.0708155048075283,0.0708155048075283,0.0708155048075283,f5bf385e8dd544b45f7196d57daca15b633d93e9995d983fc9875e7b7520fe7e,2026-10-07T15:19:18.892844+00:00
HPP,2026-08-06,13.4399995803833,13.4399995803833,1344300,0.0,-0.102204452862657,-0.102204452862657,-0.102204452862657,f5bf385e8dd544b45f7196d57daca15b633d93e9995d983fc9875e7b7520fe7e,2026-10-07T15:19:18.892844+00:00
HPP,2026-08-07,14.359999656677246,14.359999656677246,1290000,0.0,0.06845238876619875,0.06845238876619875,0.06845238876619875,f5bf385e8dd544b45f7196d57daca15b633d93e9995d983fc9875e7b7520fe7e,2026-10-07T15:19:18.892844+00:00
HPP,2026-08-10,13.640000343322754,13.640000343322754,475800,0.0,-0.05013922914821933,-0.05013922914821933,-0.05013922914821933,f5bf385e8dd544b45f7196d57daca15b633d93e9995d983fc9875e7b7520fe7e,2026-10-07T15:19:18.892844+00:00
HPP,2026-08-11,13.350000381469727,13.350000381469727,669800,0.0,-0.021260993735604417,-0.021260993735604417,-0.021260993735604417,f5bf385e8dd544b45f7196d57daca15b633d93e9995d983fc9875e7b7520fe7e,2026-10-07T15:19:18.892844+00:00
HPP,2026-08-12,14.3100004196167,14.3100004196167,1100700,0.0,0.0719101131622053,0.0719101131622053,0.0719101131622053,f5bf385e8dd544b45f7196d57daca15b633d93e9995d983fc9875e7b7520fe7e,2026-10-07T15:19:18.892844+00:00
HPP,2026-08-13,14.5,14.5,593800,0.0,0.013277398659111261,0.013277398659111261,0.013277398659111261,f5bf385e8dd544b45f7196d57daca15b633d93e9995d983fc9875e7b7520fe7e,2026-10-07T15:19:18.892844+00:00
HPP,2026-08-14,13.899999618530273,13.899999618530273,814100,0.0,-0.041379336653084575,-0.041379336653084575,-0.041379336653084575,f5bf385e8dd544b45f7196d57daca15b633d93e9995d983fc9875e7b7520fe7e,2026-10-07T15:19:18.892844+00:00
HPP,2026-08-17,13.800000190734863,13.800000190734863,426500,0.0,-0.007194203635955465,-0.007194203635955465,-0.007194203635955465,f5bf385e8dd544b45f7196d57daca15b633d93e9995d983fc9875e7b7520fe7e,2026-10-07T15:19:18.892844+00:00
HPP,2026-08-18,13.859999656677246,13.859999656677246,401200,0.0,0.004347787327036778,0.004347787327036778,0.004347787327036778,f5bf385e8dd544b45f7196d57daca15b633d93e9995d983fc9875e7b7520fe7e,2026-10-07T15:19:18.892844+00:00
HPP,2026-08-19,14.529999732971191,14.529999732971191,750100,0.0,0.04834055504259438,0.04834055504259438,0.04834055504259438,f5bf385e8dd544b45f7196d57daca15b633d93e9995d983fc9875e7b7520fe7e,2026-10-07T15:19:18.892844+00:00
HPP,2026-08-20,14.829999923706055,14.829999923706055,474400,0.0,0.020646950877370562,0.020646950877370562,0.020646950877370562,f5bf385e8dd544b45f7196d57daca15b633d93e9995d983fc9875e7b7520fe7e,2026-10-07T15:19:18.892844+00:00
HPP,2026-08-21,14.5,14.5,369900,0.0,-0.022252186473618485,-0.022252186473618485,-0.022252186473618485,f5bf385e8dd544b45f7196d57daca15b633d93e9995d983fc9875e7b7520fe7e,2026-10-07T15:19:18.892844+00:00
HPP,2026-08-24,14.710000038146973,14.710000038146973,445800,0.0,0.014482761251515264,0.014482761251515264,0.014482761251515264,f5bf385e8dd544b45f7196d57daca15b633d93e9995d983fc9875e7b7520fe7e,2026-10-07T15:19:18.892844+00:00
HPP,2026-08-25,14.90999984741211,14.90999984741211,577000,0.0,0.013596180064342933,0.013596180064342933,0.013596180064342933,f5bf385e8dd544b45f7196d57daca15b633d93e9995d983fc9875e7b7520fe7e,2026-10-07T15:19:18.892844+00:00
HPP,2026-08-26,14.289999961853027,14.289999961853027,416400,0.0,-0.04158282306533312,-0.04158282306533312,-0.04158282306533312,f5bf385e8dd544b45f7196d57daca15b633d93e9995d983fc9875e7b7520fe7e,2026-10-07T15:19:18.892844+00:00
HPP,2026-08-27,13.569999694824219,13.569999694824219,385400,0.0,-0.050384903355552124,-0.050384903355552124,-0.050384903355552124,f5bf385e8dd544b45f7196d57daca15b633d93e9995d983fc9875e7b7520fe7e,2026-10-07T15:19:18.892844+00:00
HPP,2026-08-28,13.140000343322754,13.140000343322754,363700,0.0,-0.03168749898096701,-0.03168749898096701,-0.03168749898096701,f5bf385e8dd544b45f7196d57daca15b633d93e9995d983fc9875e7b7520fe7e,2026-10-07T15:19:18.892844+00:00
HPP,2026-08-31,12.569999694824219,12.569999694824219,1097500,0.0,-0.043379043653388294,-0.043379043653388294,-0.043379043653388294,f5bf385e8dd544b45f7196d57daca15b633d93e9995d983fc9875e7b7520fe7e,2026-10-07T15:19:18.892844+00:00
HPP,2026-09-01,12.789999961853027,12.789999961853027,1037800,0.0,0.017502010530628276,0.017502010530628276,0.017502010530628276,f5bf385e8dd544b45f7196d57daca15b633d93e9995d983fc9875e7b7520fe7e,2026-10-07T15:19:18.892844+00:00
HPP,2026-09-02,13.079999923706055,13.079999923706055,635400,0.0,0.022673961119465957,0.022673961119465957,0.022673961119465957,f5bf385e8dd544b45f7196d57daca15b633d93e9995d983fc9875e7b7520fe7e,2026-10-07T15:19:18.892844+00:00
HPP,2026-09-03,12.739999771118164,12.739999771118164,555600,0.0,-0.02599389560940879,-0.02599389560940879,-0.02599389560940879,f5bf385e8dd544b45f7196d57daca15b633d93e9995d983fc9875e7b7520fe7e,2026-10-07T15:19:18.892844+00:00
HPP,2026-09-04,12.609999656677246,12.609999656677246,393100,0.0,-0.010204090798779375,-0.010204090798779375,-0.010204090798779375,f5bf385e8dd544b45f7196d57daca15b633d93e9995d983fc9875e7b7520fe7e,2026-10-07T15:19:18.892844+00:00
HPP,2026-09-08,12.15999984741211,12.15999984741211,670500,0.0,-0.03568594936692582,-0.03568594936692582,-0.03568594936692582,f5bf385e8dd544b45f7196d57daca15b633d93e9995d983fc9875e7b7520fe7e,2026-10-07T15:19:18.892844+00:00
HPP,2026-09-09,11.90999984741211,11.90999984741211,631500,0.0,-0.020559210784299897,-0.020559210784299897,-0.020559210784299897,f5bf385e8dd544b45f7196d57daca15b633d93e9995d983fc9875e7b7520fe7e,2026-10-07T15:19:18.892844+00:00
HPP,2026-09-10,11.880000114440918,11.880000114440918,636700,0.0,-0.002518869299373616,-0.002518869299373616,-0.002518869299373616,f5bf385e8dd544b45f7196d57daca15b633d93e9995d983fc9875e7b7520fe7e,2026-10-07T15:19:18.892844+00:00
HPP,2026-09-11,12.229999542236328,12.229999542236328,721100,0.0,0.029461231012107625,0.029461231012107625,0.029461231012107625,f5bf385e8dd544b45f7196d57daca15b633d93e9995d983fc9875e7b7520fe7e,2026-10-07T15:19:18.892844+00:00
HPP,2026-09-14,11.739999771118164,11.739999771118164,846500,0.0,-0.04006539570389589,-0.04006539570389589,-0.04006539570389589,f5bf385e8dd544b45f7196d57daca15b633d93e9995d983fc9875e7b7520fe7e,2026-10-07T15:19:18.892844+00:00
HPP,2026-09-15,11.4399995803833,11.4399995803833,618200,0.0,-0.025553679436425614,-0.025553679436425614,-0.025553679436425614,f5bf385e8dd544b45f7196d57daca15b633d93e9995d983fc9875e7b7520fe7e,2026-10-07T15:19:18.892844+00:00
HPP,2026-09-16,11.420000076293945,11.420000076293945,449200,0.0,-0.0017482084635430661,-0.0017482084635430661,-0.0017482084635430661,f5bf385e8dd544b45f7196d57daca15b633d93e9995d983fc9875e7b7520fe7e,2026-10-07T15:19:18.892844+00:00
HPP,2026-09-17,11.600000381469727,11.600000381469727,424000,0.0,0.015761847983646993,0.015761847983646993,0.015761847983646993,f5bf385e8dd544b45f7196d57daca15b633d93e9995d983fc9875e7b7520fe7e,2026-10-07T15:19:18.892844+00:00
HPP,2026-09-18,11.510000228881836,11.510000228881836,709500,0.0,-0.007758633588638486,-0.007758633588638486,-0.007758633588638486,f5bf385e8dd544b45f7196d57daca15b633d93e9995d983fc9875e7b7520fe7e,2026-10-07T15:19:18.892844+00:00
HPP,2026-09-21,12.260000228881836,12.260000228881836,641200,0.0,0.06516072850442156,0.06516072850442156,0.06516072850442156,f5bf385e8dd544b45f7196d57daca15b633d93e9995d983fc9875e7b7520fe7e,2026-10-07T15:19:18.892844+00:00
HPP,2026-09-22,12.079999923706055,12.079999923706055,448700,0.0,-0.014681916950681662,-0.014681916950681662,-0.014681916950681662,f5bf385e8dd544b45f7196d57daca15b633d93e9995d983fc9875e7b7520fe7e,2026-10-07T15:19:18.892844+00:00
HPP,2026-09-23,11.6899995803833,11.6899995803833,464200,0.0,-0.03228479683658014,-0.03228479683658014,-0.03228479683658014,f5bf385e8dd544b45f7196d57daca15b633d93e9995d983fc9875e7b7520fe7e,2026-10-07T15:19:18.892844+00:00
HPP,2026-09-24,11.710000038146973,11.710000038146973,554000,0.0,0.001710903206295633,0.001710903206295633,0.001710903206295633,f5bf385e8dd544b45f7196d57daca15b633d93e9995d983fc9875e7b7520fe7e,2026-10-07T15:19:18.892844+00:00
HPP,2026-09-25,11.649999618530273,11.649999618530273,704400,0.0,-0.005123861607279179,-0.005123861607279179,-0.005123861607279179,f5bf385e8dd544b45f7196d57daca15b633d93e9995d983fc9875e7b7520fe7e,2026-10-07T15:19:18.892844+00:00
HPP,2026-09-28,11.5,11.5,729800,0.0,-0.012875504158102014,-0.012875504158102014,-0.012875504158102014,f5bf385e8dd544b45f7196d57daca15b633d93e9995d983fc9875e7b7520fe7e,2026-10-07T15:19:18.892844+00:00
HPP,2026-09-29,11.65999984741211,11.65999984741211,856400,0.0,0.013913030209748545,0.013913030209748545,0.013913030209748545,f5bf385e8dd544b45f7196d57daca15b633d93e9995d983fc9875e7b7520fe7e,2026-10-07T15:19:18.892844+00:00
HPP,2026-09-30,11.539999961853027,11.539999961853027,923400,0.0,-0.010291585517105739,-0.010291585517105739,-0.010291585517105739,f5bf385e8dd544b45f7196d57daca15b633d93e9995d983fc9875e7b7520fe7e,2026-10-07T15:19:18.892844+00:00
HPP,2026-10-01,11.420000076293945,11.420000076293945,784900,0.0,-0.010398603635680903,-0.010398603635680903,-0.010398603635680903,f5bf385e8dd544b45f7196d57daca15b633d93e9995d983fc9875e7b7520fe7e,2026-10-07T15:19:18.892844+00:00
HPP,2026-10-02,11.479999542236328,11.479999542236328,540400,0.0,0.005253893655126296,0.005253893655126296,0.005253893655126296,f5bf385e8dd544b45f7196d57daca15b633d93e9995d983fc9875e7b7520fe7e,2026-10-07T15:19:18.892844+00:00
HPP,2026-10-05,11.25,11.25,489200,0.0,-0.020034804129576145,-0.020034804129576145,-0.020034804129576145,f5bf385e8dd544b45f7196d57daca15b633d93e9995d983fc9875e7b7520fe7e,2026-10-07T15:19:18.892844+00:00
HPP,2026-10-06,11.579999923706055,11.579999923706055,733500,0.0,0.02933332655164933,0.02933332655164933,0.02933332655164933,f5bf385e8dd544b45f7196d57daca15b633d93e9995d983fc9875e7b7520fe7e,2026-10-07T15:19:18.892844+00:00
KRC,2024-01-02,40.72999954223633,34.41297912597656,623900,0.0,,,,ff63ff6f44fe23c350c52789206c384fe3a6aa024b0a32242ef77e1e6867edcb,2026-10-07T15:19:19.392896+00:00
KRC,2024-01-03,38.709999084472656,32.70627212524414,991600,0.0,-0.049594904995492683,-0.049594863452089744,-0.049594904995492683,ff63ff6f44fe23c350c52789206c384fe3a6aa024b0a32242ef77e1e6867edcb,2026-10-07T15:19:19.392896+00:00
KRC,2024-01-04,39.38999938964844,33.28080368041992,762500,0.0,0.017566528578104368,0.01756640295095968,0.017566528578104368,ff63ff6f44fe23c350c52789206c384fe3a6aa024b0a32242ef77e1e6867edcb,2026-10-07T15:19:19.392896+00:00
KRC,2024-01-05,40.2599983215332,34.015869140625,2114800,0.0,0.0220867972928529,0.022086770117199395,0.0220867972928529,ff63ff6f44fe23c350c52789206c384fe3a6aa024b0a32242ef77e1e6867edcb,2026-10-07T15:19:19.392896+00:00
KRC,2024-01-08,41.029998779296875,34.66644287109375,1209000,0.0,0.019125695227658168,0.01912559481514986,0.019125695227658168,ff63ff6f44fe23c350c52789206c384fe3a6aa024b0a32242ef77e1e6867edcb,2026-10-07T15:19:19.392896+00:00
KRC,2024-01-09,41.150001525878906,34.767845153808594,1325700,0.0,0.00292475627960731,0.0029250847308419647,0.00292475627960731,ff63ff6f44fe23c350c52789206c384fe3a6aa024b0a32242ef77e1e6867edcb,2026-10-07T15:19:19.392896+00:00
KRC,2024-01-10,41.540000915527344,35.097354888916016,1304700,0.0,0.009477506079876408,0.009477427595806276,0.009477506079876408,ff63ff6f44fe23c350c52789206c384fe3a6aa024b0a32242ef77e1e6867edcb,2026-10-07T15:19:19.392896+00:00
KRC,2024-01-11,40.5,34.21864700317383,1710500,0.0,-0.025036131261581107,-0.025036299416959507,-0.025036131261581107,ff63ff6f44fe23c350c52789206c384fe3a6aa024b0a32242ef77e1e6867edcb,2026-10-07T15:19:19.392896+00:00
KRC,2024-01-12,40.40999984741211,34.142608642578125,1468300,0.0,-0.0022222259898244667,-0.002222132294963375,-0.0022222259898244667,ff63ff6f44fe23c350c52789206c384fe3a6aa024b0a32242ef77e1e6867edcb,2026-10-07T15:19:19.392896+00:00
KRC,2024-01-16,39.58000183105469,33.44134521484375,1003100,0.0,-0.02053942141775522,-0.02053924569957588,-0.02053942141775522,ff63ff6f44fe23c350c52789206c384fe3a6aa024b0a32242ef77e1e6867edcb,2026-10-07T15:19:19.392896+00:00
KRC,2024-01-17,38.279998779296875,32.34295654296875,1130000,0.0,-0.0328449467310995,-0.03284522990383332,-0.0328449467310995,ff63ff6f44fe23c350c52789206c384fe3a6aa024b0a32242ef77e1e6867edcb,2026-10-07T15:19:19.392896+00:00
KRC,2024-01-18,37.56999969482422,31.74307632446289,955100,0.0,-0.018547521084474217,-0.018547476255267425,-0.018547521084474217,ff63ff6f44fe23c350c52789206c384fe3a6aa024b0a32242ef77e1e6867edcb,2026-10-07T15:19:19.392896+00:00
KRC,2024-01-19,38.90999984741211,32.87525177001953,1141600,0.0,0.0356667597410838,0.03566684696795197,0.0356667597410838,ff63ff6f44fe23c350c52789206c384fe3a6aa024b0a32242ef77e1e6867edcb,2026-10-07T15:19:19.392896+00:00
KRC,2024-01-22,39.36000061035156,33.255462646484375,1126700,0.0,0.011565170000106928,0.011565261283004835,0.011565170000106928,ff63ff6f44fe23c350c52789206c384fe3a6aa024b0a32242ef77e1e6867edcb,2026-10-07T15:19:19.392896+00:00
KRC,2024-01-23,38.939998626708984,32.900596618652344,814400,0.0,-0.010670781939269514,-0.010670909366210402,-0.010670781939269514,ff63ff6f44fe23c350c52789206c384fe3a6aa024b0a32242ef77e1e6867edcb,2026-10-07T15:19:19.392896+00:00
KRC,2024-01-24,38.65999984741211,32.664031982421875,872000,0.0,-0.00719051846870955,-0.007190284084281684,-0.00719051846870955,ff63ff6f44fe23c350c52789206c384fe3a6aa024b0a32242ef77e1e6867edcb,2026-10-07T15:19:19.392896+00:00
KRC,2024-01-25,38.90999984741211,32.87525177001953,1077700,0.0,0.006466632203484979,0.0064664334063633255,0.006466632203484979,ff63ff6f44fe23c350c52789206c384fe3a6aa024b0a32242ef77e1e6867edcb,2026-10-07T15:19:19.392896+00:00
KRC,2024-01-26,38.93000030517578,32.89215087890625,741300,0.0,0.000514018448781961,0.000514037398251288,0.000514018448781961,ff63ff6f44fe23c350c52789206c384fe3a6aa024b0a32242ef77e1e6867edcb,2026-10-07T15:19:19.392896+00:00
KRC,2024-01-29,39.47999954223633,33.35684585571289,738400,0.0,0.014127902202647036,0.01412783793061867,0.014127902202647036,ff63ff6f44fe23c350c52789206c384fe3a6aa024b0a32242ef77e1e6867edcb,2026-10-07T15:19:19.392896+00:00
KRC,2024-01-30,38.0,32.10639190673828,997300,0.0,-0.037487324199510175,-0.03748717592735018,-0.037487324199510175,ff63ff6f44fe23c350c52789206c384fe3a6aa024b0a32242ef77e1e6867edcb,2026-10-07T15:19:19.392896+00:00
KRC,2024-01-31,35.7599983215332,30.213802337646484,2166900,0.0,-0.058947412591231485,-0.05894743870906882,-0.058947412591231485,ff63ff6f44fe23c350c52789206c384fe3a6aa024b0a32242ef77e1e6867edcb,2026-10-07T15:19:19.392896+00:00
KRC,2024-02-01,35.20000076293945,29.740657806396484,3242400,0.0,-0.015659887720311794,-0.015659880407056903,-0.015659887720311794,ff63ff6f44fe23c350c52789206c384fe3a6aa024b0a32242ef77e1e6867edcb,2026-10-07T15:19:19.392896+00:00
KRC,2024-02-02,34.880001068115234,29.470287322998047,1944700,0.0,-0.009090900224102638,-0.009090938242135582,-0.009090900224102638,ff63ff6f44fe23c350c52789206c384fe3a6aa024b0a32242ef77e1e6867edcb,2026-10-07T15:19:19.392896+00:00
KRC,2024-02-05,34.41999816894531,29.081628799438477,1324800,0.0,-0.013188156109043891,-0.013188148432345614,-0.013188156109043891,ff63ff6f44fe23c350c52789206c384fe3a6aa024b0a32242ef77e1e6867edcb,2026-10-07T15:19:19.392896+00:00
KRC,2024-02-06,33.939998626708984,28.676074981689453,2408600,0.0,-0.013945368035184758,-0.01394536119506673,-0.013945368035184758,ff63ff6f44fe23c350c52789206c384fe3a6aa024b0a32242ef77e1e6867edcb,2026-10-07T15:19:19.392896+00:00
KRC,2024-02-07,34.310001373291016,28.98868751525879,1580100,0.0,0.010901672408756724,0.010901510536883041,0.010901672408756724,ff63ff6f44fe23c350c52789206c384fe3a6aa024b0a32242ef77e1e6867edcb,2026-10-07T15:19:19.392896+00:00
KRC,2024-02-08,34.970001220703125,29.546327590942383,960700,0.0,0.019236369017632704,0.019236471999295235,0.019236369017632704,ff63ff6f44fe23c350c52789206c384fe3a6aa024b0a32242ef77e1e6867edcb,2026-10-07T15:19:19.392896+00:00
KRC,2024-02-09,34.720001220703125,29.335102081298828,1087800,0.0,-0.0071489845946014485,-0.007148959849355596,-0.0071489845946014485,ff63ff6f44fe23c350c52789206c384fe3a6aa024b0a32242ef77e1e6867edcb,2026-10-07T15:19:19.392896+00:00
KRC,2024-02-12,35.66999816894531,30.137758255004883,1022900,0.0,0.027361662293828415,0.027361628791390924,0.027361662293828415,ff63ff6f44fe23c350c52789206c384fe3a6aa024b0a32242ef77e1e6867edcb,2026-10-07T15:19:19.392896+00:00
KRC,2024-02-13,33.279998779296875,28.118440628051758,1420700,0.0,-0.06700307015236118,-0.06700291408096959,-0.06700307015236118,ff63ff6f44fe23c350c52789206c384fe3a6aa024b0a32242ef77e1e6867edcb,2026-10-07T15:19:19.392896+00:00
KRC,2024-02-14,33.959999084472656,28.692968368530273,1211100,0.0,0.020432702227104693,0.020432418286572718,0.020432702227104693,ff63ff6f44fe23c350c52789206c384fe3a6aa024b0a32242ef77e1e6867edcb,2026-10-07T15:19:19.392896+00:00
KRC,2024-02-15,35.959999084472656,30.382780075073242,869400,0.0,0.0588928166642515,0.0588928857007458,0.0588928166642515,ff63ff6f44fe23c350c52789206c384fe3a6aa024b0a32242ef77e1e6867edcb,2026-10-07T15:19:19.392896+00:00
KRC,2024-02-16,36.2599983215332,30.63625144958496,814800,0.0,0.008342581888164835,0.008342599784661342,0.008342581888164835,ff63ff6f44fe23c350c52789206c384fe3a6aa024b0a32242ef77e1e6867edcb,2026-10-07T15:19:19.392896+00:00
KRC,2024-02-20,36.16999816894531,30.56020736694336,1197700,0.0,-0.002482078233700391,-0.0024821601548329353,-0.002482078233700391,ff63ff6f44fe23c350c52789206c384fe3a6aa024b0a32242ef77e1e6867edcb,2026-10-07T15:19:19.392896+00:00
KRC,2024-02-21,36.220001220703125,30.602460861206055,939900,0.0,0.0013824455153206294,0.0013826311371303301,0.0013824455153206294,ff63ff6f44fe23c350c52789206c384fe3a6aa024b0a32242ef77e1e6867edcb,2026-10-07T15:19:19.392896+00:00
KRC,2024-02-22,36.439998626708984,30.7883358001709,1245900,0.0,0.006073920447029479,0.0060738559492929944,0.006073920447029479,ff63ff6f44fe23c350c52789206c384fe3a6aa024b0a32242ef77e1e6867edcb,2026-10-07T15:19:19.392896+00:00
KRC,2024-02-23,35.86000061035156,30.298294067382812,617300,0.0,-0.015916521356076796,-0.01591647356221726,-0.015916521356076796,ff63ff6f44fe23c350c52789206c384fe3a6aa024b0a32242ef77e1e6867edcb,2026-10-07T15:19:19.392896+00:00
KRC,2024-02-26,35.29999923706055,29.825143814086914,623300,0.0,-0.015616323585040948,-0.015616399135991665,-0.015616323585040948,ff63ff6f44fe23c350c52789206c384fe3a6aa024b0a32242ef77e1e6867edcb,2026-10-07T15:19:19.392896+00:00
KRC,2024-02-27,35.81999969482422,30.264497756958008,646400,0.0,0.014730891473157204,0.014730991595875542,0.014730891473157204,ff63ff6f44fe23c350c52789206c384fe3a6aa024b0a32242ef77e1e6867edcb,2026-10-07T15:19:19.392896+00:00
KRC,2024-02-28,36.099998474121094,30.501068115234375,981800,0.0,0.007816828076001814,0.007816761413857565,0.007816828076001814,ff63ff6f44fe23c350c52789206c384fe3a6aa024b0a32242ef77e1e6867edcb,2026-10-07T15:19:19.392896+00:00
KRC,2024-02-29,37.88999938964844,32.013450622558594,2399100,0.0,0.04958451499133831,0.04958457525521309,0.04958451499133831,ff63ff6f44fe23c350c52789206c384fe3a6aa024b0a32242ef77e1e6867edcb,2026-10-07T15:19:19.392896+00:00
KRC,2024-03-01,36.689998626708984,30.99955177307129,1779200,0.0,-0.03167064614066195,-0.031671026701909244,-0.03167064614066195,ff63ff6f44fe23c350c52789206c384fe3a6aa024b0a32242ef77e1e6867edcb,2026-10-07T15:19:19.392896+00:00
KRC,2024-03-04,37.18000030517578,31.4135684967041,1009500,0.0,0.013355183886818,0.013355571289016543,0.013355183886818,ff63ff6f44fe23c350c52789206c384fe3a6aa024b0a32242ef77e1e6867edcb,2026-10-07T15:19:19.392896+00:00
KRC,2024-03-05,36.86000061035156,31.14319610595703,1517300,0.0,-0.008606769558839211,-0.008606866512966715,-0.008606769558839211,ff63ff6f44fe23c350c52789206c384fe3a6aa024b0a32242ef77e1e6867edcb,2026-10-07T15:19:19.392896+00:00
KRC,2024-03-06,36.02000045776367,30.433483123779297,959300,0.0,-0.022788934852919884,-0.022788700933684236,-0.022788934852919884,ff63ff6f44fe23c350c52789206c384fe3a6aa024b0a32242ef77e1e6867edcb,2026-10-07T15:19:19.392896+00:00
KRC,2024-03-07,36.369998931884766,30.729188919067383,564100,0.0,0.009716781501196703,0.009716462426774708,0.009716781501196703,ff63ff6f44fe23c350c52789206c384fe3a6aa024b0a32242ef77e1e6867edcb,2026-10-07T15:19:19.392896+00:00
KRC,2024-03-08,36.31999969482422,30.68694496154785,780000,0.0,-0.0013747384803114437,-0.0013747176220886281,-0.0013747384803114437,ff63ff6f44fe23c350c52789206c384fe3a6aa024b0a32242ef77e1e6867edcb,2026-10-07T15:19:19.392896+00:00
KRC,2024-03-11,35.52000045776367,30.011022567749023,895800,0.0,-0.02202641089709456,-0.022026382705928826,-0.02202641089709456,ff63ff6f44fe23c350c52789206c384fe3a6aa024b0a32242ef77e1e6867edcb,2026-10-07T15:19:19.392896+00:00
KRC,2024-03-12,35.310001373291016,29.833589553833008,792500,0.0,-0.005912136310988081,-0.005912261520428563,-0.005912136310988081,ff63ff6f44fe23c350c52789206c384fe3a6aa024b0a32242ef77e1e6867edcb,2026-10-07T15:19:19.392896+00:00
KRC,2024-03-13,35.290000915527344,29.81669807434082,536800,0.0,-0.0005664247234722364,-0.0005661899806493897,-0.0005664247234722364,ff63ff6f44fe23c350c52789206c384fe3a6aa024b0a32242ef77e1e6867edcb,2026-10-07T15:19:19.392896+00:00
KRC,2024-03-14,34.380001068115234,29.04783821105957,849400,0.0,-0.02578633674706754,-0.025786217553811053,-0.02578633674706754,ff63ff6f44fe23c350c52789206c384fe3a6aa024b0a32242ef77e1e6867edcb,2026-10-07T15:19:19.392896+00:00
KRC,2024-03-15,34.66999816894531,29.2928466796875,2399100,0.0,0.00843505211810558,0.008434654133216979,0.00843505211810558,ff63ff6f44fe23c350c52789206c384fe3a6aa024b0a32242ef77e1e6867edcb,2026-10-07T15:19:19.392896+00:00
KRC,2024-03-18,34.959999084472656,29.53787612915039,707800,0.0,0.008364607177484773,0.008364822038030129,0.008364607177484773,ff63ff6f44fe23c350c52789206c384fe3a6aa024b0a32242ef77e1e6867edcb,2026-10-07T15:19:19.392896+00:00
KRC,2024-03-19,35.13999938964844,29.689956665039062,826700,0.0,0.005148750282883308,0.005148661847714342,0.005148750282883308,ff63ff6f44fe23c350c52789206c384fe3a6aa024b0a32242ef77e1e6867edcb,2026-10-07T15:19:19.392896+00:00
KRC,2024-03-20,36.18000030517578,30.568660736083984,802000,0.0,0.02959592867362737,0.02959600382575256,0.02959592867362737,ff63ff6f44fe23c350c52789206c384fe3a6aa024b0a32242ef77e1e6867edcb,2026-10-07T15:19:19.392896+00:00
KRC,2024-03-21,37.4900016784668,31.67548942565918,1713400,0.0,0.03620788729246116,0.036207954909475815,0.03620788729246116,ff63ff6f44fe23c350c52789206c384fe3a6aa024b0a32242ef77e1e6867edcb,2026-10-07T15:19:19.392896+00:00
KRC,2024-03-22,35.7599983215332,30.213802337646484,1035900,0.0,-0.046145726313137514,-0.04614568281393738,-0.046145726313137514,ff63ff6f44fe23c350c52789206c384fe3a6aa024b0a32242ef77e1e6867edcb,2026-10-07T15:19:19.392896+00:00
KRC,2024-03-25,36.2599983215332,30.63625144958496,1304100,0.0,0.013982103564555315,0.013981990986023707,0.013982103564555315,ff63ff6f44fe23c350c52789206c384fe3a6aa024b0a32242ef77e1e6867edcb,2026-10-07T15:19:19.392896+00:00
KRC,2024-03-26,35.70000076293945,30.163105010986328,1223500,0.0,-0.015443948828348208,-0.015444005588517995,-0.015443948828348208,ff63ff6f44fe23c350c52789206c384fe3a6aa024b0a32242ef77e1e6867edcb,2026-10-07T15:19:19.392896+00:00
KRC,2024-03-27,36.119998931884766,30.986675262451172,1178900,0.54,0.011764654340884917,0.027303894979143317,0.026890704437796398,ff63ff6f44fe23c350c52789206c384fe3a6aa024b0a32242ef77e1e6867edcb,2026-10-07T15:19:19.392896+00:00
KRC,2024-03-28,36.43000030517578,31.252614974975586,951100,0.0,0.008582541042584602,0.008582389374528043,0.008582541042584602,ff63ff6f44fe23c350c52789206c384fe3a6aa024b0a32242ef77e1e6867edcb,2026-10-07T15:19:19.392896+00:00
KRC,2024-04-01,35.15999984741211,30.163101196289062,939400,0.0,-0.03486139025871038,-0.0348615237335792,-0.03486139025871038,ff63ff6f44fe23c350c52789206c384fe3a6aa024b0a32242ef77e1e6867edcb,2026-10-07T15:19:19.392896+00:00
KRC,2024-04-02,34.70000076293945,29.768484115600586,830300,0.0,-0.013083022937115052,-0.013082775478571396,-0.013083022937115052,ff63ff6f44fe23c350c52789206c384fe3a6aa024b0a32242ef77e1e6867edcb,2026-10-07T15:19:19.392896+00:00
KRC,2024-04-03,34.709999084472656,29.777057647705078,820000,0.0,0.000288136060904165,0.0002880070100714782,0.000288136060904165,ff63ff6f44fe23c350c52789206c384fe3a6aa024b0a32242ef77e1e6867edcb,2026-10-07T15:19:19.392896+00:00
KRC,2024-04-04,34.099998474121094,29.25374984741211,666700,0.0,-0.01757420416137212,-0.017574194417872557,-0.01757420416137212,ff63ff6f44fe23c350c52789206c384fe3a6aa024b0a32242ef77e1e6867edcb,2026-10-07T15:19:19.392896+00:00
KRC,2024-04-05,34.13999938964844,29.28806495666504,799000,0.0,0.0011730474286590908,0.0011730157477902736,0.0011730474286590908,ff63ff6f44fe23c350c52789206c384fe3a6aa024b0a32242ef77e1e6867edcb,2026-10-07T15:19:19.392896+00:00
KRC,2024-04-08,34.939998626708984,29.974369049072266,564200,0.0,0.023432901328730438,0.023432893003436428,0.023432901328730438,ff63ff6f44fe23c350c52789206c384fe3a6aa024b0a32242ef77e1e6867edcb,2026-10-07T15:19:19.392896+00:00
KRC,2024-04-09,35.869998931884766,30.772205352783203,840400,0.0,0.02661706759383975,0.02661728433398447,0.02661706759383975,ff63ff6f44fe23c350c52789206c384fe3a6aa024b0a32242ef77e1e6867edcb,2026-10-07T15:19:19.392896+00:00
KRC,2024-04-10,33.2400016784668,28.51597785949707,716200,0.0,-0.07332024900285594,-0.07332030536713119,-0.07332024900285594,ff63ff6f44fe23c350c52789206c384fe3a6aa024b0a32242ef77e1e6867edcb,2026-10-07T15:19:19.392896+00:00
KRC,2024-04-11,33.9900016784668,29.159387588500977,1036900,0.0,0.022563175755970555,0.02256313047282088,0.022563175755970555,ff63ff6f44fe23c350c52789206c384fe3a6aa024b0a32242ef77e1e6867edcb,2026-10-07T15:19:19.392896+00:00
KRC,2024-04-12,33.470001220703125,28.713287353515625,883700,0.0,-0.015298629952498644,-0.015298683267314983,-0.015298629952498644,ff63ff6f44fe23c350c52789206c384fe3a6aa024b0a32242ef77e1e6867edcb,2026-10-07T15:19:19.392896+00:00
KRC,2024-04-15,32.95000076293945,28.267189025878906,869200,0.0,-0.015536314275424123,-0.015536302832357518,-0.015536314275424123,ff63ff6f44fe23c350c52789206c384fe3a6aa024b0a32242ef77e1e6867edcb,2026-10-07T15:19:19.392896+00:00
KRC,2024-04-16,32.38999938964844,27.786775588989258,892300,0.0,-0.016995488932457836,-0.016995444310002883,-0.016995488932457836,ff63ff6f44fe23c350c52789206c384fe3a6aa024b0a32242ef77e1e6867edcb,2026-10-07T15:19:19.392896+00:00
KRC,2024-04-17,32.400001525878906,27.79535675048828,715700,0.0,0.0003088032238021121,0.00030882178004221217,0.0003088032238021121,ff63ff6f44fe23c350c52789206c384fe3a6aa024b0a32242ef77e1e6867edcb,2026-10-07T15:19:19.392896+00:00
KRC,2024-04-18,32.66999816894531,28.0269775390625,671400,0.0,0.008333229331818126,0.008333074860431555,0.008333229331818126,ff63ff6f44fe23c350c52789206c384fe3a6aa024b0a32242ef77e1e6867edcb,2026-10-07T15:19:19.392896+00:00
KRC,2024-04-19,33.09000015258789,28.387292861938477,917600,0.0,0.012855892475739816,0.012856017826887944,0.012855892475739816,ff63ff6f44fe23c350c52789206c384fe3a6aa024b0a32242ef77e1e6867edcb,2026-10-07T15:19:19.392896+00:00
KRC,2024-04-22,33.41999816894531,28.670391082763672,636300,0.0,0.00997274145771243,0.009972709345763997,0.00997274145771243,ff63ff6f44fe23c350c52789206c384fe3a6aa024b0a32242ef77e1e6867edcb,2026-10-07T15:19:19.392896+00:00
KRC,2024-04-23,33.72999954223633,28.93633270263672,589200,0.0,0.009275924305079064,0.009275828121958485,0.009275924305079064,ff63ff6f44fe23c350c52789206c384fe3a6aa024b0a32242ef77e1e6867edcb,2026-10-07T15:19:19.392896+00:00
KRC,2024-04-24,33.709999084472656,28.91917610168457,723500,0.0,-0.0005929575462527703,-0.0005929086152159924,-0.0005929575462527703,ff63ff6f44fe23c350c52789206c384fe3a6aa024b0a32242ef77e1e6867edcb,2026-10-07T15:19:19.392896+00:00
KRC,2024-04-25,33.22999954223633,28.507396697998047,713200,0.0,-0.014239084997703988,-0.014238974244585645,-0.014239084997703988,ff63ff6f44fe23c350c52789206c384fe3a6aa024b0a32242ef77e1e6867edcb,2026-10-07T15:19:19.392896+00:00
KRC,2024-04-26,33.13999938964844,28.430185317993164,800000,0.0,-0.0027084006568672825,-0.0027084682906280966,-0.0027084006568672825,ff63ff6f44fe23c350c52789206c384fe3a6aa024b0a32242ef77e1e6867edcb,2026-10-07T15:19:19.392896+00:00
KRC,2024-04-29,34.38999938964844,29.502534866333008,915700,0.0,0.037718769554064835,0.03771869709414677,0.037718769554064835,ff63ff6f44fe23c350c52789206c384fe3a6aa024b0a32242ef77e1e6867edcb,2026-10-07T15:19:19.392896+00:00
KRC,2024-04-30,33.79999923706055,28.99639129638672,984400,0.0,-0.01715615478508803,-0.017155934981162524,-0.01715615478508803,ff63ff6f44fe23c350c52789206c384fe3a6aa024b0a32242ef77e1e6867edcb,2026-10-07T15:19:19.392896+00:00
KRC,2024-05-01,33.220001220703125,28.498817443847656,1246900,0.0,-0.017159705013291116,-0.01715985439198653,-0.017159705013291116,ff63ff6f44fe23c350c52789206c384fe3a6aa024b0a32242ef77e1e6867edcb,2026-10-07T15:19:19.392896+00:00
KRC,2024-05-02,34.27000045776367,29.39959144592285,1048100,0.0,0.03160744125458281,0.03160741682878698,0.03160744125458281,ff63ff6f44fe23c350c52789206c384fe3a6aa024b0a32242ef77e1e6867edcb,2026-10-07T15:19:19.392896+00:00
KRC,2024-05-03,33.93000030517578,29.10791015625,1459900,0.0,-0.009921218209697047,-0.009921270171708518,-0.009921218209697047,ff63ff6f44fe23c350c52789206c384fe3a6aa024b0a32242ef77e1e6867edcb,2026-10-07T15:19:19.392896+00:00
KRC,2024-05-06,34.25,29.382434844970703,1017100,0.0,0.009431172765872464,0.009431274428396419,0.009431172765872464,ff63ff6f44fe23c350c52789206c384fe3a6aa024b0a32242ef77e1e6867edcb,2026-10-07T15:19:19.392896+00:00
KRC,2024-05-07,33.939998626708984,29.11648941040039,1016400,0.0,-0.009051134986599041,-0.009051170741073977,-0.009051134986599041,ff63ff6f44fe23c350c52789206c384fe3a6aa024b0a32242ef77e1e6867edcb,2026-10-07T15:19:19.392896+00:00
KRC,2024-05-08,33.43000030517578,28.678972244262695,777500,0.0,-0.015026468537681748,-0.01502643948488569,-0.015026468537681748,ff63ff6f44fe23c350c52789206c384fe3a6aa024b0a32242ef77e1e6867edcb,2026-10-07T15:19:19.392896+00:00
KRC,2024-05-09,34.45000076293945,29.55401039123535,827200,0.0,0.03051153001652085,0.030511489028262062,0.03051153001652085,ff63ff6f44fe23c350c52789206c384fe3a6aa024b0a32242ef77e1e6867edcb,2026-10-07T15:19:19.392896+00:00
KRC,2024-05-10,34.02000045776367,29.185121536254883,571300,0.0,-0.012481866346962911,-0.012481854411537596,-0.012481866346962911,ff63ff6f44fe23c350c52789206c384fe3a6aa024b0a32242ef77e1e6867edcb,2026-10-07T15:19:19.392896+00:00
KRC,2024-05-13,34.439998626708984,29.54543113708496,497300,0.0,0.012345625023337359,0.01234566045519081,0.012345625023337359,ff63ff6f44fe23c350c52789206c384fe3a6aa024b0a32242ef77e1e6867edcb,2026-10-07T15:19:19.392896+00:00
KRC,2024-05-14,35.27000045776367,30.257471084594727,927200,0.0,0.024099937983476094,0.02409983270191729,0.024099937983476094,ff63ff6f44fe23c350c52789206c384fe3a6aa024b0a32242ef77e1e6867edcb,2026-10-07T15:19:19.392896+00:00
KRC,2024-05-15,35.34000015258789,30.317527770996094,949100,0.0,0.001984680859532295,0.001984854789531365,0.001984680859532295,ff63ff6f44fe23c350c52789206c384fe3a6aa024b0a32242ef77e1e6867edcb,2026-10-07T15:19:19.392896+00:00
KRC,2024-05-16,34.75,29.811378479003906,626700,0.0,-0.01669496746011434,-0.016694939502171602,-0.01669496746011434,ff63ff6f44fe23c350c52789206c384fe3a6aa024b0a32242ef77e1e6867edcb,2026-10-07T15:19:19.392896+00:00
KRC,2024-05-17,34.41999816894531,29.528270721435547,890900,0.0,-0.009496455569919071,-0.00949663423876057,-0.009496455569919071,ff63ff6f44fe23c350c52789206c384fe3a6aa024b0a32242ef77e1e6867edcb,2026-10-07T15:19:19.392896+00:00
KRC,2024-05-20,33.779998779296875,28.97922706604004,952800,0.0,-0.01859382404691301,-0.018593830318581417,-0.01859382404691301,ff63ff6f44fe23c350c52789206c384fe3a6aa024b0a32242ef77e1e6867edcb,2026-10-07T15:19:19.392896+00:00
KRC,2024-05-21,34.11000061035156,29.262332916259766,1094000,0.0,0.00976914869685963,0.009769268503075024,0.00976914869685963,ff63ff6f44fe23c350c52789206c384fe3a6aa024b0a32242ef77e1e6867edcb,2026-10-07T15:19:19.392896+00:00
KRC,2024-05-22,33.689998626708984,28.902021408081055,623000,0.0,-0.012313162595345095,-0.012313150465816158,-0.012313162595345095,ff63ff6f44fe23c350c52789206c384fe3a6aa024b0a32242ef77e1e6867edcb,2026-10-07T15:19:19.392896+00:00
KRC,2024-05-23,32.5,27.881141662597656,1305700,0.0,-0.03532201469921015,-0.0353220880667523,-0.03532201469921015,ff63ff6f44fe23c350c52789206c384fe3a6aa024b0a32242ef77e1e6867edcb,2026-10-07T15:19:19.392896+00:00
KRC,2024-05-24,32.5,27.881141662597656,702500,0.0,0.0,0.0,0.0,ff63ff6f44fe23c350c52789206c384fe3a6aa024b0a32242ef77e1e6867edcb,2026-10-07T15:19:19.392896+00:00
KRC,2024-05-28,32.349998474121094,27.752458572387695,1129500,0.0,-0.004615431565504813,-0.004615416820703211,-0.004615431565504813,ff63ff6f44fe23c350c52789206c384fe3a6aa024b0a32242ef77e1e6867edcb,2026-10-07T15:19:19.392896+00:00
KRC,2024-05-29,32.08000183105469,27.52083396911621,1365500,0.0,-0.00834610991658602,-0.008346093109816932,-0.00834610991658602,ff63ff6f44fe23c350c52789206c384fe3a6aa024b0a32242ef77e1e6867edcb,2026-10-07T15:19:19.392896+00:00
KRC,2024-05-30,32.68000030517578,28.035560607910156,1218500,0.0,0.01870319326292158,0.01870316282462836,0.01870319326292158,ff63ff6f44fe23c350c52789206c384fe3a6aa024b0a32242ef77e1e6867edcb,2026-10-07T15:19:19.392896+00:00
KRC,2024-05-31,33.529998779296875,28.764759063720703,1107000,0.0,0.026009744987256722,0.026009769021875906,0.026009744987256722,ff63ff6f44fe23c350c52789206c384fe3a6aa024b0a32242ef77e1e6867edcb,2026-10-07T15:19:19.392896+00:00
KRC,2024-06-03,33.630001068115234,28.85055160522461,1108400,0.0,0.0029824721878637384,0.002982557278295106,0.0029824721878637384,ff63ff6f44fe23c350c52789206c384fe3a6aa024b0a32242ef77e1e6867edcb,2026-10-07T15:19:19.392896+00:00
KRC,2024-06-04,33.45000076293945,28.696130752563477,655200,0.0,-0.005352372865264021,-0.0053524402158455775,-0.005352372865264021,ff63ff6f44fe23c350c52789206c384fe3a6aa024b0a32242ef77e1e6867edcb,2026-10-07T15:19:19.392896+00:00
KRC,2024-06-05,32.75,28.095609664916992,1051300,0.0,-0.020926778683814318,-0.020926901010612342,-0.020926778683814318,ff63ff6f44fe23c350c52789206c384fe3a6aa024b0a32242ef77e1e6867edcb,2026-10-07T15:19:19.392896+00:00
KRC,2024-06-06,32.599998474121094,27.966928482055664,1091600,0.0,-0.00458019926347808,-0.00458011712135975,-0.00458019926347808,ff63ff6f44fe23c350c52789206c384fe3a6aa024b0a32242ef77e1e6867edcb,2026-10-07T15:19:19.392896+00:00
KRC,2024-06-07,31.56999969482422,27.083311080932617,871700,0.0,-0.031595056058500104,-0.031595082087401916,-0.031595056058500104,ff63ff6f44fe23c350c52789206c384fe3a6aa024b0a32242ef77e1e6867edcb,2026-10-07T15:19:19.392896+00:00
KRC,2024-06-10,31.43000030517578,26.963211059570312,1364000,0.0,-0.0044345705100335975,-0.004434465970700963,-0.0044345705100335975,ff63ff6f44fe23c350c52789206c384fe3a6aa024b0a32242ef77e1e6867edcb,2026-10-07T15:19:19.392896+00:00
KRC,2024-06-11,31.170000076293945,26.740158081054688,1282000,0.0,-0.00827235845871177,-0.008272493139738768,-0.00827235845871177,ff63ff6f44fe23c350c52789206c384fe3a6aa024b0a32242ef77e1e6867edcb,2026-10-07T15:19:19.392896+00:00
KRC,2024-06-12,31.8799991607666,27.34925651550293,1516500,0.0,0.02277828305212748,0.02277841561751215,0.02277828305212748,ff63ff6f44fe23c350c52789206c384fe3a6aa024b0a32242ef77e1e6867edcb,2026-10-07T15:19:19.392896+00:00
KRC,2024-06-13,31.6299991607666,27.134784698486328,1429400,0.0,-0.007841907358255629,-0.007841961513470275,-0.007841907358255629,ff63ff6f44fe23c350c52789206c384fe3a6aa024b0a32242ef77e1e6867edcb,2026-10-07T15:19:19.392896+00:00
KRC,2024-06-14,31.81999969482422,27.29778289794922,999400,0.0,0.006006972465977478,0.006006983334272853,0.006006972465977478,ff63ff6f44fe23c350c52789206c384fe3a6aa024b0a32242ef77e1e6867edcb,2026-10-07T15:19:19.392896+00:00
KRC,2024-06-17,31.649999618530273,27.151945114135742,481500,0.0,-0.005342554303091274,-0.005342477239220544,-0.005342554303091274,ff63ff6f44fe23c350c52789206c384fe3a6aa024b0a32242ef77e1e6867edcb,2026-10-07T15:19:19.392896+00:00
KRC,2024-06-18,31.93000030517578,27.392148971557617,1015500,0.0,0.008846783254985446,0.008846653763189272,0.008846783254985446,ff63ff6f44fe23c350c52789206c384fe3a6aa024b0a32242ef77e1e6867edcb,2026-10-07T15:19:19.392896+00:00
KRC,2024-06-20,31.65999984741211,27.160520553588867,634200,0.0,-0.008456011750175407,-0.008456014831448977,-0.008456011750175407,ff63ff6f44fe23c350c52789206c384fe3a6aa024b0a32242ef77e1e6867edcb,2026-10-07T15:19:19.392896+00:00
KRC,2024-06-21,31.579999923706055,27.091890335083008,1785600,0.0,-0.0025268453598111806,-0.0025268373767155516,-0.0025268453598111806,ff63ff6f44fe23c350c52789206c384fe3a6aa024b0a32242ef77e1e6867edcb,2026-10-07T15:19:19.392896+00:00
KRC,2024-06-24,32.130001068115234,27.56372833251953,739200,0.0,0.017416122410953916,0.01741620800913668,0.017416122410953916,ff63ff6f44fe23c350c52789206c384fe3a6aa024b0a32242ef77e1e6867edcb,2026-10-07T15:19:19.392896+00:00
KRC,2024-06-25,31.5,27.02326011657715,837200,0.0,-0.019607875728968716,-0.019607950325963075,-0.019607875728968716,ff63ff6f44fe23c350c52789206c384fe3a6aa024b0a32242ef77e1e6867edcb,2026-10-07T15:19:19.392896+00:00
KRC,2024-06-26,31.360000610351562,26.90315818786621,776700,0.0,-0.004444425068204416,-0.004444390802324505,-0.004444425068204416,ff63ff6f44fe23c350c52789206c384fe3a6aa024b0a32242ef77e1e6867edcb,2026-10-07T15:19:19.392896+00:00
KRC,2024-06-27,31.329999923706055,26.877422332763672,834600,0.0,-0.0009566545300259133,-0.0009566109273425605,-0.0009566545300259133,ff63ff6f44fe23c350c52789206c384fe3a6aa024b0a32242ef77e1e6867edcb,2026-10-07T15:19:19.392896+00:00
KRC,2024-06-28,31.170000076293945,27.20913314819336,2061300,0.54,-0.00510692141084379,0.0123416156252949,0.012128954788166446,ff63ff6f44fe23c350c52789206c384fe3a6aa024b0a32242ef77e1e6867edcb,2026-10-07T15:19:19.392896+00:00
KRC,2024-07-01,31.270000457763672,27.296424865722656,758300,0.0,0.003208225255853625,0.003208177087225428,0.003208225255853625,ff63ff6f44fe23c350c52789206c384fe3a6aa024b0a32242ef77e1e6867edcb,2026-10-07T15:19:19.392896+00:00
KRC,2024-07-02,31.84000015258789,27.793994903564453,757500,0.0,0.01822832384010087,0.01822839585364955,0.01822832384010087,ff63ff6f44fe23c350c52789206c384fe3a6aa024b0a32242ef77e1e6867edcb,2026-10-07T15:19:19.392896+00:00
KRC,2024-07-03,32.380001068115234,28.265377044677734,518100,0.0,0.016959827667697214,0.016959855636039967,0.016959827667697214,ff63ff6f44fe23c350c52789206c384fe3a6aa024b0a32242ef77e1e6867edcb,2026-10-07T15:19:19.392896+00:00
KRC,2024-07-05,31.239999771118164,27.27023696899414,1622300,0.0,-0.03520695674465668,-0.03520703347104204,-0.03520695674465668,ff63ff6f44fe23c350c52789206c384fe3a6aa024b0a32242ef77e1e6867edcb,2026-10-07T15:19:19.392896+00:00
KRC,2024-07-08,31.739999771118164,27.70669937133789,754000,0.0,0.016005121756186957,0.016005082861582753,0.016005121756186957,ff63ff6f44fe23c350c52789206c384fe3a6aa024b0a32242ef77e1e6867edcb,2026-10-07T15:19:19.392896+00:00
KRC,2024-07-09,32.06999969482422,27.994768142700195,922000,0.0,0.010396973096588935,0.010397080052787055,0.010396973096588935,ff63ff6f44fe23c350c52789206c384fe3a6aa024b0a32242ef77e1e6867edcb,2026-10-07T15:19:19.392896+00:00
KRC,2024-07-10,32.29999923706055,28.195537567138672,660900,0.0,0.007171797456344997,0.007171676629542878,0.007171797456344997,ff63ff6f44fe23c350c52789206c384fe3a6aa024b0a32242ef77e1e6867edcb,2026-10-07T15:19:19.392896+00:00
KRC,2024-07-11,34.189998626708984,29.84537124633789,1233300,0.0,0.05851391437433473,0.058513999787046744,0.05851391437433473,ff63ff6f44fe23c350c52789206c384fe3a6aa024b0a32242ef77e1e6867edcb,2026-10-07T15:19:19.392896+00:00
KRC,2024-07-12,35.2599983215332,30.77940559387207,1609900,0.0,0.03129569282838007,0.031295785863236336,0.03129569282838007,ff63ff6f44fe23c350c52789206c384fe3a6aa024b0a32242ef77e1e6867edcb,2026-10-07T15:19:19.392896+00:00
KRC,2024-07-15,35.7599983215332,31.215871810913086,1136000,0.0,0.014180375036905613,0.014180462832846574,0.014180375036905613,ff63ff6f44fe23c350c52789206c384fe3a6aa024b0a32242ef77e1e6867edcb,2026-10-07T15:19:19.392896+00:00
KRC,2024-07-16,36.119998931884766,31.530120849609375,959600,0.0,0.010067131634477366,0.01006696338964419,0.010067131634477366,ff63ff6f44fe23c350c52789206c384fe3a6aa024b0a32242ef77e1e6867edcb,2026-10-07T15:19:19.392896+00:00
KRC,2024-07-17,35.900001525878906,31.33808135986328,873800,0.0,-0.006090736780494654,-0.006090667735213384,-0.006090736780494654,ff63ff6f44fe23c350c52789206c384fe3a6aa024b0a32242ef77e1e6867edcb,2026-10-07T15:19:19.392896+00:00
KRC,2024-07-18,35.040000915527344,30.587356567382812,812300,0.0,-0.02395544773811842,-0.02395567181856806,-0.02395544773811842,ff63ff6f44fe23c350c52789206c384fe3a6aa024b0a32242ef77e1e6867edcb,2026-10-07T15:19:19.392896+00:00
KRC,2024-07-19,34.54999923706055,30.159629821777344,503900,0.0,-0.01398406580091327,-0.01398377609595658,-0.01398406580091327,ff63ff6f44fe23c350c52789206c384fe3a6aa024b0a32242ef77e1e6867edcb,2026-10-07T15:19:19.392896+00:00
KRC,2024-07-22,35.130001068115234,30.665929794311523,669000,0.0,0.016787318201516577,0.016787340412533602,0.016787318201516577,ff63ff6f44fe23c350c52789206c384fe3a6aa024b0a32242ef77e1e6867edcb,2026-10-07T15:19:19.392896+00:00
KRC,2024-07-23,36.04999923706055,31.469013214111328,858600,0.0,0.026188390007773732,0.026188132079685955,0.026188390007773732,ff63ff6f44fe23c350c52789206c384fe3a6aa024b0a32242ef77e1e6867edcb,2026-10-07T15:19:19.392896+00:00
KRC,2024-07-24,34.529998779296875,30.14216423034668,1167000,0.0,-0.042163675171484116,-0.04216366667543492,-0.042163675171484116,ff63ff6f44fe23c350c52789206c384fe3a6aa024b0a32242ef77e1e6867edcb,2026-10-07T15:19:19.392896+00:00
KRC,2024-07-25,35.16999816894531,30.70083999633789,936500,0.0,0.01853459056685991,0.018534693186653906,0.01853459056685991,ff63ff6f44fe23c350c52789206c384fe3a6aa024b0a32242ef77e1e6867edcb,2026-10-07T15:19:19.392896+00:00
KRC,2024-07-26,36.0,31.425373077392578,1059400,0.0,0.02359971209175571,0.023599780368912082,0.02359971209175571,ff63ff6f44fe23c350c52789206c384fe3a6aa024b0a32242ef77e1e6867edcb,2026-10-07T15:19:19.392896+00:00
KRC,2024-07-29,36.56999969482422,31.922937393188477,910200,0.0,0.015833324856228348,0.015833203143540198,0.015833324856228348,ff63ff6f44fe23c350c52789206c384fe3a6aa024b0a32242ef77e1e6867edcb,2026-10-07T15:19:19.392896+00:00
KRC,2024-07-30,36.95000076293945,32.25465774536133,754400,0.0,0.010391060193774448,0.010391285365977332,0.010391060193774448,ff63ff6f44fe23c350c52789206c384fe3a6aa024b0a32242ef77e1e6867edcb,2026-10-07T15:19:19.392896+00:00
KRC,2024-07-31,36.970001220703125,32.27210998535156,1644100,0.0,0.0005412843667309541,0.0005410765827376096,0.0005412843667309541,ff63ff6f44fe23c350c52789206c384fe3a6aa024b0a32242ef77e1e6867edcb,2026-10-07T15:19:19.392896+00:00
KRC,2024-08-01,35.25,30.770671844482422,1581500,0.0,-0.04652424030053659,-0.04652432523162098,-0.04652424030053659,ff63ff6f44fe23c350c52789206c384fe3a6aa024b0a32242ef77e1e6867edcb,2026-10-07T15:19:19.392896+00:00
KRC,2024-08-02,33.79999923706055,29.504932403564453,1225600,0.0,-0.041134773416722115,-0.04113460529282953,-0.041134773416722115,ff63ff6f44fe23c350c52789206c384fe3a6aa024b0a32242ef77e1e6867edcb,2026-10-07T15:19:19.392896+00:00
KRC,2024-08-05,33.0,28.806591033935547,1484700,0.0,-0.023668617015333404,-0.02366863140294939,-0.023668617015333404,ff63ff6f44fe23c350c52789206c384fe3a6aa024b0a32242ef77e1e6867edcb,2026-10-07T15:19:19.392896+00:00
KRC,2024-08-06,33.83000183105469,29.53112030029297,744100,0.0,0.02515157063802076,0.02515151013543715,0.02515157063802076,ff63ff6f44fe23c350c52789206c384fe3a6aa024b0a32242ef77e1e6867edcb,2026-10-07T15:19:19.392896+00:00
KRC,2024-08-07,33.119998931884766,28.911334991455078,1102400,0.0,-0.020987373950366317,-0.02098753120557173,-0.020987373950366317,ff63ff6f44fe23c350c52789206c384fe3a6aa024b0a32242ef77e1e6867edcb,2026-10-07T15:19:19.392896+00:00
KRC,2024-08-08,33.20000076293945,28.98117446899414,830500,0.0,0.0024155143005657465,0.00241564346854628,0.0024155143005657465,ff63ff6f44fe23c350c52789206c384fe3a6aa024b0a32242ef77e1e6867edcb,2026-10-07T15:19:19.392896+00:00
KRC,2024-08-09,33.529998779296875,29.269237518310547,657300,0.0,0.009939699059458906,0.009939660990088361,0.009939699059458906,ff63ff6f44fe23c350c52789206c384fe3a6aa024b0a32242ef77e1e6867edcb,2026-10-07T15:19:19.392896+00:00
KRC,2024-08-12,32.75,28.588356018066406,872600,0.0,-0.02326271421693238,-0.0232627002947442,-0.02326271421693238,ff63ff6f44fe23c350c52789206c384fe3a6aa024b0a32242ef77e1e6867edcb,2026-10-07T15:19:19.392896+00:00
KRC,2024-08-13,33.2599983215332,29.033550262451172,840600,0.0,0.015572467833074866,0.015572572417365427,0.015572467833074866,ff63ff6f44fe23c350c52789206c384fe3a6aa024b0a32242ef77e1e6867edcb,2026-10-07T15:19:19.392896+00:00
KRC,2024-08-14,33.060001373291016,28.858966827392578,591000,0.0,-0.006013137652887579,-0.006013161789737431,-0.006013137652887579,ff63ff6f44fe23c350c52789206c384fe3a6aa024b0a32242ef77e1e6867edcb,2026-10-07T15:19:19.392896+00:00
KRC,2024-08-15,33.599998474121094,29.330345153808594,892700,0.0,0.01633384992132325,0.016333860087069718,0.01633384992132325,ff63ff6f44fe23c350c52789206c384fe3a6aa024b0a32242ef77e1e6867edcb,2026-10-07T15:19:19.392896+00:00
KRC,2024-08-16,33.630001068115234,29.356534957885742,899600,0.0,0.0008929343856145522,0.0008929251919747028,0.0008929343856145522,ff63ff6f44fe23c350c52789206c384fe3a6aa024b0a32242ef77e1e6867edcb,2026-10-07T15:19:19.392896+00:00
KRC,2024-08-19,34.36000061035156,29.993772506713867,601900,0.0,0.02170679509518192,0.021706838008719087,0.02170679509518192,ff63ff6f44fe23c350c52789206c384fe3a6aa024b0a32242ef77e1e6867edcb,2026-10-07T15:19:19.392896+00:00
KRC,2024-08-20,33.970001220703125,29.653331756591797,779600,0.0,-0.011350389485468848,-0.011350381151482902,-0.011350389485468848,ff63ff6f44fe23c350c52789206c384fe3a6aa024b0a32242ef77e1e6867edcb,2026-10-07T15:19:19.392896+00:00
KRC,2024-08-21,34.4900016784668,30.107254028320312,889000,0.0,0.015307637299899701,0.01530763138032909,0.015307637299899701,ff63ff6f44fe23c350c52789206c384fe3a6aa024b0a32242ef77e1e6867edcb,2026-10-07T15:19:19.392896+00:00
KRC,2024-08-22,34.5099983215332,30.12470817565918,564600,0.0,0.0005797808667227233,0.0005797322905121138,0.0005797808667227233,ff63ff6f44fe23c350c52789206c384fe3a6aa024b0a32242ef77e1e6867edcb,2026-10-07T15:19:19.392896+00:00
KRC,2024-08-23,36.310001373291016,31.69597816467285,833000,0.0,0.052158885520277254,0.05215884515300506,0.052158885520277254,ff63ff6f44fe23c350c52789206c384fe3a6aa024b0a32242ef77e1e6867edcb,2026-10-07T15:19:19.392896+00:00
KRC,2024-08-26,36.380001068115234,31.757080078125,1435800,0.0,0.0019278350916205333,0.00192774973325327,0.0019278350916205333,ff63ff6f44fe23c350c52789206c384fe3a6aa024b0a32242ef77e1e6867edcb,2026-10-07T15:19:19.392896+00:00
KRC,2024-08-27,36.540000915527344,31.89674949645996,1150300,0.0,0.004398016567194185,0.004398056055259669,0.004398016567194185,ff63ff6f44fe23c350c52789206c384fe3a6aa024b0a32242ef77e1e6867edcb,2026-10-07T15:19:19.392896+00:00
KRC,2024-08-28,36.099998474121094,31.51266098022461,827300,0.0,-0.012041664761406001,-0.012041619359301148,-0.012041664761406001,ff63ff6f44fe23c350c52789206c384fe3a6aa024b0a32242ef77e1e6867edcb,2026-10-07T15:19:19.392896+00:00
KRC,2024-08-29,36.290000915527344,31.67852210998535,724100,0.0,0.00526322574618554,0.005263317174796001,0.00526322574618554,ff63ff6f44fe23c350c52789206c384fe3a6aa024b0a32242ef77e1e6867edcb,2026-10-07T15:19:19.392896+00:00
KRC,2024-08-30,36.27000045776367,31.661062240600586,1240400,0.0,-0.0005511286100605695,-0.0005511579525125931,-0.0005511286100605695,ff63ff6f44fe23c350c52789206c384fe3a6aa024b0a32242ef77e1e6867edcb,2026-10-07T15:19:19.392896+00:00
KRC,2024-09-03,35.2400016784668,30.76194953918457,725400,0.0,-0.028398091157906258,-0.02839805861797773,-0.028398091157906258,ff63ff6f44fe23c350c52789206c384fe3a6aa024b0a32242ef77e1e6867edcb,2026-10-07T15:19:19.392896+00:00
KRC,2024-09-04,35.2400016784668,30.76194953918457,587800,0.0,0.0,0.0,0.0,ff63ff6f44fe23c350c52789206c384fe3a6aa024b0a32242ef77e1e6867edcb,2026-10-07T15:19:19.392896+00:00
KRC,2024-09-05,35.16999816894531,30.70083999633789,746300,0.0,-0.0019864786091726705,-0.0019865302349851843,-0.0019864786091726705,ff63ff6f44fe23c350c52789206c384fe3a6aa024b0a32242ef77e1e6867edcb,2026-10-07T15:19:19.392896+00:00
KRC,2024-09-06,34.81999969482422,30.39531898498535,556400,0.0,-0.009951620481747359,-0.009951552185183954,-0.009951620481747359,ff63ff6f44fe23c350c52789206c384fe3a6aa024b0a32242ef77e1e6867edcb,2026-10-07T15:19:19.392896+00:00
KRC,2024-09-09,34.540000915527344,30.15089988708496,783000,0.0,-0.008041320555740694,-0.008041340116257012,-0.008041320555740694,ff63ff6f44fe23c350c52789206c384fe3a6aa024b0a32242ef77e1e6867edcb,2026-10-07T15:19:19.392896+00:00
KRC,2024-09-10,34.29999923706055,29.941394805908203,690200,0.0,-0.0069485139578819854,-0.006948551517910073,-0.0069485139578819854,ff63ff6f44fe23c350c52789206c384fe3a6aa024b0a32242ef77e1e6867edcb,2026-10-07T15:19:19.392896+00:00
KRC,2024-09-11,34.720001220703125,30.308025360107422,579400,0.0,0.012244956063695023,0.012244939040945146,0.012244956063695023,ff63ff6f44fe23c350c52789206c384fe3a6aa024b0a32242ef77e1e6867edcb,2026-10-07T15:19:19.392896+00:00
KRC,2024-09-12,35.18000030517578,30.709569931030273,739100,0.0,0.01324882109158354,0.013248786951702174,0.01324882109158354,ff63ff6f44fe23c350c52789206c384fe3a6aa024b0a32242ef77e1e6867edcb,2026-10-07T15:19:19.392896+00:00
KRC,2024-09-13,36.59000015258789,31.940397262573242,883100,0.0,0.04007958599149486,0.040079601710712565,0.04007958599149486,ff63ff6f44fe23c350c52789206c384fe3a6aa024b0a32242ef77e1e6867edcb,2026-10-07T15:19:19.392896+00:00
KRC,2024-09-16,37.939998626708984,33.11885070800781,1007300,0.0,0.03689528473602954,0.03689539099175332,0.03689528473602954,ff63ff6f44fe23c350c52789206c384fe3a6aa024b0a32242ef77e1e6867edcb,2026-10-07T15:19:19.392896+00:00
KRC,2024-09-17,38.459999084472656,33.57276916503906,2084500,0.0,0.013705863905793647,0.013705743023307848,0.013705863905793647,ff63ff6f44fe23c350c52789206c384fe3a6aa024b0a32242ef77e1e6867edcb,2026-10-07T15:19:19.392896+00:00
KRC,2024-09-18,39.9900016784668,34.90835189819336,2796700,0.0,0.039781659657185164,0.03978172686884296,0.039781659657185164,ff63ff6f44fe23c350c52789206c384fe3a6aa024b0a32242ef77e1e6867edcb,2026-10-07T15:19:19.392896+00:00
KRC,2024-09-19,40.790000915527344,35.606693267822266,2944800,0.0,0.02000498133240436,0.020004993981541874,0.02000498133240436,ff63ff6f44fe23c350c52789206c384fe3a6aa024b0a32242ef77e1e6867edcb,2026-10-07T15:19:19.392896+00:00
KRC,2024-09-20,39.9900016784668,34.90835189819336,2848100,0.0,-0.019612631015068605,-0.019612643172905786,-0.019612631015068605,ff63ff6f44fe23c350c52789206c384fe3a6aa024b0a32242ef77e1e6867edcb,2026-10-07T15:19:19.392896+00:00
KRC,2024-09-23,39.95000076293945,34.873435974121094,1066000,0.0,-0.0010002729144390488,-0.0010002169158284113,-0.0010002729144390488,ff63ff6f44fe23c350c52789206c384fe3a6aa024b0a32242ef77e1e6867edcb,2026-10-07T15:19:19.392896+00:00
KRC,2024-09-24,39.709999084472656,34.6639289855957,1486000,0.0,-0.0060075512861926805,-0.006007638268877846,-0.0060075512861926805,ff63ff6f44fe23c350c52789206c384fe3a6aa024b0a32242ef77e1e6867edcb,2026-10-07T15:19:19.392896+00:00
KRC,2024-09-25,38.79999923706055,33.869564056396484,964300,0.0,-0.022916138715498913,-0.022916182684579955,-0.022916138715498913,ff63ff6f44fe23c350c52789206c384fe3a6aa024b0a32242ef77e1e6867edcb,2026-10-07T15:19:19.392896+00:00
KRC,2024-09-26,38.81999969482422,33.887020111083984,1018300,0.0,0.0005154757256946585,0.000515390592522369,0.0005154757256946585,ff63ff6f44fe23c350c52789206c384fe3a6aa024b0a32242ef77e1e6867edcb,2026-10-07T15:19:19.392896+00:00
KRC,2024-09-27,39.09000015258789,34.12270736694336,1009800,0.0,0.006955189590062583,0.006955089443886564,0.006955189590062583,ff63ff6f44fe23c350c52789206c384fe3a6aa024b0a32242ef77e1e6867edcb,2026-10-07T15:19:19.392896+00:00
KRC,2024-09-30,38.70000076293945,34.255489349365234,1151800,0.54,-0.009976960555796222,0.0038913085352221266,0.003837314140855197,ff63ff6f44fe23c350c52789206c384fe3a6aa024b0a32242ef77e1e6867edcb,2026-10-07T15:19:19.392896+00:00
KRC,2024-10-01,38.27000045776367,33.87487030029297,954000,0.0,-0.0111111187777434,-0.011111184113892114,-0.0111111187777434,ff63ff6f44fe23c350c52789206c384fe3a6aa024b0a32242ef77e1e6867edcb,2026-10-07T15:19:19.392896+00:00
KRC,2024-10-02,37.849998474121094,33.503108978271484,650000,0.0,-0.010974705477364899,-0.01097454599016634,-0.010974705477364899,ff63ff6f44fe23c350c52789206c384fe3a6aa024b0a32242ef77e1e6867edcb,2026-10-07T15:19:19.392896+00:00
KRC,2024-10-03,37.66999816894531,33.34377670288086,611200,0.0,-0.004755622521328551,-0.004755745966559699,-0.004755622521328551,ff63ff6f44fe23c350c52789206c384fe3a6aa024b0a32242ef77e1e6867edcb,2026-10-07T15:19:19.392896+00:00
KRC,2024-10-04,38.220001220703125,33.83061218261719,577100,0.0,0.014600559556470216,0.014600490042697034,0.014600559556470216,ff63ff6f44fe23c350c52789206c384fe3a6aa024b0a32242ef77e1e6867edcb,2026-10-07T15:19:19.392896+00:00
KRC,2024-10-07,37.77000045776367,33.43229675292969,591200,0.0,-0.011773959931107858,-0.011773816788694158,-0.011773959931107858,ff63ff6f44fe23c350c52789206c384fe3a6aa024b0a32242ef77e1e6867edcb,2026-10-07T15:19:19.392896+00:00
KRC,2024-10-08,37.56999969482422,33.25526428222656,762900,0.0,-0.005295227972345495,-0.005295253030667468,-0.005295227972345495,ff63ff6f44fe23c350c52789206c384fe3a6aa024b0a32242ef77e1e6867edcb,2026-10-07T15:19:19.392896+00:00
KRC,2024-10-09,37.5099983215332,33.202152252197266,684000,0.0,-0.0015970554638913281,-0.0015971014266659145,-0.0015970554638913281,ff63ff6f44fe23c350c52789206c384fe3a6aa024b0a32242ef77e1e6867edcb,2026-10-07T15:19:19.392896+00:00
KRC,2024-10-10,38.04999923706055,33.68014144897461,950700,0.0,0.014396186075469553,0.014396331694000786,0.014396186075469553,ff63ff6f44fe23c350c52789206c384fe3a6aa024b0a32242ef77e1e6867edcb,2026-10-07T15:19:19.392896+00:00
KRC,2024-10-11,38.880001068115234,34.414817810058594,801300,0.0,0.02181345197626894,0.021813339537098297,0.02181345197626894,ff63ff6f44fe23c350c52789206c384fe3a6aa024b0a32242ef77e1e6867edcb,2026-10-07T15:19:19.392896+00:00
KRC,2024-10-14,39.5099983215332,34.97245788574219,1052800,0.0,0.016203632616013985,0.016203487659336435,0.016203632616013985,ff63ff6f44fe23c350c52789206c384fe3a6aa024b0a32242ef77e1e6867edcb,2026-10-07T15:19:19.392896+00:00
KRC,2024-10-15,40.119998931884766,35.51240539550781,1127600,0.0,0.015439145438260082,0.01543922110163587,0.015439145438260082,ff63ff6f44fe23c350c52789206c384fe3a6aa024b0a32242ef77e1e6867edcb,2026-10-07T15:19:19.392896+00:00
KRC,2024-10-16,41.380001068115234,36.62770462036133,1131000,0.0,0.0314058367341854,0.03140590485021311,0.0314058367341854,ff63ff6f44fe23c350c52789206c384fe3a6aa024b0a32242ef77e1e6867edcb,2026-10-07T15:19:19.392896+00:00
KRC,2024-10-17,42.779998779296875,37.86691665649414,2408400,0.0,0.03383271326835202,0.03383264250318141,0.03383271326835202,ff63ff6f44fe23c350c52789206c384fe3a6aa024b0a32242ef77e1e6867edcb,2026-10-07T15:19:19.392896+00:00
KRC,2024-10-18,43.560001373291016,38.55733871459961,1452300,0.0,0.01823288023027292,0.01823285651611295,0.01823288023027292,ff63ff6f44fe23c350c52789206c384fe3a6aa024b0a32242ef77e1e6867edcb,2026-10-07T15:19:19.392896+00:00
KRC,2024-10-21,42.18000030517578,37.3358268737793,1618400,0.0,-0.03168046429312987,-0.03168039811725365,-0.03168046429312987,ff63ff6f44fe23c350c52789206c384fe3a6aa024b0a32242ef77e1e6867edcb,2026-10-07T15:19:19.392896+00:00
KRC,2024-10-22,42.0,37.17650604248047,880600,0.0,-0.004267432524264203,-0.004267237252771783,-0.004267432524264203,ff63ff6f44fe23c350c52789206c384fe3a6aa024b0a32242ef77e1e6867edcb,2026-10-07T15:19:19.392896+00:00
KRC,2024-10-23,41.459999084472656,36.69851303100586,1203300,0.0,-0.012857164655412978,-0.012857394692454949,-0.012857164655412978,ff63ff6f44fe23c350c52789206c384fe3a6aa024b0a32242ef77e1e6867edcb,2026-10-07T15:19:19.392896+00:00
KRC,2024-10-24,41.68000030517578,36.89324951171875,786700,0.0,0.0053063489040336975,0.005306386134728669,0.0053063489040336975,ff63ff6f44fe23c350c52789206c384fe3a6aa024b0a32242ef77e1e6867edcb,2026-10-07T15:19:19.392896+00:00
KRC,2024-10-25,41.41999816894531,36.66310501098633,1141100,0.0,-0.006238055046227542,-0.006238119541606579,-0.006238055046227542,ff63ff6f44fe23c350c52789206c384fe3a6aa024b0a32242ef77e1e6867edcb,2026-10-07T15:19:19.392896+00:00
KRC,2024-10-28,41.619998931884766,36.84013748168945,930200,0.0,0.0048286038575782175,0.004828627325756507,0.0048286038575782175,ff63ff6f44fe23c350c52789206c384fe3a6aa024b0a32242ef77e1e6867edcb,2026-10-07T15:19:19.392896+00:00
KRC,2024-10-29,41.279998779296875,36.539188385009766,1891100,0.0,-0.008169153323245748,-0.008169054657553021,-0.008169153323245748,ff63ff6f44fe23c350c52789206c384fe3a6aa024b0a32242ef77e1e6867edcb,2026-10-07T15:19:19.392896+00:00
KRC,2024-10-30,40.77000045776367,36.087764739990234,1441700,0.0,-0.012354610867599702,-0.01235450662622617,-0.012354610867599702,ff63ff6f44fe23c350c52789206c384fe3a6aa024b0a32242ef77e1e6867edcb,2026-10-07T15:19:19.392896+00:00
KRC,2024-10-31,40.220001220703125,35.60092544555664,1314600,0.0,-0.013490292638832058,-0.013490425299024111,-0.013490292638832058,ff63ff6f44fe23c350c52789206c384fe3a6aa024b0a32242ef77e1e6867edcb,2026-10-07T15:19:19.392896+00:00
KRC,2024-11-01,38.88999938964844,34.42366409301758,1175100,0.0,-0.03306816983312455,-0.03306827948445923,-0.03306816983312455,ff63ff6f44fe23c350c52789206c384fe3a6aa024b0a32242ef77e1e6867edcb,2026-10-07T15:19:19.392896+00:00
KRC,2024-11-04,39.279998779296875,34.76887512207031,1530700,0.0,0.010028269369226184,0.010028305764311574,0.010028269369226184,ff63ff6f44fe23c350c52789206c384fe3a6aa024b0a32242ef77e1e6867edcb,2026-10-07T15:19:19.392896+00:00
KRC,2024-11-05,39.599998474121094,35.052127838134766,988500,0.0,0.008146631995133324,0.00814673224457163,0.008146631995133324,ff63ff6f44fe23c350c52789206c384fe3a6aa024b0a32242ef77e1e6867edcb,2026-10-07T15:19:19.392896+00:00
KRC,2024-11-06,40.41999816894531,35.777957916259766,1507200,0.0,0.02070706379850229,0.020707161672945285,0.02070706379850229,ff63ff6f44fe23c350c52789206c384fe3a6aa024b0a32242ef77e1e6867edcb,2026-10-07T15:19:19.392896+00:00
KRC,2024-11-07,41.0,36.291343688964844,634600,0.0,0.01434937796460134,0.014349219536416324,0.01434937796460134,ff63ff6f44fe23c350c52789206c384fe3a6aa024b0a32242ef77e1e6867edcb,2026-10-07T15:19:19.392896+00:00
KRC,2024-11-08,41.540000915527344,36.76932907104492,688900,0.0,0.013170754037252319,0.013170782161626704,0.013170754037252319,ff63ff6f44fe23c350c52789206c384fe3a6aa024b0a32242ef77e1e6867edcb,2026-10-07T15:19:19.392896+00:00
KRC,2024-11-11,41.33000183105469,36.58344650268555,729300,0.0,-0.005055346168616914,-0.005055370142876825,-0.005055346168616914,ff63ff6f44fe23c350c52789206c384fe3a6aa024b0a32242ef77e1e6867edcb,2026-10-07T15:19:19.392896+00:00
KRC,2024-11-12,39.810001373291016,35.23801040649414,769900,0.0,-0.03677716889481408,-0.036777182710017176,-0.03677716889481408,ff63ff6f44fe23c350c52789206c384fe3a6aa024b0a32242ef77e1e6867edcb,2026-10-07T15:19:19.392896+00:00
KRC,2024-11-13,39.93000030517578,35.34422302246094,772100,0.0,0.003014291076243847,0.0030141490606752086,0.003014291076243847,ff63ff6f44fe23c350c52789206c384fe3a6aa024b0a32242ef77e1e6867edcb,2026-10-07T15:19:19.392896+00:00
KRC,2024-11-14,39.400001525878906,34.875099182128906,1041600,0.0,-0.013273197476739718,-0.013272999099001481,-0.013273197476739718,ff63ff6f44fe23c350c52789206c384fe3a6aa024b0a32242ef77e1e6867edcb,2026-10-07T15:19:19.392896+00:00
KRC,2024-11-15,38.79999923706055,34.3440055847168,1160700,0.0,-0.015228483898008571,-0.015228446939708151,-0.015228483898008571,ff63ff6f44fe23c350c52789206c384fe3a6aa024b0a32242ef77e1e6867edcb,2026-10-07T15:19:19.392896+00:00
KRC,2024-11-18,38.459999084472656,34.04304885864258,1220500,0.0,-0.008762890702923909,-0.008763005972959204,-0.008762890702923909,ff63ff6f44fe23c350c52789206c384fe3a6aa024b0a32242ef77e1e6867edcb,2026-10-07T15:19:19.392896+00:00
KRC,2024-11-19,38.470001220703125,34.051902770996094,1177300,0.0,0.0002600659508207315,0.0002600798885634692,0.0002600659508207315,ff63ff6f44fe23c350c52789206c384fe3a6aa024b0a32242ef77e1e6867edcb,2026-10-07T15:19:19.392896+00:00
KRC,2024-11-20,38.72999954223633,34.28204345703125,644000,0.0,0.006758469282118984,0.006758526464229808,0.006758469282118984,ff63ff6f44fe23c350c52789206c384fe3a6aa024b0a32242ef77e1e6867edcb,2026-10-07T15:19:19.392896+00:00
KRC,2024-11-21,39.7400016784668,35.17605209350586,763000,0.0,0.026078031194630702,0.02607804396476987,0.026078031194630702,ff63ff6f44fe23c350c52789206c384fe3a6aa024b0a32242ef77e1e6867edcb,2026-10-07T15:19:19.392896+00:00
KRC,2024-11-22,40.650001525878906,35.98154067993164,963400,0.0,0.02289883766927958,0.022898777392204472,0.02289883766927958,ff63ff6f44fe23c350c52789206c384fe3a6aa024b0a32242ef77e1e6867edcb,2026-10-07T15:19:19.392896+00:00
KRC,2024-11-25,42.02000045776367,37.1942024230957,1396100,0.0,0.03370230948238917,0.03370232959036157,0.03370230948238917,ff63ff6f44fe23c350c52789206c384fe3a6aa024b0a32242ef77e1e6867edcb,2026-10-07T15:19:19.392896+00:00
KRC,2024-11-26,42.40999984741211,37.53941345214844,1390700,0.0,0.009281279995235758,0.009281312854241497,0.009281279995235758,ff63ff6f44fe23c350c52789206c384fe3a6aa024b0a32242ef77e1e6867edcb,2026-10-07T15:19:19.392896+00:00
KRC,2024-11-27,42.04999923706055,37.22075653076172,1608300,0.0,-0.008488578440151273,-0.0084885961735367,-0.008488578440151273,ff63ff6f44fe23c350c52789206c384fe3a6aa024b0a32242ef77e1e6867edcb,2026-10-07T15:19:19.392896+00:00
KRC,2024-11-29,41.529998779296875,36.76047134399414,669200,0.0,-0.012366241788308363,-0.012366357636690362,-0.012366241788308363,ff63ff6f44fe23c350c52789206c384fe3a6aa024b0a32242ef77e1e6867edcb,2026-10-07T15:19:19.392896+00:00
KRC,2024-12-02,41.11000061035156,36.388710021972656,966400,0.0,-0.010113127408871603,-0.010113072777077514,-0.010113127408871603,ff63ff6f44fe23c350c52789206c384fe3a6aa024b0a32242ef77e1e6867edcb,2026-10-07T15:19:19.392896+00:00
KRC,2024-12-03,40.439998626708984,35.795654296875,624900,0.0,-0.016297785786796415,-0.016297794693451606,-0.016297785786796415,ff63ff6f44fe23c350c52789206c384fe3a6aa024b0a32242ef77e1e6867edcb,2026-10-07T15:19:19.392896+00:00
KRC,2024-12-04,40.599998474121094,35.937278747558594,977500,0.0,0.003956475095091561,0.003956470512007204,0.003956475095091561,ff63ff6f44fe23c350c52789206c384fe3a6aa024b0a32242ef77e1e6867edcb,2026-10-07T15:19:19.392896+00:00
KRC,2024-12-05,40.29999923706055,35.671730041503906,1123700,0.0,-0.007389144047672103,-0.007389226878307453,-0.007389144047672103,ff63ff6f44fe23c350c52789206c384fe3a6aa024b0a32242ef77e1e6867edcb,2026-10-07T15:19:19.392896+00:00
KRC,2024-12-06,40.189998626708984,35.574363708496094,677200,0.0,-0.0027295437328546113,-0.002729509695619692,-0.0027295437328546113,ff63ff6f44fe23c350c52789206c384fe3a6aa024b0a32242ef77e1e6867edcb,2026-10-07T15:19:19.392896+00:00
KRC,2024-12-09,41.59000015258789,36.81358337402344,909100,0.0,0.03483457511114496,0.03483462629667167,0.03483457511114496,ff63ff6f44fe23c350c52789206c384fe3a6aa024b0a32242ef77e1e6867edcb,2026-10-07T15:19:19.392896+00:00
KRC,2024-12-10,40.65999984741211,35.99039077758789,931100,0.0,-0.022361151761571052,-0.022361110247594462,-0.022361151761571052,ff63ff6f44fe23c350c52789206c384fe3a6aa024b0a32242ef77e1e6867edcb,2026-10-07T15:19:19.392896+00:00
KRC,2024-12-11,40.93000030517578,36.22938537597656,878100,0.0,0.006640444141094992,0.0066405113483096745,0.006640444141094992,ff63ff6f44fe23c350c52789206c384fe3a6aa024b0a32242ef77e1e6867edcb,2026-10-07T15:19:19.392896+00:00
KRC,2024-12-12,41.279998779296875,36.539188385009766,1168200,0.0,0.008551147605948994,0.008551152767792392,0.008551147605948994,ff63ff6f44fe23c350c52789206c384fe3a6aa024b0a32242ef77e1e6867edcb,2026-10-07T15:19:19.392896+00:00
KRC,2024-12-13,41.75,36.95521545410156,1128400,0.0,0.011385688822714846,0.01138577750299663,0.011385688822714846,ff63ff6f44fe23c350c52789206c384fe3a6aa024b0a32242ef77e1e6867edcb,2026-10-07T15:19:19.392896+00:00
KRC,2024-12-16,42.11000061035156,37.27386474609375,1264700,0.0,0.008622769110216977,0.008622579738114311,0.008622769110216977,ff63ff6f44fe23c350c52789206c384fe3a6aa024b0a32242ef77e1e6867edcb,2026-10-07T15:19:19.392896+00:00
KRC,2024-12-17,42.029998779296875,37.20305252075195,929000,0.0,-0.0018998297291646926,-0.001899782215344814,-0.0018998297291646926,ff63ff6f44fe23c350c52789206c384fe3a6aa024b0a32242ef77e1e6867edcb,2026-10-07T15:19:19.392896+00:00
KRC,2024-12-18,38.40999984741211,33.99879455566406,1423100,0.0,-0.08612893259630316,-0.0861288993235313,-0.08612893259630316,ff63ff6f44fe23c350c52789206c384fe3a6aa024b0a32242ef77e1e6867edcb,2026-10-07T15:19:19.392896+00:00
KRC,2024-12-19,38.90999984741211,34.441368103027344,2393200,0.0,0.013017443425834552,0.013017330559725648,0.013017443425834552,ff63ff6f44fe23c350c52789206c384fe3a6aa024b0a32242ef77e1e6867edcb,2026-10-07T15:19:19.392896+00:00
KRC,2024-12-20,40.5,35.8487663269043,3442300,0.0,0.04086353530771447,0.04086359809130946,0.04086353530771447,ff63ff6f44fe23c350c52789206c384fe3a6aa024b0a32242ef77e1e6867edcb,2026-10-07T15:19:19.392896+00:00
KRC,2024-12-23,40.77000045776367,36.087764739990234,1241600,0.0,0.006666677969473289,0.006666851821524711,0.006666677969473289,ff63ff6f44fe23c350c52789206c384fe3a6aa024b0a32242ef77e1e6867edcb,2026-10-07T15:19:19.392896+00:00
KRC,2024-12-24,41.880001068115234,37.07027816772461,455700,0.0,0.0272259160630004,0.027225665951142064,0.0272259160630004,ff63ff6f44fe23c350c52789206c384fe3a6aa024b0a32242ef77e1e6867edcb,2026-10-07T15:19:19.392896+00:00
KRC,2024-12-26,41.959999084472656,37.14109420776367,723200,0.0,0.001910172261631704,0.0019103185500430886,0.001910172261631704,ff63ff6f44fe23c350c52789206c384fe3a6aa024b0a32242ef77e1e6867edcb,2026-10-07T15:19:19.392896+00:00
KRC,2024-12-27,41.08000183105469,36.362159729003906,708800,0.0,-0.020972289623895968,-0.02097230831171748,-0.020972289623895968,ff63ff6f44fe23c350c52789206c384fe3a6aa024b0a32242ef77e1e6867edcb,2026-10-07T15:19:19.392896+00:00
KRC,2024-12-30,40.5,35.8487663269043,821000,0.0,-0.014118836543386748,-0.01411889188996951,-0.014118836543386748,ff63ff6f44fe23c350c52789206c384fe3a6aa024b0a32242ef77e1e6867edcb,2026-10-07T15:19:19.392896+00:00
KRC,2024-12-31,40.45000076293945,36.28834915161133,978200,0.54,-0.0012345490632234002,0.012262146504526283,0.012098784270109908,ff63ff6f44fe23c350c52789206c384fe3a6aa024b0a32242ef77e1e6867edcb,2026-10-07T15:19:19.392896+00:00
KRC,2025-01-02,39.849998474121094,35.75008773803711,1011300,0.0,-0.014833183621793311,-0.014832898882376377,-0.014833183621793311,ff63ff6f44fe23c350c52789206c384fe3a6aa024b0a32242ef77e1e6867edcb,2026-10-07T15:19:19.392896+00:00
KRC,2025-01-03,40.630001068115234,36.4498405456543,692700,0.0,0.019573466094375824,0.01957345707078284,0.019573466094375824,ff63ff6f44fe23c350c52789206c384fe3a6aa024b0a32242ef77e1e6867edcb,2026-10-07T15:19:19.392896+00:00
KRC,2025-01-06,39.529998779296875,35.4630012512207,655500,0.0,-0.027073646564129583,-0.027073898806156738,-0.027073646564129583,ff63ff6f44fe23c350c52789206c384fe3a6aa024b0a32242ef77e1e6867edcb,2026-10-07T15:19:19.392896+00:00
KRC,2025-01-07,37.9900016784668,34.081443786621094,1154200,0.0,-0.038957681466881944,-0.03895771412048932,-0.038957681466881944,ff63ff6f44fe23c350c52789206c384fe3a6aa024b0a32242ef77e1e6867edcb,2026-10-07T15:19:19.392896+00:00
KRC,2025-01-08,37.06999969482422,33.25609588623047,1267100,0.0,-0.02421695032890847,-0.02421692888241489,-0.02421695032890847,ff63ff6f44fe23c350c52789206c384fe3a6aa024b0a32242ef77e1e6867edcb,2026-10-07T15:19:19.392896+00:00
KRC,2025-01-10,35.540000915527344,31.883514404296875,1380300,0.0,-0.04127323420265627,-0.04127307927632917,-0.04127323420265627,ff63ff6f44fe23c350c52789206c384fe3a6aa024b0a32242ef77e1e6867edcb,2026-10-07T15:19:19.392896+00:00
KRC,2025-01-13,36.09000015258789,32.37692642211914,1003200,0.0,0.015475498674516253,0.01547545893359148,0.015475498674516253,ff63ff6f44fe23c350c52789206c384fe3a6aa024b0a32242ef77e1e6867edcb,2026-10-07T15:19:19.392896+00:00
KRC,2025-01-14,37.16999816894531,33.34580612182617,786700,0.0,0.029925131942122762,0.029925005452188902,0.029925131942122762,ff63ff6f44fe23c350c52789206c384fe3a6aa024b0a32242ef77e1e6867edcb,2026-10-07T15:19:19.392896+00:00
KRC,2025-01-15,37.849998474121094,33.955848693847656,1136000,0.0,0.018294332490548904,0.01829443168333511,0.018294332490548904,ff63ff6f44fe23c350c52789206c384fe3a6aa024b0a32242ef77e1e6867edcb,2026-10-07T15:19:19.392896+00:00
KRC,2025-01-16,38.2599983215332,34.323665618896484,668900,0.0,0.010832228902002194,0.010832211215367815,0.010832228902002194,ff63ff6f44fe23c350c52789206c384fe3a6aa024b0a32242ef77e1e6867edcb,2026-10-07T15:19:19.392896+00:00
KRC,2025-01-17,38.959999084472656,34.9516487121582,1081900,0.0,0.01829589110424723,0.01829592154388049,0.01829589110424723,ff63ff6f44fe23c350c52789206c384fe3a6aa024b0a32242ef77e1e6867edcb,2026-10-07T15:19:19.392896+00:00
KRC,2025-01-21,39.189998626708984,35.157981872558594,792600,0.0,0.005903479148899438,0.005903388481030891,0.005903479148899438,ff63ff6f44fe23c350c52789206c384fe3a6aa024b0a32242ef77e1e6867edcb,2026-10-07T15:19:19.392896+00:00
KRC,2025-01-22,38.2599983215332,34.323665618896484,999400,0.0,-0.023730552124642368,-0.023730493311201917,-0.023730552124642368,ff63ff6f44fe23c350c52789206c384fe3a6aa024b0a32242ef77e1e6867edcb,2026-10-07T15:19:19.392896+00:00
KRC,2025-01-23,37.83000183105469,33.93791198730469,918700,0.0,-0.011238800557827222,-0.011238707306932438,-0.011238800557827222,ff63ff6f44fe23c350c52789206c384fe3a6aa024b0a32242ef77e1e6867edcb,2026-10-07T15:19:19.392896+00:00
KRC,2025-01-24,38.849998474121094,34.852962493896484,1301200,0.0,0.026962637951264634,0.026962486877038616,0.026962637951264634,ff63ff6f44fe23c350c52789206c384fe3a6aa024b0a32242ef77e1e6867edcb,2026-10-07T15:19:19.392896+00:00
KRC,2025-01-27,39.70000076293945,35.615516662597656,1005800,0.0,0.02187908165259178,0.02187917795609806,0.02187908165259178,ff63ff6f44fe23c350c52789206c384fe3a6aa024b0a32242ef77e1e6867edcb,2026-10-07T15:19:19.392896+00:00
KRC,2025-01-28,39.29999923706055,35.25666427612305,1102100,0.0,-0.010075604992237475,-0.010075731594017978,-0.010075604992237475,ff63ff6f44fe23c350c52789206c384fe3a6aa024b0a32242ef77e1e6867edcb,2026-10-07T15:19:19.392896+00:00
KRC,2025-01-29,37.279998779296875,33.44449234008789,2408400,0.0,-0.05139950373990787,-0.05139941549326943,-0.05139950373990787,ff63ff6f44fe23c350c52789206c384fe3a6aa024b0a32242ef77e1e6867edcb,2026-10-07T15:19:19.392896+00:00
KRC,2025-01-30,38.88999938964844,34.888851165771484,1775100,0.0,0.04318671306517485,0.04318674689381741,0.04318671306517485,ff63ff6f44fe23c350c52789206c384fe3a6aa024b0a32242ef77e1e6867edcb,2026-10-07T15:19:19.392896+00:00
KRC,2025-01-31,39.02000045776367,35.00547790527344,1479300,0.0,0.00334278915288011,0.0033428082497704015,0.00334278915288011,ff63ff6f44fe23c350c52789206c384fe3a6aa024b0a32242ef77e1e6867edcb,2026-10-07T15:19:19.392896+00:00
KRC,2025-02-03,37.529998779296875,33.66876983642578,1214500,0.0,-0.038185588441487006,-0.03818568260844357,-0.038185588441487006,ff63ff6f44fe23c350c52789206c384fe3a6aa024b0a32242ef77e1e6867edcb,2026-10-07T15:19:19.392896+00:00
KRC,2025-02-04,37.13999938964844,33.31890106201172,1532300,0.0,-0.010391670725648394,-0.01039149265369188,-0.010391670725648394,ff63ff6f44fe23c350c52789206c384fe3a6aa024b0a32242ef77e1e6867edcb,2026-10-07T15:19:19.392896+00:00
KRC,2025-02-05,36.779998779296875,32.995933532714844,1865400,0.0,-0.009693069904893492,-0.0096932227355212,-0.009693069904893492,ff63ff6f44fe23c350c52789206c384fe3a6aa024b0a32242ef77e1e6867edcb,2026-10-07T15:19:19.392896+00:00
KRC,2025-02-06,37.16999816894531,33.34580612182617,3041900,0.0,0.010603572664280803,0.010603506300691068,0.010603572664280803,ff63ff6f44fe23c350c52789206c384fe3a6aa024b0a32242ef77e1e6867edcb,2026-10-07T15:19:19.392896+00:00
KRC,2025-02-07,37.25,33.417579650878906,1509400,0.0,0.002152322706368226,0.0021524004785045125,0.002152322706368226,ff63ff6f44fe23c350c52789206c384fe3a6aa024b0a32242ef77e1e6867edcb,2026-10-07T15:19:19.392896+00:00
KRC,2025-02-10,36.790000915527344,33.00490188598633,1747400,0.0,-0.012348968710675368,-0.012349121905413818,-0.012348968710675368,ff63ff6f44fe23c350c52789206c384fe3a6aa024b0a32242ef77e1e6867edcb,2026-10-07T15:19:19.392896+00:00
KRC,2025-02-11,35.81999969482422,32.13470458984375,3575800,0.0,-0.02636589281229762,-0.026365698621029887,-0.02636589281229762,ff63ff6f44fe23c350c52789206c384fe3a6aa024b0a32242ef77e1e6867edcb,2026-10-07T15:19:19.392896+00:00
KRC,2025-02-12,35.02000045776367,31.417011260986328,2271700,0.0,-0.022333870571644376,-0.02233390155652004,-0.022333870571644376,ff63ff6f44fe23c350c52789206c384fe3a6aa024b0a32242ef77e1e6867edcb,2026-10-07T15:19:19.392896+00:00
KRC,2025-02-13,35.400001525878906,31.757911682128906,1420700,0.0,0.010850972676986093,0.010850822769570945,0.010850972676986093,ff63ff6f44fe23c350c52789206c384fe3a6aa024b0a32242ef77e1e6867edcb,2026-10-07T15:19:19.392896+00:00
KRC,2025-02-14,34.90999984741211,31.318330764770508,1493200,0.0,-0.01384185472728261,-0.013841619113947101,-0.01384185472728261,ff63ff6f44fe23c350c52789206c384fe3a6aa024b0a32242ef77e1e6867edcb,2026-10-07T15:19:19.392896+00:00
KRC,2025-02-18,34.720001220703125,31.147878646850586,1508900,0.0,-0.0054425272855757045,-0.005442567140636401,-0.0054425272855757045,ff63ff6f44fe23c350c52789206c384fe3a6aa024b0a32242ef77e1e6867edcb,2026-10-07T15:19:19.392896+00:00
KRC,2025-02-19,34.11000061035156,30.600637435913086,1421700,0.0,-0.01756914138550858,-0.017569132625114836,-0.01756914138550858,ff63ff6f44fe23c350c52789206c384fe3a6aa024b0a32242ef77e1e6867edcb,2026-10-07T15:19:19.392896+00:00
KRC,2025-02-20,33.47999954223633,30.035451889038086,1725500,0.0,-0.018469687975439242,-0.018469731163563763,-0.018469687975439242,ff63ff6f44fe23c350c52789206c384fe3a6aa024b0a32242ef77e1e6867edcb,2026-10-07T15:19:19.392896+00:00
KRC,2025-02-21,32.779998779296875,29.407468795776367,2199800,0.0,-0.02090802785275947,-0.020908062098806357,-0.02090802785275947,ff63ff6f44fe23c350c52789206c384fe3a6aa024b0a32242ef77e1e6867edcb,2026-10-07T15:19:19.392896+00:00
KRC,2025-02-24,33.27000045776367,29.847057342529297,1342300,0.0,0.014948190869862765,0.014948193936911158,0.014948190869862765,ff63ff6f44fe23c350c52789206c384fe3a6aa024b0a32242ef77e1e6867edcb,2026-10-07T15:19:19.392896+00:00
KRC,2025-02-25,34.060001373291016,30.555782318115234,1505200,0.0,0.02374514291126184,0.023745221093406377,0.02374514291126184,ff63ff6f44fe23c350c52789206c384fe3a6aa024b0a32242ef77e1e6867edcb,2026-10-07T15:19:19.392896+00:00
KRC,2025-02-26,34.540000915527344,30.98639678955078,1138900,0.0,0.014092763443419365,0.014092732660300866,0.014092763443419365,ff63ff6f44fe23c350c52789206c384fe3a6aa024b0a32242ef77e1e6867edcb,2026-10-07T15:19:19.392896+00:00
KRC,2025-02-27,35.54999923706055,31.89248275756836,1395700,0.0,0.02924140980781398,0.02924141113183998,0.02924140980781398,ff63ff6f44fe23c350c52789206c384fe3a6aa024b0a32242ef77e1e6867edcb,2026-10-07T15:19:19.392896+00:00
KRC,2025-02-28,35.70000076293945,32.02705001831055,1717500,0.0,0.00421945229530496,0.004219403731126947,0.00421945229530496,ff63ff6f44fe23c350c52789206c384fe3a6aa024b0a32242ef77e1e6867edcb,2026-10-07T15:19:19.392896+00:00
KRC,2025-03-03,34.689998626708984,31.120960235595703,996700,0.0,-0.028291375760388315,-0.028291390627510626,-0.028291375760388315,ff63ff6f44fe23c350c52789206c384fe3a6aa024b0a32242ef77e1e6867edcb,2026-10-07T15:19:19.392896+00:00
KRC,2025-03-04,34.02000045776367,30.5198917388916,1598100,0.0,-0.019313871302072072,-0.019313944433392183,-0.019313871302072072,ff63ff6f44fe23c350c52789206c384fe3a6aa024b0a32242ef77e1e6867edcb,2026-10-07T15:19:19.392896+00:00
KRC,2025-03-05,34.0,30.501953125,1513300,0.0,-0.0005879029245899892,-0.0005877679398430535,-0.0005879029245899892,ff63ff6f44fe23c350c52789206c384fe3a6aa024b0a32242ef77e1e6867edcb,2026-10-07T15:19:19.392896+00:00
KRC,2025-03-06,33.029998779296875,29.63174819946289,1418500,0.0,-0.028529447667739016,-0.028529482094832526,-0.028529447667739016,ff63ff6f44fe23c350c52789206c384fe3a6aa024b0a32242ef77e1e6867edcb,2026-10-07T15:19:19.392896+00:00
KRC,2025-03-07,33.31999969482422,29.89191436767578,1162300,0.0,0.008779925105813602,0.008779980393381015,0.008779925105813602,ff63ff6f44fe23c350c52789206c384fe3a6aa024b0a32242ef77e1e6867edcb,2026-10-07T15:19:19.392896+00:00
KRC,2025-03-10,33.16999816894531,29.75734519958496,2271100,0.0,-0.004501846556205336,-0.00450185847703144,-0.004501846556205336,ff63ff6f44fe23c350c52789206c384fe3a6aa024b0a32242ef77e1e6867edcb,2026-10-07T15:19:19.392896+00:00
KRC,2025-03-11,32.470001220703125,29.129365921020508,2665300,0.0,-0.021103315854190896,-0.0211033368182727,-0.021103315854190896,ff63ff6f44fe23c350c52789206c384fe3a6aa024b0a32242ef77e1e6867edcb,2026-10-07T15:19:19.392896+00:00
KRC,2025-03-12,32.93000030517578,29.542036056518555,3593700,0.0,0.01416689458512721,0.01416680804576842,0.01416689458512721,ff63ff6f44fe23c350c52789206c384fe3a6aa024b0a32242ef77e1e6867edcb,2026-10-07T15:19:19.392896+00:00
KRC,2025-03-13,32.02000045776367,28.725664138793945,1730100,0.0,-0.027634371059179097,-0.02763424688003091,-0.027634371059179097,ff63ff6f44fe23c350c52789206c384fe3a6aa024b0a32242ef77e1e6867edcb,2026-10-07T15:19:19.392896+00:00
KRC,2025-03-14,33.18000030517578,29.76632308959961,1624000,0.0,0.03622735261800569,0.036227498371404376,0.03622735261800569,ff63ff6f44fe23c350c52789206c384fe3a6aa024b0a32242ef77e1e6867edcb,2026-10-07T15:19:19.392896+00:00
KRC,2025-03-17,34.31999969482422,30.789030075073242,1510600,0.0,0.034358028305099486,0.03435785408883674,0.034358028305099486,ff63ff6f44fe23c350c52789206c384fe3a6aa024b0a32242ef77e1e6867edcb,2026-10-07T15:19:19.392896+00:00
KRC,2025-03-18,34.15999984741211,30.645488739013672,1169000,0.0,-0.004662000257425358,-0.004662093469965489,-0.004662000257425358,ff63ff6f44fe23c350c52789206c384fe3a6aa024b0a32242ef77e1e6867edcb,2026-10-07T15:19:19.392896+00:00
KRC,2025-03-19,34.599998474121094,31.040224075317383,1312300,0.0,0.012880521916697862,0.012880699657473071,0.012880521916697862,ff63ff6f44fe23c350c52789206c384fe3a6aa024b0a32242ef77e1e6867edcb,2026-10-07T15:19:19.392896+00:00
KRC,2025-03-20,34.560001373291016,31.00433921813965,1209800,0.0,-0.0011559856241032396,-0.0011560759706715773,-0.0011559856241032396,ff63ff6f44fe23c350c52789206c384fe3a6aa024b0a32242ef77e1e6867edcb,2026-10-07T15:19:19.392896+00:00
KRC,2025-03-21,34.369998931884766,30.833887100219727,2255600,0.0,-0.0054977556092659086,-0.005497685879407355,-0.0054977556092659086,ff63ff6f44fe23c350c52789206c384fe3a6aa024b0a32242ef77e1e6867edcb,2026-10-07T15:19:19.392896+00:00
KRC,2025-03-24,35.0099983215332,31.408042907714844,1891500,0.0,0.01862087313173344,0.01862093500014872,0.01862087313173344,ff63ff6f44fe23c350c52789206c384fe3a6aa024b0a32242ef77e1e6867edcb,2026-10-07T15:19:19.392896+00:00
KRC,2025-03-25,35.06999969482422,31.461868286132812,1658000,0.0,0.0017138353661134698,0.0017137450612927374,0.0017138353661134698,ff63ff6f44fe23c350c52789206c384fe3a6aa024b0a32242ef77e1e6867edcb,2026-10-07T15:19:19.392896+00:00
KRC,2025-03-26,34.5099983215332,30.9594783782959,1796700,0.0,-0.01596810316977737,-0.01596821597712772,-0.01596810316977737,ff63ff6f44fe23c350c52789206c384fe3a6aa024b0a32242ef77e1e6867edcb,2026-10-07T15:19:19.392896+00:00
KRC,2025-03-27,34.22999954223633,30.708288192749023,976800,0.0,-0.008113555285865215,-0.008113514784634512,-0.008113555285865215,ff63ff6f44fe23c350c52789206c384fe3a6aa024b0a32242ef77e1e6867edcb,2026-10-07T15:19:19.392896+00:00
KRC,2025-03-28,33.25,29.829116821289062,1690900,0.0,-0.028629843860415782,-0.028629774670004382,-0.028629843860415782,ff63ff6f44fe23c350c52789206c384fe3a6aa024b0a32242ef77e1e6867edcb,2026-10-07T15:19:19.392896+00:00
KRC,2025-03-31,32.7599983215332,29.874710083007812,2016100,0.54,-0.01473689258546762,0.0015284817848246757,0.0015037089182918795,ff63ff6f44fe23c350c52789206c384fe3a6aa024b0a32242ef77e1e6867edcb,2026-10-07T15:19:19.392896+00:00
KRC,2025-04-01,32.86000061035156,29.965904235839844,1822200,0.0,0.0030525730751527203,0.0030525535671692694,0.0030525730751527203,ff63ff6f44fe23c350c52789206c384fe3a6aa024b0a32242ef77e1e6867edcb,2026-10-07T15:19:19.392896+00:00
KRC,2025-04-02,33.29999923706055,30.367149353027344,1110900,0.0,0.013390097946935908,0.013390055378592614,0.013390097946935908,ff63ff6f44fe23c350c52789206c384fe3a6aa024b0a32242ef77e1e6867edcb,2026-10-07T15:19:19.392896+00:00
KRC,2025-04-03,30.559999465942383,27.86847496032715,2035300,0.0,-0.08228227729413096,-0.08228215179674414,-0.08228227729413096,ff63ff6f44fe23c350c52789206c384fe3a6aa024b0a32242ef77e1e6867edcb,2026-10-07T15:19:19.392896+00:00
KRC,2025-04-04,30.0,27.35779571533203,2659700,0.0,-0.018324590174370714,-0.01832462112555877,-0.018324590174370714,ff63ff6f44fe23c350c52789206c384fe3a6aa024b0a32242ef77e1e6867edcb,2026-10-07T15:19:19.392896+00:00
KRC,2025-04-07,29.389999389648438,26.80152130126953,3268200,0.0,-0.020333353678385402,-0.020333305352914444,-0.020333353678385402,ff63ff6f44fe23c350c52789206c384fe3a6aa024b0a32242ef77e1e6867edcb,2026-10-07T15:19:19.392896+00:00
KRC,2025-04-08,28.31999969482422,25.825756072998047,1895600,0.0,-0.03640693150885488,-0.036407083661525785,-0.03640693150885488,ff63ff6f44fe23c350c52789206c384fe3a6aa024b0a32242ef77e1e6867edcb,2026-10-07T15:19:19.392896+00:00
KRC,2025-04-09,30.899999618530273,28.178525924682617,3491100,0.0,0.09110169320296913,0.0911016833363687,0.09110169320296913,ff63ff6f44fe23c350c52789206c384fe3a6aa024b0a32242ef77e1e6867edcb,2026-10-07T15:19:19.392896+00:00
KRC,2025-04-10,29.329999923706055,26.746803283691406,1451900,0.0,-0.050809052239687236,-0.05080899706457365,-0.050809052239687236,ff63ff6f44fe23c350c52789206c384fe3a6aa024b0a32242ef77e1e6867edcb,2026-10-07T15:19:19.392896+00:00
KRC,2025-04-11,29.760000228881836,27.138933181762695,1871300,0.0,0.014660767347231873,0.014660813627413338,0.014660767347231873,ff63ff6f44fe23c350c52789206c384fe3a6aa024b0a32242ef77e1e6867edcb,2026-10-07T15:19:19.392896+00:00
KRC,2025-04-14,30.940000534057617,28.21500587463379,2451100,0.0,0.03965054758402187,0.039650515577164036,0.03965054758402187,ff63ff6f44fe23c350c52789206c384fe3a6aa024b0a32242ef77e1e6867edcb,2026-10-07T15:19:19.392896+00:00
KRC,2025-04-15,31.3700008392334,28.607135772705078,1557900,0.0,0.013897876462621639,0.01389792012851676,0.013897876462621639,ff63ff6f44fe23c350c52789206c384fe3a6aa024b0a32242ef77e1e6867edcb,2026-10-07T15:19:19.392896+00:00
KRC,2025-04-16,31.229999542236328,28.47946548461914,1933600,0.0,-0.004462903833332921,-0.004462882586370287,-0.004462903833332921,ff63ff6f44fe23c350c52789206c384fe3a6aa024b0a32242ef77e1e6867edcb,2026-10-07T15:19:19.392896+00:00
KRC,2025-04-17,31.790000915527344,28.990144729614258,1532300,0.0,0.01793152038102508,0.017931489805204315,0.01793152038102508,ff63ff6f44fe23c350c52789206c384fe3a6aa024b0a32242ef77e1e6867edcb,2026-10-07T15:19:19.392896+00:00
KRC,2025-04-21,31.200000762939453,28.452106475830078,1127700,0.0,-0.018559299641281668,-0.018559350386221363,-0.018559299641281668,ff63ff6f44fe23c350c52789206c384fe3a6aa024b0a32242ef77e1e6867edcb,2026-10-07T15:19:19.392896+00:00
KRC,2025-04-22,32.13999938964844,29.30931854248047,1381900,0.0,0.030128160375737956,0.03012824612401155,0.030128160375737956,ff63ff6f44fe23c350c52789206c384fe3a6aa024b0a32242ef77e1e6867edcb,2026-10-07T15:19:19.392896+00:00
KRC,2025-04-23,32.52000045776367,29.65584945678711,1300500,0.0,0.011823306637573472,0.011823233413099876,0.011823306637573472,ff63ff6f44fe23c350c52789206c384fe3a6aa024b0a32242ef77e1e6867edcb,2026-10-07T15:19:19.392896+00:00
KRC,2025-04-24,32.59000015258789,29.719684600830078,1329900,0.0,0.0021525121106664713,0.0021525312952503928,0.0021525121106664713,ff63ff6f44fe23c350c52789206c384fe3a6aa024b0a32242ef77e1e6867edcb,2026-10-07T15:19:19.392896+00:00
KRC,2025-04-25,32.369998931884766,29.519060134887695,590300,0.0,-0.006750574399296383,-0.006750558380312688,-0.006750574399296383,ff63ff6f44fe23c350c52789206c384fe3a6aa024b0a32242ef77e1e6867edcb,2026-10-07T15:19:19.392896+00:00
KRC,2025-04-28,32.68000030517578,29.801755905151367,775500,0.0,0.009576811353727344,0.009576719887824714,0.009576811353727344,ff63ff6f44fe23c350c52789206c384fe3a6aa024b0a32242ef77e1e6867edcb,2026-10-07T15:19:19.392896+00:00
KRC,2025-04-29,31.780000686645508,28.98102378845215,915000,0.0,-0.027539767751707522,-0.027539723475063838,-0.027539767751707522,ff63ff6f44fe23c350c52789206c384fe3a6aa024b0a32242ef77e1e6867edcb,2026-10-07T15:19:19.392896+00:00
KRC,2025-04-30,31.510000228881836,28.734806060791016,1495700,0.0,-0.00849592359754514,-0.008495825732672713,-0.00849592359754514,ff63ff6f44fe23c350c52789206c384fe3a6aa024b0a32242ef77e1e6867edcb,2026-10-07T15:19:19.392896+00:00
KRC,2025-05-01,31.959999084472656,29.14516830444336,1469800,0.0,0.014281144154938863,0.014281016645255384,0.014281144154938863,ff63ff6f44fe23c350c52789206c384fe3a6aa024b0a32242ef77e1e6867edcb,2026-10-07T15:19:19.392896+00:00
KRC,2025-05-02,32.41999816894531,29.564655303955078,983300,0.0,0.01439296300531323,0.014393020315746963,0.01439296300531323,ff63ff6f44fe23c350c52789206c384fe3a6aa024b0a32242ef77e1e6867edcb,2026-10-07T15:19:19.392896+00:00
KRC,2025-05-05,31.8799991607666,29.07221794128418,1079500,0.0,-0.016656355295416647,-0.01665628628536797,-0.016656355295416647,ff63ff6f44fe23c350c52789206c384fe3a6aa024b0a32242ef77e1e6867edcb,2026-10-07T15:19:19.392896+00:00
KRC,2025-05-06,30.809999465942383,28.096454620361328,1700700,0.0,-0.03356335392069343,-0.033563428937329665,-0.03356335392069343,ff63ff6f44fe23c350c52789206c384fe3a6aa024b0a32242ef77e1e6867edcb,2026-10-07T15:19:19.392896+00:00
KRC,2025-05-07,30.829999923706055,28.11469078063965,1213700,0.0,0.000649154758531667,0.0006490555667868492,0.000649154758531667,ff63ff6f44fe23c350c52789206c384fe3a6aa024b0a32242ef77e1e6867edcb,2026-10-07T15:19:19.392896+00:00
KRC,2025-05-08,31.1299991607666,28.38827133178711,799800,0.0,0.00973075698355319,0.009730875337809364,0.00973075698355319,ff63ff6f44fe23c350c52789206c384fe3a6aa024b0a32242ef77e1e6867edcb,2026-10-07T15:19:19.392896+00:00
KRC,2025-05-09,31.6299991607666,28.8442325592041,1009100,0.0,0.01606167727206853,0.016061605938873846,0.01606167727206853,ff63ff6f44fe23c350c52789206c384fe3a6aa024b0a32242ef77e1e6867edcb,2026-10-07T15:19:19.392896+00:00
KRC,2025-05-12,32.380001068115234,29.528179168701172,914200,0.0,0.023711727070765187,0.023711728439757884,0.023711727070765187,ff63ff6f44fe23c350c52789206c384fe3a6aa024b0a32242ef77e1e6867edcb,2026-10-07T15:19:19.392896+00:00
KRC,2025-05-13,31.739999771118164,28.944547653198242,1230900,0.0,-0.0197653266178327,-0.019765238898359128,-0.0197653266178327,ff63ff6f44fe23c350c52789206c384fe3a6aa024b0a32242ef77e1e6867edcb,2026-10-07T15:19:19.392896+00:00
KRC,2025-05-14,31.530000686645508,28.753040313720703,1156400,0.0,-0.006616228291965731,-0.006616352819608817,-0.006616228291965731,ff63ff6f44fe23c350c52789206c384fe3a6aa024b0a32242ef77e1e6867edcb,2026-10-07T15:19:19.392896+00:00
KRC,2025-05-15,32.5,29.637611389160156,1131000,0.0,0.030764328963853504,0.030764436240064086,0.030764328963853504,ff63ff6f44fe23c350c52789206c384fe3a6aa024b0a32242ef77e1e6867edcb,2026-10-07T15:19:19.392896+00:00
KRC,2025-05-16,32.849998474121094,29.956783294677734,1012900,0.0,0.010769183819110628,0.010769150770170155,0.010769183819110628,ff63ff6f44fe23c350c52789206c384fe3a6aa024b0a32242ef77e1e6867edcb,2026-10-07T15:19:19.392896+00:00
KRC,2025-05-19,32.970001220703125,30.06621742248535,886200,0.0,0.003653051816016717,0.0036530667105056924,0.003653051816016717,ff63ff6f44fe23c350c52789206c384fe3a6aa024b0a32242ef77e1e6867edcb,2026-10-07T15:19:19.392896+00:00
KRC,2025-05-20,32.75,29.865591049194336,937500,0.0,-0.006672769564987968,-0.00667281721780455,-0.006672769564987968,ff63ff6f44fe23c350c52789206c384fe3a6aa024b0a32242ef77e1e6867edcb,2026-10-07T15:19:19.392896+00:00
KRC,2025-05-21,31.520000457763672,28.74392318725586,1152300,0.0,-0.03755723793088028,-0.03755719617572195,-0.03755723793088028,ff63ff6f44fe23c350c52789206c384fe3a6aa024b0a32242ef77e1e6867edcb,2026-10-07T15:19:19.392896+00:00
KRC,2025-05-22,31.510000228881836,28.734806060791016,1185500,0.0,-0.00031726614012062004,-0.0003171844847151828,-0.00031726614012062004,ff63ff6f44fe23c350c52789206c384fe3a6aa024b0a32242ef77e1e6867edcb,2026-10-07T15:19:19.392896+00:00
KRC,2025-05-23,31.270000457763672,28.515941619873047,1290600,0.0,-0.007616622322274114,-0.007616701517140667,-0.007616622322274114,ff63ff6f44fe23c350c52789206c384fe3a6aa024b0a32242ef77e1e6867edcb,2026-10-07T15:19:19.392896+00:00
KRC,2025-05-27,32.459999084472656,29.60113525390625,1164200,0.0,0.038055599913287885,0.038055682975480565,0.038055599913287885,ff63ff6f44fe23c350c52789206c384fe3a6aa024b0a32242ef77e1e6867edcb,2026-10-07T15:19:19.392896+00:00
KRC,2025-05-28,32.38999938964844,29.53730010986328,1129400,0.0,-0.00215649096729964,-0.0021565099951544875,-0.00215649096729964,ff63ff6f44fe23c350c52789206c384fe3a6aa024b0a32242ef77e1e6867edcb,2026-10-07T15:19:19.392896+00:00
KRC,2025-05-29,32.88999938964844,29.993261337280273,1199400,0.0,0.015436863520281285,0.015436794348876015,0.015436863520281285,ff63ff6f44fe23c350c52789206c384fe3a6aa024b0a32242ef77e1e6867edcb,2026-10-07T15:19:19.392896+00:00
KRC,2025-05-30,32.20000076293945,29.36403465270996,1184900,0.0,-0.020978979614275972,-0.020978935151283906,-0.020978979614275972,ff63ff6f44fe23c350c52789206c384fe3a6aa024b0a32242ef77e1e6867edcb,2026-10-07T15:19:19.392896+00:00
KRC,2025-06-02,32.2599983215332,29.418746948242188,1027900,0.0,0.0018632781730492098,0.0018632417574531157,0.0018632781730492098,ff63ff6f44fe23c350c52789206c384fe3a6aa024b0a32242ef77e1e6867edcb,2026-10-07T15:19:19.392896+00:00
KRC,2025-06-03,33.16999816894531,30.24860191345215,1078200,0.0,0.0282083042392689,0.028208372255622116,0.0282083042392689,ff63ff6f44fe23c350c52789206c384fe3a6aa024b0a32242ef77e1e6867edcb,2026-10-07T15:19:19.392896+00:00
KRC,2025-06-04,33.59000015258789,30.631608963012695,1557700,0.0,0.012662104516960593,0.012661975275962023,0.012662104516960593,ff63ff6f44fe23c350c52789206c384fe3a6aa024b0a32242ef77e1e6867edcb,2026-10-07T15:19:19.392896+00:00
KRC,2025-06-05,34.150001525878906,31.142292022705078,1192000,0.0,0.016671669269042066,0.01667176739912768,0.016671669269042066,ff63ff6f44fe23c350c52789206c384fe3a6aa024b0a32242ef77e1e6867edcb,2026-10-07T15:19:19.392896+00:00
KRC,2025-06-06,34.91999816894531,31.844472885131836,1893800,0.0,0.022547484880283353,0.02254750106109138,0.022547484880283353,ff63ff6f44fe23c350c52789206c384fe3a6aa024b0a32242ef77e1e6867edcb,2026-10-07T15:19:19.392896+00:00
KRC,2025-06-09,34.970001220703125,31.890064239501953,1510800,0.0,0.0014319316832691609,0.0014316881467806297,0.0014319316832691609,ff63ff6f44fe23c350c52789206c384fe3a6aa024b0a32242ef77e1e6867edcb,2026-10-07T15:19:19.392896+00:00
KRC,2025-06-10,35.540000915527344,32.40986633300781,1786300,0.0,0.016299676148903375,0.01629981330868513,0.016299676148903375,ff63ff6f44fe23c350c52789206c384fe3a6aa024b0a32242ef77e1e6867edcb,2026-10-07T15:19:19.392896+00:00
KRC,2025-06-11,35.650001525878906,32.51018142700195,1518700,0.0,0.003095121201966533,0.0030952023363322034,0.003095121201966533,ff63ff6f44fe23c350c52789206c384fe3a6aa024b0a32242ef77e1e6867edcb,2026-10-07T15:19:19.392896+00:00
KRC,2025-06-12,35.95000076293945,32.78375244140625,1094000,0.0,0.008415125504069643,0.00841493348840805,0.008415125504069643,ff63ff6f44fe23c350c52789206c384fe3a6aa024b0a32242ef77e1e6867edcb,2026-10-07T15:19:19.392896+00:00
KRC,2025-06-13,35.220001220703125,32.11804962158203,1057100,0.0,-0.02030596736423096,-0.02030587624202007,-0.02030596736423096,ff63ff6f44fe23c350c52789206c384fe3a6aa024b0a32242ef77e1e6867edcb,2026-10-07T15:19:19.392896+00:00
KRC,2025-06-16,35.56999969482422,32.437225341796875,1130000,0.0,0.009937491822554323,0.009937581016761676,0.009937491822554323,ff63ff6f44fe23c350c52789206c384fe3a6aa024b0a32242ef77e1e6867edcb,2026-10-07T15:19:19.392896+00:00
KRC,2025-06-17,35.0099983215332,31.926546096801758,966100,0.0,-0.01574364290400887,-0.01574361677406122,-0.01574364290400887,ff63ff6f44fe23c350c52789206c384fe3a6aa024b0a32242ef77e1e6867edcb,2026-10-07T15:19:19.392896+00:00
KRC,2025-06-18,35.040000915527344,31.953903198242188,952500,0.0,0.0008569721631688232,0.0008568763234670929,0.0008569721631688232,ff63ff6f44fe23c350c52789206c384fe3a6aa024b0a32242ef77e1e6867edcb,2026-10-07T15:19:19.392896+00:00
KRC,2025-06-20,35.08000183105469,31.99037742614746,1428600,0.0,0.0011415786096518055,0.001141463929429376,0.0011415786096518055,ff63ff6f44fe23c350c52789206c384fe3a6aa024b0a32242ef77e1e6867edcb,2026-10-07T15:19:19.392896+00:00
KRC,2025-06-23,35.0,31.917423248291016,1182900,0.0,-0.0022805537878810567,-0.00228050381790168,-0.0022805537878810567,ff63ff6f44fe23c350c52789206c384fe3a6aa024b0a32242ef77e1e6867edcb,2026-10-07T15:19:19.392896+00:00
KRC,2025-06-24,34.779998779296875,31.716798782348633,1091200,0.0,-0.006285749162946441,-0.0062857350476475116,-0.006285749162946441,ff63ff6f44fe23c350c52789206c384fe3a6aa024b0a32242ef77e1e6867edcb,2026-10-07T15:19:19.392896+00:00
KRC,2025-06-25,34.119998931884766,31.114931106567383,1441100,0.0,-0.018976419510542963,-0.018976305897435264,-0.018976419510542963,ff63ff6f44fe23c350c52789206c384fe3a6aa024b0a32242ef77e1e6867edcb,2026-10-07T15:19:19.392896+00:00
KRC,2025-06-26,34.599998474121094,31.552656173706055,1067400,0.0,0.014067982334776019,0.014068006952658196,0.014067982334776019,ff63ff6f44fe23c350c52789206c384fe3a6aa024b0a32242ef77e1e6867edcb,2026-10-07T15:19:19.392896+00:00
KRC,2025-06-27,34.790000915527344,31.725921630859375,1230800,0.0,0.005491400282816805,0.005491311292445511,0.005491400282816805,ff63ff6f44fe23c350c52789206c384fe3a6aa024b0a32242ef77e1e6867edcb,2026-10-07T15:19:19.392896+00:00
KRC,2025-06-30,34.310001373291016,31.7814998626709,1027800,0.54,-0.01379705460203351,0.001751824027626192,0.001724646627901949,ff63ff6f44fe23c350c52789206c384fe3a6aa024b0a32242ef77e1e6867edcb,2026-10-07T15:19:19.392896+00:00
KRC,2025-07-01,34.560001373291016,32.01308059692383,1268000,0.0,0.007286505100364549,0.00728665214837565,0.007286505100364549,ff63ff6f44fe23c350c52789206c384fe3a6aa024b0a32242ef77e1e6867edcb,2026-10-07T15:19:19.392896+00:00
KRC,2025-07-02,34.939998626708984,32.36507034301758,1101800,0.0,0.010995290460596996,0.010995185078426228,0.010995290460596996,ff63ff6f44fe23c350c52789206c384fe3a6aa024b0a32242ef77e1e6867edcb,2026-10-07T15:19:19.392896+00:00
KRC,2025-07-03,35.290000915527344,32.68928146362305,594000,0.0,0.010017238196191824,0.01001731549381324,0.010017238196191824,ff63ff6f44fe23c350c52789206c384fe3a6aa024b0a32242ef77e1e6867edcb,2026-10-07T15:19:19.392896+00:00
KRC,2025-07-07,34.54999923706055,32.003814697265625,1255600,0.0,-0.020969160081296567,-0.02096915978774927,-0.020969160081296567,ff63ff6f44fe23c350c52789206c384fe3a6aa024b0a32242ef77e1e6867edcb,2026-10-07T15:19:19.392896+00:00
KRC,2025-07-08,35.040000915527344,32.45770263671875,1397200,0.0,0.014182393322347497,0.014182307445115505,0.014182393322347497,ff63ff6f44fe23c350c52789206c384fe3a6aa024b0a32242ef77e1e6867edcb,2026-10-07T15:19:19.392896+00:00
KRC,2025-07-09,35.459999084472656,32.84675216674805,1943600,0.0,0.011986248800558652,0.011986354499075702,0.011986248800558652,ff63ff6f44fe23c350c52789206c384fe3a6aa024b0a32242ef77e1e6867edcb,2026-10-07T15:19:19.392896+00:00
KRC,2025-07-10,36.470001220703125,33.78232192993164,1387600,0.0,0.02848285849710397,0.028482869735008576,0.02848285849710397,ff63ff6f44fe23c350c52789206c384fe3a6aa024b0a32242ef77e1e6867edcb,2026-10-07T15:19:19.392896+00:00
KRC,2025-07-11,37.20000076293945,34.458526611328125,1926600,0.0,0.020016438656490276,0.020016524701854665,0.020016438656490276,ff63ff6f44fe23c350c52789206c384fe3a6aa024b0a32242ef77e1e6867edcb,2026-10-07T15:19:19.392896+00:00
KRC,2025-07-14,37.130001068115234,34.39368438720703,1688000,0.0,-0.0018817121878652587,-0.0018817468562273287,-0.0018817121878652587,ff63ff6f44fe23c350c52789206c384fe3a6aa024b0a32242ef77e1e6867edcb,2026-10-07T15:19:19.392896+00:00
KRC,2025-07-15,36.880001068115234,34.162105560302734,1648100,0.0,-0.0067330997255123926,-0.0067331788097245715,-0.0067330997255123926,ff63ff6f44fe23c350c52789206c384fe3a6aa024b0a32242ef77e1e6867edcb,2026-10-07T15:19:19.392896+00:00
KRC,2025-07-16,36.65999984741211,33.958316802978516,2204200,0.0,-0.005965325768206853,-0.005965345343380335,-0.005965325768206853,ff63ff6f44fe23c350c52789206c384fe3a6aa024b0a32242ef77e1e6867edcb,2026-10-07T15:19:19.392896+00:00
KRC,2025-07-17,36.720001220703125,34.01389694213867,1107600,0.0,0.0016366986781439774,0.0016367165511359527,0.0016366986781439774,ff63ff6f44fe23c350c52789206c384fe3a6aa024b0a32242ef77e1e6867edcb,2026-10-07T15:19:19.392896+00:00
KRC,2025-07-18,36.83000183105469,34.11579132080078,1359500,0.0,0.002995659223713254,0.002995669059485895,0.002995659223713254,ff63ff6f44fe23c350c52789206c384fe3a6aa024b0a32242ef77e1e6867edcb,2026-10-07T15:19:19.392896+00:00
KRC,2025-07-21,37.310001373291016,34.560420989990234,1361300,0.0,0.01303284057487053,0.013032957817348256,0.01303284057487053,ff63ff6f44fe23c350c52789206c384fe3a6aa024b0a32242ef77e1e6867edcb,2026-10-07T15:19:19.392896+00:00
KRC,2025-07-22,37.97999954223633,35.18103790283203,1462700,0.0,0.01795760236623689,0.017957446554876855,0.01795760236623689,ff63ff6f44fe23c350c52789206c384fe3a6aa024b0a32242ef77e1e6867edcb,2026-10-07T15:19:19.392896+00:00
KRC,2025-07-23,37.83000183105469,35.04209518432617,3195800,0.0,-0.003949386861230253,-0.003949363827457586,-0.003949386861230253,ff63ff6f44fe23c350c52789206c384fe3a6aa024b0a32242ef77e1e6867edcb,2026-10-07T15:19:19.392896+00:00
KRC,2025-07-24,37.2400016784668,34.49557113647461,2216900,0.0,-0.015596091039666748,-0.015596214923130902,-0.015596091039666748,ff63ff6f44fe23c350c52789206c384fe3a6aa024b0a32242ef77e1e6867edcb,2026-10-07T15:19:19.392896+00:00
KRC,2025-07-25,37.08000183105469,34.34736633300781,1956400,0.0,-0.004296451133207757,-0.004296342938647224,-0.004296451133207757,ff63ff6f44fe23c350c52789206c384fe3a6aa024b0a32242ef77e1e6867edcb,2026-10-07T15:19:19.392896+00:00
KRC,2025-07-28,36.61000061035156,33.91200256347656,3466100,0.0,-0.012675328950752518,-0.012675317382714879,-0.012675328950752518,ff63ff6f44fe23c350c52789206c384fe3a6aa024b0a32242ef77e1e6867edcb,2026-10-07T15:19:19.392896+00:00
KRC,2025-07-29,38.31999969482422,35.49597930908203,3541200,0.0,0.046708523790331524,0.04670844025328713,0.046708523790331524,ff63ff6f44fe23c350c52789206c384fe3a6aa024b0a32242ef77e1e6867edcb,2026-10-07T15:19:19.392896+00:00
KRC,2025-07-30,37.09000015258789,34.356624603271484,3801500,0.0,-0.03209810939540436,-0.032098134154564084,-0.03209810939540436,ff63ff6f44fe23c350c52789206c384fe3a6aa024b0a32242ef77e1e6867edcb,2026-10-07T15:19:19.392896+00:00
KRC,2025-07-31,36.86000061035156,34.14358139038086,1772900,0.0,-0.006201120013214156,-0.006200935492083781,-0.006201120013214156,ff63ff6f44fe23c350c52789206c384fe3a6aa024b0a32242ef77e1e6867edcb,2026-10-07T15:19:19.392896+00:00
KRC,2025-08-01,36.54999923706055,33.856422424316406,2209100,0.0,-0.008410237877314541,-0.008410335248116407,-0.008410237877314541,ff63ff6f44fe23c350c52789206c384fe3a6aa024b0a32242ef77e1e6867edcb,2026-10-07T15:19:19.392896+00:00
KRC,2025-08-04,37.540000915527344,34.77346420288086,1636600,0.0,0.0270862297984118,0.027086198508257553,0.0270862297984118,ff63ff6f44fe23c350c52789206c384fe3a6aa024b0a32242ef77e1e6867edcb,2026-10-07T15:19:19.392896+00:00
KRC,2025-08-05,37.81999969482422,35.03282928466797,1719200,0.0,0.007458678009276909,0.0074587070265383915,0.007458678009276909,ff63ff6f44fe23c350c52789206c384fe3a6aa024b0a32242ef77e1e6867edcb,2026-10-07T15:19:19.392896+00:00
KRC,2025-08-06,38.16999816894531,35.357032775878906,1843800,0.0,0.009254322499875345,0.00925427656945832,0.009254322499875345,ff63ff6f44fe23c350c52789206c384fe3a6aa024b0a32242ef77e1e6867edcb,2026-10-07T15:19:19.392896+00:00
KRC,2025-08-07,38.2599983215332,35.440399169921875,998700,0.0,0.0023578767855723104,0.00235784474821199,0.0023578767855723104,ff63ff6f44fe23c350c52789206c384fe3a6aa024b0a32242ef77e1e6867edcb,2026-10-07T15:19:19.392896+00:00
KRC,2025-08-08,37.810001373291016,35.02356719970703,1286800,0.0,-0.011761551698472594,-0.011761491968990234,-0.011761551698472594,ff63ff6f44fe23c350c52789206c384fe3a6aa024b0a32242ef77e1e6867edcb,2026-10-07T15:19:19.392896+00:00
KRC,2025-08-11,36.540000915527344,33.84716033935547,1725000,0.0,-0.03358900850664348,-0.033589007471557686,-0.03358900850664348,ff63ff6f44fe23c350c52789206c384fe3a6aa024b0a32242ef77e1e6867edcb,2026-10-07T15:19:19.392896+00:00
KRC,2025-08-12,37.900001525878906,35.10693359375,1054600,0.0,0.03721950126645024,0.037219466618880315,0.03721950126645024,ff63ff6f44fe23c350c52789206c384fe3a6aa024b0a32242ef77e1e6867edcb,2026-10-07T15:19:19.392896+00:00
KRC,2025-08-13,38.72999954223633,35.875762939453125,992600,0.0,0.021899682927207342,0.021899643944978342,0.021899682927207342,ff63ff6f44fe23c350c52789206c384fe3a6aa024b0a32242ef77e1e6867edcb,2026-10-07T15:19:19.392896+00:00
KRC,2025-08-14,38.33000183105469,35.5052490234375,913700,0.0,-0.010327852205250565,-0.010327694400281695,-0.010327852205250565,ff63ff6f44fe23c350c52789206c384fe3a6aa024b0a32242ef77e1e6867edcb,2026-10-07T15:19:19.392896+00:00
KRC,2025-08-15,38.709999084472656,35.857234954833984,1325600,0.0,0.00991383342721619,0.009913630831433817,0.00991383342721619,ff63ff6f44fe23c350c52789206c384fe3a6aa024b0a32242ef77e1e6867edcb,2026-10-07T15:19:19.392896+00:00
KRC,2025-08-18,38.16999816894531,35.357032775878906,912400,0.0,-0.01394990773182292,-0.013949825734893895,-0.01394990773182292,ff63ff6f44fe23c350c52789206c384fe3a6aa024b0a32242ef77e1e6867edcb,2026-10-07T15:19:19.392896+00:00
KRC,2025-08-19,39.119998931884766,36.23702621459961,1065900,0.0,0.02488867719444543,0.0248887808063194,0.02488867719444543,ff63ff6f44fe23c350c52789206c384fe3a6aa024b0a32242ef77e1e6867edcb,2026-10-07T15:19:19.392896+00:00
KRC,2025-08-20,38.93000030517578,36.061031341552734,1381800,0.0,-0.00485681574377872,-0.004856769206297851,-0.00485681574377872,ff63ff6f44fe23c350c52789206c384fe3a6aa024b0a32242ef77e1e6867edcb,2026-10-07T15:19:19.392896+00:00
KRC,2025-08-21,38.86000061035156,35.996185302734375,1331900,0.0,-0.001798091299139104,-0.001798230289205227,-0.001798091299139104,ff63ff6f44fe23c350c52789206c384fe3a6aa024b0a32242ef77e1e6867edcb,2026-10-07T15:19:19.392896+00:00
KRC,2025-08-22,40.15999984741211,37.200382232666016,1194600,0.0,0.03345340238399919,0.03345345957645596,0.03345340238399919,ff63ff6f44fe23c350c52789206c384fe3a6aa024b0a32242ef77e1e6867edcb,2026-10-07T15:19:19.392896+00:00
KRC,2025-08-25,40.47999954223633,37.496795654296875,970400,0.0,0.007968119921316186,0.007968020860027014,0.007968119921316186,ff63ff6f44fe23c350c52789206c384fe3a6aa024b0a32242ef77e1e6867edcb,2026-10-07T15:19:19.392896+00:00
KRC,2025-08-26,40.5099983215332,37.52458572387695,1614200,0.0,0.0007410765720383683,0.0007411318512731135,0.0007410765720383683,ff63ff6f44fe23c350c52789206c384fe3a6aa024b0a32242ef77e1e6867edcb,2026-10-07T15:19:19.392896+00:00
KRC,2025-08-27,41.150001525878906,38.11742401123047,1455000,0.0,0.015798648009459626,0.015798663087605913,0.015798648009459626,ff63ff6f44fe23c350c52789206c384fe3a6aa024b0a32242ef77e1e6867edcb,2026-10-07T15:19:19.392896+00:00
KRC,2025-08-28,41.75,38.6732063293457,1424000,0.0,0.014580764322542183,0.014580794283251874,0.014580764322542183,ff63ff6f44fe23c350c52789206c384fe3a6aa024b0a32242ef77e1e6867edcb,2026-10-07T15:19:19.392896+00:00
KRC,2025-08-29,41.59000015258789,38.524993896484375,1146700,0.0,-0.003832331674541556,-0.00383243198402361,-0.003832331674541556,ff63ff6f44fe23c350c52789206c384fe3a6aa024b0a32242ef77e1e6867edcb,2026-10-07T15:19:19.392896+00:00
KRC,2025-09-02,40.97999954223633,37.95995330810547,733100,0.0,-0.014667001878181152,-0.01466685731079298,-0.014667001878181152,ff63ff6f44fe23c350c52789206c384fe3a6aa024b0a32242ef77e1e6867edcb,2026-10-07T15:19:19.392896+00:00
KRC,2025-09-03,41.63999938964844,38.57131576538086,943300,0.0,0.01610541373315244,0.01610545862143753,0.01610541373315244,ff63ff6f44fe23c350c52789206c384fe3a6aa024b0a32242ef77e1e6867edcb,2026-10-07T15:19:19.392896+00:00
KRC,2025-09-04,41.400001525878906,38.349002838134766,1301200,0.0,-0.005763637542924527,-0.005763685340639313,-0.005763637542924527,ff63ff6f44fe23c350c52789206c384fe3a6aa024b0a32242ef77e1e6867edcb,2026-10-07T15:19:19.392896+00:00
KRC,2025-09-05,42.70000076293945,39.553199768066406,1721900,0.0,0.03140094659774162,0.03140099717884115,0.03140094659774162,ff63ff6f44fe23c350c52789206c384fe3a6aa024b0a32242ef77e1e6867edcb,2026-10-07T15:19:19.392896+00:00
KRC,2025-09-08,42.689998626708984,39.54393005371094,1907900,0.0,-0.00023424206210198584,-0.00023436066891746599,-0.00023424206210198584,ff63ff6f44fe23c350c52789206c384fe3a6aa024b0a32242ef77e1e6867edcb,2026-10-07T15:19:19.392896+00:00
KRC,2025-09-09,42.0,38.90478515625,1214800,0.0,-0.01616300419080563,-0.016162907849392116,-0.01616300419080563,ff63ff6f44fe23c350c52789206c384fe3a6aa024b0a32242ef77e1e6867edcb,2026-10-07T15:19:19.392896+00:00
KRC,2025-09-10,42.099998474121094,38.99740982055664,914500,0.0,0.0023809160505021687,0.002380803902004347,0.0023809160505021687,ff63ff6f44fe23c350c52789206c384fe3a6aa024b0a32242ef77e1e6867edcb,2026-10-07T15:19:19.392896+00:00
KRC,2025-09-11,42.95000076293945,39.78477096557617,1398900,0.0,0.020190078850973237,0.020190088230026326,0.020190078850973237,ff63ff6f44fe23c350c52789206c384fe3a6aa024b0a32242ef77e1e6867edcb,2026-10-07T15:19:19.392896+00:00
KRC,2025-09-12,43.16999816894531,39.988555908203125,1077800,0.0,0.005122174670499469,0.005122184637012861,0.005122174670499469,ff63ff6f44fe23c350c52789206c384fe3a6aa024b0a32242ef77e1e6867edcb,2026-10-07T15:19:19.392896+00:00
KRC,2025-09-15,43.599998474121094,40.38686752319336,1388300,0.0,0.009960628293125717,0.009960640136757792,0.009960628293125717,ff63ff6f44fe23c350c52789206c384fe3a6aa024b0a32242ef77e1e6867edcb,2026-10-07T15:19:19.392896+00:00
KRC,2025-09-16,44.18000030517578,40.924129486083984,3322500,0.0,0.01330279475580598,0.013302887691948095,0.01330279475580598,ff63ff6f44fe23c350c52789206c384fe3a6aa024b0a32242ef77e1e6867edcb,2026-10-07T15:19:19.392896+00:00
KRC,2025-09-17,43.720001220703125,40.498023986816406,2038000,0.0,-0.01041193031451304,-0.010412084621432727,-0.01041193031451304,ff63ff6f44fe23c350c52789206c384fe3a6aa024b0a32242ef77e1e6867edcb,2026-10-07T15:19:19.392896+00:00
KRC,2025-09-18,44.439998626708984,41.16496276855469,1529200,0.0,0.01646837570683579,0.016468427742434955,0.01646837570683579,ff63ff6f44fe23c350c52789206c384fe3a6aa024b0a32242ef77e1e6867edcb,2026-10-07T15:19:19.392896+00:00
KRC,2025-09-19,44.22999954223633,40.97043991088867,2375700,0.0,-0.004725452091855931,-0.004725447190604748,-0.004725452091855931,ff63ff6f44fe23c350c52789206c384fe3a6aa024b0a32242ef77e1e6867edcb,2026-10-07T15:19:19.392896+00:00
KRC,2025-09-22,44.34000015258789,41.072330474853516,1150900,0.0,0.0024870135991414966,0.0024869287268201035,0.0024870135991414966,ff63ff6f44fe23c350c52789206c384fe3a6aa024b0a32242ef77e1e6867edcb,2026-10-07T15:19:19.392896+00:00
KRC,2025-09-23,44.33000183105469,41.063072204589844,984700,0.0,-0.0002254921402524701,-0.00022541380429674795,-0.0002254921402524701,ff63ff6f44fe23c350c52789206c384fe3a6aa024b0a32242ef77e1e6867edcb,2026-10-07T15:19:19.392896+00:00
KRC,2025-09-24,43.68000030517578,40.460968017578125,1373600,0.0,-0.014662790413501825,-0.014662911338241713,-0.014662790413501825,ff63ff6f44fe23c350c52789206c384fe3a6aa024b0a32242ef77e1e6867edcb,2026-10-07T15:19:19.392896+00:00
KRC,2025-09-25,43.34000015258789,40.14603042602539,1705700,0.0,-0.007783886222812231,-0.007783738427017184,-0.007783886222812231,ff63ff6f44fe23c350c52789206c384fe3a6aa024b0a32242ef77e1e6867edcb,2026-10-07T15:19:19.392896+00:00
KRC,2025-09-26,42.650001525878906,39.50688171386719,1803800,0.0,-0.015920595853246344,-0.0159205955202949,-0.015920595853246344,ff63ff6f44fe23c350c52789206c384fe3a6aa024b0a32242ef77e1e6867edcb,2026-10-07T15:19:19.392896+00:00
KRC,2025-09-29,42.58000183105469,39.442039489746094,2362900,0.0,-0.001641258905506593,-0.0016412893477829593,-0.001641258905506593,ff63ff6f44fe23c350c52789206c384fe3a6aa024b0a32242ef77e1e6867edcb,2026-10-07T15:19:19.392896+00:00
KRC,2025-09-30,42.25,39.63906478881836,2307300,0.54,-0.007750160095437275,0.004995312149704834,0.004931849692692003,ff63ff6f44fe23c350c52789206c384fe3a6aa024b0a32242ef77e1e6867edcb,2026-10-07T15:19:19.392896+00:00
KRC,2025-10-01,42.150001525878906,39.54524230957031,1420400,0.0,-0.0023668277898484247,-0.002366919596814343,-0.0023668277898484247,ff63ff6f44fe23c350c52789206c384fe3a6aa024b0a32242ef77e1e6867edcb,2026-10-07T15:19:19.392896+00:00
KRC,2025-10-02,42.150001525878906,39.54524230957031,2042000,0.0,0.0,0.0,0.0,ff63ff6f44fe23c350c52789206c384fe3a6aa024b0a32242ef77e1e6867edcb,2026-10-07T15:19:19.392896+00:00
KRC,2025-10-03,42.45000076293945,39.82670211791992,1743800,0.0,0.007117419364180977,0.007117412662344336,0.007117419364180977,ff63ff6f44fe23c350c52789206c384fe3a6aa024b0a32242ef77e1e6867edcb,2026-10-07T15:19:19.392896+00:00
KRC,2025-10-06,42.439998626708984,39.817317962646484,1489300,0.0,-0.0002356215795218386,-0.0002356247134309708,-0.0002356215795218386,ff63ff6f44fe23c350c52789206c384fe3a6aa024b0a32242ef77e1e6867edcb,2026-10-07T15:19:19.392896+00:00
KRC,2025-10-07,41.7400016784668,39.160579681396484,1255000,0.0,-0.01649380233018327,-0.01649378498737908,-0.01649380233018327,ff63ff6f44fe23c350c52789206c384fe3a6aa024b0a32242ef77e1e6867edcb,2026-10-07T15:19:19.392896+00:00
KRC,2025-10-08,41.40999984741211,38.85097122192383,998600,0.0,-0.007906128840069804,-0.007906125547465725,-0.007906128840069804,ff63ff6f44fe23c350c52789206c384fe3a6aa024b0a32242ef77e1e6867edcb,2026-10-07T15:19:19.392896+00:00
KRC,2025-10-09,40.47999954223633,37.97843933105469,979300,0.0,-0.022458350847685438,-0.0224584318853982,-0.022458350847685438,ff63ff6f44fe23c350c52789206c384fe3a6aa024b0a32242ef77e1e6867edcb,2026-10-07T15:19:19.392896+00:00
KRC,2025-10-10,39.54999923706055,37.10591125488281,1530700,0.0,-0.022974316099125258,-0.02297430045942972,-0.022974316099125258,ff63ff6f44fe23c350c52789206c384fe3a6aa024b0a32242ef77e1e6867edcb,2026-10-07T15:19:19.392896+00:00
KRC,2025-10-13,40.36000061035156,37.8658561706543,1107200,0.0,0.02048043966918711,0.020480427243825705,0.02048043966918711,ff63ff6f44fe23c350c52789206c384fe3a6aa024b0a32242ef77e1e6867edcb,2026-10-07T15:19:19.392896+00:00
KRC,2025-10-14,40.56999969482422,38.06288146972656,1595800,0.0,0.0052031486941750416,0.005203244267984131,0.0052031486941750416,ff63ff6f44fe23c350c52789206c384fe3a6aa024b0a32242ef77e1e6867edcb,2026-10-07T15:19:19.392896+00:00
KRC,2025-10-15,40.540000915527344,38.03473663330078,1406200,0.0,-0.0007394325738854235,-0.0007394299994908371,-0.0007394325738854235,ff63ff6f44fe23c350c52789206c384fe3a6aa024b0a32242ef77e1e6867edcb,2026-10-07T15:19:19.392896+00:00
KRC,2025-10-16,40.45000076293945,37.950294494628906,2382800,0.0,-0.0022200333141437767,-0.00222013207258398,-0.0022200333141437767,ff63ff6f44fe23c350c52789206c384fe3a6aa024b0a32242ef77e1e6867edcb,2026-10-07T15:19:19.392896+00:00
KRC,2025-10-17,40.29999923706055,37.809566497802734,1289100,0.0,-0.0037083194820688448,-0.0037082188346677647,-0.0037083194820688448,ff63ff6f44fe23c350c52789206c384fe3a6aa024b0a32242ef77e1e6867edcb,2026-10-07T15:19:19.392896+00:00
KRC,2025-10-20,40.540000915527344,38.03473663330078,835400,0.0,0.00595537674963742,0.005955374693627613,0.00595537674963742,ff63ff6f44fe23c350c52789206c384fe3a6aa024b0a32242ef77e1e6867edcb,2026-10-07T15:19:19.392896+00:00
KRC,2025-10-21,40.939998626708984,38.41001510620117,731000,0.0,0.009866741542880364,0.009866729892690218,0.009866741542880364,ff63ff6f44fe23c350c52789206c384fe3a6aa024b0a32242ef77e1e6867edcb,2026-10-07T15:19:19.392896+00:00
KRC,2025-10-22,40.91999816894531,38.3912467956543,891100,0.0,-0.0004885309827691309,-0.0004886306473710356,-0.0004885309827691309,ff63ff6f44fe23c350c52789206c384fe3a6aa024b0a32242ef77e1e6867edcb,2026-10-07T15:19:19.392896+00:00
KRC,2025-10-23,40.560001373291016,38.053497314453125,1057800,0.0,-0.008797576045042499,-0.008797564793842638,-0.008797576045042499,ff63ff6f44fe23c350c52789206c384fe3a6aa024b0a32242ef77e1e6867edcb,2026-10-07T15:19:19.392896+00:00
KRC,2025-10-24,40.88999938964844,38.36310577392578,993000,0.0,0.008136045492708632,0.008136136789589132,0.008136045492708632,ff63ff6f44fe23c350c52789206c384fe3a6aa024b0a32242ef77e1e6867edcb,2026-10-07T15:19:19.392896+00:00
KRC,2025-10-27,41.25,38.70085906982422,1429100,0.0,0.00880412364209282,0.008804117630330177,0.00880412364209282,ff63ff6f44fe23c350c52789206c384fe3a6aa024b0a32242ef77e1e6867edcb,2026-10-07T15:19:19.392896+00:00
KRC,2025-10-28,41.970001220703125,39.376365661621094,1898000,0.0,0.017454575047348486,0.017454563232772724,0.017454575047348486,ff63ff6f44fe23c350c52789206c384fe3a6aa024b0a32242ef77e1e6867edcb,2026-10-07T15:19:19.392896+00:00
KRC,2025-10-29,41.13999938964844,38.59765625,2108700,0.0,-0.019776073550487827,-0.019776061059390226,-0.019776073550487827,ff63ff6f44fe23c350c52789206c384fe3a6aa024b0a32242ef77e1e6867edcb,2026-10-07T15:19:19.392896+00:00
KRC,2025-10-30,41.41999816894531,38.8603515625,818300,0.0,0.00680599862544784,0.00680599129642756,0.00680599862544784,ff63ff6f44fe23c350c52789206c384fe3a6aa024b0a32242ef77e1e6867edcb,2026-10-07T15:19:19.392896+00:00
KRC,2025-10-31,42.25,39.63906478881836,1026000,0.0,0.020038673774664284,0.020038759172467557,0.020038673774664284,ff63ff6f44fe23c350c52789206c384fe3a6aa024b0a32242ef77e1e6867edcb,2026-10-07T15:19:19.392896+00:00
KRC,2025-11-03,42.2599983215332,39.648441314697266,1497200,0.0,0.00023664666350775576,0.0002365476059755789,0.00023664666350775576,ff63ff6f44fe23c350c52789206c384fe3a6aa024b0a32242ef77e1e6867edcb,2026-10-07T15:19:19.392896+00:00
KRC,2025-11-04,42.61000061035156,39.97681427001953,1075700,0.0,0.008282117906285302,0.008282115120640032,0.008282117906285302,ff63ff6f44fe23c350c52789206c384fe3a6aa024b0a32242ef77e1e6867edcb,2026-10-07T15:19:19.392896+00:00
KRC,2025-11-05,42.4900016784668,39.86423110961914,1453000,0.0,-0.0028162152115908112,-0.002816211407941527,-0.0028162152115908112,ff63ff6f44fe23c350c52789206c384fe3a6aa024b0a32242ef77e1e6867edcb,2026-10-07T15:19:19.392896+00:00
KRC,2025-11-06,42.689998626708984,40.0518684387207,1259500,0.0,0.00470691787107036,0.00470690952462105,0.00470691787107036,ff63ff6f44fe23c350c52789206c384fe3a6aa024b0a32242ef77e1e6867edcb,2026-10-07T15:19:19.392896+00:00
KRC,2025-11-07,43.47999954223633,40.79304885864258,1261900,0.0,0.018505526843308084,0.018505514194821604,0.018505526843308084,ff63ff6f44fe23c350c52789206c384fe3a6aa024b0a32242ef77e1e6867edcb,2026-10-07T15:19:19.392896+00:00
KRC,2025-11-10,42.310001373291016,39.69535446166992,1155300,0.0,-0.026908881813781482,-0.026908858927814472,-0.026908881813781482,ff63ff6f44fe23c350c52789206c384fe3a6aa024b0a32242ef77e1e6867edcb,2026-10-07T15:19:19.392896+00:00
KRC,2025-11-11,42.2400016784668,39.62968063354492,1589000,0.0,-0.0016544479449818184,-0.0016544461944133504,-0.0016544479449818184,ff63ff6f44fe23c350c52789206c384fe3a6aa024b0a32242ef77e1e6867edcb,2026-10-07T15:19:19.392896+00:00
KRC,2025-11-12,42.25,39.63906478881836,1457200,0.0,0.00023670267840691928,0.0002367961367191196,0.00023670267840691928,ff63ff6f44fe23c350c52789206c384fe3a6aa024b0a32242ef77e1e6867edcb,2026-10-07T15:19:19.392896+00:00
KRC,2025-11-13,41.650001525878906,39.076141357421875,1177100,0.0,-0.014201147316475593,-0.014201228873474303,-0.014201147316475593,ff63ff6f44fe23c350c52789206c384fe3a6aa024b0a32242ef77e1e6867edcb,2026-10-07T15:19:19.392896+00:00
KRC,2025-11-14,40.849998474121094,38.3255729675293,1031400,0.0,-0.01920775564103494,-0.0192078430423126,-0.01920775564103494,ff63ff6f44fe23c350c52789206c384fe3a6aa024b0a32242ef77e1e6867edcb,2026-10-07T15:19:19.392896+00:00
KRC,2025-11-17,40.400001525878906,37.90338897705078,1653500,0.0,-0.011015837577748377,-0.01101572547489904,-0.011015837577748377,ff63ff6f44fe23c350c52789206c384fe3a6aa024b0a32242ef77e1e6867edcb,2026-10-07T15:19:19.392896+00:00
KRC,2025-11-18,41.470001220703125,38.907264709472656,2571500,0.0,0.026485139960670923,0.02648511807294307,0.026485139960670923,ff63ff6f44fe23c350c52789206c384fe3a6aa024b0a32242ef77e1e6867edcb,2026-10-07T15:19:19.392896+00:00
KRC,2025-11-19,41.5099983215332,38.94478988647461,885100,0.0,0.0009644827502466313,0.0009644773869907919,0.0009644827502466313,ff63ff6f44fe23c350c52789206c384fe3a6aa024b0a32242ef77e1e6867edcb,2026-10-07T15:19:19.392896+00:00
KRC,2025-11-20,40.41999816894531,37.92214584350586,832200,0.0,-0.026258737573170543,-0.026258815260007617,-0.026258737573170543,ff63ff6f44fe23c350c52789206c384fe3a6aa024b0a32242ef77e1e6867edcb,2026-10-07T15:19:19.392896+00:00
KRC,2025-11-21,41.209999084472656,38.663330078125,1475600,0.0,0.019544803347722572,0.019544891728379588,0.019544803347722572,ff63ff6f44fe23c350c52789206c384fe3a6aa024b0a32242ef77e1e6867edcb,2026-10-07T15:19:19.392896+00:00
KRC,2025-11-24,41.75,39.169960021972656,957600,0.0,0.013103638134532414,0.013103629274145101,0.013103638134532414,ff63ff6f44fe23c350c52789206c384fe3a6aa024b0a32242ef77e1e6867edcb,2026-10-07T15:19:19.392896+00:00
KRC,2025-11-25,43.029998779296875,40.37085723876953,1277500,0.0,0.030658653396332225,0.03065862758407789,0.030658653396332225,ff63ff6f44fe23c350c52789206c384fe3a6aa024b0a32242ef77e1e6867edcb,2026-10-07T15:19:19.392896+00:00
KRC,2025-11-26,43.099998474121094,40.4365348815918,1116000,0.0,0.001626764973507333,0.0016268577710356613,0.001626764973507333,ff63ff6f44fe23c350c52789206c384fe3a6aa024b0a32242ef77e1e6867edcb,2026-10-07T15:19:19.392896+00:00
KRC,2025-11-28,42.88999938964844,40.23950958251953,396300,0.0,-0.004872368721747122,-0.004872457534979335,-0.004872368721747122,ff63ff6f44fe23c350c52789206c384fe3a6aa024b0a32242ef77e1e6867edcb,2026-10-07T15:19:19.392896+00:00
KRC,2025-12-01,42.70000076293945,40.061256408691406,823300,0.0,-0.00442990509239416,-0.004429804828077755,-0.00442990509239416,ff63ff6f44fe23c350c52789206c384fe3a6aa024b0a32242ef77e1e6867edcb,2026-10-07T15:19:19.392896+00:00
KRC,2025-12-02,42.20000076293945,39.59214782714844,896700,0.0,-0.011709601664315783,-0.011709782058687335,-0.011709601664315783,ff63ff6f44fe23c350c52789206c384fe3a6aa024b0a32242ef77e1e6867edcb,2026-10-07T15:19:19.392896+00:00
KRC,2025-12-03,41.15999984741211,38.61642074584961,1608500,0.0,-0.02464457101244144,-0.024644459440762434,-0.02464457101244144,ff63ff6f44fe23c350c52789206c384fe3a6aa024b0a32242ef77e1e6867edcb,2026-10-07T15:19:19.392896+00:00
KRC,2025-12-04,40.7400016784668,38.22237777709961,1359400,0.0,-0.01020403718421592,-0.01020402619246763,-0.01020403718421592,ff63ff6f44fe23c350c52789206c384fe3a6aa024b0a32242ef77e1e6867edcb,2026-10-07T15:19:19.392896+00:00
KRC,2025-12-05,40.779998779296875,38.2598991394043,1672800,0.0,0.0009817648301968518,0.0009816595535605543,0.0009817648301968518,ff63ff6f44fe23c350c52789206c384fe3a6aa024b0a32242ef77e1e6867edcb,2026-10-07T15:19:19.392896+00:00
KRC,2025-12-08,40.439998626708984,37.940914154052734,1715600,0.0,-0.008337424295375429,-0.008337319034462332,-0.008337424295375429,ff63ff6f44fe23c350c52789206c384fe3a6aa024b0a32242ef77e1e6867edcb,2026-10-07T15:19:19.392896+00:00
KRC,2025-12-09,40.380001068115234,37.88462448120117,947400,0.0,-0.0014836192045299956,-0.0014836140379488327,-0.0014836192045299956,ff63ff6f44fe23c350c52789206c384fe3a6aa024b0a32242ef77e1e6867edcb,2026-10-07T15:19:19.392896+00:00
KRC,2025-12-10,40.54999923706055,38.04411697387695,1968600,0.0,0.00420995949600278,0.004209953110527076,0.00420995949600278,ff63ff6f44fe23c350c52789206c384fe3a6aa024b0a32242ef77e1e6867edcb,2026-10-07T15:19:19.392896+00:00
KRC,2025-12-11,40.56999969482422,38.06288146972656,934500,0.0,0.0004932295472250825,0.0004932298957680548,0.0004932295472250825,ff63ff6f44fe23c350c52789206c384fe3a6aa024b0a32242ef77e1e6867edcb,2026-10-07T15:19:19.392896+00:00
KRC,2025-12-12,40.459999084472656,37.959678649902344,1756400,0.0,-0.0027113781409664472,-0.0027113769593691828,-0.0027113781409664472,ff63ff6f44fe23c350c52789206c384fe3a6aa024b0a32242ef77e1e6867edcb,2026-10-07T15:19:19.392896+00:00
KRC,2025-12-15,40.040000915527344,37.565635681152344,1142200,0.0,-0.0103805778163375,-0.010380566505428401,-0.0103805778163375,ff63ff6f44fe23c350c52789206c384fe3a6aa024b0a32242ef77e1e6867edcb,2026-10-07T15:19:19.392896+00:00
KRC,2025-12-16,39.72999954223633,37.27478790283203,1554400,0.0,-0.007742291863205186,-0.00774238936854299,-0.007742291863205186,ff63ff6f44fe23c350c52789206c384fe3a6aa024b0a32242ef77e1e6867edcb,2026-10-07T15:19:19.392896+00:00
KRC,2025-12-17,38.95000076293945,36.54299545288086,1157200,0.0,-0.019632489007901266,-0.019632370594805493,-0.019632489007901266,ff63ff6f44fe23c350c52789206c384fe3a6aa024b0a32242ef77e1e6867edcb,2026-10-07T15:19:19.392896+00:00
KRC,2025-12-18,38.5,36.12080383300781,1564200,0.0,-0.011553292788831548,-0.011553284415817155,-0.011553292788831548,ff63ff6f44fe23c350c52789206c384fe3a6aa024b0a32242ef77e1e6867edcb,2026-10-07T15:19:19.392896+00:00
KRC,2025-12-19,38.540000915527344,36.158329010009766,2705600,0.0,0.0010389848188920858,0.0010388798980065506,0.0010389848188920858,ff63ff6f44fe23c350c52789206c384fe3a6aa024b0a32242ef77e1e6867edcb,2026-10-07T15:19:19.392896+00:00
KRC,2025-12-22,38.060001373291016,35.70799255371094,1487300,0.0,-0.012454580457545883,-0.012454570458003245,-0.012454580457545883,ff63ff6f44fe23c350c52789206c384fe3a6aa024b0a32242ef77e1e6867edcb,2026-10-07T15:19:19.392896+00:00
KRC,2025-12-23,37.54999923706055,35.22950744628906,1264900,0.0,-0.013399950547252626,-0.01339994419182633,-0.013399950547252626,ff63ff6f44fe23c350c52789206c384fe3a6aa024b0a32242ef77e1e6867edcb,2026-10-07T15:19:19.392896+00:00
KRC,2025-12-24,38.0,35.65169906616211,954400,0.0,0.011984041866379469,0.011984034137199284,0.011984041866379469,ff63ff6f44fe23c350c52789206c384fe3a6aa024b0a32242ef77e1e6867edcb,2026-10-07T15:19:19.392896+00:00
KRC,2025-12-26,38.06999969482422,35.71737289428711,704100,0.0,0.0018420972322161777,0.0018420953235109838,0.0018420972322161777,ff63ff6f44fe23c350c52789206c384fe3a6aa024b0a32242ef77e1e6867edcb,2026-10-07T15:19:19.392896+00:00
KRC,2025-12-29,37.880001068115234,35.53911590576172,1488100,0.0,-0.00499077037646567,-0.00499076427185674,-0.00499077037646567,ff63ff6f44fe23c350c52789206c384fe3a6aa024b0a32242ef77e1e6867edcb,2026-10-07T15:19:19.392896+00:00
KRC,2025-12-30,38.189998626708984,35.8299560546875,1124400,0.0,0.008183673438559858,0.00818366302912521,0.008183673438559858,ff63ff6f44fe23c350c52789206c384fe3a6aa024b0a32242ef77e1e6867edcb,2026-10-07T15:19:19.392896+00:00
KRC,2025-12-31,37.369998931884766,35.56349182128906,1282700,0.54,-0.021471582202433837,-0.007436912090869718,-0.007331754514083633,ff63ff6f44fe23c350c52789206c384fe3a6aa024b0a32242ef77e1e6867edcb,2026-10-07T15:19:19.392896+00:00
KRC,2026-01-02,38.02000045776367,36.182071685791016,1246500,0.0,0.017393672583819964,0.017393676290573312,0.017393672583819964,ff63ff6f44fe23c350c52789206c384fe3a6aa024b0a32242ef77e1e6867edcb,2026-10-07T15:19:19.392896+00:00
KRC,2026-01-05,38.34000015258789,36.486602783203125,2152400,0.0,0.008416614702035696,0.008416629651742724,0.008416614702035696,ff63ff6f44fe23c350c52789206c384fe3a6aa024b0a32242ef77e1e6867edcb,2026-10-07T15:19:19.392896+00:00
KRC,2026-01-06,39.63999938964844,37.723758697509766,2246600,0.0,0.03390712654894967,0.03390712809459395,0.03390712654894967,ff63ff6f44fe23c350c52789206c384fe3a6aa024b0a32242ef77e1e6867edcb,2026-10-07T15:19:19.392896+00:00
KRC,2026-01-07,39.099998474121094,37.209861755371094,2503600,0.0,-0.013622626736678467,-0.013622633583768362,-0.013622626736678467,ff63ff6f44fe23c350c52789206c384fe3a6aa024b0a32242ef77e1e6867edcb,2026-10-07T15:19:19.392896+00:00
KRC,2026-01-08,39.81999969482422,37.89505386352539,2249500,0.0,0.01841435418928894,0.018414261054205294,0.01841435418928894,ff63ff6f44fe23c350c52789206c384fe3a6aa024b0a32242ef77e1e6867edcb,2026-10-07T15:19:19.392896+00:00
KRC,2026-01-09,39.849998474121094,37.923606872558594,1450800,0.0,0.0007533596063984405,0.0007534758793596996,0.0007533596063984405,ff63ff6f44fe23c350c52789206c384fe3a6aa024b0a32242ef77e1e6867edcb,2026-10-07T15:19:19.392896+00:00
KRC,2026-01-12,38.83000183105469,36.95291519165039,1098300,0.0,-0.02559590168438275,-0.025595974670083232,-0.02559590168438275,ff63ff6f44fe23c350c52789206c384fe3a6aa024b0a32242ef77e1e6867edcb,2026-10-07T15:19:19.392896+00:00
KRC,2026-01-13,38.599998474121094,36.73403549194336,1699600,0.0,-0.005923341387783498,-0.00592320520781231,-0.005923341387783498,ff63ff6f44fe23c350c52789206c384fe3a6aa024b0a32242ef77e1e6867edcb,2026-10-07T15:19:19.392896+00:00
KRC,2026-01-14,38.27000045776367,36.419986724853516,1834900,0.0,-0.008549171746176754,-0.008549258552296046,-0.008549171746176754,ff63ff6f44fe23c350c52789206c384fe3a6aa024b0a32242ef77e1e6867edcb,2026-10-07T15:19:19.392896+00:00
KRC,2026-01-15,38.220001220703125,36.372406005859375,1176400,0.0,-0.0013064864505483165,-0.0013064452591267095,-0.0013064864505483165,ff63ff6f44fe23c350c52789206c384fe3a6aa024b0a32242ef77e1e6867edcb,2026-10-07T15:19:19.392896+00:00
KRC,2026-01-16,37.70000076293945,35.877540588378906,1614900,0.0,-0.013605453719399585,-0.013605517803819467,-0.013605453719399585,ff63ff6f44fe23c350c52789206c384fe3a6aa024b0a32242ef77e1e6867edcb,2026-10-07T15:19:19.392896+00:00
KRC,2026-01-20,36.88999938964844,35.10669708251953,1689900,0.0,-0.02148544713259737,-0.021485405443567585,-0.02148544713259737,ff63ff6f44fe23c350c52789206c384fe3a6aa024b0a32242ef77e1e6867edcb,2026-10-07T15:19:19.392896+00:00
KRC,2026-01-21,36.560001373291016,34.79265213012695,2429800,0.0,-0.008945460065527211,-0.008945442849676355,-0.008945460065527211,ff63ff6f44fe23c350c52789206c384fe3a6aa024b0a32242ef77e1e6867edcb,2026-10-07T15:19:19.392896+00:00
KRC,2026-01-22,35.599998474121094,33.87905502319336,1998400,0.0,-0.02625828400190522,-0.02625833476323325,-0.02625828400190522,ff63ff6f44fe23c350c52789206c384fe3a6aa024b0a32242ef77e1e6867edcb,2026-10-07T15:19:19.392896+00:00
KRC,2026-01-23,35.59000015258789,33.86954116821289,2544100,0.0,-0.00028085174049852224,-0.00028081819206460246,-0.00028085174049852224,ff63ff6f44fe23c350c52789206c384fe3a6aa024b0a32242ef77e1e6867edcb,2026-10-07T15:19:19.392896+00:00
KRC,2026-01-26,35.150001525878906,33.45081329345703,1467600,0.0,-0.012362984681723588,-0.012362962718516002,-0.012362984681723588,ff63ff6f44fe23c350c52789206c384fe3a6aa024b0a32242ef77e1e6867edcb,2026-10-07T15:19:19.392896+00:00
KRC,2026-01-27,35.0,33.30806350708008,1844500,0.0,-0.004267468545299136,-0.004267453383708153,-0.004267468545299136,ff63ff6f44fe23c350c52789206c384fe3a6aa024b0a32242ef77e1e6867edcb,2026-10-07T15:19:19.392896+00:00
KRC,2026-01-28,34.33000183105469,32.67045211791992,1813900,0.0,-0.01914280482700892,-0.01914285377246938,-0.01914280482700892,ff63ff6f44fe23c350c52789206c384fe3a6aa024b0a32242ef77e1e6867edcb,2026-10-07T15:19:19.392896+00:00
KRC,2026-01-29,34.47999954223633,32.813194274902344,2085200,0.0,0.004369289344049898,0.0043691515644537215,0.004369289344049898,ff63ff6f44fe23c350c52789206c384fe3a6aa024b0a32242ef77e1e6867edcb,2026-10-07T15:19:19.392896+00:00
KRC,2026-01-30,34.47999954223633,32.813194274902344,2659400,0.0,0.0,0.0,0.0,ff63ff6f44fe23c350c52789206c384fe3a6aa024b0a32242ef77e1e6867edcb,2026-10-07T15:19:19.392896+00:00
KRC,2026-02-02,34.150001525878906,32.49915313720703,2334600,0.0,-0.009570708258078486,-0.009570575027360584,-0.009570708258078486,ff63ff6f44fe23c350c52789206c384fe3a6aa024b0a32242ef77e1e6867edcb,2026-10-07T15:19:19.392896+00:00
KRC,2026-02-03,34.290000915527344,32.63238525390625,2035000,0.0,0.004099542705506165,0.00409955656803529,0.004099542705506165,ff63ff6f44fe23c350c52789206c384fe3a6aa024b0a32242ef77e1e6867edcb,2026-10-07T15:19:19.392896+00:00
KRC,2026-02-04,34.279998779296875,32.622867584228516,1655500,0.0,-0.0002916925040366003,-0.0002916633155584103,-0.0002916925040366003,ff63ff6f44fe23c350c52789206c384fe3a6aa024b0a32242ef77e1e6867edcb,2026-10-07T15:19:19.392896+00:00
KRC,2026-02-05,34.310001373291016,32.65141677856445,2269700,0.0,0.0008752215595835278,0.00087512829036962,0.0008752215595835278,ff63ff6f44fe23c350c52789206c384fe3a6aa024b0a32242ef77e1e6867edcb,2026-10-07T15:19:19.392896+00:00
KRC,2026-02-06,35.0,33.30806350708008,1800600,0.0,0.020110714051038148,0.020110818864886415,0.020110714051038148,ff63ff6f44fe23c350c52789206c384fe3a6aa024b0a32242ef77e1e6867edcb,2026-10-07T15:19:19.392896+00:00
KRC,2026-02-09,34.540000915527344,32.87030029296875,1451600,0.0,-0.013142830984933074,-0.013142859956967401,-0.013142830984933074,ff63ff6f44fe23c350c52789206c384fe3a6aa024b0a32242ef77e1e6867edcb,2026-10-07T15:19:19.392896+00:00
KRC,2026-02-10,33.25,31.64266014099121,4092500,0.0,-0.037348027832489916,-0.03734800537371852,-0.037348027832489916,ff63ff6f44fe23c350c52789206c384fe3a6aa024b0a32242ef77e1e6867edcb,2026-10-07T15:19:19.392896+00:00
KRC,2026-02-11,32.220001220703125,30.662450790405273,2811100,0.0,-0.030977406896146586,-0.030977463532408045,-0.030977406896146586,ff63ff6f44fe23c350c52789206c384fe3a6aa024b0a32242ef77e1e6867edcb,2026-10-07T15:19:19.392896+00:00
KRC,2026-02-12,30.309999465942383,28.84478187561035,2874800,0.0,-0.059280002557338896,-0.05927996190584017,-0.059280002557338896,ff63ff6f44fe23c350c52789206c384fe3a6aa024b0a32242ef77e1e6867edcb,2026-10-07T15:19:19.392896+00:00
KRC,2026-02-13,31.75,30.21516990661621,3529000,0.0,0.047509091370181666,0.04750904468321138,0.047509091370181666,ff63ff6f44fe23c350c52789206c384fe3a6aa024b0a32242ef77e1e6867edcb,2026-10-07T15:19:19.392896+00:00
KRC,2026-02-17,31.809999465942383,30.27227020263672,2544300,0.0,0.0018897469588152749,0.0018897890098577008,0.0018897469588152749,ff63ff6f44fe23c350c52789206c384fe3a6aa024b0a32242ef77e1e6867edcb,2026-10-07T15:19:19.392896+00:00
KRC,2026-02-18,32.27000045776367,30.710033416748047,2502300,0.0,0.014460892786678281,0.01446086504847588,0.014460892786678281,ff63ff6f44fe23c350c52789206c384fe3a6aa024b0a32242ef77e1e6867edcb,2026-10-07T15:19:19.392896+00:00
KRC,2026-02-19,32.4900016784668,30.91939926147461,1435800,0.0,0.006817515264403884,0.006817506249028771,0.006817515264403884,ff63ff6f44fe23c350c52789206c384fe3a6aa024b0a32242ef77e1e6867edcb,2026-10-07T15:19:19.392896+00:00
KRC,2026-02-20,32.2400016784668,30.681486129760742,1735800,0.0,-0.007694674887188224,-0.0076946233560981625,-0.007694674887188224,ff63ff6f44fe23c350c52789206c384fe3a6aa024b0a32242ef77e1e6867edcb,2026-10-07T15:19:19.392896+00:00
KRC,2026-02-23,31.219999313354492,29.710790634155273,2080700,0.0,-0.03163778883403623,-0.03163782521811753,-0.03163778883403623,ff63ff6f44fe23c350c52789206c384fe3a6aa024b0a32242ef77e1e6867edcb,2026-10-07T15:19:19.392896+00:00
KRC,2026-02-24,31.020000457763672,29.52046012878418,3263700,0.0,-0.006406113388518597,-0.0064061070509612295,-0.006406113388518597,ff63ff6f44fe23c350c52789206c384fe3a6aa024b0a32242ef77e1e6867edcb,2026-10-07T15:19:19.392896+00:00
KRC,2026-02-25,31.520000457763672,29.996288299560547,2143100,0.0,0.01611863290204618,0.016118589232706704,0.01611863290204618,ff63ff6f44fe23c350c52789206c384fe3a6aa024b0a32242ef77e1e6867edcb,2026-10-07T15:19:19.392896+00:00
KRC,2026-02-26,32.02000045776367,30.47212028503418,1905600,0.0,0.01586294393205967,0.015863028809487867,0.01586294393205967,ff63ff6f44fe23c350c52789206c384fe3a6aa024b0a32242ef77e1e6867edcb,2026-10-07T15:19:19.392896+00:00
KRC,2026-02-27,29.81999969482422,28.378467559814453,3852900,0.0,-0.06870708093341182,-0.06870715610321299,-0.06870708093341182,ff63ff6f44fe23c350c52789206c384fe3a6aa024b0a32242ef77e1e6867edcb,2026-10-07T15:19:19.392896+00:00
KRC,2026-03-02,29.670000076293945,28.235719680786133,1964300,0.0,-0.005030168345585451,-0.005030147548575115,-0.005030168345585451,ff63ff6f44fe23c350c52789206c384fe3a6aa024b0a32242ef77e1e6867edcb,2026-10-07T15:19:19.392896+00:00
KRC,2026-03-03,30.0,28.549768447875977,2113800,0.0,0.011122343203824991,0.011122392864083785,0.011122343203824991,ff63ff6f44fe23c350c52789206c384fe3a6aa024b0a32242ef77e1e6867edcb,2026-10-07T15:19:19.392896+00:00
KRC,2026-03-04,31.18000030517578,29.672725677490234,2243700,0.0,0.039333343505859375,0.039333321797844656,0.039333343505859375,ff63ff6f44fe23c350c52789206c384fe3a6aa024b0a32242ef77e1e6867edcb,2026-10-07T15:19:19.392896+00:00
KRC,2026-03-05,30.940000534057617,29.44432830810547,2934300,0.0,-0.007697234405681708,-0.007697215681066627,-0.007697234405681708,ff63ff6f44fe23c350c52789206c384fe3a6aa024b0a32242ef77e1e6867edcb,2026-10-07T15:19:19.392896+00:00
KRC,2026-03-06,29.809999465942383,28.368953704833984,2216900,0.0,-0.036522335119916094,-0.0365223003907158,-0.036522335119916094,ff63ff6f44fe23c350c52789206c384fe3a6aa024b0a32242ef77e1e6867edcb,2026-10-07T15:19:19.392896+00:00
KRC,2026-03-09,29.40999984741211,27.9882869720459,2177400,0.0,-0.013418303445032587,-0.01341842694477735,-0.013418303445032587,ff63ff6f44fe23c350c52789206c384fe3a6aa024b0a32242ef77e1e6867edcb,2026-10-07T15:19:19.392896+00:00
KRC,2026-03-10,29.040000915527344,27.63617515563965,1825200,0.0,-0.012580718592466233,-0.012580684797105723,-0.012580718592466233,ff63ff6f44fe23c350c52789206c384fe3a6aa024b0a32242ef77e1e6867edcb,2026-10-07T15:19:19.392896+00:00
KRC,2026-03-11,28.489999771118164,27.112762451171875,1470800,0.0,-0.018939432750330942,-0.01893940465784616,-0.018939432750330942,ff63ff6f44fe23c350c52789206c384fe3a6aa024b0a32242ef77e1e6867edcb,2026-10-07T15:19:19.392896+00:00
KRC,2026-03-12,29.31999969482422,27.902637481689453,3025100,0.0,0.029133026689156738,0.029132960241144312,0.029133026689156738,ff63ff6f44fe23c350c52789206c384fe3a6aa024b0a32242ef77e1e6867edcb,2026-10-07T15:19:19.392896+00:00
KRC,2026-03-13,28.5,27.122278213500977,1210200,0.0,-0.02796724772711956,-0.02796722240686289,-0.02796724772711956,ff63ff6f44fe23c350c52789206c384fe3a6aa024b0a32242ef77e1e6867edcb,2026-10-07T15:19:19.392896+00:00
KRC,2026-03-16,28.65999984741211,27.27454376220703,1246500,0.0,0.00561402973375813,0.005614039775989843,0.00561402973375813,ff63ff6f44fe23c350c52789206c384fe3a6aa024b0a32242ef77e1e6867edcb,2026-10-07T15:19:19.392896+00:00
KRC,2026-03-17,29.450000762939453,28.026355743408203,2089000,0.0,0.027564581986509573,0.02756460338093425,0.027564581986509573,ff63ff6f44fe23c350c52789206c384fe3a6aa024b0a32242ef77e1e6867edcb,2026-10-07T15:19:19.392896+00:00
KRC,2026-03-18,29.260000228881836,27.84554100036621,3145300,0.0,-0.006451630870472402,-0.006451596657711001,-0.006451630870472402,ff63ff6f44fe23c350c52789206c384fe3a6aa024b0a32242ef77e1e6867edcb,2026-10-07T15:19:19.392896+00:00
KRC,2026-03-19,29.149999618530273,27.74085807800293,1195900,0.0,-0.0037594193264217646,-0.0037594142043031464,-0.0037594193264217646,ff63ff6f44fe23c350c52789206c384fe3a6aa024b0a32242ef77e1e6867edcb,2026-10-07T15:19:19.392896+00:00
KRC,2026-03-20,28.209999084472656,26.846298217773438,2455000,0.0,-0.03224701702774879,-0.03224701477200631,-0.03224701702774879,ff63ff6f44fe23c350c52789206c384fe3a6aa024b0a32242ef77e1e6867edcb,2026-10-07T15:19:19.392896+00:00
KRC,2026-03-23,28.709999084472656,27.322128295898438,2329600,0.0,0.017724211847820026,0.017724234241351722,0.017724211847820026,ff63ff6f44fe23c350c52789206c384fe3a6aa024b0a32242ef77e1e6867edcb,2026-10-07T15:19:19.392896+00:00
KRC,2026-03-24,28.6299991607666,27.24599266052246,2222900,0.0,-0.002786482976564142,-0.0027865924115217933,-0.002786482976564142,ff63ff6f44fe23c350c52789206c384fe3a6aa024b0a32242ef77e1e6867edcb,2026-10-07T15:19:19.392896+00:00
KRC,2026-03-25,28.479999542236328,27.103246688842773,2343000,0.0,-0.0052392463474405515,-0.005239154743167607,-0.0052392463474405515,ff63ff6f44fe23c350c52789206c384fe3a6aa024b0a32242ef77e1e6867edcb,2026-10-07T15:19:19.392896+00:00
KRC,2026-03-26,28.90999984741211,27.51245880126953,2947700,0.0,0.015098325564861126,0.015098269116047058,0.015098325564861126,ff63ff6f44fe23c350c52789206c384fe3a6aa024b0a32242ef77e1e6867edcb,2026-10-07T15:19:19.392896+00:00
KRC,2026-03-27,27.979999542236328,26.627416610717773,2042500,0.0,-0.032168810449130114,-0.03216877840489196,-0.032168810449130114,ff63ff6f44fe23c350c52789206c384fe3a6aa024b0a32242ef77e1e6867edcb,2026-10-07T15:19:19.392896+00:00
KRC,2026-03-30,28.25,26.88436508178711,1921500,0.0,0.009649766339563381,0.009649770941951408,0.009649766339563381,ff63ff6f44fe23c350c52789206c384fe3a6aa024b0a32242ef77e1e6867edcb,2026-10-07T15:19:19.392896+00:00
KRC,2026-03-31,28.209999084472656,27.369464874267578,2009000,0.54,-0.001415961611587413,0.01804393709893115,0.017699082636200236,ff63ff6f44fe23c350c52789206c384fe3a6aa024b0a32242ef77e1e6867edcb,2026-10-07T15:19:19.392896+00:00
KRC,2026-04-01,28.079999923706055,27.24333953857422,1819600,0.0,-0.00460826533093206,-0.004608249970277645,-0.00460826533093206,ff63ff6f44fe23c350c52789206c384fe3a6aa024b0a32242ef77e1e6867edcb,2026-10-07T15:19:19.392896+00:00
KRC,2026-04-02,28.450000762939453,27.60231590270996,2231700,0.0,0.013176668099668776,0.013176665203891824,0.013176668099668776,ff63ff6f44fe23c350c52789206c384fe3a6aa024b0a32242ef77e1e6867edcb,2026-10-07T15:19:19.392896+00:00
KRC,2026-04-06,28.219999313354492,27.379167556762695,1406300,0.0,-0.008084409258947156,-0.008084406639421005,-0.008084409258947156,ff63ff6f44fe23c350c52789206c384fe3a6aa024b0a32242ef77e1e6867edcb,2026-10-07T15:19:19.392896+00:00
KRC,2026-04-07,28.399999618530273,27.553804397583008,1510400,0.0,0.0063784659658230325,0.006378456921973807,0.0063784659658230325,ff63ff6f44fe23c350c52789206c384fe3a6aa024b0a32242ef77e1e6867edcb,2026-10-07T15:19:19.392896+00:00
KRC,2026-04-08,28.34000015258789,27.49559211730957,5278300,0.0,-0.0021126572798696452,-0.0021126766900669836,-0.0021126572798696452,ff63ff6f44fe23c350c52789206c384fe3a6aa024b0a32242ef77e1e6867edcb,2026-10-07T15:19:19.392896+00:00
KRC,2026-04-09,27.719999313354492,26.894065856933594,3111600,0.0,-0.02187723485868731,-0.021877188816650017,-0.02187723485868731,ff63ff6f44fe23c350c52789206c384fe3a6aa024b0a32242ef77e1e6867edcb,2026-10-07T15:19:19.392896+00:00
KRC,2026-04-10,28.219999313354492,27.379167556762695,3313100,0.0,0.018037518484321113,0.018037499514192534,0.018037518484321113,ff63ff6f44fe23c350c52789206c384fe3a6aa024b0a32242ef77e1e6867edcb,2026-10-07T15:19:19.392896+00:00
KRC,2026-04-13,28.719999313354492,27.864269256591797,3279600,0.0,0.017717930976822727,0.01771791267296141,0.017717930976822727,ff63ff6f44fe23c350c52789206c384fe3a6aa024b0a32242ef77e1e6867edcb,2026-10-07T15:19:19.392896+00:00
KRC,2026-04-14,29.190000534057617,28.320268630981445,3548500,0.0,0.016364945401811992,0.01636502182025734,0.016364945401811992,ff63ff6f44fe23c350c52789206c384fe3a6aa024b0a32242ef77e1e6867edcb,2026-10-07T15:19:19.392896+00:00
KRC,2026-04-15,30.459999084472656,29.552425384521484,2606300,0.0,0.04350800024594936,0.04350794724426099,0.04350800024594936,ff63ff6f44fe23c350c52789206c384fe3a6aa024b0a32242ef77e1e6867edcb,2026-10-07T15:19:19.392896+00:00
KRC,2026-04-16,30.8700008392334,29.950210571289062,3370400,0.0,0.013460333784768519,0.013460322853092288,0.013460333784768519,ff63ff6f44fe23c350c52789206c384fe3a6aa024b0a32242ef77e1e6867edcb,2026-10-07T15:19:19.392896+00:00
KRC,2026-04-17,31.450000762939453,30.512929916381836,2919900,0.0,0.018788464785816306,0.01878849378215075,0.018788464785816306,ff63ff6f44fe23c350c52789206c384fe3a6aa024b0a32242ef77e1e6867edcb,2026-10-07T15:19:19.392896+00:00
KRC,2026-04-20,32.13999938964844,31.182369232177734,2173900,0.0,0.021939542447390936,0.021939529164535898,0.021939542447390936,ff63ff6f44fe23c350c52789206c384fe3a6aa024b0a32242ef77e1e6867edcb,2026-10-07T15:19:19.392896+00:00
KRC,2026-04-21,31.829999923706055,30.88160514831543,1645600,0.0,-0.00964528537116982,-0.009645324947019751,-0.00964528537116982,ff63ff6f44fe23c350c52789206c384fe3a6aa024b0a32242ef77e1e6867edcb,2026-10-07T15:19:19.392896+00:00
KRC,2026-04-22,31.670000076293945,30.72637367248535,1159700,0.0,-0.005026699585159111,-0.005026664743770448,-0.005026699585159111,ff63ff6f44fe23c350c52789206c384fe3a6aa024b0a32242ef77e1e6867edcb,2026-10-07T15:19:19.392896+00:00
KRC,2026-04-23,31.459999084472656,30.522628784179688,1099700,0.0,-0.006630912261300637,-0.006630944818851625,-0.006630912261300637,ff63ff6f44fe23c350c52789206c384fe3a6aa024b0a32242ef77e1e6867edcb,2026-10-07T15:19:19.392896+00:00
KRC,2026-04-24,31.8799991607666,30.930116653442383,1279800,0.0,0.013350288891179174,0.013350353016575722,0.013350288891179174,ff63ff6f44fe23c350c52789206c384fe3a6aa024b0a32242ef77e1e6867edcb,2026-10-07T15:19:19.392896+00:00
KRC,2026-04-27,32.720001220703125,31.74509048461914,2416000,0.0,0.02634887333906466,0.026348876737458227,0.02634887333906466,ff63ff6f44fe23c350c52789206c384fe3a6aa024b0a32242ef77e1e6867edcb,2026-10-07T15:19:19.392896+00:00
KRC,2026-04-28,34.119998931884766,33.10337448120117,2687000,0.0,0.04278721451562206,0.04278721452188439,0.04278721451562206,ff63ff6f44fe23c350c52789206c384fe3a6aa024b0a32242ef77e1e6867edcb,2026-10-07T15:19:19.392896+00:00
KRC,2026-04-29,32.900001525878906,31.91972541809082,1600400,0.0,-0.03575607984166096,-0.03575614515621439,-0.03575607984166096,ff63ff6f44fe23c350c52789206c384fe3a6aa024b0a32242ef77e1e6867edcb,2026-10-07T15:19:19.392896+00:00
KRC,2026-04-30,33.2599983215332,32.26899719238281,1516200,0.0,0.01094215133610632,0.010942192318923905,0.01094215133610632,ff63ff6f44fe23c350c52789206c384fe3a6aa024b0a32242ef77e1e6867edcb,2026-10-07T15:19:19.392896+00:00
KRC,2026-05-01,33.63999938964844,32.63767623901367,1328500,0.0,0.011425167988334373,0.011425178304514727,0.011425167988334373,ff63ff6f44fe23c350c52789206c384fe3a6aa024b0a32242ef77e1e6867edcb,2026-10-07T15:19:19.392896+00:00
KRC,2026-05-04,32.939998626708984,31.958532333374023,1902000,0.0,-0.02080858429369814,-0.020808586391571238,-0.02080858429369814,ff63ff6f44fe23c350c52789206c384fe3a6aa024b0a32242ef77e1e6867edcb,2026-10-07T15:19:19.392896+00:00
KRC,2026-05-05,33.540000915527344,32.54065704345703,1842800,0.0,0.018215006491586694,0.01821500136522536,0.018215006491586694,ff63ff6f44fe23c350c52789206c384fe3a6aa024b0a32242ef77e1e6867edcb,2026-10-07T15:19:19.392896+00:00
KRC,2026-05-06,35.09000015258789,34.044471740722656,1994700,0.0,0.04621345243741404,0.046213409128688765,0.04621345243741404,ff63ff6f44fe23c350c52789206c384fe3a6aa024b0a32242ef77e1e6867edcb,2026-10-07T15:19:19.392896+00:00
KRC,2026-05-07,34.56999969482422,33.53996658325195,2983100,0.0,-0.014819049743586943,-0.014819003840416012,-0.014819049743586943,ff63ff6f44fe23c350c52789206c384fe3a6aa024b0a32242ef77e1e6867edcb,2026-10-07T15:19:19.392896+00:00
KRC,2026-05-08,34.900001525878906,33.86013412475586,1296600,0.0,0.009545902052874311,0.00954585153533749,0.009545902052874311,ff63ff6f44fe23c350c52789206c384fe3a6aa024b0a32242ef77e1e6867edcb,2026-10-07T15:19:19.392896+00:00
KRC,2026-05-11,34.2599983215332,33.239200592041016,1149300,0.0,-0.018338199895811758,-0.01833818881009297,-0.018338199895811758,ff63ff6f44fe23c350c52789206c384fe3a6aa024b0a32242ef77e1e6867edcb,2026-10-07T15:19:19.392896+00:00
KRC,2026-05-12,34.72999954223633,33.69519805908203,1844400,0.0,0.013718658602727363,0.013718665278316111,0.013718658602727363,ff63ff6f44fe23c350c52789206c384fe3a6aa024b0a32242ef77e1e6867edcb,2026-10-07T15:19:19.392896+00:00
KRC,2026-05-13,34.439998626708984,33.41383743286133,1678600,0.0,-0.008350156042319035,-0.008350169829165477,-0.008350156042319035,ff63ff6f44fe23c350c52789206c384fe3a6aa024b0a32242ef77e1e6867edcb,2026-10-07T15:19:19.392896+00:00
KRC,2026-05-14,34.77000045776367,33.7340087890625,1219600,0.0,0.009581935081691917,0.009581998980048079,0.009581935081691917,ff63ff6f44fe23c350c52789206c384fe3a6aa024b0a32242ef77e1e6867edcb,2026-10-07T15:19:19.392896+00:00
KRC,2026-05-15,34.36000061035156,33.33622360229492,1163600,0.0,-0.011791769974525912,-0.011791814879011708,-0.011791769974525912,ff63ff6f44fe23c350c52789206c384fe3a6aa024b0a32242ef77e1e6867edcb,2026-10-07T15:19:19.392896+00:00
KRC,2026-05-18,34.13999938964844,33.12277603149414,1655300,0.0,-0.006402829359579365,-0.006402871943362198,-0.006402829359579365,ff63ff6f44fe23c350c52789206c384fe3a6aa024b0a32242ef77e1e6867edcb,2026-10-07T15:19:19.392896+00:00
KRC,2026-05-19,33.41999816894531,32.42422866821289,1474400,0.0,-0.021089667064301043,-0.02108963821803611,-0.021089667064301043,ff63ff6f44fe23c350c52789206c384fe3a6aa024b0a32242ef77e1e6867edcb,2026-10-07T15:19:19.392896+00:00
KRC,2026-05-20,34.25,33.2295036315918,1329600,0.0,0.024835484037397215,0.0248355935192488,0.024835484037397215,ff63ff6f44fe23c350c52789206c384fe3a6aa024b0a32242ef77e1e6867edcb,2026-10-07T15:19:19.392896+00:00
KRC,2026-05-21,34.13999938964844,33.12277603149414,1209000,0.0,-0.0032116966526003488,-0.0032118325112804325,-0.0032116966526003488,ff63ff6f44fe23c350c52789206c384fe3a6aa024b0a32242ef77e1e6867edcb,2026-10-07T15:19:19.392896+00:00
KRC,2026-05-22,33.970001220703125,32.95784378051758,915400,0.0,-0.0049794426474669695,-0.0049794211336555705,-0.0049794426474669695,ff63ff6f44fe23c350c52789206c384fe3a6aa024b0a32242ef77e1e6867edcb,2026-10-07T15:19:19.392896+00:00
KRC,2026-05-26,34.470001220703125,33.44294738769531,852200,0.0,0.014718869061896678,0.014718912147538399,0.014718869061896678,ff63ff6f44fe23c350c52789206c384fe3a6aa024b0a32242ef77e1e6867edcb,2026-10-07T15:19:19.392896+00:00
KRC,2026-05-27,34.970001220703125,33.92804718017578,1396000,0.0,0.014505366472099102,0.014505294251037082,0.014505366472099102,ff63ff6f44fe23c350c52789206c384fe3a6aa024b0a32242ef77e1e6867edcb,2026-10-07T15:19:19.392896+00:00
KRC,2026-05-28,34.36000061035156,33.33622360229492,2561700,0.0,-0.017443539864403168,-0.01744349077145424,-0.017443539864403168,ff63ff6f44fe23c350c52789206c384fe3a6aa024b0a32242ef77e1e6867edcb,2026-10-07T15:19:19.392896+00:00
KRC,2026-05-29,34.27000045776367,33.248905181884766,1729200,0.0,-0.0026193291906047023,-0.0026193254956492495,-0.0026193291906047023,ff63ff6f44fe23c350c52789206c384fe3a6aa024b0a32242ef77e1e6867edcb,2026-10-07T15:19:19.392896+00:00
KRC,2026-06-01,34.0,32.9869499206543,918700,0.0,-0.007878624282378843,-0.007878613139213675,-0.007878624282378843,ff63ff6f44fe23c350c52789206c384fe3a6aa024b0a32242ef77e1e6867edcb,2026-10-07T15:19:19.392896+00:00
KRC,2026-06-02,34.93000030517578,33.88924026489258,1462000,0.0,0.02735295015222894,0.027352948557190615,0.02735295015222894,ff63ff6f44fe23c350c52789206c384fe3a6aa024b0a32242ef77e1e6867edcb,2026-10-07T15:19:19.392896+00:00
KRC,2026-06-03,35.27000045776367,34.21910858154297,1505100,0.0,0.009733757504076346,0.009733718256059953,0.009733757504076346,ff63ff6f44fe23c350c52789206c384fe3a6aa024b0a32242ef77e1e6867edcb,2026-10-07T15:19:19.392896+00:00
KRC,2026-06-04,36.900001525878906,35.80054473876953,1485800,0.0,0.04621494320838426,0.046215001581880966,0.04621494320838426,ff63ff6f44fe23c350c52789206c384fe3a6aa024b0a32242ef77e1e6867edcb,2026-10-07T15:19:19.392896+00:00
KRC,2026-06-05,37.029998779296875,35.926666259765625,2487500,0.0,0.00352296065155433,0.003522893908916247,0.00352296065155433,ff63ff6f44fe23c350c52789206c384fe3a6aa024b0a32242ef77e1e6867edcb,2026-10-07T15:19:19.392896+00:00
KRC,2026-06-08,37.88999938964844,36.761043548583984,3500100,0.0,0.02322442988662421,0.023224456251672354,0.02322442988662421,ff63ff6f44fe23c350c52789206c384fe3a6aa024b0a32242ef77e1e6867edcb,2026-10-07T15:19:19.392896+00:00
KRC,2026-06-09,38.59000015258789,37.440189361572266,2562200,0.0,0.01847455197190362,0.018474606470045174,0.01847455197190362,ff63ff6f44fe23c350c52789206c384fe3a6aa024b0a32242ef77e1e6867edcb,2026-10-07T15:19:19.392896+00:00
KRC,2026-06-10,38.41999816894531,37.27524948120117,1735800,0.0,-0.004405337729214254,-0.004405423241271911,-0.004405337729214254,ff63ff6f44fe23c350c52789206c384fe3a6aa024b0a32242ef77e1e6867edcb,2026-10-07T15:19:19.392896+00:00
KRC,2026-06-11,38.70000076293945,37.54690933227539,1257800,0.0,0.007287938764673374,0.00728794186102566,0.007287938764673374,ff63ff6f44fe23c350c52789206c384fe3a6aa024b0a32242ef77e1e6867edcb,2026-10-07T15:19:19.392896+00:00
KRC,2026-06-12,38.369998931884766,37.226741790771484,1578000,0.0,-0.008527178928913859,-0.008527134381968726,-0.008527178928913859,ff63ff6f44fe23c350c52789206c384fe3a6aa024b0a32242ef77e1e6867edcb,2026-10-07T15:19:19.392896+00:00
KRC,2026-06-15,38.369998931884766,37.226741790771484,1199000,0.0,0.0,0.0,0.0,ff63ff6f44fe23c350c52789206c384fe3a6aa024b0a32242ef77e1e6867edcb,2026-10-07T15:19:19.392896+00:00
KRC,2026-06-16,38.09000015258789,36.95508575439453,1916100,0.0,-0.007297336124349019,-0.0072973358212159445,-0.007297336124349019,ff63ff6f44fe23c350c52789206c384fe3a6aa024b0a32242ef77e1e6867edcb,2026-10-07T15:19:19.392896+00:00
KRC,2026-06-17,36.150001525878906,35.0728874206543,1693600,0.0,-0.05093196689255408,-0.05093205157875769,-0.05093196689255408,ff63ff6f44fe23c350c52789206c384fe3a6aa024b0a32242ef77e1e6867edcb,2026-10-07T15:19:19.392896+00:00
KRC,2026-06-18,36.810001373291016,35.71322250366211,2402100,0.0,0.018257256419190737,0.018257267368033236,0.018257256419190737,ff63ff6f44fe23c350c52789206c384fe3a6aa024b0a32242ef77e1e6867edcb,2026-10-07T15:19:19.392896+00:00
KRC,2026-06-22,37.0,35.89756393432617,1438100,0.0,0.0051616033583428145,0.005161713722281913,0.0051616033583428145,ff63ff6f44fe23c350c52789206c384fe3a6aa024b0a32242ef77e1e6867edcb,2026-10-07T15:19:19.392896+00:00
KRC,2026-06-23,37.20000076293945,36.09160614013672,906200,0.0,0.005405426025390625,0.005405442167762287,0.005405426025390625,ff63ff6f44fe23c350c52789206c384fe3a6aa024b0a32242ef77e1e6867edcb,2026-10-07T15:19:19.392896+00:00
KRC,2026-06-24,36.91999816894531,35.8199462890625,1340700,0.0,-0.00752695129708425,-0.007526953774775635,-0.00752695129708425,ff63ff6f44fe23c350c52789206c384fe3a6aa024b0a32242ef77e1e6867edcb,2026-10-07T15:19:19.392896+00:00
KRC,2026-06-25,37.5099983215332,36.392364501953125,1149200,0.0,0.015980503300353943,0.015980431915538995,0.015980503300353943,ff63ff6f44fe23c350c52789206c384fe3a6aa024b0a32242ef77e1e6867edcb,2026-10-07T15:19:19.392896+00:00
KRC,2026-06-26,38.040000915527344,36.90657424926758,1889000,0.0,0.014129635236210802,0.014129605326602457,0.014129635236210802,ff63ff6f44fe23c350c52789206c384fe3a6aa024b0a32242ef77e1e6867edcb,2026-10-07T15:19:19.392896+00:00
KRC,2026-06-29,38.400001525878906,37.25585174560547,1856200,0.0,0.00946373821470159,0.009463828692927834,0.00946373821470159,ff63ff6f44fe23c350c52789206c384fe3a6aa024b0a32242ef77e1e6867edcb,2026-10-07T15:19:19.392896+00:00
KRC,2026-06-30,37.470001220703125,36.872074127197266,1363100,0.54,-0.024218756984919043,-0.010301136611471251,-0.010156257543712632,ff63ff6f44fe23c350c52789206c384fe3a6aa024b0a32242ef77e1e6867edcb,2026-10-07T15:19:19.392896+00:00
KRC,2026-07-01,39.15999984741211,38.53510665893555,1844700,0.0,0.04510271074598249,0.045102766012059314,0.04510271074598249,ff63ff6f44fe23c350c52789206c384fe3a6aa024b0a32242ef77e1e6867edcb,2026-10-07T15:19:19.392896+00:00
KRC,2026-07-02,39.31999969482422,38.69255065917969,1473400,0.0,0.004085797958006898,0.004085728933817201,0.004085797958006898,ff63ff6f44fe23c350c52789206c384fe3a6aa024b0a32242ef77e1e6867edcb,2026-10-07T15:19:19.392896+00:00
KRC,2026-07-06,39.34000015258789,38.71223449707031,1147200,0.0,0.0005086586449365438,0.0005087242261181402,0.0005086586449365438,ff63ff6f44fe23c350c52789206c384fe3a6aa024b0a32242ef77e1e6867edcb,2026-10-07T15:19:19.392896+00:00
KRC,2026-07-07,38.79999923706055,38.180850982666016,933100,0.0,-0.013726510255029134,-0.013726500712442968,-0.013726510255029134,ff63ff6f44fe23c350c52789206c384fe3a6aa024b0a32242ef77e1e6867edcb,2026-10-07T15:19:19.392896+00:00
KRC,2026-07-08,38.34000015258789,37.72819137573242,1446600,0.0,-0.011855646740149384,-0.01185567097860385,-0.011855646740149384,ff63ff6f44fe23c350c52789206c384fe3a6aa024b0a32242ef77e1e6867edcb,2026-10-07T15:19:19.392896+00:00
KRC,2026-07-09,38.25,37.639625549316406,812000,0.0,-0.0023474218108946454,-0.0023474707688474483,-0.0023474218108946454,ff63ff6f44fe23c350c52789206c384fe3a6aa024b0a32242ef77e1e6867edcb,2026-10-07T15:19:19.392896+00:00
KRC,2026-07-10,38.400001525878906,37.787235260009766,608600,0.0,0.003921608519710018,0.003921657257189182,0.003921608519710018,ff63ff6f44fe23c350c52789206c384fe3a6aa024b0a32242ef77e1e6867edcb,2026-10-07T15:19:19.392896+00:00
KRC,2026-07-13,38.959999084472656,38.338294982910156,729700,0.0,0.014583269175558522,0.014583224178974952,0.014583269175558522,ff63ff6f44fe23c350c52789206c384fe3a6aa024b0a32242ef77e1e6867edcb,2026-10-07T15:19:19.392896+00:00
KRC,2026-07-14,39.439998626708984,38.81063461303711,879500,0.0,0.01232031708203074,0.012320308723627438,0.01232031708203074,ff63ff6f44fe23c350c52789206c384fe3a6aa024b0a32242ef77e1e6867edcb,2026-10-07T15:19:19.392896+00:00
KRC,2026-07-15,39.880001068115234,39.24361801147461,1355400,0.0,0.01115624890281497,0.011156308129320225,0.01115624890281497,ff63ff6f44fe23c350c52789206c384fe3a6aa024b0a32242ef77e1e6867edcb,2026-10-07T15:19:19.392896+00:00
KRC,2026-07-16,40.40999984741211,39.765159606933594,1344100,0.0,0.013289838643475216,0.013289844868699108,0.013289838643475216,ff63ff6f44fe23c350c52789206c384fe3a6aa024b0a32242ef77e1e6867edcb,2026-10-07T15:19:19.392896+00:00
KRC,2026-07-17,40.25,39.60771179199219,1590600,0.0,-0.003959412225099435,-0.003959441292270105,-0.003959412225099435,ff63ff6f44fe23c350c52789206c384fe3a6aa024b0a32242ef77e1e6867edcb,2026-10-07T15:19:19.392896+00:00
KRC,2026-07-20,39.63999938964844,39.0074462890625,1160700,0.0,-0.015155294667119512,-0.015155268400308008,-0.015155294667119512,ff63ff6f44fe23c350c52789206c384fe3a6aa024b0a32242ef77e1e6867edcb,2026-10-07T15:19:19.392896+00:00
KRC,2026-07-21,39.560001373291016,38.9287223815918,1509300,0.0,-0.0020181134608774354,-0.002018176398611793,-0.0020181134608774354,ff63ff6f44fe23c350c52789206c384fe3a6aa024b0a32242ef77e1e6867edcb,2026-10-07T15:19:19.392896+00:00
KRC,2026-07-22,38.650001525878906,38.03324508666992,1052300,0.0,-0.0230030287113816,-0.02300299727651267,-0.0230030287113816,ff63ff6f44fe23c350c52789206c384fe3a6aa024b0a32242ef77e1e6867edcb,2026-10-07T15:19:19.392896+00:00
KRC,2026-07-23,38.349998474121094,37.73802947998047,1201700,0.0,-0.007762045017176478,-0.007762040972752016,-0.007762045017176478,ff63ff6f44fe23c350c52789206c384fe3a6aa024b0a32242ef77e1e6867edcb,2026-10-07T15:19:19.392896+00:00
KRC,2026-07-24,39.41999816894531,38.79095458984375,1624000,0.0,0.027900905799155717,0.027900903263161636,0.027900905799155717,ff63ff6f44fe23c350c52789206c384fe3a6aa024b0a32242ef77e1e6867edcb,2026-10-07T15:19:19.392896+00:00
KRC,2026-07-27,39.40999984741211,38.7811164855957,1574400,0.0,-0.00025363576858505876,-0.00025361851369909427,-0.00025363576858505876,ff63ff6f44fe23c350c52789206c384fe3a6aa024b0a32242ef77e1e6867edcb,2026-10-07T15:19:19.392896+00:00
KRC,2026-07-28,38.65999984741211,38.04308319091797,3511700,0.0,-0.019030702940975752,-0.019030738708924466,-0.019030702940975752,ff63ff6f44fe23c350c52789206c384fe3a6aa024b0a32242ef77e1e6867edcb,2026-10-07T15:19:19.392896+00:00
KRC,2026-07-29,39.43000030517578,38.80079650878906,1600800,0.0,0.019917239027490874,0.019917242618547437,0.019917239027490874,ff63ff6f44fe23c350c52789206c384fe3a6aa024b0a32242ef77e1e6867edcb,2026-10-07T15:19:19.392896+00:00
KRC,2026-07-30,39.540000915527344,38.90904235839844,1267500,0.0,0.002789769452198554,0.0027897842144775087,0.002789769452198554,ff63ff6f44fe23c350c52789206c384fe3a6aa024b0a32242ef77e1e6867edcb,2026-10-07T15:19:19.392896+00:00
KRC,2026-07-31,38.81999969482422,38.200531005859375,1104400,0.0,-0.01820943864521718,-0.01820942664208569,-0.01820943864521718,ff63ff6f44fe23c350c52789206c384fe3a6aa024b0a32242ef77e1e6867edcb,2026-10-07T15:19:19.392896+00:00
KRC,2026-08-03,39.0,38.37765884399414,932300,0.0,0.004636793060041722,0.004636789946914632,0.004636793060041722,ff63ff6f44fe23c350c52789206c384fe3a6aa024b0a32242ef77e1e6867edcb,2026-10-07T15:19:19.392896+00:00
KRC,2026-08-04,39.36000061035156,38.73191452026367,809200,0.0,0.009230784880809306,0.009230778711895482,0.009230784880809306,ff63ff6f44fe23c350c52789206c384fe3a6aa024b0a32242ef77e1e6867edcb,2026-10-07T15:19:19.392896+00:00
KRC,2026-08-05,38.650001525878906,38.03324508666992,1688400,0.0,-0.018038594346106995,-0.018038597943001777,-0.018038594346106995,ff63ff6f44fe23c350c52789206c384fe3a6aa024b0a32242ef77e1e6867edcb,2026-10-07T15:19:19.392896+00:00
KRC,2026-08-06,37.279998779296875,36.68510437011719,1046300,0.0,-0.03544638272949918,-0.035446376281608405,-0.03544638272949918,ff63ff6f44fe23c350c52789206c384fe3a6aa024b0a32242ef77e1e6867edcb,2026-10-07T15:19:19.392896+00:00
KRC,2026-08-07,37.970001220703125,37.364097595214844,916200,0.0,0.018508649785402786,0.018508690018904428,0.018508649785402786,ff63ff6f44fe23c350c52789206c384fe3a6aa024b0a32242ef77e1e6867edcb,2026-10-07T15:19:19.392896+00:00
KRC,2026-08-10,37.150001525878906,36.55718231201172,833900,0.0,-0.02159598810803076,-0.02159600619677393,-0.02159598810803076,ff63ff6f44fe23c350c52789206c384fe3a6aa024b0a32242ef77e1e6867edcb,2026-10-07T15:19:19.392896+00:00
KRC,2026-08-11,36.439998626708984,35.8585090637207,1126900,0.0,-0.01911178654125567,-0.019111791557891777,-0.01911178654125567,ff63ff6f44fe23c350c52789206c384fe3a6aa024b0a32242ef77e1e6867edcb,2026-10-07T15:19:19.392896+00:00
KRC,2026-08-12,36.2400016784668,35.66170120239258,1267400,0.0,-0.005488390663538567,-0.005488456337612857,-0.005488390663538567,ff63ff6f44fe23c350c52789206c384fe3a6aa024b0a32242ef77e1e6867edcb,2026-10-07T15:19:19.392896+00:00
KRC,2026-08-13,37.0,36.40957260131836,1242900,0.0,0.020971255141656986,0.020971276571505992,0.020971255141656986,ff63ff6f44fe23c350c52789206c384fe3a6aa024b0a32242ef77e1e6867edcb,2026-10-07T15:19:19.392896+00:00
KRC,2026-08-14,36.310001373291016,35.730587005615234,881300,0.0,-0.018648611532675274,-0.01864854617047984,-0.018648611532675274,ff63ff6f44fe23c350c52789206c384fe3a6aa024b0a32242ef77e1e6867edcb,2026-10-07T15:19:19.392896+00:00
KRC,2026-08-17,36.029998779296875,35.45505142211914,1388800,0.0,-0.007711445425615082,-0.007711476541171658,-0.007711445425615082,ff63ff6f44fe23c350c52789206c384fe3a6aa024b0a32242ef77e1e6867edcb,2026-10-07T15:19:19.392896+00:00
KRC,2026-08-18,36.15999984741211,35.582977294921875,1196500,0.0,0.0036081341248874743,0.0036081141521888682,0.0036081341248874743,ff63ff6f44fe23c350c52789206c384fe3a6aa024b0a32242ef77e1e6867edcb,2026-10-07T15:19:19.392896+00:00
KRC,2026-08-19,36.7599983215332,36.17340087890625,1161600,0.0,0.01659287822602229,0.016592866276781137,0.01659287822602229,ff63ff6f44fe23c350c52789206c384fe3a6aa024b0a32242ef77e1e6867edcb,2026-10-07T15:19:19.392896+00:00
KRC,2026-08-20,36.7599983215332,36.17340087890625,925300,0.0,0.0,0.0,0.0,ff63ff6f44fe23c350c52789206c384fe3a6aa024b0a32242ef77e1e6867edcb,2026-10-07T15:19:19.392896+00:00
KRC,2026-08-21,36.58000183105469,35.99627685546875,738000,0.0,-0.004896531520597991,-0.004896526705643112,-0.004896531520597991,ff63ff6f44fe23c350c52789206c384fe3a6aa024b0a32242ef77e1e6867edcb,2026-10-07T15:19:19.392896+00:00
KRC,2026-08-24,36.880001068115234,36.29148864746094,949900,0.0,0.0082011815758265,0.008201175726520571,0.0082011815758265,ff63ff6f44fe23c350c52789206c384fe3a6aa024b0a32242ef77e1e6867edcb,2026-10-07T15:19:19.392896+00:00
KRC,2026-08-25,37.20000076293945,36.60638427734375,817700,0.0,0.00867678106172498,0.008676845222353347,0.00867678106172498,ff63ff6f44fe23c350c52789206c384fe3a6aa024b0a32242ef77e1e6867edcb,2026-10-07T15:19:19.392896+00:00
KRC,2026-08-26,36.83000183105469,36.242286682128906,1121100,0.0,-0.009946207642376637,-0.009946286758514722,-0.009946207642376637,ff63ff6f44fe23c350c52789206c384fe3a6aa024b0a32242ef77e1e6867edcb,2026-10-07T15:19:19.392896+00:00
KRC,2026-08-27,36.689998626708984,36.10451889038086,749400,0.0,-0.0038013357965042127,-0.003801299651878254,-0.0038013357965042127,ff63ff6f44fe23c350c52789206c384fe3a6aa024b0a32242ef77e1e6867edcb,2026-10-07T15:19:19.392896+00:00
KRC,2026-08-28,36.209999084472656,35.632179260253906,724900,0.0,-0.013082571823453404,-0.013082562644334161,-0.013082571823453404,ff63ff6f44fe23c350c52789206c384fe3a6aa024b0a32242ef77e1e6867edcb,2026-10-07T15:19:19.392896+00:00
KRC,2026-08-31,36.29999923706055,35.720741271972656,1496500,0.0,0.0024855055195647235,0.0024854503304976294,0.0024855055195647235,ff63ff6f44fe23c350c52789206c384fe3a6aa024b0a32242ef77e1e6867edcb,2026-10-07T15:19:19.392896+00:00
KRC,2026-09-01,36.220001220703125,35.64202117919922,1264400,0.0,-0.0022038021498289595,-0.0022037642548925485,-0.0022038021498289595,ff63ff6f44fe23c350c52789206c384fe3a6aa024b0a32242ef77e1e6867edcb,2026-10-07T15:19:19.392896+00:00
KRC,2026-09-02,36.470001220703125,35.888031005859375,1246600,0.0,0.006902263709949841,0.006902241189501668,0.006902263709949841,ff63ff6f44fe23c350c52789206c384fe3a6aa024b0a32242ef77e1e6867edcb,2026-10-07T15:19:19.392896+00:00
KRC,2026-09-03,36.959999084472656,36.37021255493164,1104600,0.0,0.013435641551099664,0.01343572036575491,0.013435641551099664,ff63ff6f44fe23c350c52789206c384fe3a6aa024b0a32242ef77e1e6867edcb,2026-10-07T15:19:19.392896+00:00
KRC,2026-09-04,37.13999938964844,36.547340393066406,1216300,0.0,0.00487013824768745,0.004870134807907434,0.00487013824768745,ff63ff6f44fe23c350c52789206c384fe3a6aa024b0a32242ef77e1e6867edcb,2026-10-07T15:19:19.392896+00:00
KRC,2026-09-08,36.150001525878906,35.57313919067383,1361200,0.0,-0.026655839527166547,-0.02665587131416547,-0.026655839527166547,ff63ff6f44fe23c350c52789206c384fe3a6aa024b0a32242ef77e1e6867edcb,2026-10-07T15:19:19.392896+00:00
KRC,2026-09-09,35.279998779296875,34.717018127441406,1516400,0.0,-0.024066465003029558,-0.024066503061300537,-0.024066465003029558,ff63ff6f44fe23c350c52789206c384fe3a6aa024b0a32242ef77e1e6867edcb,2026-10-07T15:19:19.392896+00:00
KRC,2026-09-10,34.849998474121094,34.293880462646484,1066600,0.0,-0.012188217688604785,-0.012188191487000455,-0.012188217688604785,ff63ff6f44fe23c350c52789206c384fe3a6aa024b0a32242ef77e1e6867edcb,2026-10-07T15:19:19.392896+00:00
KRC,2026-09-11,34.900001525878906,34.34308624267578,1077600,0.0,0.0014348078607504533,0.0014348268369015482,0.0014348078607504533,ff63ff6f44fe23c350c52789206c384fe3a6aa024b0a32242ef77e1e6867edcb,2026-10-07T15:19:19.392896+00:00
KRC,2026-09-14,34.90999984741211,34.35292434692383,1138200,0.0,0.0002864848451593627,0.00028646535079945856,0.0002864848451593627,ff63ff6f44fe23c350c52789206c384fe3a6aa024b0a32242ef77e1e6867edcb,2026-10-07T15:19:19.392896+00:00
KRC,2026-09-15,34.5,33.949466705322266,1398900,0.0,-0.011744481501122173,-0.011744491896151787,-0.011744481501122173,ff63ff6f44fe23c350c52789206c384fe3a6aa024b0a32242ef77e1e6867edcb,2026-10-07T15:19:19.392896+00:00
KRC,2026-09-16,34.41999816894531,33.87074279785156,2125000,0.0,-0.0023188936537590354,-0.0023188554964358454,-0.0023188936537590354,ff63ff6f44fe23c350c52789206c384fe3a6aa024b0a32242ef77e1e6867edcb,2026-10-07T15:19:19.392896+00:00
KRC,2026-09-17,34.41999816894531,33.87074279785156,1829000,0.0,0.0,0.0,0.0,ff63ff6f44fe23c350c52789206c384fe3a6aa024b0a32242ef77e1e6867edcb,2026-10-07T15:19:19.392896+00:00
KRC,2026-09-18,34.22999954223633,33.68377685546875,3749500,0.0,-0.005520006880198158,-0.0055199835296990685,-0.005520006880198158,ff63ff6f44fe23c350c52789206c384fe3a6aa024b0a32242ef77e1e6867edcb,2026-10-07T15:19:19.392896+00:00
KRC,2026-09-21,34.59000015258789,34.03803253173828,1182900,0.0,0.010517108243234263,0.010517100792752032,0.010517108243234263,ff63ff6f44fe23c350c52789206c384fe3a6aa024b0a32242ef77e1e6867edcb,2026-10-07T15:19:19.392896+00:00
KRC,2026-09-22,34.7400016784668,34.185638427734375,1410900,0.0,0.0043365575373575105,0.0043364990575898155,0.0043365575373575105,ff63ff6f44fe23c350c52789206c384fe3a6aa024b0a32242ef77e1e6867edcb,2026-10-07T15:19:19.392896+00:00
KRC,2026-09-23,34.040000915527344,33.49680709838867,1215900,0.0,-0.020149704349995523,-0.020149728395502553,-0.020149704349995523,ff63ff6f44fe23c350c52789206c384fe3a6aa024b0a32242ef77e1e6867edcb,2026-10-07T15:19:19.392896+00:00
KRC,2026-09-24,34.04999923706055,33.506649017333984,1036900,0.0,0.00029372271634220404,0.00029381662904182093,0.00029372271634220404,ff63ff6f44fe23c350c52789206c384fe3a6aa024b0a32242ef77e1e6867edcb,2026-10-07T15:19:19.392896+00:00
KRC,2026-09-25,34.22999954223633,33.68377685546875,1062700,0.0,0.005286352693361085,0.0052863489286301135,0.005286352693361085,ff63ff6f44fe23c350c52789206c384fe3a6aa024b0a32242ef77e1e6867edcb,2026-10-07T15:19:19.392896+00:00
KRC,2026-09-28,33.91999816894531,33.378719329833984,1489100,0.0,-0.00905642353014069,-0.009056511891279762,-0.00905642353014069,ff63ff6f44fe23c350c52789206c384fe3a6aa024b0a32242ef77e1e6867edcb,2026-10-07T15:19:19.392896+00:00
KRC,2026-09-29,33.84000015258789,33.29999923706055,1435800,0.0,-0.0023584322133207714,-0.0023583916445553132,-0.0023584322133207714,ff63ff6f44fe23c350c52789206c384fe3a6aa024b0a32242ef77e1e6867edcb,2026-10-07T15:19:19.392896+00:00
KRC,2026-09-30,33.27000045776367,33.27000045776367,1608400,0.54,-0.016843962537057777,-0.0009008642637892139,-0.0008865158005008089,ff63ff6f44fe23c350c52789206c384fe3a6aa024b0a32242ef77e1e6867edcb,2026-10-07T15:19:19.392896+00:00
KRC,2026-10-01,33.29999923706055,33.29999923706055,1250300,0.0,0.0009016765519722636,0.0009016765519722636,0.0009016765519722636,ff63ff6f44fe23c350c52789206c384fe3a6aa024b0a32242ef77e1e6867edcb,2026-10-07T15:19:19.392896+00:00
KRC,2026-10-02,33.630001068115234,33.630001068115234,1340900,0.0,0.009909965123585218,0.009909965123585218,0.009909965123585218,ff63ff6f44fe23c350c52789206c384fe3a6aa024b0a32242ef77e1e6867edcb,2026-10-07T15:19:19.392896+00:00
KRC,2026-10-05,33.279998779296875,33.279998779296875,1266300,0.0,-0.01040744209640243,-0.01040744209640243,-0.01040744209640243,ff63ff6f44fe23c350c52789206c384fe3a6aa024b0a32242ef77e1e6867edcb,2026-10-07T15:19:19.392896+00:00
KRC,2026-10-06,33.900001525878906,33.900001525878906,925000,0.0,0.0186298909051561,0.0186298909051561,0.0186298909051561,ff63ff6f44fe23c350c52789206c384fe3a6aa024b0a32242ef77e1e6867edcb,2026-10-07T15:19:19.392896+00:00
KRE,2024-01-02,52.599998474121094,48.8991813659668,14000900,0.0,,,,b946fb0f088a230d10f1d865b93570b485771320517a4c44880c3e6d6a81c18b,2026-10-07T15:19:19.758807+00:00
KRE,2024-01-03,50.869998931884766,47.29090118408203,14163700,0.0,-0.03288972609167429,-0.032889715879867665,-0.03288972609167429,b946fb0f088a230d10f1d865b93570b485771320517a4c44880c3e6d6a81c18b,2026-10-07T15:19:19.758807+00:00
KRE,2024-01-04,51.119998931884766,47.523311614990234,9241600,0.0,0.00491448801354899,0.004914485135386393,0.00491448801354899,b946fb0f088a230d10f1d865b93570b485771320517a4c44880c3e6d6a81c18b,2026-10-07T15:19:19.758807+00:00
KRE,2024-01-05,51.72999954223633,48.09040069580078,15495400,0.0,0.011932719544152537,0.0119328611904157,0.011932719544152537,b946fb0f088a230d10f1d865b93570b485771320517a4c44880c3e6d6a81c18b,2026-10-07T15:19:19.758807+00:00
KRE,2024-01-08,52.209999084472656,48.536624908447266,11227800,0.0,0.009278939618865056,0.009278862438038438,0.009278939618865056,b946fb0f088a230d10f1d865b93570b485771320517a4c44880c3e6d6a81c18b,2026-10-07T15:19:19.758807+00:00
KRE,2024-01-09,51.619998931884766,47.988136291503906,8413700,0.0,-0.01130052026304973,-0.011300510037069,-0.01130052026304973,b946fb0f088a230d10f1d865b93570b485771320517a4c44880c3e6d6a81c18b,2026-10-07T15:19:19.758807+00:00
KRE,2024-01-10,51.7400016784668,48.09969711303711,11949800,0.0,0.0023247336122649287,0.0023247583706007546,0.0023247336122649287,b946fb0f088a230d10f1d865b93570b485771320517a4c44880c3e6d6a81c18b,2026-10-07T15:19:19.758807+00:00
KRE,2024-01-11,51.060001373291016,47.46753692626953,16711000,0.0,-0.01314264173011781,-0.013142706185487296,-0.01314264173011781,b946fb0f088a230d10f1d865b93570b485771320517a4c44880c3e6d6a81c18b,2026-10-07T15:19:19.758807+00:00
KRE,2024-01-12,50.38999938964844,46.844669342041016,17936500,0.0,-0.013121855965970486,-0.01312196976211355,-0.013121855965970486,b946fb0f088a230d10f1d865b93570b485771320517a4c44880c3e6d6a81c18b,2026-10-07T15:19:19.758807+00:00
KRE,2024-01-16,49.540000915527344,46.05447769165039,14606500,0.0,-0.01686839619799063,-0.016868336600285527,-0.01686839619799063,b946fb0f088a230d10f1d865b93570b485771320517a4c44880c3e6d6a81c18b,2026-10-07T15:19:19.758807+00:00
KRE,2024-01-17,49.33000183105469,45.859256744384766,14409900,0.0,-0.004238980229950617,-0.004238913500934527,-0.004238980229950617,b946fb0f088a230d10f1d865b93570b485771320517a4c44880c3e6d6a81c18b,2026-10-07T15:19:19.758807+00:00
KRE,2024-01-18,49.77000045776367,46.2682991027832,13341100,0.0,0.008919493419357494,0.008919515653696752,0.008919493419357494,b946fb0f088a230d10f1d865b93570b485771320517a4c44880c3e6d6a81c18b,2026-10-07T15:19:19.758807+00:00
KRE,2024-01-19,51.029998779296875,47.439640045166016,21027500,0.0,0.025316421738884154,0.025316274103371006,0.025316421738884154,b946fb0f088a230d10f1d865b93570b485771320517a4c44880c3e6d6a81c18b,2026-10-07T15:19:19.758807+00:00
KRE,2024-01-22,52.15999984741211,48.49013900756836,15259100,0.0,0.022143858419484852,0.022143906686521886,0.022143858419484852,b946fb0f088a230d10f1d865b93570b485771320517a4c44880c3e6d6a81c18b,2026-10-07T15:19:19.758807+00:00
KRE,2024-01-23,51.65999984741211,48.02532196044922,10633400,0.0,-0.009585889598594521,-0.009585805622182142,-0.009585889598594521,b946fb0f088a230d10f1d865b93570b485771320517a4c44880c3e6d6a81c18b,2026-10-07T15:19:19.758807+00:00
KRE,2024-01-24,52.2599983215332,48.583106994628906,11708800,0.0,0.01161437235565832,0.011614394477959866,0.01161437235565832,b946fb0f088a230d10f1d865b93570b485771320517a4c44880c3e6d6a81c18b,2026-10-07T15:19:19.758807+00:00
KRE,2024-01-25,51.939998626708984,48.28562545776367,12409800,0.0,-0.006123224360923274,-0.006123147638501636,-0.006123224360923274,b946fb0f088a230d10f1d865b93570b485771320517a4c44880c3e6d6a81c18b,2026-10-07T15:19:19.758807+00:00
KRE,2024-01-26,52.130001068115234,48.46225357055664,10042100,0.0,0.0036581141014613294,0.003657985396657404,0.0036581141014613294,b946fb0f088a230d10f1d865b93570b485771320517a4c44880c3e6d6a81c18b,2026-10-07T15:19:19.758807+00:00
KRE,2024-01-29,53.0,49.271034240722656,7353200,0.0,0.016689025782830713,0.01668887867520441,0.016689025782830713,b946fb0f088a230d10f1d865b93570b485771320517a4c44880c3e6d6a81c18b,2026-10-07T15:19:19.758807+00:00
KRE,2024-01-30,52.790000915527344,49.0758171081543,7191300,0.0,-0.003962246876842546,-0.003962107464896891,-0.003962246876842546,b946fb0f088a230d10f1d865b93570b485771320517a4c44880c3e6d6a81c18b,2026-10-07T15:19:19.758807+00:00
KRE,2024-01-31,49.70000076293945,46.20322799682617,41412700,0.0,-0.05853381509752953,-0.05853369909251749,-0.05853381509752953,b946fb0f088a230d10f1d865b93570b485771320517a4c44880c3e6d6a81c18b,2026-10-07T15:19:19.758807+00:00
KRE,2024-02-01,48.150001525878906,44.76228332519531,56445900,0.0,-0.031187106906774065,-0.03118709956217436,-0.031187106906774065,b946fb0f088a230d10f1d865b93570b485771320517a4c44880c3e6d6a81c18b,2026-10-07T15:19:19.758807+00:00
KRE,2024-02-02,48.369998931884766,44.966796875,32986700,0.0,0.0045690010183616625,0.00456888108944109,0.0045690010183616625,b946fb0f088a230d10f1d865b93570b485771320517a4c44880c3e6d6a81c18b,2026-10-07T15:19:19.758807+00:00
KRE,2024-02-05,47.56999969482422,44.223087310791016,19075200,0.0,-0.01653916176816783,-0.0165390825207401,-0.01653916176816783,b946fb0f088a230d10f1d865b93570b485771320517a4c44880c3e6d6a81c18b,2026-10-07T15:19:19.758807+00:00
KRE,2024-02-06,46.970001220703125,43.66529846191406,21376300,0.0,-0.012612959385542633,-0.012613068937429084,-0.012612959385542633,b946fb0f088a230d10f1d865b93570b485771320517a4c44880c3e6d6a81c18b,2026-10-07T15:19:19.758807+00:00
KRE,2024-02-07,46.849998474121094,43.55373764038086,31815000,0.0,-0.0025548806357947873,-0.002554908026805469,-0.0025548806357947873,b946fb0f088a230d10f1d865b93570b485771320517a4c44880c3e6d6a81c18b,2026-10-07T15:19:19.758807+00:00
KRE,2024-02-08,47.040000915527344,43.730377197265625,12579800,0.0,0.004055548507887474,0.004055669305428111,0.004055548507887474,b946fb0f088a230d10f1d865b93570b485771320517a4c44880c3e6d6a81c18b,2026-10-07T15:19:19.758807+00:00
KRE,2024-02-09,47.869998931884766,44.501976013183594,15012100,0.0,0.017644515310446085,0.017644458277533692,0.017644515310446085,b946fb0f088a230d10f1d865b93570b485771320517a4c44880c3e6d6a81c18b,2026-10-07T15:19:19.758807+00:00
KRE,2024-02-12,48.900001525878906,45.45950698852539,17284200,0.0,0.021516662146989995,0.02151659456780375,0.021516662146989995,b946fb0f088a230d10f1d865b93570b485771320517a4c44880c3e6d6a81c18b,2026-10-07T15:19:19.758807+00:00
KRE,2024-02-13,46.83000183105469,43.53514862060547,28242600,0.0,-0.04233128078183657,-0.04233126347819072,-0.04233128078183657,b946fb0f088a230d10f1d865b93570b485771320517a4c44880c3e6d6a81c18b,2026-10-07T15:19:19.758807+00:00
KRE,2024-02-14,47.70000076293945,44.34393310546875,12475400,0.0,0.01857781118658508,0.018577735702973497,0.01857781118658508,b946fb0f088a230d10f1d865b93570b485771320517a4c44880c3e6d6a81c18b,2026-10-07T15:19:19.758807+00:00
KRE,2024-02-15,49.220001220703125,45.756996154785156,17792800,0.0,0.031865837179286594,0.03186598369512117,0.031865837179286594,b946fb0f088a230d10f1d865b93570b485771320517a4c44880c3e6d6a81c18b,2026-10-07T15:19:19.758807+00:00
KRE,2024-02-16,48.709999084472656,45.282875061035156,11129600,0.0,-0.01036168475379784,-0.01036171806702868,-0.01036168475379784,b946fb0f088a230d10f1d865b93570b485771320517a4c44880c3e6d6a81c18b,2026-10-07T15:19:19.758807+00:00
KRE,2024-02-20,48.33000183105469,44.92961502075195,9229900,0.0,-0.007801216599470195,-0.007801183997417471,-0.007801216599470195,b946fb0f088a230d10f1d865b93570b485771320517a4c44880c3e6d6a81c18b,2026-10-07T15:19:19.758807+00:00
KRE,2024-02-21,48.0099983215332,44.63212966918945,10389000,0.0,-0.006621218650893268,-0.006621141788664353,-0.006621218650893268,b946fb0f088a230d10f1d865b93570b485771320517a4c44880c3e6d6a81c18b,2026-10-07T15:19:19.758807+00:00
KRE,2024-02-22,47.970001220703125,44.59494400024414,9548300,0.0,-0.0008330994007166304,-0.0008331591887039691,-0.0008330994007166304,b946fb0f088a230d10f1d865b93570b485771320517a4c44880c3e6d6a81c18b,2026-10-07T15:19:19.758807+00:00
KRE,2024-02-23,47.869998931884766,44.501976013183594,12470200,0.0,-0.0020846838914651,-0.0020847203454283925,-0.0020846838914651,b946fb0f088a230d10f1d865b93570b485771320517a4c44880c3e6d6a81c18b,2026-10-07T15:19:19.758807+00:00
KRE,2024-02-26,47.41999816894531,44.08363723754883,9552300,0.0,-0.009400475725511725,-0.009400453937389974,-0.009400475725511725,b946fb0f088a230d10f1d865b93570b485771320517a4c44880c3e6d6a81c18b,2026-10-07T15:19:19.758807+00:00
KRE,2024-02-27,48.0099983215332,44.63212966918945,10064000,0.0,0.012442011289959698,0.012442086588386969,0.012442011289959698,b946fb0f088a230d10f1d865b93570b485771320517a4c44880c3e6d6a81c18b,2026-10-07T15:19:19.758807+00:00
KRE,2024-02-28,47.4900016784668,44.14870834350586,7778500,0.0,-0.01083100731609854,-0.010831240392665142,-0.01083100731609854,b946fb0f088a230d10f1d865b93570b485771320517a4c44880c3e6d6a81c18b,2026-10-07T15:19:19.758807+00:00
KRE,2024-02-29,48.13999938964844,44.75297546386719,11926300,0.0,0.013687043339827287,0.013687084923521109,0.013687043339827287,b946fb0f088a230d10f1d865b93570b485771320517a4c44880c3e6d6a81c18b,2026-10-07T15:19:19.758807+00:00
KRE,2024-03-01,47.61000061035156,44.26027297973633,15632100,0.0,-0.011009530245462362,-0.011009379354645521,-0.011009530245462362,b946fb0f088a230d10f1d865b93570b485771320517a4c44880c3e6d6a81c18b,2026-10-07T15:19:19.758807+00:00
KRE,2024-03-04,47.599998474121094,44.25096893310547,17467200,0.0,-0.00021008477425421557,-0.00021021213843663844,-0.00021008477425421557,b946fb0f088a230d10f1d865b93570b485771320517a4c44880c3e6d6a81c18b,2026-10-07T15:19:19.758807+00:00
KRE,2024-03-05,49.52000045776367,46.035888671875,22949200,0.0,0.04033617741997264,0.04033628600241057,0.04033617741997264,b946fb0f088a230d10f1d865b93570b485771320517a4c44880c3e6d6a81c18b,2026-10-07T15:19:19.758807+00:00
KRE,2024-03-06,49.459999084472656,45.98011016845703,52019100,0.0,-0.001211659384821484,-0.0012116308607733606,-0.001211659384821484,b946fb0f088a230d10f1d865b93570b485771320517a4c44880c3e6d6a81c18b,2026-10-07T15:19:19.758807+00:00
KRE,2024-03-07,49.529998779296875,46.04518508911133,14643200,0.0,0.0014152789348957917,0.0014152841395089766,0.0014152789348957917,b946fb0f088a230d10f1d865b93570b485771320517a4c44880c3e6d6a81c18b,2026-10-07T15:19:19.758807+00:00
KRE,2024-03-08,49.56999969482422,46.082366943359375,12077300,0.0,0.0008076098629758999,0.0008075079766991511,0.0008076098629758999,b946fb0f088a230d10f1d865b93570b485771320517a4c44880c3e6d6a81c18b,2026-10-07T15:19:19.758807+00:00
KRE,2024-03-11,49.31999969482422,45.84995651245117,11180100,0.0,-0.005043373038916998,-0.005043370085435539,-0.005043373038916998,b946fb0f088a230d10f1d865b93570b485771320517a4c44880c3e6d6a81c18b,2026-10-07T15:19:19.758807+00:00
KRE,2024-03-12,48.83000183105469,45.394432067871094,12941300,0.0,-0.009935074347150796,-0.00993511181316764,-0.009935074347150796,b946fb0f088a230d10f1d865b93570b485771320517a4c44880c3e6d6a81c18b,2026-10-07T15:19:19.758807+00:00
KRE,2024-03-13,48.880001068115234,45.44091796875,7639800,0.0,0.0010239450171134479,0.0010240441120488164,0.0010239450171134479,b946fb0f088a230d10f1d865b93570b485771320517a4c44880c3e6d6a81c18b,2026-10-07T15:19:19.758807+00:00
KRE,2024-03-14,47.61000061035156,44.26027297973633,19138600,0.0,-0.025982005523975005,-0.025981979277478695,-0.025982005523975005,b946fb0f088a230d10f1d865b93570b485771320517a4c44880c3e6d6a81c18b,2026-10-07T15:19:19.758807+00:00
KRE,2024-03-15,47.86000061035156,44.49268341064453,13877200,0.0,0.005250997622244125,0.005250994068983994,0.005250997622244125,b946fb0f088a230d10f1d865b93570b485771320517a4c44880c3e6d6a81c18b,2026-10-07T15:19:19.758807+00:00
KRE,2024-03-18,47.18000030517578,44.210628509521484,7760400,0.379,-0.014208113173920567,-0.006339354687147636,-0.00628918306178794,b946fb0f088a230d10f1d865b93570b485771320517a4c44880c3e6d6a81c18b,2026-10-07T15:19:19.758807+00:00
KRE,2024-03-19,47.34000015258789,44.36054992675781,7537500,0.0,0.0033912642301223705,0.0033910718370366855,0.0033912642301223705,b946fb0f088a230d10f1d865b93570b485771320517a4c44880c3e6d6a81c18b,2026-10-07T15:19:19.758807+00:00
KRE,2024-03-20,48.81999969482422,45.74740982055664,18005200,0.0,0.031263192595393896,0.03126336116411155,0.031263192595393896,b946fb0f088a230d10f1d865b93570b485771320517a4c44880c3e6d6a81c18b,2026-10-07T15:19:19.758807+00:00
KRE,2024-03-21,49.540000915527344,46.422096252441406,13328100,0.0,0.014748079172549833,0.014748079389220292,0.014748079172549833,b946fb0f088a230d10f1d865b93570b485771320517a4c44880c3e6d6a81c18b,2026-10-07T15:19:19.758807+00:00
KRE,2024-03-22,48.470001220703125,45.41943359375,10917100,0.0,-0.021598701555309185,-0.021598823397353084,-0.021598701555309185,b946fb0f088a230d10f1d865b93570b485771320517a4c44880c3e6d6a81c18b,2026-10-07T15:19:19.758807+00:00
KRE,2024-03-25,48.540000915527344,45.48503494262695,7018500,0.0,0.0014441859513367739,0.0014443453756758373,0.0014441859513367739,b946fb0f088a230d10f1d865b93570b485771320517a4c44880c3e6d6a81c18b,2026-10-07T15:19:19.758807+00:00
KRE,2024-03-26,48.2400016784668,45.20391082763672,5388900,0.0,-0.006180453881379777,-0.006180584786728893,-0.006180453881379777,b946fb0f088a230d10f1d865b93570b485771320517a4c44880c3e6d6a81c18b,2026-10-07T15:19:19.758807+00:00
KRE,2024-03-27,50.02000045776367,46.871883392333984,12925800,0.0,0.03689881254899352,0.03689885530164139,0.03689881254899352,b946fb0f088a230d10f1d865b93570b485771320517a4c44880c3e6d6a81c18b,2026-10-07T15:19:19.758807+00:00
KRE,2024-03-28,50.279998779296875,47.115516662597656,10248700,0.0,0.0051978872281848165,0.00519785535870998,0.0051978872281848165,b946fb0f088a230d10f1d865b93570b485771320517a4c44880c3e6d6a81c18b,2026-10-07T15:19:19.758807+00:00
KRE,2024-04-01,49.290000915527344,46.18782424926758,10704500,0.0,-0.01968969546151167,-0.019689742977317737,-0.01968969546151167,b946fb0f088a230d10f1d865b93570b485771320517a4c44880c3e6d6a81c18b,2026-10-07T15:19:19.758807+00:00
KRE,2024-04-02,48.380001068115234,45.33510208129883,11015200,0.0,-0.018462159271850243,-0.01846205535395562,-0.018462159271850243,b946fb0f088a230d10f1d865b93570b485771320517a4c44880c3e6d6a81c18b,2026-10-07T15:19:19.758807+00:00
KRE,2024-04-03,48.279998779296875,45.24139404296875,8818000,0.0,-0.002067017085790601,-0.002067008433377593,-0.002067017085790601,b946fb0f088a230d10f1d865b93570b485771320517a4c44880c3e6d6a81c18b,2026-10-07T15:19:19.758807+00:00
KRE,2024-04-04,48.18000030517578,45.14768981933594,11684100,0.0,-0.0020712194832112063,-0.002071205488137995,-0.0020712194832112063,b946fb0f088a230d10f1d865b93570b485771320517a4c44880c3e6d6a81c18b,2026-10-07T15:19:19.758807+00:00
KRE,2024-04-05,48.209999084472656,45.17580032348633,7787000,0.0,0.0006226396659787525,0.0006226343864521589,0.0006226396659787525,b946fb0f088a230d10f1d865b93570b485771320517a4c44880c3e6d6a81c18b,2026-10-07T15:19:19.758807+00:00
KRE,2024-04-08,49.029998779296875,45.94418716430664,7391200,0.0,0.017008913304217943,0.017008815235550756,0.017008913304217943,b946fb0f088a230d10f1d865b93570b485771320517a4c44880c3e6d6a81c18b,2026-10-07T15:19:19.758807+00:00
KRE,2024-04-09,49.349998474121094,46.24404525756836,8462400,0.0,0.006526610295559232,0.0065265730393566646,0.006526610295559232,b946fb0f088a230d10f1d865b93570b485771320517a4c44880c3e6d6a81c18b,2026-10-07T15:19:19.758807+00:00
KRE,2024-04-10,46.900001525878906,43.94824981689453,28179100,0.0,-0.04964532976686831,-0.04964521221893092,-0.04964532976686831,b946fb0f088a230d10f1d865b93570b485771320517a4c44880c3e6d6a81c18b,2026-10-07T15:19:19.758807+00:00
KRE,2024-04-11,46.939998626708984,43.9857292175293,13807200,0.0,0.0008528166210828303,0.0008528075814377978,0.0008528166210828303,b946fb0f088a230d10f1d865b93570b485771320517a4c44880c3e6d6a81c18b,2026-10-07T15:19:19.758807+00:00
KRE,2024-04-12,46.52000045776367,43.592159271240234,12978100,0.0,-0.008947553924859575,-0.008947673558910019,-0.008947553924859575,b946fb0f088a230d10f1d865b93570b485771320517a4c44880c3e6d6a81c18b,2026-10-07T15:19:19.758807+00:00
KRE,2024-04-15,46.34000015258789,43.42349624633789,19878400,0.0,-0.0038693100473893294,-0.0038691137975727097,-0.0038693100473893294,b946fb0f088a230d10f1d865b93570b485771320517a4c44880c3e6d6a81c18b,2026-10-07T15:19:19.758807+00:00
KRE,2024-04-16,45.75,42.870628356933594,15760400,0.0,-0.012731984260792917,-0.012731998507626408,-0.012731984260792917,b946fb0f088a230d10f1d865b93570b485771320517a4c44880c3e6d6a81c18b,2026-10-07T15:19:19.758807+00:00
KRE,2024-04-17,45.83000183105469,42.945594787597656,10585600,0.0,0.0017486739028347298,0.001748666477195071,0.0017486739028347298,b946fb0f088a230d10f1d865b93570b485771320517a4c44880c3e6d6a81c18b,2026-10-07T15:19:19.758807+00:00
KRE,2024-04-18,46.11000061035156,43.207969665527344,9415800,0.0,0.006109508359372295,0.006109471279355905,0.006109508359372295,b946fb0f088a230d10f1d865b93570b485771320517a4c44880c3e6d6a81c18b,2026-10-07T15:19:19.758807+00:00
KRE,2024-04-19,47.31999969482422,44.34181213378906,15332400,0.0,0.026241575980396226,0.026241512319111093,0.026241575980396226,b946fb0f088a230d10f1d865b93570b485771320517a4c44880c3e6d6a81c18b,2026-10-07T15:19:19.758807+00:00
KRE,2024-04-22,48.18000030517578,45.14768981933594,13819500,0.0,0.01817414657434213,0.018174216315638203,0.01817414657434213,b946fb0f088a230d10f1d865b93570b485771320517a4c44880c3e6d6a81c18b,2026-10-07T15:19:19.758807+00:00
KRE,2024-04-23,48.72999954223633,45.66306686401367,12965500,0.0,0.01141550920665857,0.011415358055751668,0.01141550920665857,b946fb0f088a230d10f1d865b93570b485771320517a4c44880c3e6d6a81c18b,2026-10-07T15:19:19.758807+00:00
KRE,2024-04-24,49.0099983215332,45.925445556640625,9540600,0.0,0.005745922058837394,0.005745971758934321,0.005745922058837394,b946fb0f088a230d10f1d865b93570b485771320517a4c44880c3e6d6a81c18b,2026-10-07T15:19:19.758807+00:00
KRE,2024-04-25,48.470001220703125,45.41943359375,11646000,0.0,-0.011018100781954643,-0.011018117663475935,-0.011018100781954643,b946fb0f088a230d10f1d865b93570b485771320517a4c44880c3e6d6a81c18b,2026-10-07T15:19:19.758807+00:00
KRE,2024-04-26,48.189998626708984,45.15705871582031,9127800,0.0,-0.005776822507579049,-0.00577670959696408,-0.005776822507579049,b946fb0f088a230d10f1d865b93570b485771320517a4c44880c3e6d6a81c18b,2026-10-07T15:19:19.758807+00:00
KRE,2024-04-29,47.77000045776367,44.763492584228516,15276200,0.0,-0.008715463393114353,-0.008715495268825313,-0.008715463393114353,b946fb0f088a230d10f1d865b93570b485771320517a4c44880c3e6d6a81c18b,2026-10-07T15:19:19.758807+00:00
KRE,2024-04-30,47.02000045776367,44.06069564819336,12559800,0.0,-0.015700230119593983,-0.015700225685311486,-0.015700230119593983,b946fb0f088a230d10f1d865b93570b485771320517a4c44880c3e6d6a81c18b,2026-10-07T15:19:19.758807+00:00
KRE,2024-05-01,48.22999954223633,45.194541931152344,26305400,0.0,0.02573371060596985,0.025733735391113344,0.02573371060596985,b946fb0f088a230d10f1d865b93570b485771320517a4c44880c3e6d6a81c18b,2026-10-07T15:19:19.758807+00:00
KRE,2024-05-02,49.02000045776367,45.93482208251953,12595900,0.0,0.016379865706519725,0.0163798573839935,0.016379865706519725,b946fb0f088a230d10f1d865b93570b485771320517a4c44880c3e6d6a81c18b,2026-10-07T15:19:19.758807+00:00
KRE,2024-05-03,49.650001525878906,46.525177001953125,14924800,0.0,0.012851918854183797,0.012852012757838649,0.012851918854183797,b946fb0f088a230d10f1d865b93570b485771320517a4c44880c3e6d6a81c18b,2026-10-07T15:19:19.758807+00:00
KRE,2024-05-06,50.040000915527344,46.890628814697266,10151100,0.0,0.007854972359772505,0.007854925790584222,0.007854972359772505,b946fb0f088a230d10f1d865b93570b485771320517a4c44880c3e6d6a81c18b,2026-10-07T15:19:19.758807+00:00
KRE,2024-05-07,49.880001068115234,46.740699768066406,9147900,0.0,-0.0031974389385445168,-0.003197420261164541,-0.0031974389385445168,b946fb0f088a230d10f1d865b93570b485771320517a4c44880c3e6d6a81c18b,2026-10-07T15:19:19.758807+00:00
KRE,2024-05-08,50.16999816894531,47.0124397277832,6644100,0.0,0.005813895240981637,0.005813776025288542,0.005813895240981637,b946fb0f088a230d10f1d865b93570b485771320517a4c44880c3e6d6a81c18b,2026-10-07T15:19:19.758807+00:00
KRE,2024-05-09,50.40999984741211,47.23733901977539,7973900,0.0,0.004783768930160193,0.004783825159775157,0.004783768930160193,b946fb0f088a230d10f1d865b93570b485771320517a4c44880c3e6d6a81c18b,2026-10-07T15:19:19.758807+00:00
KRE,2024-05-10,50.349998474121094,47.181114196777344,8636500,0.0,-0.0011902672777749368,-0.0011902622832863363,-0.0011902672777749368,b946fb0f088a230d10f1d865b93570b485771320517a4c44880c3e6d6a81c18b,2026-10-07T15:19:19.758807+00:00
KRE,2024-05-13,50.29999923706055,47.13426208496094,9515600,0.0,-0.000993033536758614,-0.000993026820456211,-0.000993033536758614,b946fb0f088a230d10f1d865b93570b485771320517a4c44880c3e6d6a81c18b,2026-10-07T15:19:19.758807+00:00
KRE,2024-05-14,50.88999938964844,47.68712615966797,10244800,0.0,0.011729625477870487,0.011729558292659314,0.011729625477870487,b946fb0f088a230d10f1d865b93570b485771320517a4c44880c3e6d6a81c18b,2026-10-07T15:19:19.758807+00:00
KRE,2024-05-15,51.06999969482422,47.855796813964844,15942600,0.0,0.0035370467151625284,0.0035370270318266783,0.0035370467151625284,b946fb0f088a230d10f1d865b93570b485771320517a4c44880c3e6d6a81c18b,2026-10-07T15:19:19.758807+00:00
KRE,2024-05-16,50.849998474121094,47.6496467590332,8112800,0.0,-0.0043078367342426205,-0.004307734248643502,-0.0043078367342426205,b946fb0f088a230d10f1d865b93570b485771320517a4c44880c3e6d6a81c18b,2026-10-07T15:19:19.758807+00:00
KRE,2024-05-17,51.189998626708984,47.96824645996094,8772700,0.0,0.006686335551434164,0.006686297225641846,0.006686335551434164,b946fb0f088a230d10f1d865b93570b485771320517a4c44880c3e6d6a81c18b,2026-10-07T15:19:19.758807+00:00
KRE,2024-05-20,50.45000076293945,47.27482223510742,8328200,0.0,-0.014455907083838593,-0.014455901060138165,-0.014455907083838593,b946fb0f088a230d10f1d865b93570b485771320517a4c44880c3e6d6a81c18b,2026-10-07T15:19:19.758807+00:00
KRE,2024-05-21,50.52000045776367,47.34041976928711,8303100,0.0,0.0013875063184467518,0.0013875786534629508,0.0013875063184467518,b946fb0f088a230d10f1d865b93570b485771320517a4c44880c3e6d6a81c18b,2026-10-07T15:19:19.758807+00:00
KRE,2024-05-22,49.90999984741211,46.768802642822266,8873300,0.0,-0.012074437941890781,-0.01207461043333824,-0.012074437941890781,b946fb0f088a230d10f1d865b93570b485771320517a4c44880c3e6d6a81c18b,2026-10-07T15:19:19.758807+00:00
KRE,2024-05-23,48.709999084472656,45.64433288574219,15161900,0.0,-0.024043293260031406,-0.024043158976460477,-0.024043293260031406,b946fb0f088a230d10f1d865b93570b485771320517a4c44880c3e6d6a81c18b,2026-10-07T15:19:19.758807+00:00
KRE,2024-05-24,48.91999816894531,45.84111022949219,6530500,0.0,0.004311211012516747,0.004311101319907085,0.004311211012516747,b946fb0f088a230d10f1d865b93570b485771320517a4c44880c3e6d6a81c18b,2026-10-07T15:19:19.758807+00:00
KRE,2024-05-28,48.5099983215332,45.45691680908203,10690500,0.0,-0.008381027448042255,-0.00838097983418784,-0.008381027448042255,b946fb0f088a230d10f1d865b93570b485771320517a4c44880c3e6d6a81c18b,2026-10-07T15:19:19.758807+00:00
KRE,2024-05-29,47.34000015258789,44.36054992675781,19541100,0.0,-0.024118701493047845,-0.024118813137479878,-0.024118701493047845,b946fb0f088a230d10f1d865b93570b485771320517a4c44880c3e6d6a81c18b,2026-10-07T15:19:19.758807+00:00
KRE,2024-05-30,48.16999816894531,45.1383171081543,12196800,0.0,0.017532699908790583,0.01753285706964025,0.017532699908790583,b946fb0f088a230d10f1d865b93570b485771320517a4c44880c3e6d6a81c18b,2026-10-07T15:19:19.758807+00:00
KRE,2024-05-31,48.849998474121094,45.775516510009766,13437200,0.0,0.014116676998633837,0.014116596334965203,0.014116676998633837,b946fb0f088a230d10f1d865b93570b485771320517a4c44880c3e6d6a81c18b,2026-10-07T15:19:19.758807+00:00
KRE,2024-06-03,48.0,44.97901916503906,11314700,0.0,-0.01740017401579641,-0.017400073351363066,-0.01740017401579641,b946fb0f088a230d10f1d865b93570b485771320517a4c44880c3e6d6a81c18b,2026-10-07T15:19:19.758807+00:00
KRE,2024-06-04,47.150001525878906,44.18251419067383,19446400,0.0,-0.017708301544189453,-0.017708366904192863,-0.017708301544189453,b946fb0f088a230d10f1d865b93570b485771320517a4c44880c3e6d6a81c18b,2026-10-07T15:19:19.758807+00:00
KRE,2024-06-05,47.29999923706055,44.32307434082031,8739200,0.0,0.003181287514896658,0.0031813524585739827,0.003181287514896658,b946fb0f088a230d10f1d865b93570b485771320517a4c44880c3e6d6a81c18b,2026-10-07T15:19:19.758807+00:00
KRE,2024-06-06,47.41999816894531,44.43552017211914,10946800,0.0,0.0025369753450386057,0.002536959201750788,0.0025369753450386057,b946fb0f088a230d10f1d865b93570b485771320517a4c44880c3e6d6a81c18b,2026-10-07T15:19:19.758807+00:00
KRE,2024-06-07,47.209999084472656,44.238731384277344,11918500,0.0,-0.004428492040941978,-0.00442863697959528,-0.004428492040941978,b946fb0f088a230d10f1d865b93570b485771320517a4c44880c3e6d6a81c18b,2026-10-07T15:19:19.758807+00:00
KRE,2024-06-10,46.47999954223633,43.554683685302734,10792400,0.0,-0.015462816276063496,-0.015462642746978172,-0.015462816276063496,b946fb0f088a230d10f1d865b93570b485771320517a4c44880c3e6d6a81c18b,2026-10-07T15:19:19.758807+00:00
KRE,2024-06-11,46.310001373291016,43.395381927490234,17058500,0.0,-0.0036574477327787625,-0.0036575115311021644,-0.0036574477327787625,b946fb0f088a230d10f1d865b93570b485771320517a4c44880c3e6d6a81c18b,2026-10-07T15:19:19.758807+00:00
KRE,2024-06-12,47.459999084472656,44.47300338745117,25433200,0.0,0.024832599375496756,0.02483262992733981,0.024832599375496756,b946fb0f088a230d10f1d865b93570b485771320517a4c44880c3e6d6a81c18b,2026-10-07T15:19:19.758807+00:00
KRE,2024-06-13,46.709999084472656,43.77020263671875,13248800,0.0,-0.015802781594350557,-0.01580286234796391,-0.015802781594350557,b946fb0f088a230d10f1d865b93570b485771320517a4c44880c3e6d6a81c18b,2026-10-07T15:19:19.758807+00:00
KRE,2024-06-14,46.119998931884766,43.217342376708984,12336600,0.0,-0.012631131752345093,-0.012630973281032354,-0.012631131752345093,b946fb0f088a230d10f1d865b93570b485771320517a4c44880c3e6d6a81c18b,2026-10-07T15:19:19.758807+00:00
KRE,2024-06-17,46.900001525878906,43.94824981689453,12468700,0.0,0.016912459064583496,0.01691236434240939,0.016912459064583496,b946fb0f088a230d10f1d865b93570b485771320517a4c44880c3e6d6a81c18b,2026-10-07T15:19:19.758807+00:00
KRE,2024-06-18,47.02000045776367,44.06069564819336,8886000,0.0,0.002558612536900595,0.0025585963438208292,0.002558612536900595,b946fb0f088a230d10f1d865b93570b485771320517a4c44880c3e6d6a81c18b,2026-10-07T15:19:19.758807+00:00
KRE,2024-06-20,47.099998474121094,44.13565444946289,7874700,0.0,0.0017013614542449318,0.0017012623193253251,0.0017013614542449318,b946fb0f088a230d10f1d865b93570b485771320517a4c44880c3e6d6a81c18b,2026-10-07T15:19:19.758807+00:00
KRE,2024-06-21,47.0099983215332,44.05132293701172,8100700,0.0,-0.0019108313270400634,-0.0019107343825101042,-0.0019108313270400634,b946fb0f088a230d10f1d865b93570b485771320517a4c44880c3e6d6a81c18b,2026-10-07T15:19:19.758807+00:00
KRE,2024-06-24,47.58000183105469,44.96036148071289,14405600,0.392,0.012125154857969722,0.02063589656549003,0.02046380650647328,b946fb0f088a230d10f1d865b93570b485771320517a4c44880c3e6d6a81c18b,2026-10-07T15:19:19.758807+00:00
KRE,2024-06-25,46.93000030517578,44.34614181518555,8946700,0.0,-0.01366123372981165,-0.013661359590955047,-0.01366123372981165,b946fb0f088a230d10f1d865b93570b485771320517a4c44880c3e6d6a81c18b,2026-10-07T15:19:19.758807+00:00
KRE,2024-06-26,47.130001068115234,44.53513717651367,7670500,0.0,0.004261682540781742,0.004261821966740076,0.004261682540781742,b946fb0f088a230d10f1d865b93570b485771320517a4c44880c3e6d6a81c18b,2026-10-07T15:19:19.758807+00:00
KRE,2024-06-27,47.630001068115234,45.00761032104492,8201200,0.0,0.010608953716707337,0.010608997175839407,0.010608953716707337,b946fb0f088a230d10f1d865b93570b485771320517a4c44880c3e6d6a81c18b,2026-10-07T15:19:19.758807+00:00
KRE,2024-06-28,49.099998474121094,46.39666748046875,28137300,0.0,0.030862846379189124,0.030862717427464048,0.030862846379189124,b946fb0f088a230d10f1d865b93570b485771320517a4c44880c3e6d6a81c18b,2026-10-07T15:19:19.758807+00:00
KRE,2024-07-01,48.869998931884766,46.17932891845703,14172400,0.0,-0.0046843085414259855,-0.0046843571707646525,-0.0046843085414259855,b946fb0f088a230d10f1d865b93570b485771320517a4c44880c3e6d6a81c18b,2026-10-07T15:19:19.758807+00:00
KRE,2024-07-02,49.45000076293945,46.72739791870117,8987800,0.0,0.011868259540236403,0.011868275548393425,0.011868259540236403,b946fb0f088a230d10f1d865b93570b485771320517a4c44880c3e6d6a81c18b,2026-10-07T15:19:19.758807+00:00
KRE,2024-07-03,48.650001525878906,45.97145080566406,9623400,0.0,-0.016177941854757516,-0.016177813161185384,-0.016177941854757516,b946fb0f088a230d10f1d865b93570b485771320517a4c44880c3e6d6a81c18b,2026-10-07T15:19:19.758807+00:00
KRE,2024-07-05,47.939998626708984,45.300537109375,14015800,0.0,-0.01459409818912838,-0.014594137981966848,-0.01459409818912838,b946fb0f088a230d10f1d865b93570b485771320517a4c44880c3e6d6a81c18b,2026-10-07T15:19:19.758807+00:00
KRE,2024-07-08,47.95000076293945,45.30998992919922,13680700,0.0,0.00020863864240694419,0.00020866904516814166,0.00020863864240694419,b946fb0f088a230d10f1d865b93570b485771320517a4c44880c3e6d6a81c18b,2026-10-07T15:19:19.758807+00:00
KRE,2024-07-09,48.810001373291016,46.12263870239258,12433200,0.0,0.017935361765755387,0.01793531127380943,0.017935361765755387,b946fb0f088a230d10f1d865b93570b485771320517a4c44880c3e6d6a81c18b,2026-10-07T15:19:19.758807+00:00
KRE,2024-07-10,49.869998931884766,47.1242790222168,13424100,0.0,0.021716810669335063,0.021716891054029297,0.021716810669335063,b946fb0f088a230d10f1d865b93570b485771320517a4c44880c3e6d6a81c18b,2026-10-07T15:19:19.758807+00:00
KRE,2024-07-11,51.970001220703125,49.10865783691406,23565800,0.0,0.04210953145771379,0.04210947850813218,0.04210953145771379,b946fb0f088a230d10f1d865b93570b485771320517a4c44880c3e6d6a81c18b,2026-10-07T15:19:19.758807+00:00
KRE,2024-07-12,52.09000015258789,49.2220458984375,18596000,0.0,0.0023090038304052207,0.0023089220214487227,0.0023090038304052207,b946fb0f088a230d10f1d865b93570b485771320517a4c44880c3e6d6a81c18b,2026-10-07T15:19:19.758807+00:00
KRE,2024-07-15,53.61000061035156,50.658355712890625,25849400,0.0,0.029180273628548914,0.029180213626567753,0.029180273628548914,b946fb0f088a230d10f1d865b93570b485771320517a4c44880c3e6d6a81c18b,2026-10-07T15:19:19.758807+00:00
KRE,2024-07-16,56.060001373291016,52.97346878051758,27215900,0.0,0.04570044273542462,0.045700517418054476,0.04570044273542462,b946fb0f088a230d10f1d865b93570b485771320517a4c44880c3e6d6a81c18b,2026-10-07T15:19:19.758807+00:00
KRE,2024-07-17,56.7400016784668,53.616031646728516,24801100,0.0,0.012129866009952694,0.012129899759315999,0.012129866009952694,b946fb0f088a230d10f1d865b93570b485771320517a4c44880c3e6d6a81c18b,2026-10-07T15:19:19.758807+00:00
KRE,2024-07-18,55.709999084472656,52.642738342285156,30857000,0.0,-0.01815302367861993,-0.018153027640245845,-0.01815302367861993,b946fb0f088a230d10f1d865b93570b485771320517a4c44880c3e6d6a81c18b,2026-10-07T15:19:19.758807+00:00
KRE,2024-07-19,55.9900016784668,52.90732955932617,16186200,0.0,0.005026074288200455,0.005026167433020534,0.005026074288200455,b946fb0f088a230d10f1d865b93570b485771320517a4c44880c3e6d6a81c18b,2026-10-07T15:19:19.758807+00:00
KRE,2024-07-22,56.93000030517578,53.79556655883789,21052200,0.0,0.016788687239323696,0.01678854341940883,0.016788687239323696,b946fb0f088a230d10f1d865b93570b485771320517a4c44880c3e6d6a81c18b,2026-10-07T15:19:19.758807+00:00
KRE,2024-07-23,57.81999969482422,54.636573791503906,20458800,0.0,0.015633222990998785,0.015633392981300398,0.015633222990998785,b946fb0f088a230d10f1d865b93570b485771320517a4c44880c3e6d6a81c18b,2026-10-07T15:19:19.758807+00:00
KRE,2024-07-24,56.7599983215332,53.634925842285156,19829200,0.0,-0.01833278067944888,-0.018332920234733097,-0.01833278067944888,b946fb0f088a230d10f1d865b93570b485771320517a4c44880c3e6d6a81c18b,2026-10-07T15:19:19.758807+00:00
KRE,2024-07-25,58.220001220703125,55.01454162597656,21973000,0.0,0.025722391514166665,0.025722339725950283,0.025722391514166665,b946fb0f088a230d10f1d865b93570b485771320517a4c44880c3e6d6a81c18b,2026-10-07T15:19:19.758807+00:00
KRE,2024-07-26,59.22999954223633,55.968936920166016,19227000,0.0,0.01734796118784776,0.01734805500476644,0.01734796118784776,b946fb0f088a230d10f1d865b93570b485771320517a4c44880c3e6d6a81c18b,2026-10-07T15:19:19.758807+00:00
KRE,2024-07-29,57.970001220703125,54.77831268310547,17794100,0.0,-0.02127297537179129,-0.021272947148502253,-0.02127297537179129,b946fb0f088a230d10f1d865b93570b485771320517a4c44880c3e6d6a81c18b,2026-10-07T15:19:19.758807+00:00
KRE,2024-07-30,58.52000045776367,55.29802703857422,12956200,0.0,0.009487652673433544,0.009487593356066304,0.009487652673433544,b946fb0f088a230d10f1d865b93570b485771320517a4c44880c3e6d6a81c18b,2026-10-07T15:19:19.758807+00:00
KRE,2024-07-31,58.279998779296875,55.07124328613281,18118200,0.0,-0.004101190645752206,-0.004101118332543896,-0.004101190645752206,b946fb0f088a230d10f1d865b93570b485771320517a4c44880c3e6d6a81c18b,2026-10-07T15:19:19.758807+00:00
KRE,2024-08-01,55.66999816894531,52.604942321777344,33929200,0.0,-0.04478381374432572,-0.04478382577167084,-0.04478381374432572,b946fb0f088a230d10f1d865b93570b485771320517a4c44880c3e6d6a81c18b,2026-10-07T15:19:19.758807+00:00
KRE,2024-08-02,53.83000183105469,50.866249084472656,34176200,0.0,-0.0330518483637573,-0.03305189893887417,-0.0330518483637573,b946fb0f088a230d10f1d865b93570b485771320517a4c44880c3e6d6a81c18b,2026-10-07T15:19:19.758807+00:00
KRE,2024-08-05,52.349998474121094,49.46773147583008,27172100,0.0,-0.027494023900994424,-0.027494018800562348,-0.027494023900994424,b946fb0f088a230d10f1d865b93570b485771320517a4c44880c3e6d6a81c18b,2026-10-07T15:19:19.758807+00:00
KRE,2024-08-06,52.470001220703125,49.58113098144531,16249800,0.0,0.002292316142881168,0.0022923934903027465,0.002292316142881168,b946fb0f088a230d10f1d865b93570b485771320517a4c44880c3e6d6a81c18b,2026-10-07T15:19:19.758807+00:00
KRE,2024-08-07,52.13999938964844,49.26929473876953,12291400,0.0,-0.006289342926953823,-0.006289413664090859,-0.006289342926953823,b946fb0f088a230d10f1d865b93570b485771320517a4c44880c3e6d6a81c18b,2026-10-07T15:19:19.758807+00:00
KRE,2024-08-08,53.06999969482422,50.14809036254883,9650200,0.0,0.0178365998477632,0.01783657810485728,0.0178365998477632,b946fb0f088a230d10f1d865b93570b485771320517a4c44880c3e6d6a81c18b,2026-10-07T15:19:19.758807+00:00
KRE,2024-08-09,52.810001373291016,49.90240478515625,9467700,0.0,-0.004899158150147076,-0.004899201058632063,-0.004899158150147076,b946fb0f088a230d10f1d865b93570b485771320517a4c44880c3e6d6a81c18b,2026-10-07T15:19:19.758807+00:00
KRE,2024-08-12,52.2599983215332,49.38268280029297,14432700,0.0,-0.010414751703376801,-0.01041476832831667,-0.010414751703376801,b946fb0f088a230d10f1d865b93570b485771320517a4c44880c3e6d6a81c18b,2026-10-07T15:19:19.758807+00:00
KRE,2024-08-13,52.900001525878906,49.987449645996094,11409200,0.0,0.012246521716438696,0.012246536871008962,0.012246521716438696,b946fb0f088a230d10f1d865b93570b485771320517a4c44880c3e6d6a81c18b,2026-10-07T15:19:19.758807+00:00
KRE,2024-08-14,52.779998779296875,49.87405776977539,9143700,0.0,-0.0022684828567220983,-0.0022684069106091442,-0.0022684828567220983,b946fb0f088a230d10f1d865b93570b485771320517a4c44880c3e6d6a81c18b,2026-10-07T15:19:19.758807+00:00
KRE,2024-08-15,53.9900016784668,51.01744079589844,16551200,0.0,0.02292540597110726,0.022925406057815456,0.02292540597110726,b946fb0f088a230d10f1d865b93570b485771320517a4c44880c3e6d6a81c18b,2026-10-07T15:19:19.758807+00:00
KRE,2024-08-16,54.869998931884766,51.8489875793457,10392100,0.0,0.016299263309135004,0.016299264927340573,0.016299263309135004,b946fb0f088a230d10f1d865b93570b485771320517a4c44880c3e6d6a81c18b,2026-10-07T15:19:19.758807+00:00
KRE,2024-08-19,55.5,52.44430160522461,8111300,0.0,0.011481703670111587,0.011481690456691895,0.011481703670111587,b946fb0f088a230d10f1d865b93570b485771320517a4c44880c3e6d6a81c18b,2026-10-07T15:19:19.758807+00:00
KRE,2024-08-20,54.459999084472656,51.4615592956543,9446000,0.0,-0.0187387552347269,-0.018738781516587255,-0.0187387552347269,b946fb0f088a230d10f1d865b93570b485771320517a4c44880c3e6d6a81c18b,2026-10-07T15:19:19.758807+00:00
KRE,2024-08-21,54.779998779296875,51.763938903808594,6208600,0.0,0.005875866694890375,0.005875834550933101,0.005875866694890375,b946fb0f088a230d10f1d865b93570b485771320517a4c44880c3e6d6a81c18b,2026-10-07T15:19:19.758807+00:00
KRE,2024-08-22,54.939998626708984,51.91513442993164,9230400,0.0,0.002920771284729895,0.002920865941133499,0.002920771284729895,b946fb0f088a230d10f1d865b93570b485771320517a4c44880c3e6d6a81c18b,2026-10-07T15:19:19.758807+00:00
KRE,2024-08-23,57.72999954223633,54.5515251159668,26080700,0.0,0.05078268993932933,0.05078269978465366,0.05078268993932933,b946fb0f088a230d10f1d865b93570b485771320517a4c44880c3e6d6a81c18b,2026-10-07T15:19:19.758807+00:00
KRE,2024-08-26,57.29999923706055,54.145198822021484,11232100,0.0,-0.007448472346880619,-0.007448486418693778,-0.007448472346880619,b946fb0f088a230d10f1d865b93570b485771320517a4c44880c3e6d6a81c18b,2026-10-07T15:19:19.758807+00:00
KRE,2024-08-27,56.75,53.6254768371582,8991700,0.0,-0.009598590652420413,-0.009598671649016177,-0.009598590652420413,b946fb0f088a230d10f1d865b93570b485771320517a4c44880c3e6d6a81c18b,2026-10-07T15:19:19.758807+00:00
KRE,2024-08-28,57.2400016784668,54.088504791259766,10331500,0.0,0.008634390809987513,0.008634477144280117,0.008634390809987513,b946fb0f088a230d10f1d865b93570b485771320517a4c44880c3e6d6a81c18b,2026-10-07T15:19:19.758807+00:00
KRE,2024-08-29,57.400001525878906,54.23969268798828,8913100,0.0,0.002795245330544871,0.0027951946039548314,0.002795245330544871,b946fb0f088a230d10f1d865b93570b485771320517a4c44880c3e6d6a81c18b,2026-10-07T15:19:19.758807+00:00
KRE,2024-08-30,57.83000183105469,54.646018981933594,8584200,0.0,0.007491294316114505,0.007491308925415385,0.007491294316114505,b946fb0f088a230d10f1d865b93570b485771320517a4c44880c3e6d6a81c18b,2026-10-07T15:19:19.758807+00:00
KRE,2024-09-03,57.09000015258789,53.94675827026367,12199800,0.0,-0.012796155196893255,-0.012796187621665567,-0.012796155196893255,b946fb0f088a230d10f1d865b93570b485771320517a4c44880c3e6d6a81c18b,2026-10-07T15:19:19.758807+00:00
KRE,2024-09-04,56.400001525878906,53.29475784301758,10519000,0.0,-0.012086155629090656,-0.01208599827221657,-0.012086155629090656,b946fb0f088a230d10f1d865b93570b485771320517a4c44880c3e6d6a81c18b,2026-10-07T15:19:19.758807+00:00
KRE,2024-09-05,55.849998474121094,52.775028228759766,10451300,0.0,-0.009751826894994764,-0.009751983784009322,-0.009751826894994764,b946fb0f088a230d10f1d865b93570b485771320517a4c44880c3e6d6a81c18b,2026-10-07T15:19:19.758807+00:00
KRE,2024-09-06,54.84000015258789,51.82063674926758,16087100,0.0,-0.018084124424841308,-0.018084149104672376,-0.018084124424841308,b946fb0f088a230d10f1d865b93570b485771320517a4c44880c3e6d6a81c18b,2026-10-07T15:19:19.758807+00:00
KRE,2024-09-09,55.27000045776367,52.22696304321289,10064900,0.0,0.007840997519681592,0.007841013145232223,0.007840997519681592,b946fb0f088a230d10f1d865b93570b485771320517a4c44880c3e6d6a81c18b,2026-10-07T15:19:19.758807+00:00
KRE,2024-09-10,54.790000915527344,51.77339553833008,18340800,0.0,-0.008684630690443673,-0.008684546802147586,-0.008684630690443673,b946fb0f088a230d10f1d865b93570b485771320517a4c44880c3e6d6a81c18b,2026-10-07T15:19:19.758807+00:00
KRE,2024-09-11,54.150001525878906,51.16863250732422,20554600,0.0,-0.011680952344482631,-0.01168096132613372,-0.011680952344482631,b946fb0f088a230d10f1d865b93570b485771320517a4c44880c3e6d6a81c18b,2026-10-07T15:19:19.758807+00:00
KRE,2024-09-12,54.36000061035156,51.367061614990234,8765200,0.0,0.0038780993269649233,0.0038779443174998818,0.0038780993269649233,b946fb0f088a230d10f1d865b93570b485771320517a4c44880c3e6d6a81c18b,2026-10-07T15:19:19.758807+00:00
KRE,2024-09-13,55.81999969482422,52.74668502807617,12869100,0.0,0.02685796666813567,0.026858133786716865,0.02685796666813567,b946fb0f088a230d10f1d865b93570b485771320517a4c44880c3e6d6a81c18b,2026-10-07T15:19:19.758807+00:00
KRE,2024-09-16,56.540000915527344,53.42703628540039,9224800,0.0,0.012898624590459873,0.012898464746402105,0.012898624590459873,b946fb0f088a230d10f1d865b93570b485771320517a4c44880c3e6d6a81c18b,2026-10-07T15:19:19.758807+00:00
KRE,2024-09-17,57.0099983215332,53.87116622924805,11249000,0.0,0.00831265296065431,0.008312831381384722,0.00831265296065431,b946fb0f088a230d10f1d865b93570b485771320517a4c44880c3e6d6a81c18b,2026-10-07T15:19:19.758807+00:00
KRE,2024-09-18,57.2599983215332,54.10740280151367,20492200,0.0,0.004385195708830114,0.004385213627273732,0.004385195708830114,b946fb0f088a230d10f1d865b93570b485771320517a4c44880c3e6d6a81c18b,2026-10-07T15:19:19.758807+00:00
KRE,2024-09-19,58.880001068115234,55.63821029663086,16946400,0.0,0.028292050193316376,0.028292015802953374,0.028292050193316376,b946fb0f088a230d10f1d865b93570b485771320517a4c44880c3e6d6a81c18b,2026-10-07T15:19:19.758807+00:00
KRE,2024-09-20,57.689998626708984,54.51372528076172,11416800,0.0,-0.02021063892355568,-0.020210661160271592,-0.02021063892355568,b946fb0f088a230d10f1d865b93570b485771320517a4c44880c3e6d6a81c18b,2026-10-07T15:19:19.758807+00:00
KRE,2024-09-23,56.849998474121094,54.07805633544922,10010600,0.382,-0.014560585414869376,-0.007991912918603128,-0.007938987059983194,b946fb0f088a230d10f1d865b93570b485771320517a4c44880c3e6d6a81c18b,2026-10-07T15:19:19.758807+00:00
KRE,2024-09-24,56.08000183105469,53.345603942871094,9417400,0.0,-0.013544356442101169,-0.013544354997426011,-0.013544356442101169,b946fb0f088a230d10f1d865b93570b485771320517a4c44880c3e6d6a81c18b,2026-10-07T15:19:19.758807+00:00
KRE,2024-09-25,55.2400016784668,52.54656219482422,13763000,0.0,-0.014978604228980896,-0.014978586593612953,-0.014978604228980896,b946fb0f088a230d10f1d865b93570b485771320517a4c44880c3e6d6a81c18b,2026-10-07T15:19:19.758807+00:00
KRE,2024-09-26,55.849998474121094,53.12681198120117,13126900,0.0,0.01104266432149803,0.011042583227911074,0.01104266432149803,b946fb0f088a230d10f1d865b93570b485771320517a4c44880c3e6d6a81c18b,2026-10-07T15:19:19.758807+00:00
KRE,2024-09-27,55.91999816894531,53.19340133666992,7614200,0.0,0.001253351776842937,0.001253403940223441,0.001253351776842937,b946fb0f088a230d10f1d865b93570b485771320517a4c44880c3e6d6a81c18b,2026-10-07T15:19:19.758807+00:00
KRE,2024-09-30,56.599998474121094,53.84024429321289,9278600,0.0,0.012160234753967103,0.012160210482668576,0.012160234753967103,b946fb0f088a230d10f1d865b93570b485771320517a4c44880c3e6d6a81c18b,2026-10-07T15:19:19.758807+00:00
KRE,2024-10-01,54.709999084472656,52.04240036010742,17453700,0.0,-0.03339221626503386,-0.033392194940915276,-0.03339221626503386,b946fb0f088a230d10f1d865b93570b485771320517a4c44880c3e6d6a81c18b,2026-10-07T15:19:19.758807+00:00
KRE,2024-10-02,54.59000015258789,51.92825698852539,7537000,0.0,-0.00219336380721713,-0.0021932764590452125,-0.00219336380721713,b946fb0f088a230d10f1d865b93570b485771320517a4c44880c3e6d6a81c18b,2026-10-07T15:19:19.758807+00:00
KRE,2024-10-03,54.720001220703125,52.051918029785156,8079000,0.0,0.0023814080921755743,0.0023813824771181658,0.0023814080921755743,b946fb0f088a230d10f1d865b93570b485771320517a4c44880c3e6d6a81c18b,2026-10-07T15:19:19.758807+00:00
KRE,2024-10-04,55.84000015258789,53.117305755615234,11242400,0.0,0.020467816281060536,0.020467789971167605,0.020467816281060536,b946fb0f088a230d10f1d865b93570b485771320517a4c44880c3e6d6a81c18b,2026-10-07T15:19:19.758807+00:00
KRE,2024-10-07,55.59000015258789,52.87949752807617,7269200,0.0,-0.004477077351662806,-0.004477038587634374,-0.004477077351662806,b946fb0f088a230d10f1d865b93570b485771320517a4c44880c3e6d6a81c18b,2026-10-07T15:19:19.758807+00:00
KRE,2024-10-08,55.41999816894531,52.71778106689453,7009700,0.0,-0.0030581396505836578,-0.003058207220970277,-0.0030581396505836578,b946fb0f088a230d10f1d865b93570b485771320517a4c44880c3e6d6a81c18b,2026-10-07T15:19:19.758807+00:00
KRE,2024-10-09,56.13999938964844,53.402671813964844,10638900,0.0,0.01299172220302558,0.01299164595340696,0.01299172220302558,b946fb0f088a230d10f1d865b93570b485771320517a4c44880c3e6d6a81c18b,2026-10-07T15:19:19.758807+00:00
KRE,2024-10-10,56.09000015258789,53.35511779785156,8150600,0.0,-0.0008906169861798707,-0.0008904800920624956,-0.0008906169861798707,b946fb0f088a230d10f1d865b93570b485771320517a4c44880c3e6d6a81c18b,2026-10-07T15:19:19.758807+00:00
KRE,2024-10-11,58.029998779296875,55.20051956176758,22096400,0.0,0.03458724588039552,0.03458715564845627,0.03458724588039552,b946fb0f088a230d10f1d865b93570b485771320517a4c44880c3e6d6a81c18b,2026-10-07T15:19:19.758807+00:00
KRE,2024-10-14,58.4900016784668,55.638092041015625,11169800,0.0,0.007926984470901566,0.00792696305617957,0.007926984470901566,b946fb0f088a230d10f1d865b93570b485771320517a4c44880c3e6d6a81c18b,2026-10-07T15:19:19.758807+00:00
KRE,2024-10-15,59.130001068115234,56.24688720703125,21830300,0.0,0.010942030625450627,0.010942056847794701,0.010942030625450627,b946fb0f088a230d10f1d865b93570b485771320517a4c44880c3e6d6a81c18b,2026-10-07T15:19:19.758807+00:00
KRE,2024-10-16,59.939998626708984,57.01739501953125,17911000,0.0,0.013698588600745465,0.013698674731349003,0.013698588600745465,b946fb0f088a230d10f1d865b93570b485771320517a4c44880c3e6d6a81c18b,2026-10-07T15:19:19.758807+00:00
KRE,2024-10-17,60.459999084472656,57.51203536987305,14806200,0.0,0.008675349844468716,0.008675253405953764,0.008675349844468716,b946fb0f088a230d10f1d865b93570b485771320517a4c44880c3e6d6a81c18b,2026-10-07T15:19:19.758807+00:00
KRE,2024-10-18,59.63999938964844,56.732017517089844,12041200,0.0,-0.013562681231247486,-0.013562689057459498,-0.013562681231247486,b946fb0f088a230d10f1d865b93570b485771320517a4c44880c3e6d6a81c18b,2026-10-07T15:19:19.758807+00:00
KRE,2024-10-21,57.88999938964844,55.06734848022461,19228200,0.0,-0.029342723304986218,-0.029342672968818206,-0.029342723304986218,b946fb0f088a230d10f1d865b93570b485771320517a4c44880c3e6d6a81c18b,2026-10-07T15:19:19.758807+00:00
KRE,2024-10-22,58.619998931884766,55.76175308227539,11097100,0.0,0.012610114871876466,0.012610096930673054,0.012610114871876466,b946fb0f088a230d10f1d865b93570b485771320517a4c44880c3e6d6a81c18b,2026-10-07T15:19:19.758807+00:00
KRE,2024-10-23,58.65999984741211,55.7998046875,10278700,0.0,0.0006823765993893005,0.0006823961428985559,0.0006823765993893005,b946fb0f088a230d10f1d865b93570b485771320517a4c44880c3e6d6a81c18b,2026-10-07T15:19:19.758807+00:00
KRE,2024-10-24,58.959999084472656,56.08517074584961,11207400,0.0,0.005114204531894151,0.0051141049677103645,0.005114204531894151,b946fb0f088a230d10f1d865b93570b485771320517a4c44880c3e6d6a81c18b,2026-10-07T15:19:19.758807+00:00
KRE,2024-10-25,57.900001525878906,55.07685852050781,14982900,0.0,-0.017978249237675215,-0.01797823224807449,-0.017978249237675215,b946fb0f088a230d10f1d865b93570b485771320517a4c44880c3e6d6a81c18b,2026-10-07T15:19:19.758807+00:00
KRE,2024-10-28,59.560001373291016,56.655921936035156,15722300,0.0,0.028670117507167303,0.028670179417356945,0.028670117507167303,b946fb0f088a230d10f1d865b93570b485771320517a4c44880c3e6d6a81c18b,2026-10-07T15:19:19.758807+00:00
KRE,2024-10-29,59.209999084472656,56.3229866027832,8539500,0.0,-0.005876465425592059,-0.005876443659814434,-0.005876465425592059,b946fb0f088a230d10f1d865b93570b485771320517a4c44880c3e6d6a81c18b,2026-10-07T15:19:19.758807+00:00
KRE,2024-10-30,59.810001373291016,56.89373016357422,17946000,0.0,0.010133462220837997,0.010133403699206678,0.010133462220837997,b946fb0f088a230d10f1d865b93570b485771320517a4c44880c3e6d6a81c18b,2026-10-07T15:19:19.758807+00:00
KRE,2024-10-31,58.95000076293945,56.075660705566406,14257000,0.0,-0.014378876284988795,-0.014378903539208898,-0.014378876284988795,b946fb0f088a230d10f1d865b93570b485771320517a4c44880c3e6d6a81c18b,2026-10-07T15:19:19.758807+00:00
KRE,2024-11-01,58.63999938964844,55.7807731628418,11512000,0.0,-0.005258717036114247,-0.005258743972237134,-0.005258717036114247,b946fb0f088a230d10f1d865b93570b485771320517a4c44880c3e6d6a81c18b,2026-10-07T15:19:19.758807+00:00
KRE,2024-11-04,58.130001068115234,55.295650482177734,19173700,0.0,-0.008697106528674947,-0.008696951532884523,-0.008697106528674947,b946fb0f088a230d10f1d865b93570b485771320517a4c44880c3e6d6a81c18b,2026-10-07T15:19:19.758807+00:00
KRE,2024-11-05,59.130001068115234,56.24688720703125,16097500,0.0,0.0172028209465922,0.017202740478839518,0.0172028209465922,b946fb0f088a230d10f1d865b93570b485771320517a4c44880c3e6d6a81c18b,2026-10-07T15:19:19.758807+00:00
KRE,2024-11-06,67.05999755859375,63.790225982666016,64388300,0.0,0.13411121845479923,0.13411122197517433,0.13411121845479923,b946fb0f088a230d10f1d865b93570b485771320517a4c44880c3e6d6a81c18b,2026-10-07T15:19:19.758807+00:00
KRE,2024-11-07,64.62999725341797,61.47871398925781,25755100,0.0,-0.036236212252357514,-0.03623614680462672,-0.036236212252357514,b946fb0f088a230d10f1d865b93570b485771320517a4c44880c3e6d6a81c18b,2026-10-07T15:19:19.758807+00:00
KRE,2024-11-08,64.9800033569336,61.811649322509766,18268800,0.0,0.005415536413273081,0.005415457019971592,0.005415536413273081,b946fb0f088a230d10f1d865b93570b485771320517a4c44880c3e6d6a81c18b,2026-10-07T15:19:19.758807+00:00
KRE,2024-11-11,66.98999786376953,63.7236328125,20318600,0.0,0.030932508510273404,0.030932413403406134,0.030932508510273404,b946fb0f088a230d10f1d865b93570b485771320517a4c44880c3e6d6a81c18b,2026-10-07T15:19:19.758807+00:00
KRE,2024-11-12,66.5999984741211,63.352657318115234,16415200,0.0,-0.0058217555170182456,-0.005821631285151674,-0.0058217555170182456,b946fb0f088a230d10f1d865b93570b485771320517a4c44880c3e6d6a81c18b,2026-10-07T15:19:19.758807+00:00
KRE,2024-11-13,66.19000244140625,62.962642669677734,14123700,0.0,-0.006156096728352933,-0.0061562476610744765,-0.006156096728352933,b946fb0f088a230d10f1d865b93570b485771320517a4c44880c3e6d6a81c18b,2026-10-07T15:19:19.758807+00:00
KRE,2024-11-14,65.83000183105469,62.62020492553711,9979900,0.0,-0.005438897070146664,-0.005438744779776239,-0.005438897070146664,b946fb0f088a230d10f1d865b93570b485771320517a4c44880c3e6d6a81c18b,2026-10-07T15:19:19.758807+00:00
KRE,2024-11-15,65.83999633789062,62.62971496582031,13443700,0.0,0.00015182297672700074,0.00015186855895010787,0.00015182297672700074,b946fb0f088a230d10f1d865b93570b485771320517a4c44880c3e6d6a81c18b,2026-10-07T15:19:19.758807+00:00
KRE,2024-11-18,65.72000122070312,62.51556396484375,7434200,0.0,-0.0018225261825909334,-0.0018226332506680043,-0.0018225261825909334,b946fb0f088a230d10f1d865b93570b485771320517a4c44880c3e6d6a81c18b,2026-10-07T15:19:19.758807+00:00
KRE,2024-11-19,65.33999633789062,62.15410232543945,8318600,0.0,-0.005782180093642286,-0.005781946390303161,-0.005782180093642286,b946fb0f088a230d10f1d865b93570b485771320517a4c44880c3e6d6a81c18b,2026-10-07T15:19:19.758807+00:00
KRE,2024-11-20,65.16000366210938,61.982872009277344,9427700,0.0,-0.002754708997081301,-0.0027549318509266785,-0.002754708997081301,b946fb0f088a230d10f1d865b93570b485771320517a4c44880c3e6d6a81c18b,2026-10-07T15:19:19.758807+00:00
KRE,2024-11-21,66.12999725341797,62.90557098388672,15814000,0.0,0.014886334204929463,0.014886353999073565,0.014886334204929463,b946fb0f088a230d10f1d865b93570b485771320517a4c44880c3e6d6a81c18b,2026-10-07T15:19:19.758807+00:00
KRE,2024-11-22,67.79000091552734,64.48462677001953,16224900,0.0,0.02510212809699719,0.02510200227794268,0.02510212809699719,b946fb0f088a230d10f1d865b93570b485771320517a4c44880c3e6d6a81c18b,2026-10-07T15:19:19.758807+00:00
KRE,2024-11-25,68.9000015258789,65.54051208496094,22010600,0.0,0.016374105256831806,0.016374217667525004,0.016374105256831806,b946fb0f088a230d10f1d865b93570b485771320517a4c44880c3e6d6a81c18b,2026-10-07T15:19:19.758807+00:00
KRE,2024-11-26,68.16000366210938,64.83660125732422,10961200,0.0,-0.010740171950382127,-0.010740087393950049,-0.010740171950382127,b946fb0f088a230d10f1d865b93570b485771320517a4c44880c3e6d6a81c18b,2026-10-07T15:19:19.758807+00:00
KRE,2024-11-27,67.94000244140625,64.62732696533203,8516700,0.0,-0.003227717266474084,-0.003227718417281311,-0.003227717266474084,b946fb0f088a230d10f1d865b93570b485771320517a4c44880c3e6d6a81c18b,2026-10-07T15:19:19.758807+00:00
KRE,2024-11-29,67.7300033569336,64.42755126953125,5060700,0.0,-0.0030909490274712015,-0.0030911953995551578,-0.0030909490274712015,b946fb0f088a230d10f1d865b93570b485771320517a4c44880c3e6d6a81c18b,2026-10-07T15:19:19.758807+00:00
KRE,2024-12-02,67.08999633789062,63.81875991821289,12988800,0.0,-0.009449387085811334,-0.009449239328862546,-0.009449387085811334,b946fb0f088a230d10f1d865b93570b485771320517a4c44880c3e6d6a81c18b,2026-10-07T15:19:19.758807+00:00
KRE,2024-12-03,66.5,63.25754165649414,12429200,0.0,-0.008794102997400355,-0.00879393868570899,-0.008794102997400355,b946fb0f088a230d10f1d865b93570b485771320517a4c44880c3e6d6a81c18b,2026-10-07T15:19:19.758807+00:00
KRE,2024-12-04,66.70999908447266,63.4572868347168,11747000,0.0,0.003157880969513638,0.003157650028629444,0.003157880969513638,b946fb0f088a230d10f1d865b93570b485771320517a4c44880c3e6d6a81c18b,2026-10-07T15:19:19.758807+00:00
KRE,2024-12-05,66.37000274658203,63.133872985839844,8069500,0.0,-0.005096632327338146,-0.0050965596704335425,-0.005096632327338146,b946fb0f088a230d10f1d865b93570b485771320517a4c44880c3e6d6a81c18b,2026-10-07T15:19:19.758807+00:00
KRE,2024-12-06,66.55999755859375,63.314605712890625,7414000,0.0,0.0028626609032573747,0.0028626903198432085,0.0028626609032573747,b946fb0f088a230d10f1d865b93570b485771320517a4c44880c3e6d6a81c18b,2026-10-07T15:19:19.758807+00:00
KRE,2024-12-09,65.4800033569336,62.28726577758789,9580200,0.0,-0.0162258750191423,-0.016225954876215476,-0.0162258750191423,b946fb0f088a230d10f1d865b93570b485771320517a4c44880c3e6d6a81c18b,2026-10-07T15:19:19.758807+00:00
KRE,2024-12-10,65.47000122070312,62.27776336669922,10739800,0.0,-0.00015275100362999172,-0.0001525578426030405,-0.00015275100362999172,b946fb0f088a230d10f1d865b93570b485771320517a4c44880c3e6d6a81c18b,2026-10-07T15:19:19.758807+00:00
KRE,2024-12-11,65.80999755859375,62.60117721557617,12435800,0.0,0.005193162235395121,0.005193087089089055,0.005193162235395121,b946fb0f088a230d10f1d865b93570b485771320517a4c44880c3e6d6a81c18b,2026-10-07T15:19:19.758807+00:00
KRE,2024-12-12,65.01000213623047,61.840187072753906,10548800,0.0,-0.012156138155923868,-0.012156163456825797,-0.012156138155923868,b946fb0f088a230d10f1d865b93570b485771320517a4c44880c3e6d6a81c18b,2026-10-07T15:19:19.758807+00:00
KRE,2024-12-13,64.7699966430664,61.61188507080078,10990900,0.0,-0.003691824108252195,-0.003691806457256197,-0.003691824108252195,b946fb0f088a230d10f1d865b93570b485771320517a4c44880c3e6d6a81c18b,2026-10-07T15:19:19.758807+00:00
KRE,2024-12-16,65.08999633789062,61.91627883911133,10993500,0.0,0.004940554445103107,0.004940504059578021,0.004940554445103107,b946fb0f088a230d10f1d865b93570b485771320517a4c44880c3e6d6a81c18b,2026-10-07T15:19:19.758807+00:00
KRE,2024-12-17,63.560001373291016,60.46088790893555,16791200,0.0,-0.023505838848986937,-0.023505788097466174,-0.023505838848986937,b946fb0f088a230d10f1d865b93570b485771320517a4c44880c3e6d6a81c18b,2026-10-07T15:19:19.758807+00:00
KRE,2024-12-18,60.2599983215332,57.3217887878418,25891300,0.0,-0.051919493084600976,-0.05191950084857788,-0.051919493084600976,b946fb0f088a230d10f1d865b93570b485771320517a4c44880c3e6d6a81c18b,2026-10-07T15:19:19.758807+00:00
KRE,2024-12-19,59.72999954223633,56.817630767822266,27602700,0.0,-0.008795200697964245,-0.008795224829523551,-0.008795200697964245,b946fb0f088a230d10f1d865b93570b485771320517a4c44880c3e6d6a81c18b,2026-10-07T15:19:19.758807+00:00
KRE,2024-12-20,60.810001373291016,57.844974517822266,20130500,0.0,0.018081396941766137,0.018081425362456605,0.018081396941766137,b946fb0f088a230d10f1d865b93570b485771320517a4c44880c3e6d6a81c18b,2026-10-07T15:19:19.758807+00:00
KRE,2024-12-23,60.599998474121094,58.03843688964844,10452900,0.412,-0.0034534269762762637,0.0033444974855432186,0.0033217743178475256,b946fb0f088a230d10f1d865b93570b485771320517a4c44880c3e6d6a81c18b,2026-10-07T15:19:19.758807+00:00
KRE,2024-12-24,61.040000915527344,58.459835052490234,5302800,0.0,0.007260766542661834,0.007260673881397395,0.007260766542661834,b946fb0f088a230d10f1d865b93570b485771320517a4c44880c3e6d6a81c18b,2026-10-07T15:19:19.758807+00:00
KRE,2024-12-26,61.33000183105469,58.737579345703125,7394400,0.0,0.004750997889542585,0.004751027657938334,0.004750997889542585,b946fb0f088a230d10f1d865b93570b485771320517a4c44880c3e6d6a81c18b,2026-10-07T15:19:19.758807+00:00
KRE,2024-12-27,60.56999969482422,58.00969696044922,8144000,0.0,-0.012392012286646326,-0.012392107290801313,-0.012392012286646326,b946fb0f088a230d10f1d865b93570b485771320517a4c44880c3e6d6a81c18b,2026-10-07T15:19:19.758807+00:00
KRE,2024-12-30,60.41999816894531,57.86603927612305,6190400,0.0,-0.002476498706202257,-0.0024764425924189704,-0.002476498706202257,b946fb0f088a230d10f1d865b93570b485771320517a4c44880c3e6d6a81c18b,2026-10-07T15:19:19.758807+00:00
KRE,2024-12-31,60.349998474121094,57.79899978637695,6166000,0.0,-0.0011585517534854484,-0.0011585290886455546,-0.0011585517534854484,b946fb0f088a230d10f1d865b93570b485771320517a4c44880c3e6d6a81c18b,2026-10-07T15:19:19.758807+00:00
KRE,2025-01-02,59.68000030517578,57.157318115234375,8480200,0.0,-0.011101875491059343,-0.01110195113261836,-0.011101875491059343,b946fb0f088a230d10f1d865b93570b485771320517a4c44880c3e6d6a81c18b,2026-10-07T15:19:19.758807+00:00
KRE,2025-01-03,60.54999923706055,57.99054718017578,11736900,0.0,0.01457773001735907,0.014577819471192521,0.01457773001735907,b946fb0f088a230d10f1d865b93570b485771320517a4c44880c3e6d6a81c18b,2026-10-07T15:19:19.758807+00:00
KRE,2025-01-06,60.68000030517578,58.115047454833984,13557300,0.0,0.002147003629286104,0.0021469063616761375,0.002147003629286104,b946fb0f088a230d10f1d865b93570b485771320517a4c44880c3e6d6a81c18b,2026-10-07T15:19:19.758807+00:00
KRE,2025-01-07,60.11000061035156,57.56914520263672,9219500,0.0,-0.009393534804837511,-0.009393475117120631,-0.009393534804837511,b946fb0f088a230d10f1d865b93570b485771320517a4c44880c3e6d6a81c18b,2026-10-07T15:19:19.758807+00:00
KRE,2025-01-08,60.09000015258789,57.54998779296875,10845000,0.0,-0.0003327309525966715,-0.0003327721751041901,-0.0003327309525966715,b946fb0f088a230d10f1d865b93570b485771320517a4c44880c3e6d6a81c18b,2026-10-07T15:19:19.758807+00:00
KRE,2025-01-10,58.310001373291016,55.84523391723633,18474900,0.0,-0.029622212926891045,-0.02962214139584407,-0.029622212926891045,b946fb0f088a230d10f1d865b93570b485771320517a4c44880c3e6d6a81c18b,2026-10-07T15:19:19.758807+00:00
KRE,2025-01-13,59.18000030517578,56.67845916748047,12518300,0.0,0.014920235146543392,0.014920257142784887,0.014920235146543392,b946fb0f088a230d10f1d865b93570b485771320517a4c44880c3e6d6a81c18b,2026-10-07T15:19:19.758807+00:00
KRE,2025-01-14,61.189998626708984,58.60349655151367,15167700,0.0,0.03396414854964802,0.03396417990730605,0.03396414854964802,b946fb0f088a230d10f1d865b93570b485771320517a4c44880c3e6d6a81c18b,2026-10-07T15:19:19.758807+00:00
KRE,2025-01-15,62.72999954223633,60.07839584350586,19826900,0.0,0.025167526558092623,0.02516742820448803,0.025167526558092623,b946fb0f088a230d10f1d865b93570b485771320517a4c44880c3e6d6a81c18b,2026-10-07T15:19:19.758807+00:00
KRE,2025-01-16,62.13999938964844,59.51333236694336,16387700,0.0,-0.009405390672618141,-0.009405435491892877,-0.009405390672618141,b946fb0f088a230d10f1d865b93570b485771320517a4c44880c3e6d6a81c18b,2026-10-07T15:19:19.758807+00:00
KRE,2025-01-17,63.06999969482422,60.404029846191406,12008000,0.0,0.014966210400875868,0.01496635197229823,0.014966210400875868,b946fb0f088a230d10f1d865b93570b485771320517a4c44880c3e6d6a81c18b,2026-10-07T15:19:19.758807+00:00
KRE,2025-01-21,63.849998474121094,61.15105438232422,11819100,0.0,0.012367191740463745,0.01236713076983409,0.012367191740463745,b946fb0f088a230d10f1d865b93570b485771320517a4c44880c3e6d6a81c18b,2026-10-07T15:19:19.758807+00:00
KRE,2025-01-22,63.09000015258789,60.423179626464844,12433300,0.0,-0.011902871412616145,-0.011902897884779051,-0.011902871412616145,b946fb0f088a230d10f1d865b93570b485771320517a4c44880c3e6d6a81c18b,2026-10-07T15:19:19.758807+00:00
KRE,2025-01-23,62.86000061035156,60.202903747558594,8214300,0.0,-0.003645578406721417,-0.0036455525887248985,-0.003645578406721417,b946fb0f088a230d10f1d865b93570b485771320517a4c44880c3e6d6a81c18b,2026-10-07T15:19:19.758807+00:00
KRE,2025-01-24,63.33000183105469,60.653038024902344,10066800,0.0,0.007476952213483212,0.00747695292624484,0.007476952213483212,b946fb0f088a230d10f1d865b93570b485771320517a4c44880c3e6d6a81c18b,2026-10-07T15:19:19.758807+00:00
KRE,2025-01-27,64.0,61.29471206665039,11852400,0.0,0.010579474965635827,0.010579421289409918,0.010579474965635827,b946fb0f088a230d10f1d865b93570b485771320517a4c44880c3e6d6a81c18b,2026-10-07T15:19:19.758807+00:00
KRE,2025-01-28,63.68000030517578,60.988243103027344,7274500,0.0,-0.004999995231628418,-0.004999925006414885,-0.004999995231628418,b946fb0f088a230d10f1d865b93570b485771320517a4c44880c3e6d6a81c18b,2026-10-07T15:19:19.758807+00:00
KRE,2025-01-29,63.61000061035156,60.921199798583984,8161800,0.0,-0.0010992414335545542,-0.0010992824359623565,-0.0010992414335545542,b946fb0f088a230d10f1d865b93570b485771320517a4c44880c3e6d6a81c18b,2026-10-07T15:19:19.758807+00:00
KRE,2025-01-30,64.31999969482422,61.6011848449707,10865900,0.0,0.011161752517844015,0.011161714618800556,0.011161752517844015,b946fb0f088a230d10f1d865b93570b485771320517a4c44880c3e6d6a81c18b,2026-10-07T15:19:19.758807+00:00
KRE,2025-01-31,64.16000366210938,61.44795608520508,13442500,0.0,-0.002487500520428565,-0.0024874320218231105,-0.002487500520428565,b946fb0f088a230d10f1d865b93570b485771320517a4c44880c3e6d6a81c18b,2026-10-07T15:19:19.758807+00:00
KRE,2025-02-03,62.83000183105469,60.174171447753906,13678500,0.0,-0.020729453789606667,-0.020729487498085564,-0.020729453789606667,b946fb0f088a230d10f1d865b93570b485771320517a4c44880c3e6d6a81c18b,2026-10-07T15:19:19.758807+00:00
KRE,2025-02-04,64.05000305175781,61.34260177612305,10220800,0.0,0.019417494590938,0.01941747265076388,0.019417494590938,b946fb0f088a230d10f1d865b93570b485771320517a4c44880c3e6d6a81c18b,2026-10-07T15:19:19.758807+00:00
KRE,2025-02-05,64.75,62.01301193237305,6928700,0.0,0.010928913581417454,0.010928948835537522,0.010928913581417454,b946fb0f088a230d10f1d865b93570b485771320517a4c44880c3e6d6a81c18b,2026-10-07T15:19:19.758807+00:00
KRE,2025-02-06,65.5,62.7313117980957,7723800,0.0,0.01158301158301156,0.011583050771763581,0.01158301158301156,b946fb0f088a230d10f1d865b93570b485771320517a4c44880c3e6d6a81c18b,2026-10-07T15:19:19.758807+00:00
KRE,2025-02-07,64.62999725341797,61.8980827331543,11858700,0.0,-0.013282484680641748,-0.01328250663118924,-0.013282484680641748,b946fb0f088a230d10f1d865b93570b485771320517a4c44880c3e6d6a81c18b,2026-10-07T15:19:19.758807+00:00
KRE,2025-02-10,63.880001068115234,61.17979431152344,9476600,0.0,-0.011604459495208608,-0.011604372702906374,-0.011604459495208608,b946fb0f088a230d10f1d865b93570b485771320517a4c44880c3e6d6a81c18b,2026-10-07T15:19:19.758807+00:00
KRE,2025-02-11,64.93000030517578,62.18540573120117,9398300,0.0,0.016437057287161494,0.016436985952539063,0.016437057287161494,b946fb0f088a230d10f1d865b93570b485771320517a4c44880c3e6d6a81c18b,2026-10-07T15:19:19.758807+00:00
KRE,2025-02-12,63.40999984741211,60.72964859008789,12050500,0.0,-0.023409832906507888,-0.023409948427543403,-0.023409832906507888,b946fb0f088a230d10f1d865b93570b485771320517a4c44880c3e6d6a81c18b,2026-10-07T15:19:19.758807+00:00
KRE,2025-02-13,63.689998626708984,60.99781799316406,8818400,0.0,0.004415688061357059,0.004415790463176528,0.004415688061357059,b946fb0f088a230d10f1d865b93570b485771320517a4c44880c3e6d6a81c18b,2026-10-07T15:19:19.758807+00:00
KRE,2025-02-14,63.88999938964844,61.189361572265625,7019500,0.0,0.003140222440758178,0.00314017099960906,0.003140222440758178,b946fb0f088a230d10f1d865b93570b485771320517a4c44880c3e6d6a81c18b,2026-10-07T15:19:19.758807+00:00
KRE,2025-02-18,64.45999908447266,61.735267639160156,9812300,0.0,0.0089215792811006,0.008921584616466527,0.0089215792811006,b946fb0f088a230d10f1d865b93570b485771320517a4c44880c3e6d6a81c18b,2026-10-07T15:19:19.758807+00:00
KRE,2025-02-19,64.22000122070312,61.50541687011719,6812000,0.0,-0.0037232061305961794,-0.0037231679367850656,-0.0037232061305961794,b946fb0f088a230d10f1d865b93570b485771320517a4c44880c3e6d6a81c18b,2026-10-07T15:19:19.758807+00:00
KRE,2025-02-20,63.060001373291016,60.39445495605469,12905200,0.0,-0.01806290603180727,-0.018062830407418407,-0.01806290603180727,b946fb0f088a230d10f1d865b93570b485771320517a4c44880c3e6d6a81c18b,2026-10-07T15:19:19.758807+00:00
KRE,2025-02-21,61.41999816894531,58.823768615722656,20368300,0.0,-0.02600702772963026,-0.026007128327839357,-0.02600702772963026,b946fb0f088a230d10f1d865b93570b485771320517a4c44880c3e6d6a81c18b,2026-10-07T15:19:19.758807+00:00
KRE,2025-02-24,60.970001220703125,58.392791748046875,12768100,0.0,-0.007326554243853978,-0.007326576957202735,-0.007326554243853978,b946fb0f088a230d10f1d865b93570b485771320517a4c44880c3e6d6a81c18b,2026-10-07T15:19:19.758807+00:00
KRE,2025-02-25,61.0099983215332,58.43109893798828,13702600,0.0,0.0006560127936572346,0.0006560260058585676,0.0006560127936572346,b946fb0f088a230d10f1d865b93570b485771320517a4c44880c3e6d6a81c18b,2026-10-07T15:19:19.758807+00:00
KRE,2025-02-26,61.16999816894531,58.58433532714844,9547900,0.0,0.0026225184693315917,0.002622514242334839,0.0026225184693315917,b946fb0f088a230d10f1d865b93570b485771320517a4c44880c3e6d6a81c18b,2026-10-07T15:19:19.758807+00:00
KRE,2025-02-27,61.2599983215332,58.6705322265625,10620100,0.0,0.0014713120039553385,0.001471330159038553,0.0014713120039553385,b946fb0f088a230d10f1d865b93570b485771320517a4c44880c3e6d6a81c18b,2026-10-07T15:19:19.758807+00:00
KRE,2025-02-28,62.06999969482422,59.44629669189453,10113800,0.0,0.013222353827690103,0.013222386705754374,0.013222353827690103,b946fb0f088a230d10f1d865b93570b485771320517a4c44880c3e6d6a81c18b,2026-10-07T15:19:19.758807+00:00
KRE,2025-03-03,61.18000030517578,58.59392166137695,13098800,0.0,-0.014338640148610304,-0.014338572425047325,-0.014338640148610304,b946fb0f088a230d10f1d865b93570b485771320517a4c44880c3e6d6a81c18b,2026-10-07T15:19:19.758807+00:00
KRE,2025-03-04,59.040000915527344,56.54437255859375,27735800,0.0,-0.03497874107508614,-0.03497886887701174,-0.03497874107508614,b946fb0f088a230d10f1d865b93570b485771320517a4c44880c3e6d6a81c18b,2026-10-07T15:19:19.758807+00:00
KRE,2025-03-05,58.709999084472656,56.22832107543945,20097300,0.0,-0.005589461821432606,-0.005589441864029765,-0.005589461821432606,b946fb0f088a230d10f1d865b93570b485771320517a4c44880c3e6d6a81c18b,2026-10-07T15:19:19.758807+00:00
KRE,2025-03-06,57.7599983215332,55.318485260009766,17350600,0.0,-0.016181243020845226,-0.016181095185271444,-0.016181243020845226,b946fb0f088a230d10f1d865b93570b485771320517a4c44880c3e6d6a81c18b,2026-10-07T15:19:19.758807+00:00
KRE,2025-03-07,57.689998626708984,55.25143814086914,18411900,0.0,-0.0012119061090436478,-0.0012120201561103272,-0.0012119061090436478,b946fb0f088a230d10f1d865b93570b485771320517a4c44880c3e6d6a81c18b,2026-10-07T15:19:19.758807+00:00
KRE,2025-03-10,55.40999984741211,53.06781768798828,22840900,0.0,-0.03952156064433143,-0.039521513400492814,-0.03952156064433143,b946fb0f088a230d10f1d865b93570b485771320517a4c44880c3e6d6a81c18b,2026-10-07T15:19:19.758807+00:00
KRE,2025-03-11,55.11000061035156,52.78049087524414,18462500,0.0,-0.005414171411057267,-0.00541433255148116,-0.005414171411057267,b946fb0f088a230d10f1d865b93570b485771320517a4c44880c3e6d6a81c18b,2026-10-07T15:19:19.758807+00:00
KRE,2025-03-12,55.75,53.3934440612793,16149600,0.0,0.011613126157872466,0.011613252849125288,0.011613126157872466,b946fb0f088a230d10f1d865b93570b485771320517a4c44880c3e6d6a81c18b,2026-10-07T15:19:19.758807+00:00
KRE,2025-03-13,55.130001068115234,52.799652099609375,15280700,0.0,-0.011121057074166218,-0.011121064994204732,-0.011121057074166218,b946fb0f088a230d10f1d865b93570b485771320517a4c44880c3e6d6a81c18b,2026-10-07T15:19:19.758807+00:00
KRE,2025-03-14,56.7599983215332,54.360748291015625,13613400,0.0,0.029566428837976,0.02956641056007636,0.029566428837976,b946fb0f088a230d10f1d865b93570b485771320517a4c44880c3e6d6a81c18b,2026-10-07T15:19:19.758807+00:00
KRE,2025-03-17,57.130001068115234,54.71510696411133,12034500,0.0,0.006518723705487783,0.0065186496550539985,0.006518723705487783,b946fb0f088a230d10f1d865b93570b485771320517a4c44880c3e6d6a81c18b,2026-10-07T15:19:19.758807+00:00
KRE,2025-03-18,56.970001220703125,54.56187057495117,9441100,0.0,-0.0028006274185317093,-0.0028006230392763065,-0.0028006274185317093,b946fb0f088a230d10f1d865b93570b485771320517a4c44880c3e6d6a81c18b,2026-10-07T15:19:19.758807+00:00
KRE,2025-03-19,57.68000030517578,55.24186325073242,10580000,0.0,0.01246268332911038,0.012462781583837845,0.01246268332911038,b946fb0f088a230d10f1d865b93570b485771320517a4c44880c3e6d6a81c18b,2026-10-07T15:19:19.758807+00:00
KRE,2025-03-20,57.290000915527344,54.86834716796875,10861500,0.0,-0.006761431823595898,-0.006761467857598347,-0.006761431823595898,b946fb0f088a230d10f1d865b93570b485771320517a4c44880c3e6d6a81c18b,2026-10-07T15:19:19.758807+00:00
KRE,2025-03-21,57.2599983215332,54.83961868286133,16073400,0.0,-0.0005236968670742081,-0.0005235894024558929,-0.0005236968670742081,b946fb0f088a230d10f1d865b93570b485771320517a4c44880c3e6d6a81c18b,2026-10-07T15:19:19.758807+00:00
KRE,2025-03-24,58.43000030517578,56.33203125,10312200,0.378,0.020433147361839543,0.027214131005711906,0.027034614548014035,b946fb0f088a230d10f1d865b93570b485771320517a4c44880c3e6d6a81c18b,2026-10-07T15:19:19.758807+00:00
KRE,2025-03-25,58.25,56.15849685668945,8875100,0.0,-0.0030806144828966486,-0.003080563392795277,-0.0030806144828966486,b946fb0f088a230d10f1d865b93570b485771320517a4c44880c3e6d6a81c18b,2026-10-07T15:19:19.758807+00:00
KRE,2025-03-26,58.0099983215332,55.9271125793457,10035600,0.0,-0.004120200488700321,-0.0041202006872480545,-0.004120200488700321,b946fb0f088a230d10f1d865b93570b485771320517a4c44880c3e6d6a81c18b,2026-10-07T15:19:19.758807+00:00
KRE,2025-03-27,57.54999923706055,55.48362731933594,8728200,0.0,-0.007929651745945732,-0.007929700632775871,-0.007929651745945732,b946fb0f088a230d10f1d865b93570b485771320517a4c44880c3e6d6a81c18b,2026-10-07T15:19:19.758807+00:00
KRE,2025-03-28,56.40999984741211,54.384559631347656,10703700,0.0,-0.019808851516270876,-0.019808865084876226,-0.019808851516270876,b946fb0f088a230d10f1d865b93570b485771320517a4c44880c3e6d6a81c18b,2026-10-07T15:19:19.758807+00:00
KRE,2025-03-31,56.849998474121094,54.80876541137695,9410500,0.0,0.007800011130990381,0.007800114277008552,0.007800011130990381,b946fb0f088a230d10f1d865b93570b485771320517a4c44880c3e6d6a81c18b,2026-10-07T15:19:19.758807+00:00
KRE,2025-04-01,56.41999816894531,54.39419937133789,10657200,0.0,-0.007563769863099035,-0.007563863862421694,-0.007563769863099035,b946fb0f088a230d10f1d865b93570b485771320517a4c44880c3e6d6a81c18b,2026-10-07T15:19:19.758807+00:00
KRE,2025-04-02,57.220001220703125,55.16548156738281,12999800,0.0,0.014179423568257965,0.014179493493038375,0.014179423568257965,b946fb0f088a230d10f1d865b93570b485771320517a4c44880c3e6d6a81c18b,2026-10-07T15:19:19.758807+00:00
KRE,2025-04-03,51.310001373291016,49.46767807006836,37195800,0.0,-0.10328555961781027,-0.10328566588066079,-0.10328555961781027,b946fb0f088a230d10f1d865b93570b485771320517a4c44880c3e6d6a81c18b,2026-10-07T15:19:19.758807+00:00
KRE,2025-04-04,49.2599983215332,47.49128723144531,39449000,0.0,-0.03995328389963604,-0.03995317580549451,-0.03995328389963604,b946fb0f088a230d10f1d865b93570b485771320517a4c44880c3e6d6a81c18b,2026-10-07T15:19:19.758807+00:00
KRE,2025-04-07,49.27000045776367,47.50092697143555,32051500,0.0,0.00020304783944946614,0.0002029791263238323,0.00020304783944946614,b946fb0f088a230d10f1d865b93570b485771320517a4c44880c3e6d6a81c18b,2026-10-07T15:19:19.758807+00:00
KRE,2025-04-08,48.810001373291016,47.05744552612305,23365600,0.0,-0.009336291459282386,-0.009336269281211784,-0.009336291459282386,b946fb0f088a230d10f1d865b93570b485771320517a4c44880c3e6d6a81c18b,2026-10-07T15:19:19.758807+00:00
KRE,2025-04-09,52.630001068115234,50.74028778076172,39718800,0.0,0.07826264264181182,0.0782626896437506,0.07826264264181182,b946fb0f088a230d10f1d865b93570b485771320517a4c44880c3e6d6a81c18b,2026-10-07T15:19:19.758807+00:00
KRE,2025-04-10,49.400001525878906,47.626258850097656,31201100,0.0,-0.06137183121193501,-0.06137192095005717,-0.06137183121193501,b946fb0f088a230d10f1d865b93570b485771320517a4c44880c3e6d6a81c18b,2026-10-07T15:19:19.758807+00:00
KRE,2025-04-11,49.2599983215332,47.49128723144531,25140600,0.0,-0.0028340728749240984,-0.002833974826306651,-0.0028340728749240984,b946fb0f088a230d10f1d865b93570b485771320517a4c44880c3e6d6a81c18b,2026-10-07T15:19:19.758807+00:00
KRE,2025-04-14,50.119998931884766,48.320411682128906,15330900,0.0,0.01745839706972996,0.017458453940044194,0.01745839706972996,b946fb0f088a230d10f1d865b93570b485771320517a4c44880c3e6d6a81c18b,2026-10-07T15:19:19.758807+00:00
KRE,2025-04-15,50.970001220703125,49.13988494873047,14787700,0.0,0.016959343713744968,0.016959153245472924,0.016959343713744968,b946fb0f088a230d10f1d865b93570b485771320517a4c44880c3e6d6a81c18b,2026-10-07T15:19:19.758807+00:00
KRE,2025-04-16,50.959999084472656,49.13024139404297,18774600,0.0,-0.00019623574633942376,-0.000196246993609428,-0.00019623574633942376,b946fb0f088a230d10f1d865b93570b485771320517a4c44880c3e6d6a81c18b,2026-10-07T15:19:19.758807+00:00
KRE,2025-04-17,51.41999816894531,49.573734283447266,25653500,0.0,0.009026669794678588,0.009026881953363874,0.009026669794678588,b946fb0f088a230d10f1d865b93570b485771320517a4c44880c3e6d6a81c18b,2026-10-07T15:19:19.758807+00:00
KRE,2025-04-21,50.7400016784668,48.918148040771484,12011600,0.0,-0.013224358512116674,-0.013224467596637757,-0.013224358512116674,b946fb0f088a230d10f1d865b93570b485771320517a4c44880c3e6d6a81c18b,2026-10-07T15:19:19.758807+00:00
KRE,2025-04-22,52.369998931884766,50.48961639404297,12706200,0.0,0.032124501369689806,0.03212444493936539,0.032124501369689806,b946fb0f088a230d10f1d865b93570b485771320517a4c44880c3e6d6a81c18b,2026-10-07T15:19:19.758807+00:00
KRE,2025-04-23,53.54999923706055,51.627254486083984,28543700,0.0,0.02253199024713659,0.02253211993457005,0.02253199024713659,b946fb0f088a230d10f1d865b93570b485771320517a4c44880c3e6d6a81c18b,2026-10-07T15:19:19.758807+00:00
KRE,2025-04-24,54.45000076293945,52.494937896728516,13620400,0.0,0.016806751422996147,0.01680669288502279,0.016806751422996147,b946fb0f088a230d10f1d865b93570b485771320517a4c44880c3e6d6a81c18b,2026-10-07T15:19:19.758807+00:00
KRE,2025-04-25,53.95000076293945,52.01289367675781,10941100,0.0,-0.009182736326797558,-0.009182680069438565,-0.009182736326797558,b946fb0f088a230d10f1d865b93570b485771320517a4c44880c3e6d6a81c18b,2026-10-07T15:19:19.758807+00:00
KRE,2025-04-28,54.27000045776367,52.32139587402344,7236800,0.0,0.005931412239090106,0.005931263874355164,0.005931412239090106,b946fb0f088a230d10f1d865b93570b485771320517a4c44880c3e6d6a81c18b,2026-10-07T15:19:19.758807+00:00
KRE,2025-04-29,54.7599983215332,52.79380416870117,8643700,0.0,0.009028889987772848,0.009028969636344808,0.009028889987772848,b946fb0f088a230d10f1d865b93570b485771320517a4c44880c3e6d6a81c18b,2026-10-07T15:19:19.758807+00:00
KRE,2025-04-30,54.130001068115234,52.18642807006836,10159100,0.0,-0.011504698187147944,-0.011504685221999877,-0.011504698187147944,b946fb0f088a230d10f1d865b93570b485771320517a4c44880c3e6d6a81c18b,2026-10-07T15:19:19.758807+00:00
KRE,2025-05-01,54.72999954223633,52.76488494873047,10549200,0.0,0.011084397973058824,0.01108443133692627,0.011084397973058824,b946fb0f088a230d10f1d865b93570b485771320517a4c44880c3e6d6a81c18b,2026-10-07T15:19:19.758807+00:00
KRE,2025-05-02,56.2400016784668,54.22066879272461,11937900,0.0,0.02759002647287012,0.02759001266483696,0.02759002647287012,b946fb0f088a230d10f1d865b93570b485771320517a4c44880c3e6d6a81c18b,2026-10-07T15:19:19.758807+00:00
KRE,2025-05-05,56.040000915527344,54.02784729003906,10386700,0.0,-0.003556201226360023,-0.0035562361545680155,-0.003556201226360023,b946fb0f088a230d10f1d865b93570b485771320517a4c44880c3e6d6a81c18b,2026-10-07T15:19:19.758807+00:00
KRE,2025-05-06,55.459999084472656,53.46867370605469,7829700,0.0,-0.01034978268342579,-0.010349729112517636,-0.01034978268342579,b946fb0f088a230d10f1d865b93570b485771320517a4c44880c3e6d6a81c18b,2026-10-07T15:19:19.758807+00:00
KRE,2025-05-07,55.5099983215332,53.516876220703125,10934400,0.0,0.0009015369254585792,0.0009015094504387644,0.0009015369254585792,b946fb0f088a230d10f1d865b93570b485771320517a4c44880c3e6d6a81c18b,2026-10-07T15:19:19.758807+00:00
KRE,2025-05-08,56.849998474121094,54.80876541137695,11470200,0.0,0.024139798110353716,0.02413984675312686,0.024139798110353716,b946fb0f088a230d10f1d865b93570b485771320517a4c44880c3e6d6a81c18b,2026-10-07T15:19:19.758807+00:00
KRE,2025-05-09,56.58000183105469,54.548458099365234,6763000,0.0,-0.004749281447902098,-0.004749373755419173,-0.004749281447902098,b946fb0f088a230d10f1d865b93570b485771320517a4c44880c3e6d6a81c18b,2026-10-07T15:19:19.758807+00:00
KRE,2025-05-12,59.18000030517578,57.05510711669922,16337800,0.0,0.04595260498372844,0.0459527015918193,0.04595260498372844,b946fb0f088a230d10f1d865b93570b485771320517a4c44880c3e6d6a81c18b,2026-10-07T15:19:19.758807+00:00
KRE,2025-05-13,59.459999084472656,57.325050354003906,10082700,0.0,0.004731307500050574,0.004731272114739005,0.004731307500050574,b946fb0f088a230d10f1d865b93570b485771320517a4c44880c3e6d6a81c18b,2026-10-07T15:19:19.758807+00:00
KRE,2025-05-14,59.189998626708984,57.06474685668945,11334300,0.0,-0.004540875578892822,-0.00454083329551358,-0.004540875578892822,b946fb0f088a230d10f1d865b93570b485771320517a4c44880c3e6d6a81c18b,2026-10-07T15:19:19.758807+00:00
KRE,2025-05-15,59.25,57.12259292602539,7010400,0.0,0.001013707968966493,0.0010136918592000832,0.001013707968966493,b946fb0f088a230d10f1d865b93570b485771320517a4c44880c3e6d6a81c18b,2026-10-07T15:19:19.758807+00:00
KRE,2025-05-16,59.2400016784668,57.112953186035156,7961500,0.0,-0.00016874804275446298,-0.00016875529447202275,-0.00016874804275446298,b946fb0f088a230d10f1d865b93570b485771320517a4c44880c3e6d6a81c18b,2026-10-07T15:19:19.758807+00:00
KRE,2025-05-19,59.0,56.88156509399414,6665300,0.0,-0.004051344896467746,-0.004051411792475701,-0.004051344896467746,b946fb0f088a230d10f1d865b93570b485771320517a4c44880c3e6d6a81c18b,2026-10-07T15:19:19.758807+00:00
KRE,2025-05-20,58.72999954223633,56.62125778198242,6114300,0.0,-0.004576278945147005,-0.004576303615794863,-0.004576278945147005,b946fb0f088a230d10f1d865b93570b485771320517a4c44880c3e6d6a81c18b,2026-10-07T15:19:19.758807+00:00
KRE,2025-05-21,56.650001525878906,54.61594772338867,14385300,0.0,-0.03541627843639894,-0.03541620474619456,-0.03541627843639894,b946fb0f088a230d10f1d865b93570b485771320517a4c44880c3e6d6a81c18b,2026-10-07T15:19:19.758807+00:00
KRE,2025-05-22,56.650001525878906,54.61594772338867,11582400,0.0,0.0,0.0,0.0,b946fb0f088a230d10f1d865b93570b485771320517a4c44880c3e6d6a81c18b,2026-10-07T15:19:19.758807+00:00
KRE,2025-05-23,56.400001525878906,54.37492370605469,12386000,0.0,-0.004413062546623103,-0.0044130703096958435,-0.004413062546623103,b946fb0f088a230d10f1d865b93570b485771320517a4c44880c3e6d6a81c18b,2026-10-07T15:19:19.758807+00:00
KRE,2025-05-27,57.7400016784668,55.666805267333984,10649400,0.0,0.02375886731089949,0.023758774692964613,0.02375886731089949,b946fb0f088a230d10f1d865b93570b485771320517a4c44880c3e6d6a81c18b,2026-10-07T15:19:19.758807+00:00
KRE,2025-05-28,56.79999923706055,54.760555267333984,9277200,0.0,-0.016279917112590025,-0.01627989958553988,-0.016279917112590025,b946fb0f088a230d10f1d865b93570b485771320517a4c44880c3e6d6a81c18b,2026-10-07T15:19:19.758807+00:00
KRE,2025-05-29,57.290000915527344,55.232967376708984,11223200,0.0,0.008626790229727455,0.008626868501766305,0.008626790229727455,b946fb0f088a230d10f1d865b93570b485771320517a4c44880c3e6d6a81c18b,2026-10-07T15:19:19.758807+00:00
KRE,2025-05-30,56.880001068115234,54.83768844604492,7450700,0.0,-0.0071565690497481516,-0.007156576034890838,-0.0071565690497481516,b946fb0f088a230d10f1d865b93570b485771320517a4c44880c3e6d6a81c18b,2026-10-07T15:19:19.758807+00:00
KRE,2025-06-02,56.459999084472656,54.43276596069336,9412000,0.0,-0.007384000980232286,-0.00738401812377576,-0.007384000980232286,b946fb0f088a230d10f1d865b93570b485771320517a4c44880c3e6d6a81c18b,2026-10-07T15:19:19.758807+00:00
KRE,2025-06-03,57.349998474121094,55.29081344604492,9811700,0.0,0.01576336174424764,0.015763437154216353,0.01576336174424764,b946fb0f088a230d10f1d865b93570b485771320517a4c44880c3e6d6a81c18b,2026-10-07T15:19:19.758807+00:00
KRE,2025-06-04,56.63999938964844,54.60630416870117,9937100,0.0,-0.012380106423072301,-0.012380162900148317,-0.012380106423072301,b946fb0f088a230d10f1d865b93570b485771320517a4c44880c3e6d6a81c18b,2026-10-07T15:19:19.758807+00:00
KRE,2025-06-05,56.599998474121094,54.5677375793457,9112400,0.0,-0.0007062308608473122,-0.0007062662442108847,-0.0007062308608473122,b946fb0f088a230d10f1d865b93570b485771320517a4c44880c3e6d6a81c18b,2026-10-07T15:19:19.758807+00:00
KRE,2025-06-06,58.02000045776367,55.93675231933594,10195100,0.0,0.02508837494566074,0.025088354414539937,0.02508837494566074,b946fb0f088a230d10f1d865b93570b485771320517a4c44880c3e6d6a81c18b,2026-10-07T15:19:19.758807+00:00
KRE,2025-06-09,58.310001373291016,56.216339111328125,10121900,0.0,0.004998292196471965,0.0049982664419996325,0.004998292196471965,b946fb0f088a230d10f1d865b93570b485771320517a4c44880c3e6d6a81c18b,2026-10-07T15:19:19.758807+00:00
KRE,2025-06-10,58.93000030517578,56.8140754699707,10920500,0.0,0.010632805990101746,0.010632786981358722,0.010632805990101746,b946fb0f088a230d10f1d865b93570b485771320517a4c44880c3e6d6a81c18b,2026-10-07T15:19:19.758807+00:00
KRE,2025-06-11,58.130001068115234,56.04280471801758,15108500,0.0,-0.013575415457621864,-0.013575346348120743,-0.013575415457621864,b946fb0f088a230d10f1d865b93570b485771320517a4c44880c3e6d6a81c18b,2026-10-07T15:19:19.758807+00:00
KRE,2025-06-12,57.779998779296875,55.70537185668945,11134700,0.0,-0.0060210267054396915,-0.0060209845496836945,-0.0060210267054396915,b946fb0f088a230d10f1d865b93570b485771320517a4c44880c3e6d6a81c18b,2026-10-07T15:19:19.758807+00:00
KRE,2025-06-13,56.22999954223633,54.211021423339844,16697700,0.0,-0.02682587867440256,-0.02682596639322421,-0.02682587867440256,b946fb0f088a230d10f1d865b93570b485771320517a4c44880c3e6d6a81c18b,2026-10-07T15:19:19.758807+00:00
KRE,2025-06-16,56.4900016784668,54.461692810058594,11170600,0.0,0.004623904292141656,0.004623993057818021,0.004623904292141656,b946fb0f088a230d10f1d865b93570b485771320517a4c44880c3e6d6a81c18b,2026-10-07T15:19:19.758807+00:00
KRE,2025-06-17,55.790000915527344,53.78682327270508,10201800,0.0,-0.01239158686742059,-0.012391637177110892,-0.01239158686742059,b946fb0f088a230d10f1d865b93570b485771320517a4c44880c3e6d6a81c18b,2026-10-07T15:19:19.758807+00:00
KRE,2025-06-18,56.529998779296875,54.50025177001953,10753600,0.0,0.013263987302849722,0.013264001365116851,0.013263987302849722,b946fb0f088a230d10f1d865b93570b485771320517a4c44880c3e6d6a81c18b,2026-10-07T15:19:19.758807+00:00
KRE,2025-06-20,56.959999084472656,54.91481018066406,8055500,0.0,0.007606586139415672,0.007606541202669792,0.007606586139415672,b946fb0f088a230d10f1d865b93570b485771320517a4c44880c3e6d6a81c18b,2026-10-07T15:19:19.758807+00:00
KRE,2025-06-23,57.869998931884766,56.17776870727539,13769700,0.391,0.015976121173431945,0.02299850481967103,0.02284058757590035,b946fb0f088a230d10f1d865b93570b485771320517a4c44880c3e6d6a81c18b,2026-10-07T15:19:19.758807+00:00
KRE,2025-06-24,58.41999816894531,56.71168518066406,22359500,0.0,0.009504047817728845,0.00950405268266774,0.009504047817728845,b946fb0f088a230d10f1d865b93570b485771320517a4c44880c3e6d6a81c18b,2026-10-07T15:19:19.758807+00:00
KRE,2025-06-25,58.13999938964844,56.43987274169922,13312800,0.0,-0.004792858405903155,-0.004792882420949773,-0.004792858405903155,b946fb0f088a230d10f1d865b93570b485771320517a4c44880c3e6d6a81c18b,2026-10-07T15:19:19.758807+00:00
KRE,2025-06-26,59.47999954223633,57.740692138671875,13597100,0.0,0.0230478184839209,0.0230478796953697,0.0230478184839209,b946fb0f088a230d10f1d865b93570b485771320517a4c44880c3e6d6a81c18b,2026-10-07T15:19:19.758807+00:00
KRE,2025-06-27,59.45000076293945,57.711570739746094,13709600,0.0,-0.0005043506981800006,-0.0005043479363884273,-0.0005043506981800006,b946fb0f088a230d10f1d865b93570b485771320517a4c44880c3e6d6a81c18b,2026-10-07T15:19:19.758807+00:00
KRE,2025-06-30,59.38999938964844,57.653324127197266,15870700,0.0,-0.0010092745588057284,-0.00100927096251624,-0.0010092745588057284,b946fb0f088a230d10f1d865b93570b485771320517a4c44880c3e6d6a81c18b,2026-10-07T15:19:19.758807+00:00
KRE,2025-07-01,61.41999816894531,59.62396240234375,27903800,0.0,0.03418081832226294,0.03418082660418298,0.03418081832226294,b946fb0f088a230d10f1d865b93570b485771320517a4c44880c3e6d6a81c18b,2026-10-07T15:19:19.758807+00:00
KRE,2025-07-02,62.5099983215332,60.68208694458008,24511000,0.0,0.0177466653383751,0.017746632387429795,0.0177466653383751,b946fb0f088a230d10f1d865b93570b485771320517a4c44880c3e6d6a81c18b,2026-10-07T15:19:19.758807+00:00
KRE,2025-07-03,63.22999954223633,61.38103485107422,13924800,0.0,0.011518176932266977,0.011518191639197983,0.011518176932266977,b946fb0f088a230d10f1d865b93570b485771320517a4c44880c3e6d6a81c18b,2026-10-07T15:19:19.758807+00:00
KRE,2025-07-07,62.58000183105469,60.750038146972656,14947100,0.0,-0.010279894288904079,-0.010279994555851268,-0.010279894288904079,b946fb0f088a230d10f1d865b93570b485771320517a4c44880c3e6d6a81c18b,2026-10-07T15:19:19.758807+00:00
KRE,2025-07-08,63.150001525878906,61.30337905883789,15782900,0.0,0.009108336180031262,0.009108486656856707,0.009108336180031262,b946fb0f088a230d10f1d865b93570b485771320517a4c44880c3e6d6a81c18b,2026-10-07T15:19:19.758807+00:00
KRE,2025-07-09,63.119998931884766,61.27424621582031,11978700,0.0,-0.00047510044765153303,-0.0004752240979998268,-0.00047510044765153303,b946fb0f088a230d10f1d865b93570b485771320517a4c44880c3e6d6a81c18b,2026-10-07T15:19:19.758807+00:00
KRE,2025-07-10,63.56999969482422,61.711090087890625,13971300,0.0,0.007129289774308489,0.007129322660806903,0.007129289774308489,b946fb0f088a230d10f1d865b93570b485771320517a4c44880c3e6d6a81c18b,2026-10-07T15:19:19.758807+00:00
KRE,2025-07-11,62.88999938964844,61.05097579956055,13972600,0.0,-0.010696874444552584,-0.010696850232104538,-0.010696874444552584,b946fb0f088a230d10f1d865b93570b485771320517a4c44880c3e6d6a81c18b,2026-10-07T15:19:19.758807+00:00
KRE,2025-07-14,63.599998474121094,61.74021530151367,13430000,0.0,0.011289538740073768,0.011289573883568993,0.011289538740073768,b946fb0f088a230d10f1d865b93570b485771320517a4c44880c3e6d6a81c18b,2026-10-07T15:19:19.758807+00:00
KRE,2025-07-15,61.369998931884766,59.57542419433594,25955400,0.0,-0.035062886725441,-0.03506290181538552,-0.035062886725441,b946fb0f088a230d10f1d865b93570b485771320517a4c44880c3e6d6a81c18b,2026-10-07T15:19:19.758807+00:00
KRE,2025-07-16,61.90999984741211,60.099632263183594,17127300,0.0,0.008799102573338713,0.00879906565394628,0.008799102573338713,b946fb0f088a230d10f1d865b93570b485771320517a4c44880c3e6d6a81c18b,2026-10-07T15:19:19.758807+00:00
KRE,2025-07-17,63.16999816894531,61.322784423828125,12283000,0.0,0.02035209698980278,0.020352073957594197,0.02035209698980278,b946fb0f088a230d10f1d865b93570b485771320517a4c44880c3e6d6a81c18b,2026-10-07T15:19:19.758807+00:00
KRE,2025-07-18,63.27000045776367,61.41986846923828,15607500,0.0,0.0015830661978319949,0.0015831643380568305,0.0015830661978319949,b946fb0f088a230d10f1d865b93570b485771320517a4c44880c3e6d6a81c18b,2026-10-07T15:19:19.758807+00:00
KRE,2025-07-21,63.06999969482422,61.22571563720703,10888200,0.0,-0.003161067828234998,-0.0031610753469537567,-0.003161067828234998,b946fb0f088a230d10f1d865b93570b485771320517a4c44880c3e6d6a81c18b,2026-10-07T15:19:19.758807+00:00
KRE,2025-07-22,63.36000061035156,61.507232666015625,13751300,0.0,0.004598080179650577,0.004598019408653675,0.004598080179650577,b946fb0f088a230d10f1d865b93570b485771320517a4c44880c3e6d6a81c18b,2026-10-07T15:19:19.758807+00:00
KRE,2025-07-23,63.36000061035156,61.507232666015625,13203300,0.0,0.0,0.0,0.0,b946fb0f088a230d10f1d865b93570b485771320517a4c44880c3e6d6a81c18b,2026-10-07T15:19:19.758807+00:00
KRE,2025-07-24,62.18000030517578,60.36174011230469,15251000,0.0,-0.01862374201087047,-0.018623704954032982,-0.01862374201087047,b946fb0f088a230d10f1d865b93570b485771320517a4c44880c3e6d6a81c18b,2026-10-07T15:19:19.758807+00:00
KRE,2025-07-25,61.93000030517578,60.119049072265625,19311400,0.0,-0.004020585377501051,-0.00402061039969237,-0.004020585377501051,b946fb0f088a230d10f1d865b93570b485771320517a4c44880c3e6d6a81c18b,2026-10-07T15:19:19.758807+00:00
KRE,2025-07-28,61.880001068115234,60.07051086425781,9190900,0.0,-0.0008073508285832975,-0.000807368192891178,-0.0008073508285832975,b946fb0f088a230d10f1d865b93570b485771320517a4c44880c3e6d6a81c18b,2026-10-07T15:19:19.758807+00:00
KRE,2025-07-29,61.58000183105469,59.7792854309082,10510500,0.0,-0.004848080670365795,-0.004848059874298372,-0.004848080670365795,b946fb0f088a230d10f1d865b93570b485771320517a4c44880c3e6d6a81c18b,2026-10-07T15:19:19.758807+00:00
KRE,2025-07-30,60.790000915527344,59.01238250732422,15835500,0.0,-0.01282885501846398,-0.012828907506269194,-0.01282885501846398,b946fb0f088a230d10f1d865b93570b485771320517a4c44880c3e6d6a81c18b,2026-10-07T15:19:19.758807+00:00
KRE,2025-07-31,60.060001373291016,58.303733825683594,18328500,0.0,-0.012008546327392233,-0.012008474349475273,-0.012008546327392233,b946fb0f088a230d10f1d865b93570b485771320517a4c44880c3e6d6a81c18b,2026-10-07T15:19:19.758807+00:00
KRE,2025-08-01,58.81999969482422,57.09999084472656,28311700,0.0,-0.02064604812044235,-0.02064607019090714,-0.02064604812044235,b946fb0f088a230d10f1d865b93570b485771320517a4c44880c3e6d6a81c18b,2026-10-07T15:19:19.758807+00:00
KRE,2025-08-04,59.650001525878906,57.905723571777344,17346800,0.0,0.014110877853807935,0.01411090816532412,0.014110877853807935,b946fb0f088a230d10f1d865b93570b485771320517a4c44880c3e6d6a81c18b,2026-10-07T15:19:19.758807+00:00
KRE,2025-08-05,59.849998474121094,58.09986877441406,18276200,0.0,0.003352840622399933,0.0033527808765927425,0.003352840622399933,b946fb0f088a230d10f1d865b93570b485771320517a4c44880c3e6d6a81c18b,2026-10-07T15:19:19.758807+00:00
KRE,2025-08-06,59.369998931884766,57.633907318115234,12788900,0.0,-0.00802004268126888,-0.008020008756095987,-0.00802004268126888,b946fb0f088a230d10f1d865b93570b485771320517a4c44880c3e6d6a81c18b,2026-10-07T15:19:19.758807+00:00
KRE,2025-08-07,58.849998474121094,57.12911605834961,17444800,0.0,-0.008758640173806786,-0.008758581245921548,-0.008758640173806786,b946fb0f088a230d10f1d865b93570b485771320517a4c44880c3e6d6a81c18b,2026-10-07T15:19:19.758807+00:00
KRE,2025-08-08,59.560001373291016,57.818355560302734,13067200,0.0,0.012064620519610436,0.012064592444405386,0.012064620519610436,b946fb0f088a230d10f1d865b93570b485771320517a4c44880c3e6d6a81c18b,2026-10-07T15:19:19.758807+00:00
KRE,2025-08-11,59.400001525878906,57.66303253173828,13725800,0.0,-0.002686364065193958,-0.0026863965095385023,-0.002686364065193958,b946fb0f088a230d10f1d865b93570b485771320517a4c44880c3e6d6a81c18b,2026-10-07T15:19:19.758807+00:00
KRE,2025-08-12,61.540000915527344,59.740455627441406,23412400,0.0,0.03602692482619041,0.03602694836695752,0.03602692482619041,b946fb0f088a230d10f1d865b93570b485771320517a4c44880c3e6d6a81c18b,2026-10-07T15:19:19.758807+00:00
KRE,2025-08-13,62.63999938964844,60.80828857421875,24069100,0.0,0.017874528075340734,0.017874536368397642,0.017874528075340734,b946fb0f088a230d10f1d865b93570b485771320517a4c44880c3e6d6a81c18b,2026-10-07T15:19:19.758807+00:00
KRE,2025-08-14,62.599998474121094,60.76945114135742,14380100,0.0,-0.0006385842260073771,-0.0006386864977120377,-0.0006385842260073771,b946fb0f088a230d10f1d865b93570b485771320517a4c44880c3e6d6a81c18b,2026-10-07T15:19:19.758807+00:00
KRE,2025-08-15,61.59000015258789,59.78899002075195,17624400,0.0,-0.016134158884216876,-0.016134111830709008,-0.016134158884216876,b946fb0f088a230d10f1d865b93570b485771320517a4c44880c3e6d6a81c18b,2026-10-07T15:19:19.758807+00:00
KRE,2025-08-18,61.93000030517578,60.119049072265625,9035400,0.0,0.00552037914832848,0.005520398511483782,0.00552037914832848,b946fb0f088a230d10f1d865b93570b485771320517a4c44880c3e6d6a81c18b,2026-10-07T15:19:19.758807+00:00
KRE,2025-08-19,61.81999969482422,60.012264251708984,13775900,0.0,-0.0017762087810351268,-0.0017762227148383491,-0.0017762087810351268,b946fb0f088a230d10f1d865b93570b485771320517a4c44880c3e6d6a81c18b,2026-10-07T15:19:19.758807+00:00
KRE,2025-08-20,62.040000915527344,60.225833892822266,12302000,0.0,0.003558738624865221,0.0035587665917338196,0.003558738624865221,b946fb0f088a230d10f1d865b93570b485771320517a4c44880c3e6d6a81c18b,2026-10-07T15:19:19.758807+00:00
KRE,2025-08-21,61.790000915527344,59.9831428527832,10955600,0.0,-0.004029658225511601,-0.0040296833493572715,-0.004029658225511601,b946fb0f088a230d10f1d865b93570b485771320517a4c44880c3e6d6a81c18b,2026-10-07T15:19:19.758807+00:00
KRE,2025-08-22,64.83999633789062,62.94395065307617,29433300,0.0,0.04936066316834831,0.04936066467140088,0.04936066316834831,b946fb0f088a230d10f1d865b93570b485771320517a4c44880c3e6d6a81c18b,2026-10-07T15:19:19.758807+00:00
KRE,2025-08-25,64.48999786376953,62.60418701171875,11781000,0.0,-0.005397879301183184,-0.005397876012423697,-0.005397879301183184,b946fb0f088a230d10f1d865b93570b485771320517a4c44880c3e6d6a81c18b,2026-10-07T15:19:19.758807+00:00
KRE,2025-08-26,65.2300033569336,63.32255554199219,15829200,0.0,0.011474732790769604,0.011474768135539604,0.011474732790769604,b946fb0f088a230d10f1d865b93570b485771320517a4c44880c3e6d6a81c18b,2026-10-07T15:19:19.758807+00:00
KRE,2025-08-27,65.75,63.82733917236328,15663700,0.0,0.007971740246907943,0.007971624424354617,0.007971740246907943,b946fb0f088a230d10f1d865b93570b485771320517a4c44880c3e6d6a81c18b,2026-10-07T15:19:19.758807+00:00
KRE,2025-08-28,65.5199966430664,63.604068756103516,15051700,0.0,-0.00349814991533981,-0.003498037348178218,-0.00349814991533981,b946fb0f088a230d10f1d865b93570b485771320517a4c44880c3e6d6a81c18b,2026-10-07T15:19:19.758807+00:00
KRE,2025-08-29,65.51000213623047,63.5943603515625,11259100,0.0,-0.0001525413209403359,-0.0001526381052483483,-0.0001525413209403359,b946fb0f088a230d10f1d865b93570b485771320517a4c44880c3e6d6a81c18b,2026-10-07T15:19:19.758807+00:00
KRE,2025-09-02,65.08000183105469,63.176937103271484,13317900,0.0,-0.0065638878210014795,-0.006563840661080844,-0.0065638878210014795,b946fb0f088a230d10f1d865b93570b485771320517a4c44880c3e6d6a81c18b,2026-10-07T15:19:19.758807+00:00
KRE,2025-09-03,65.16999816894531,63.26429748535156,7402200,0.0,0.0013828570276357421,0.0013827891329596387,0.0013828570276357421,b946fb0f088a230d10f1d865b93570b485771320517a4c44880c3e6d6a81c18b,2026-10-07T15:19:19.758807+00:00
KRE,2025-09-04,66.12999725341797,64.19622802734375,10097300,0.0,0.014730690677387637,0.014730749870540683,0.014730690677387637,b946fb0f088a230d10f1d865b93570b485771320517a4c44880c3e6d6a81c18b,2026-10-07T15:19:19.758807+00:00
KRE,2025-09-05,65.44999694824219,63.53611373901367,18913300,0.0,-0.010282781391475648,-0.010282758171537898,-0.010282781391475648,b946fb0f088a230d10f1d865b93570b485771320517a4c44880c3e6d6a81c18b,2026-10-07T15:19:19.758807+00:00
KRE,2025-09-08,65.5199966430664,63.604068756103516,14154700,0.0,0.001069514103714475,0.001069549474948639,0.001069514103714475,b946fb0f088a230d10f1d865b93570b485771320517a4c44880c3e6d6a81c18b,2026-10-07T15:19:19.758807+00:00
KRE,2025-09-09,64.8499984741211,62.95366668701172,15865100,0.0,-0.010225857803309535,-0.0102257934407598,-0.010225857803309535,b946fb0f088a230d10f1d865b93570b485771320517a4c44880c3e6d6a81c18b,2026-10-07T15:19:19.758807+00:00
KRE,2025-09-10,64.91999816894531,63.02162170410156,12929200,0.0,0.0010794093519084225,0.0010794449420665764,0.0010794093519084225,b946fb0f088a230d10f1d865b93570b485771320517a4c44880c3e6d6a81c18b,2026-10-07T15:19:19.758807+00:00
KRE,2025-09-11,65.20999908447266,63.30312728881836,14249700,0.0,0.004467050580818865,0.004466809598117294,0.004467050580818865,b946fb0f088a230d10f1d865b93570b485771320517a4c44880c3e6d6a81c18b,2026-10-07T15:19:19.758807+00:00
KRE,2025-09-12,64.98999786376953,63.08957290649414,11718100,0.0,-0.0033737344547135617,-0.003373520258326046,-0.0033737344547135617,b946fb0f088a230d10f1d865b93570b485771320517a4c44880c3e6d6a81c18b,2026-10-07T15:19:19.758807+00:00
KRE,2025-09-15,64.36000061035156,62.47799301147461,18494900,0.0,-0.00969375710303233,-0.009693834762932396,-0.00969375710303233,b946fb0f088a230d10f1d865b93570b485771320517a4c44880c3e6d6a81c18b,2026-10-07T15:19:19.758807+00:00
KRE,2025-09-16,63.689998626708984,61.827579498291016,16880900,0.0,-0.01041022338857489,-0.010410281794169363,-0.01041022338857489,b946fb0f088a230d10f1d865b93570b485771320517a4c44880c3e6d6a81c18b,2026-10-07T15:19:19.758807+00:00
KRE,2025-09-17,64.44999694824219,62.56535339355469,32906300,0.0,0.011932773401167829,0.011932763683301983,0.011932773401167829,b946fb0f088a230d10f1d865b93570b485771320517a4c44880c3e6d6a81c18b,2026-10-07T15:19:19.758807+00:00
KRE,2025-09-18,66.16999816894531,64.23506164550781,20046400,0.0,0.02668737474238214,0.02668742620936171,0.02668737474238214,b946fb0f088a230d10f1d865b93570b485771320517a4c44880c3e6d6a81c18b,2026-10-07T15:19:19.758807+00:00
KRE,2025-09-19,65.33999633789062,63.429325103759766,19019200,0.0,-0.012543476711840418,-0.01254356298737036,-0.012543476711840418,b946fb0f088a230d10f1d865b93570b485771320517a4c44880c3e6d6a81c18b,2026-10-07T15:19:19.758807+00:00
KRE,2025-09-22,64.13999938964844,62.64794158935547,16841600,0.4,-0.018365427234441234,-0.012318963084126833,-0.012243602587688862,b946fb0f088a230d10f1d865b93570b485771320517a4c44880c3e6d6a81c18b,2026-10-07T15:19:19.758807+00:00
KRE,2025-09-23,64.05999755859375,62.56980514526367,17723800,0.0,-0.0012473001530398653,-0.0012472308284917633,-0.0012473001530398653,b946fb0f088a230d10f1d865b93570b485771320517a4c44880c3e6d6a81c18b,2026-10-07T15:19:19.758807+00:00
KRE,2025-09-24,63.93000030517578,62.44282913208008,9909900,0.0,-0.002029304688921707,-0.0020293496661657473,-0.002029304688921707,b946fb0f088a230d10f1d865b93570b485771320517a4c44880c3e6d6a81c18b,2026-10-07T15:19:19.758807+00:00
KRE,2025-09-25,63.88999938964844,62.40375900268555,12341000,0.0,-0.0006256986600405856,-0.0006256944141959098,-0.0006256986600405856,b946fb0f088a230d10f1d865b93570b485771320517a4c44880c3e6d6a81c18b,2026-10-07T15:19:19.758807+00:00
KRE,2025-09-26,64.19000244140625,62.696781158447266,11258600,0.0,0.004695618322488437,0.004695585016747383,0.004695618322488437,b946fb0f088a230d10f1d865b93570b485771320517a4c44880c3e6d6a81c18b,2026-10-07T15:19:19.758807+00:00
KRE,2025-09-29,63.56999969482422,62.0911979675293,11305100,0.0,-0.009658867783156388,-0.009658919959344314,-0.009658867783156388,b946fb0f088a230d10f1d865b93570b485771320517a4c44880c3e6d6a81c18b,2026-10-07T15:19:19.758807+00:00
KRE,2025-09-30,63.29999923706055,61.82748031616211,15262900,0.0,-0.004247293677203778,-0.0042472630582051085,-0.004247293677203778,b946fb0f088a230d10f1d865b93570b485771320517a4c44880c3e6d6a81c18b,2026-10-07T15:19:19.758807+00:00
KRE,2025-10-01,62.970001220703125,61.50516128540039,9570300,0.0,-0.005213238867848413,-0.005213200167846099,-0.005213238867848413,b946fb0f088a230d10f1d865b93570b485771320517a4c44880c3e6d6a81c18b,2026-10-07T15:19:19.758807+00:00
KRE,2025-10-02,62.81999969482422,61.3586540222168,13570800,0.0,-0.002382110893616951,-0.002382032013602209,-0.002382110893616951,b946fb0f088a230d10f1d865b93570b485771320517a4c44880c3e6d6a81c18b,2026-10-07T15:19:19.758807+00:00
KRE,2025-10-03,63.45000076293945,61.9739990234375,15656300,0.0,0.010028670346637014,0.010028658728366224,0.010028670346637014,b946fb0f088a230d10f1d865b93570b485771320517a4c44880c3e6d6a81c18b,2026-10-07T15:19:19.758807+00:00
KRE,2025-10-06,64.08999633789062,62.59910202026367,27400000,0.0,0.010086612565101571,0.01008653639713919,0.010086612565101571,b946fb0f088a230d10f1d865b93570b485771320517a4c44880c3e6d6a81c18b,2026-10-07T15:19:19.758807+00:00
KRE,2025-10-07,63.630001068115234,62.14980697631836,11795800,0.0,-0.007177333375871009,-0.0071773400806911525,-0.007177333375871009,b946fb0f088a230d10f1d865b93570b485771320517a4c44880c3e6d6a81c18b,2026-10-07T15:19:19.758807+00:00
KRE,2025-10-08,63.2400016784668,61.76887893676758,16138100,0.0,-0.006129174651921643,-0.0061291910318551635,-0.006129174651921643,b946fb0f088a230d10f1d865b93570b485771320517a4c44880c3e6d6a81c18b,2026-10-07T15:19:19.758807+00:00
KRE,2025-10-09,62.95000076293945,61.485626220703125,16841800,0.0,-0.004585719605160743,-0.004585686529205435,-0.004585719605160743,b946fb0f088a230d10f1d865b93570b485771320517a4c44880c3e6d6a81c18b,2026-10-07T15:19:19.758807+00:00
KRE,2025-10-10,60.189998626708984,58.78982925415039,26286300,0.0,-0.04384435429356448,-0.04384434431677009,-0.04384435429356448,b946fb0f088a230d10f1d865b93570b485771320517a4c44880c3e6d6a81c18b,2026-10-07T15:19:19.758807+00:00
KRE,2025-10-13,61.5099983215332,60.079124450683594,15050800,0.0,0.02193054867820643,0.021930582430500722,0.02193054867820643,b946fb0f088a230d10f1d865b93570b485771320517a4c44880c3e6d6a81c18b,2026-10-07T15:19:19.758807+00:00
KRE,2025-10-14,63.40999984741211,61.9349250793457,22970900,0.0,0.030889311944815256,0.030889275528398485,0.030889311944815256,b946fb0f088a230d10f1d865b93570b485771320517a4c44880c3e6d6a81c18b,2026-10-07T15:19:19.758807+00:00
KRE,2025-10-15,61.97999954223633,60.53819274902344,27305900,0.0,-0.022551652872053185,-0.022551610880821915,-0.022551652872053185,b946fb0f088a230d10f1d865b93570b485771320517a4c44880c3e6d6a81c18b,2026-10-07T15:19:19.758807+00:00
KRE,2025-10-16,58.13999938964844,56.78751754760742,70671400,0.0,-0.06195547242576405,-0.06195551983134673,-0.06195547242576405,b946fb0f088a230d10f1d865b93570b485771320517a4c44880c3e6d6a81c18b,2026-10-07T15:19:19.758807+00:00
KRE,2025-10-17,59.06999969482422,57.695884704589844,44523800,0.0,0.015995877449929363,0.01599589480594732,0.015995877449929363,b946fb0f088a230d10f1d865b93570b485771320517a4c44880c3e6d6a81c18b,2026-10-07T15:19:19.758807+00:00
KRE,2025-10-20,60.540000915527344,59.131690979003906,27836200,0.0,0.024885749590276784,0.024885765800551907,0.024885749590276784,b946fb0f088a230d10f1d865b93570b485771320517a4c44880c3e6d6a81c18b,2026-10-07T15:19:19.758807+00:00
KRE,2025-10-21,60.630001068115234,59.21959686279297,15486800,0.0,0.0014866229142194154,0.0014866120405769845,0.0014866229142194154,b946fb0f088a230d10f1d865b93570b485771320517a4c44880c3e6d6a81c18b,2026-10-07T15:19:19.758807+00:00
KRE,2025-10-22,60.439998626708984,59.03401565551758,20878500,0.0,-0.0031338023760347777,-0.0031337803211556325,-0.0031338023760347777,b946fb0f088a230d10f1d865b93570b485771320517a4c44880c3e6d6a81c18b,2026-10-07T15:19:19.758807+00:00
KRE,2025-10-23,60.18000030517578,58.78006362915039,18256000,0.0,-0.004301759223043877,-0.004301791493383722,-0.004301759223043877,b946fb0f088a230d10f1d865b93570b485771320517a4c44880c3e6d6a81c18b,2026-10-07T15:19:19.758807+00:00
KRE,2025-10-24,61.220001220703125,59.79587173461914,17352800,0.0,0.01728150399224737,0.01728150741512624,0.01728150399224737,b946fb0f088a230d10f1d865b93570b485771320517a4c44880c3e6d6a81c18b,2026-10-07T15:19:19.758807+00:00
KRE,2025-10-27,61.16999816894531,59.74702835083008,14032900,0.0,-0.0008167763926947291,-0.0008168353829814956,-0.0008167763926947291,b946fb0f088a230d10f1d865b93570b485771320517a4c44880c3e6d6a81c18b,2026-10-07T15:19:19.758807+00:00
KRE,2025-10-28,60.91999816894531,59.502845764160156,12148600,0.0,-0.004086970859628392,-0.0040869411150643575,-0.004086970859628392,b946fb0f088a230d10f1d865b93570b485771320517a4c44880c3e6d6a81c18b,2026-10-07T15:19:19.758807+00:00
KRE,2025-10-29,59.810001373291016,58.41867446899414,24234100,0.0,-0.018220565151299217,-0.0182204948560466,-0.018220565151299217,b946fb0f088a230d10f1d865b93570b485771320517a4c44880c3e6d6a81c18b,2026-10-07T15:19:19.758807+00:00
KRE,2025-10-30,59.86000061035156,58.467506408691406,18999100,0.0,0.0008359678300036144,0.0008358960579153418,0.0008359678300036144,b946fb0f088a230d10f1d865b93570b485771320517a4c44880c3e6d6a81c18b,2026-10-07T15:19:19.758807+00:00
KRE,2025-10-31,60.0,58.604251861572266,16574700,0.0,0.0023387802910284083,0.002338828201856158,0.0023387802910284083,b946fb0f088a230d10f1d865b93570b485771320517a4c44880c3e6d6a81c18b,2026-10-07T15:19:19.758807+00:00
KRE,2025-11-03,60.13999938964844,58.740989685058594,12230100,0.0,0.0023333231608073657,0.002333240663310754,0.0023333231608073657,b946fb0f088a230d10f1d865b93570b485771320517a4c44880c3e6d6a81c18b,2026-10-07T15:19:19.758807+00:00
KRE,2025-11-04,59.81999969482422,58.428436279296875,13954900,0.0,-0.005320912837909031,-0.0053208740172319136,-0.005320912837909031,b946fb0f088a230d10f1d865b93570b485771320517a4c44880c3e6d6a81c18b,2026-10-07T15:19:19.758807+00:00
KRE,2025-11-05,60.560001373291016,59.151222229003906,18169000,0.0,0.012370472789066556,0.012370448290828895,0.012370472789066556,b946fb0f088a230d10f1d865b93570b485771320517a4c44880c3e6d6a81c18b,2026-10-07T15:19:19.758807+00:00
KRE,2025-11-06,60.15999984741211,58.760528564453125,15677900,0.0,-0.0066050448614309865,-0.006604997324285433,-0.0066050448614309865,b946fb0f088a230d10f1d865b93570b485771320517a4c44880c3e6d6a81c18b,2026-10-07T15:19:19.758807+00:00
KRE,2025-11-07,61.0099983215332,59.59075164794922,17479800,0.0,0.01412896403385977,0.01412892470130589,0.01412896403385977,b946fb0f088a230d10f1d865b93570b485771320517a4c44880c3e6d6a81c18b,2026-10-07T15:19:19.758807+00:00
KRE,2025-11-10,61.33000183105469,59.90331268310547,12277400,0.0,0.005245099464435521,0.0052451265760633525,0.005245099464435521,b946fb0f088a230d10f1d865b93570b485771320517a4c44880c3e6d6a81c18b,2026-10-07T15:19:19.758807+00:00
KRE,2025-11-11,61.45000076293945,60.02052307128906,9358200,0.0,0.0019566106033279684,0.0019566595390749786,0.0019566106033279684,b946fb0f088a230d10f1d865b93570b485771320517a4c44880c3e6d6a81c18b,2026-10-07T15:19:19.758807+00:00
KRE,2025-11-12,61.529998779296875,60.09865951538086,10978200,0.0,0.0013018391434369558,0.0013018287761170644,0.0013018391434369558,b946fb0f088a230d10f1d865b93570b485771320517a4c44880c3e6d6a81c18b,2026-10-07T15:19:19.758807+00:00
KRE,2025-11-13,60.790000915527344,59.37586975097656,14219900,0.0,-0.012026619184957954,-0.012026720233573873,-0.012026619184957954,b946fb0f088a230d10f1d865b93570b485771320517a4c44880c3e6d6a81c18b,2026-10-07T15:19:19.758807+00:00
KRE,2025-11-14,60.91999816894531,59.502845764160156,13284800,0.0,0.0021384644096091865,0.0021385120540740044,0.0021384644096091865,b946fb0f088a230d10f1d865b93570b485771320517a4c44880c3e6d6a81c18b,2026-10-07T15:19:19.758807+00:00
KRE,2025-11-17,58.630001068115234,57.26612091064453,17610200,0.0,-0.037590235877541955,-0.037590216481088956,-0.037590235877541955,b946fb0f088a230d10f1d865b93570b485771320517a4c44880c3e6d6a81c18b,2026-10-07T15:19:19.758807+00:00
KRE,2025-11-18,59.15999984741211,57.783790588378906,18214400,0.0,0.00903971976192075,0.009039719637062849,0.00903971976192075,b946fb0f088a230d10f1d865b93570b485771320517a4c44880c3e6d6a81c18b,2026-10-07T15:19:19.758807+00:00
KRE,2025-11-19,59.790000915527344,58.39913558959961,11139400,0.0,0.01064910530324803,0.010649093715642488,0.01064910530324803,b946fb0f088a230d10f1d865b93570b485771320517a4c44880c3e6d6a81c18b,2026-10-07T15:19:19.758807+00:00
KRE,2025-11-20,59.59000015258789,58.20378875732422,20521300,0.0,-0.003345053685849919,-0.0033450295163304222,-0.003345053685849919,b946fb0f088a230d10f1d865b93570b485771320517a4c44880c3e6d6a81c18b,2026-10-07T15:19:19.758807+00:00
KRE,2025-11-21,61.61000061035156,60.17679977416992,28254700,0.0,0.03389831267983223,0.033898326190963335,0.03389831267983223,b946fb0f088a230d10f1d865b93570b485771320517a4c44880c3e6d6a81c18b,2026-10-07T15:19:19.758807+00:00
KRE,2025-11-24,61.65999984741211,60.22563552856445,14719600,0.0,0.000811544174082357,0.0008115379112514365,0.000811544174082357,b946fb0f088a230d10f1d865b93570b485771320517a4c44880c3e6d6a81c18b,2026-10-07T15:19:19.758807+00:00
KRE,2025-11-25,63.40999984741211,61.9349250793457,20303000,0.0,0.028381446713114933,0.028381428203784642,0.028381446713114933,b946fb0f088a230d10f1d865b93570b485771320517a4c44880c3e6d6a81c18b,2026-10-07T15:19:19.758807+00:00
KRE,2025-11-26,63.16999816894531,61.700504302978516,12113900,0.0,-0.0037849184520474255,-0.003784952933532537,-0.0037849184520474255,b946fb0f088a230d10f1d865b93570b485771320517a4c44880c3e6d6a81c18b,2026-10-07T15:19:19.758807+00:00
KRE,2025-11-28,62.9900016784668,61.524696350097656,6876100,0.0,-0.0028493983804958045,-0.0028493762711818693,-0.0028493983804958045,b946fb0f088a230d10f1d865b93570b485771320517a4c44880c3e6d6a81c18b,2026-10-07T15:19:19.758807+00:00
KRE,2025-12-01,63.68000030517578,62.19864273071289,12220500,0.0,0.010954097607920321,0.010954078940597078,0.010954097607920321,b946fb0f088a230d10f1d865b93570b485771320517a4c44880c3e6d6a81c18b,2026-10-07T15:19:19.758807+00:00
KRE,2025-12-02,63.33000183105469,61.856788635253906,10015400,0.0,-0.005496207167772993,-0.005496166482909182,-0.005496207167772993,b946fb0f088a230d10f1d865b93570b485771320517a4c44880c3e6d6a81c18b,2026-10-07T15:19:19.758807+00:00
KRE,2025-12-03,64.6500015258789,63.14607620239258,13960800,0.0,0.0208431968523477,0.020843105430854436,0.0208431968523477,b946fb0f088a230d10f1d865b93570b485771320517a4c44880c3e6d6a81c18b,2026-10-07T15:19:19.758807+00:00
KRE,2025-12-04,64.87000274658203,63.3609619140625,12334200,0.0,0.0034029577031806646,0.0034029938927824244,0.0034029577031806646,b946fb0f088a230d10f1d865b93570b485771320517a4c44880c3e6d6a81c18b,2026-10-07T15:19:19.758807+00:00
KRE,2025-12-05,64.72000122070312,63.21445083618164,11026700,0.0,-0.002312340365775767,-0.0023123240786586674,-0.002312340365775767,b946fb0f088a230d10f1d865b93570b485771320517a4c44880c3e6d6a81c18b,2026-10-07T15:19:19.758807+00:00
KRE,2025-12-08,64.94000244140625,63.4293327331543,11987900,0.0,0.003399277140816004,0.003399252767844363,0.003399277140816004,b946fb0f088a230d10f1d865b93570b485771320517a4c44880c3e6d6a81c18b,2026-10-07T15:19:19.758807+00:00
KRE,2025-12-09,64.80999755859375,63.3023567199707,10742900,0.0,-0.0020019229738988953,-0.0020018500544184414,-0.0020019229738988953,b946fb0f088a230d10f1d865b93570b485771320517a4c44880c3e6d6a81c18b,2026-10-07T15:19:19.758807+00:00
KRE,2025-12-10,67.05000305175781,65.4902572631836,25015200,0.0,0.03456265356496746,0.034562702821499425,0.03456265356496746,b946fb0f088a230d10f1d865b93570b485771320517a4c44880c3e6d6a81c18b,2026-10-07T15:19:19.758807+00:00
KRE,2025-12-11,67.4000015258789,65.83210754394531,18679300,0.0,0.005219962090843078,0.005219864679839814,0.005219962090843078,b946fb0f088a230d10f1d865b93570b485771320517a4c44880c3e6d6a81c18b,2026-10-07T15:19:19.758807+00:00
KRE,2025-12-12,67.08000183105469,65.5195541381836,16895100,0.0,-0.004747769845396044,-0.004747735070657955,-0.004747769845396044,b946fb0f088a230d10f1d865b93570b485771320517a4c44880c3e6d6a81c18b,2026-10-07T15:19:19.758807+00:00
KRE,2025-12-15,67.26000213623047,65.69536590576172,10912100,0.0,0.0026833676246629246,0.0026833480461012638,0.0026833676246629246,b946fb0f088a230d10f1d865b93570b485771320517a4c44880c3e6d6a81c18b,2026-10-07T15:19:19.758807+00:00
KRE,2025-12-16,67.0,65.44140625,11295800,0.0,-0.0038656278318851545,-0.0038657164361640683,-0.0038656278318851545,b946fb0f088a230d10f1d865b93570b485771320517a4c44880c3e6d6a81c18b,2026-10-07T15:19:19.758807+00:00
KRE,2025-12-17,67.29000091552734,65.72467041015625,12835300,0.0,0.004328371873542514,0.0043285157882171355,0.004328371873542514,b946fb0f088a230d10f1d865b93570b485771320517a4c44880c3e6d6a81c18b,2026-10-07T15:19:19.758807+00:00
KRE,2025-12-18,67.4800033569336,65.9102554321289,12901100,0.0,0.002823635589554785,0.002823673680134142,0.002823635589554785,b946fb0f088a230d10f1d865b93570b485771320517a4c44880c3e6d6a81c18b,2026-10-07T15:19:19.758807+00:00
KRE,2025-12-19,67.23999786376953,65.67582702636719,16429700,0.0,-0.003556690593131129,-0.0035567819336267403,-0.003556690593131129,b946fb0f088a230d10f1d865b93570b485771320517a4c44880c3e6d6a81c18b,2026-10-07T15:19:19.758807+00:00
KRE,2025-12-22,67.1500015258789,65.99820709228516,9710200,0.418,-0.0013384345739118064,0.004908656358275421,0.004878103398723077,b946fb0f088a230d10f1d865b93570b485771320517a4c44880c3e6d6a81c18b,2026-10-07T15:19:19.758807+00:00
KRE,2025-12-23,66.66999816894531,65.52643585205078,8856100,0.0,-0.007148225555119403,-0.007148243278407573,-0.007148225555119403,b946fb0f088a230d10f1d865b93570b485771320517a4c44880c3e6d6a81c18b,2026-10-07T15:19:19.758807+00:00
KRE,2025-12-24,66.7300033569336,65.58541107177734,3480600,0.0,0.0009000328429022986,0.0009000217844858938,0.0009000328429022986,b946fb0f088a230d10f1d865b93570b485771320517a4c44880c3e6d6a81c18b,2026-10-07T15:19:19.758807+00:00
KRE,2025-12-26,66.5199966430664,65.3790054321289,5779700,0.0,-0.0031471107942836474,-0.0031471273302311475,-0.0031471107942836474,b946fb0f088a230d10f1d865b93570b485771320517a4c44880c3e6d6a81c18b,2026-10-07T15:19:19.758807+00:00
KRE,2025-12-29,65.94000244140625,64.8089599609375,8210200,0.0,-0.008719095473986527,-0.00871909059221132,-0.008719095473986527,b946fb0f088a230d10f1d865b93570b485771320517a4c44880c3e6d6a81c18b,2026-10-07T15:19:19.758807+00:00
KRE,2025-12-30,65.44000244140625,64.31754302978516,9126100,0.0,-0.007582650614007758,-0.00758254617029086,-0.007582650614007758,b946fb0f088a230d10f1d865b93570b485771320517a4c44880c3e6d6a81c18b,2026-10-07T15:19:19.758807+00:00
KRE,2025-12-31,64.80999755859375,63.69833755493164,9961200,0.0,-0.009627213620240882,-0.009627318546150954,-0.009627213620240882,b946fb0f088a230d10f1d865b93570b485771320517a4c44880c3e6d6a81c18b,2026-10-07T15:19:19.758807+00:00
KRE,2026-01-02,65.23999786376953,64.12096405029297,14549300,0.0,0.0066347835422617685,0.006634812015256619,0.0066347835422617685,b946fb0f088a230d10f1d865b93570b485771320517a4c44880c3e6d6a81c18b,2026-10-07T15:19:19.758807+00:00
KRE,2026-01-05,66.55999755859375,65.41831970214844,20130900,0.0,0.02023298188299405,0.020232940522196374,0.02023298188299405,b946fb0f088a230d10f1d865b93570b485771320517a4c44880c3e6d6a81c18b,2026-10-07T15:19:19.758807+00:00
KRE,2026-01-06,67.2300033569336,66.07683563232422,11816200,0.0,0.010066193252937339,0.010066231189887143,0.010066193252937339,b946fb0f088a230d10f1d865b93570b485771320517a4c44880c3e6d6a81c18b,2026-10-07T15:19:19.758807+00:00
KRE,2026-01-07,66.75,65.60506439208984,12751600,0.0,-0.007139719365849007,-0.007139737182020656,-0.007139719365849007,b946fb0f088a230d10f1d865b93570b485771320517a4c44880c3e6d6a81c18b,2026-10-07T15:19:19.758807+00:00
KRE,2026-01-08,68.08000183105469,66.9122543334961,23176800,0.0,0.019925121064489737,0.019925137693544537,0.019925121064489737,b946fb0f088a230d10f1d865b93570b485771320517a4c44880c3e6d6a81c18b,2026-10-07T15:19:19.758807+00:00
KRE,2026-01-09,67.4800033569336,66.32254791259766,14238000,0.0,-0.008813138337011694,-0.008813130371595257,-0.008813138337011694,b946fb0f088a230d10f1d865b93570b485771320517a4c44880c3e6d6a81c18b,2026-10-07T15:19:19.758807+00:00
KRE,2026-01-12,66.68000030517578,65.53626251220703,16710600,0.0,-0.011855409187314647,-0.011855476382282903,-0.011855409187314647,b946fb0f088a230d10f1d865b93570b485771320517a4c44880c3e6d6a81c18b,2026-10-07T15:19:19.758807+00:00
KRE,2026-01-13,66.23999786376953,65.10380554199219,13611800,0.0,-0.006598716847517672,-0.006598743255068817,-0.006598716847517672,b946fb0f088a230d10f1d865b93570b485771320517a4c44880c3e6d6a81c18b,2026-10-07T15:19:19.758807+00:00
KRE,2026-01-14,66.9800033569336,65.83112335205078,13337400,0.0,0.01117158087302439,0.011171663530321174,0.01117158087302439,b946fb0f088a230d10f1d865b93570b485771320517a4c44880c3e6d6a81c18b,2026-10-07T15:19:19.758807+00:00
KRE,2026-01-15,68.23999786376953,67.06950378417969,15840700,0.0,0.018811502593117035,0.018811473495694564,0.018811502593117035,b946fb0f088a230d10f1d865b93570b485771320517a4c44880c3e6d6a81c18b,2026-10-07T15:19:19.758807+00:00
KRE,2026-01-16,67.8499984741211,66.68619537353516,14681500,0.0,-0.005715114329678195,-0.005715092389500409,-0.005715114329678195,b946fb0f088a230d10f1d865b93570b485771320517a4c44880c3e6d6a81c18b,2026-10-07T15:19:19.758807+00:00
KRE,2026-01-20,66.95999908447266,65.81146240234375,18387500,0.0,-0.013117161527835486,-0.013117152152581024,-0.013117161527835486,b946fb0f088a230d10f1d865b93570b485771320517a4c44880c3e6d6a81c18b,2026-10-07T15:19:19.758807+00:00
KRE,2026-01-21,70.08000183105469,68.87793731689453,29438400,0.0,0.046595023734185226,0.04659484537516634,0.046595023734185226,b946fb0f088a230d10f1d865b93570b485771320517a4c44880c3e6d6a81c18b,2026-10-07T15:19:19.758807+00:00
KRE,2026-01-22,69.93000030517578,68.73052215576172,19220800,0.0,-0.0021404326763649895,-0.0021402377433950015,-0.0021404326763649895,b946fb0f088a230d10f1d865b93570b485771320517a4c44880c3e6d6a81c18b,2026-10-07T15:19:19.758807+00:00
KRE,2026-01-23,67.61000061035156,66.45030975341797,27784000,0.0,-0.03317602866723435,-0.03317612511623558,-0.03317602866723435,b946fb0f088a230d10f1d865b93570b485771320517a4c44880c3e6d6a81c18b,2026-10-07T15:19:19.758807+00:00
KRE,2026-01-26,67.93000030517578,66.76482391357422,16350300,0.0,0.004733023102135858,0.004733072897979529,0.004733023102135858,b946fb0f088a230d10f1d865b93570b485771320517a4c44880c3e6d6a81c18b,2026-10-07T15:19:19.758807+00:00
KRE,2026-01-27,68.26000213623047,67.08916473388672,11458200,0.0,0.004857968932314938,0.004857959645521603,0.004857968932314938,b946fb0f088a230d10f1d865b93570b485771320517a4c44880c3e6d6a81c18b,2026-10-07T15:19:19.758807+00:00
KRE,2026-01-28,67.77999877929688,66.61739349365234,14059500,0.0,-0.007031985671134611,-0.007032003485297311,-0.007031985671134611,b946fb0f088a230d10f1d865b93570b485771320517a4c44880c3e6d6a81c18b,2026-10-07T15:19:19.758807+00:00
KRE,2026-01-29,69.02999877929688,67.84595489501953,15623600,0.0,0.018442018626618983,0.018442051496419642,0.018442018626618983,b946fb0f088a230d10f1d865b93570b485771320517a4c44880c3e6d6a81c18b,2026-10-07T15:19:19.758807+00:00
KRE,2026-01-30,68.80999755859375,67.62973022460938,14836100,0.0,-0.0031870378761922336,-0.003186994283516653,-0.0031870378761922336,b946fb0f088a230d10f1d865b93570b485771320517a4c44880c3e6d6a81c18b,2026-10-07T15:19:19.758807+00:00
KRE,2026-02-02,70.04000091552734,68.83863067626953,18364700,0.0,0.017875358241165706,0.017875281294856604,0.017875358241165706,b946fb0f088a230d10f1d865b93570b485771320517a4c44880c3e6d6a81c18b,2026-10-07T15:19:19.758807+00:00
KRE,2026-02-03,71.23999786376953,70.0180435180664,33101600,0.0,0.01713302302336439,0.017133008460661348,0.01713302302336439,b946fb0f088a230d10f1d865b93570b485771320517a4c44880c3e6d6a81c18b,2026-10-07T15:19:19.758807+00:00
KRE,2026-02-04,72.3499984741211,71.10900115966797,29006100,0.0,0.015581143229035366,0.015581092912430039,0.015581143229035366,b946fb0f088a230d10f1d865b93570b485771320517a4c44880c3e6d6a81c18b,2026-10-07T15:19:19.758807+00:00
KRE,2026-02-05,72.30000305175781,71.05986785888672,31300000,0.0,-0.0006910217473075075,-0.0006909575437703541,-0.0006910217473075075,b946fb0f088a230d10f1d865b93570b485771320517a4c44880c3e6d6a81c18b,2026-10-07T15:19:19.758807+00:00
KRE,2026-02-06,73.62999725341797,72.36705017089844,17275900,0.0,0.018395493022428377,0.01839550721664107,0.018395493022428377,b946fb0f088a230d10f1d865b93570b485771320517a4c44880c3e6d6a81c18b,2026-10-07T15:19:19.758807+00:00
KRE,2026-02-09,73.41999816894531,72.16065979003906,16732200,0.0,-0.002852086001713272,-0.0028519938338231743,-0.002852086001713272,b946fb0f088a230d10f1d865b93570b485771320517a4c44880c3e6d6a81c18b,2026-10-07T15:19:19.758807+00:00
KRE,2026-02-10,72.63999938964844,71.39403533935547,21532400,0.0,-0.010623791865290388,-0.010623855892035738,-0.010623791865290388,b946fb0f088a230d10f1d865b93570b485771320517a4c44880c3e6d6a81c18b,2026-10-07T15:19:19.758807+00:00
KRE,2026-02-11,71.80999755859375,70.5782699584961,20794900,0.0,-0.011426236757003161,-0.011426239979037689,-0.011426236757003161,b946fb0f088a230d10f1d865b93570b485771320517a4c44880c3e6d6a81c18b,2026-10-07T15:19:19.758807+00:00
KRE,2026-02-12,70.69999694824219,69.48731231689453,29964600,0.0,-0.015457466203725345,-0.015457415465739088,-0.015457466203725345,b946fb0f088a230d10f1d865b93570b485771320517a4c44880c3e6d6a81c18b,2026-10-07T15:19:19.758807+00:00
KRE,2026-02-13,71.27999877929688,70.05736541748047,18907500,0.0,0.008203703763654868,0.008203700525733826,0.008203703763654868,b946fb0f088a230d10f1d865b93570b485771320517a4c44880c3e6d6a81c18b,2026-10-07T15:19:19.758807+00:00
KRE,2026-02-17,71.52999877929688,70.3030776977539,12937900,0.0,0.00350729523402582,0.003507301178244493,0.00350729523402582,b946fb0f088a230d10f1d865b93570b485771320517a4c44880c3e6d6a81c18b,2026-10-07T15:19:19.758807+00:00
KRE,2026-02-18,71.37999725341797,70.1556396484375,16352100,0.0,-0.002097043596236192,-0.002097177735948752,-0.002097043596236192,b946fb0f088a230d10f1d865b93570b485771320517a4c44880c3e6d6a81c18b,2026-10-07T15:19:19.758807+00:00
KRE,2026-02-19,70.98999786376953,69.7723388671875,11901900,0.0,-0.005463706985919803,-0.005463577599331804,-0.005463706985919803,b946fb0f088a230d10f1d865b93570b485771320517a4c44880c3e6d6a81c18b,2026-10-07T15:19:19.758807+00:00
KRE,2026-02-20,71.9000015258789,70.6667251586914,19218700,0.0,0.012818758832134014,0.012818637099243357,0.012818758832134014,b946fb0f088a230d10f1d865b93570b485771320517a4c44880c3e6d6a81c18b,2026-10-07T15:19:19.758807+00:00
KRE,2026-02-23,68.73999786376953,67.56092834472656,37199400,0.0,-0.04394998045962484,-0.04394991853648755,-0.04394998045962484,b946fb0f088a230d10f1d865b93570b485771320517a4c44880c3e6d6a81c18b,2026-10-07T15:19:19.758807+00:00
KRE,2026-02-24,68.66999816894531,67.49212646484375,25074300,0.0,-0.0010183255309804684,-0.0010183678876014568,-0.0010183255309804684,b946fb0f088a230d10f1d865b93570b485771320517a4c44880c3e6d6a81c18b,2026-10-07T15:19:19.758807+00:00
KRE,2026-02-25,69.87000274658203,68.67155456542969,17003200,0.0,0.017474946987539042,0.01747504727385185,0.017474946987539042,b946fb0f088a230d10f1d865b93570b485771320517a4c44880c3e6d6a81c18b,2026-10-07T15:19:19.758807+00:00
KRE,2026-02-26,70.38999938964844,69.18263244628906,17720800,0.0,0.007442344677621282,0.007442351991207907,0.007442344677621282,b946fb0f088a230d10f1d865b93570b485771320517a4c44880c3e6d6a81c18b,2026-10-07T15:19:19.758807+00:00
KRE,2026-02-27,66.7699966430664,65.62471771240234,44564800,0.0,-0.051427799090368875,-0.051427859971199474,-0.051427799090368875,b946fb0f088a230d10f1d865b93570b485771320517a4c44880c3e6d6a81c18b,2026-10-07T15:19:19.758807+00:00
KRE,2026-03-02,67.76000213623047,66.59774017333984,27421900,0.0,0.014827101137302012,0.014827072707599864,0.014827101137302012,b946fb0f088a230d10f1d865b93570b485771320517a4c44880c3e6d6a81c18b,2026-10-07T15:19:19.758807+00:00
KRE,2026-03-03,67.30000305175781,66.1456298828125,29243300,0.0,-0.006788652154228636,-0.006788673149428104,-0.006788652154228636,b946fb0f088a230d10f1d865b93570b485771320517a4c44880c3e6d6a81c18b,2026-10-07T15:19:19.758807+00:00
KRE,2026-03-04,67.5,66.34220123291016,16123900,0.0,0.002971722721741621,0.00297179648067325,0.002971722721741621,b946fb0f088a230d10f1d865b93570b485771320517a4c44880c3e6d6a81c18b,2026-10-07T15:19:19.758807+00:00
KRE,2026-03-05,66.5999984741211,65.4576416015625,16385100,0.0,-0.0133333559389468,-0.01333328733308381,-0.0133333559389468,b946fb0f088a230d10f1d865b93570b485771320517a4c44880c3e6d6a81c18b,2026-10-07T15:19:19.758807+00:00
KRE,2026-03-06,64.91000366210938,63.796627044677734,28394400,0.0,-0.025375298059029272,-0.025375410971804957,-0.025375298059029272,b946fb0f088a230d10f1d865b93570b485771320517a4c44880c3e6d6a81c18b,2026-10-07T15:19:19.758807+00:00
KRE,2026-03-09,64.75,63.639366149902344,30237200,0.0,-0.0024650077504583257,-0.0024650346273833446,-0.0024650077504583257,b946fb0f088a230d10f1d865b93570b485771320517a4c44880c3e6d6a81c18b,2026-10-07T15:19:19.758807+00:00
KRE,2026-03-10,64.72000122070312,63.60988235473633,28615600,0.0,-0.0004633016107625787,-0.0004632949218345006,-0.0004633016107625787,b946fb0f088a230d10f1d865b93570b485771320517a4c44880c3e6d6a81c18b,2026-10-07T15:19:19.758807+00:00
KRE,2026-03-11,63.97999954223633,62.8825798034668,27143000,0.0,-0.01143389469266698,-0.011433798088377967,-0.01143389469266698,b946fb0f088a230d10f1d865b93570b485771320517a4c44880c3e6d6a81c18b,2026-10-07T15:19:19.758807+00:00
KRE,2026-03-12,63.459999084472656,62.371498107910156,23233700,0.0,-0.008127547069149199,-0.008127556107812017,-0.008127547069149199,b946fb0f088a230d10f1d865b93570b485771320517a4c44880c3e6d6a81c18b,2026-10-07T15:19:19.758807+00:00
KRE,2026-03-13,63.11000061035156,62.027496337890625,20830900,0.0,-0.005515261253868031,-0.0055153680840625,-0.005515261253868031,b946fb0f088a230d10f1d865b93570b485771320517a4c44880c3e6d6a81c18b,2026-10-07T15:19:19.758807+00:00
KRE,2026-03-16,63.459999084472656,62.371498107910156,14125600,0.0,0.005545848054764324,0.0055459560731840885,0.005545848054764324,b946fb0f088a230d10f1d865b93570b485771320517a4c44880c3e6d6a81c18b,2026-10-07T15:19:19.758807+00:00
KRE,2026-03-17,63.45000076293945,62.361671447753906,16119300,0.0,-0.00015755313075083155,-0.00015755049107923913,-0.00015755313075083155,b946fb0f088a230d10f1d865b93570b485771320517a4c44880c3e6d6a81c18b,2026-10-07T15:19:19.758807+00:00
KRE,2026-03-18,62.619998931884766,61.54590606689453,19568200,0.0,-0.013081194973593835,-0.013081198144966555,-0.013081194973593835,b946fb0f088a230d10f1d865b93570b485771320517a4c44880c3e6d6a81c18b,2026-10-07T15:19:19.758807+00:00
KRE,2026-03-19,63.189998626708984,62.10612869262695,25860100,0.0,0.009102518437348328,0.009102516504079228,0.009102518437348328,b946fb0f088a230d10f1d865b93570b485771320517a4c44880c3e6d6a81c18b,2026-10-07T15:19:19.758807+00:00
KRE,2026-03-20,63.040000915527344,61.95869827270508,22342800,0.0,-0.0023737571521047496,-0.002373846559516446,-0.0023737571521047496,b946fb0f088a230d10f1d865b93570b485771320517a4c44880c3e6d6a81c18b,2026-10-07T15:19:19.758807+00:00
KRE,2026-03-23,63.810001373291016,63.0797233581543,28541300,0.364,0.012214474089165428,0.01809310261030883,0.017988585680435154,b946fb0f088a230d10f1d865b93570b485771320517a4c44880c3e6d6a81c18b,2026-10-07T15:19:19.758807+00:00
KRE,2026-03-24,64.33999633789062,63.60365295410156,16607600,0.0,0.008305829073707693,0.008305832176411121,0.008305829073707693,b946fb0f088a230d10f1d865b93570b485771320517a4c44880c3e6d6a81c18b,2026-10-07T15:19:19.758807+00:00
KRE,2026-03-25,64.56999969482422,63.831024169921875,12708100,0.0,0.003574811470701711,0.003574813792289522,0.003574811470701711,b946fb0f088a230d10f1d865b93570b485771320517a4c44880c3e6d6a81c18b,2026-10-07T15:19:19.758807+00:00
KRE,2026-03-26,64.47000122070312,63.732173919677734,14882300,0.0,-0.001548683205725765,-0.0015486239102320276,-0.001548683205725765,b946fb0f088a230d10f1d865b93570b485771320517a4c44880c3e6d6a81c18b,2026-10-07T15:19:19.758807+00:00
KRE,2026-03-27,63.369998931884766,62.64475631713867,16353800,0.0,-0.017062234651627706,-0.017062302062841095,-0.017062234651627706,b946fb0f088a230d10f1d865b93570b485771320517a4c44880c3e6d6a81c18b,2026-10-07T15:19:19.758807+00:00
KRE,2026-03-30,63.61000061035156,62.88201141357422,15385000,0.0,0.003787307598423162,0.0037873097507865605,0.003787307598423162,b946fb0f088a230d10f1d865b93570b485771320517a4c44880c3e6d6a81c18b,2026-10-07T15:19:19.758807+00:00
KRE,2026-03-31,65.1500015258789,64.40438842773438,27206100,0.0,0.024210044030037903,0.024210055943463704,0.024210044030037903,b946fb0f088a230d10f1d865b93570b485771320517a4c44880c3e6d6a81c18b,2026-10-07T15:19:19.758807+00:00
KRE,2026-04-01,65.8499984741211,65.09637451171875,17438600,0.0,0.010744388823446638,0.010744393369418015,0.010744388823446638,b946fb0f088a230d10f1d865b93570b485771320517a4c44880c3e6d6a81c18b,2026-10-07T15:19:19.758807+00:00
KRE,2026-04-02,66.0,65.24465942382812,12662800,0.0,0.002277927552843506,0.002277928889613978,0.002277927552843506,b946fb0f088a230d10f1d865b93570b485771320517a4c44880c3e6d6a81c18b,2026-10-07T15:19:19.758807+00:00
KRE,2026-04-06,66.63999938964844,65.87733459472656,7632700,0.0,0.00969696044921875,0.009696964877823788,0.00969696044921875,b946fb0f088a230d10f1d865b93570b485771320517a4c44880c3e6d6a81c18b,2026-10-07T15:19:19.758807+00:00
KRE,2026-04-07,66.75,65.98607635498047,12438600,0.0,0.0016506694381610565,0.001650670309035318,0.0016506694381610565,b946fb0f088a230d10f1d865b93570b485771320517a4c44880c3e6d6a81c18b,2026-10-07T15:19:19.758807+00:00
KRE,2026-04-08,68.69000244140625,67.90387725830078,15657800,0.0,0.029063706987359605,0.02906372085230924,0.029063706987359605,b946fb0f088a230d10f1d865b93570b485771320517a4c44880c3e6d6a81c18b,2026-10-07T15:19:19.758807+00:00
KRE,2026-04-09,69.8499984741211,69.05059814453125,10829800,0.0,0.016887407067780247,0.016887413981803157,0.016887407067780247,b946fb0f088a230d10f1d865b93570b485771320517a4c44880c3e6d6a81c18b,2026-10-07T15:19:19.758807+00:00
KRE,2026-04-10,68.94000244140625,68.15101623535156,12269700,0.0,-0.01302786045230897,-0.013027865555874762,-0.01302786045230897,b946fb0f088a230d10f1d865b93570b485771320517a4c44880c3e6d6a81c18b,2026-10-07T15:19:19.758807+00:00
KRE,2026-04-13,69.38999938964844,68.59586334228516,11394200,0.0,0.006527370645579067,0.006527373053357932,0.006527370645579067,b946fb0f088a230d10f1d865b93570b485771320517a4c44880c3e6d6a81c18b,2026-10-07T15:19:19.758807+00:00
KRE,2026-04-14,69.29000091552734,68.49700927734375,12630000,0.0,-0.0014411078685786505,-0.0014411082552914234,-0.0014411078685786505,b946fb0f088a230d10f1d865b93570b485771320517a4c44880c3e6d6a81c18b,2026-10-07T15:19:19.758807+00:00
KRE,2026-04-15,69.16999816894531,68.37837982177734,11766800,0.0,-0.0017318912540977838,-0.0017318924843284789,-0.0017318912540977838,b946fb0f088a230d10f1d865b93570b485771320517a4c44880c3e6d6a81c18b,2026-10-07T15:19:19.758807+00:00
KRE,2026-04-16,68.83000183105469,68.04227447509766,10604800,0.0,-0.004915372949124475,-0.004915374531477945,-0.004915372949124475,b946fb0f088a230d10f1d865b93570b485771320517a4c44880c3e6d6a81c18b,2026-10-07T15:19:19.758807+00:00
KRE,2026-04-17,70.37000274658203,69.56465148925781,21788000,0.0,0.022373977546990664,0.022373987729015665,0.022373977546990664,b946fb0f088a230d10f1d865b93570b485771320517a4c44880c3e6d6a81c18b,2026-10-07T15:19:19.758807+00:00
KRE,2026-04-20,70.63999938964844,69.83155822753906,8383600,0.0,0.0038368144454778985,0.003836815574681074,0.0038368144454778985,b946fb0f088a230d10f1d865b93570b485771320517a4c44880c3e6d6a81c18b,2026-10-07T15:19:19.758807+00:00
KRE,2026-04-21,69.62999725341797,68.8331069946289,15685400,0.0,-0.014297878609246917,-0.014297994463431607,-0.014297878609246917,b946fb0f088a230d10f1d865b93570b485771320517a4c44880c3e6d6a81c18b,2026-10-07T15:19:19.758807+00:00
KRE,2026-04-22,69.25,68.45745849609375,11958900,0.0,-0.00545737854957784,-0.005457381119879812,-0.00545737854957784,b946fb0f088a230d10f1d865b93570b485771320517a4c44880c3e6d6a81c18b,2026-10-07T15:19:19.758807+00:00
KRE,2026-04-23,70.0,69.19888305664062,17327200,0.0,0.010830324909747224,0.010830442392032236,0.010830324909747224,b946fb0f088a230d10f1d865b93570b485771320517a4c44880c3e6d6a81c18b,2026-10-07T15:19:19.758807+00:00
KRE,2026-04-24,68.88999938964844,68.1015853881836,15231400,0.0,-0.015857151576450845,-0.015857158670594007,-0.015857151576450845,b946fb0f088a230d10f1d865b93570b485771320517a4c44880c3e6d6a81c18b,2026-10-07T15:19:19.758807+00:00
KRE,2026-04-27,70.06999969482422,69.26808166503906,11118000,0.0,0.017128760569463664,0.017128768298217523,0.017128760569463664,b946fb0f088a230d10f1d865b93570b485771320517a4c44880c3e6d6a81c18b,2026-10-07T15:19:19.758807+00:00
KRE,2026-04-28,70.37000274658203,69.56465148925781,12324300,0.0,0.004281476424495834,0.00428147881520502,0.004281476424495834,b946fb0f088a230d10f1d865b93570b485771320517a4c44880c3e6d6a81c18b,2026-10-07T15:19:19.758807+00:00
KRE,2026-04-29,69.02999877929688,68.23998260498047,10918500,0.0,-0.019042261119568304,-0.01904227011734405,-0.019042261119568304,b946fb0f088a230d10f1d865b93570b485771320517a4c44880c3e6d6a81c18b,2026-10-07T15:19:19.758807+00:00
KRE,2026-04-30,69.8499984741211,69.05059814453125,12434700,0.0,0.011878889023972494,0.011878894287578934,0.011878889023972494,b946fb0f088a230d10f1d865b93570b485771320517a4c44880c3e6d6a81c18b,2026-10-07T15:19:19.758807+00:00
KRE,2026-05-01,69.81999969482422,69.02093505859375,8935800,0.0,-0.00042947430139161913,-0.00042958477890964186,-0.00042947430139161913,b946fb0f088a230d10f1d865b93570b485771320517a4c44880c3e6d6a81c18b,2026-10-07T15:19:19.758807+00:00
KRE,2026-05-04,68.98999786376953,68.20043182373047,11589400,0.0,-0.01188773753484007,-0.011887744409239565,-0.01188773753484007,b946fb0f088a230d10f1d865b93570b485771320517a4c44880c3e6d6a81c18b,2026-10-07T15:19:19.758807+00:00
KRE,2026-05-05,69.91999816894531,69.11979675292969,10864900,0.0,0.013480219364728763,0.013480338827991378,0.013480219364728763,b946fb0f088a230d10f1d865b93570b485771320517a4c44880c3e6d6a81c18b,2026-10-07T15:19:19.758807+00:00
KRE,2026-05-06,70.70999908447266,69.9007568359375,13686300,0.0,0.011298640392102044,0.011298645535654073,0.011298640392102044,b946fb0f088a230d10f1d865b93570b485771320517a4c44880c3e6d6a81c18b,2026-10-07T15:19:19.758807+00:00
KRE,2026-05-07,69.94999694824219,69.14945220947266,11503300,0.0,-0.010748156499373551,-0.010748161543203572,-0.010748156499373551,b946fb0f088a230d10f1d865b93570b485771320517a4c44880c3e6d6a81c18b,2026-10-07T15:19:19.758807+00:00
KRE,2026-05-08,69.8499984741211,69.05059814453125,10184300,0.0,-0.0014295708146361275,-0.0014295711937377664,-0.0014295708146361275,b946fb0f088a230d10f1d865b93570b485771320517a4c44880c3e6d6a81c18b,2026-10-07T15:19:19.758807+00:00
KRE,2026-05-11,68.55000305175781,67.7654800415039,20653700,0.0,-0.0186112448212139,-0.018611252292665692,-0.0186112448212139,b946fb0f088a230d10f1d865b93570b485771320517a4c44880c3e6d6a81c18b,2026-10-07T15:19:19.758807+00:00
KRE,2026-05-12,68.2300033569336,67.44914245605469,17791700,0.0,-0.0046681207961815074,-0.004668122844484701,-0.0046681207961815074,b946fb0f088a230d10f1d865b93570b485771320517a4c44880c3e6d6a81c18b,2026-10-07T15:19:19.758807+00:00
KRE,2026-05-13,67.13999938964844,66.37161254882812,18412600,0.0,-0.015975434759734508,-0.01597544265190043,-0.015975434759734508,b946fb0f088a230d10f1d865b93570b485771320517a4c44880c3e6d6a81c18b,2026-10-07T15:19:19.758807+00:00
KRE,2026-05-14,67.73999786376953,66.9647445678711,16610900,0.0,0.008936527845926578,0.008936531692771643,0.008936527845926578,b946fb0f088a230d10f1d865b93570b485771320517a4c44880c3e6d6a81c18b,2026-10-07T15:19:19.758807+00:00
KRE,2026-05-15,66.97000122070312,66.20355987548828,18064800,0.0,-0.011366942240165545,-0.011366946850836168,-0.011366942240165545,b946fb0f088a230d10f1d865b93570b485771320517a4c44880c3e6d6a81c18b,2026-10-07T15:19:19.758807+00:00
KRE,2026-05-18,67.91999816894531,67.14268493652344,15231400,0.0,0.0141854103468122,0.014185416355274594,0.0141854103468122,b946fb0f088a230d10f1d865b93570b485771320517a4c44880c3e6d6a81c18b,2026-10-07T15:19:19.758807+00:00
KRE,2026-05-19,67.55999755859375,66.78680419921875,12121200,0.0,-0.005300362486113319,-0.005300365000910134,-0.005300362486113319,b946fb0f088a230d10f1d865b93570b485771320517a4c44880c3e6d6a81c18b,2026-10-07T15:19:19.758807+00:00
KRE,2026-05-20,69.16999816894531,68.37837982177734,18748500,0.0,0.023830678930312876,0.023830689934063454,0.023830678930312876,b946fb0f088a230d10f1d865b93570b485771320517a4c44880c3e6d6a81c18b,2026-10-07T15:19:19.758807+00:00
KRE,2026-05-21,69.20999908447266,68.41792297363281,13570000,0.0,0.0005782986350475472,0.0005782990465486026,0.0005782986350475472,b946fb0f088a230d10f1d865b93570b485771320517a4c44880c3e6d6a81c18b,2026-10-07T15:19:19.758807+00:00
KRE,2026-05-22,69.37000274658203,68.57608795166016,8441300,0.0,0.002311857596098088,0.0023117477285636845,0.002311857596098088,b946fb0f088a230d10f1d865b93570b485771320517a4c44880c3e6d6a81c18b,2026-10-07T15:19:19.758807+00:00
KRE,2026-05-26,70.30000305175781,69.49545288085938,15023200,0.0,0.01340637549883339,0.013406494255654877,0.01340637549883339,b946fb0f088a230d10f1d865b93570b485771320517a4c44880c3e6d6a81c18b,2026-10-07T15:19:19.758807+00:00
KRE,2026-05-27,69.58000183105469,68.78369140625,11954300,0.0,-0.010241837687731348,-0.01024184238110648,-0.010241837687731348,b946fb0f088a230d10f1d865b93570b485771320517a4c44880c3e6d6a81c18b,2026-10-07T15:19:19.758807+00:00
KRE,2026-05-28,69.55000305175781,68.75403594970703,14162600,0.0,-0.0004311408236192804,-0.0004311408116760562,-0.0004311408236192804,b946fb0f088a230d10f1d865b93570b485771320517a4c44880c3e6d6a81c18b,2026-10-07T15:19:19.758807+00:00
KRE,2026-05-29,69.61000061035156,68.81334686279297,10809300,0.0,0.0008626535724103324,0.0008626535485032338,0.0008626535724103324,b946fb0f088a230d10f1d865b93570b485771320517a4c44880c3e6d6a81c18b,2026-10-07T15:19:19.758807+00:00
KRE,2026-06-01,68.30999755859375,67.5282211303711,15988400,0.0,-0.018675521338301637,-0.018675530126216477,-0.018675521338301637,b946fb0f088a230d10f1d865b93570b485771320517a4c44880c3e6d6a81c18b,2026-10-07T15:19:19.758807+00:00
KRE,2026-06-02,69.54000091552734,68.74414825439453,19351000,0.0,0.018006198227112247,0.01800620694088706,0.018006198227112247,b946fb0f088a230d10f1d865b93570b485771320517a4c44880c3e6d6a81c18b,2026-10-07T15:19:19.758807+00:00
KRE,2026-06-03,67.87999725341797,67.10314178466797,14963400,0.0,-0.023871205640705107,-0.02387121684385196,-0.023871205640705107,b946fb0f088a230d10f1d865b93570b485771320517a4c44880c3e6d6a81c18b,2026-10-07T15:19:19.758807+00:00
KRE,2026-06-04,69.9800033569336,69.17911529541016,16495300,0.0,0.030937038722550714,0.030937053847700957,0.030937038722550714,b946fb0f088a230d10f1d865b93570b485771320517a4c44880c3e6d6a81c18b,2026-10-07T15:19:19.758807+00:00
KRE,2026-06-05,70.16999816894531,69.36693572998047,15947700,0.0,0.002714987180590045,0.002714987518534606,0.002714987180590045,b946fb0f088a230d10f1d865b93570b485771320517a4c44880c3e6d6a81c18b,2026-10-07T15:19:19.758807+00:00
KRE,2026-06-08,70.36000061035156,69.55476379394531,9447800,0.0,0.002707744710906068,0.002707746305761427,0.002707744710906068,b946fb0f088a230d10f1d865b93570b485771320517a4c44880c3e6d6a81c18b,2026-10-07T15:19:19.758807+00:00
KRE,2026-06-09,71.23999786376953,70.4246826171875,23975600,0.0,0.01250706716577965,0.012506962511141584,0.01250706716577965,b946fb0f088a230d10f1d865b93570b485771320517a4c44880c3e6d6a81c18b,2026-10-07T15:19:19.758807+00:00
KRE,2026-06-10,71.63999938964844,70.82010650634766,14728800,0.0,0.005614844720290613,0.00561484801159251,0.005614844720290613,b946fb0f088a230d10f1d865b93570b485771320517a4c44880c3e6d6a81c18b,2026-10-07T15:19:19.758807+00:00
KRE,2026-06-11,72.3499984741211,71.52198028564453,15738300,0.0,0.009910651738157972,0.00991065692952553,0.009910651738157972,b946fb0f088a230d10f1d865b93570b485771320517a4c44880c3e6d6a81c18b,2026-10-07T15:19:19.758807+00:00
KRE,2026-06-12,73.41000366210938,72.56986236572266,16231800,0.0,0.01465107408906774,0.014651189409089271,0.01465107408906774,b946fb0f088a230d10f1d865b93570b485771320517a4c44880c3e6d6a81c18b,2026-10-07T15:19:19.758807+00:00
KRE,2026-06-15,72.2300033569336,71.40335845947266,21444100,0.0,-0.0160741077007307,-0.016074219630888842,-0.0160741077007307,b946fb0f088a230d10f1d865b93570b485771320517a4c44880c3e6d6a81c18b,2026-10-07T15:19:19.758807+00:00
KRE,2026-06-16,72.48999786376953,71.6603775024414,13946100,0.0,0.0035995361311440544,0.0035995371718353653,0.0035995361311440544,b946fb0f088a230d10f1d865b93570b485771320517a4c44880c3e6d6a81c18b,2026-10-07T15:19:19.758807+00:00
KRE,2026-06-17,71.1500015258789,70.33572387695312,27532500,0.0,-0.018485258344315025,-0.018485161140033735,-0.018485258344315025,b946fb0f088a230d10f1d865b93570b485771320517a4c44880c3e6d6a81c18b,2026-10-07T15:19:19.758807+00:00
KRE,2026-06-18,71.72000122070312,70.89920043945312,16522200,0.0,0.008011239390021574,0.008011242814330855,0.008011239390021574,b946fb0f088a230d10f1d865b93570b485771320517a4c44880c3e6d6a81c18b,2026-10-07T15:19:19.758807+00:00
KRE,2026-06-22,71.98999786376953,71.58230590820312,15770400,0.417,0.003764593397531435,0.009634882544738543,0.009578871045363258,b946fb0f088a230d10f1d865b93570b485771320517a4c44880c3e6d6a81c18b,2026-10-07T15:19:19.758807+00:00
KRE,2026-06-23,73.12000274658203,72.7059097290039,16889900,0.0,0.01569669282322894,0.01569666982007667,0.01569669282322894,b946fb0f088a230d10f1d865b93570b485771320517a4c44880c3e6d6a81c18b,2026-10-07T15:19:19.758807+00:00
KRE,2026-06-24,73.97000122070312,73.55109405517578,14241400,0.0,0.01162470517222225,0.011624699138242267,0.01162470517222225,b946fb0f088a230d10f1d865b93570b485771320517a4c44880c3e6d6a81c18b,2026-10-07T15:19:19.758807+00:00
KRE,2026-06-25,74.7699966430664,74.3465576171875,11909200,0.0,0.01081513328594319,0.01081511529135093,0.01081513328594319,b946fb0f088a230d10f1d865b93570b485771320517a4c44880c3e6d6a81c18b,2026-10-07T15:19:19.758807+00:00
KRE,2026-06-26,75.16999816894531,74.74429321289062,10338500,0.0,0.005349759848036539,0.0053497513328200075,0.005349759848036539,b946fb0f088a230d10f1d865b93570b485771320517a4c44880c3e6d6a81c18b,2026-10-07T15:19:19.758807+00:00
KRE,2026-06-29,74.75,74.32667541503906,16934200,0.0,-0.005587311150405561,-0.005587286733210295,-0.005587311150405561,b946fb0f088a230d10f1d865b93570b485771320517a4c44880c3e6d6a81c18b,2026-10-07T15:19:19.758807+00:00
KRE,2026-06-30,74.8499984741211,74.42610931396484,8859400,0.0,0.0013377722290446314,0.0013377955945230724,0.0013377722290446314,b946fb0f088a230d10f1d865b93570b485771320517a4c44880c3e6d6a81c18b,2026-10-07T15:19:19.758807+00:00
KRE,2026-07-01,76.18000030517578,75.74857330322266,16565400,0.0,0.017768895900706294,0.017768817978634832,0.017768895900706294,b946fb0f088a230d10f1d865b93570b485771320517a4c44880c3e6d6a81c18b,2026-10-07T15:19:19.758807+00:00
KRE,2026-07-02,75.0199966430664,74.59513854980469,17879900,0.0,-0.015227141736183003,-0.015227148223647125,-0.015227141736183003,b946fb0f088a230d10f1d865b93570b485771320517a4c44880c3e6d6a81c18b,2026-10-07T15:19:19.758807+00:00
KRE,2026-07-06,75.55999755859375,75.13208770751953,9474000,0.0,0.007198093037734887,0.0071981789718955635,0.007198093037734887,b946fb0f088a230d10f1d865b93570b485771320517a4c44880c3e6d6a81c18b,2026-10-07T15:19:19.758807+00:00
KRE,2026-07-07,75.06999969482422,74.64485931396484,8637000,0.0,-0.006484884589753381,-0.006484957471851627,-0.006484884589753381,b946fb0f088a230d10f1d865b93570b485771320517a4c44880c3e6d6a81c18b,2026-10-07T15:19:19.758807+00:00
KRE,2026-07-08,73.33999633789062,72.9246597290039,21209000,0.0,-0.02304520266373289,-0.023045117919314184,-0.02304520266373289,b946fb0f088a230d10f1d865b93570b485771320517a4c44880c3e6d6a81c18b,2026-10-07T15:19:19.758807+00:00
KRE,2026-07-09,74.6500015258789,74.22724151611328,11975200,0.0,0.017862084175091164,0.017862020775275544,0.017862084175091164,b946fb0f088a230d10f1d865b93570b485771320517a4c44880c3e6d6a81c18b,2026-10-07T15:19:19.758807+00:00
KRE,2026-07-10,75.0199966430664,74.59513854980469,10374200,0.0,0.004956397985594663,0.004956361386695862,0.004956397985594663,b946fb0f088a230d10f1d865b93570b485771320517a4c44880c3e6d6a81c18b,2026-10-07T15:19:19.758807+00:00
KRE,2026-07-13,75.12000274658203,74.694580078125,10095200,0.0,0.001333059290730798,0.0013330832310729512,0.001333059290730798,b946fb0f088a230d10f1d865b93570b485771320517a4c44880c3e6d6a81c18b,2026-10-07T15:19:19.758807+00:00
KRE,2026-07-14,75.0,74.57525634765625,10894200,0.0,-0.0015974805936423975,-0.001597488470300612,-0.0015974805936423975,b946fb0f088a230d10f1d865b93570b485771320517a4c44880c3e6d6a81c18b,2026-10-07T15:19:19.758807+00:00
KRE,2026-07-15,75.77999877929688,75.35083770751953,13926300,0.0,0.01039998372395834,0.010399982485446158,0.01039998372395834,b946fb0f088a230d10f1d865b93570b485771320517a4c44880c3e6d6a81c18b,2026-10-07T15:19:19.758807+00:00
KRE,2026-07-16,77.91999816894531,77.47872161865234,20945700,0.0,0.028239633466886405,0.02823968486445194,0.028239633466886405,b946fb0f088a230d10f1d865b93570b485771320517a4c44880c3e6d6a81c18b,2026-10-07T15:19:19.758807+00:00
KRE,2026-07-17,76.69000244140625,76.25569152832031,15369300,0.0,-0.015785366484123875,-0.015785367450327104,-0.015785366484123875,b946fb0f088a230d10f1d865b93570b485771320517a4c44880c3e6d6a81c18b,2026-10-07T15:19:19.758807+00:00
KRE,2026-07-20,75.88999938964844,75.46022033691406,13554400,0.0,-0.0104316472328847,-0.010431630419492355,-0.0104316472328847,b946fb0f088a230d10f1d865b93570b485771320517a4c44880c3e6d6a81c18b,2026-10-07T15:19:19.758807+00:00
KRE,2026-07-21,75.9800033569336,75.54971313476562,15981500,0.0,0.00118597928592723,0.0011859599329553383,0.00118597928592723,b946fb0f088a230d10f1d865b93570b485771320517a4c44880c3e6d6a81c18b,2026-10-07T15:19:19.758807+00:00
KRE,2026-07-22,75.5999984741211,75.17185974121094,9125400,0.0,-0.0050013801792998525,-0.005001387535127688,-0.0050013801792998525,b946fb0f088a230d10f1d865b93570b485771320517a4c44880c3e6d6a81c18b,2026-10-07T15:19:19.758807+00:00
KRE,2026-07-23,75.1500015258789,74.72441101074219,17479300,0.0,-0.005952340705353665,-0.005952343496744006,-0.005952340705353665,b946fb0f088a230d10f1d865b93570b485771320517a4c44880c3e6d6a81c18b,2026-10-07T15:19:19.758807+00:00
KRE,2026-07-24,75.7300033569336,75.3011245727539,11073700,0.0,0.007717921746880574,0.0077178736400989045,0.007717921746880574,b946fb0f088a230d10f1d865b93570b485771320517a4c44880c3e6d6a81c18b,2026-10-07T15:19:19.758807+00:00
KRE,2026-07-27,75.5199966430664,75.0923080444336,8033500,0.0,-0.002773097907805111,-0.002773086451299367,-0.002773097907805111,b946fb0f088a230d10f1d865b93570b485771320517a4c44880c3e6d6a81c18b,2026-10-07T15:19:19.758807+00:00
KRE,2026-07-28,76.79000091552734,76.3551254272461,12502100,0.0,0.01681679460955765,0.016816867342328345,0.01681679460955765,b946fb0f088a230d10f1d865b93570b485771320517a4c44880c3e6d6a81c18b,2026-10-07T15:19:19.758807+00:00
KRE,2026-07-29,76.18000030517578,75.74857330322266,18483600,0.0,-0.007943750528439097,-0.007943829842849026,-0.007943750528439097,b946fb0f088a230d10f1d865b93570b485771320517a4c44880c3e6d6a81c18b,2026-10-07T15:19:19.758807+00:00
KRE,2026-07-30,75.9000015258789,75.47016143798828,8522300,0.0,-0.0036754893433342817,-0.003675473386408057,-0.0036754893433342817,b946fb0f088a230d10f1d865b93570b485771320517a4c44880c3e6d6a81c18b,2026-10-07T15:19:19.758807+00:00
KRE,2026-07-31,76.05999755859375,75.6292495727539,12035500,0.0,0.00210798457837047,0.0021079607057199468,0.00210798457837047,b946fb0f088a230d10f1d865b93570b485771320517a4c44880c3e6d6a81c18b,2026-10-07T15:19:19.758807+00:00
KRE,2026-08-03,77.05999755859375,76.62358856201172,12751900,0.0,0.01314751554165694,0.013147545359434964,0.01314751554165694,b946fb0f088a230d10f1d865b93570b485771320517a4c44880c3e6d6a81c18b,2026-10-07T15:19:19.758807+00:00
KRE,2026-08-04,77.83999633789062,77.399169921875,13839700,0.0,0.010121967350229744,0.010121966021411355,0.010121967350229744,b946fb0f088a230d10f1d865b93570b485771320517a4c44880c3e6d6a81c18b,2026-10-07T15:19:19.758807+00:00
KRE,2026-08-05,77.33999633789062,76.9020004272461,8977800,0.0,-0.006423432984626332,-0.0064234473719904095,-0.006423432984626332,b946fb0f088a230d10f1d865b93570b485771320517a4c44880c3e6d6a81c18b,2026-10-07T15:19:19.758807+00:00
KRE,2026-08-06,76.48999786376953,76.05681610107422,14312100,0.0,-0.010990412650235148,-0.010990407550860448,-0.010990412650235148,b946fb0f088a230d10f1d865b93570b485771320517a4c44880c3e6d6a81c18b,2026-10-07T15:19:19.758807+00:00
KRE,2026-08-07,76.20999908447266,75.77840423583984,9932800,0.0,-0.003660593373208898,-0.003660577440743551,-0.003660593373208898,b946fb0f088a230d10f1d865b93570b485771320517a4c44880c3e6d6a81c18b,2026-10-07T15:19:19.758807+00:00
KRE,2026-08-10,76.02999877929688,75.59942626953125,7336500,0.0,-0.0023618987972465755,-0.002361859795194099,-0.0023618987972465755,b946fb0f088a230d10f1d865b93570b485771320517a4c44880c3e6d6a81c18b,2026-10-07T15:19:19.758807+00:00
KRE,2026-08-11,76.80999755859375,76.37500762939453,8304900,0.0,0.01025909235591449,0.01025909055312324,0.01025909235591449,b946fb0f088a230d10f1d865b93570b485771320517a4c44880c3e6d6a81c18b,2026-10-07T15:19:19.758807+00:00
KRE,2026-08-12,77.37999725341797,76.94178009033203,8782500,0.0,0.007420904998589606,0.007420915277517537,0.007420904998589606,b946fb0f088a230d10f1d865b93570b485771320517a4c44880c3e6d6a81c18b,2026-10-07T15:19:19.758807+00:00
KRE,2026-08-13,77.75,77.30968475341797,7308800,0.0,0.004781632976417427,0.004781598016760258,0.004781632976417427,b946fb0f088a230d10f1d865b93570b485771320517a4c44880c3e6d6a81c18b,2026-10-07T15:19:19.758807+00:00
KRE,2026-08-14,77.93000030517578,77.48866271972656,7300600,0.0,0.0023151164652832623,0.0023150782063003916,0.0023151164652832623,b946fb0f088a230d10f1d865b93570b485771320517a4c44880c3e6d6a81c18b,2026-10-07T15:19:19.758807+00:00
KRE,2026-08-17,77.38999938964844,76.95172119140625,11420600,0.0,-0.006929307242559801,-0.006929291453414366,-0.006929307242559801,b946fb0f088a230d10f1d865b93570b485771320517a4c44880c3e6d6a81c18b,2026-10-07T15:19:19.758807+00:00
KRE,2026-08-18,76.8499984741211,76.41477966308594,12307600,0.0,-0.00697765757573543,-0.006977641565479087,-0.00697765757573543,b946fb0f088a230d10f1d865b93570b485771320517a4c44880c3e6d6a81c18b,2026-10-07T15:19:19.758807+00:00
KRE,2026-08-19,75.0,74.57525634765625,23671600,0.0,-0.024072849848449596,-0.024072873383135795,-0.024072849848449596,b946fb0f088a230d10f1d865b93570b485771320517a4c44880c3e6d6a81c18b,2026-10-07T15:19:19.758807+00:00
KRE,2026-08-20,74.70999908447266,74.28690338134766,15940300,0.0,-0.0038666788736979596,-0.003866603756135234,-0.0038666788736979596,b946fb0f088a230d10f1d865b93570b485771320517a4c44880c3e6d6a81c18b,2026-10-07T15:19:19.758807+00:00
KRE,2026-08-21,74.86000061035156,74.43605041503906,14326700,0.0,0.0020077838002554582,0.0020077163928313713,0.0020077838002554582,b946fb0f088a230d10f1d865b93570b485771320517a4c44880c3e6d6a81c18b,2026-10-07T15:19:19.758807+00:00
KRE,2026-08-24,74.76000213623047,74.33661651611328,7806900,0.0,-0.0013358064828450367,-0.0013358298616242825,-0.0013358064828450367,b946fb0f088a230d10f1d865b93570b485771320517a4c44880c3e6d6a81c18b,2026-10-07T15:19:19.758807+00:00
KRE,2026-08-25,74.33000183105469,73.9090576171875,10053900,0.0,-0.005751742815526151,-0.005751659396995845,-0.005751742815526151,b946fb0f088a230d10f1d865b93570b485771320517a4c44880c3e6d6a81c18b,2026-10-07T15:19:19.758807+00:00
KRE,2026-08-26,74.58000183105469,74.15763854980469,5158000,0.0,0.0033633794408916007,0.0033633351666411127,0.0033633794408916007,b946fb0f088a230d10f1d865b93570b485771320517a4c44880c3e6d6a81c18b,2026-10-07T15:19:19.758807+00:00
KRE,2026-08-27,74.3499984741211,73.92893981933594,10752000,0.0,-0.00308398164771595,-0.0030839537900758662,-0.00308398164771595,b946fb0f088a230d10f1d865b93570b485771320517a4c44880c3e6d6a81c18b,2026-10-07T15:19:19.758807+00:00
KRE,2026-08-28,74.30000305175781,73.87922668457031,13411800,0.0,-0.0006724334013360478,-0.0006724448488928392,-0.0006724334013360478,b946fb0f088a230d10f1d865b93570b485771320517a4c44880c3e6d6a81c18b,2026-10-07T15:19:19.758807+00:00
KRE,2026-08-31,73.55999755859375,73.1434097290039,13148600,0.0,-0.009959696672536711,-0.009959727362983894,-0.009959696672536711,b946fb0f088a230d10f1d865b93570b485771320517a4c44880c3e6d6a81c18b,2026-10-07T15:19:19.758807+00:00
KRE,2026-09-01,72.62000274658203,72.208740234375,14072400,0.0,-0.012778613964240182,-0.012778587956069454,-0.012778613964240182,b946fb0f088a230d10f1d865b93570b485771320517a4c44880c3e6d6a81c18b,2026-10-07T15:19:19.758807+00:00
KRE,2026-09-02,74.23999786376953,73.8195571899414,14638000,0.0,0.022307836077075205,0.022307783660787006,0.022307836077075205,b946fb0f088a230d10f1d865b93570b485771320517a4c44880c3e6d6a81c18b,2026-10-07T15:19:19.758807+00:00
KRE,2026-09-03,74.87000274658203,74.44599914550781,10600200,0.0,0.008486057394136326,0.008486124536815298,0.008486057394136326,b946fb0f088a230d10f1d865b93570b485771320517a4c44880c3e6d6a81c18b,2026-10-07T15:19:19.758807+00:00
KRE,2026-09-04,75.2699966430664,74.8437271118164,12811900,0.0,0.005342512111803588,0.0053425028997355906,0.005342512111803588,b946fb0f088a230d10f1d865b93570b485771320517a4c44880c3e6d6a81c18b,2026-10-07T15:19:19.758807+00:00
KRE,2026-09-08,74.30999755859375,73.88916778564453,9578400,0.0,-0.012754073698515112,-0.012754032475504107,-0.012754073698515112,b946fb0f088a230d10f1d865b93570b485771320517a4c44880c3e6d6a81c18b,2026-10-07T15:19:19.758807+00:00
KRE,2026-09-09,73.44999694824219,73.0340347290039,10842100,0.0,-0.011573148144345513,-0.011573185654511597,-0.011573148144345513,b946fb0f088a230d10f1d865b93570b485771320517a4c44880c3e6d6a81c18b,2026-10-07T15:19:19.758807+00:00
KRE,2026-09-10,73.80999755859375,73.39199829101562,10242100,0.0,0.004901301910267497,0.004901325297718584,0.004901301910267497,b946fb0f088a230d10f1d865b93570b485771320517a4c44880c3e6d6a81c18b,2026-10-07T15:19:19.758807+00:00
KRE,2026-09-11,73.9000015258789,73.48149108886719,10395000,0.0,0.001219400762257239,0.0012193808580698295,0.001219400762257239,b946fb0f088a230d10f1d865b93570b485771320517a4c44880c3e6d6a81c18b,2026-10-07T15:19:19.758807+00:00
KRE,2026-09-14,74.11000061035156,73.69029998779297,15453000,0.0,0.0028416654957594822,0.0028416529908634747,0.0028416654957594822,b946fb0f088a230d10f1d865b93570b485771320517a4c44880c3e6d6a81c18b,2026-10-07T15:19:19.758807+00:00
KRE,2026-09-15,74.05000305175781,73.6306381225586,16808400,0.0,-0.0008095743907654551,-0.0008096298324780093,-0.0008095743907654551,b946fb0f088a230d10f1d865b93570b485771320517a4c44880c3e6d6a81c18b,2026-10-07T15:19:19.758807+00:00
KRE,2026-09-16,72.73999786376953,72.32805633544922,25939800,0.0,-0.01769081882512069,-0.017690757819336267,-0.01769081882512069,b946fb0f088a230d10f1d865b93570b485771320517a4c44880c3e6d6a81c18b,2026-10-07T15:19:19.758807+00:00
KRE,2026-09-17,72.73999786376953,72.32805633544922,13233100,0.0,0.0,0.0,0.0,b946fb0f088a230d10f1d865b93570b485771320517a4c44880c3e6d6a81c18b,2026-10-07T15:19:19.758807+00:00
KRE,2026-09-18,72.75,72.33799743652344,11631200,0.0,0.0001375053137779858,0.00013744460418108062,0.0001375053137779858,b946fb0f088a230d10f1d865b93570b485771320517a4c44880c3e6d6a81c18b,2026-10-07T15:19:19.758807+00:00
KRE,2026-09-21,71.98999786376953,71.98999786376953,10767700,0.412,-0.010446764759181715,-0.004810743801129891,-0.004783534518631782,b946fb0f088a230d10f1d865b93570b485771320517a4c44880c3e6d6a81c18b,2026-10-07T15:19:19.758807+00:00
KRE,2026-09-22,71.19000244140625,71.19000244140625,16647300,0.0,-0.011112591277987693,-0.011112591277987693,-0.011112591277987693,b946fb0f088a230d10f1d865b93570b485771320517a4c44880c3e6d6a81c18b,2026-10-07T15:19:19.758807+00:00
KRE,2026-09-23,70.37999725341797,70.37999725341797,16429900,0.0,-0.01137807501348187,-0.01137807501348187,-0.01137807501348187,b946fb0f088a230d10f1d865b93570b485771320517a4c44880c3e6d6a81c18b,2026-10-07T15:19:19.758807+00:00
KRE,2026-09-24,70.94000244140625,70.94000244140625,16284600,0.0,0.00795687993524452,0.00795687993524452,0.00795687993524452,b946fb0f088a230d10f1d865b93570b485771320517a4c44880c3e6d6a81c18b,2026-10-07T15:19:19.758807+00:00
KRE,2026-09-25,71.55000305175781,71.55000305175781,12527300,0.0,0.008598824208603695,0.008598824208603695,0.008598824208603695,b946fb0f088a230d10f1d865b93570b485771320517a4c44880c3e6d6a81c18b,2026-10-07T15:19:19.758807+00:00
KRE,2026-09-28,70.55000305175781,70.55000305175781,16103000,0.0,-0.013976239795218781,-0.013976239795218781,-0.013976239795218781,b946fb0f088a230d10f1d865b93570b485771320517a4c44880c3e6d6a81c18b,2026-10-07T15:19:19.758807+00:00
KRE,2026-09-29,69.83000183105469,69.83000183105469,19935800,0.0,-0.010205544855538928,-0.010205544855538928,-0.010205544855538928,b946fb0f088a230d10f1d865b93570b485771320517a4c44880c3e6d6a81c18b,2026-10-07T15:19:19.758807+00:00
KRE,2026-09-30,69.44000244140625,69.44000244140625,22328600,0.0,-0.005584983236746832,-0.005584983236746832,-0.005584983236746832,b946fb0f088a230d10f1d865b93570b485771320517a4c44880c3e6d6a81c18b,2026-10-07T15:19:19.758807+00:00
KRE,2026-10-01,69.94999694824219,69.94999694824219,21331200,0.0,0.007344390681239821,0.007344390681239821,0.007344390681239821,b946fb0f088a230d10f1d865b93570b485771320517a4c44880c3e6d6a81c18b,2026-10-07T15:19:19.758807+00:00
KRE,2026-10-02,70.77999877929688,70.77999877929688,18654200,0.0,0.011865644993077407,0.011865644993077407,0.011865644993077407,b946fb0f088a230d10f1d865b93570b485771320517a4c44880c3e6d6a81c18b,2026-10-07T15:19:19.758807+00:00
KRE,2026-10-05,70.38999938964844,70.38999938964844,9793600,0.0,-0.005510022554034211,-0.005510022554034211,-0.005510022554034211,b946fb0f088a230d10f1d865b93570b485771320517a4c44880c3e6d6a81c18b,2026-10-07T15:19:19.758807+00:00
KRE,2026-10-06,70.06999969482422,70.06999969482422,10550800,0.0,-0.004546096002257971,-0.004546096002257971,-0.004546096002257971,b946fb0f088a230d10f1d865b93570b485771320517a4c44880c3e6d6a81c18b,2026-10-07T15:19:19.758807+00:00
SPY,2024-01-02,472.6499938964844,457.6726989746094,123623700,0.0,,,,4197ffad676e444993c7f77980cbfa71baa21df88550cdda6b86f8664ed976f4,2026-10-07T15:19:20.226130+00:00
SPY,2024-01-03,468.7900085449219,453.9349670410156,103585900,0.0,-0.008166688673242328,-0.008166823019961522,-0.008166688673242328,4197ffad676e444993c7f77980cbfa71baa21df88550cdda6b86f8664ed976f4,2026-10-07T15:19:20.226130+00:00
SPY,2024-01-04,467.2799987792969,452.47283935546875,84232200,0.0,-0.0032210792425203527,-0.0032210069540968833,-0.0032210792425203527,4197ffad676e444993c7f77980cbfa71baa21df88550cdda6b86f8664ed976f4,2026-10-07T15:19:20.226130+00:00
SPY,2024-01-05,467.9200134277344,453.09259033203125,86118900,0.0,0.00136965984015891,0.001369697631896205,0.00136965984015891,4197ffad676e444993c7f77980cbfa71baa21df88550cdda6b86f8664ed976f4,2026-10-07T15:19:20.226130+00:00
SPY,2024-01-08,474.6000061035156,459.5609130859375,74879100,0.0,0.014275928543528549,0.014275940264585119,0.014275928543528549,4197ffad676e444993c7f77980cbfa71baa21df88550cdda6b86f8664ed976f4,2026-10-07T15:19:20.226130+00:00
SPY,2024-01-09,473.8800048828125,458.86376953125,65931400,0.0,-0.0015170695563498926,-0.00151697747749302,-0.0015170695563498926,4197ffad676e444993c7f77980cbfa71baa21df88550cdda6b86f8664ed976f4,2026-10-07T15:19:20.226130+00:00
SPY,2024-01-10,476.55999755859375,461.4588623046875,67310600,0.0,0.0056554246817059894,0.005655475428117729,0.0056554246817059894,4197ffad676e444993c7f77980cbfa71baa21df88550cdda6b86f8664ed976f4,2026-10-07T15:19:20.226130+00:00
SPY,2024-01-11,476.3500061035156,461.2554626464844,77940700,0.0,-0.00044064012118916196,-0.0004407752777512153,-0.00044064012118916196,4197ffad676e444993c7f77980cbfa71baa21df88550cdda6b86f8664ed976f4,2026-10-07T15:19:20.226130+00:00
SPY,2024-01-12,476.67999267578125,461.5749816894531,58026400,0.0,0.00069273972507089,0.0006927160084684303,0.00069273972507089,4197ffad676e444993c7f77980cbfa71baa21df88550cdda6b86f8664ed976f4,2026-10-07T15:19:20.226130+00:00
SPY,2024-01-16,474.92999267578125,459.88043212890625,85014900,0.0,-0.0036712260361014826,-0.003671233554176867,-0.0036712260361014826,4197ffad676e444993c7f77980cbfa71baa21df88550cdda6b86f8664ed976f4,2026-10-07T15:19:20.226130+00:00
SPY,2024-01-17,472.2900085449219,457.3241271972656,68843900,0.0,-0.0055586805878179435,-0.00555862948942365,-0.0055586805878179435,4197ffad676e444993c7f77980cbfa71baa21df88550cdda6b86f8664ed976f4,2026-10-07T15:19:20.226130+00:00
SPY,2024-01-18,476.489990234375,461.3910217285156,91856200,0.0,0.00889280233217904,0.008892805538544879,0.00889280233217904,4197ffad676e444993c7f77980cbfa71baa21df88550cdda6b86f8664ed976f4,2026-10-07T15:19:20.226130+00:00
SPY,2024-01-19,482.42999267578125,467.142822265625,110834500,0.0,0.01246616416534696,0.012466216866468871,0.01246616416534696,4197ffad676e444993c7f77980cbfa71baa21df88550cdda6b86f8664ed976f4,2026-10-07T15:19:20.226130+00:00
SPY,2024-01-22,483.45001220703125,468.1304931640625,75844900,0.0,0.002114336891851476,0.0021142803685763045,0.002114336891851476,4197ffad676e444993c7f77980cbfa71baa21df88550cdda6b86f8664ed976f4,2026-10-07T15:19:20.226130+00:00
SPY,2024-01-23,484.8599853515625,469.4957580566406,49945300,0.0,0.0029164817642561847,0.002916419486691302,0.0029164817642561847,4197ffad676e444993c7f77980cbfa71baa21df88550cdda6b86f8664ed976f4,2026-10-07T15:19:20.226130+00:00
SPY,2024-01-24,485.3900146484375,470.009033203125,81765000,0.0,0.0010931594952936496,0.0010932476762068877,0.0010931594952936496,4197ffad676e444993c7f77980cbfa71baa21df88550cdda6b86f8664ed976f4,2026-10-07T15:19:20.226130+00:00
SPY,2024-01-25,488.0299987792969,472.5653381347656,72525000,0.0,0.0054388925424671,0.005438842130797594,0.0054388925424671,4197ffad676e444993c7f77980cbfa71baa21df88550cdda6b86f8664ed976f4,2026-10-07T15:19:20.226130+00:00
SPY,2024-01-26,487.4100036621094,471.9649658203125,76641600,0.0,-0.0012704037021049608,-0.0012704535563755615,-0.0012704037021049608,4197ffad676e444993c7f77980cbfa71baa21df88550cdda6b86f8664ed976f4,2026-10-07T15:19:20.226130+00:00
SPY,2024-01-29,491.2699890136719,475.70269775390625,61322800,0.0,0.007919380649885843,0.007919511413516211,0.007919380649885843,4197ffad676e444993c7f77980cbfa71baa21df88550cdda6b86f8664ed976f4,2026-10-07T15:19:20.226130+00:00
SPY,2024-01-30,490.8900146484375,475.334716796875,58618400,0.0,-0.0007734532410523798,-0.0007735523863302562,-0.0007734532410523798,4197ffad676e444993c7f77980cbfa71baa21df88550cdda6b86f8664ed976f4,2026-10-07T15:19:20.226130+00:00
SPY,2024-01-31,482.8800048828125,467.57861328125,126011100,0.0,-0.016317320635176435,-0.01631714083055169,-0.016317320635176435,4197ffad676e444993c7f77980cbfa71baa21df88550cdda6b86f8664ed976f4,2026-10-07T15:19:20.226130+00:00
SPY,2024-02-01,489.20001220703125,473.69830322265625,91891600,0.0,0.013088152875065706,0.013088045020838601,0.013088152875065706,4197ffad676e444993c7f77980cbfa71baa21df88550cdda6b86f8664ed976f4,2026-10-07T15:19:20.226130+00:00
SPY,2024-02-02,494.3500061035156,478.68511962890625,99228200,0.0,0.010527378920638375,0.010527410320712027,0.010527378920638375,4197ffad676e444993c7f77980cbfa71baa21df88550cdda6b86f8664ed976f4,2026-10-07T15:19:20.226130+00:00
SPY,2024-02-05,492.54998779296875,476.94207763671875,75757100,0.0,-0.003641181932482751,-0.003641312254575091,-0.003641181932482751,4197ffad676e444993c7f77980cbfa71baa21df88550cdda6b86f8664ed976f4,2026-10-07T15:19:20.226130+00:00
SPY,2024-02-06,493.9800109863281,478.32684326171875,55918600,0.0,0.0029033057127196837,0.0029034251535566824,0.0029033057127196837,4197ffad676e444993c7f77980cbfa71baa21df88550cdda6b86f8664ed976f4,2026-10-07T15:19:20.226130+00:00
SPY,2024-02-07,498.1000061035156,482.3162841796875,70556500,0.0,0.008340408570300495,0.008340407765461633,0.008340408570300495,4197ffad676e444993c7f77980cbfa71baa21df88550cdda6b86f8664ed976f4,2026-10-07T15:19:20.226130+00:00
SPY,2024-02-08,498.32000732421875,482.529296875,52343600,0.0,0.000441680823142665,0.0004416452487703282,0.000441680823142665,4197ffad676e444993c7f77980cbfa71baa21df88550cdda6b86f8664ed976f4,2026-10-07T15:19:20.226130+00:00
SPY,2024-02-09,501.20001220703125,485.31805419921875,63979400,0.0,0.0057794285609300555,0.005779457003501243,0.0057794285609300555,4197ffad676e444993c7f77980cbfa71baa21df88550cdda6b86f8664ed976f4,2026-10-07T15:19:20.226130+00:00
SPY,2024-02-12,500.9800109863281,485.1050109863281,56502300,0.0,-0.0004389489532020674,-0.0004389764836632004,-0.0004389489532020674,4197ffad676e444993c7f77980cbfa71baa21df88550cdda6b86f8664ed976f4,2026-10-07T15:19:20.226130+00:00
SPY,2024-02-13,494.0799865722656,478.42364501953125,113099200,0.0,-0.01377305334094614,-0.013773030200640801,-0.01377305334094614,4197ffad676e444993c7f77980cbfa71baa21df88550cdda6b86f8664ed976f4,2026-10-07T15:19:20.226130+00:00
SPY,2024-02-14,498.57000732421875,482.7713317871094,68387800,0.0,0.009087639398436487,0.009087524859689333,0.009087639398436487,4197ffad676e444993c7f77980cbfa71baa21df88550cdda6b86f8664ed976f4,2026-10-07T15:19:20.226130+00:00
SPY,2024-02-15,502.010009765625,486.1023254394531,61683000,0.0,0.00689973803251509,0.006899733751822401,0.00689973803251509,4197ffad676e444993c7f77980cbfa71baa21df88550cdda6b86f8664ed976f4,2026-10-07T15:19:20.226130+00:00
SPY,2024-02-16,499.510009765625,483.68157958984375,75532900,0.0,-0.004979980381600746,-0.004979910037297031,-0.004979980381600746,4197ffad676e444993c7f77980cbfa71baa21df88550cdda6b86f8664ed976f4,2026-10-07T15:19:20.226130+00:00
SPY,2024-02-20,496.760009765625,481.0187683105469,71736700,0.0,-0.0055053951797489065,-0.0055052980962286835,-0.0055053951797489065,4197ffad676e444993c7f77980cbfa71baa21df88550cdda6b86f8664ed976f4,2026-10-07T15:19:20.226130+00:00
SPY,2024-02-21,497.2099914550781,481.4544982910156,59293400,0.0,0.0009058331600915182,0.0009058481896644377,0.0009058331600915182,4197ffad676e444993c7f77980cbfa71baa21df88550cdda6b86f8664ed976f4,2026-10-07T15:19:20.226130+00:00
SPY,2024-02-22,507.5,491.41845703125,76402500,0.0,0.020695498324175388,0.020695535664538856,0.020695498324175388,4197ffad676e444993c7f77980cbfa71baa21df88550cdda6b86f8664ed976f4,2026-10-07T15:19:20.226130+00:00
SPY,2024-02-23,507.8500061035156,491.7572937011719,61321800,0.0,0.0006896671990455072,0.0006895074148596247,0.0006896671990455072,4197ffad676e444993c7f77980cbfa71baa21df88550cdda6b86f8664ed976f4,2026-10-07T15:19:20.226130+00:00
SPY,2024-02-26,505.989990234375,489.9562072753906,50386700,0.0,-0.003662529972996542,-0.003662551524605817,-0.003662529972996542,4197ffad676e444993c7f77980cbfa71baa21df88550cdda6b86f8664ed976f4,2026-10-07T15:19:20.226130+00:00
SPY,2024-02-27,506.92999267578125,490.8664855957031,48854500,0.0,0.0018577490850577583,0.0018578769016408536,0.0018577490850577583,4197ffad676e444993c7f77980cbfa71baa21df88550cdda6b86f8664ed976f4,2026-10-07T15:19:20.226130+00:00
SPY,2024-02-28,506.260009765625,490.2176818847656,56506600,0.0,-0.0013216478011486288,-0.0013217519019456114,-0.0013216478011486288,4197ffad676e444993c7f77980cbfa71baa21df88550cdda6b86f8664ed976f4,2026-10-07T15:19:20.226130+00:00
SPY,2024-02-29,508.0799865722656,491.9800109863281,83924800,0.0,0.003594944833748892,0.0035949929320924223,0.003594944833748892,4197ffad676e444993c7f77980cbfa71baa21df88550cdda6b86f8664ed976f4,2026-10-07T15:19:20.226130+00:00
SPY,2024-03-01,512.8499755859375,496.5988464355469,76844800,0.0,0.00938826393429193,0.00938825835618573,0.00938826393429193,4197ffad676e444993c7f77980cbfa71baa21df88550cdda6b86f8664ed976f4,2026-10-07T15:19:20.226130+00:00
SPY,2024-03-04,512.2999877929688,496.0662841796875,49799300,0.0,-0.0010724145835053767,-0.0010724194381077634,-0.0010724145835053767,4197ffad676e444993c7f77980cbfa71baa21df88550cdda6b86f8664ed976f4,2026-10-07T15:19:20.226130+00:00
SPY,2024-03-05,507.17999267578125,491.1084899902344,72855600,0.0,-0.00999413476319777,-0.00999421719952509,-0.00999413476319777,4197ffad676e444993c7f77980cbfa71baa21df88550cdda6b86f8664ed976f4,2026-10-07T15:19:20.226130+00:00
SPY,2024-03-06,509.75,493.5970764160156,68382400,0.0,0.005067249026642129,0.005067284472786815,0.005067249026642129,4197ffad676e444993c7f77980cbfa71baa21df88550cdda6b86f8664ed976f4,2026-10-07T15:19:20.226130+00:00
SPY,2024-03-07,514.8099975585938,498.4967346191406,58652100,0.0,0.00992642973731006,0.009926432787449091,0.00992642973731006,4197ffad676e444993c7f77980cbfa71baa21df88550cdda6b86f8664ed976f4,2026-10-07T15:19:20.226130+00:00
SPY,2024-03-08,511.7200012207031,495.5046691894531,86532500,0.0,-0.00600220732414769,-0.006002176587923902,-0.00600220732414769,4197ffad676e444993c7f77980cbfa71baa21df88550cdda6b86f8664ed976f4,2026-10-07T15:19:20.226130+00:00
SPY,2024-03-11,511.2799987792969,495.07867431640625,62557200,0.0,-0.0008598499967885642,-0.0008597191904240464,-0.0008598499967885642,4197ffad676e444993c7f77980cbfa71baa21df88550cdda6b86f8664ed976f4,2026-10-07T15:19:20.226130+00:00
SPY,2024-03-12,516.780029296875,500.4043884277344,73114400,0.0,0.010757374688447952,0.010757308661460296,0.010757374688447952,4197ffad676e444993c7f77980cbfa71baa21df88550cdda6b86f8664ed976f4,2026-10-07T15:19:20.226130+00:00
SPY,2024-03-13,515.969970703125,499.6199645996094,55104100,0.0,-0.0015675114126452172,-0.0015675798339611635,-0.0015675114126452172,4197ffad676e444993c7f77980cbfa71baa21df88550cdda6b86f8664ed976f4,2026-10-07T15:19:20.226130+00:00
SPY,2024-03-14,514.9500122070312,498.63238525390625,110171800,0.0,-0.001976778793354672,-0.0019766610937866913,-0.001976778793354672,4197ffad676e444993c7f77980cbfa71baa21df88550cdda6b86f8664ed976f4,2026-10-07T15:19:20.226130+00:00
SPY,2024-03-15,509.8299865722656,495.2084045410156,107646300,1.595,-0.009942762430127261,-0.006866743545241527,-0.0068453744076200085,4197ffad676e444993c7f77980cbfa71baa21df88550cdda6b86f8664ed976f4,2026-10-07T15:19:20.226130+00:00
SPY,2024-03-18,512.8599853515625,498.1514587402344,88893300,0.0,0.005943155285291102,0.005943061895216761,0.005943155285291102,4197ffad676e444993c7f77980cbfa71baa21df88550cdda6b86f8664ed976f4,2026-10-07T15:19:20.226130+00:00
SPY,2024-03-19,515.7100219726562,500.9197998046875,60755300,0.0,0.005557143669806974,0.005557227658138153,0.005557143669806974,4197ffad676e444993c7f77980cbfa71baa21df88550cdda6b86f8664ed976f4,2026-10-07T15:19:20.226130+00:00
SPY,2024-03-20,520.47998046875,505.5528869628906,69594600,0.0,0.009249303470675319,0.009249159566081522,0.009249303470675319,4197ffad676e444993c7f77980cbfa71baa21df88550cdda6b86f8664ed976f4,2026-10-07T15:19:20.226130+00:00
SPY,2024-03-21,522.2000122070312,507.22369384765625,60256100,0.0,0.003304702971922424,0.003304910184180665,0.003304702971922424,4197ffad676e444993c7f77980cbfa71baa21df88550cdda6b86f8664ed976f4,2026-10-07T15:19:20.226130+00:00
SPY,2024-03-22,521.2100219726562,506.2619934082031,79070800,0.0,-0.001895806609024997,-0.0018960085089044787,-0.001895806609024997,4197ffad676e444993c7f77980cbfa71baa21df88550cdda6b86f8664ed976f4,2026-10-07T15:19:20.226130+00:00
SPY,2024-03-25,519.77001953125,504.8634948730469,48512100,0.0,-0.0027628065092766274,-0.0027624007991227106,-0.0027628065092766274,4197ffad676e444993c7f77980cbfa71baa21df88550cdda6b86f8664ed976f4,2026-10-07T15:19:20.226130+00:00
SPY,2024-03-26,518.8099975585938,503.93084716796875,65463700,0.0,-0.0018470129799368351,-0.0018473264843849035,-0.0018470129799368351,4197ffad676e444993c7f77980cbfa71baa21df88550cdda6b86f8664ed976f4,2026-10-07T15:19:20.226130+00:00
SPY,2024-03-27,523.1699829101562,508.1658020019531,82999800,0.0,0.008403819070718743,0.008403841236916287,0.008403819070718743,4197ffad676e444993c7f77980cbfa71baa21df88550cdda6b86f8664ed976f4,2026-10-07T15:19:20.226130+00:00
SPY,2024-03-28,523.0700073242188,508.06866455078125,96294900,0.0,-0.00019109579907738983,-0.00019115306616301897,-0.00019109579907738983,4197ffad676e444993c7f77980cbfa71baa21df88550cdda6b86f8664ed976f4,2026-10-07T15:19:20.226130+00:00
SPY,2024-04-01,522.1599731445312,507.18475341796875,62477500,0.0,-0.0017397942282005863,-0.001739747389447932,-0.0017397942282005863,4197ffad676e444993c7f77980cbfa71baa21df88550cdda6b86f8664ed976f4,2026-10-07T15:19:20.226130+00:00
SPY,2024-04-02,518.8400268554688,503.9601135253906,74230300,0.0,-0.006358101845817976,-0.006357919615775032,-0.006358101845817976,4197ffad676e444993c7f77980cbfa71baa21df88550cdda6b86f8664ed976f4,2026-10-07T15:19:20.226130+00:00
SPY,2024-04-03,519.4099731445312,504.51373291015625,59155800,0.0,0.0010985010013910834,0.0010985380983681292,0.0010985010013910834,4197ffad676e444993c7f77980cbfa71baa21df88550cdda6b86f8664ed976f4,2026-10-07T15:19:20.226130+00:00
SPY,2024-04-04,513.0700073242188,498.35552978515625,96858100,0.0,-0.012206091812080655,-0.012206215060743708,-0.012206091812080655,4197ffad676e444993c7f77980cbfa71baa21df88550cdda6b86f8664ed976f4,2026-10-07T15:19:20.226130+00:00
SPY,2024-04-05,518.4299926757812,503.561767578125,74546500,0.0,0.010446888874904303,0.0104468346026243,0.010446888874904303,4197ffad676e444993c7f77980cbfa71baa21df88550cdda6b86f8664ed976f4,2026-10-07T15:19:20.226130+00:00
SPY,2024-04-08,518.719970703125,503.8433837890625,48401800,0.0,0.0005593388334788063,0.0005592485948484605,0.0005593388334788063,4197ffad676e444993c7f77980cbfa71baa21df88550cdda6b86f8664ed976f4,2026-10-07T15:19:20.226130+00:00
SPY,2024-04-09,519.3200073242188,504.42620849609375,68049200,0.0,0.0011567640634317922,0.0011567576865816331,0.0011567640634317922,4197ffad676e444993c7f77980cbfa71baa21df88550cdda6b86f8664ed976f4,2026-10-07T15:19:20.226130+00:00
SPY,2024-04-10,514.1199951171875,499.3753967285156,82652800,0.0,-0.010013117410638928,-0.01001298442171894,-0.010013117410638928,4197ffad676e444993c7f77980cbfa71baa21df88550cdda6b86f8664ed976f4,2026-10-07T15:19:20.226130+00:00
SPY,2024-04-11,518.0,503.14404296875,70099000,0.0,0.007546885784763369,0.00754671989233624,0.007546885784763369,4197ffad676e444993c7f77980cbfa71baa21df88550cdda6b86f8664ed976f4,2026-10-07T15:19:20.226130+00:00
SPY,2024-04-12,510.8500061035156,496.19915771484375,92561100,0.0,-0.013803077020240084,-0.013802976207228146,-0.013803077020240084,4197ffad676e444993c7f77980cbfa71baa21df88550cdda6b86f8664ed976f4,2026-10-07T15:19:20.226130+00:00
SPY,2024-04-15,504.45001220703125,489.9827880859375,92101400,0.0,-0.012528127278102708,-0.012527972956533517,-0.012528127278102708,4197ffad676e444993c7f77980cbfa71baa21df88550cdda6b86f8664ed976f4,2026-10-07T15:19:20.226130+00:00
SPY,2024-04-16,503.5299987792969,489.0891418457031,73484000,0.0,-0.0018237950351298604,-0.0018238319017802596,-0.0018237950351298604,4197ffad676e444993c7f77980cbfa71baa21df88550cdda6b86f8664ed976f4,2026-10-07T15:19:20.226130+00:00
SPY,2024-04-17,500.54998779296875,486.1945495605469,75910300,0.0,-0.00591823921822443,-0.005918332748571675,-0.00591823921822443,4197ffad676e444993c7f77980cbfa71baa21df88550cdda6b86f8664ed976f4,2026-10-07T15:19:20.226130+00:00
SPY,2024-04-18,499.5199890136719,485.1941223144531,74548100,0.0,-0.00205773410131993,-0.002057668575260685,-0.00205773410131993,4197ffad676e444993c7f77980cbfa71baa21df88550cdda6b86f8664ed976f4,2026-10-07T15:19:20.226130+00:00
SPY,2024-04-19,495.1600036621094,480.95916748046875,102212600,0.0,-0.00872835011101658,-0.008728372086996727,-0.00872835011101658,4197ffad676e444993c7f77980cbfa71baa21df88550cdda6b86f8664ed976f4,2026-10-07T15:19:20.226130+00:00
SPY,2024-04-22,499.7200012207031,485.3883972167969,67961000,0.0,0.00920913952029423,0.009209159603986494,0.00920913952029423,4197ffad676e444993c7f77980cbfa71baa21df88550cdda6b86f8664ed976f4,2026-10-07T15:19:20.226130+00:00
SPY,2024-04-23,505.6499938964844,491.1483154296875,64633600,0.0,0.011866630635747333,0.011866617014163916,0.011866630635747333,4197ffad676e444993c7f77980cbfa71baa21df88550cdda6b86f8664ed976f4,2026-10-07T15:19:20.226130+00:00
SPY,2024-04-24,505.4100036621094,490.9152526855469,55928100,0.0,-0.00047461729906428385,-0.0004745262007805895,-0.00047461729906428385,4197ffad676e444993c7f77980cbfa71baa21df88550cdda6b86f8664ed976f4,2026-10-07T15:19:20.226130+00:00
SPY,2024-04-25,503.489990234375,489.0502624511719,69122400,0.0,-0.003798922486342393,-0.003799006496890467,-0.003798922486342393,4197ffad676e444993c7f77980cbfa71baa21df88550cdda6b86f8664ed976f4,2026-10-07T15:19:20.226130+00:00
SPY,2024-04-26,508.260009765625,493.6834411621094,64306100,0.0,0.009473911346339792,0.009473829310949533,0.009473911346339792,4197ffad676e444993c7f77980cbfa71baa21df88550cdda6b86f8664ed976f4,2026-10-07T15:19:20.226130+00:00
SPY,2024-04-29,510.05999755859375,495.43182373046875,46415400,0.0,0.0035414704253415863,0.003541505391073674,0.0035414704253415863,4197ffad676e444993c7f77980cbfa71baa21df88550cdda6b86f8664ed976f4,2026-10-07T15:19:20.226130+00:00
SPY,2024-04-30,501.9800109863281,487.5835876464844,77483600,0.0,-0.015841247325688257,-0.015841202983064906,-0.015841247325688257,4197ffad676e444993c7f77980cbfa71baa21df88550cdda6b86f8664ed976f4,2026-10-07T15:19:20.226130+00:00
SPY,2024-05-01,500.3500061035156,486.00030517578125,80242800,0.0,-0.0032471509764099293,-0.0032472021430119957,-0.0032471509764099293,4197ffad676e444993c7f77980cbfa71baa21df88550cdda6b86f8664ed976f4,2026-10-07T15:19:20.226130+00:00
SPY,2024-05-02,505.0299987792969,490.54608154296875,62550200,0.0,0.009353437830903255,0.009353443441858289,0.009353437830903255,4197ffad676e444993c7f77980cbfa71baa21df88550cdda6b86f8664ed976f4,2026-10-07T15:19:20.226130+00:00
SPY,2024-05-03,511.2900085449219,496.6265869140625,72756700,0.0,0.012395322615995186,0.012395380576617931,0.012395322615995186,4197ffad676e444993c7f77980cbfa71baa21df88550cdda6b86f8664ed976f4,2026-10-07T15:19:20.226130+00:00
SPY,2024-05-06,516.5700073242188,501.7550964355469,47264700,0.0,0.010326817835387025,0.010326691435011304,0.010326817835387025,4197ffad676e444993c7f77980cbfa71baa21df88550cdda6b86f8664ed976f4,2026-10-07T15:19:20.226130+00:00
SPY,2024-05-07,517.1400146484375,502.308837890625,52561300,0.0,0.0011034464179817682,0.0011036090296081547,0.0011034464179817682,4197ffad676e444993c7f77980cbfa71baa21df88550cdda6b86f8664ed976f4,2026-10-07T15:19:20.226130+00:00
SPY,2024-05-08,517.1900024414062,502.3572692871094,42047200,0.0,9.666200942248793e-05,9.641756790057521e-05,9.666200942248793e-05,4197ffad676e444993c7f77980cbfa71baa21df88550cdda6b86f8664ed976f4,2026-10-07T15:19:20.226130+00:00
SPY,2024-05-09,520.1699829101562,505.2518310546875,43643700,0.0,0.005761867891264316,0.005761958559265645,0.005761867891264316,4197ffad676e444993c7f77980cbfa71baa21df88550cdda6b86f8664ed976f4,2026-10-07T15:19:20.226130+00:00
SPY,2024-05-10,520.8400268554688,505.9027404785156,52233200,0.0,0.0012881249732326072,0.001288287115099429,0.0012881249732326072,4197ffad676e444993c7f77980cbfa71baa21df88550cdda6b86f8664ed976f4,2026-10-07T15:19:20.226130+00:00
SPY,2024-05-13,520.9099731445312,505.97064208984375,36716400,0.0,0.0001342951490974631,0.00013421870627516874,0.0001342951490974631,4197ffad676e444993c7f77980cbfa71baa21df88550cdda6b86f8664ed976f4,2026-10-07T15:19:20.226130+00:00
SPY,2024-05-14,523.2999877929688,508.2921142578125,57535900,0.0,0.004588152985457228,0.00458815586291772,0.004588152985457228,4197ffad676e444993c7f77980cbfa71baa21df88550cdda6b86f8664ed976f4,2026-10-07T15:19:20.226130+00:00
SPY,2024-05-15,529.780029296875,514.5863037109375,59504900,0.0,0.012383033929039389,0.012383016136922498,0.012383033929039389,4197ffad676e444993c7f77980cbfa71baa21df88550cdda6b86f8664ed976f4,2026-10-07T15:19:20.226130+00:00
SPY,2024-05-16,528.6900024414062,513.5275268554688,50244800,0.0,-0.002057508390634233,-0.00205753019043331,-0.002057508390634233,4197ffad676e444993c7f77980cbfa71baa21df88550cdda6b86f8664ed976f4,2026-10-07T15:19:20.226130+00:00
SPY,2024-05-17,529.4500122070312,514.2656860351562,59187600,0.0,0.0014375338328991294,0.0014374286500424827,0.0014375338328991294,4197ffad676e444993c7f77980cbfa71baa21df88550cdda6b86f8664ed976f4,2026-10-07T15:19:20.226130+00:00
SPY,2024-05-20,530.0599975585938,514.8582763671875,37764200,0.0,0.0011521113183465825,0.001152303854064174,0.0011521113183465825,4197ffad676e444993c7f77980cbfa71baa21df88550cdda6b86f8664ed976f4,2026-10-07T15:19:20.226130+00:00
SPY,2024-05-21,531.3599853515625,516.1209106445312,33437000,0.0,0.0024525295229904653,0.002452391920846342,0.0024525295229904653,4197ffad676e444993c7f77980cbfa71baa21df88550cdda6b86f8664ed976f4,2026-10-07T15:19:20.226130+00:00
SPY,2024-05-22,529.8300170898438,514.6349487304688,48390000,0.0,-0.0028793441431358424,-0.0028790965128826507,-0.0028793441431358424,4197ffad676e444993c7f77980cbfa71baa21df88550cdda6b86f8664ed976f4,2026-10-07T15:19:20.226130+00:00
SPY,2024-05-23,525.9600219726562,510.8758850097656,57211200,0.0,-0.007304220207159928,-0.007304330438451911,-0.007304220207159928,4197ffad676e444993c7f77980cbfa71baa21df88550cdda6b86f8664ed976f4,2026-10-07T15:19:20.226130+00:00
SPY,2024-05-24,529.4400024414062,514.256103515625,41291100,0.0,0.006616435324681147,0.0066165160757094554,0.006616435324681147,4197ffad676e444993c7f77980cbfa71baa21df88550cdda6b86f8664ed976f4,2026-10-07T15:19:20.226130+00:00
SPY,2024-05-28,529.8099975585938,514.615478515625,36269600,0.0,0.0006988423909817243,0.0006988249581156847,0.0006988423909817243,4197ffad676e444993c7f77980cbfa71baa21df88550cdda6b86f8664ed976f4,2026-10-07T15:19:20.226130+00:00
SPY,2024-05-29,526.0999755859375,511.01177978515625,45190300,0.0,-0.007002551838871107,-0.007002701785930321,-0.007002551838871107,4197ffad676e444993c7f77980cbfa71baa21df88550cdda6b86f8664ed976f4,2026-10-07T15:19:20.226130+00:00
SPY,2024-05-30,522.6099853515625,507.6218566894531,46377600,0.0,-0.0066337015706721125,-0.006633747459067085,-0.0066337015706721125,4197ffad676e444993c7f77980cbfa71baa21df88550cdda6b86f8664ed976f4,2026-10-07T15:19:20.226130+00:00
SPY,2024-05-31,527.3699951171875,512.2454833984375,90785800,0.0,0.009108149287317735,0.009108407465230561,0.009108149287317735,4197ffad676e444993c7f77980cbfa71baa21df88550cdda6b86f8664ed976f4,2026-10-07T15:19:20.226130+00:00
SPY,2024-06-03,527.7999877929688,512.6630249023438,46835700,0.0,0.0008153529396106585,0.000815119932607633,0.0008153529396106585,4197ffad676e444993c7f77980cbfa71baa21df88550cdda6b86f8664ed976f4,2026-10-07T15:19:20.226130+00:00
SPY,2024-06-04,528.3900146484375,513.2361450195312,34632700,0.0,0.0011178985773303562,0.0011179275456751903,0.0011178985773303562,4197ffad676e444993c7f77980cbfa71baa21df88550cdda6b86f8664ed976f4,2026-10-07T15:19:20.226130+00:00
SPY,2024-06-05,534.6699829101562,519.3359985351562,47610400,0.0,0.011885100186643571,0.011885081701314748,0.011885100186643571,4197ffad676e444993c7f77980cbfa71baa21df88550cdda6b86f8664ed976f4,2026-10-07T15:19:20.226130+00:00
SPY,2024-06-06,534.6599731445312,519.3262939453125,30808500,0.0,-1.8721390661391446e-05,-1.868653409564658e-05,-1.8721390661391446e-05,4197ffad676e444993c7f77980cbfa71baa21df88550cdda6b86f8664ed976f4,2026-10-07T15:19:20.226130+00:00
SPY,2024-06-07,534.010009765625,518.6949462890625,43224500,0.0,-0.0012156574487586225,-0.0012157051618812975,-0.0012156574487586225,4197ffad676e444993c7f77980cbfa71baa21df88550cdda6b86f8664ed976f4,2026-10-07T15:19:20.226130+00:00
SPY,2024-06-10,535.6599731445312,520.297607421875,35686100,0.0,0.003089761144422054,0.003089795156630215,0.003089761144422054,4197ffad676e444993c7f77980cbfa71baa21df88550cdda6b86f8664ed976f4,2026-10-07T15:19:20.226130+00:00
SPY,2024-06-11,536.9500122070312,521.5505981445312,36383400,0.0,0.0024083170801936227,0.002408219266786471,0.0024083170801936227,4197ffad676e444993c7f77980cbfa71baa21df88550cdda6b86f8664ed976f4,2026-10-07T15:19:20.226130+00:00
SPY,2024-06-12,541.3599853515625,525.8341674804688,63251300,0.0,0.008213005017738695,0.008213142408764806,0.008213005017738695,4197ffad676e444993c7f77980cbfa71baa21df88550cdda6b86f8664ed976f4,2026-10-07T15:19:20.226130+00:00
SPY,2024-06-13,542.4500122070312,526.8929443359375,44760900,0.0,0.002013497275312748,0.002013518559552452,0.002013497275312748,4197ffad676e444993c7f77980cbfa71baa21df88550cdda6b86f8664ed976f4,2026-10-07T15:19:20.226130+00:00
SPY,2024-06-14,542.780029296875,527.2135009765625,40089900,0.0,0.0006083824913212244,0.0006083904597147249,0.0006083824913212244,4197ffad676e444993c7f77980cbfa71baa21df88550cdda6b86f8664ed976f4,2026-10-07T15:19:20.226130+00:00
SPY,2024-06-17,547.0999755859375,531.40966796875,55839500,0.0,0.007958926371441244,0.007959141760244925,0.007958926371441244,4197ffad676e444993c7f77980cbfa71baa21df88550cdda6b86f8664ed976f4,2026-10-07T15:19:20.226130+00:00
SPY,2024-06-18,548.489990234375,532.7597045898438,41376400,0.0,0.0025406958699802917,0.0025404818588530276,0.0025406958699802917,4197ffad676e444993c7f77980cbfa71baa21df88550cdda6b86f8664ed976f4,2026-10-07T15:19:20.226130+00:00
SPY,2024-06-20,547.0,531.3125,70328200,0.0,-0.002716531314889248,-0.002716430273115189,-0.002716531314889248,4197ffad676e444993c7f77980cbfa71baa21df88550cdda6b86f8664ed976f4,2026-10-07T15:19:20.226130+00:00
SPY,2024-06-21,544.510009765625,530.60009765625,64338600,1.759,-0.004552084523537503,-0.0013408349017762777,-0.0013363624028792653,4197ffad676e444993c7f77980cbfa71baa21df88550cdda6b86f8664ed976f4,2026-10-07T15:19:20.226130+00:00
SPY,2024-06-24,542.739990234375,528.875244140625,45528700,0.0,-0.003250664817000981,-0.0032507598910063162,-0.003250664817000981,4197ffad676e444993c7f77980cbfa71baa21df88550cdda6b86f8664ed976f4,2026-10-07T15:19:20.226130+00:00
SPY,2024-06-25,544.8300170898438,530.9120483398438,37936200,0.0,0.0038508805193555595,0.0038511997333670056,0.0038508805193555595,4197ffad676e444993c7f77980cbfa71baa21df88550cdda6b86f8664ed976f4,2026-10-07T15:19:20.226130+00:00
SPY,2024-06-26,545.510009765625,531.5745239257812,38550600,0.0,0.0012480822540090752,0.0012478066527386034,0.0012480822540090752,4197ffad676e444993c7f77980cbfa71baa21df88550cdda6b86f8664ed976f4,2026-10-07T15:19:20.226130+00:00
SPY,2024-06-27,546.3699951171875,532.41259765625,35041500,0.0,0.0015764795075565718,0.0015765874637472255,0.0015764795075565718,4197ffad676e444993c7f77980cbfa71baa21df88550cdda6b86f8664ed976f4,2026-10-07T15:19:20.226130+00:00
SPY,2024-06-28,544.219970703125,530.3174438476562,76144500,0.0,-0.003935107039692687,-0.003935207051480205,-0.003935107039692687,4197ffad676e444993c7f77980cbfa71baa21df88550cdda6b86f8664ed976f4,2026-10-07T15:19:20.226130+00:00
SPY,2024-07-01,545.3400268554688,531.4089965820312,40297800,0.0,0.00205809454382333,0.002058300640566113,0.00205809454382333,4197ffad676e444993c7f77980cbfa71baa21df88550cdda6b86f8664ed976f4,2026-10-07T15:19:20.226130+00:00
SPY,2024-07-02,549.010009765625,534.9851684570312,40434800,0.0,0.006729714910746587,0.006729603559596509,0.006729714910746587,4197ffad676e444993c7f77980cbfa71baa21df88550cdda6b86f8664ed976f4,2026-10-07T15:19:20.226130+00:00
SPY,2024-07-03,551.4600219726562,537.3726196289062,32789900,0.0,0.004462600250361826,0.004462649270746466,0.004462600250361826,4197ffad676e444993c7f77980cbfa71baa21df88550cdda6b86f8664ed976f4,2026-10-07T15:19:20.226130+00:00
SPY,2024-07-05,554.6400146484375,540.4713134765625,41488400,0.0,0.005766497205737409,0.0057663783647854405,0.005766497205737409,4197ffad676e444993c7f77980cbfa71baa21df88550cdda6b86f8664ed976f4,2026-10-07T15:19:20.226130+00:00
SPY,2024-07-08,555.280029296875,541.0950927734375,36110500,0.0,0.0011539280101222626,0.001154139509944585,0.0011539280101222626,4197ffad676e444993c7f77980cbfa71baa21df88550cdda6b86f8664ed976f4,2026-10-07T15:19:20.226130+00:00
SPY,2024-07-09,555.8200073242188,541.6212158203125,27289700,0.0,0.000972442729531453,0.0009723301022346309,0.000972442729531453,4197ffad676e444993c7f77980cbfa71baa21df88550cdda6b86f8664ed976f4,2026-10-07T15:19:20.226130+00:00
SPY,2024-07-10,561.3200073242188,546.980712890625,38701200,0.0,0.009895289711641775,0.009895286435918749,0.009895289711641775,4197ffad676e444993c7f77980cbfa71baa21df88550cdda6b86f8664ed976f4,2026-10-07T15:19:20.226130+00:00
SPY,2024-07-11,556.47998046875,542.2642822265625,53054200,0.0,-0.008622580332635743,-0.00862266356548047,-0.008622580332635743,4197ffad676e444993c7f77980cbfa71baa21df88550cdda6b86f8664ed976f4,2026-10-07T15:19:20.226130+00:00
SPY,2024-07-12,559.989990234375,545.6846313476562,53084400,0.0,0.006307522083127459,0.006307531646837727,0.006307522083127459,4197ffad676e444993c7f77980cbfa71baa21df88550cdda6b86f8664ed976f4,2026-10-07T15:19:20.226130+00:00
SPY,2024-07-15,561.530029296875,547.185302734375,40584300,0.0,0.002750118911688748,0.002750070829395712,0.002750118911688748,4197ffad676e444993c7f77980cbfa71baa21df88550cdda6b86f8664ed976f4,2026-10-07T15:19:20.226130+00:00
SPY,2024-07-16,564.8599853515625,550.4302368164062,36475300,0.0,0.005930147776526118,0.0059302288745983756,0.005930147776526118,4197ffad676e444993c7f77980cbfa71baa21df88550cdda6b86f8664ed976f4,2026-10-07T15:19:20.226130+00:00
SPY,2024-07-17,556.9400024414062,542.712646484375,57119000,0.0,-0.014021143496696697,-0.014021014500708473,-0.014021143496696697,4197ffad676e444993c7f77980cbfa71baa21df88550cdda6b86f8664ed976f4,2026-10-07T15:19:20.226130+00:00
SPY,2024-07-18,552.6599731445312,538.5418701171875,56270400,0.0,-0.007684901925006371,-0.00768505468631564,-0.007684901925006371,4197ffad676e444993c7f77980cbfa71baa21df88550cdda6b86f8664ed976f4,2026-10-07T15:19:20.226130+00:00
SPY,2024-07-19,548.989990234375,534.9656982421875,65509100,0.0,-0.0066405802636198,-0.006640471379174007,-0.0066405802636198,4197ffad676e444993c7f77980cbfa71baa21df88550cdda6b86f8664ed976f4,2026-10-07T15:19:20.226130+00:00
SPY,2024-07-22,554.6500244140625,540.4810180664062,43346700,0.0,0.01030990415193389,0.010309670026211526,0.01030990415193389,4197ffad676e444993c7f77980cbfa71baa21df88550cdda6b86f8664ed976f4,2026-10-07T15:19:20.226130+00:00
SPY,2024-07-23,553.780029296875,539.63330078125,34439600,0.0,-0.0015685478750434578,-0.0015684496898503708,-0.0015685478750434578,4197ffad676e444993c7f77980cbfa71baa21df88550cdda6b86f8664ed976f4,2026-10-07T15:19:20.226130+00:00
SPY,2024-07-24,541.22998046875,527.4039306640625,74515300,0.0,-0.022662516096977336,-0.022662371094375633,-0.022662516096977336,4197ffad676e444993c7f77980cbfa71baa21df88550cdda6b86f8664ed976f4,2026-10-07T15:19:20.226130+00:00
SPY,2024-07-25,538.4099731445312,524.6558837890625,61158300,0.0,-0.005210367913795921,-0.0052105164850400065,-0.005210367913795921,4197ffad676e444993c7f77980cbfa71baa21df88550cdda6b86f8664ed976f4,2026-10-07T15:19:20.226130+00:00
SPY,2024-07-26,544.4400024414062,530.5318603515625,53763800,0.0,0.011199698366761712,0.011199677243803441,0.011199698366761712,4197ffad676e444993c7f77980cbfa71baa21df88550cdda6b86f8664ed976f4,2026-10-07T15:19:20.226130+00:00
SPY,2024-07-29,544.760009765625,530.8436889648438,39515800,0.0,0.0005877733502015481,0.0005877660449546962,0.0005877733502015481,4197ffad676e444993c7f77980cbfa71baa21df88550cdda6b86f8664ed976f4,2026-10-07T15:19:20.226130+00:00
SPY,2024-07-30,542.0,528.154296875,46853600,0.0,-0.005066469116946526,-0.005066259891095437,-0.005066469116946526,4197ffad676e444993c7f77980cbfa71baa21df88550cdda6b86f8664ed976f4,2026-10-07T15:19:20.226130+00:00
SPY,2024-07-31,550.8099975585938,536.7391967773438,65663400,0.0,0.01625460804168588,0.016254530074145235,0.01625460804168588,4197ffad676e444993c7f77980cbfa71baa21df88550cdda6b86f8664ed976f4,2026-10-07T15:19:20.226130+00:00
SPY,2024-08-01,543.010009765625,529.138427734375,76428700,0.0,-0.014160940846283387,-0.014161009832344695,-0.014160940846283387,4197ffad676e444993c7f77980cbfa71baa21df88550cdda6b86f8664ed976f4,2026-10-07T15:19:20.226130+00:00
SPY,2024-08-02,532.9000244140625,519.2866821289062,82789100,0.0,-0.01861841433811906,-0.018618465583101207,-0.01861841433811906,4197ffad676e444993c7f77980cbfa71baa21df88550cdda6b86f8664ed976f4,2026-10-07T15:19:20.226130+00:00
SPY,2024-08-05,517.3800048828125,504.16314697265625,146267400,0.0,-0.0291236982927795,-0.02912367229263113,-0.0291236982927795,4197ffad676e444993c7f77980cbfa71baa21df88550cdda6b86f8664ed976f4,2026-10-07T15:19:20.226130+00:00
SPY,2024-08-06,522.1500244140625,508.81134033203125,84826300,0.0,0.00921956682947278,0.009219621440571313,0.00921956682947278,4197ffad676e444993c7f77980cbfa71baa21df88550cdda6b86f8664ed976f4,2026-10-07T15:19:20.226130+00:00
SPY,2024-08-07,518.6599731445312,505.410400390625,70698300,0.0,-0.0066840009697359815,-0.006684088328666071,-0.0066840009697359815,4197ffad676e444993c7f77980cbfa71baa21df88550cdda6b86f8664ed976f4,2026-10-07T15:19:20.226130+00:00
SPY,2024-08-08,530.6500244140625,517.0941772460938,63276600,0.0,0.023117363765007726,0.023117404878171266,0.023117363765007726,4197ffad676e444993c7f77980cbfa71baa21df88550cdda6b86f8664ed976f4,2026-10-07T15:19:20.226130+00:00
SPY,2024-08-09,532.989990234375,519.3743286132812,45619600,0.0,0.004409621620005133,0.0044095475592684785,0.004409621620005133,4197ffad676e444993c7f77980cbfa71baa21df88550cdda6b86f8664ed976f4,2026-10-07T15:19:20.226130+00:00
SPY,2024-08-12,533.27001953125,519.6472778320312,42542100,0.0,0.000525393163109511,0.0005255346745356437,0.000525393163109511,4197ffad676e444993c7f77980cbfa71baa21df88550cdda6b86f8664ed976f4,2026-10-07T15:19:20.226130+00:00
SPY,2024-08-13,542.0399780273438,528.1932373046875,52333100,0.0,0.016445624495827982,0.01644569275588248,0.016445624495827982,4197ffad676e444993c7f77980cbfa71baa21df88550cdda6b86f8664ed976f4,2026-10-07T15:19:20.226130+00:00
SPY,2024-08-14,543.75,529.8594970703125,42446900,0.0,0.0031547893918812964,0.0031546404761404467,0.0031547893918812964,4197ffad676e444993c7f77980cbfa71baa21df88550cdda6b86f8664ed976f4,2026-10-07T15:19:20.226130+00:00
SPY,2024-08-15,553.0700073242188,538.9414672851562,60846800,0.0,0.017140243354885065,0.017140336759196684,0.017140243354885065,4197ffad676e444993c7f77980cbfa71baa21df88550cdda6b86f8664ed976f4,2026-10-07T15:19:20.226130+00:00
SPY,2024-08-16,554.3099975585938,540.1498413085938,44430700,0.0,0.0022420131591913695,0.0022421247886612594,0.0022420131591913695,4197ffad676e444993c7f77980cbfa71baa21df88550cdda6b86f8664ed976f4,2026-10-07T15:19:20.226130+00:00
SPY,2024-08-19,559.6099853515625,545.3143310546875,39121800,0.0,0.009561414761256382,0.009561216816396767,0.009561414761256382,4197ffad676e444993c7f77980cbfa71baa21df88550cdda6b86f8664ed976f4,2026-10-07T15:19:20.226130+00:00
SPY,2024-08-20,558.7000122070312,544.4276123046875,33732300,0.0,-0.0016260845380726696,-0.0016260690385396792,-0.0016260845380726696,4197ffad676e444993c7f77980cbfa71baa21df88550cdda6b86f8664ed976f4,2026-10-07T15:19:20.226130+00:00
SPY,2024-08-21,560.6199951171875,546.2984619140625,41514600,0.0,0.003436518468241667,0.0034363606236929023,0.003436518468241667,4197ffad676e444993c7f77980cbfa71baa21df88550cdda6b86f8664ed976f4,2026-10-07T15:19:20.226130+00:00
SPY,2024-08-22,556.219970703125,542.0108642578125,56121500,0.0,-0.007848497114596786,-0.00784845273264645,-0.007848497114596786,4197ffad676e444993c7f77980cbfa71baa21df88550cdda6b86f8664ed976f4,2026-10-07T15:19:20.226130+00:00
SPY,2024-08-23,562.1300048828125,547.7698974609375,50639400,0.0,0.010625354160183287,0.01062530953325247,0.010625354160183287,4197ffad676e444993c7f77980cbfa71baa21df88550cdda6b86f8664ed976f4,2026-10-07T15:19:20.226130+00:00
SPY,2024-08-26,560.7899780273438,546.4642944335938,35788600,0.0,-0.002383837980234005,-0.002383488091250663,-0.002383837980234005,4197ffad676e444993c7f77980cbfa71baa21df88550cdda6b86f8664ed976f4,2026-10-07T15:19:20.226130+00:00
SPY,2024-08-27,561.5599975585938,547.214599609375,32693900,0.0,0.0013730978823098816,0.001373017749602301,0.0013730978823098816,4197ffad676e444993c7f77980cbfa71baa21df88550cdda6b86f8664ed976f4,2026-10-07T15:19:20.226130+00:00
SPY,2024-08-28,558.2999877929688,544.037841796875,41066000,0.0,-0.005805274200081922,-0.005805323569158638,-0.005805274200081922,4197ffad676e444993c7f77980cbfa71baa21df88550cdda6b86f8664ed976f4,2026-10-07T15:19:20.226130+00:00
SPY,2024-08-29,558.3499755859375,544.0866088867188,38715200,0.0,8.953572284031708e-05,8.96391502522853e-05,8.953572284031708e-05,4197ffad676e444993c7f77980cbfa71baa21df88550cdda6b86f8664ed976f4,2026-10-07T15:19:20.226130+00:00
SPY,2024-08-30,563.6799926757812,549.2803344726562,62700100,0.0,0.009546014727143781,0.00954576992174938,0.009546014727143781,4197ffad676e444993c7f77980cbfa71baa21df88550cdda6b86f8664ed976f4,2026-10-07T15:19:20.226130+00:00
SPY,2024-09-03,552.0800170898438,537.9766845703125,60600100,0.0,-0.020579008899841544,-0.020579018022183426,-0.020579008899841544,4197ffad676e444993c7f77980cbfa71baa21df88550cdda6b86f8664ed976f4,2026-10-07T15:19:20.226130+00:00
SPY,2024-09-04,550.9500122070312,536.8756103515625,47224900,0.0,-0.0020468135919301522,-0.0020466950526479843,-0.0020468135919301522,4197ffad676e444993c7f77980cbfa71baa21df88550cdda6b86f8664ed976f4,2026-10-07T15:19:20.226130+00:00
SPY,2024-09-05,549.6099853515625,535.5697631835938,44264300,0.0,-0.0024322113182296823,-0.002432308607041467,-0.0024322113182296823,4197ffad676e444993c7f77980cbfa71baa21df88550cdda6b86f8664ed976f4,2026-10-07T15:19:20.226130+00:00
SPY,2024-09-06,540.3599853515625,526.5560913085938,68493800,0.0,-0.01683011634892906,-0.01683006116965957,-0.01683011634892906,4197ffad676e444993c7f77980cbfa71baa21df88550cdda6b86f8664ed976f4,2026-10-07T15:19:20.226130+00:00
SPY,2024-09-09,546.4099731445312,532.451416015625,40445800,0.0,0.011196217256969065,0.01119600514425767,0.011196217256969065,4197ffad676e444993c7f77980cbfa71baa21df88550cdda6b86f8664ed976f4,2026-10-07T15:19:20.226130+00:00
SPY,2024-09-10,548.7899780273438,534.7708129882812,36394600,0.0,0.0043557127427886755,0.004356072503314046,0.0043557127427886755,4197ffad676e444993c7f77980cbfa71baa21df88550cdda6b86f8664ed976f4,2026-10-07T15:19:20.226130+00:00
SPY,2024-09-11,554.4199829101562,540.2568969726562,75248600,0.0,0.010258942597767273,0.010258757305244393,0.010258942597767273,4197ffad676e444993c7f77980cbfa71baa21df88550cdda6b86f8664ed976f4,2026-10-07T15:19:20.226130+00:00
SPY,2024-09-12,559.0900268554688,544.8076171875,51819600,0.0,0.008423296578884854,0.008423252419994753,0.008423296578884854,4197ffad676e444993c7f77980cbfa71baa21df88550cdda6b86f8664ed976f4,2026-10-07T15:19:20.226130+00:00
SPY,2024-09-13,562.010009765625,547.6530151367188,39310500,0.0,0.005222741901835137,0.005222757280648471,0.005222741901835137,4197ffad676e444993c7f77980cbfa71baa21df88550cdda6b86f8664ed976f4,2026-10-07T15:19:20.226130+00:00
SPY,2024-09-16,562.8400268554688,548.4617919921875,36656100,0.0,0.0014768724318450221,0.0014768052637614826,0.0014768724318450221,4197ffad676e444993c7f77980cbfa71baa21df88550cdda6b86f8664ed976f4,2026-10-07T15:19:20.226130+00:00
SPY,2024-09-17,563.0700073242188,548.68603515625,49321000,0.0,0.00040860716682655784,0.0004088583149028935,0.00040860716682655784,4197ffad676e444993c7f77980cbfa71baa21df88550cdda6b86f8664ed976f4,2026-10-07T15:19:20.226130+00:00
SPY,2024-09-18,561.4000244140625,547.0586547851562,59044900,0.0,-0.0029658530705484187,-0.0029659591584654255,-0.0029658530705484187,4197ffad676e444993c7f77980cbfa71baa21df88550cdda6b86f8664ed976f4,2026-10-07T15:19:20.226130+00:00
SPY,2024-09-19,570.97998046875,556.3939819335938,75315500,0.0,0.01706440263283948,0.017064581771590426,0.01706440263283948,4197ffad676e444993c7f77980cbfa71baa21df88550cdda6b86f8664ed976f4,2026-10-07T15:19:20.226130+00:00
SPY,2024-09-20,568.25,555.43212890625,77503100,1.746,-0.004781219240837187,-0.0017287265113851147,-0.0017233186843822468,4197ffad676e444993c7f77980cbfa71baa21df88550cdda6b86f8664ed976f4,2026-10-07T15:19:20.226130+00:00
SPY,2024-09-23,569.6699829101562,556.8200073242188,44116900,0.0,0.0024988700574681832,0.0024987362915100952,0.0024988700574681832,4197ffad676e444993c7f77980cbfa71baa21df88550cdda6b86f8664ed976f4,2026-10-07T15:19:20.226130+00:00
SPY,2024-09-24,571.2999877929688,558.4132690429688,46805700,0.0,0.0028613143253319873,0.0028613586038446215,0.0028613143253319873,4197ffad676e444993c7f77980cbfa71baa21df88550cdda6b86f8664ed976f4,2026-10-07T15:19:20.226130+00:00
SPY,2024-09-25,570.0399780273438,557.1817016601562,38428600,0.0,-0.0022055133774685487,-0.0022054765727956838,-0.0022055133774685487,4197ffad676e444993c7f77980cbfa71baa21df88550cdda6b86f8664ed976f4,2026-10-07T15:19:20.226130+00:00
SPY,2024-09-26,572.2999877929688,559.3907470703125,48336000,0.0,0.003964651345061521,0.0039646768793273335,0.003964651345061521,4197ffad676e444993c7f77980cbfa71baa21df88550cdda6b86f8664ed976f4,2026-10-07T15:19:20.226130+00:00
SPY,2024-09-27,571.469970703125,558.579345703125,42100900,0.0,-0.0014503182029491635,-0.001450509096614594,-0.0014503182029491635,4197ffad676e444993c7f77980cbfa71baa21df88550cdda6b86f8664ed976f4,2026-10-07T15:19:20.226130+00:00
SPY,2024-09-30,573.760009765625,560.8178100585938,63557400,0.0,0.0040072780371684935,0.004007424142493221,0.0040072780371684935,4197ffad676e444993c7f77980cbfa71baa21df88550cdda6b86f8664ed976f4,2026-10-07T15:19:20.226130+00:00
SPY,2024-10-01,568.6199951171875,555.7937622070312,72668800,0.0,-0.0089584749040581,-0.00895843135052643,-0.0089584749040581,4197ffad676e444993c7f77980cbfa71baa21df88550cdda6b86f8664ed976f4,2026-10-07T15:19:20.226130+00:00
SPY,2024-10-02,568.8599853515625,556.0282592773438,38097800,0.0,0.00042205732551758857,0.00042191382174094905,0.00042205732551758857,4197ffad676e444993c7f77980cbfa71baa21df88550cdda6b86f8664ed976f4,2026-10-07T15:19:20.226130+00:00
SPY,2024-10-03,567.8200073242188,555.0117797851562,40846500,0.0,-0.0018281792604923908,-0.0018281076100494786,-0.0018281792604923908,4197ffad676e444993c7f77980cbfa71baa21df88550cdda6b86f8664ed976f4,2026-10-07T15:19:20.226130+00:00
SPY,2024-10-04,572.97998046875,560.0553588867188,42939100,0.0,0.009087339434985742,0.009087337035467602,0.009087339434985742,4197ffad676e444993c7f77980cbfa71baa21df88550cdda6b86f8664ed976f4,2026-10-07T15:19:20.226130+00:00
SPY,2024-10-07,567.7999877929688,554.9922485351562,49964700,0.0,-0.009040442689714157,-0.00904037479728248,-0.009040442689714157,4197ffad676e444993c7f77980cbfa71baa21df88550cdda6b86f8664ed976f4,2026-10-07T15:19:20.226130+00:00
SPY,2024-10-08,573.1699829101562,560.2410888671875,37398700,0.0,0.009457547081078044,0.009457502056803513,0.009457547081078044,4197ffad676e444993c7f77980cbfa71baa21df88550cdda6b86f8664ed976f4,2026-10-07T15:19:20.226130+00:00
SPY,2024-10-09,577.1400146484375,564.12158203125,37912200,0.0,0.006926447400689373,0.006926470123619355,0.006926447400689373,4197ffad676e444993c7f77980cbfa71baa21df88550cdda6b86f8664ed976f4,2026-10-07T15:19:20.226130+00:00
SPY,2024-10-10,576.1300048828125,563.1343383789062,44138100,0.0,-0.0017500255397128184,-0.0017500547466894334,-0.0017500255397128184,4197ffad676e444993c7f77980cbfa71baa21df88550cdda6b86f8664ed976f4,2026-10-07T15:19:20.226130+00:00
SPY,2024-10-11,579.5800170898438,566.5065307617188,42268000,0.0,0.005988252959907792,0.005988255648767593,0.005988252959907792,4197ffad676e444993c7f77980cbfa71baa21df88550cdda6b86f8664ed976f4,2026-10-07T15:19:20.226130+00:00
SPY,2024-10-14,584.3200073242188,571.1395874023438,36217200,0.0,0.008178318945803564,0.008178293433608763,0.008178318945803564,4197ffad676e444993c7f77980cbfa71baa21df88550cdda6b86f8664ed976f4,2026-10-07T15:19:20.226130+00:00
SPY,2024-10-15,579.780029296875,566.7020263671875,54203600,0.0,-0.0077696775233381254,-0.007769661100431091,-0.0077696775233381254,4197ffad676e444993c7f77980cbfa71baa21df88550cdda6b86f8664ed976f4,2026-10-07T15:19:20.226130+00:00
SPY,2024-10-16,582.2999877929688,569.1652221679688,30725400,0.0,0.00434640444437151,0.004346544896921323,0.00434640444437151,4197ffad676e444993c7f77980cbfa71baa21df88550cdda6b86f8664ed976f4,2026-10-07T15:19:20.226130+00:00
SPY,2024-10-17,582.3499755859375,569.2139892578125,34393700,0.0,8.584543021927793e-05,8.568178086854061e-05,8.584543021927793e-05,4197ffad676e444993c7f77980cbfa71baa21df88550cdda6b86f8664ed976f4,2026-10-07T15:19:20.226130+00:00
SPY,2024-10-18,584.5900268554688,571.4035034179688,37416800,0.0,0.0038465722734466468,0.0038465571849544133,0.0038465722734466468,4197ffad676e444993c7f77980cbfa71baa21df88550cdda6b86f8664ed976f4,2026-10-07T15:19:20.226130+00:00
SPY,2024-10-21,583.6300048828125,570.465087890625,36439000,0.0,-0.0016422140791901851,-0.0016422992189064622,-0.0016422140791901851,4197ffad676e444993c7f77980cbfa71baa21df88550cdda6b86f8664ed976f4,2026-10-07T15:19:20.226130+00:00
SPY,2024-10-22,583.3200073242188,570.162109375,34183800,0.0,-0.0005311542518380286,-0.000531107901353467,-0.0005311542518380286,4197ffad676e444993c7f77980cbfa71baa21df88550cdda6b86f8664ed976f4,2026-10-07T15:19:20.226130+00:00
SPY,2024-10-23,577.989990234375,564.9523315429688,49314600,0.0,-0.009137380893711078,-0.009137362420912343,-0.009137380893711078,4197ffad676e444993c7f77980cbfa71baa21df88550cdda6b86f8664ed976f4,2026-10-07T15:19:20.226130+00:00
SPY,2024-10-24,579.239990234375,566.1741943359375,34979900,0.0,0.0021626672107126765,0.002162771484864434,0.0021626672107126765,4197ffad676e444993c7f77980cbfa71baa21df88550cdda6b86f8664ed976f4,2026-10-07T15:19:20.226130+00:00
SPY,2024-10-25,579.0399780273438,565.9786987304688,47268200,0.0,-0.00034530110213959464,-0.0003452923277402764,-0.00034530110213959464,4197ffad676e444993c7f77980cbfa71baa21df88550cdda6b86f8664ed976f4,2026-10-07T15:19:20.226130+00:00
SPY,2024-10-28,580.8300170898438,567.7283935546875,30174700,0.0,0.003091391148152267,0.0030914499576457644,0.003091391148152267,4197ffad676e444993c7f77980cbfa71baa21df88550cdda6b86f8664ed976f4,2026-10-07T15:19:20.226130+00:00
SPY,2024-10-29,581.77001953125,568.647216796875,42899700,0.0,0.0016183778622804734,0.001618420450022695,0.0016183778622804734,4197ffad676e444993c7f77980cbfa71baa21df88550cdda6b86f8664ed976f4,2026-10-07T15:19:20.226130+00:00
SPY,2024-10-30,580.010009765625,566.9268798828125,41435800,0.0,-0.0030252672130528513,-0.0030253149285649483,-0.0030252672130528513,4197ffad676e444993c7f77980cbfa71baa21df88550cdda6b86f8664ed976f4,2026-10-07T15:19:20.226130+00:00
SPY,2024-10-31,568.6400146484375,555.8132934570312,60182500,0.0,-0.01960310154264744,-0.019603209549842626,-0.01960310154264744,4197ffad676e444993c7f77980cbfa71baa21df88550cdda6b86f8664ed976f4,2026-10-07T15:19:20.226130+00:00
SPY,2024-11-01,571.0399780273438,558.1591186523438,45667500,0.0,0.004220532001058652,0.004220527329819701,0.004220532001058652,4197ffad676e444993c7f77980cbfa71baa21df88550cdda6b86f8664ed976f4,2026-10-07T15:19:20.226130+00:00
SPY,2024-11-04,569.8099975585938,556.9569091796875,38217000,0.0,-0.0021539305759273875,-0.0021538830639530326,-0.0021539305759273875,4197ffad676e444993c7f77980cbfa71baa21df88550cdda6b86f8664ed976f4,2026-10-07T15:19:20.226130+00:00
SPY,2024-11-05,576.7000122070312,563.6914672851562,39478300,0.0,0.012091775640930225,0.012091704033957873,0.012091775640930225,4197ffad676e444993c7f77980cbfa71baa21df88550cdda6b86f8664ed976f4,2026-10-07T15:19:20.226130+00:00
SPY,2024-11-06,591.0399780273438,577.7080688476562,68182000,0.0,0.024865554910313614,0.024865733075589258,0.024865554910313614,4197ffad676e444993c7f77980cbfa71baa21df88550cdda6b86f8664ed976f4,2026-10-07T15:19:20.226130+00:00
SPY,2024-11-07,595.6099853515625,582.1749267578125,47233200,0.0,0.0077321458684938005,0.00773203309946191,0.0077321458684938005,4197ffad676e444993c7f77980cbfa71baa21df88550cdda6b86f8664ed976f4,2026-10-07T15:19:20.226130+00:00
SPY,2024-11-08,598.1900024414062,584.6968383789062,46444900,0.0,0.004331722357409529,0.004331879483608914,0.004331722357409529,4197ffad676e444993c7f77980cbfa71baa21df88550cdda6b86f8664ed976f4,2026-10-07T15:19:20.226130+00:00
SPY,2024-11-11,598.760009765625,585.2538452148438,37586800,0.0,0.0009528867448342915,0.0009526421204564262,0.0009528867448342915,4197ffad676e444993c7f77980cbfa71baa21df88550cdda6b86f8664ed976f4,2026-10-07T15:19:20.226130+00:00
SPY,2024-11-12,596.9000244140625,583.4358520507812,43006100,0.0,-0.003106395419244068,-0.0031063327117399897,-0.003106395419244068,4197ffad676e444993c7f77980cbfa71baa21df88550cdda6b86f8664ed976f4,2026-10-07T15:19:20.226130+00:00
SPY,2024-11-13,597.1900024414062,583.7193603515625,47388600,0.0,0.000485806693723001,0.000485928829681459,0.000485806693723001,4197ffad676e444993c7f77980cbfa71baa21df88550cdda6b86f8664ed976f4,2026-10-07T15:19:20.226130+00:00
SPY,2024-11-14,593.3499755859375,579.9658813476562,38904100,0.0,-0.006430159312396544,-0.006430280129214205,-0.006430159312396544,4197ffad676e444993c7f77980cbfa71baa21df88550cdda6b86f8664ed976f4,2026-10-07T15:19:20.226130+00:00
SPY,2024-11-15,585.75,572.537353515625,75988800,0.0,-0.012808588351979733,-0.012808560073861108,-0.012808588351979733,4197ffad676e444993c7f77980cbfa71baa21df88550cdda6b86f8664ed976f4,2026-10-07T15:19:20.226130+00:00
SPY,2024-11-18,588.1500244140625,574.8831787109375,37001700,0.0,0.004097352819568911,0.004097243928117722,0.004097352819568911,4197ffad676e444993c7f77980cbfa71baa21df88550cdda6b86f8664ed976f4,2026-10-07T15:19:20.226130+00:00
SPY,2024-11-19,590.2999877929688,576.9846801757812,49412000,0.0,0.003655467635231613,0.003655527840553452,0.003655467635231613,4197ffad676e444993c7f77980cbfa71baa21df88550cdda6b86f8664ed976f4,2026-10-07T15:19:20.226130+00:00
SPY,2024-11-20,590.5,577.18017578125,50032600,0.0,0.000338831460557909,0.00033882287032160896,0.000338831460557909,4197ffad676e444993c7f77980cbfa71baa21df88550cdda6b86f8664ed976f4,2026-10-07T15:19:20.226130+00:00
SPY,2024-11-21,593.6699829101562,580.2787475585938,46750300,0.0,0.005368302980789608,0.005368465355120033,0.005368302980789608,4197ffad676e444993c7f77980cbfa71baa21df88550cdda6b86f8664ed976f4,2026-10-07T15:19:20.226130+00:00
SPY,2024-11-22,595.510009765625,582.0772094726562,38226400,0.0,0.003099410292649374,0.003099306879028596,0.003099410292649374,4197ffad676e444993c7f77980cbfa71baa21df88550cdda6b86f8664ed976f4,2026-10-07T15:19:20.226130+00:00
SPY,2024-11-25,597.530029296875,584.0516357421875,42441400,0.0,0.003392083253218603,0.003392035003947358,0.003392083253218603,4197ffad676e444993c7f77980cbfa71baa21df88550cdda6b86f8664ed976f4,2026-10-07T15:19:20.226130+00:00
SPY,2024-11-26,600.6500244140625,587.1013793945312,45621300,0.0,0.005221486727384761,0.005221702099110326,0.005221486727384761,4197ffad676e444993c7f77980cbfa71baa21df88550cdda6b86f8664ed976f4,2026-10-07T15:19:20.226130+00:00
SPY,2024-11-27,598.8300170898438,585.3223266601562,34000200,0.0,-0.0030300628489846604,-0.0030302308882491635,-0.0030300628489846604,4197ffad676e444993c7f77980cbfa71baa21df88550cdda6b86f8664ed976f4,2026-10-07T15:19:20.226130+00:00
SPY,2024-11-29,602.5499877929688,588.9583740234375,30177400,0.0,0.006212064520751737,0.006212042831218234,0.006212064520751737,4197ffad676e444993c7f77980cbfa71baa21df88550cdda6b86f8664ed976f4,2026-10-07T15:19:20.226130+00:00
SPY,2024-12-02,603.6300048828125,590.0140991210938,31746000,0.0,0.0017924107737512518,0.0017925292248484048,0.0017924107737512518,4197ffad676e444993c7f77980cbfa71baa21df88550cdda6b86f8664ed976f4,2026-10-07T15:19:20.226130+00:00
SPY,2024-12-03,603.9099731445312,590.28759765625,26906600,0.0,0.000463807728996235,0.00046354576198037734,0.000463807728996235,4197ffad676e444993c7f77980cbfa71baa21df88550cdda6b86f8664ed976f4,2026-10-07T15:19:20.226130+00:00
SPY,2024-12-04,607.6599731445312,593.9530639648438,42787600,0.0,0.006209534809425099,0.0062096278545367145,0.006209534809425099,4197ffad676e444993c7f77980cbfa71baa21df88550cdda6b86f8664ed976f4,2026-10-07T15:19:20.226130+00:00
SPY,2024-12-05,606.6599731445312,592.9757080078125,28762200,0.0,-0.00164565718361398,-0.0016455104221654304,-0.00164565718361398,4197ffad676e444993c7f77980cbfa71baa21df88550cdda6b86f8664ed976f4,2026-10-07T15:19:20.226130+00:00
SPY,2024-12-06,607.8099975585938,594.0997924804688,31241500,0.0,0.0018956655539701384,0.0018956669851328822,0.0018956655539701384,4197ffad676e444993c7f77980cbfa71baa21df88550cdda6b86f8664ed976f4,2026-10-07T15:19:20.226130+00:00
SPY,2024-12-09,604.6799926757812,591.0403442382812,34742700,0.0,-0.005149643631043976,-0.005149721108997141,-0.005149643631043976,4197ffad676e444993c7f77980cbfa71baa21df88550cdda6b86f8664ed976f4,2026-10-07T15:19:20.226130+00:00
SPY,2024-12-10,602.7999877929688,589.2026977539062,37234500,0.0,-0.003109090602606557,-0.00310917266864974,-0.003109090602606557,4197ffad676e444993c7f77980cbfa71baa21df88550cdda6b86f8664ed976f4,2026-10-07T15:19:20.226130+00:00
SPY,2024-12-11,607.4600219726562,593.7576293945312,28677700,0.0,0.007730647435394422,0.007730670035946519,0.007730647435394422,4197ffad676e444993c7f77980cbfa71baa21df88550cdda6b86f8664ed976f4,2026-10-07T15:19:20.226130+00:00
SPY,2024-12-12,604.3300170898438,590.6982421875,31543800,0.0,-0.005152610492206833,-0.005152585929971143,-0.005152610492206833,4197ffad676e444993c7f77980cbfa71baa21df88550cdda6b86f8664ed976f4,2026-10-07T15:19:20.226130+00:00
SPY,2024-12-13,604.2100219726562,590.5810546875,35904700,0.0,-0.00019855892276432474,-0.0001983880967142415,-0.00019855892276432474,4197ffad676e444993c7f77980cbfa71baa21df88550cdda6b86f8664ed976f4,2026-10-07T15:19:20.226130+00:00
SPY,2024-12-16,606.7899780273438,593.102783203125,43695200,0.0,0.004269965675617771,0.004269910955676304,0.004269965675617771,4197ffad676e444993c7f77980cbfa71baa21df88550cdda6b86f8664ed976f4,2026-10-07T15:19:20.226130+00:00
SPY,2024-12-17,604.2899780273438,590.6591796875,55773500,0.0,-0.004120041679210651,-0.00412003380329462,-0.004120041679210651,4197ffad676e444993c7f77980cbfa71baa21df88550cdda6b86f8664ed976f4,2026-10-07T15:19:20.226130+00:00
SPY,2024-12-18,586.280029296875,573.0554809570312,108248700,0.0,-0.029803487374158943,-0.029803479461340654,-0.029803487374158943,4197ffad676e444993c7f77980cbfa71baa21df88550cdda6b86f8664ed976f4,2026-10-07T15:19:20.226130+00:00
SPY,2024-12-19,586.0999755859375,572.8794555664062,85919500,0.0,-0.0003071121340316729,-0.00030716989274937045,-0.0003071121340316729,4197ffad676e444993c7f77980cbfa71baa21df88550cdda6b86f8664ed976f4,2026-10-07T15:19:20.226130+00:00
SPY,2024-12-20,591.1500244140625,579.76025390625,125716700,1.966,0.008616360754965635,0.012010900850058848,0.011970737280974753,4197ffad676e444993c7f77980cbfa71baa21df88550cdda6b86f8664ed976f4,2026-10-07T15:19:20.226130+00:00
SPY,2024-12-23,594.6900024414062,583.232177734375,57635800,0.0,0.005988290418921238,0.005988550965217554,0.005988290418921238,4197ffad676e444993c7f77980cbfa71baa21df88550cdda6b86f8664ed976f4,2026-10-07T15:19:20.226130+00:00
SPY,2024-12-24,601.2999877929688,589.7146606445312,33160100,0.0,0.011115010046286677,0.011114755251224517,0.011115010046286677,4197ffad676e444993c7f77980cbfa71baa21df88550cdda6b86f8664ed976f4,2026-10-07T15:19:20.226130+00:00
SPY,2024-12-26,601.3400268554688,589.75390625,41219100,0.0,6.658749927290764e-05,6.655016076062559e-05,6.658749927290764e-05,4197ffad676e444993c7f77980cbfa71baa21df88550cdda6b86f8664ed976f4,2026-10-07T15:19:20.226130+00:00
SPY,2024-12-27,595.010009765625,583.5458374023438,64969300,0.0,-0.010526518786625139,-0.010526541294369363,-0.010526518786625139,4197ffad676e444993c7f77980cbfa71baa21df88550cdda6b86f8664ed976f4,2026-10-07T15:19:20.226130+00:00
SPY,2024-12-30,588.219970703125,576.8866577148438,56578800,0.0,-0.01141163837760406,-0.011411579452170084,-0.01141163837760406,4197ffad676e444993c7f77980cbfa71baa21df88550cdda6b86f8664ed976f4,2026-10-07T15:19:20.226130+00:00
SPY,2024-12-31,586.0800170898438,574.7879028320312,57052700,0.0,-0.0036380159121820466,-0.0036380714560569904,-0.0036380159121820466,4197ffad676e444993c7f77980cbfa71baa21df88550cdda6b86f8664ed976f4,2026-10-07T15:19:20.226130+00:00
SPY,2025-01-02,584.6400146484375,573.3756713867188,50204000,0.0,-0.0024570065510107764,-0.00245696097352488,-0.0024570065510107764,4197ffad676e444993c7f77980cbfa71baa21df88550cdda6b86f8664ed976f4,2026-10-07T15:19:20.226130+00:00
SPY,2025-01-03,591.9500122070312,580.5448608398438,37888500,0.0,0.012503416419400448,0.012503476884162534,0.012503416419400448,4197ffad676e444993c7f77980cbfa71baa21df88550cdda6b86f8664ed976f4,2026-10-07T15:19:20.226130+00:00
SPY,2025-01-06,595.3599853515625,583.88916015625,47679400,0.0,0.005760576187535671,0.005760621688336354,0.005760576187535671,4197ffad676e444993c7f77980cbfa71baa21df88550cdda6b86f8664ed976f4,2026-10-07T15:19:20.226130+00:00
SPY,2025-01-07,588.6300048828125,577.288818359375,60393100,0.0,-0.011304052395755049,-0.011304100584961563,-0.011304052395755049,4197ffad676e444993c7f77980cbfa71baa21df88550cdda6b86f8664ed976f4,2026-10-07T15:19:20.226130+00:00
SPY,2025-01-08,589.489990234375,578.1322631835938,47304700,0.0,0.0014609947580461746,0.0014610447966336704,0.0014609947580461746,4197ffad676e444993c7f77980cbfa71baa21df88550cdda6b86f8664ed976f4,2026-10-07T15:19:20.226130+00:00
SPY,2025-01-10,580.489990234375,569.3056640625,73105000,0.0,-0.015267434815002923,-0.015267439102063629,-0.015267434815002923,4197ffad676e444993c7f77980cbfa71baa21df88550cdda6b86f8664ed976f4,2026-10-07T15:19:20.226130+00:00
SPY,2025-01-13,581.3900146484375,570.1883544921875,47910100,0.0,0.0015504563889190415,0.001550468378249903,0.0015504563889190415,4197ffad676e444993c7f77980cbfa71baa21df88550cdda6b86f8664ed976f4,2026-10-07T15:19:20.226130+00:00
SPY,2025-01-14,582.1900024414062,570.972900390625,48420600,0.0,0.0013759916283606621,0.0013759416379806044,0.0013759916283606621,4197ffad676e444993c7f77980cbfa71baa21df88550cdda6b86f8664ed976f4,2026-10-07T15:19:20.226130+00:00
SPY,2025-01-15,592.780029296875,581.35888671875,56900200,0.0,0.018189984044830076,0.018189981207548556,0.018189984044830076,4197ffad676e444993c7f77980cbfa71baa21df88550cdda6b86f8664ed976f4,2026-10-07T15:19:20.226130+00:00
SPY,2025-01-16,591.6400146484375,580.2408447265625,43319700,0.0,-0.0019231664227786771,-0.0019231528367921191,-0.0019231664227786771,4197ffad676e444993c7f77980cbfa71baa21df88550cdda6b86f8664ed976f4,2026-10-07T15:19:20.226130+00:00
SPY,2025-01-17,597.5800170898438,586.0664672851562,58070600,0.0,0.010039892999691435,0.010040007716690669,0.010039892999691435,4197ffad676e444993c7f77980cbfa71baa21df88550cdda6b86f8664ed976f4,2026-10-07T15:19:20.226130+00:00
SPY,2025-01-21,603.0499877929688,591.4309692382812,42532900,0.0,0.00915353684308795,0.009153401964755004,0.00915353684308795,4197ffad676e444993c7f77980cbfa71baa21df88550cdda6b86f8664ed976f4,2026-10-07T15:19:20.226130+00:00
SPY,2025-01-22,606.4400024414062,594.7556762695312,48196000,0.0,0.005621448830210873,0.005621462527625187,0.005621448830210873,4197ffad676e444993c7f77980cbfa71baa21df88550cdda6b86f8664ed976f4,2026-10-07T15:19:20.226130+00:00
SPY,2025-01-23,609.75,598.0018920898438,41152100,0.0,0.005458079192118603,0.005458066143519069,0.005458079192118603,4197ffad676e444993c7f77980cbfa71baa21df88550cdda6b86f8664ed976f4,2026-10-07T15:19:20.226130+00:00
SPY,2025-01-24,607.969970703125,596.256103515625,34604700,0.0,-0.0029192772396473554,-0.0029193696496807586,-0.0029192772396473554,4197ffad676e444993c7f77980cbfa71baa21df88550cdda6b86f8664ed976f4,2026-10-07T15:19:20.226130+00:00
SPY,2025-01-27,599.3699951171875,587.8218994140625,70361100,0.0,-0.01414539533258774,-0.014145270885837502,-0.01414539533258774,4197ffad676e444993c7f77980cbfa71baa21df88550cdda6b86f8664ed976f4,2026-10-07T15:19:20.226130+00:00
SPY,2025-01-28,604.52001953125,592.8727416992188,44433300,0.0,0.008592396109277312,0.00859247042376432,0.008592396109277312,4197ffad676e444993c7f77980cbfa71baa21df88550cdda6b86f8664ed976f4,2026-10-07T15:19:20.226130+00:00
SPY,2025-01-29,601.8099975585938,590.2149047851562,37177400,0.0,-0.0044829317228528565,-0.004482980456218866,-0.0044829317228528565,4197ffad676e444993c7f77980cbfa71baa21df88550cdda6b86f8664ed976f4,2026-10-07T15:19:20.226130+00:00
SPY,2025-01-30,605.0399780273438,593.3826904296875,39281300,0.0,0.005367110021191612,0.005367173242912804,0.005367110021191612,4197ffad676e444993c7f77980cbfa71baa21df88550cdda6b86f8664ed976f4,2026-10-07T15:19:20.226130+00:00
SPY,2025-01-31,601.8200073242188,590.224609375,66566900,0.0,-0.00532191395620385,-0.005322165788827826,-0.00532191395620385,4197ffad676e444993c7f77980cbfa71baa21df88550cdda6b86f8664ed976f4,2026-10-07T15:19:20.226130+00:00
SPY,2025-02-03,597.77001953125,586.2527465820312,65857200,0.0,-0.006729566554251942,-0.006729408990883368,-0.006729566554251942,4197ffad676e444993c7f77980cbfa71baa21df88550cdda6b86f8664ed976f4,2026-10-07T15:19:20.226130+00:00
SPY,2025-02-04,601.780029296875,590.1854858398438,33457800,0.0,0.006708281838506247,0.006708265813236913,0.006708281838506247,4197ffad676e444993c7f77980cbfa71baa21df88550cdda6b86f8664ed976f4,2026-10-07T15:19:20.226130+00:00
SPY,2025-02-05,604.219970703125,592.578369140625,30653100,0.0,0.004054540342757651,0.004054459755776785,0.004054540342757651,4197ffad676e444993c7f77980cbfa71baa21df88550cdda6b86f8664ed976f4,2026-10-07T15:19:20.226130+00:00
SPY,2025-02-06,606.3200073242188,594.637939453125,35771500,0.0,0.003475616038725038,0.0034756083241560543,0.003475616038725038,4197ffad676e444993c7f77980cbfa71baa21df88550cdda6b86f8664ed976f4,2026-10-07T15:19:20.226130+00:00
SPY,2025-02-07,600.77001953125,589.1950073242188,50788500,0.0,-0.009153562023232031,-0.009153354953960746,-0.009153562023232031,4197ffad676e444993c7f77980cbfa71baa21df88550cdda6b86f8664ed976f4,2026-10-07T15:19:20.226130+00:00
SPY,2025-02-10,604.8499755859375,593.1962890625,26048700,0.0,0.0067912111491030824,0.006791099192188899,0.0067912111491030824,4197ffad676e444993c7f77980cbfa71baa21df88550cdda6b86f8664ed976f4,2026-10-07T15:19:20.226130+00:00
SPY,2025-02-11,605.3099975585938,593.6474609375,30056700,0.0,0.000760555495121995,0.0007605777098049771,0.000760555495121995,4197ffad676e444993c7f77980cbfa71baa21df88550cdda6b86f8664ed976f4,2026-10-07T15:19:20.226130+00:00
SPY,2025-02-12,603.3599853515625,591.7349853515625,45076100,0.0,-0.0032215099947072723,-0.0032215678694511585,-0.0032215099947072723,4197ffad676e444993c7f77980cbfa71baa21df88550cdda6b86f8664ed976f4,2026-10-07T15:19:20.226130+00:00
SPY,2025-02-13,609.72998046875,597.9822998046875,40921300,0.0,0.010557536581541571,0.010557622259588673,0.010557536581541571,4197ffad676e444993c7f77980cbfa71baa21df88550cdda6b86f8664ed976f4,2026-10-07T15:19:20.226130+00:00
SPY,2025-02-14,609.7000122070312,597.9529418945312,26910400,0.0,-4.9150054415414424e-05,-4.9094948405437044e-05,-4.9150054415414424e-05,4197ffad676e444993c7f77980cbfa71baa21df88550cdda6b86f8664ed976f4,2026-10-07T15:19:20.226130+00:00
SPY,2025-02-18,611.489990234375,599.7083129882812,26749000,0.0,0.0029358340027980656,0.0029356341791517693,0.0029358340027980656,4197ffad676e444993c7f77980cbfa71baa21df88550cdda6b86f8664ed976f4,2026-10-07T15:19:20.226130+00:00
SPY,2025-02-19,612.9299926757812,601.1206665039062,31011100,0.0,0.0023549076262954216,0.002355067430343638,0.0023549076262954216,4197ffad676e444993c7f77980cbfa71baa21df88550cdda6b86f8664ed976f4,2026-10-07T15:19:20.226130+00:00
SPY,2025-02-20,610.3800048828125,598.6198120117188,36554000,0.0,-0.00416032470826988,-0.004160320267696638,-0.00416032470826988,4197ffad676e444993c7f77980cbfa71baa21df88550cdda6b86f8664ed976f4,2026-10-07T15:19:20.226130+00:00
SPY,2025-02-21,599.9400024414062,588.3809204101562,76519800,0.0,-0.017104102948802602,-0.017104164272735534,-0.017104102948802602,4197ffad676e444993c7f77980cbfa71baa21df88550cdda6b86f8664ed976f4,2026-10-07T15:19:20.226130+00:00
SPY,2025-02-24,597.2100219726562,585.7035522460938,50737200,0.0,-0.004550422471648163,-0.004550399360666035,-0.004550422471648163,4197ffad676e444993c7f77980cbfa71baa21df88550cdda6b86f8664ed976f4,2026-10-07T15:19:20.226130+00:00
SPY,2025-02-25,594.239990234375,582.790771484375,58266500,0.0,-0.004973177992678157,-0.004973131459675484,-0.004973177992678157,4197ffad676e444993c7f77980cbfa71baa21df88550cdda6b86f8664ed976f4,2026-10-07T15:19:20.226130+00:00
SPY,2025-02-26,594.5399780273438,583.0849609375,43321600,0.0,0.0005048259926943022,0.0005047942889961909,0.0005048259926943022,4197ffad676e444993c7f77980cbfa71baa21df88550cdda6b86f8664ed976f4,2026-10-07T15:19:20.226130+00:00
SPY,2025-02-27,585.0499877929688,573.7777099609375,74196700,0.0,-0.01596190430433686,-0.015962083744362143,-0.01596190430433686,4197ffad676e444993c7f77980cbfa71baa21df88550cdda6b86f8664ed976f4,2026-10-07T15:19:20.226130+00:00
SPY,2025-02-28,594.1799926757812,582.7318725585938,88744100,0.0,0.015605512474676564,0.015605629919408726,0.015605512474676564,4197ffad676e444993c7f77980cbfa71baa21df88550cdda6b86f8664ed976f4,2026-10-07T15:19:20.226130+00:00
SPY,2025-03-03,583.77001953125,572.5224609375,74249200,0.0,-0.017519898469909534,-0.017519912848197983,-0.017519898469909534,4197ffad676e444993c7f77980cbfa71baa21df88550cdda6b86f8664ed976f4,2026-10-07T15:19:20.226130+00:00
SPY,2025-03-04,576.8599853515625,565.74560546875,109648200,0.0,-0.011836911709231068,-0.011836837733235739,-0.011836911709231068,4197ffad676e444993c7f77980cbfa71baa21df88550cdda6b86f8664ed976f4,2026-10-07T15:19:20.226130+00:00
SPY,2025-03-05,583.0599975585938,571.826171875,71230500,0.0,0.010747863198125485,0.010747880933537068,0.010747863198125485,4197ffad676e444993c7f77980cbfa71baa21df88550cdda6b86f8664ed976f4,2026-10-07T15:19:20.226130+00:00
SPY,2025-03-06,572.7100219726562,561.6755981445312,80094900,0.0,-0.017751133038238276,-0.017751152762360167,-0.017751133038238276,4197ffad676e444993c7f77980cbfa71baa21df88550cdda6b86f8664ed976f4,2026-10-07T15:19:20.226130+00:00
SPY,2025-03-07,575.9199829101562,564.8236694335938,81158800,0.0,0.005604862520902865,0.005604785572778992,0.005604862520902865,4197ffad676e444993c7f77980cbfa71baa21df88550cdda6b86f8664ed976f4,2026-10-07T15:19:20.226130+00:00
SPY,2025-03-10,560.5800170898438,549.779296875,99326600,0.0,-0.02663558528182819,-0.02663552073460429,-0.02663558528182819,4197ffad676e444993c7f77980cbfa71baa21df88550cdda6b86f8664ed976f4,2026-10-07T15:19:20.226130+00:00
SPY,2025-03-11,555.9199829101562,545.2090454101562,88102100,0.0,-0.008312879584754462,-0.008312883898723533,-0.008312879584754462,4197ffad676e444993c7f77980cbfa71baa21df88550cdda6b86f8664ed976f4,2026-10-07T15:19:20.226130+00:00
SPY,2025-03-12,558.8699951171875,548.1022338867188,69588200,0.0,0.005306541044969082,0.005306567271615936,0.005306541044969082,4197ffad676e444993c7f77980cbfa71baa21df88550cdda6b86f8664ed976f4,2026-10-07T15:19:20.226130+00:00
SPY,2025-03-13,551.4199829101562,540.795654296875,74079400,0.0,-0.01333049237232553,-0.01333068748512689,-0.01333049237232553,4197ffad676e444993c7f77980cbfa71baa21df88550cdda6b86f8664ed976f4,2026-10-07T15:19:20.226130+00:00
SPY,2025-03-14,562.8099975585938,551.96630859375,62660300,0.0,0.020655788693630495,0.020655961652278343,0.020655788693630495,4197ffad676e444993c7f77980cbfa71baa21df88550cdda6b86f8664ed976f4,2026-10-07T15:19:20.226130+00:00
SPY,2025-03-17,567.1500244140625,556.22265625,49008700,0.0,0.007711353519474162,0.007711245396651023,0.007711353519474162,4197ffad676e444993c7f77980cbfa71baa21df88550cdda6b86f8664ed976f4,2026-10-07T15:19:20.226130+00:00
SPY,2025-03-18,561.02001953125,550.2108764648438,66041400,0.0,-0.010808436249554187,-0.010808225298996388,-0.010808436249554187,4197ffad676e444993c7f77980cbfa71baa21df88550cdda6b86f8664ed976f4,2026-10-07T15:19:20.226130+00:00
SPY,2025-03-19,567.1300048828125,556.2030639648438,66556000,0.0,0.010890850841058342,0.01089071073712744,0.010890850841058342,4197ffad676e444993c7f77980cbfa71baa21df88550cdda6b86f8664ed976f4,2026-10-07T15:19:20.226130+00:00
SPY,2025-03-20,565.489990234375,554.5946044921875,62958200,0.0,-0.0028917790177164227,-0.0028918565482011216,-0.0028917790177164227,4197ffad676e444993c7f77980cbfa71baa21df88550cdda6b86f8664ed976f4,2026-10-07T15:19:20.226130+00:00
SPY,2025-03-21,563.97998046875,554.7776489257812,83763000,1.696,-0.0026702678945725866,0.00033005087339676997,0.0003289010196236841,4197ffad676e444993c7f77980cbfa71baa21df88550cdda6b86f8664ed976f4,2026-10-07T15:19:20.226130+00:00
SPY,2025-03-24,574.0800170898438,564.712890625,58766800,0.0,0.017908502022889516,0.01790851112775793,0.017908502022889516,4197ffad676e444993c7f77980cbfa71baa21df88550cdda6b86f8664ed976f4,2026-10-07T15:19:20.226130+00:00
SPY,2025-03-25,575.4600219726562,566.0703735351562,38355700,0.0,0.0024038545877420603,0.0024038461538462563,0.0024038545877420603,4197ffad676e444993c7f77980cbfa71baa21df88550cdda6b86f8664ed976f4,2026-10-07T15:19:20.226130+00:00
SPY,2025-03-26,568.5900268554688,559.3124389648438,51848300,0.0,-0.011938266525687413,-0.011938329377862766,-0.011938266525687413,4197ffad676e444993c7f77980cbfa71baa21df88550cdda6b86f8664ed976f4,2026-10-07T15:19:20.226130+00:00
SPY,2025-03-27,567.0800170898438,557.8271484375,42164200,0.0,-0.0026557092004866334,-0.002655564982771863,-0.0026557092004866334,4197ffad676e444993c7f77980cbfa71baa21df88550cdda6b86f8664ed976f4,2026-10-07T15:19:20.226130+00:00
SPY,2025-03-28,555.6599731445312,546.5933837890625,71662700,0.0,-0.020138328985595644,-0.020138432989329713,-0.020138328985595644,4197ffad676e444993c7f77980cbfa71baa21df88550cdda6b86f8664ed976f4,2026-10-07T15:19:20.226130+00:00
SPY,2025-03-31,559.3900146484375,550.2625732421875,95328200,0.0,0.0067128130226792315,0.006712831808701525,0.0067128130226792315,4197ffad676e444993c7f77980cbfa71baa21df88550cdda6b86f8664ed976f4,2026-10-07T15:19:20.226130+00:00
SPY,2025-04-01,560.969970703125,551.8167724609375,54609600,0.0,0.0028244266313557365,0.002824468343526565,0.0028244266313557365,4197ffad676e444993c7f77980cbfa71baa21df88550cdda6b86f8664ed976f4,2026-10-07T15:19:20.226130+00:00
SPY,2025-04-02,564.52001953125,555.3089599609375,76014500,0.0,0.006328411525621025,0.006328527283478325,0.006328411525621025,4197ffad676e444993c7f77980cbfa71baa21df88550cdda6b86f8664ed976f4,2026-10-07T15:19:20.226130+00:00
SPY,2025-04-03,536.7000122070312,527.9427490234375,125986000,0.0,-0.04928081620084812,-0.049281054171042116,-0.04928081620084812,4197ffad676e444993c7f77980cbfa71baa21df88550cdda6b86f8664ed976f4,2026-10-07T15:19:20.226130+00:00
SPY,2025-04-04,505.2799987792969,497.0354309082031,217965100,0.0,-0.058542971330535654,-0.05854293514288289,-0.058542971330535654,4197ffad676e444993c7f77980cbfa71baa21df88550cdda6b86f8664ed976f4,2026-10-07T15:19:20.226130+00:00
SPY,2025-04-07,504.3800048828125,496.150146484375,256611400,0.0,-0.0017811785518102585,-0.0017811294100512631,-0.0017811785518102585,4197ffad676e444993c7f77980cbfa71baa21df88550cdda6b86f8664ed976f4,2026-10-07T15:19:20.226130+00:00
SPY,2025-04-08,496.4800109863281,488.3790588378906,165816600,0.0,-0.0156627816725603,-0.015662774064562512,-0.0156627816725603,4197ffad676e444993c7f77980cbfa71baa21df88550cdda6b86f8664ed976f4,2026-10-07T15:19:20.226130+00:00
SPY,2025-04-09,548.6199951171875,539.6682739257812,241867300,0.0,0.10501930183911301,0.1050192758263111,0.10501930183911301,4197ffad676e444993c7f77980cbfa71baa21df88550cdda6b86f8664ed976f4,2026-10-07T15:19:20.226130+00:00
SPY,2025-04-10,524.5800170898438,516.0206298828125,162331200,0.0,-0.04381899719533322,-0.04381885166408894,-0.04381899719533322,4197ffad676e444993c7f77980cbfa71baa21df88550cdda6b86f8664ed976f4,2026-10-07T15:19:20.226130+00:00
SPY,2025-04-11,533.9400024414062,525.2277221679688,97866300,0.0,0.017842817199724692,0.017842488753302632,0.017842817199724692,4197ffad676e444993c7f77980cbfa71baa21df88550cdda6b86f8664ed976f4,2026-10-07T15:19:20.226130+00:00
SPY,2025-04-14,539.1199951171875,530.3233032226562,68034000,0.0,0.009701450822369617,0.009701660517184019,0.009701450822369617,4197ffad676e444993c7f77980cbfa71baa21df88550cdda6b86f8664ed976f4,2026-10-07T15:19:20.226130+00:00
SPY,2025-04-15,537.6099853515625,528.837890625,56892900,0.0,-0.0028008788011967267,-0.0028009566779919615,-0.0028008788011967267,4197ffad676e444993c7f77980cbfa71baa21df88550cdda6b86f8664ed976f4,2026-10-07T15:19:20.226130+00:00
SPY,2025-04-16,525.6599731445312,517.0828857421875,83484800,0.0,-0.02222803246337901,-0.022227992908980143,-0.02222803246337901,4197ffad676e444993c7f77980cbfa71baa21df88550cdda6b86f8664ed976f4,2026-10-07T15:19:20.226130+00:00
SPY,2025-04-17,526.4099731445312,517.8206176757812,79868100,0.0,0.001426777837987947,0.001426718914772973,0.001426777837987947,4197ffad676e444993c7f77980cbfa71baa21df88550cdda6b86f8664ed976f4,2026-10-07T15:19:20.226130+00:00
SPY,2025-04-21,513.8800048828125,505.4950866699219,69368100,0.0,-0.023802680232045126,-0.023802704228313765,-0.023802680232045126,4197ffad676e444993c7f77980cbfa71baa21df88550cdda6b86f8664ed976f4,2026-10-07T15:19:20.226130+00:00
SPY,2025-04-22,527.25,518.64697265625,75948100,0.0,0.02601773758493775,0.026017831494603794,0.02601773758493775,4197ffad676e444993c7f77980cbfa71baa21df88550cdda6b86f8664ed976f4,2026-10-07T15:19:20.226130+00:00
SPY,2025-04-23,535.4199829101562,526.68359375,90590700,0.0,0.015495463082325855,0.015495359112173146,0.015495463082325855,4197ffad676e444993c7f77980cbfa71baa21df88550cdda6b86f8664ed976f4,2026-10-07T15:19:20.226130+00:00
SPY,2025-04-24,546.6900024414062,537.769775390625,64150400,0.0,0.02104893334386637,0.021049035459204557,0.02104893334386637,4197ffad676e444993c7f77980cbfa71baa21df88550cdda6b86f8664ed976f4,2026-10-07T15:19:20.226130+00:00
SPY,2025-04-25,550.6400146484375,541.6553344726562,61119600,0.0,0.00722532365580375,0.007225320685248393,0.00722532365580375,4197ffad676e444993c7f77980cbfa71baa21df88550cdda6b86f8664ed976f4,2026-10-07T15:19:20.226130+00:00
SPY,2025-04-28,550.8499755859375,541.8618774414062,47613800,0.0,0.00038130345037501456,0.00038131807369912174,0.00038130345037501456,4197ffad676e444993c7f77980cbfa71baa21df88550cdda6b86f8664ed976f4,2026-10-07T15:19:20.226130+00:00
SPY,2025-04-29,554.3200073242188,545.2752075195312,47775100,0.0,0.006299413437552026,0.006299262266321826,0.006299413437552026,4197ffad676e444993c7f77980cbfa71baa21df88550cdda6b86f8664ed976f4,2026-10-07T15:19:20.226130+00:00
SPY,2025-04-30,554.5399780273438,545.49169921875,93101500,0.0,0.000396829809890642,0.0003970319872117489,0.000396829809890642,4197ffad676e444993c7f77980cbfa71baa21df88550cdda6b86f8664ed976f4,2026-10-07T15:19:20.226130+00:00
SPY,2025-05-01,558.469970703125,549.3575439453125,63186100,0.0,0.007086942026725218,0.007086899272892966,0.007086942026725218,4197ffad676e444993c7f77980cbfa71baa21df88550cdda6b86f8664ed976f4,2026-10-07T15:19:20.226130+00:00
SPY,2025-05-02,566.760009765625,557.5122680664062,60717300,0.0,0.014844198430334021,0.014844110563275503,0.014844198430334021,4197ffad676e444993c7f77980cbfa71baa21df88550cdda6b86f8664ed976f4,2026-10-07T15:19:20.226130+00:00
SPY,2025-05-05,563.510009765625,554.3153076171875,38659200,0.0,-0.005734349537724115,-0.005734332018031862,-0.005734349537724115,4197ffad676e444993c7f77980cbfa71baa21df88550cdda6b86f8664ed976f4,2026-10-07T15:19:20.226130+00:00
SPY,2025-05-06,558.7999877929688,549.68212890625,48264700,0.0,-0.008358364343191038,-0.008358381317041252,-0.008358364343191038,4197ffad676e444993c7f77980cbfa71baa21df88550cdda6b86f8664ed976f4,2026-10-07T15:19:20.226130+00:00
SPY,2025-05-07,561.1500244140625,551.9938354492188,55588000,0.0,0.0042055058561747405,0.0042055333826633845,0.0042055058561747405,4197ffad676e444993c7f77980cbfa71baa21df88550cdda6b86f8664ed976f4,2026-10-07T15:19:20.226130+00:00
SPY,2025-05-08,565.0599975585938,555.840087890625,65130800,0.0,0.0069677857514378605,0.006967926441200367,0.0069677857514378605,4197ffad676e444993c7f77980cbfa71baa21df88550cdda6b86f8664ed976f4,2026-10-07T15:19:20.226130+00:00
SPY,2025-05-09,564.3400268554688,555.1317749023438,37603400,0.0,-0.0012741491279434358,-0.0012743107302124468,-0.0012741491279434358,4197ffad676e444993c7f77980cbfa71baa21df88550cdda6b86f8664ed976f4,2026-10-07T15:19:20.226130+00:00
SPY,2025-05-12,582.989990234375,573.4775390625,78993600,0.0,0.03304738719814848,0.03304758435667554,0.03304738719814848,4197ffad676e444993c7f77980cbfa71baa21df88550cdda6b86f8664ed976f4,2026-10-07T15:19:20.226130+00:00
SPY,2025-05-13,586.8400268554688,577.2647094726562,67947200,0.0,0.006603949785734642,0.006603868769380794,0.006603949785734642,4197ffad676e444993c7f77980cbfa71baa21df88550cdda6b86f8664ed976f4,2026-10-07T15:19:20.226130+00:00
SPY,2025-05-14,587.5900268554688,578.00244140625,66283500,0.0,0.0012780314322096142,0.0012779785798229248,0.0012780314322096142,4197ffad676e444993c7f77980cbfa71baa21df88550cdda6b86f8664ed976f4,2026-10-07T15:19:20.226130+00:00
SPY,2025-05-15,590.4600219726562,580.82568359375,71268100,0.0,0.004884349607746863,0.004884481423004461,0.004884349607746863,4197ffad676e444993c7f77980cbfa71baa21df88550cdda6b86f8664ed976f4,2026-10-07T15:19:20.226130+00:00
SPY,2025-05-16,594.2000122070312,584.5045776367188,76052100,0.0,0.00633402786844095,0.006333903866313717,0.00633402786844095,4197ffad676e444993c7f77980cbfa71baa21df88550cdda6b86f8664ed976f4,2026-10-07T15:19:20.226130+00:00
SPY,2025-05-19,594.8499755859375,585.1439819335938,68168500,0.0,0.0010938461217664397,0.0010939252169079872,0.0010938461217664397,4197ffad676e444993c7f77980cbfa71baa21df88550cdda6b86f8664ed976f4,2026-10-07T15:19:20.226130+00:00
SPY,2025-05-20,592.8499755859375,583.1765747070312,60614500,0.0,-0.0033621922872737464,-0.003362261746350459,-0.0033621922872737464,4197ffad676e444993c7f77980cbfa71baa21df88550cdda6b86f8664ed976f4,2026-10-07T15:19:20.226130+00:00
SPY,2025-05-21,582.8599853515625,573.3495483398438,95197700,0.0,-0.016850789652983478,-0.016850859230970072,-0.016850789652983478,4197ffad676e444993c7f77980cbfa71baa21df88550cdda6b86f8664ed976f4,2026-10-07T15:19:20.226130+00:00
SPY,2025-05-22,583.0900268554688,573.5758666992188,70860400,0.0,0.00039467712604679406,0.0003947301607376552,0.00039467712604679406,4197ffad676e444993c7f77980cbfa71baa21df88550cdda6b86f8664ed976f4,2026-10-07T15:19:20.226130+00:00
SPY,2025-05-23,579.1099853515625,569.6607666015625,76029000,0.0,-0.006825775301577575,-0.00682577549886576,-0.006825775301577575,4197ffad676e444993c7f77980cbfa71baa21df88550cdda6b86f8664ed976f4,2026-10-07T15:19:20.226130+00:00
SPY,2025-05-27,591.1500244140625,581.5043334960938,72588500,0.0,0.02079059136787431,0.020790560959966786,0.02079059136787431,4197ffad676e444993c7f77980cbfa71baa21df88550cdda6b86f8664ed976f4,2026-10-07T15:19:20.226130+00:00
SPY,2025-05-28,587.72998046875,578.14013671875,68445500,0.0,-0.005785407771406903,-0.005785333975273588,-0.005785407771406903,4197ffad676e444993c7f77980cbfa71baa21df88550cdda6b86f8664ed976f4,2026-10-07T15:19:20.226130+00:00
SPY,2025-05-29,590.0499877929688,580.4222412109375,69973300,0.0,0.003947403401760141,0.003947320636030538,0.003947403401760141,4197ffad676e444993c7f77980cbfa71baa21df88550cdda6b86f8664ed976f4,2026-10-07T15:19:20.226130+00:00
SPY,2025-05-30,589.3900146484375,579.7731323242188,90601200,0.0,-0.0011185037847383228,-0.0011183390997638876,-0.0011185037847383228,4197ffad676e444993c7f77980cbfa71baa21df88550cdda6b86f8664ed976f4,2026-10-07T15:19:20.226130+00:00
SPY,2025-06-02,592.7100219726562,583.038818359375,61630500,0.0,0.005632954820585345,0.0056326963998221125,0.005632954820585345,4197ffad676e444993c7f77980cbfa71baa21df88550cdda6b86f8664ed976f4,2026-10-07T15:19:20.226130+00:00
SPY,2025-06-03,596.0900268554688,586.3637084960938,63606200,0.0,0.005702628195088044,0.005702690853543357,0.005702628195088044,4197ffad676e444993c7f77980cbfa71baa21df88550cdda6b86f8664ed976f4,2026-10-07T15:19:20.226130+00:00
SPY,2025-06-04,595.9299926757812,586.206298828125,57314200,0.0,-0.0002684731709600152,-0.0002684505635119905,-0.0002684731709600152,4197ffad676e444993c7f77980cbfa71baa21df88550cdda6b86f8664ed976f4,2026-10-07T15:19:20.226130+00:00
SPY,2025-06-05,593.0499877929688,583.373291015625,92278700,0.0,-0.004832790626766448,-0.004832782960816684,-0.004832790626766448,4197ffad676e444993c7f77980cbfa71baa21df88550cdda6b86f8664ed976f4,2026-10-07T15:19:20.226130+00:00
SPY,2025-06-06,599.1400146484375,589.3639526367188,66588700,0.0,0.010268994150278488,0.010269002220969492,0.010268994150278488,4197ffad676e444993c7f77980cbfa71baa21df88550cdda6b86f8664ed976f4,2026-10-07T15:19:20.226130+00:00
SPY,2025-06-09,599.6799926757812,589.8951416015625,53016400,0.0,0.0009012551559597348,0.0009012919138797759,0.0009012551559597348,4197ffad676e444993c7f77980cbfa71baa21df88550cdda6b86f8664ed976f4,2026-10-07T15:19:20.226130+00:00
SPY,2025-06-10,603.0800170898438,593.2396240234375,66247000,0.0,0.005669731282665458,0.005669621914150325,0.005669731282665458,4197ffad676e444993c7f77980cbfa71baa21df88550cdda6b86f8664ed976f4,2026-10-07T15:19:20.226130+00:00
SPY,2025-06-11,601.3599853515625,591.5477294921875,73658200,0.0,-0.0028520788113346462,-0.0028519580667510924,-0.0028520788113346462,4197ffad676e444993c7f77980cbfa71baa21df88550cdda6b86f8664ed976f4,2026-10-07T15:19:20.226130+00:00
SPY,2025-06-12,603.75,593.898681640625,64129000,0.0,0.003974349319302073,0.003974239154726611,0.003974349319302073,4197ffad676e444993c7f77980cbfa71baa21df88550cdda6b86f8664ed976f4,2026-10-07T15:19:20.226130+00:00
SPY,2025-06-13,597.0,587.2589111328125,89506000,0.0,-0.011180124223602483,-0.011179971791603127,-0.011180124223602483,4197ffad676e444993c7f77980cbfa71baa21df88550cdda6b86f8664ed976f4,2026-10-07T15:19:20.226130+00:00
SPY,2025-06-16,602.6799926757812,592.84619140625,79984100,0.0,0.00951422558757331,0.009514168567761327,0.00951422558757331,4197ffad676e444993c7f77980cbfa71baa21df88550cdda6b86f8664ed976f4,2026-10-07T15:19:20.226130+00:00
SPY,2025-06-17,597.530029296875,587.7802734375,82209400,0.0,-0.008545104270081039,-0.008545079722505178,-0.008545104270081039,4197ffad676e444993c7f77980cbfa71baa21df88550cdda6b86f8664ed976f4,2026-10-07T15:19:20.226130+00:00
SPY,2025-06-18,597.4400024414062,587.6917724609375,76605000,0.0,-0.00015066498929716676,-0.00015056812989810986,-0.00015066498929716676,4197ffad676e444993c7f77980cbfa71baa21df88550cdda6b86f8664ed976f4,2026-10-07T15:19:20.226130+00:00
SPY,2025-06-20,594.280029296875,586.3114624023438,94051400,1.761,-0.005289189092826385,-0.0023486972649179316,-0.0023416127792154073,4197ffad676e444993c7f77980cbfa71baa21df88550cdda6b86f8664ed976f4,2026-10-07T15:19:20.226130+00:00
SPY,2025-06-23,600.1500244140625,592.1027221679688,87426000,0.0,0.00987749011881256,0.009877445925917883,0.00987749011881256,4197ffad676e444993c7f77980cbfa71baa21df88550cdda6b86f8664ed976f4,2026-10-07T15:19:20.226130+00:00
SPY,2025-06-24,606.780029296875,598.6439208984375,67735300,0.0,0.011047245877038092,0.011047405265286248,0.011047245877038092,4197ffad676e444993c7f77980cbfa71baa21df88550cdda6b86f8664ed976f4,2026-10-07T15:19:20.226130+00:00
SPY,2025-06-25,607.1199951171875,598.979248046875,62114800,0.0,0.0005602785258216336,0.0005601445813301353,0.0005602785258216336,4197ffad676e444993c7f77980cbfa71baa21df88550cdda6b86f8664ed976f4,2026-10-07T15:19:20.226130+00:00
SPY,2025-06-26,611.8699951171875,603.66552734375,78548400,0.0,0.007823824018649228,0.007823775718701187,0.007823824018649228,4197ffad676e444993c7f77980cbfa71baa21df88550cdda6b86f8664ed976f4,2026-10-07T15:19:20.226130+00:00
SPY,2025-06-27,614.9099731445312,606.6648559570312,86258400,0.0,0.004968339764334306,0.004968527234740172,0.004968339764334306,4197ffad676e444993c7f77980cbfa71baa21df88550cdda6b86f8664ed976f4,2026-10-07T15:19:20.226130+00:00
SPY,2025-06-30,617.8499755859375,609.5653076171875,92502500,0.0,0.004781191670012452,0.004780978544703496,0.004781191670012452,4197ffad676e444993c7f77980cbfa71baa21df88550cdda6b86f8664ed976f4,2026-10-07T15:19:20.226130+00:00
SPY,2025-07-01,617.6500244140625,609.3681030273438,70030100,0.0,-0.00032362414789344207,-0.00032351675428288207,-0.00032362414789344207,4197ffad676e444993c7f77980cbfa71baa21df88550cdda6b86f8664ed976f4,2026-10-07T15:19:20.226130+00:00
SPY,2025-07-02,620.4500122070312,612.130615234375,66510400,0.0,0.004533291803274775,0.004533404674952779,0.004533291803274775,4197ffad676e444993c7f77980cbfa71baa21df88550cdda6b86f8664ed976f4,2026-10-07T15:19:20.226130+00:00
SPY,2025-07-03,625.3400268554688,616.9550170898438,51065800,0.0,0.00788139987465386,0.00788132750658388,0.00788139987465386,4197ffad676e444993c7f77980cbfa71baa21df88550cdda6b86f8664ed976f4,2026-10-07T15:19:20.226130+00:00
SPY,2025-07-07,620.6799926757812,612.357421875,74814500,0.0,-0.007452000479036269,-0.007452075252634249,-0.007452000479036269,4197ffad676e444993c7f77980cbfa71baa21df88550cdda6b86f8664ed976f4,2026-10-07T15:19:20.226130+00:00
SPY,2025-07-08,620.3400268554688,612.0220336914062,59024600,0.0,-0.0005477312372305088,-0.0005477000385931685,-0.0005477312372305088,4197ffad676e444993c7f77980cbfa71baa21df88550cdda6b86f8664ed976f4,2026-10-07T15:19:20.226130+00:00
SPY,2025-07-09,624.0599975585938,615.6920776367188,66113300,0.0,0.005996663994070728,0.005996587938471132,0.005996663994070728,4197ffad676e444993c7f77980cbfa71baa21df88550cdda6b86f8664ed976f4,2026-10-07T15:19:20.226130+00:00
SPY,2025-07-10,625.8200073242188,617.4285278320312,57529000,0.0,0.002820257303000284,0.002820322460502789,0.002820257303000284,4197ffad676e444993c7f77980cbfa71baa21df88550cdda6b86f8664ed976f4,2026-10-07T15:19:20.226130+00:00
SPY,2025-07-11,623.6199951171875,615.258056640625,63670200,0.0,-0.0035154072757080934,-0.003515339984414667,-0.0035154072757080934,4197ffad676e444993c7f77980cbfa71baa21df88550cdda6b86f8664ed976f4,2026-10-07T15:19:20.226130+00:00
SPY,2025-07-14,624.8099975585938,616.4320678710938,51898500,0.0,0.0019082172648787754,0.0019081606779420834,0.0019082172648787754,4197ffad676e444993c7f77980cbfa71baa21df88550cdda6b86f8664ed976f4,2026-10-07T15:19:20.226130+00:00
SPY,2025-07-15,622.1400146484375,613.7979125976562,74317300,0.0,-0.004273271747553764,-0.004273228812600283,-0.004273271747553764,4197ffad676e444993c7f77980cbfa71baa21df88550cdda6b86f8664ed976f4,2026-10-07T15:19:20.226130+00:00
SPY,2025-07-16,624.219970703125,615.8499755859375,88987500,0.0,0.0033432282214846953,0.003343222494186504,0.0033432282214846953,4197ffad676e444993c7f77980cbfa71baa21df88550cdda6b86f8664ed976f4,2026-10-07T15:19:20.226130+00:00
SPY,2025-07-17,628.0399780273438,619.6187744140625,68885700,0.0,0.006119649327969823,0.006119670337795036,0.006119649327969823,4197ffad676e444993c7f77980cbfa71baa21df88550cdda6b86f8664ed976f4,2026-10-07T15:19:20.226130+00:00
SPY,2025-07-18,627.5800170898438,619.1649169921875,65621600,0.0,-0.0007323752525193461,-0.0007324784861533207,-0.0007323752525193461,4197ffad676e444993c7f77980cbfa71baa21df88550cdda6b86f8664ed976f4,2026-10-07T15:19:20.226130+00:00
SPY,2025-07-21,628.77001953125,620.3389892578125,63375000,0.0,0.0018961764380651669,0.0018962189772129268,0.0018961764380651669,4197ffad676e444993c7f77980cbfa71baa21df88550cdda6b86f8664ed976f4,2026-10-07T15:19:20.226130+00:00
SPY,2025-07-22,628.8599853515625,620.427734375,60046300,0.0,0.00014308223598114012,0.00014305906725886608,0.00014308223598114012,4197ffad676e444993c7f77980cbfa71baa21df88550cdda6b86f8664ed976f4,2026-10-07T15:19:20.226130+00:00
SPY,2025-07-23,634.2100219726562,625.7061157226562,70511000,0.0,0.008507516372031176,0.008507648925420108,0.008507516372031176,4197ffad676e444993c7f77980cbfa71baa21df88550cdda6b86f8664ed976f4,2026-10-07T15:19:20.226130+00:00
SPY,2025-07-24,634.4199829101562,625.9132080078125,71307100,0.0,0.0003310590028946514,0.00033097372704604666,0.0003310590028946514,4197ffad676e444993c7f77980cbfa71baa21df88550cdda6b86f8664ed976f4,2026-10-07T15:19:20.226130+00:00
SPY,2025-07-25,637.0999755859375,628.5573120117188,56865400,0.0,0.004224319453948855,0.004224394005555521,0.004224319453948855,4197ffad676e444993c7f77980cbfa71baa21df88550cdda6b86f8664ed976f4,2026-10-07T15:19:20.226130+00:00
SPY,2025-07-28,636.9400024414062,628.3994140625,54917100,0.0,-0.0002510958258695739,-0.0002512069244940962,-0.0002510958258695739,4197ffad676e444993c7f77980cbfa71baa21df88550cdda6b86f8664ed976f4,2026-10-07T15:19:20.226130+00:00
SPY,2025-07-29,635.260009765625,626.741943359375,60556300,0.0,-0.002637599568784843,-0.002637607015591792,-0.002637599568784843,4197ffad676e444993c7f77980cbfa71baa21df88550cdda6b86f8664ed976f4,2026-10-07T15:19:20.226130+00:00
SPY,2025-07-30,634.4600219726562,625.9526977539062,80418900,0.0,-0.0012593076546151272,-0.0012592832087132688,-0.0012593076546151272,4197ffad676e444993c7f77980cbfa71baa21df88550cdda6b86f8664ed976f4,2026-10-07T15:19:20.226130+00:00
SPY,2025-07-31,632.0800170898438,623.6046142578125,103385200,0.0,-0.003751229077306739,-0.003751215554337106,-0.003751229077306739,4197ffad676e444993c7f77980cbfa71baa21df88550cdda6b86f8664ed976f4,2026-10-07T15:19:20.226130+00:00
SPY,2025-08-01,621.719970703125,613.3834228515625,140103600,0.0,-0.01639040328219421,-0.016390499961926763,-0.01639040328219421,4197ffad676e444993c7f77980cbfa71baa21df88550cdda6b86f8664ed976f4,2026-10-07T15:19:20.226130+00:00
SPY,2025-08-04,631.1699829101562,622.706787109375,73218000,0.0,0.01519978873502148,0.015199896036428573,0.01519978873502148,4197ffad676e444993c7f77980cbfa71baa21df88550cdda6b86f8664ed976f4,2026-10-07T15:19:20.226130+00:00
SPY,2025-08-05,627.969970703125,619.5496826171875,68051400,0.0,-0.0050699689365404366,-0.005069969618996528,-0.0050699689365404366,4197ffad676e444993c7f77980cbfa71baa21df88550cdda6b86f8664ed976f4,2026-10-07T15:19:20.226130+00:00
SPY,2025-08-06,632.780029296875,624.295166015625,64357500,0.0,0.007659695237280717,0.0076595687667710965,0.007659695237280717,4197ffad676e444993c7f77980cbfa71baa21df88550cdda6b86f8664ed976f4,2026-10-07T15:19:20.226130+00:00
SPY,2025-08-07,632.25,623.7723388671875,74205800,0.0,-0.0008376201402309214,-0.0008374678788148904,-0.0008376201402309214,4197ffad676e444993c7f77980cbfa71baa21df88550cdda6b86f8664ed976f4,2026-10-07T15:19:20.226130+00:00
SPY,2025-08-08,637.1799926757812,628.6361694335938,64051600,0.0,0.007797536853746623,0.007797445098702616,0.007797536853746623,4197ffad676e444993c7f77980cbfa71baa21df88550cdda6b86f8664ed976f4,2026-10-07T15:19:20.226130+00:00
SPY,2025-08-11,635.9199829101562,627.39306640625,58742300,0.0,-0.0019774785462639555,-0.001977460235009665,-0.0019774785462639555,4197ffad676e444993c7f77980cbfa71baa21df88550cdda6b86f8664ed976f4,2026-10-07T15:19:20.226130+00:00
SPY,2025-08-12,642.6900024414062,634.0723266601562,64730800,0.0,0.010646024206171889,0.010646053664834954,0.010646024206171889,4197ffad676e444993c7f77980cbfa71baa21df88550cdda6b86f8664ed976f4,2026-10-07T15:19:20.226130+00:00
SPY,2025-08-13,644.8900146484375,636.2428588867188,60092800,0.0,0.0034231312120525104,0.0034231618938416197,0.0034231312120525104,4197ffad676e444993c7f77980cbfa71baa21df88550cdda6b86f8664ed976f4,2026-10-07T15:19:20.226130+00:00
SPY,2025-08-14,644.9500122070312,636.302001953125,59327500,0.0,9.303533506632711e-05,9.295674690901201e-05,9.303533506632711e-05,4197ffad676e444993c7f77980cbfa71baa21df88550cdda6b86f8664ed976f4,2026-10-07T15:19:20.226130+00:00
SPY,2025-08-15,643.4400024414062,634.812255859375,68592500,0.0,-0.002341281862229483,-0.0023412563361064898,-0.002341281862229483,4197ffad676e444993c7f77980cbfa71baa21df88550cdda6b86f8664ed976f4,2026-10-07T15:19:20.226130+00:00
SPY,2025-08-18,643.2999877929688,634.6741333007812,43804900,0.0,-0.00021760326977848798,-0.00021758017007211805,-0.00021760326977848798,4197ffad676e444993c7f77980cbfa71baa21df88550cdda6b86f8664ed976f4,2026-10-07T15:19:20.226130+00:00
SPY,2025-08-19,639.8099975585938,631.2308959960938,69750700,0.0,-0.005425136484688009,-0.005425205036764469,-0.005425136484688009,4197ffad676e444993c7f77980cbfa71baa21df88550cdda6b86f8664ed976f4,2026-10-07T15:19:20.226130+00:00
SPY,2025-08-20,638.1099853515625,629.5537719726562,88890300,0.0,-0.0026570578976855552,-0.0026569105442644236,-0.0026570578976855552,4197ffad676e444993c7f77980cbfa71baa21df88550cdda6b86f8664ed976f4,2026-10-07T15:19:20.226130+00:00
SPY,2025-08-21,635.5499877929688,627.0280151367188,54805800,0.0,-0.004011843753210287,-0.004011979513716901,-0.004011843753210287,4197ffad676e444993c7f77980cbfa71baa21df88550cdda6b86f8664ed976f4,2026-10-07T15:19:20.226130+00:00
SPY,2025-08-22,645.3099975585938,636.6571655273438,84083200,0.0,0.015356793254796441,0.0153568104744497,0.015356793254796441,4197ffad676e444993c7f77980cbfa71baa21df88550cdda6b86f8664ed976f4,2026-10-07T15:19:20.226130+00:00
SPY,2025-08-25,642.469970703125,633.855224609375,51274300,0.0,-0.0044010272058598865,-0.004401019998962696,-0.0044010272058598865,4197ffad676e444993c7f77980cbfa71baa21df88550cdda6b86f8664ed976f4,2026-10-07T15:19:20.226130+00:00
SPY,2025-08-26,645.1599731445312,636.5092163085938,51581600,0.0,0.004186969919329098,0.004187062906761296,0.004186969919329098,4197ffad676e444993c7f77980cbfa71baa21df88550cdda6b86f8664ed976f4,2026-10-07T15:19:20.226130+00:00
SPY,2025-08-27,646.6300048828125,637.9595336914062,48341100,0.0,0.0022785538462906096,0.0022785489128085423,0.0022785538462906096,4197ffad676e444993c7f77980cbfa71baa21df88550cdda6b86f8664ed976f4,2026-10-07T15:19:20.226130+00:00
SPY,2025-08-28,648.9199829101562,640.2188110351562,61519500,0.0,0.003541403909580021,0.003541411679636175,0.003541403909580021,4197ffad676e444993c7f77980cbfa71baa21df88550cdda6b86f8664ed976f4,2026-10-07T15:19:20.226130+00:00
SPY,2025-08-29,645.0499877929688,636.400634765625,74522200,0.0,-0.0059637477949624484,-0.005963861423187056,-0.0059637477949624484,4197ffad676e444993c7f77980cbfa71baa21df88550cdda6b86f8664ed976f4,2026-10-07T15:19:20.226130+00:00
SPY,2025-09-02,640.27001953125,631.684814453125,81983500,0.0,-0.007410229210411012,-0.007410143948452741,-0.007410229210411012,4197ffad676e444993c7f77980cbfa71baa21df88550cdda6b86f8664ed976f4,2026-10-07T15:19:20.226130+00:00
SPY,2025-09-03,643.739990234375,635.1082153320312,70820900,0.0,0.005419542688669621,0.005419476296687709,0.005419542688669621,4197ffad676e444993c7f77980cbfa71baa21df88550cdda6b86f8664ed976f4,2026-10-07T15:19:20.226130+00:00
SPY,2025-09-04,649.1199951171875,640.4160766601562,65219200,0.0,0.008357419089116691,0.008357412484973237,0.008357419089116691,4197ffad676e444993c7f77980cbfa71baa21df88550cdda6b86f8664ed976f4,2026-10-07T15:19:20.226130+00:00
SPY,2025-09-05,647.239990234375,638.5612182617188,85178900,0.0,-0.002896236284437803,-0.0028963332839968547,-0.002896236284437803,4197ffad676e444993c7f77980cbfa71baa21df88550cdda6b86f8664ed976f4,2026-10-07T15:19:20.226130+00:00
SPY,2025-09-08,648.8300170898438,640.1300048828125,63133100,0.0,0.002456626412859597,0.002456752111198224,0.002456626412859597,4197ffad676e444993c7f77980cbfa71baa21df88550cdda6b86f8664ed976f4,2026-10-07T15:19:20.226130+00:00
SPY,2025-09-09,650.3300170898438,641.6099243164062,66133900,0.0,0.002311853583358836,0.0023119044917518927,0.002311853583358836,4197ffad676e444993c7f77980cbfa71baa21df88550cdda6b86f8664ed976f4,2026-10-07T15:19:20.226130+00:00
SPY,2025-09-10,652.2100219726562,643.4646606445312,78034500,0.0,0.0028908474672986184,0.002890753802009982,0.0028908474672986184,4197ffad676e444993c7f77980cbfa71baa21df88550cdda6b86f8664ed976f4,2026-10-07T15:19:20.226130+00:00
SPY,2025-09-11,657.6300048828125,648.81201171875,69934400,0.0,0.008310180352278485,0.00831024825646609,0.008310180352278485,4197ffad676e444993c7f77980cbfa71baa21df88550cdda6b86f8664ed976f4,2026-10-07T15:19:20.226130+00:00
SPY,2025-09-12,657.4099731445312,648.5949096679688,72780100,0.0,-0.00033458287585352853,-0.00033461472176832263,-0.00033458287585352853,4197ffad676e444993c7f77980cbfa71baa21df88550cdda6b86f8664ed976f4,2026-10-07T15:19:20.226130+00:00
SPY,2025-09-15,660.9099731445312,652.0479736328125,63772400,0.0,0.005323922883704979,0.005323914685996245,0.005323922883704979,4197ffad676e444993c7f77980cbfa71baa21df88550cdda6b86f8664ed976f4,2026-10-07T15:19:20.226130+00:00
SPY,2025-09-16,660.0,651.1502685546875,61169000,0.0,-0.0013768488621856978,-0.001376746979403265,-0.0013768488621856978,4197ffad676e444993c7f77980cbfa71baa21df88550cdda6b86f8664ed976f4,2026-10-07T15:19:20.226130+00:00
SPY,2025-09-17,659.1799926757812,650.3411865234375,101952200,0.0,-0.0012424353397253451,-0.0012425427283411228,-0.0012424353397253451,4197ffad676e444993c7f77980cbfa71baa21df88550cdda6b86f8664ed976f4,2026-10-07T15:19:20.226130+00:00
SPY,2025-09-18,662.260009765625,653.3798828125,90459200,0.0,0.004672497836806455,0.004672464780074215,0.004672497836806455,4197ffad676e444993c7f77980cbfa71baa21df88550cdda6b86f8664ed976f4,2026-10-07T15:19:20.226130+00:00
SPY,2025-09-19,663.7000122070312,656.6160278320312,97945600,1.831,0.0021743762573189773,0.004952930300824665,0.004939151380382922,4197ffad676e444993c7f77980cbfa71baa21df88550cdda6b86f8664ed976f4,2026-10-07T15:19:20.226130+00:00
SPY,2025-09-22,666.8400268554688,659.7225341796875,69452200,0.0,0.004731075170536503,0.004731085163901749,0.004731075170536503,4197ffad676e444993c7f77980cbfa71baa21df88550cdda6b86f8664ed976f4,2026-10-07T15:19:20.226130+00:00
SPY,2025-09-23,663.2100219726562,656.1312866210938,81708900,0.0,-0.005443591771073009,-0.005443572672652719,-0.005443591771073009,4197ffad676e444993c7f77980cbfa71baa21df88550cdda6b86f8664ed976f4,2026-10-07T15:19:20.226130+00:00
SPY,2025-09-24,661.0999755859375,654.043701171875,68082200,0.0,-0.0031815658943793457,-0.0031816581403536492,-0.0031815658943793457,4197ffad676e444993c7f77980cbfa71baa21df88550cdda6b86f8664ed976f4,2026-10-07T15:19:20.226130+00:00
SPY,2025-09-25,658.0499877929688,651.0263061523438,89622100,0.0,-0.004613504621998388,-0.0046134455757694814,-0.004613504621998388,4197ffad676e444993c7f77980cbfa71baa21df88550cdda6b86f8664ed976f4,2026-10-07T15:19:20.226130+00:00
SPY,2025-09-26,661.8200073242188,654.756103515625,69179200,0.0,0.0057290777314567,0.005729103921045642,0.0057290777314567,4197ffad676e444993c7f77980cbfa71baa21df88550cdda6b86f8664ed976f4,2026-10-07T15:19:20.226130+00:00
SPY,2025-09-29,663.6799926757812,656.5962524414062,73499000,0.0,0.0028104096748033935,0.002810434169152165,0.0028104096748033935,4197ffad676e444993c7f77980cbfa71baa21df88550cdda6b86f8664ed976f4,2026-10-07T15:19:20.226130+00:00
SPY,2025-09-30,666.1799926757812,659.0695190429688,86288000,0.0,0.003766875644270362,0.003766799753069261,0.003766875644270362,4197ffad676e444993c7f77980cbfa71baa21df88550cdda6b86f8664ed976f4,2026-10-07T15:19:20.226130+00:00
SPY,2025-10-01,668.4500122070312,661.3153076171875,72545400,0.0,0.0034075168215907947,0.0034075139409872612,0.0034075168215907947,4197ffad676e444993c7f77980cbfa71baa21df88550cdda6b86f8664ed976f4,2026-10-07T15:19:20.226130+00:00
SPY,2025-10-02,669.219970703125,662.0770263671875,56896000,0.0,0.0011518565068935338,0.0011518238595513708,0.0011518565068935338,4197ffad676e444993c7f77980cbfa71baa21df88550cdda6b86f8664ed976f4,2026-10-07T15:19:20.226130+00:00
SPY,2025-10-03,669.2100219726562,662.0671997070312,70494400,0.0,-1.4866158967619114e-05,-1.48421705706836e-05,-1.4866158967619114e-05,4197ffad676e444993c7f77980cbfa71baa21df88550cdda6b86f8664ed976f4,2026-10-07T15:19:20.226130+00:00
SPY,2025-10-06,671.6099853515625,664.4415283203125,54623300,0.0,0.003586263355458641,0.0035862350745239358,0.003586263355458641,4197ffad676e444993c7f77980cbfa71baa21df88550cdda6b86f8664ed976f4,2026-10-07T15:19:20.226130+00:00
SPY,2025-10-07,669.1199951171875,661.9781494140625,72020100,0.0,-0.003707494362329311,-0.0037074427188158454,-0.003707494362329311,4197ffad676e444993c7f77980cbfa71baa21df88550cdda6b86f8664ed976f4,2026-10-07T15:19:20.226130+00:00
SPY,2025-10-08,673.1099853515625,665.925537109375,60702200,0.0,0.005963041402874625,0.005963018112918661,0.005963041402874625,4197ffad676e444993c7f77980cbfa71baa21df88550cdda6b86f8664ed976f4,2026-10-07T15:19:20.226130+00:00
SPY,2025-10-09,671.1599731445312,663.996337890625,66501900,0.0,-0.0028970186885769467,-0.002897019428214409,-0.0028970186885769467,4197ffad676e444993c7f77980cbfa71baa21df88550cdda6b86f8664ed976f4,2026-10-07T15:19:20.226130+00:00
SPY,2025-10-10,653.02001953125,646.0499877929688,159422600,0.0,-0.027027764376787222,-0.027027784753554496,-0.027027764376787222,4197ffad676e444993c7f77980cbfa71baa21df88550cdda6b86f8664ed976f4,2026-10-07T15:19:20.226130+00:00
SPY,2025-10-13,663.0399780273438,655.9630126953125,79560500,0.0,0.015344029580113494,0.01534405245669701,0.015344029580113494,4197ffad676e444993c7f77980cbfa71baa21df88550cdda6b86f8664ed976f4,2026-10-07T15:19:20.226130+00:00
SPY,2025-10-14,662.22998046875,655.1616821289062,88779600,0.0,-0.0012216421112398734,-0.0012216093756775015,-0.0012216421112398734,4197ffad676e444993c7f77980cbfa71baa21df88550cdda6b86f8664ed976f4,2026-10-07T15:19:20.226130+00:00
SPY,2025-10-15,665.1699829101562,658.0703125,81702600,0.0,0.00443954899070742,0.004439561180749063,0.00443954899070742,4197ffad676e444993c7f77980cbfa71baa21df88550cdda6b86f8664ed976f4,2026-10-07T15:19:20.226130+00:00
SPY,2025-10-16,660.6400146484375,653.588623046875,110563300,0.0,-0.006810241559458086,-0.006810350456471936,-0.006810241559458086,4197ffad676e444993c7f77980cbfa71baa21df88550cdda6b86f8664ed976f4,2026-10-07T15:19:20.226130+00:00
SPY,2025-10-17,664.3900146484375,657.2986450195312,96500900,0.0,0.0056763137515907225,0.0056763870144511674,0.0056763137515907225,4197ffad676e444993c7f77980cbfa71baa21df88550cdda6b86f8664ed976f4,2026-10-07T15:19:20.226130+00:00
SPY,2025-10-20,671.2999877929688,664.1348876953125,60493400,0.0,0.010400477117627371,0.010400512350939195,0.010400477117627371,4197ffad676e444993c7f77980cbfa71baa21df88550cdda6b86f8664ed976f4,2026-10-07T15:19:20.226130+00:00
SPY,2025-10-21,671.2899780273438,664.1249389648438,56249000,0.0,-1.4911017141350236e-05,-1.4979984718554995e-05,-1.4911017141350236e-05,4197ffad676e444993c7f77980cbfa71baa21df88550cdda6b86f8664ed976f4,2026-10-07T15:19:20.226130+00:00
SPY,2025-10-22,667.7999877929688,660.6722412109375,80564000,0.0,-0.005198930936866852,-0.005198867790280337,-0.005198930936866852,4197ffad676e444993c7f77980cbfa71baa21df88550cdda6b86f8664ed976f4,2026-10-07T15:19:20.226130+00:00
SPY,2025-10-23,671.760009765625,664.5899658203125,65604500,0.0,0.005929952148911788,0.005929906487662118,0.005929952148911788,4197ffad676e444993c7f77980cbfa71baa21df88550cdda6b86f8664ed976f4,2026-10-07T15:19:20.226130+00:00
SPY,2025-10-24,677.25,670.0213623046875,74356500,0.0,0.008172546972973871,0.008172552647061071,0.008172546972973871,4197ffad676e444993c7f77980cbfa71baa21df88550cdda6b86f8664ed976f4,2026-10-07T15:19:20.226130+00:00
SPY,2025-10-27,685.239990234375,677.9260864257812,63339800,0.0,0.011797696913067535,0.01179771954420028,0.011797696913067535,4197ffad676e444993c7f77980cbfa71baa21df88550cdda6b86f8664ed976f4,2026-10-07T15:19:20.226130+00:00
SPY,2025-10-28,687.0599975585938,679.7266235351562,61738100,0.0,0.002656014462314449,0.0026559489971360595,0.002656014462314449,4197ffad676e444993c7f77980cbfa71baa21df88550cdda6b86f8664ed976f4,2026-10-07T15:19:20.226130+00:00
SPY,2025-10-29,687.3900146484375,680.0531616210938,85657100,0.0,0.00048033227231458753,0.0004803961984587435,0.00048033227231458753,4197ffad676e444993c7f77980cbfa71baa21df88550cdda6b86f8664ed976f4,2026-10-07T15:19:20.226130+00:00
SPY,2025-10-30,679.8300170898438,672.5738525390625,76335800,0.0,-0.010998119550020391,-0.010998124123417385,-0.010998119550020391,4197ffad676e444993c7f77980cbfa71baa21df88550cdda6b86f8664ed976f4,2026-10-07T15:19:20.226130+00:00
SPY,2025-10-31,682.0599975585938,674.7799682617188,87164100,0.0,0.0032802030105936186,0.0032801092613514715,0.0032802030105936186,4197ffad676e444993c7f77980cbfa71baa21df88550cdda6b86f8664ed976f4,2026-10-07T15:19:20.226130+00:00
SPY,2025-11-03,683.3400268554688,676.04638671875,57315000,0.0,0.0018767107020742912,0.0018767872737739388,0.0018767107020742912,4197ffad676e444993c7f77980cbfa71baa21df88550cdda6b86f8664ed976f4,2026-10-07T15:19:20.226130+00:00
SPY,2025-11-04,675.239990234375,668.0328369140625,78427000,0.0,-0.011853596017736279,-0.011853550232820531,-0.011853596017736279,4197ffad676e444993c7f77980cbfa71baa21df88550cdda6b86f8664ed976f4,2026-10-07T15:19:20.226130+00:00
SPY,2025-11-05,677.5800170898438,670.3478393554688,74402400,0.0,0.0034654743340312155,0.0034654021681033154,0.0034654743340312155,4197ffad676e444993c7f77980cbfa71baa21df88550cdda6b86f8664ed976f4,2026-10-07T15:19:20.226130+00:00
SPY,2025-11-06,670.3099975585938,663.1554565429688,85035300,0.0,-0.010729388925125316,-0.010729329446956037,-0.010729388925125316,4197ffad676e444993c7f77980cbfa71baa21df88550cdda6b86f8664ed976f4,2026-10-07T15:19:20.226130+00:00
SPY,2025-11-07,670.969970703125,663.808349609375,100592400,0.0,0.0009845789961884233,0.0009845249103577203,0.0009845789961884233,4197ffad676e444993c7f77980cbfa71baa21df88550cdda6b86f8664ed976f4,2026-10-07T15:19:20.226130+00:00
SPY,2025-11-10,681.4400024414062,674.1666259765625,75842900,0.0,0.01560432239211762,0.015604317681877422,0.01560432239211762,4197ffad676e444993c7f77980cbfa71baa21df88550cdda6b86f8664ed976f4,2026-10-07T15:19:20.226130+00:00
SPY,2025-11-11,683.0,675.7099609375,58953400,0.0,0.0022892661907207845,0.0022892485351109215,0.0022892661907207845,4197ffad676e444993c7f77980cbfa71baa21df88550cdda6b86f8664ed976f4,2026-10-07T15:19:20.226130+00:00
SPY,2025-11-12,683.3800048828125,676.0859985351562,62312500,0.0,0.0005563761095350728,0.000556507406128004,0.0005563761095350728,4197ffad676e444993c7f77980cbfa71baa21df88550cdda6b86f8664ed976f4,2026-10-07T15:19:20.226130+00:00
SPY,2025-11-13,672.0399780273438,664.8670043945312,103457800,0.0,-0.016594027882646856,-0.016594034139048364,-0.016594027882646856,4197ffad676e444993c7f77980cbfa71baa21df88550cdda6b86f8664ed976f4,2026-10-07T15:19:20.226130+00:00
SPY,2025-11-14,671.9299926757812,664.7581176757812,96846700,0.0,-0.00016365894166792128,-0.000163772180045485,-0.00016365894166792128,4197ffad676e444993c7f77980cbfa71baa21df88550cdda6b86f8664ed976f4,2026-10-07T15:19:20.226130+00:00
SPY,2025-11-17,665.6699829101562,658.56494140625,90456100,0.0,-0.009316461288915168,-0.00931643571527141,-0.009316461288915168,4197ffad676e444993c7f77980cbfa71baa21df88550cdda6b86f8664ed976f4,2026-10-07T15:19:20.226130+00:00
SPY,2025-11-18,660.0800170898438,653.0346069335938,114467500,0.0,-0.008397503213040225,-0.008397553718616058,-0.008397503213040225,4197ffad676e444993c7f77980cbfa71baa21df88550cdda6b86f8664ed976f4,2026-10-07T15:19:20.226130+00:00
SPY,2025-11-19,662.6300048828125,655.5574340820312,94703000,0.0,0.003863149507556951,0.0038632365293529425,0.003863149507556951,4197ffad676e444993c7f77980cbfa71baa21df88550cdda6b86f8664ed976f4,2026-10-07T15:19:20.226130+00:00
SPY,2025-11-20,652.530029296875,645.5652465820312,165293500,0.0,-0.015242255122032589,-0.015242276237766972,-0.015242255122032589,4197ffad676e444993c7f77980cbfa71baa21df88550cdda6b86f8664ed976f4,2026-10-07T15:19:20.226130+00:00
SPY,2025-11-21,659.030029296875,651.9959106445312,123956200,0.0,0.009961227389035265,0.00996129221104658,0.009961227389035265,4197ffad676e444993c7f77980cbfa71baa21df88550cdda6b86f8664ed976f4,2026-10-07T15:19:20.226130+00:00
SPY,2025-11-24,668.72998046875,661.5922241210938,80437900,0.0,0.014718526835907575,0.0147183645171578,0.014718526835907575,4197ffad676e444993c7f77980cbfa71baa21df88550cdda6b86f8664ed976f4,2026-10-07T15:19:20.226130+00:00
SPY,2025-11-25,675.02001953125,667.815185546875,81077100,0.0,0.009405947461920139,0.009406037735779416,0.009405947461920139,4197ffad676e444993c7f77980cbfa71baa21df88550cdda6b86f8664ed976f4,2026-10-07T15:19:20.226130+00:00
SPY,2025-11-26,679.6799926757812,672.4254760742188,71879600,0.0,0.006903459171132775,0.006903542517632921,0.006903459171132775,4197ffad676e444993c7f77980cbfa71baa21df88550cdda6b86f8664ed976f4,2026-10-07T15:19:20.226130+00:00
SPY,2025-11-28,683.3900146484375,676.0958251953125,49212000,0.0,0.0054584834225450685,0.005458373086222323,0.0054584834225450685,4197ffad676e444993c7f77980cbfa71baa21df88550cdda6b86f8664ed976f4,2026-10-07T15:19:20.226130+00:00
SPY,2025-12-01,680.27001953125,673.0090942382812,61201200,0.0,-0.004565467815318525,-0.004565522877085559,-0.004565467815318525,4197ffad676e444993c7f77980cbfa71baa21df88550cdda6b86f8664ed976f4,2026-10-07T15:19:20.226130+00:00
SPY,2025-12-02,681.530029296875,674.2557373046875,62953800,0.0,0.0018522200441719594,0.0018523420813758573,0.0018522200441719594,4197ffad676e444993c7f77980cbfa71baa21df88550cdda6b86f8664ed976f4,2026-10-07T15:19:20.226130+00:00
SPY,2025-12-03,683.8900146484375,676.5905151367188,57238500,0.0,0.00346277529986061,0.003462748187155862,0.00346277529986061,4197ffad676e444993c7f77980cbfa71baa21df88550cdda6b86f8664ed976f4,2026-10-07T15:19:20.226130+00:00
SPY,2025-12-04,684.3900146484375,677.0851440429688,61970300,0.0,0.0007311117128343536,0.0007310609522068745,0.0007311117128343536,4197ffad676e444993c7f77980cbfa71baa21df88550cdda6b86f8664ed976f4,2026-10-07T15:19:20.226130+00:00
SPY,2025-12-05,685.6900024414062,678.3712768554688,79241000,0.0,0.0018994838690575833,0.001899514150938808,0.0018994838690575833,4197ffad676e444993c7f77980cbfa71baa21df88550cdda6b86f8664ed976f4,2026-10-07T15:19:20.226130+00:00
SPY,2025-12-08,683.6300048828125,676.3333129882812,55231500,0.0,-0.0030042694967975514,-0.0030042012931831286,-0.0030042694967975514,4197ffad676e444993c7f77980cbfa71baa21df88550cdda6b86f8664ed976f4,2026-10-07T15:19:20.226130+00:00
SPY,2025-12-09,683.0399780273438,675.74951171875,58310100,0.0,-0.0008630792259767261,-0.0008631857374462593,-0.0008630792259767261,4197ffad676e444993c7f77980cbfa71baa21df88550cdda6b86f8664ed976f4,2026-10-07T15:19:20.226130+00:00
SPY,2025-12-10,687.5700073242188,680.2312622070312,85671300,0.0,0.006632158354709983,0.00663226596624833,0.006632158354709983,4197ffad676e444993c7f77980cbfa71baa21df88550cdda6b86f8664ed976f4,2026-10-07T15:19:20.226130+00:00
SPY,2025-12-11,689.1699829101562,681.8141479492188,86173700,0.0,0.0023270002601829542,0.0023269817636015766,0.0023270002601829542,4197ffad676e444993c7f77980cbfa71baa21df88550cdda6b86f8664ed976f4,2026-10-07T15:19:20.226130+00:00
SPY,2025-12-12,681.760009765625,674.4832763671875,113160300,0.0,-0.010752025375860397,-0.010752008599530072,-0.010752025375860397,4197ffad676e444993c7f77980cbfa71baa21df88550cdda6b86f8664ed976f4,2026-10-07T15:19:20.226130+00:00
SPY,2025-12-15,680.72998046875,673.4641723632812,90811000,0.0,-0.0015108385386657375,-0.001510940359255808,-0.0015108385386657375,4197ffad676e444993c7f77980cbfa71baa21df88550cdda6b86f8664ed976f4,2026-10-07T15:19:20.226130+00:00
SPY,2025-12-16,678.8699951171875,671.6240844726562,122030600,0.0,-0.0027323394075896568,-0.0027322728752857683,-0.0027323394075896568,4197ffad676e444993c7f77980cbfa71baa21df88550cdda6b86f8664ed976f4,2026-10-07T15:19:20.226130+00:00
SPY,2025-12-17,671.4000244140625,664.2338256835938,110625200,0.0,-0.011003536401451242,-0.01100356428531768,-0.011003536401451242,4197ffad676e444993c7f77980cbfa71baa21df88550cdda6b86f8664ed976f4,2026-10-07T15:19:20.226130+00:00
SPY,2025-12-18,676.469970703125,669.2496337890625,108650100,0.0,0.007551304892321253,0.007551268712199022,0.007551304892321253,4197ffad676e444993c7f77980cbfa71baa21df88550cdda6b86f8664ed976f4,2026-10-07T15:19:20.226130+00:00
SPY,2025-12-19,680.5900268554688,675.3153686523438,103599500,1.993,0.0060905233502994705,0.009063486264369258,0.009036699952829963,4197ffad676e444993c7f77980cbfa71baa21df88550cdda6b86f8664ed976f4,2026-10-07T15:19:20.226130+00:00
SPY,2025-12-22,684.8300170898438,679.5225219726562,69556700,0.0,0.006229874178387496,0.006229909040435855,0.006229874178387496,4197ffad676e444993c7f77980cbfa71baa21df88550cdda6b86f8664ed976f4,2026-10-07T15:19:20.226130+00:00
SPY,2025-12-23,687.9600219726562,682.628173828125,64840000,0.0,0.0045704843606495515,0.004570344256512593,0.0045704843606495515,4197ffad676e444993c7f77980cbfa71baa21df88550cdda6b86f8664ed976f4,2026-10-07T15:19:20.226130+00:00
SPY,2025-12-24,690.3800048828125,685.0294799804688,39445600,0.0,0.003517621421107009,0.003517736660175297,0.003517621421107009,4197ffad676e444993c7f77980cbfa71baa21df88550cdda6b86f8664ed976f4,2026-10-07T15:19:20.226130+00:00
SPY,2025-12-26,690.3099975585938,684.9600219726562,41613300,0.0,-0.0001014040437492536,-0.00010139418790333643,-0.0001014040437492536,4197ffad676e444993c7f77980cbfa71baa21df88550cdda6b86f8664ed976f4,2026-10-07T15:19:20.226130+00:00
SPY,2025-12-29,687.8499755859375,682.51904296875,62559500,0.0,-0.003563648189011559,-0.0035636809822511273,-0.003563648189011559,4197ffad676e444993c7f77980cbfa71baa21df88550cdda6b86f8664ed976f4,2026-10-07T15:19:20.226130+00:00
SPY,2025-12-30,687.010009765625,681.6856079101562,47160700,0.0,-0.0012211468345215692,-0.001221116197679395,-0.0012211468345215692,4197ffad676e444993c7f77980cbfa71baa21df88550cdda6b86f8664ed976f4,2026-10-07T15:19:20.226130+00:00
SPY,2025-12-31,681.9199829101562,676.635009765625,74144800,0.0,-0.007408955885817803,-0.007408984561101173,-0.007408955885817803,4197ffad676e444993c7f77980cbfa71baa21df88550cdda6b86f8664ed976f4,2026-10-07T15:19:20.226130+00:00
SPY,2026-01-02,683.1699829101562,677.8753051757812,89377200,0.0,0.0018330596423725698,0.0018330346379591411,0.0018330596423725698,4197ffad676e444993c7f77980cbfa71baa21df88550cdda6b86f8664ed976f4,2026-10-07T15:19:20.226130+00:00
SPY,2026-01-05,687.719970703125,682.3900146484375,71927200,0.0,0.006660110816910869,0.006660088423615873,0.006660110816910869,4197ffad676e444993c7f77980cbfa71baa21df88550cdda6b86f8664ed976f4,2026-10-07T15:19:20.226130+00:00
SPY,2026-01-06,691.8099975585938,686.4483642578125,69273800,0.0,0.005947227112347964,0.005947258198767402,0.005947227112347964,4197ffad676e444993c7f77980cbfa71baa21df88550cdda6b86f8664ed976f4,2026-10-07T15:19:20.226130+00:00
SPY,2026-01-07,689.5800170898438,684.2356567382812,75588300,0.0,-0.0032234001772446508,-0.0032234143669693793,-0.0032234001772446508,4197ffad676e444993c7f77980cbfa71baa21df88550cdda6b86f8664ed976f4,2026-10-07T15:19:20.226130+00:00
SPY,2026-01-08,689.510009765625,684.1661987304688,64019200,0.0,-0.00010152168346500012,-0.00010151182144413351,-0.00010152168346500012,4197ffad676e444993c7f77980cbfa71baa21df88550cdda6b86f8664ed976f4,2026-10-07T15:19:20.226130+00:00
SPY,2026-01-09,694.0700073242188,688.6908569335938,80125500,0.0,0.006613388484590255,0.006613390447410161,0.006613388484590255,4197ffad676e444993c7f77980cbfa71baa21df88550cdda6b86f8664ed976f4,2026-10-07T15:19:20.226130+00:00
SPY,2026-01-12,695.1599731445312,689.7723999023438,63976000,0.0,0.0015703975230316747,0.0015704331745678424,0.0015703975230316747,4197ffad676e444993c7f77980cbfa71baa21df88550cdda6b86f8664ed976f4,2026-10-07T15:19:20.226130+00:00
SPY,2026-01-13,693.77001953125,688.3931884765625,78309700,0.0,-0.001999473023445053,-0.001999516689819014,-0.001999473023445053,4197ffad676e444993c7f77980cbfa71baa21df88550cdda6b86f8664ed976f4,2026-10-07T15:19:20.226130+00:00
SPY,2026-01-14,690.3599853515625,685.0096435546875,94676700,0.0,-0.004915222744839132,-0.00491513422636114,-0.004915222744839132,4197ffad676e444993c7f77980cbfa71baa21df88550cdda6b86f8664ed976f4,2026-10-07T15:19:20.226130+00:00
SPY,2026-01-15,692.239990234375,686.8750610351562,77862000,0.0,0.0027232240029890775,0.0027231988600753265,0.0027232240029890775,4197ffad676e444993c7f77980cbfa71baa21df88550cdda6b86f8664ed976f4,2026-10-07T15:19:20.226130+00:00
SPY,2026-01-16,691.6599731445312,686.2994995117188,79289200,0.0,-0.0008378844014015341,-0.0008379420888714462,-0.0008378844014015341,4197ffad676e444993c7f77980cbfa71baa21df88550cdda6b86f8664ed976f4,2026-10-07T15:19:20.226130+00:00
SPY,2026-01-20,677.5800170898438,672.32861328125,111623300,0.0,-0.020356759970762806,-0.020356835813531315,-0.020356759970762806,4197ffad676e444993c7f77980cbfa71baa21df88550cdda6b86f8664ed976f4,2026-10-07T15:19:20.226130+00:00
SPY,2026-01-21,685.4000244140625,680.0880737304688,127844500,0.0,0.011541083159159804,0.011541172420654888,0.011541083159159804,4197ffad676e444993c7f77980cbfa71baa21df88550cdda6b86f8664ed976f4,2026-10-07T15:19:20.226130+00:00
SPY,2026-01-22,688.97998046875,683.6403198242188,77112200,0.0,0.005223163010167564,0.005223214802554832,0.005223163010167564,4197ffad676e444993c7f77980cbfa71baa21df88550cdda6b86f8664ed976f4,2026-10-07T15:19:20.226130+00:00
SPY,2026-01-23,689.22998046875,683.8883056640625,63059600,0.0,0.00036285524556167736,0.00036274314526618667,0.00036285524556167736,4197ffad676e444993c7f77980cbfa71baa21df88550cdda6b86f8664ed976f4,2026-10-07T15:19:20.226130+00:00
SPY,2026-01-26,692.72998046875,687.3612060546875,60473800,0.0,0.00507813081145958,0.005078168996109245,0.00507813081145958,4197ffad676e444993c7f77980cbfa71baa21df88550cdda6b86f8664ed976f4,2026-10-07T15:19:20.226130+00:00
SPY,2026-01-27,695.489990234375,690.0997924804688,55506100,0.0,0.003984250492172103,0.003984202776732504,0.003984250492172103,4197ffad676e444993c7f77980cbfa71baa21df88550cdda6b86f8664ed976f4,2026-10-07T15:19:20.226130+00:00
SPY,2026-01-28,695.4199829101562,690.0303344726562,61172200,0.0,-0.0001006589961060067,-0.00010064922286501243,-0.0001006589961060067,4197ffad676e444993c7f77980cbfa71baa21df88550cdda6b86f8664ed976f4,2026-10-07T15:19:20.226130+00:00
SPY,2026-01-29,694.0399780273438,688.6610717773438,97486200,0.0,-0.001984419367757506,-0.0019843514508082194,-0.001984419367757506,4197ffad676e444993c7f77980cbfa71baa21df88550cdda6b86f8664ed976f4,2026-10-07T15:19:20.226130+00:00
SPY,2026-01-30,691.969970703125,686.6071166992188,101835100,0.0,-0.002982547677011782,-0.0029825340247910948,-0.002982547677011782,4197ffad676e444993c7f77980cbfa71baa21df88550cdda6b86f8664ed976f4,2026-10-07T15:19:20.226130+00:00
SPY,2026-02-02,695.4099731445312,690.0205078125,79286500,0.0,0.004971317523953855,0.004971389066997567,0.004971317523953855,4197ffad676e444993c7f77980cbfa71baa21df88550cdda6b86f8664ed976f4,2026-10-07T15:19:20.226130+00:00
SPY,2026-02-03,689.530029296875,684.18603515625,107904600,0.0,-0.008455363130712823,-0.00845550616277535,-0.008455363130712823,4197ffad676e444993c7f77980cbfa71baa21df88550cdda6b86f8664ed976f4,2026-10-07T15:19:20.226130+00:00
SPY,2026-02-04,686.1900024414062,680.8719482421875,105204600,0.0,-0.0048439179057576665,-0.00484383887388995,-0.0048439179057576665,4197ffad676e444993c7f77980cbfa71baa21df88550cdda6b86f8664ed976f4,2026-10-07T15:19:20.226130+00:00
SPY,2026-02-05,677.6199951171875,672.3683471679688,113610800,0.0,-0.0124892628772314,-0.012489280981794804,-0.0124892628772314,4197ffad676e444993c7f77980cbfa71baa21df88550cdda6b86f8664ed976f4,2026-10-07T15:19:20.226130+00:00
SPY,2026-02-06,690.6199951171875,685.267578125,89127600,0.0,0.019184793975496328,0.0191847683064843,0.019184793975496328,4197ffad676e444993c7f77980cbfa71baa21df88550cdda6b86f8664ed976f4,2026-10-07T15:19:20.226130+00:00
SPY,2026-02-09,693.9500122070312,688.5718383789062,73885200,0.0,0.004821779145387506,0.004821854060201192,0.004821779145387506,4197ffad676e444993c7f77980cbfa71baa21df88550cdda6b86f8664ed976f4,2026-10-07T15:19:20.226130+00:00
SPY,2026-02-10,692.1199951171875,686.7559204101562,65185700,0.0,-0.0026371021797716443,-0.0026372236962597384,-0.0026371021797716443,4197ffad676e444993c7f77980cbfa71baa21df88550cdda6b86f8664ed976f4,2026-10-07T15:19:20.226130+00:00
SPY,2026-02-11,691.9600219726562,686.5972290039062,76353900,0.0,-0.00023113498477123073,-0.0002310739544192364,-0.00023113498477123073,4197ffad676e444993c7f77980cbfa71baa21df88550cdda6b86f8664ed976f4,2026-10-07T15:19:20.226130+00:00
SPY,2026-02-12,681.27001953125,675.9901123046875,118829000,0.0,-0.015448872914552103,-0.015448819557001725,-0.015448872914552103,4197ffad676e444993c7f77980cbfa71baa21df88550cdda6b86f8664ed976f4,2026-10-07T15:19:20.226130+00:00
SPY,2026-02-13,681.75,676.46630859375,96267500,0.0,0.0007045377823615695,0.0007044426839897255,0.0007045377823615695,4197ffad676e444993c7f77980cbfa71baa21df88550cdda6b86f8664ed976f4,2026-10-07T15:19:20.226130+00:00
SPY,2026-02-17,682.8499755859375,677.5578002929688,81354700,0.0,0.0016134588719287635,0.00161351967622414,0.0016134588719287635,4197ffad676e444993c7f77980cbfa71baa21df88550cdda6b86f8664ed976f4,2026-10-07T15:19:20.226130+00:00
SPY,2026-02-18,686.2899780273438,680.9711303710938,73570300,0.0,0.005037713354905549,0.005037695790158558,0.005037713354905549,4197ffad676e444993c7f77980cbfa71baa21df88550cdda6b86f8664ed976f4,2026-10-07T15:19:20.226130+00:00
SPY,2026-02-19,684.47998046875,679.1751098632812,58649400,0.0,-0.002637365569283623,-0.002637440014283343,-0.002637365569283623,4197ffad676e444993c7f77980cbfa71baa21df88550cdda6b86f8664ed976f4,2026-10-07T15:19:20.226130+00:00
SPY,2026-02-20,689.4299926757812,684.0868530273438,100034000,0.0,0.007231785221302411,0.0072319245695726675,0.007231785221302411,4197ffad676e444993c7f77980cbfa71baa21df88550cdda6b86f8664ed976f4,2026-10-07T15:19:20.226130+00:00
SPY,2026-02-23,682.3900146484375,677.1013793945312,90558100,0.0,-0.010211302238274489,-0.01021138412746736,-0.010211302238274489,4197ffad676e444993c7f77980cbfa71baa21df88550cdda6b86f8664ed976f4,2026-10-07T15:19:20.226130+00:00
SPY,2026-02-24,687.3499755859375,682.0228881835938,73798700,0.0,0.007268513358970052,0.007268496179203332,0.007268513358970052,4197ffad676e444993c7f77980cbfa71baa21df88550cdda6b86f8664ed976f4,2026-10-07T15:19:20.226130+00:00
SPY,2026-02-25,693.1500244140625,687.7780151367188,56369500,0.0,0.008438276037153747,0.00843831937730477,0.008438276037153747,4197ffad676e444993c7f77980cbfa71baa21df88550cdda6b86f8664ed976f4,2026-10-07T15:19:20.226130+00:00
SPY,2026-02-26,689.2999877929688,683.957763671875,71671000,0.0,-0.005554405951797015,-0.005554483250070685,-0.005554405951797015,4197ffad676e444993c7f77980cbfa71baa21df88550cdda6b86f8664ed976f4,2026-10-07T15:19:20.226130+00:00
SPY,2026-02-27,685.989990234375,680.6734619140625,83308900,0.0,-0.004801969559279806,-0.004801907270092998,-0.004801969559279806,4197ffad676e444993c7f77980cbfa71baa21df88550cdda6b86f8664ed976f4,2026-10-07T15:19:20.226130+00:00
SPY,2026-03-02,686.3800048828125,681.0604858398438,87477200,0.0,0.0005685427688300049,0.0005685897092166936,0.0005685427688300049,4197ffad676e444993c7f77980cbfa71baa21df88550cdda6b86f8664ed976f4,2026-10-07T15:19:20.226130+00:00
SPY,2026-03-03,680.3300170898438,675.057373046875,105003100,0.0,-0.008814341545397508,-0.008814360718000014,-0.008814341545397508,4197ffad676e444993c7f77980cbfa71baa21df88550cdda6b86f8664ed976f4,2026-10-07T15:19:20.226130+00:00
SPY,2026-03-04,685.1300048828125,679.8201293945312,79182200,0.0,0.007055381465455479,0.007055335646745986,0.007055381465455479,4197ffad676e444993c7f77980cbfa71baa21df88550cdda6b86f8664ed976f4,2026-10-07T15:19:20.226130+00:00
SPY,2026-03-05,681.3099975585938,676.02978515625,106606500,0.0,-0.0055755948462250515,-0.005575510454003507,-0.0055755948462250515,4197ffad676e444993c7f77980cbfa71baa21df88550cdda6b86f8664ed976f4,2026-10-07T15:19:20.226130+00:00
SPY,2026-03-06,672.3800048828125,667.1689453125,100687000,0.0,-0.013107091790493297,-0.01310717373451531,-0.013107091790493297,4197ffad676e444993c7f77980cbfa71baa21df88550cdda6b86f8664ed976f4,2026-10-07T15:19:20.226130+00:00
SPY,2026-03-09,678.27001953125,673.0133666992188,102667700,0.0,0.008759949144329537,0.00876003211447629,0.008759949144329537,4197ffad676e444993c7f77980cbfa71baa21df88550cdda6b86f8664ed976f4,2026-10-07T15:19:20.226130+00:00
SPY,2026-03-10,677.1799926757812,671.9317626953125,81505300,0.0,-0.001607069196751576,-0.0016071062736999764,-0.001607069196751576,4197ffad676e444993c7f77980cbfa71baa21df88550cdda6b86f8664ed976f4,2026-10-07T15:19:20.226130+00:00
SPY,2026-03-11,676.3300170898438,671.08837890625,68441700,0.0,-0.0012551693717042234,-0.0012551628541557225,-0.0012551693717042234,4197ffad676e444993c7f77980cbfa71baa21df88550cdda6b86f8664ed976f4,2026-10-07T15:19:20.226130+00:00
SPY,2026-03-12,666.0599975585938,660.89794921875,108882200,0.0,-0.0151849234423167,-0.015184929448649576,-0.0151849234423167,4197ffad676e444993c7f77980cbfa71baa21df88550cdda6b86f8664ed976f4,2026-10-07T15:19:20.226130+00:00
SPY,2026-03-13,662.2899780273438,657.1571655273438,97200200,0.0,-0.005660180081477395,-0.005660153274538393,-0.005660180081477395,4197ffad676e444993c7f77980cbfa71baa21df88550cdda6b86f8664ed976f4,2026-10-07T15:19:20.226130+00:00
SPY,2026-03-16,669.030029296875,663.844970703125,82023100,0.0,0.010176888512803295,0.010176873245252516,0.010176888512803295,4197ffad676e444993c7f77980cbfa71baa21df88550cdda6b86f8664ed976f4,2026-10-07T15:19:20.226130+00:00
SPY,2026-03-17,670.7899780273438,665.5912475585938,87128000,0.0,0.0026305975119209624,0.0026305491982852036,0.0026305975119209624,4197ffad676e444993c7f77980cbfa71baa21df88550cdda6b86f8664ed976f4,2026-10-07T15:19:20.226130+00:00
SPY,2026-03-18,661.4299926757812,656.3037719726562,82062600,0.0,-0.013953675007322364,-0.01395372252866034,-0.013953675007322364,4197ffad676e444993c7f77980cbfa71baa21df88550cdda6b86f8664ed976f4,2026-10-07T15:19:20.226130+00:00
SPY,2026-03-19,659.7999877929688,654.6864624023438,111272500,0.0,-0.002464364937880159,-0.0024642698082495418,-0.002464364937880159,4197ffad676e444993c7f77980cbfa71baa21df88550cdda6b86f8664ed976f4,2026-10-07T15:19:20.226130+00:00
SPY,2026-03-20,648.5700073242188,645.301025390625,163617500,1.797,-0.017020279897722146,-0.014335773764557858,-0.014296727255638908,4197ffad676e444993c7f77980cbfa71baa21df88550cdda6b86f8664ed976f4,2026-10-07T15:19:20.226130+00:00
SPY,2026-03-23,655.3800048828125,652.07666015625,134802700,0.0,0.01050001924493782,0.010499959707213291,0.01050001924493782,4197ffad676e444993c7f77980cbfa71baa21df88550cdda6b86f8664ed976f4,2026-10-07T15:19:20.226130+00:00
SPY,2026-03-24,653.1799926757812,649.8877563476562,96457500,0.0,-0.0033568497522664664,-0.0033568197458091475,-0.0033568497522664664,4197ffad676e444993c7f77980cbfa71baa21df88550cdda6b86f8664ed976f4,2026-10-07T15:19:20.226130+00:00
SPY,2026-03-25,656.8200073242188,653.5093994140625,90653800,0.0,0.0055727589473859585,0.005572720875308912,0.0055727589473859585,4197ffad676e444993c7f77980cbfa71baa21df88550cdda6b86f8664ed976f4,2026-10-07T15:19:20.226130+00:00
SPY,2026-03-26,645.0900268554688,641.8385620117188,96494400,0.0,-0.017858744158138706,-0.01785871391108962,-0.017858744158138706,4197ffad676e444993c7f77980cbfa71baa21df88550cdda6b86f8664ed976f4,2026-10-07T15:19:20.226130+00:00
SPY,2026-03-27,634.0900268554688,630.8939819335938,103649400,0.0,-0.017051883523327982,-0.017051920414101196,-0.017051883523327982,4197ffad676e444993c7f77980cbfa71baa21df88550cdda6b86f8664ed976f4,2026-10-07T15:19:20.226130+00:00
SPY,2026-03-30,631.969970703125,628.78466796875,99275900,0.0,-0.0033434623831846144,-0.003343373094761515,-0.0033434623831846144,4197ffad676e444993c7f77980cbfa71baa21df88550cdda6b86f8664ed976f4,2026-10-07T15:19:20.226130+00:00
SPY,2026-03-31,650.3400268554688,647.0620727539062,152534100,0.0,0.02906792569891481,0.029067828330166412,0.02906792569891481,4197ffad676e444993c7f77980cbfa71baa21df88550cdda6b86f8664ed976f4,2026-10-07T15:19:20.226130+00:00
SPY,2026-04-01,655.239990234375,651.9373779296875,97841500,0.0,0.007534463782890022,0.007534524709556623,0.007534463782890022,4197ffad676e444993c7f77980cbfa71baa21df88550cdda6b86f8664ed976f4,2026-10-07T15:19:20.226130+00:00
SPY,2026-04-02,655.8300170898438,652.5244140625,68358700,0.0,0.0009004744280911581,0.0009004486514896382,0.0009004744280911581,4197ffad676e444993c7f77980cbfa71baa21df88550cdda6b86f8664ed976f4,2026-10-07T15:19:20.226130+00:00
SPY,2026-04-06,658.9299926757812,655.6088256835938,39105800,0.0,0.004726797348638012,0.004726890756302504,0.004726797348638012,4197ffad676e444993c7f77980cbfa71baa21df88550cdda6b86f8664ed976f4,2026-10-07T15:19:20.226130+00:00
SPY,2026-04-07,659.219970703125,655.8972778320312,69980400,0.0,0.0004400741058487867,0.00043997599961653755,0.0004400741058487867,4197ffad676e444993c7f77980cbfa71baa21df88550cdda6b86f8664ed976f4,2026-10-07T15:19:20.226130+00:00
SPY,2026-04-08,676.010009765625,672.6027221679688,93606100,0.0,0.025469554638327674,0.0254696046172882,0.025469554638327674,4197ffad676e444993c7f77980cbfa71baa21df88550cdda6b86f8664ed976f4,2026-10-07T15:19:20.226130+00:00
SPY,2026-04-09,679.9099731445312,676.4829711914062,57134400,0.0,0.00576909117108837,0.005769005826991691,0.00576909117108837,4197ffad676e444993c7f77980cbfa71baa21df88550cdda6b86f8664ed976f4,2026-10-07T15:19:20.226130+00:00
SPY,2026-04-10,679.4600219726562,676.0353393554688,42253500,0.0,-0.0006617805145495703,-0.0006617045143784139,-0.0006617805145495703,4197ffad676e444993c7f77980cbfa71baa21df88550cdda6b86f8664ed976f4,2026-10-07T15:19:20.226130+00:00
SPY,2026-04-13,686.0999755859375,682.641845703125,54185800,0.0,0.009772397784351794,0.009772427509418202,0.009772397784351794,4197ffad676e444993c7f77980cbfa71baa21df88550cdda6b86f8664ed976f4,2026-10-07T15:19:20.226130+00:00
SPY,2026-04-14,694.4600219726562,690.959716796875,63480500,0.0,0.01218488075237012,0.01218482451098879,0.01218488075237012,4197ffad676e444993c7f77980cbfa71baa21df88550cdda6b86f8664ed976f4,2026-10-07T15:19:20.226130+00:00
SPY,2026-04-15,699.9400024414062,696.412109375,58240400,0.0,0.007890994867038925,0.00789104262604634,0.007890994867038925,4197ffad676e444993c7f77980cbfa71baa21df88550cdda6b86f8664ed976f4,2026-10-07T15:19:20.226130+00:00
SPY,2026-04-16,701.6599731445312,698.1234130859375,49972400,0.0,0.002457311622604319,0.0024573146961406334,0.002457311622604319,4197ffad676e444993c7f77980cbfa71baa21df88550cdda6b86f8664ed976f4,2026-10-07T15:19:20.226130+00:00
SPY,2026-04-17,710.1400146484375,706.5607299804688,70661900,0.0,0.012085685130224011,0.012085709684531931,0.012085685130224011,4197ffad676e444993c7f77980cbfa71baa21df88550cdda6b86f8664ed976f4,2026-10-07T15:19:20.226130+00:00
SPY,2026-04-20,708.719970703125,705.1477661132812,43546800,0.0,-0.001999667552905704,-0.0019997769579219726,-0.001999667552905704,4197ffad676e444993c7f77980cbfa71baa21df88550cdda6b86f8664ed976f4,2026-10-07T15:19:20.226130+00:00
SPY,2026-04-21,704.0800170898438,700.53125,58941400,0.0,-0.006546949154936255,-0.006546877598048839,-0.006546949154936255,4197ffad676e444993c7f77980cbfa71baa21df88550cdda6b86f8664ed976f4,2026-10-07T15:19:20.226130+00:00
SPY,2026-04-22,711.2100219726562,707.6253051757812,42518500,0.0,0.010126696838070659,0.010126679110719516,0.010126696838070659,4197ffad676e444993c7f77980cbfa71baa21df88550cdda6b86f8664ed976f4,2026-10-07T15:19:20.226130+00:00
SPY,2026-04-23,708.4500122070312,704.8792114257812,56174000,0.0,-0.0038807239498251933,-0.0038807172806204493,-0.0038807239498251933,4197ffad676e444993c7f77980cbfa71baa21df88550cdda6b86f8664ed976f4,2026-10-07T15:19:20.226130+00:00
SPY,2026-04-24,713.9400024414062,710.341552734375,45182000,0.0,0.007749297960024215,0.007749329558953688,0.007749297960024215,4197ffad676e444993c7f77980cbfa71baa21df88550cdda6b86f8664ed976f4,2026-10-07T15:19:20.226130+00:00
SPY,2026-04-27,715.1699829101562,711.5653076171875,33135900,0.0,0.0017228064887020444,0.0017227696705925943,0.0017228064887020444,4197ffad676e444993c7f77980cbfa71baa21df88550cdda6b86f8664ed976f4,2026-10-07T15:19:20.226130+00:00
SPY,2026-04-28,711.6900024414062,708.1028442382812,43117400,0.0,-0.004865948728146163,-0.0048659811570929135,-0.004865948728146163,4197ffad676e444993c7f77980cbfa71baa21df88550cdda6b86f8664ed976f4,2026-10-07T15:19:20.226130+00:00
SPY,2026-04-29,711.5800170898438,707.993408203125,41859200,0.0,-0.00015454109399481997,-0.00015454822141547364,-0.00015454109399481997,4197ffad676e444993c7f77980cbfa71baa21df88550cdda6b86f8664ed976f4,2026-10-07T15:19:20.226130+00:00
SPY,2026-04-30,718.6599731445312,715.0377197265625,67240900,0.0,0.009949627427204177,0.009949685183250345,0.009949627427204177,4197ffad676e444993c7f77980cbfa71baa21df88550cdda6b86f8664ed976f4,2026-10-07T15:19:20.226130+00:00
SPY,2026-05-01,720.6500244140625,717.0177001953125,43049800,0.0,0.0027691138283709726,0.00276905737155686,0.0027691138283709726,4197ffad676e444993c7f77980cbfa71baa21df88550cdda6b86f8664ed976f4,2026-10-07T15:19:20.226130+00:00
SPY,2026-05-04,718.010009765625,714.3909912109375,51950600,0.0,-0.0036633796697419507,-0.0036633809509297732,-0.0036633796697419507,4197ffad676e444993c7f77980cbfa71baa21df88550cdda6b86f8664ed976f4,2026-10-07T15:19:20.226130+00:00
SPY,2026-05-05,723.77001953125,720.1220092773438,36933200,0.0,0.008022185884992261,0.008022242913074518,0.008022185884992261,4197ffad676e444993c7f77980cbfa71baa21df88550cdda6b86f8664ed976f4,2026-10-07T15:19:20.226130+00:00
SPY,2026-05-06,733.8300170898438,730.1312866210938,53288900,0.0,0.013899439445017592,0.013899418730159985,0.013899439445017592,4197ffad676e444993c7f77980cbfa71baa21df88550cdda6b86f8664ed976f4,2026-10-07T15:19:20.226130+00:00
SPY,2026-05-07,731.5800170898438,727.8926391601562,51724600,0.0,-0.0030661051573263043,-0.0030660889376450395,-0.0030661051573263043,4197ffad676e444993c7f77980cbfa71baa21df88550cdda6b86f8664ed976f4,2026-10-07T15:19:20.226130+00:00
SPY,2026-05-08,737.6199951171875,733.9021606445312,47227100,0.0,0.008256073001242203,0.008256054754597786,0.008256073001242203,4197ffad676e444993c7f77980cbfa71baa21df88550cdda6b86f8664ed976f4,2026-10-07T15:19:20.226130+00:00
SPY,2026-05-11,739.2999877929688,735.5736694335938,44024000,0.0,0.002277585595431564,0.0022775635209937306,0.002277585595431564,4197ffad676e444993c7f77980cbfa71baa21df88550cdda6b86f8664ed976f4,2026-10-07T15:19:20.226130+00:00
SPY,2026-05-12,738.1799926757812,734.4593505859375,54185300,0.0,-0.0015149399914519135,-0.0015148976832113359,-0.0015149399914519135,4197ffad676e444993c7f77980cbfa71baa21df88550cdda6b86f8664ed976f4,2026-10-07T15:19:20.226130+00:00
SPY,2026-05-13,742.3099975585938,738.5685424804688,44200200,0.0,0.005594848036780231,0.005594852718878274,0.005594848036780231,4197ffad676e444993c7f77980cbfa71baa21df88550cdda6b86f8664ed976f4,2026-10-07T15:19:20.226130+00:00
SPY,2026-05-14,748.1699829101562,744.3989868164062,45307600,0.0,0.007894256268722755,0.007894249484761584,0.007894256268722755,4197ffad676e444993c7f77980cbfa71baa21df88550cdda6b86f8664ed976f4,2026-10-07T15:19:20.226130+00:00
SPY,2026-05-15,739.1699829101562,735.4443969726562,60410800,0.0,-0.012029351892724582,-0.012029288059682064,-0.012029351892724582,4197ffad676e444993c7f77980cbfa71baa21df88550cdda6b86f8664ed976f4,2026-10-07T15:19:20.226130+00:00
SPY,2026-05-18,738.6500244140625,734.927001953125,47843900,0.0,-0.0007034356211904624,-0.0007035134425675826,-0.0007034356211904624,4197ffad676e444993c7f77980cbfa71baa21df88550cdda6b86f8664ed976f4,2026-10-07T15:19:20.226130+00:00
SPY,2026-05-19,733.72998046875,730.0317993164062,54255900,0.0,-0.006660859382243145,-0.006660801173054454,-0.006660859382243145,4197ffad676e444993c7f77980cbfa71baa21df88550cdda6b86f8664ed976f4,2026-10-07T15:19:20.226130+00:00
SPY,2026-05-20,741.25,737.5138549804688,45768000,0.0,0.010249028568310337,0.0102489448693448,0.010249028568310337,4197ffad676e444993c7f77980cbfa71baa21df88550cdda6b86f8664ed976f4,2026-10-07T15:19:20.226130+00:00
SPY,2026-05-21,742.719970703125,738.9764404296875,43332200,0.0,0.0019830970699832307,0.0019831294549137457,0.0019830970699832307,4197ffad676e444993c7f77980cbfa71baa21df88550cdda6b86f8664ed976f4,2026-10-07T15:19:20.226130+00:00
SPY,2026-05-22,745.6400146484375,741.8817749023438,41762000,0.0,0.00393155436839554,0.003931565762728351,0.00393155436839554,4197ffad676e444993c7f77980cbfa71baa21df88550cdda6b86f8664ed976f4,2026-10-07T15:19:20.226130+00:00
SPY,2026-05-26,750.5900268554688,746.8068237304688,41123600,0.0,0.0066386085909901915,0.006638589859918387,0.0066386085909901915,4197ffad676e444993c7f77980cbfa71baa21df88550cdda6b86f8664ed976f4,2026-10-07T15:19:20.226130+00:00
SPY,2026-05-27,750.4600219726562,746.677490234375,42106300,0.0,-0.0001732035840619206,-0.0001731819956434233,-0.0001732035840619206,4197ffad676e444993c7f77980cbfa71baa21df88550cdda6b86f8664ed976f4,2026-10-07T15:19:20.226130+00:00
SPY,2026-05-28,754.5999755859375,750.7965698242188,41562600,0.0,0.0055165545026623075,0.005516544483684438,0.0055165545026623075,4197ffad676e444993c7f77980cbfa71baa21df88550cdda6b86f8664ed976f4,2026-10-07T15:19:20.226130+00:00
SPY,2026-05-29,756.47998046875,752.6671142578125,55075700,0.0,0.002491392716190699,0.002491413132097442,0.002491392716190699,4197ffad676e444993c7f77980cbfa71baa21df88550cdda6b86f8664ed976f4,2026-10-07T15:19:20.226130+00:00
SPY,2026-06-01,758.5399780273438,754.7167358398438,43634900,0.0,0.00272313559086812,0.002723144858072235,0.00272313559086812,4197ffad676e444993c7f77980cbfa71baa21df88550cdda6b86f8664ed976f4,2026-10-07T15:19:20.226130+00:00
SPY,2026-06-02,759.5700073242188,755.7415771484375,31581900,0.0,0.0013579103629497435,0.0013579151752256546,0.0013579103629497435,4197ffad676e444993c7f77980cbfa71baa21df88550cdda6b86f8664ed976f4,2026-10-07T15:19:20.226130+00:00
SPY,2026-06-03,754.239990234375,750.4384155273438,51402500,0.0,-0.007017150543661033,-0.00701716271996522,-0.007017150543661033,4197ffad676e444993c7f77980cbfa71baa21df88550cdda6b86f8664ed976f4,2026-10-07T15:19:20.226130+00:00
SPY,2026-06-04,757.0900268554688,753.2740478515625,49923000,0.0,0.003778686701839007,0.003778634283035931,0.003778686701839007,4197ffad676e444993c7f77980cbfa71baa21df88550cdda6b86f8664ed976f4,2026-10-07T15:19:20.226130+00:00
SPY,2026-06-05,737.5499877929688,733.83251953125,93989400,0.0,-0.0258093996346227,-0.025809369612244448,-0.0258093996346227,4197ffad676e444993c7f77980cbfa71baa21df88550cdda6b86f8664ed976f4,2026-10-07T15:19:20.226130+00:00
SPY,2026-06-08,739.219970703125,735.4940795898438,49319100,0.0,0.0022642301373410056,0.002264222440912178,0.0022642301373410056,4197ffad676e444993c7f77980cbfa71baa21df88550cdda6b86f8664ed976f4,2026-10-07T15:19:20.226130+00:00
SPY,2026-06-09,737.0499877929688,733.3350219726562,87683500,0.0,-0.002935503633772485,-0.002935520049857532,-0.002935503633772485,4197ffad676e444993c7f77980cbfa71baa21df88550cdda6b86f8664ed976f4,2026-10-07T15:19:20.226130+00:00
SPY,2026-06-10,725.4299926757812,721.7736206054688,60341300,0.0,-0.015765545498457323,-0.0157655110158077,-0.015765545498457323,4197ffad676e444993c7f77980cbfa71baa21df88550cdda6b86f8664ed976f4,2026-10-07T15:19:20.226130+00:00
SPY,2026-06-11,737.760009765625,734.04150390625,86330500,0.0,0.016996839411566045,0.016996857394830034,0.016996839411566045,4197ffad676e444993c7f77980cbfa71baa21df88550cdda6b86f8664ed976f4,2026-10-07T15:19:20.226130+00:00
SPY,2026-06-12,741.75,738.0113525390625,57079500,0.0,0.005408249541260179,0.005408207317551872,0.005408249541260179,4197ffad676e444993c7f77980cbfa71baa21df88550cdda6b86f8664ed976f4,2026-10-07T15:19:20.226130+00:00
SPY,2026-06-15,754.8300170898438,751.0254516601562,60176400,0.0,0.017633996750716197,0.017634009390668393,0.017633996750716197,4197ffad676e444993c7f77980cbfa71baa21df88550cdda6b86f8664ed976f4,2026-10-07T15:19:20.226130+00:00
SPY,2026-06-16,750.3300170898438,746.5481567382812,67093100,0.0,-0.005961607114339795,-0.005961575485861181,-0.005961607114339795,4197ffad676e444993c7f77980cbfa71baa21df88550cdda6b86f8664ed976f4,2026-10-07T15:19:20.226130+00:00
SPY,2026-06-17,740.9600219726562,737.225341796875,85945200,0.0,-0.012487831892330603,-0.01248789492983049,-0.012487831892330603,4197ffad676e444993c7f77980cbfa71baa21df88550cdda6b86f8664ed976f4,2026-10-07T15:19:20.226130+00:00
SPY,2026-06-18,746.739990234375,744.8902587890625,80875700,1.904,0.007800647930141791,0.010396979807429707,0.010370287240682341,4197ffad676e444993c7f77980cbfa71baa21df88550cdda6b86f8664ed976f4,2026-10-07T15:19:20.226130+00:00
SPY,2026-06-22,744.3900146484375,742.546142578125,46628100,0.0,-0.003146979693962715,-0.0031469282666526377,-0.003146979693962715,4197ffad676e444993c7f77980cbfa71baa21df88550cdda6b86f8664ed976f4,2026-10-07T15:19:20.226130+00:00
SPY,2026-06-23,733.5800170898438,731.7628784179688,66846800,0.0,-0.014521954010491611,-0.014522012225013592,-0.014521954010491611,4197ffad676e444993c7f77980cbfa71baa21df88550cdda6b86f8664ed976f4,2026-10-07T15:19:20.226130+00:00
SPY,2026-06-24,733.239990234375,731.4237060546875,57439500,0.0,-0.0004635170636431152,-0.0004635003677893046,-0.0004635170636431152,4197ffad676e444993c7f77980cbfa71baa21df88550cdda6b86f8664ed976f4,2026-10-07T15:19:20.226130+00:00
SPY,2026-06-25,734.2999877929688,732.4810791015625,53934400,0.0,0.0014456352254532678,0.0014456368287247834,0.0014456352254532678,4197ffad676e444993c7f77980cbfa71baa21df88550cdda6b86f8664ed976f4,2026-10-07T15:19:20.226130+00:00
SPY,2026-06-26,728.989990234375,727.1842651367188,71034000,0.0,-0.007231373616869652,-0.007231332133985857,-0.007231373616869652,4197ffad676e444993c7f77980cbfa71baa21df88550cdda6b86f8664ed976f4,2026-10-07T15:19:20.226130+00:00
SPY,2026-06-29,741.0,739.1644897460938,58035200,0.0,0.016474862380159383,0.01647481275894025,0.016474862380159383,4197ffad676e444993c7f77980cbfa71baa21df88550cdda6b86f8664ed976f4,2026-10-07T15:19:20.226130+00:00
SPY,2026-06-30,746.77001953125,744.9202270507812,55626000,0.0,0.007786800986842035,0.007786815227913024,0.007786800986842035,4197ffad676e444993c7f77980cbfa71baa21df88550cdda6b86f8664ed976f4,2026-10-07T15:19:20.226130+00:00
SPY,2026-07-01,745.760009765625,743.9127197265625,47100900,0.0,-0.001352504438058455,-0.0013525036475483532,-0.001352504438058455,4197ffad676e444993c7f77980cbfa71baa21df88550cdda6b86f8664ed976f4,2026-10-07T15:19:20.226130+00:00
SPY,2026-07-02,744.780029296875,742.9351806640625,57447800,0.0,-0.001314069480687241,-0.0013140507435593918,-0.001314069480687241,4197ffad676e444993c7f77980cbfa71baa21df88550cdda6b86f8664ed976f4,2026-10-07T15:19:20.226130+00:00
SPY,2026-07-06,751.280029296875,749.4190673828125,50673300,0.0,0.008727409093039817,0.008727392224116226,0.008727409093039817,4197ffad676e444993c7f77980cbfa71baa21df88550cdda6b86f8664ed976f4,2026-10-07T15:19:20.226130+00:00
SPY,2026-07-07,747.7100219726562,745.85791015625,43721500,0.0,-0.004751899671231685,-0.004751890339538711,-0.004751899671231685,4197ffad676e444993c7f77980cbfa71baa21df88550cdda6b86f8664ed976f4,2026-10-07T15:19:20.226130+00:00
SPY,2026-07-08,745.4000244140625,743.5536499023438,43767400,0.0,-0.0030894297130047432,-0.0030894091522385425,-0.0030894297130047432,4197ffad676e444993c7f77980cbfa71baa21df88550cdda6b86f8664ed976f4,2026-10-07T15:19:20.226130+00:00
SPY,2026-07-09,751.7100219726562,749.8480224609375,41441700,0.0,0.00846525000257925,0.008465256756416295,0.00846525000257925,4197ffad676e444993c7f77980cbfa71baa21df88550cdda6b86f8664ed976f4,2026-10-07T15:19:20.226130+00:00
SPY,2026-07-10,754.9500122070312,753.0799560546875,42191300,0.0,0.0043101596888019955,0.004310118179872147,0.0043101596888019955,4197ffad676e444993c7f77980cbfa71baa21df88550cdda6b86f8664ed976f4,2026-10-07T15:19:20.226130+00:00
SPY,2026-07-13,749.1699829101562,747.3142700195312,44013600,0.0,-0.007656174850540931,-0.007656140611366324,-0.007656174850540931,4197ffad676e444993c7f77980cbfa71baa21df88550cdda6b86f8664ed976f4,2026-10-07T15:19:20.226130+00:00
SPY,2026-07-14,751.8300170898438,749.9677124023438,35143100,0.0,0.00355064169730146,0.0035506379166867497,0.00355064169730146,4197ffad676e444993c7f77980cbfa71baa21df88550cdda6b86f8664ed976f4,2026-10-07T15:19:20.226130+00:00
SPY,2026-07-15,754.8099975585938,752.9403076171875,43844800,0.0,0.003963635929681075,0.003963630921285599,0.003963635929681075,4197ffad676e444993c7f77980cbfa71baa21df88550cdda6b86f8664ed976f4,2026-10-07T15:19:20.226130+00:00
SPY,2026-07-16,750.719970703125,748.8604125976562,46409800,0.0,-0.005418617756386079,-0.005418616825605738,-0.005418617756386079,4197ffad676e444993c7f77980cbfa71baa21df88550cdda6b86f8664ed976f4,2026-10-07T15:19:20.226130+00:00
SPY,2026-07-17,743.2899780273438,741.4487915039062,62651000,0.0,-0.009897156017872222,-0.009897199757215702,-0.009897156017872222,4197ffad676e444993c7f77980cbfa71baa21df88550cdda6b86f8664ed976f4,2026-10-07T15:19:20.226130+00:00
SPY,2026-07-20,742.0900268554688,740.2518310546875,50422300,0.0,-0.0016143782471810253,-0.0016143534967409945,-0.0016143782471810253,4197ffad676e444993c7f77980cbfa71baa21df88550cdda6b86f8664ed976f4,2026-10-07T15:19:20.226130+00:00
SPY,2026-07-21,748.280029296875,746.426513671875,34324300,0.0,0.008341309298597777,0.008341327043244195,0.008341309298597777,4197ffad676e444993c7f77980cbfa71baa21df88550cdda6b86f8664ed976f4,2026-10-07T15:19:20.226130+00:00
SPY,2026-07-22,747.4099731445312,745.55859375,32836200,0.0,-0.0011627413779321527,-0.001162766737217713,-0.0011627413779321527,4197ffad676e444993c7f77980cbfa71baa21df88550cdda6b86f8664ed976f4,2026-10-07T15:19:20.226130+00:00
SPY,2026-07-23,738.1799926757812,736.3515014648438,55437300,0.0,-0.012349287272575782,-0.012349253784127878,-0.012349287272575782,4197ffad676e444993c7f77980cbfa71baa21df88550cdda6b86f8664ed976f4,2026-10-07T15:19:20.226130+00:00
SPY,2026-07-24,738.9299926757812,737.099609375,44782000,0.0,0.0010160123647910968,0.0010159657563921787,0.0010160123647910968,4197ffad676e444993c7f77980cbfa71baa21df88550cdda6b86f8664ed976f4,2026-10-07T15:19:20.226130+00:00
SPY,2026-07-27,739.0900268554688,737.25927734375,41461200,0.0,0.0002165755636849287,0.00021661654234961247,0.0002165755636849287,4197ffad676e444993c7f77980cbfa71baa21df88550cdda6b86f8664ed976f4,2026-10-07T15:19:20.226130+00:00
SPY,2026-07-28,740.8599853515625,739.0248413085938,47322200,0.0,0.002394780651586048,0.0023947666975516757,0.002394780651586048,4197ffad676e444993c7f77980cbfa71baa21df88550cdda6b86f8664ed976f4,2026-10-07T15:19:20.226130+00:00
SPY,2026-07-29,729.4600219726562,727.6531372070312,70697200,0.0,-0.015387473482586067,-0.015387445003102407,-0.015387473482586067,4197ffad676e444993c7f77980cbfa71baa21df88550cdda6b86f8664ed976f4,2026-10-07T15:19:20.226130+00:00
SPY,2026-07-30,741.6900024414062,739.852783203125,66811300,0.0,0.01676579949601198,0.01676574369337569,0.01676579949601198,4197ffad676e444993c7f77980cbfa71baa21df88550cdda6b86f8664ed976f4,2026-10-07T15:19:20.226130+00:00
SPY,2026-07-31,747.030029296875,745.1796264648438,62445900,0.0,0.007199809675054292,0.007199869193782904,0.007199809675054292,4197ffad676e444993c7f77980cbfa71baa21df88550cdda6b86f8664ed976f4,2026-10-07T15:19:20.226130+00:00
SPY,2026-08-03,757.6699829101562,755.793212890625,59927500,0.0,0.01424300656734756,0.014242990614400597,0.01424300656734756,4197ffad676e444993c7f77980cbfa71baa21df88550cdda6b86f8664ed976f4,2026-10-07T15:19:20.226130+00:00
SPY,2026-08-04,771.3300170898438,769.4193725585938,69154800,0.0,0.018029002715958642,0.01802895214665101,0.018029002715958642,4197ffad676e444993c7f77980cbfa71baa21df88550cdda6b86f8664ed976f4,2026-10-07T15:19:20.226130+00:00
SPY,2026-08-05,769.7899780273438,767.8831787109375,44689100,0.0,-0.0019966020100066206,-0.0019965624761277834,-0.0019966020100066206,4197ffad676e444993c7f77980cbfa71baa21df88550cdda6b86f8664ed976f4,2026-10-07T15:19:20.226130+00:00
SPY,2026-08-06,768.5599975585938,766.65625,38416900,0.0,-0.001597813044932006,-0.0015978064697251826,-0.001597813044932006,4197ffad676e444993c7f77980cbfa71baa21df88550cdda6b86f8664ed976f4,2026-10-07T15:19:20.226130+00:00
SPY,2026-08-07,773.260009765625,771.3446044921875,43586300,0.0,0.006115348472417681,0.0061153280785064545,0.006115348472417681,4197ffad676e444993c7f77980cbfa71baa21df88550cdda6b86f8664ed976f4,2026-10-07T15:19:20.226130+00:00
SPY,2026-08-10,773.030029296875,771.1151733398438,39249500,0.0,-0.00029741673673222557,-0.0002974431285415191,-0.00029741673673222557,4197ffad676e444993c7f77980cbfa71baa21df88550cdda6b86f8664ed976f4,2026-10-07T15:19:20.226130+00:00
SPY,2026-08-11,770.5599975585938,768.6513061523438,36740600,0.0,-0.0031952597501651026,-0.003195199981383512,-0.0031952597501651026,4197ffad676e444993c7f77980cbfa71baa21df88550cdda6b86f8664ed976f4,2026-10-07T15:19:20.226130+00:00
SPY,2026-08-12,772.489990234375,770.5764770507812,33179100,0.0,0.0025046624297864195,0.0025046088948632583,0.0025046624297864195,4197ffad676e444993c7f77980cbfa71baa21df88550cdda6b86f8664ed976f4,2026-10-07T15:19:20.226130+00:00
SPY,2026-08-13,777.8800048828125,775.9531860351562,35634500,0.0,0.006977455651952402,0.006977515074108265,0.006977455651952402,4197ffad676e444993c7f77980cbfa71baa21df88550cdda6b86f8664ed976f4,2026-10-07T15:19:20.226130+00:00
SPY,2026-08-14,776.3400268554688,774.4169921875,31367900,0.0,-0.0019797115463531245,-0.0019797506799419384,-0.0019797115463531245,4197ffad676e444993c7f77980cbfa71baa21df88550cdda6b86f8664ed976f4,2026-10-07T15:19:20.226130+00:00
SPY,2026-08-17,772.6699829101562,770.7560424804688,34356600,0.0,-0.004727366641364417,-0.004727362317670902,-0.004727366641364417,4197ffad676e444993c7f77980cbfa71baa21df88550cdda6b86f8664ed976f4,2026-10-07T15:19:20.226130+00:00
SPY,2026-08-18,767.4500122070312,765.5490112304688,43920900,0.0,-0.006755757074274671,-0.00675574496080833,-0.006755757074274671,4197ffad676e444993c7f77980cbfa71baa21df88550cdda6b86f8664ed976f4,2026-10-07T15:19:20.226130+00:00
SPY,2026-08-19,769.0599975585938,767.1549682617188,40306000,0.0,0.00209783741736147,0.0020977847370853286,0.00209783741736147,4197ffad676e444993c7f77980cbfa71baa21df88550cdda6b86f8664ed976f4,2026-10-07T15:19:20.226130+00:00
SPY,2026-08-20,762.5999755859375,760.7109985351562,45520300,0.0,-0.008399893367440514,-0.008399827926766523,-0.008399893367440514,4197ffad676e444993c7f77980cbfa71baa21df88550cdda6b86f8664ed976f4,2026-10-07T15:19:20.226130+00:00
SPY,2026-08-21,765.719970703125,763.8232421875,39188700,0.0,0.0040912604472485015,0.004091229991858514,0.0040912604472485015,4197ffad676e444993c7f77980cbfa71baa21df88550cdda6b86f8664ed976f4,2026-10-07T15:19:20.226130+00:00
SPY,2026-08-24,763.469970703125,761.5787963867188,32430900,0.0,-0.0029384110198065194,-0.0029384361156037375,-0.0029384110198065194,4197ffad676e444993c7f77980cbfa71baa21df88550cdda6b86f8664ed976f4,2026-10-07T15:19:20.226130+00:00
SPY,2026-08-25,765.9099731445312,764.0127563476562,27422300,0.0,0.003195937672779925,0.003195939766817757,0.003195937672779925,4197ffad676e444993c7f77980cbfa71baa21df88550cdda6b86f8664ed976f4,2026-10-07T15:19:20.226130+00:00
SPY,2026-08-26,766.0800170898438,764.182373046875,28751600,0.0,0.0002220155779071309,0.00022200767959623668,0.0002220155779071309,4197ffad676e444993c7f77980cbfa71baa21df88550cdda6b86f8664ed976f4,2026-10-07T15:19:20.226130+00:00
SPY,2026-08-27,771.0999755859375,769.18994140625,34557100,0.0,0.006552786111251541,0.006552844629756693,0.006552786111251541,4197ffad676e444993c7f77980cbfa71baa21df88550cdda6b86f8664ed976f4,2026-10-07T15:19:20.226130+00:00
SPY,2026-08-28,769.3499755859375,767.4442749023438,36744300,0.0,-0.002269485222937795,-0.0022694869107554583,-0.002269485222937795,4197ffad676e444993c7f77980cbfa71baa21df88550cdda6b86f8664ed976f4,2026-10-07T15:19:20.226130+00:00
SPY,2026-08-31,767.0499877929688,765.1499633789062,38810800,0.0,-0.002989520850009919,-0.002989548034258882,-0.002989520850009919,4197ffad676e444993c7f77980cbfa71baa21df88550cdda6b86f8664ed976f4,2026-10-07T15:19:20.226130+00:00
SPY,2026-09-01,761.780029296875,759.89306640625,41126300,0.0,-0.0068704238054380085,-0.006870413937474118,-0.0068704238054380085,4197ffad676e444993c7f77980cbfa71baa21df88550cdda6b86f8664ed976f4,2026-10-07T15:19:20.226130+00:00
SPY,2026-09-02,765.1599731445312,763.2646484375,29566200,0.0,0.004436902672253051,0.004436916429827686,0.004436902672253051,4197ffad676e444993c7f77980cbfa71baa21df88550cdda6b86f8664ed976f4,2026-10-07T15:19:20.226130+00:00
SPY,2026-09-03,773.1699829101562,771.2548217773438,43531600,0.0,0.01046841189654324,0.010468417941536634,0.01046841189654324,4197ffad676e444993c7f77980cbfa71baa21df88550cdda6b86f8664ed976f4,2026-10-07T15:19:20.226130+00:00
SPY,2026-09-04,770.1900024414062,768.2822265625,34054200,0.0,-0.0038542371465761782,-0.0038542322600894074,-0.0038542371465761782,4197ffad676e444993c7f77980cbfa71baa21df88550cdda6b86f8664ed976f4,2026-10-07T15:19:20.226130+00:00
SPY,2026-09-08,765.9600219726562,764.0626831054688,44746100,0.0,-0.0054921259109329545,-0.005492178930014524,-0.0054921259109329545,4197ffad676e444993c7f77980cbfa71baa21df88550cdda6b86f8664ed976f4,2026-10-07T15:19:20.226130+00:00
SPY,2026-09-09,762.4000244140625,760.5115356445312,32812400,0.0,-0.004647758964528403,-0.004647717444469568,-0.004647758964528403,4197ffad676e444993c7f77980cbfa71baa21df88550cdda6b86f8664ed976f4,2026-10-07T15:19:20.226130+00:00
SPY,2026-09-10,757.8300170898438,755.9528198242188,42740400,0.0,-0.005994238166152965,-0.005994275703456675,-0.005994238166152965,4197ffad676e444993c7f77980cbfa71baa21df88550cdda6b86f8664ed976f4,2026-10-07T15:19:20.226130+00:00
SPY,2026-09-11,764.2899780273438,762.3967895507812,45512700,0.0,0.008524287494320992,0.008524301461116268,0.008524287494320992,4197ffad676e444993c7f77980cbfa71baa21df88550cdda6b86f8664ed976f4,2026-10-07T15:19:20.226130+00:00
SPY,2026-09-14,760.8800048828125,758.9952392578125,43992400,0.0,-0.00446162221482016,-0.004461653484890693,-0.00446162221482016,4197ffad676e444993c7f77980cbfa71baa21df88550cdda6b86f8664ed976f4,2026-10-07T15:19:20.226130+00:00
SPY,2026-09-15,757.3900146484375,755.513916015625,46195000,0.0,-0.004586781374170235,-0.004586752409134642,-0.004586781374170235,4197ffad676e444993c7f77980cbfa71baa21df88550cdda6b86f8664ed976f4,2026-10-07T15:19:20.226130+00:00
SPY,2026-09-16,754.0499877929688,752.1821899414062,59217700,0.0,-0.004409916675517711,-0.0044098804847823025,-0.004409916675517711,4197ffad676e444993c7f77980cbfa71baa21df88550cdda6b86f8664ed976f4,2026-10-07T15:19:20.226130+00:00
SPY,2026-09-17,762.5999755859375,760.7109985351562,49652800,0.0,0.011338754633487547,0.011338753705953053,0.011338754633487547,4197ffad676e444993c7f77980cbfa71baa21df88550cdda6b86f8664ed976f4,2026-10-07T15:19:20.226130+00:00
SPY,2026-09-18,761.6900024414062,761.6900024414062,65395100,1.889,-0.0011932509489422927,0.0012869590529585029,0.0012838013202354226,4197ffad676e444993c7f77980cbfa71baa21df88550cdda6b86f8664ed976f4,2026-10-07T15:19:20.226130+00:00
SPY,2026-09-21,773.5,773.5,50484700,0.0,0.015504992215651825,0.015504992215651825,0.015504992215651825,4197ffad676e444993c7f77980cbfa71baa21df88550cdda6b86f8664ed976f4,2026-10-07T15:19:20.226130+00:00
SPY,2026-09-22,773.3800048828125,773.3800048828125,34802300,0.0,-0.00015513266604716414,-0.00015513266604716414,-0.00015513266604716414,4197ffad676e444993c7f77980cbfa71baa21df88550cdda6b86f8664ed976f4,2026-10-07T15:19:20.226130+00:00
SPY,2026-09-23,767.8099975585938,767.8099975585938,54931700,0.0,-0.007202161019229769,-0.007202161019229769,-0.007202161019229769,4197ffad676e444993c7f77980cbfa71baa21df88550cdda6b86f8664ed976f4,2026-10-07T15:19:20.226130+00:00
SPY,2026-09-24,767.1799926757812,767.1799926757812,43983700,0.0,-0.000820521854125067,-0.000820521854125067,-0.000820521854125067,4197ffad676e444993c7f77980cbfa71baa21df88550cdda6b86f8664ed976f4,2026-10-07T15:19:20.226130+00:00
SPY,2026-09-25,771.3499755859375,771.3499755859375,36666700,0.0,0.005435468794763754,0.005435468794763754,0.005435468794763754,4197ffad676e444993c7f77980cbfa71baa21df88550cdda6b86f8664ed976f4,2026-10-07T15:19:20.226130+00:00
SPY,2026-09-28,765.6099853515625,765.6099853515625,42694500,0.0,-0.007441486246259066,-0.007441486246259066,-0.007441486246259066,4197ffad676e444993c7f77980cbfa71baa21df88550cdda6b86f8664ed976f4,2026-10-07T15:19:20.226130+00:00
SPY,2026-09-29,764.2000122070312,764.2000122070312,36910500,0.0,-0.0018416336927525867,-0.0018416336927525867,-0.0018416336927525867,4197ffad676e444993c7f77980cbfa71baa21df88550cdda6b86f8664ed976f4,2026-10-07T15:19:20.226130+00:00
SPY,2026-09-30,762.6300048828125,762.6300048828125,62110000,0.0,-0.002054445562863161,-0.002054445562863161,-0.002054445562863161,4197ffad676e444993c7f77980cbfa71baa21df88550cdda6b86f8664ed976f4,2026-10-07T15:19:20.226130+00:00
SPY,2026-10-01,763.989990234375,763.989990234375,47708100,0.0,0.0017832832997064507,0.0017832832997064507,0.0017832832997064507,4197ffad676e444993c7f77980cbfa71baa21df88550cdda6b86f8664ed976f4,2026-10-07T15:19:20.226130+00:00
SPY,2026-10-02,769.6400146484375,769.6400146484375,46335300,0.0,0.0073954168068735004,0.0073954168068735004,0.0073954168068735004,4197ffad676e444993c7f77980cbfa71baa21df88550cdda6b86f8664ed976f4,2026-10-07T15:19:20.226130+00:00
SPY,2026-10-05,774.8300170898438,774.8300170898438,44840200,0.0,0.00674341554834168,0.00674341554834168,0.00674341554834168,4197ffad676e444993c7f77980cbfa71baa21df88550cdda6b86f8664ed976f4,2026-10-07T15:19:20.226130+00:00
SPY,2026-10-06,779.0900268554688,779.0900268554688,36006700,0.0,0.005497992684414754,0.005497992684414754,0.005497992684414754,4197ffad676e444993c7f77980cbfa71baa21df88550cdda6b86f8664ed976f4,2026-10-07T15:19:20.226130+00:00
