activity_year,region,lei,selected_count,selected_amount,invalid_tract_count,invalid_tract_amount,unmapped_tract_count,unmapped_tract_amount,mapped_count,mapped_amount,unmapped_pct
2023,Bay Area,01KWVG908KE7RKPTNP46,2,900000.0,0,0.0,0,0.0,2,900000.0,0.0
2023,Bay Area,1IE8VN30JCEQV1H4R804,617,870405000.0,0,0.0,0,0.0,617,870405000.0,0.0
2023,Bay Area,1TMVIO1SD0RLIPEIW803,1,685000.0,0,0.0,0,0.0,1,685000.0,0.0
2023,Bay Area,213800QUAI2VH5YM6310,9,8555000.0,0,0.0,0,0.0,9,8555000.0,0.0
2023,Bay Area,213800XR2TCBQJSF1X93,38,23120000.0,0,0.0,0,0.0,38,23120000.0,0.0
2023,Bay Area,25490018IFQOT83Q7H49,3,1875000.0,0,0.0,0,0.0,3,1875000.0,0.0
2023,Bay Area,2549001SI0EMFPT39035,35,26695000.0,0,0.0,0,0.0,35,26695000.0,0.0
2023,Bay Area,2549002VH9C0PKB8K153,14,17620000.0,0,0.0,0,0.0,14,17620000.0,0.0
2023,Bay Area,2549004CU9LAM5CYA280,1,255000.0,0,0.0,0,0.0,1,255000.0,0.0
2023,Bay Area,2549004FXPNKCLIN8250,74,52660000.0,0,0.0,0,0.0,74,52660000.0,0.0
2023,Bay Area,2549004OC91L41W9XR37,5,2155000.0,0,0.0,0,0.0,5,2155000.0,0.0
2023,Bay Area,2549004XJQQPBYQSMT39,2,1490000.0,0,0.0,0,0.0,2,1490000.0,0.0
2023,Bay Area,2549004Z576VEJBK3N72,24,24470000.0,0,0.0,0,0.0,24,24470000.0,0.0
2023,Bay Area,2549005Q4HZ55QX7YC64,17,11115000.0,0,0.0,0,0.0,17,11115000.0,0.0
2023,Bay Area,2549005SIVTHG14U2905,22,18730000.0,0,0.0,0,0.0,22,18730000.0,0.0
2023,Bay Area,2549007JZSAICH4GZJ60,3,1415000.0,0,0.0,0,0.0,3,1415000.0,0.0
2023,Bay Area,2549007LQQOUAPFNHY39,9,8615000.0,0,0.0,0,0.0,9,8615000.0,0.0
2023,Bay Area,2549007ZL90U2M5ZNA78,1,725000.0,0,0.0,0,0.0,1,725000.0,0.0
2023,Bay Area,2549009RNMXHS9AICA61,1,1665000.0,0,0.0,0,0.0,1,1665000.0,0.0
2023,Bay Area,2549009X2AG1P20YAJ63,39,95145000.0,0,0.0,0,0.0,39,95145000.0,0.0
2023,Bay Area,254900AD895KKZTSFT42,1,1025000.0,0,0.0,0,0.0,1,1025000.0,0.0
2023,Bay Area,254900AX110CHF6FVV28,1,245000.0,0,0.0,0,0.0,1,245000.0,0.0
2023,Bay Area,254900D8UVDBN0LNLV64,11,5935000.0,0,0.0,0,0.0,11,5935000.0,0.0
2023,Bay Area,254900DTLHVWQ7NP7R34,133,81015000.0,0,0.0,0,0.0,133,81015000.0,0.0
2023,Bay Area,254900E6AIE4Z8YQM970,63,64255000.0,0,0.0,0,0.0,63,64255000.0,0.0
2023,Bay Area,254900FMBXF85WQYV433,1,695000.0,0,0.0,0,0.0,1,695000.0,0.0
2023,Bay Area,254900FSIRD1E5MR0U30,1,125000.0,0,0.0,0,0.0,1,125000.0,0.0
2023,Bay Area,254900HA4DQWAE0W3342,90,92860000.0,0,0.0,0,0.0,90,92860000.0,0.0
2023,Bay Area,254900HEJ9F73IMPX887,1,1905000.0,0,0.0,0,0.0,1,1905000.0,0.0
2023,Bay Area,254900HO9WPE4LTLQU96,1,675000.0,0,0.0,0,0.0,1,675000.0,0.0
2023,Bay Area,254900HQK1GFTN5BRG15,7,4345000.0,0,0.0,0,0.0,7,4345000.0,0.0
2023,Bay Area,254900I68BOSEM149Q58,1,195000.0,0,0.0,0,0.0,1,195000.0,0.0
2023,Bay Area,254900IEGKUDRDS23V26,14,13910000.0,0,0.0,0,0.0,14,13910000.0,0.0
2023,Bay Area,254900JH11ROOV921P96,2,510000.0,0,0.0,0,0.0,2,510000.0,0.0
2023,Bay Area,254900JZN2V0PWFMW808,25,13615000.0,0,0.0,0,0.0,25,13615000.0,0.0
2023,Bay Area,254900KI7219LQKCI772,1,1075000.0,0,0.0,0,0.0,1,1075000.0,0.0
2023,Bay Area,254900LTD432L5CHIZ48,18,11980000.0,0,0.0,0,0.0,18,11980000.0,0.0
2023,Bay Area,254900MHHOS58M9D0445,12,4450000.0,0,0.0,0,0.0,12,4450000.0,0.0
2023,Bay Area,254900O28OG3UMHXQY81,9,5695000.0,0,0.0,0,0.0,9,5695000.0,0.0
2023,Bay Area,254900O723MCLR701H50,3,1445000.0,0,0.0,0,0.0,3,1445000.0,0.0
2023,Bay Area,254900P2JMSUZCYLE858,283,287505000.0,0,0.0,0,0.0,283,287505000.0,0.0
2023,Bay Area,254900P6Q7UI8DAKYX49,1,1725000.0,0,0.0,0,0.0,1,1725000.0,0.0
2023,Bay Area,254900PBEMOERRZO9E31,2,750000.0,0,0.0,0,0.0,2,750000.0,0.0
2023,Bay Area,254900R9A6TW85BTVS20,24,15240000.0,0,0.0,0,0.0,24,15240000.0,0.0
2023,Bay Area,254900RQX8N4HXJIDK44,15,8985000.0,0,0.0,0,0.0,15,8985000.0,0.0
2023,Bay Area,254900TG14TB8RKS3U42,13,8445000.0,0,0.0,0,0.0,13,8445000.0,0.0
2023,Bay Area,254900TM81D0YC1B9584,2,770000.0,0,0.0,0,0.0,2,770000.0,0.0
2023,Bay Area,254900TTZ395IC926125,210,113120000.0,0,0.0,0,0.0,210,113120000.0,0.0
2023,Bay Area,254900V6GCDMRQZ34D96,5,5185000.0,0,0.0,0,0.0,5,5185000.0,0.0
2023,Bay Area,254900VELJPWWT51WN03,293,211285000.0,0,0.0,0,0.0,293,211285000.0,0.0
2023,Bay Area,254900VHUBSJJKOMBF27,53,30535000.0,0,0.0,0,0.0,53,30535000.0,0.0
2023,Bay Area,254900VX7NAZSPBPUE16,4,2110000.0,0,0.0,0,0.0,4,2110000.0,0.0
2023,Bay Area,254900WEP08K7U7S3A80,7,3645000.0,0,0.0,0,0.0,7,3645000.0,0.0
2023,Bay Area,254900WEQ8ITQNQ9AQ74,6,2830000.0,0,0.0,0,0.0,6,2830000.0,0.0
2023,Bay Area,254900WTZC5SSKIN2M11,18,8480000.0,0,0.0,0,0.0,18,8480000.0,0.0
2023,Bay Area,254900ZFWS2106HWPH46,215,132045000.0,0,0.0,0,0.0,215,132045000.0,0.0
2023,Bay Area,254900ZX1UPIG2E7TH11,1,725000.0,0,0.0,0,0.0,1,725000.0,0.0
2023,Bay Area,2WHM8VNJH63UN14OL754,4,3780000.0,0,0.0,0,0.0,4,3780000.0,0.0
2023,Bay Area,337KMNHEWWWR6B7Q7W10,8,14690000.0,0,0.0,0,0.0,8,14690000.0,0.0
2023,Bay Area,3Y4U8VZURTYWI1W2K376,990,1232980000.0,0,0.0,0,0.0,990,1232980000.0,0.0
2023,Bay Area,4EP6JBYBTPTQ47LZOB67,13,18275000.0,0,0.0,0,0.0,13,18275000.0,0.0
2023,Bay Area,54930001NSTOD85LT125,270,203740000.0,0,0.0,0,0.0,270,203740000.0,0.0
2023,Bay Area,54930002O9LLXKR6TF11,36,19930000.0,0,0.0,0,0.0,36,19930000.0,0.0
2023,Bay Area,5493000349C5XXDRQX28,59,40515000.0,0,0.0,0,0.0,59,40515000.0,0.0
2023,Bay Area,54930004MLYQ2HKUPN66,1,955000.0,0,0.0,0,0.0,1,955000.0,0.0
2023,Bay Area,5493000EO85W8IS2FR22,6,6580000.0,0,0.0,0,0.0,6,6580000.0,0.0
2023,Bay Area,5493000EUC3MM52PJV85,1,785000.0,0,0.0,0,0.0,1,785000.0,0.0
2023,Bay Area,5493000H6DFDDJRORG89,13,9435000.0,0,0.0,0,0.0,13,9435000.0,0.0
2023,Bay Area,5493000JFVFQFL816N45,2,2380000.0,0,0.0,0,0.0,2,2380000.0,0.0
2023,Bay Area,5493000NYUJT9UC6G261,31,22675000.0,0,0.0,0,0.0,31,22675000.0,0.0
2023,Bay Area,5493000OM9RKJW8W5K82,124,71800000.0,0,0.0,0,0.0,124,71800000.0,0.0
2023,Bay Area,5493000YNV8IX4VD3X12,3,445000.0,0,0.0,0,0.0,3,445000.0,0.0
2023,Bay Area,5493000ZB0IHPJ66BJ32,57,77995000.0,0,0.0,0,0.0,57,77995000.0,0.0
2023,Bay Area,549300121SF0K2LN2804,57,46165000.0,0,0.0,0,0.0,57,46165000.0,0.0
2023,Bay Area,54930015645SYPOM7220,2,600000.0,0,0.0,0,0.0,2,600000.0,0.0
2023,Bay Area,5493001GAASLCSP1PB64,65,36755000.0,0,0.0,0,0.0,65,36755000.0,0.0
2023,Bay Area,5493001GDRY0EL7VG372,39,24805000.0,0,0.0,0,0.0,39,24805000.0,0.0
2023,Bay Area,5493001HHBUTXHS7TZ96,80,46930000.0,0,0.0,0,0.0,80,46930000.0,0.0
2023,Bay Area,5493001JT9MT3Z3Y3M39,4,5320000.0,0,0.0,0,0.0,4,5320000.0,0.0
2023,Bay Area,5493001K7B4W8IPMZ254,1,725000.0,0,0.0,0,0.0,1,725000.0,0.0
2023,Bay Area,5493001NJEVHTZW7FG34,30,22620000.0,0,0.0,0,0.0,30,22620000.0,0.0
2023,Bay Area,5493001P38O8QXGI6503,1,615000.0,0,0.0,0,0.0,1,615000.0,0.0
2023,Bay Area,5493001R92DY5DI1DI85,45,32525000.0,0,0.0,0,0.0,45,32525000.0,0.0
2023,Bay Area,5493001SDQVS1NWYH012,39,26655000.0,0,0.0,0,0.0,39,26655000.0,0.0
2023,Bay Area,5493001SXWZ4OFP8Z903,187,116945000.0,0,0.0,0,0.0,187,116945000.0,0.0
2023,Bay Area,5493001WHVQBGRSWEU75,141,85465000.0,0,0.0,0,0.0,141,85465000.0,0.0
2023,Bay Area,5493001WRXQTCKCA6205,472,362790000.0,0,0.0,0,0.0,472,362790000.0,0.0
2023,Bay Area,5493001X0T84TYRJ5Y59,4,3470000.0,0,0.0,0,0.0,4,3470000.0,0.0
2023,Bay Area,5493001XKL0FTNOJ0866,8,5460000.0,0,0.0,0,0.0,8,5460000.0,0.0
2023,Bay Area,54930021DZJ9CEN11D61,7,3305000.0,0,0.0,0,0.0,7,3305000.0,0.0
2023,Bay Area,54930021WPEXNHYZUL09,33,18265000.0,0,0.0,0,0.0,33,18265000.0,0.0
2023,Bay Area,54930022CQGV47Q8PM03,1,255000.0,0,0.0,0,0.0,1,255000.0,0.0
2023,Bay Area,5493002B2WMHY23GFK92,3,2215000.0,0,0.0,0,0.0,3,2215000.0,0.0
2023,Bay Area,5493002G4JO4BZ22MC13,1,835000.0,0,0.0,0,0.0,1,835000.0,0.0
2023,Bay Area,5493002GI63WHHUTUD85,10,5640000.0,0,0.0,0,0.0,10,5640000.0,0.0
2023,Bay Area,5493002QI2ILHHZH8D20,141,95055000.0,0,0.0,0,0.0,141,95055000.0,0.0
2023,Bay Area,5493002TJKC8NLH1ZP82,6,4450000.0,0,0.0,0,0.0,6,4450000.0,0.0
2023,Bay Area,5493002UTIS7AQUDFF80,3,2925000.0,0,0.0,0,0.0,3,2925000.0,0.0
2023,Bay Area,5493002Y5XYV7DV1ZV88,2,1300000.0,0,0.0,0,0.0,2,1300000.0,0.0
2023,Bay Area,54930030Z1JWTP3SVD16,8,4920000.0,0,0.0,0,0.0,8,4920000.0,0.0
2023,Bay Area,549300323EON4W3CCM44,92,56080000.0,0,0.0,0,0.0,92,56080000.0,0.0
2023,Bay Area,54930035U7Q80J7HTS79,1,305000.0,0,0.0,0,0.0,1,305000.0,0.0
2023,Bay Area,549300370QILXLFUWD20,53,31705000.0,0,0.0,0,0.0,53,31705000.0,0.0
2023,Bay Area,54930039IUN6515TBG78,1,725000.0,0,0.0,0,0.0,1,725000.0,0.0
2023,Bay Area,5493003B20KZ3DEZGB43,1,625000.0,0,0.0,0,0.0,1,625000.0,0.0
2023,Bay Area,5493003B2LEGQHDWRN55,1,655000.0,0,0.0,0,0.0,1,655000.0,0.0
2023,Bay Area,5493003BXKRGHQHRJV38,2,2570000.0,0,0.0,0,0.0,2,2570000.0,0.0
2023,Bay Area,5493003DVQUF5HAI1O03,1,55000.0,0,0.0,0,0.0,1,55000.0,0.0
2023,Bay Area,5493003GQDUH26DNNH17,108,78200000.0,0,0.0,0,0.0,108,78200000.0,0.0
2023,Bay Area,5493003NV9L53LK1XI52,37,22855000.0,0,0.0,0,0.0,37,22855000.0,0.0
2023,Bay Area,5493003T5D4N1CM46J77,2,1090000.0,0,0.0,0,0.0,2,1090000.0,0.0
2023,Bay Area,54930043BMDE130FJ617,172,90770000.0,0,0.0,0,0.0,172,90770000.0,0.0
2023,Bay Area,54930047YAX7UHRKN043,1,855000.0,0,0.0,0,0.0,1,855000.0,0.0
2023,Bay Area,54930048P8RWCQHQM310,25,25825000.0,0,0.0,0,0.0,25,25825000.0,0.0
2023,Bay Area,54930049L5WINET09Q97,8,3680000.0,0,0.0,0,0.0,8,3680000.0,0.0
2023,Bay Area,5493004AS1SPBQOFDR49,564,408460000.0,0,0.0,0,0.0,564,408460000.0,0.0
2023,Bay Area,5493004F7BXDIUFVPV87,405,397465000.0,0,0.0,0,0.0,405,397465000.0,0.0
2023,Bay Area,5493004N9PMBSLEZOF16,38,13660000.0,0,0.0,0,0.0,38,13660000.0,0.0
2023,Bay Area,5493004RLLKTQS8K7U51,4,2010000.0,0,0.0,0,0.0,4,2010000.0,0.0
2023,Bay Area,5493004UNRG4PWDF2K60,1,995000.0,0,0.0,0,0.0,1,995000.0,0.0
2023,Bay Area,5493004WMLN60ZJ2ON46,147,113165000.0,0,0.0,0,0.0,147,113165000.0,0.0
2023,Bay Area,54930052M48FOD3CWA54,99,60965000.0,0,0.0,0,0.0,99,60965000.0,0.0
2023,Bay Area,54930054ET8KM4O1D485,35,21785000.0,0,0.0,0,0.0,35,21785000.0,0.0
2023,Bay Area,5493005DKMV1IHIM8E20,1,475000.0,0,0.0,0,0.0,1,475000.0,0.0
2023,Bay Area,5493005EYZOUVJUXAX38,3,975000.0,0,0.0,0,0.0,3,975000.0,0.0
2023,Bay Area,5493005HCI0Y8LUK5S48,12,8580000.0,0,0.0,0,0.0,12,8580000.0,0.0
2023,Bay Area,5493005ICQ3QGEIWV618,1,845000.0,0,0.0,0,0.0,1,845000.0,0.0
2023,Bay Area,5493005JF6BKCN6OY689,1,1405000.0,0,0.0,0,0.0,1,1405000.0,0.0
2023,Bay Area,5493005JPZ3LXXMB0S24,3,1785000.0,0,0.0,0,0.0,3,1785000.0,0.0
2023,Bay Area,5493005LE3FE2MIPPW66,25,12015000.0,0,0.0,0,0.0,25,12015000.0,0.0
2023,Bay Area,5493005LWLLN6G3XQP35,6,4540000.0,0,0.0,0,0.0,6,4540000.0,0.0
2023,Bay Area,5493005MZZDC38IUOJ34,1,765000.0,0,0.0,0,0.0,1,765000.0,0.0
2023,Bay Area,5493005NIBYLNJC10826,6,4590000.0,0,0.0,0,0.0,6,4590000.0,0.0
2023,Bay Area,5493005PKOSG7MYX0B34,95,73075000.0,0,0.0,0,0.0,95,73075000.0,0.0
2023,Bay Area,5493005T6ET3508ZXP66,1,875000.0,0,0.0,0,0.0,1,875000.0,0.0
2023,Bay Area,5493005T71YXBHEO2093,1,305000.0,0,0.0,0,0.0,1,305000.0,0.0
2023,Bay Area,54930060G4MDPWHISD89,3,1795000.0,0,0.0,0,0.0,3,1795000.0,0.0
2023,Bay Area,54930061FQ5XDACCBW12,3,3505000.0,0,0.0,0,0.0,3,3505000.0,0.0
2023,Bay Area,54930065B0NVUO52TY13,2,970000.0,0,0.0,0,0.0,2,970000.0,0.0
2023,Bay Area,5493006F1N8E3EEF3W63,184,99610000.0,0,0.0,0,0.0,184,99610000.0,0.0
2023,Bay Area,5493006MA7WP1WL8U431,1,365000.0,0,0.0,0,0.0,1,365000.0,0.0
2023,Bay Area,5493006RIR31ORKYB608,64,37180000.0,0,0.0,0,0.0,64,37180000.0,0.0
2023,Bay Area,5493006TY8FGNLX44X28,38,25210000.0,0,0.0,0,0.0,38,25210000.0,0.0
2023,Bay Area,54930072YJBZ4YV3DY74,1,275000.0,0,0.0,0,0.0,1,275000.0,0.0
2023,Bay Area,549300730ZNSQK9EBT50,2,860000.0,0,0.0,0,0.0,2,860000.0,0.0
2023,Bay Area,549300748YYU6VG08N83,3,2035000.0,0,0.0,0,0.0,3,2035000.0,0.0
2023,Bay Area,549300767F7CDUJR8Q67,43,6875000.0,0,0.0,0,0.0,43,6875000.0,0.0
2023,Bay Area,5493007CLWQN2S6IZK91,2,1670000.0,0,0.0,0,0.0,2,1670000.0,0.0
2023,Bay Area,5493007L4GYNO2PUBS09,5,3905000.0,0,0.0,0,0.0,5,3905000.0,0.0
2023,Bay Area,5493007VGBHF6SRXRR53,15,8195000.0,0,0.0,0,0.0,15,8195000.0,0.0
2023,Bay Area,5493007VW2EU20PZYU97,54,34170000.0,0,0.0,0,0.0,54,34170000.0,0.0
2023,Bay Area,549300850R07HZO8MY41,1,645000.0,0,0.0,0,0.0,1,645000.0,0.0
2023,Bay Area,5493008BSTI0PQR0IL08,6,1080000.0,0,0.0,0,0.0,6,1080000.0,0.0
2023,Bay Area,5493008CPTDVOS570626,3,2045000.0,0,0.0,0,0.0,3,2045000.0,0.0
2023,Bay Area,5493008E4KBJCB6UKR64,3,1325000.0,0,0.0,0,0.0,3,1325000.0,0.0
2023,Bay Area,5493008H68QG2A0MK376,27,17675000.0,0,0.0,0,0.0,27,17675000.0,0.0
2023,Bay Area,5493008JUW0FLRMO0W64,1,475000.0,0,0.0,0,0.0,1,475000.0,0.0
2023,Bay Area,5493008NWHQT1R22C024,73,41265000.0,0,0.0,0,0.0,73,41265000.0,0.0
2023,Bay Area,5493008SP1FN4D81IS17,4,6900000.0,0,0.0,0,0.0,4,6900000.0,0.0
2023,Bay Area,5493008VVXQIDO1EZ460,119,73865000.0,0,0.0,0,0.0,119,73865000.0,0.0
2023,Bay Area,5493008ZTV4S0W9DCX64,5,2785000.0,0,0.0,0,0.0,5,2785000.0,0.0
2023,Bay Area,54930098QK48NVYBZC62,3,1535000.0,0,0.0,0,0.0,3,1535000.0,0.0
2023,Bay Area,5493009B17HXCVXTD608,75,54235000.0,0,0.0,0,0.0,75,54235000.0,0.0
2023,Bay Area,5493009BD405QQTMXO12,19,13105000.0,0,0.0,0,0.0,19,13105000.0,0.0
2023,Bay Area,5493009CYWXD5RBPIX14,3,2755000.0,0,0.0,0,0.0,3,2755000.0,0.0
2023,Bay Area,5493009HUMWCHFRDKF12,1,715000.0,0,0.0,0,0.0,1,715000.0,0.0
2023,Bay Area,5493009Y8ROUG903AQ21,229,228745000.0,0,0.0,0,0.0,229,228745000.0,0.0
2023,Bay Area,549300A4ZI1DF2OO1B51,6,1850000.0,0,0.0,0,0.0,6,1850000.0,0.0
2023,Bay Area,549300A5HHOL2ED18C72,16,11170000.0,0,0.0,0,0.0,16,11170000.0,0.0
2023,Bay Area,549300A68YW07V5R5G22,6,6140000.0,0,0.0,0,0.0,6,6140000.0,0.0
2023,Bay Area,549300AENO88GEUWCZ39,65,43705000.0,0,0.0,0,0.0,65,43705000.0,0.0
2023,Bay Area,549300AG10BX85DF5S49,58,34360000.0,0,0.0,0,0.0,58,34360000.0,0.0
2023,Bay Area,549300AG64NHILB7ZP05,899,578065000.0,0,0.0,0,0.0,899,578065000.0,0.0
2023,Bay Area,549300ALNLUNS3Y53T24,5,2685000.0,0,0.0,0,0.0,5,2685000.0,0.0
2023,Bay Area,549300AQ3T62GXDU7D76,392,221430000.0,0,0.0,0,0.0,392,221430000.0,0.0
2023,Bay Area,549300B2JJHSM77T5Y41,1,715000.0,0,0.0,0,0.0,1,715000.0,0.0
2023,Bay Area,549300B4IYL7TZT8FA34,35,20825000.0,0,0.0,0,0.0,35,20825000.0,0.0
2023,Bay Area,549300B81YWV4GBENI49,2,1590000.0,0,0.0,0,0.0,2,1590000.0,0.0
2023,Bay Area,549300BBKMRS6J0CB539,1,935000.0,0,0.0,0,0.0,1,935000.0,0.0
2023,Bay Area,549300BFJ8COFCPOMU05,2,1310000.0,0,0.0,0,0.0,2,1310000.0,0.0
2023,Bay Area,549300BLL6VL7AXWYP56,8,3980000.0,0,0.0,0,0.0,8,3980000.0,0.0
2023,Bay Area,549300BOXNV8VLRBDT24,6,2930000.0,0,0.0,0,0.0,6,2930000.0,0.0
2023,Bay Area,549300BX448ALT10FI43,22,15550000.0,0,0.0,0,0.0,22,15550000.0,0.0
2023,Bay Area,549300BXWU32AYWT1A56,21,16875000.0,0,0.0,0,0.0,21,16875000.0,0.0
2023,Bay Area,549300C04BJ0G297NC13,30,23100000.0,0,0.0,0,0.0,30,23100000.0,0.0
2023,Bay Area,549300C1ICNCM0V37Y02,1,725000.0,0,0.0,0,0.0,1,725000.0,0.0
2023,Bay Area,549300C4RD3C53QCM649,2,1040000.0,0,0.0,0,0.0,2,1040000.0,0.0
2023,Bay Area,549300CB67L6KPJLHE19,308,64820000.0,0,0.0,0,0.0,308,64820000.0,0.0
2023,Bay Area,549300CIQ950OK0BS407,8,5200000.0,0,0.0,0,0.0,8,5200000.0,0.0
2023,Bay Area,549300CK7U1WMTIG6687,3,2255000.0,0,0.0,0,0.0,3,2255000.0,0.0
2023,Bay Area,549300CLB0CCSJV6S044,8,1410000.0,0,0.0,0,0.0,8,1410000.0,0.0
2023,Bay Area,549300CLRXFVF83ZL806,4,2610000.0,0,0.0,0,0.0,4,2610000.0,0.0
2023,Bay Area,549300CM7HYHZ1MEJ624,1,565000.0,0,0.0,0,0.0,1,565000.0,0.0
2023,Bay Area,549300CP7747DCRW6U68,1,1005000.0,0,0.0,0,0.0,1,1005000.0,0.0
2023,Bay Area,549300CR5XDK0TP7I727,4,1570000.0,0,0.0,0,0.0,4,1570000.0,0.0
2023,Bay Area,549300CXZHD5OTAISA91,27,16045000.0,0,0.0,0,0.0,27,16045000.0,0.0
2023,Bay Area,549300CY7WNAHKHYSJ73,11,6725000.0,0,0.0,0,0.0,11,6725000.0,0.0
2023,Bay Area,549300D3LYUX1NJVC329,2,1210000.0,0,0.0,0,0.0,2,1210000.0,0.0
2023,Bay Area,549300D4ZYLSQ5LMTV35,1,605000.0,0,0.0,0,0.0,1,605000.0,0.0
2023,Bay Area,549300DCGBXW5FJMV921,157,106405000.0,0,0.0,0,0.0,157,106405000.0,0.0
2023,Bay Area,549300DD4R4SYK5RAQ92,94,62380000.0,0,0.0,0,0.0,94,62380000.0,0.0
2023,Bay Area,549300DD5QQUHO6PCH70,132,83490000.0,0,0.0,0,0.0,132,83490000.0,0.0
2023,Bay Area,549300DFCG6GF21KOW34,2,470000.0,0,0.0,0,0.0,2,470000.0,0.0
2023,Bay Area,549300DKYWYDD1KM2515,3,1505000.0,0,0.0,0,0.0,3,1505000.0,0.0
2023,Bay Area,549300DMYENRV818D594,1,725000.0,0,0.0,0,0.0,1,725000.0,0.0
2023,Bay Area,549300DNWSJUNAWUM003,4,2170000.0,0,0.0,0,0.0,4,2170000.0,0.0
2023,Bay Area,549300DRA4BDXW23LD45,2,1460000.0,0,0.0,0,0.0,2,1460000.0,0.0
2023,Bay Area,549300DT7CCDCC7O6Z60,21,13775000.0,0,0.0,0,0.0,21,13775000.0,0.0
2023,Bay Area,549300DT7WZ1SOTNFJ62,50,37900000.0,0,0.0,0,0.0,50,37900000.0,0.0
2023,Bay Area,549300E2UX99HKDBR481,436,289850000.0,0,0.0,0,0.0,436,289850000.0,0.0
2023,Bay Area,549300E4YLQ3BVQ4GW30,1,4005000.0,0,0.0,0,0.0,1,4005000.0,0.0
2023,Bay Area,549300EBW60Q23TUJN89,2,900000.0,0,0.0,0,0.0,2,900000.0,0.0
2023,Bay Area,549300EHWBP6UP4Y8J37,3,2095000.0,0,0.0,0,0.0,3,2095000.0,0.0
2023,Bay Area,549300EKFFG3BU8DNX74,65,51855000.0,0,0.0,0,0.0,65,51855000.0,0.0
2023,Bay Area,549300ELLMUEKP1JHB70,1,715000.0,0,0.0,0,0.0,1,715000.0,0.0
2023,Bay Area,549300EM6UG8HE3P8U74,344,336280000.0,0,0.0,0,0.0,344,336280000.0,0.0
2023,Bay Area,549300EMNDEK4BA8WB53,1,515000.0,0,0.0,0,0.0,1,515000.0,0.0
2023,Bay Area,549300ESNLIWVN3TK065,7,8765000.0,0,0.0,0,0.0,7,8765000.0,0.0
2023,Bay Area,549300F570XAWYN8Z237,1,655000.0,0,0.0,0,0.0,1,655000.0,0.0
2023,Bay Area,549300F6NSBOJBM9ED39,3,3795000.0,0,0.0,0,0.0,3,3795000.0,0.0
2023,Bay Area,549300F6S4S7QMOUVG59,1,1215000.0,0,0.0,0,0.0,1,1215000.0,0.0
2023,Bay Area,549300F6Y1YO2YXN6135,3,3605000.0,0,0.0,0,0.0,3,3605000.0,0.0
2023,Bay Area,549300F8C5JA44WNMI75,5,2125000.0,0,0.0,0,0.0,5,2125000.0,0.0
2023,Bay Area,549300FGXN1K3HLB1R50,3779,2381465000.0,0,0.0,0,0.0,3779,2381465000.0,0.0
2023,Bay Area,549300FK3AFCFVAPH234,1,645000.0,0,0.0,0,0.0,1,645000.0,0.0
2023,Bay Area,549300FNXYY540N23N64,190,107280000.0,0,0.0,0,0.0,190,107280000.0,0.0
2023,Bay Area,549300FTR6GEUX8QTI81,2,1130000.0,0,0.0,0,0.0,2,1130000.0,0.0
2023,Bay Area,549300FVD3YHE65PKH97,20,9620000.0,0,0.0,0,0.0,20,9620000.0,0.0
2023,Bay Area,549300FX7K8PTEQUU487,29,17925000.0,0,0.0,0,0.0,29,17925000.0,0.0
2023,Bay Area,549300G4ESSS6M0MEG51,258,248910000.0,0,0.0,0,0.0,258,248910000.0,0.0
2023,Bay Area,549300G4JDIJPBEO8J84,11,8235000.0,0,0.0,0,0.0,11,8235000.0,0.0
2023,Bay Area,549300G5DVGM0ZHRQC33,3,2055000.0,0,0.0,0,0.0,3,2055000.0,0.0
2023,Bay Area,549300GAX7IKJUKCJE72,106,50720000.0,0,0.0,0,0.0,106,50720000.0,0.0
2023,Bay Area,549300GH41JLTHV1SQ41,14,7050000.0,0,0.0,0,0.0,14,7050000.0,0.0
2023,Bay Area,549300GKFNPRWNS0GF29,557,367505000.0,0,0.0,0,0.0,557,367505000.0,0.0
2023,Bay Area,549300GQDT484LGI9C04,11,4735000.0,0,0.0,0,0.0,11,4735000.0,0.0
2023,Bay Area,549300GRGZDEH4ZGQS06,2,1310000.0,0,0.0,0,0.0,2,1310000.0,0.0
2023,Bay Area,549300GS0W0TEUQS8571,379,545445000.0,0,0.0,0,0.0,379,545445000.0,0.0
2023,Bay Area,549300GS6ONO04ORI292,1,255000.0,0,0.0,0,0.0,1,255000.0,0.0
2023,Bay Area,549300GUS13Z72B6KD63,1,705000.0,0,0.0,0,0.0,1,705000.0,0.0
2023,Bay Area,549300GWD9H4FQ2VR805,44,63060000.0,0,0.0,0,0.0,44,63060000.0,0.0
2023,Bay Area,549300GY4NTTEM7WWB64,1,345000.0,0,0.0,0,0.0,1,345000.0,0.0
2023,Bay Area,549300H12E7AUMUHP294,1,635000.0,0,0.0,0,0.0,1,635000.0,0.0
2023,Bay Area,549300H3IZO24NSOO931,350,243520000.0,0,0.0,0,0.0,350,243520000.0,0.0
2023,Bay Area,549300HFBEONQN2CK447,1,3005000.0,0,0.0,0,0.0,1,3005000.0,0.0
2023,Bay Area,549300HH0V8LECLNPQ26,1,215000.0,0,0.0,0,0.0,1,215000.0,0.0
2023,Bay Area,549300HIVO8XPBPNVG69,2,540000.0,0,0.0,0,0.0,2,540000.0,0.0
2023,Bay Area,549300HRLROF7PLJ6735,26,28960000.0,0,0.0,0,0.0,26,28960000.0,0.0
2023,Bay Area,549300HVFLWKU7133506,1,1005000.0,0,0.0,0,0.0,1,1005000.0,0.0
2023,Bay Area,549300HVW3AI97UKTO72,1,465000.0,0,0.0,0,0.0,1,465000.0,0.0
2023,Bay Area,549300HW662MN1WU8550,4285,2821225000.0,0,0.0,0,0.0,4285,2821225000.0,0.0
2023,Bay Area,549300I0HE5X0T5OI648,22,19290000.0,0,0.0,0,0.0,22,19290000.0,0.0
2023,Bay Area,549300I1HK1BBZLKOB84,10,14850000.0,0,0.0,0,0.0,10,14850000.0,0.0
2023,Bay Area,549300I3HDJ5QJNFPZ87,3,1605000.0,0,0.0,0,0.0,3,1605000.0,0.0
2023,Bay Area,549300I43FC7P0IJMR13,1,395000.0,0,0.0,0,0.0,1,395000.0,0.0
2023,Bay Area,549300ID4RCRD8BXYH30,1,955000.0,0,0.0,0,0.0,1,955000.0,0.0
2023,Bay Area,549300IFOE4SCP384147,4,2210000.0,0,0.0,0,0.0,4,2210000.0,0.0
2023,Bay Area,549300IIYO1S63GOQ040,2,3150000.0,0,0.0,0,0.0,2,3150000.0,0.0
2023,Bay Area,549300IKS3MMB5YK6T18,68,119300000.0,0,0.0,0,0.0,68,119300000.0,0.0
2023,Bay Area,549300ILIUB22RTQKQ27,1,415000.0,0,0.0,0,0.0,1,415000.0,0.0
2023,Bay Area,549300INFJ8TYNZ1G568,231,317715000.0,0,0.0,0,0.0,231,317715000.0,0.0
2023,Bay Area,549300IPUHFA5O769M51,170,109400000.0,0,0.0,0,0.0,170,109400000.0,0.0
2023,Bay Area,549300IRXW9RSZM2B951,19,17055000.0,0,0.0,0,0.0,19,17055000.0,0.0
2023,Bay Area,549300ISCZS1R0CJMO47,8,4710000.0,0,0.0,0,0.0,8,4710000.0,0.0
2023,Bay Area,549300J6N77Q8OHYNF23,91,54295000.0,0,0.0,0,0.0,91,54295000.0,0.0
2023,Bay Area,549300J7I82PNDVU8H22,119,73595000.0,0,0.0,0,0.0,119,73595000.0,0.0
2023,Bay Area,549300J7XKT2BI5WX213,125,68405000.0,0,0.0,0,0.0,125,68405000.0,0.0
2023,Bay Area,549300JKR164SLNO6Y85,2,1240000.0,0,0.0,0,0.0,2,1240000.0,0.0
2023,Bay Area,549300JLXD89NGKXMS84,25,12935000.0,0,0.0,0,0.0,25,12935000.0,0.0
2023,Bay Area,549300JOD3S8ZGZLHP53,182,129890000.0,0,0.0,0,0.0,182,129890000.0,0.0
2023,Bay Area,549300JPGMCMBEJEK584,28,24540000.0,0,0.0,0,0.0,28,24540000.0,0.0
2023,Bay Area,549300JRDGV1559XM376,4,2360000.0,0,0.0,0,0.0,4,2360000.0,0.0
2023,Bay Area,549300JYXTZDSPJEPI44,131,57195000.0,0,0.0,0,0.0,131,57195000.0,0.0
2023,Bay Area,549300JZD4L02YZI3Z50,4,4010000.0,0,0.0,0,0.0,4,4010000.0,0.0
2023,Bay Area,549300K4ZLGS7SRDTL86,38,20820000.0,0,0.0,0,0.0,38,20820000.0,0.0
2023,Bay Area,549300K5R2UQGSNVT989,11,6395000.0,0,0.0,0,0.0,11,6395000.0,0.0
2023,Bay Area,549300K6K2IS7FRS7S09,6,3520000.0,0,0.0,0,0.0,6,3520000.0,0.0
2023,Bay Area,549300KDDWLC5I8K6C44,3,1795000.0,0,0.0,0,0.0,3,1795000.0,0.0
2023,Bay Area,549300KDR80I1ELW8D36,1,575000.0,0,0.0,0,0.0,1,575000.0,0.0
2023,Bay Area,549300KIOYNU323LVJ37,891,589515000.0,0,0.0,0,0.0,891,589515000.0,0.0
2023,Bay Area,549300KJ8PAJ7E52HG32,26,15930000.0,0,0.0,0,0.0,26,15930000.0,0.0
2023,Bay Area,549300KM40FP4MSQU941,8,6360000.0,0,0.0,0,0.0,8,6360000.0,0.0
2023,Bay Area,549300KQHWNSVCE2MY88,13,8195000.0,0,0.0,0,0.0,13,8195000.0,0.0
2023,Bay Area,549300KR4ZW8KJC82O47,1,655000.0,0,0.0,0,0.0,1,655000.0,0.0
2023,Bay Area,549300KSOOZZVXCMA627,19,19245000.0,0,0.0,0,0.0,19,19245000.0,0.0
2023,Bay Area,549300KT5OWPGQKWUN86,1,255000.0,0,0.0,0,0.0,1,255000.0,0.0
2023,Bay Area,549300KTR1JGH3K6LU06,37,33035000.0,0,0.0,0,0.0,37,33035000.0,0.0
2023,Bay Area,549300KW3HYVC06WS898,5,2675000.0,0,0.0,0,0.0,5,2675000.0,0.0
2023,Bay Area,549300KX4S1573HISS22,6,3890000.0,0,0.0,0,0.0,6,3890000.0,0.0
2023,Bay Area,549300KX6E1IE2LM5E30,35,49085000.0,1,1055000.0,0,0.0,34,48030000.0,2.857142857142857
2023,Bay Area,549300KZC4KKV3F7W494,4,2760000.0,0,0.0,0,0.0,4,2760000.0,0.0
2023,Bay Area,549300LBCBNR1OT00651,136,59020000.0,0,0.0,0,0.0,136,59020000.0,0.0
2023,Bay Area,549300LF0MZUT1N6QL28,1,305000.0,0,0.0,0,0.0,1,305000.0,0.0
2023,Bay Area,549300LH06ZZHKPX5U83,11,7365000.0,0,0.0,0,0.0,11,7365000.0,0.0
2023,Bay Area,549300LHJR6FIWIU8E25,2,1530000.0,0,0.0,0,0.0,2,1530000.0,0.0
2023,Bay Area,549300LI3FDGO7UKFF39,1,425000.0,0,0.0,0,0.0,1,425000.0,0.0
2023,Bay Area,549300LLESTPOVRG3X73,4,2820000.0,0,0.0,0,0.0,4,2820000.0,0.0
2023,Bay Area,549300LP0CV2MNC1GV68,1,755000.0,0,0.0,0,0.0,1,755000.0,0.0
2023,Bay Area,549300LROQOOQU77WS20,6,3890000.0,0,0.0,0,0.0,6,3890000.0,0.0
2023,Bay Area,549300LU20D3H1812W20,3,1915000.0,0,0.0,0,0.0,3,1915000.0,0.0
2023,Bay Area,549300LYRWPSYPK6S325,66,37730000.0,0,0.0,0,0.0,66,37730000.0,0.0
2023,Bay Area,549300MCIFZSDHUT8X63,55,31545000.0,0,0.0,0,0.0,55,31545000.0,0.0
2023,Bay Area,549300MD3D3OC2CSGX39,12,6480000.0,0,0.0,0,0.0,12,6480000.0,0.0
2023,Bay Area,549300MFY0P4D234OB91,1,585000.0,0,0.0,0,0.0,1,585000.0,0.0
2023,Bay Area,549300MGPZBLQDIL7538,279,176695000.0,0,0.0,0,0.0,279,176695000.0,0.0
2023,Bay Area,549300MQDQ3TUIDR0R90,14,13600000.0,0,0.0,0,0.0,14,13600000.0,0.0
2023,Bay Area,549300MUXFVZKH4XLG17,4,2600000.0,0,0.0,0,0.0,4,2600000.0,0.0
2023,Bay Area,549300MZ8VZJOVC63092,231,148925000.0,0,0.0,0,0.0,231,148925000.0,0.0
2023,Bay Area,549300N3JBQ15RQ7AV97,3,2745000.0,0,0.0,0,0.0,3,2745000.0,0.0
2023,Bay Area,549300NFPC3Y4W3Y7R87,34,27780000.0,0,0.0,0,0.0,34,27780000.0,0.0
2023,Bay Area,549300NJVKCDJA5YC939,67,40685000.0,0,0.0,0,0.0,67,40685000.0,0.0
2023,Bay Area,549300NLJI4QKZ3D0G94,17,23535000.0,0,0.0,0,0.0,17,23535000.0,0.0
2023,Bay Area,549300NOCASXPA34X033,10,5130000.0,0,0.0,0,0.0,10,5130000.0,0.0
2023,Bay Area,549300NT030LXB2A8T82,1,255000.0,0,0.0,0,0.0,1,255000.0,0.0
2023,Bay Area,549300NWBS6MQJX15N44,85,79175000.0,0,0.0,0,0.0,85,79175000.0,0.0
2023,Bay Area,549300O1ESL3X18LPG95,5,5335000.0,0,0.0,0,0.0,5,5335000.0,0.0
2023,Bay Area,549300O2EZG72LO2FX38,1,655000.0,0,0.0,0,0.0,1,655000.0,0.0
2023,Bay Area,549300O6Z0I6KYMESL47,306,221810000.0,0,0.0,0,0.0,306,221810000.0,0.0
2023,Bay Area,549300ONBM4MGXXBTA44,19,11895000.0,0,0.0,0,0.0,19,11895000.0,0.0
2023,Bay Area,549300OPB0G5OMY0SM65,95,70365000.0,0,0.0,0,0.0,95,70365000.0,0.0
2023,Bay Area,549300OPCWU6E72WUT29,29,15515000.0,0,0.0,0,0.0,29,15515000.0,0.0
2023,Bay Area,549300OSY236S7MBKO83,16,2990000.0,0,0.0,0,0.0,16,2990000.0,0.0
2023,Bay Area,549300P1347BFCBHJV60,1,725000.0,0,0.0,0,0.0,1,725000.0,0.0
2023,Bay Area,549300P2GEYNMH5OQA71,1,625000.0,0,0.0,0,0.0,1,625000.0,0.0
2023,Bay Area,549300P55E0GN57DEV03,1,1035000.0,0,0.0,0,0.0,1,1035000.0,0.0
2023,Bay Area,549300PBTV7FCWLSMM53,2,1320000.0,0,0.0,0,0.0,2,1320000.0,0.0
2023,Bay Area,549300PC4MFWQBNVKG88,3,1975000.0,0,0.0,0,0.0,3,1975000.0,0.0
2023,Bay Area,549300PEQH6YK4DH0490,1,535000.0,0,0.0,0,0.0,1,535000.0,0.0
2023,Bay Area,549300PFJ7GCGDLB2E65,1,455000.0,0,0.0,0,0.0,1,455000.0,0.0
2023,Bay Area,549300PK4T5VBRY4TE47,1,905000.0,0,0.0,0,0.0,1,905000.0,0.0
2023,Bay Area,549300PL267CW8182203,4,2090000.0,0,0.0,0,0.0,4,2090000.0,0.0
2023,Bay Area,549300PL8ER6H23P0Z91,129,94145000.0,0,0.0,0,0.0,129,94145000.0,0.0
2023,Bay Area,549300PRAPL43XPYR044,43,27655000.0,0,0.0,0,0.0,43,27655000.0,0.0
2023,Bay Area,549300PUF6BDR1QRB167,20,2750000.0,0,0.0,0,0.0,20,2750000.0,0.0
2023,Bay Area,549300Q02LGIN9AXKP98,77,74395000.0,0,0.0,0,0.0,77,74395000.0,0.0
2023,Bay Area,549300Q3ROEQU3D1IW91,56,8780000.0,0,0.0,0,0.0,56,8780000.0,0.0
2023,Bay Area,549300Q6YL1SFVPEGV90,5,2155000.0,0,0.0,0,0.0,5,2155000.0,0.0
2023,Bay Area,549300QD23LICPXTPB55,2,1790000.0,0,0.0,0,0.0,2,1790000.0,0.0
2023,Bay Area,549300QD5CQZ9PPP5B09,1,865000.0,0,0.0,0,0.0,1,865000.0,0.0
2023,Bay Area,549300QKL5FUBZ8LSF50,31,20865000.0,0,0.0,0,0.0,31,20865000.0,0.0
2023,Bay Area,549300QNPOF1WCRKLZ94,62,53010000.0,0,0.0,0,0.0,62,53010000.0,0.0
2023,Bay Area,549300QPD4M26VIOFU53,5,4545000.0,0,0.0,0,0.0,5,4545000.0,0.0
2023,Bay Area,549300QSUEE20YO86W39,1,345000.0,0,0.0,0,0.0,1,345000.0,0.0
2023,Bay Area,549300QVGK8WC4HQ3C28,1,575000.0,0,0.0,0,0.0,1,575000.0,0.0
2023,Bay Area,549300QZED00YTPAWQ69,1,165000.0,0,0.0,0,0.0,1,165000.0,0.0
2023,Bay Area,549300R0QZYJMOBCNI97,2,1280000.0,0,0.0,0,0.0,2,1280000.0,0.0
2023,Bay Area,549300R0SXC1JU7ZU290,1,605000.0,0,0.0,0,0.0,1,605000.0,0.0
2023,Bay Area,549300R4F5COFJE0DN81,32,29080000.0,0,0.0,0,0.0,32,29080000.0,0.0
2023,Bay Area,549300R77W0P105C3S50,62,59250000.0,0,0.0,0,0.0,62,59250000.0,0.0
2023,Bay Area,549300R7HGHP2I754087,2,1090000.0,0,0.0,0,0.0,2,1090000.0,0.0
2023,Bay Area,549300R8VPSFM828B312,3,2175000.0,0,0.0,0,0.0,3,2175000.0,0.0
2023,Bay Area,549300R9S3MVDV4MGF56,29,16555000.0,0,0.0,0,0.0,29,16555000.0,0.0
2023,Bay Area,549300RA3E0BUFO7YZ21,21,15235000.0,0,0.0,0,0.0,21,15235000.0,0.0
2023,Bay Area,549300RBX56T2MW5HO19,2,1830000.0,0,0.0,0,0.0,2,1830000.0,0.0
2023,Bay Area,549300RD5IG88VPO6P22,16,11840000.0,0,0.0,0,0.0,16,11840000.0,0.0
2023,Bay Area,549300REENMLD2RN3W58,4,1970000.0,0,0.0,0,0.0,4,1970000.0,0.0
2023,Bay Area,549300REPZK0JXAZ6D94,2,1250000.0,0,0.0,0,0.0,2,1250000.0,0.0
2023,Bay Area,549300RN01LBYR8ZVX74,8,5390000.0,0,0.0,0,0.0,8,5390000.0,0.0
2023,Bay Area,549300RPOGWJRH63HS39,29,17475000.0,0,0.0,0,0.0,29,17475000.0,0.0
2023,Bay Area,549300RYWXR8TL5LIK35,33,17445000.0,0,0.0,0,0.0,33,17445000.0,0.0
2023,Bay Area,549300S1ULK3TJQ8I652,1,395000.0,0,0.0,0,0.0,1,395000.0,0.0
2023,Bay Area,549300S5FVOSK5DQJN30,18,13530000.0,0,0.0,0,0.0,18,13530000.0,0.0
2023,Bay Area,549300S5YL3OH0IVCS62,1,1085000.0,0,0.0,0,0.0,1,1085000.0,0.0
2023,Bay Area,549300S8SHBRCI7UU819,3,2775000.0,0,0.0,0,0.0,3,2775000.0,0.0
2023,Bay Area,549300SELI3XCH3UZW80,3,2565000.0,0,0.0,0,0.0,3,2565000.0,0.0
2023,Bay Area,549300SGD2RNJOEDDS24,35,33335000.0,0,0.0,0,0.0,35,33335000.0,0.0
2023,Bay Area,549300SK2GVCQXPD4S58,43,23125000.0,0,0.0,0,0.0,43,23125000.0,0.0
2023,Bay Area,549300SKHHL7A2K8YV94,54,42680000.0,0,0.0,0,0.0,54,42680000.0,0.0
2023,Bay Area,549300SUCQ1358EGVE89,8,3660000.0,0,0.0,0,0.0,8,3660000.0,0.0
2023,Bay Area,549300SVKVT1EF3U0N48,17,8975000.0,0,0.0,0,0.0,17,8975000.0,0.0
2023,Bay Area,549300SWHFQY2F7RN335,6,5940000.0,0,0.0,0,0.0,6,5940000.0,0.0
2023,Bay Area,549300T7AIY7RU1YDP31,1,645000.0,0,0.0,0,0.0,1,645000.0,0.0
2023,Bay Area,549300T94GSH3C4U5M59,35,34945000.0,0,0.0,0,0.0,35,34945000.0,0.0
2023,Bay Area,549300T9P3WXNMXX0I34,2,620000.0,0,0.0,0,0.0,2,620000.0,0.0
2023,Bay Area,549300TF1E42EUFBSL45,22,12680000.0,0,0.0,0,0.0,22,12680000.0,0.0
2023,Bay Area,549300TG5MQ8D4SYP955,2,1960000.0,0,0.0,0,0.0,2,1960000.0,0.0
2023,Bay Area,549300THBFHMP4WJ0323,2,440000.0,0,0.0,0,0.0,2,440000.0,0.0
2023,Bay Area,549300TK6RZQSFXZHV09,16,7930000.0,0,0.0,0,0.0,16,7930000.0,0.0
2023,Bay Area,549300TM179TSKK3HQ94,1,405000.0,0,0.0,0,0.0,1,405000.0,0.0
2023,Bay Area,549300TMY3OACQC9U777,17,12615000.0,0,0.0,0,0.0,17,12615000.0,0.0
2023,Bay Area,549300TTK5T7CZ3UJ084,1,225000.0,0,0.0,0,0.0,1,225000.0,0.0
2023,Bay Area,549300TTPRGSP8DGY569,1,635000.0,0,0.0,0,0.0,1,635000.0,0.0
2023,Bay Area,549300TUQC6OYE8A0Y96,86,46800000.0,0,0.0,0,0.0,86,46800000.0,0.0
2023,Bay Area,549300TWPFOYZ33TOU32,2,1140000.0,0,0.0,0,0.0,2,1140000.0,0.0
2023,Bay Area,549300U3721PJGQZYY68,751,565755000.0,0,0.0,0,0.0,751,565755000.0,0.0
2023,Bay Area,549300U4FBW37LFHW771,1,535000.0,0,0.0,0,0.0,1,535000.0,0.0
2023,Bay Area,549300U7F7T8UG5AI038,11,7265000.0,0,0.0,0,0.0,11,7265000.0,0.0
2023,Bay Area,549300UB5TJ0YPVPT503,195,130805000.0,0,0.0,0,0.0,195,130805000.0,0.0
2023,Bay Area,549300UF3FPC7U6RFC59,5,3865000.0,0,0.0,0,0.0,5,3865000.0,0.0
2023,Bay Area,549300UG7QXKM7KGV847,6,630000.0,0,0.0,0,0.0,6,630000.0,0.0
2023,Bay Area,549300UHEEV73TKCZY62,10,3790000.0,0,0.0,0,0.0,10,3790000.0,0.0
2023,Bay Area,549300UI36AJZ0WZ4U93,148,89970000.0,0,0.0,0,0.0,148,89970000.0,0.0
2023,Bay Area,549300ULXKJUJDK2RQ54,1,535000.0,0,0.0,0,0.0,1,535000.0,0.0
2023,Bay Area,549300UM5S3HZLZHVP89,9,3795000.0,0,0.0,0,0.0,9,3795000.0,0.0
2023,Bay Area,549300UPB8ITF7B1GI03,11,7125000.0,0,0.0,0,0.0,11,7125000.0,0.0
2023,Bay Area,549300UR5AOWTJJ7KZ64,19,18305000.0,0,0.0,0,0.0,19,18305000.0,0.0
2023,Bay Area,549300UT4EN6IH579Q63,2,940000.0,0,0.0,0,0.0,2,940000.0,0.0
2023,Bay Area,549300UV5JQXLGVWIP44,4,2560000.0,0,0.0,0,0.0,4,2560000.0,0.0
2023,Bay Area,549300UVOSI4XZZGUE14,7,3805000.0,0,0.0,0,0.0,7,3805000.0,0.0
2023,Bay Area,549300UVXY7S004OQL53,2,1140000.0,0,0.0,0,0.0,2,1140000.0,0.0
2023,Bay Area,549300UXY7OP0IC38293,13,11695000.0,0,0.0,0,0.0,13,11695000.0,0.0
2023,Bay Area,549300V83GHGVEBS2094,1,405000.0,0,0.0,0,0.0,1,405000.0,0.0
2023,Bay Area,549300VCMRO4ST680C11,17,10825000.0,0,0.0,0,0.0,17,10825000.0,0.0
2023,Bay Area,549300VMX06UV1F7NS76,2,1130000.0,0,0.0,0,0.0,2,1130000.0,0.0
2023,Bay Area,549300VORTI31GZTJL53,85,53055000.0,0,0.0,0,0.0,85,53055000.0,0.0
2023,Bay Area,549300VQUTI5IU7GXT57,4,2870000.0,0,0.0,0,0.0,4,2870000.0,0.0
2023,Bay Area,549300VRYDYOPWK5MO08,24,21620000.0,0,0.0,0,0.0,24,21620000.0,0.0
2023,Bay Area,549300VVH8HHFMWL8536,57,46385000.0,0,0.0,0,0.0,57,46385000.0,0.0
2023,Bay Area,549300VZVN841I2ILS84,1593,1149305000.0,0,0.0,0,0.0,1593,1149305000.0,0.0
2023,Bay Area,549300W0YBCUV18HSR42,56,69610000.0,0,0.0,0,0.0,56,69610000.0,0.0
2023,Bay Area,549300W1HU6IVVIEJ389,1,725000.0,0,0.0,0,0.0,1,725000.0,0.0
2023,Bay Area,549300W45D2J6BT4LX65,12,9680000.0,0,0.0,0,0.0,12,9680000.0,0.0
2023,Bay Area,549300W4FT4H1UWPGU95,1,1365000.0,0,0.0,0,0.0,1,1365000.0,0.0
2023,Bay Area,549300W6J23SLH6AR815,1,205000.0,0,0.0,0,0.0,1,205000.0,0.0
2023,Bay Area,549300WEOD0TL2O6EU67,4,2170000.0,0,0.0,0,0.0,4,2170000.0,0.0
2023,Bay Area,549300WJIJV987NXVC31,5,2765000.0,0,0.0,0,0.0,5,2765000.0,0.0
2023,Bay Area,549300WTZMQSET2VY242,28,19440000.0,0,0.0,0,0.0,28,19440000.0,0.0
2023,Bay Area,549300WXO2FZYE7KAW26,1,725000.0,0,0.0,0,0.0,1,725000.0,0.0
2023,Bay Area,549300WZCZNKQZ3TAU55,1,475000.0,0,0.0,0,0.0,1,475000.0,0.0
2023,Bay Area,549300X72Q5WKCW2QQ95,1,595000.0,0,0.0,0,0.0,1,595000.0,0.0
2023,Bay Area,549300XBOKNEE2CQJL92,2,1710000.0,0,0.0,0,0.0,2,1710000.0,0.0
2023,Bay Area,549300XCVBRR56D08F03,29,16285000.0,0,0.0,0,0.0,29,16285000.0,0.0
2023,Bay Area,549300XQ7B5FIVUNFE29,2,1330000.0,0,0.0,0,0.0,2,1330000.0,0.0
2023,Bay Area,549300XQVJ1XBNFA5536,166,31140000.0,0,0.0,0,0.0,166,31140000.0,0.0
2023,Bay Area,549300XR3B6372SESA46,15,7835000.0,0,0.0,0,0.0,15,7835000.0,0.0
2023,Bay Area,549300XRXBA38J60S618,2,1790000.0,0,0.0,0,0.0,2,1790000.0,0.0
2023,Bay Area,549300XWUSRVVOHPRY47,316,193830000.0,0,0.0,0,0.0,316,193830000.0,0.0
2023,Bay Area,549300XY701IELCE5Q08,55,37915000.0,0,0.0,0,0.0,55,37915000.0,0.0
2023,Bay Area,549300XYLNCM8KWF7B15,1,875000.0,0,0.0,0,0.0,1,875000.0,0.0
2023,Bay Area,549300XYY2S4S7UPJT86,1,385000.0,0,0.0,0,0.0,1,385000.0,0.0
2023,Bay Area,549300Y5Y88FQLI7VE83,24,23840000.0,0,0.0,0,0.0,24,23840000.0,0.0
2023,Bay Area,549300YAYQAARPBTRA72,2,1440000.0,0,0.0,0,0.0,2,1440000.0,0.0
2023,Bay Area,549300YD7XJM19TH5O82,21,16255000.0,0,0.0,0,0.0,21,16255000.0,0.0
2023,Bay Area,549300YIOSILVWW8FH16,4,3550000.0,0,0.0,0,0.0,4,3550000.0,0.0
2023,Bay Area,549300YIQ7S7Z8PIHE53,79,38595000.0,0,0.0,0,0.0,79,38595000.0,0.0
2023,Bay Area,549300YKBMBBIIMQJS94,1,655000.0,0,0.0,0,0.0,1,655000.0,0.0
2023,Bay Area,549300YN94MOAVYW0F52,17,4555000.0,0,0.0,0,0.0,17,4555000.0,0.0
2023,Bay Area,549300YPBBHUEKV1YC68,1,425000.0,0,0.0,0,0.0,1,425000.0,0.0
2023,Bay Area,549300YPSRX7HBRJSR08,19,10385000.0,0,0.0,0,0.0,19,10385000.0,0.0
2023,Bay Area,549300Z66NI4HM439O26,4,4980000.0,0,0.0,0,0.0,4,4980000.0,0.0
2023,Bay Area,549300ZBXINP1Y94CN02,3,2405000.0,0,0.0,0,0.0,3,2405000.0,0.0
2023,Bay Area,549300ZCR1XCLNEEI724,5,4925000.0,0,0.0,0,0.0,5,4925000.0,0.0
2023,Bay Area,549300ZEHLZ064G58146,1,775000.0,0,0.0,0,0.0,1,775000.0,0.0
2023,Bay Area,549300ZGTXNHL5BKQZ27,1,805000.0,0,0.0,0,0.0,1,805000.0,0.0
2023,Bay Area,549300ZIXM1VUXPG4D03,10,8590000.0,0,0.0,0,0.0,10,8590000.0,0.0
2023,Bay Area,549300ZJIC4LOLZH0M42,735,792565000.0,0,0.0,0,0.0,735,792565000.0,0.0
2023,Bay Area,549300ZPP46PTHQ2RF22,14,4650000.0,0,0.0,0,0.0,14,4650000.0,0.0
2023,Bay Area,549300ZPSJZO10ZAX556,2,3180000.0,0,0.0,0,0.0,2,3180000.0,0.0
2023,Bay Area,549300ZS1TR1B4LHX377,6,3170000.0,0,0.0,0,0.0,6,3170000.0,0.0
2023,Bay Area,549300ZWNETGFXTBBY03,4,3070000.0,0,0.0,0,0.0,4,3070000.0,0.0
2023,Bay Area,549300ZZME37MXI1EF14,18,7900000.0,0,0.0,0,0.0,18,7900000.0,0.0
2023,Bay Area,593C3GZG957YOJPS2Z63,22,31710000.0,0,0.0,0,0.0,22,31710000.0,0.0
2023,Bay Area,635400IW1QMK3FNFF894,1,665000.0,0,0.0,0,0.0,1,665000.0,0.0
2023,Bay Area,6BYL5QZYBDK8S7L73M02,2262,2449500000.0,0,0.0,0,0.0,2262,2449500000.0,0.0
2023,Bay Area,6PTKHDJ8HDUF78PFWH30,3,3265000.0,0,0.0,0,0.0,3,3265000.0,0.0
2023,Bay Area,70WY0ID1N53Q4254VH70,18,13750000.0,0,0.0,0,0.0,18,13750000.0,0.0
2023,Bay Area,7H6GLXDRUGQFU57RNE97,1498,1692410000.0,0,0.0,0,0.0,1498,1692410000.0,0.0
2023,Bay Area,8945004XZN3PZQZJW178,22,11040000.0,0,0.0,0,0.0,22,11040000.0,0.0
2023,Bay Area,8WH0EE09O9V05QJZ3V89,72,66580000.0,0,0.0,0,0.0,72,66580000.0,0.0
2023,Bay Area,984500P059VACEAAFA22,11,7975000.0,0,0.0,0,0.0,11,7975000.0,0.0
2023,Bay Area,984500U2F9A83N391A91,32,23850000.0,0,0.0,0,0.0,32,23850000.0,0.0
2023,Bay Area,AD6GFRVSDT01YPT1CS68,1004,1354450000.0,0,0.0,0,0.0,1004,1354450000.0,0.0
2023,Bay Area,B4TYDEB6GKMZO031MB27,2337,2729405000.0,0,0.0,0,0.0,2337,2729405000.0,0.0
2023,Bay Area,C398JSK21YCXWM603F55,31,21955000.0,0,0.0,0,0.0,31,21955000.0,0.0
2023,Bay Area,C5654JQHZUHN0772B561,19,10745000.0,0,0.0,0,0.0,19,10745000.0,0.0
2023,Bay Area,CKVBED0S4DMLKJJ5XH28,30,36190000.0,0,0.0,0,0.0,30,36190000.0,0.0
2023,Bay Area,COINQMNIM6RBU631DD85,2,690000.0,0,0.0,0,0.0,2,690000.0,0.0
2023,Bay Area,DRMSV1Q0EKMEXLAU1P80,86,66820000.0,0,0.0,0,0.0,86,66820000.0,0.0
2023,Bay Area,E57ODZWZ7FF32TWEFA76,1706,2292300000.0,0,0.0,0,0.0,1706,2292300000.0,0.0
2023,Bay Area,F28JOQ8OBWCFUYM0UX93,207,170895000.0,0,0.0,0,0.0,207,170895000.0,0.0
2023,Bay Area,FDXQ75GPEQKRPWABYN63,1,975000.0,0,0.0,0,0.0,1,975000.0,0.0
2023,Bay Area,FT6J43S06X6CLJ0R0B48,37,34135000.0,0,0.0,0,0.0,37,34135000.0,0.0
2023,Bay Area,FU7RSW4CQQY98A2O7J66,1,765000.0,0,0.0,0,0.0,1,765000.0,0.0
2023,Bay Area,GDN5JXQ4P5NZE28ZRC90,2,2190000.0,0,0.0,0,0.0,2,2190000.0,0.0
2023,Bay Area,HIDXEG9BLUJZKBGUT764,4,3820000.0,0,0.0,0,0.0,4,3820000.0,0.0
2023,Bay Area,HUX2X73FUCYHUVH1BK78,7,6995000.0,0,0.0,0,0.0,7,6995000.0,0.0
2023,Bay Area,IFQSIUC9AGQV2NE8CN25,50,30790000.0,0,0.0,0,0.0,50,30790000.0,0.0
2023,Bay Area,IUGPUX5LWRZ3B6KIZ697,123,77875000.0,0,0.0,0,0.0,123,77875000.0,0.0
2023,Bay Area,JJKC32MCHWDI71265Z06,21,20485000.0,0,0.0,0,0.0,21,20485000.0,0.0
2023,Bay Area,KB1H1DSPRFMYMCUFXT09,3173,3923785000.0,0,0.0,0,0.0,3173,3923785000.0,0.0
2023,Bay Area,KD3XUN7C6T14HNAYLU02,22,56000000.0,0,0.0,0,0.0,22,56000000.0,0.0
2023,Bay Area,L9VVX1KT5TFTKS0MLF66,345,385335000.0,0,0.0,0,0.0,345,385335000.0,0.0
2023,Bay Area,PAOOWF3GUFM46FBSP561,15,6275000.0,0,0.0,0,0.0,15,6275000.0,0.0
2023,Bay Area,Q708HHR4LD2B7XIZNO92,7,4875000.0,0,0.0,0,0.0,7,4875000.0,0.0
2023,Bay Area,QFROUN1UWUYU0DVIWD51,8,6000000.0,0,0.0,0,0.0,8,6000000.0,0.0
2023,Bay Area,QOT5WN9RBKQTFRVKEV31,34,37100000.0,0,0.0,0,0.0,34,37100000.0,0.0
2023,Bay Area,RVDPPPGHCGZ40J4VQ731,290,186200000.0,0,0.0,0,0.0,290,186200000.0,0.0
2023,Bay Area,SS1TRMSN6BRNMOREEV51,230,180610000.0,0,0.0,0,0.0,230,180610000.0,0.0
2023,Bay Area,WE0I402RW25AU38DTI13,2,2590000.0,0,0.0,0,0.0,2,2590000.0,0.0
2023,Bay Area,WKN6AF1FCL7BBYGTGI83,7,3365000.0,0,0.0,0,0.0,7,3365000.0,0.0
2023,Bay Area,WWB2V0FCW3A0EE3ZJN75,11,5145000.0,0,0.0,0,0.0,11,5145000.0,0.0
2023,Bay Area,YWC0TIKBQM2JV8L4IV08,1098,1162590000.0,0,0.0,0,0.0,1098,1162590000.0,0.0
2023,Bay Area,ZXMJHJK466PBZTM5F379,15,18455000.0,0,0.0,0,0.0,15,18455000.0,0.0
2023,Seattle/Puget Sound,01KWVG908KE7RKPTNP46,391,225495000.0,0,0.0,0,0.0,391,225495000.0,0.0
2023,Seattle/Puget Sound,1IE8VN30JCEQV1H4R804,141,153315000.0,0,0.0,0,0.0,141,153315000.0,0.0
2023,Seattle/Puget Sound,213800QUAI2VH5YM6310,14,8800000.0,0,0.0,0,0.0,14,8800000.0,0.0
2023,Seattle/Puget Sound,213800XR2TCBQJSF1X93,192,101990000.0,0,0.0,0,0.0,192,101990000.0,0.0
2023,Seattle/Puget Sound,25490018IFQOT83Q7H49,14,7160000.0,0,0.0,0,0.0,14,7160000.0,0.0
2023,Seattle/Puget Sound,2549001SI0EMFPT39035,16,9700000.0,0,0.0,0,0.0,16,9700000.0,0.0
2023,Seattle/Puget Sound,2549002VH9C0PKB8K153,4,2570000.0,0,0.0,0,0.0,4,2570000.0,0.0
2023,Seattle/Puget Sound,254900378RFGMBEKAF12,1,1845000.0,0,0.0,0,0.0,1,1845000.0,0.0
2023,Seattle/Puget Sound,2549004FXPNKCLIN8250,8,5190000.0,0,0.0,0,0.0,8,5190000.0,0.0
2023,Seattle/Puget Sound,2549004XJQQPBYQSMT39,4,1730000.0,0,0.0,0,0.0,4,1730000.0,0.0
2023,Seattle/Puget Sound,2549004Z576VEJBK3N72,5,6295000.0,0,0.0,0,0.0,5,6295000.0,0.0
2023,Seattle/Puget Sound,2549005Q4HZ55QX7YC64,2,720000.0,0,0.0,0,0.0,2,720000.0,0.0
2023,Seattle/Puget Sound,2549005SIVTHG14U2905,2,1900000.0,0,0.0,0,0.0,2,1900000.0,0.0
2023,Seattle/Puget Sound,2549007JZSAICH4GZJ60,1,465000.0,0,0.0,0,0.0,1,465000.0,0.0
2023,Seattle/Puget Sound,2549007LQQOUAPFNHY39,4,2010000.0,0,0.0,0,0.0,4,2010000.0,0.0
2023,Seattle/Puget Sound,2549007ZL90U2M5ZNA78,16,9830000.0,0,0.0,0,0.0,16,9830000.0,0.0
2023,Seattle/Puget Sound,2549008GIE3QVYB2FT28,106,44510000.0,0,0.0,0,0.0,106,44510000.0,0.0
2023,Seattle/Puget Sound,2549008LK3474E9U2888,9,3355000.0,0,0.0,0,0.0,9,3355000.0,0.0
2023,Seattle/Puget Sound,2549008TT6UNYR7AXF54,20,10410000.0,0,0.0,0,0.0,20,10410000.0,0.0
2023,Seattle/Puget Sound,2549009RNMXHS9AICA61,1,855000.0,0,0.0,0,0.0,1,855000.0,0.0
2023,Seattle/Puget Sound,2549009X2AG1P20YAJ63,8,12240000.0,0,0.0,0,0.0,8,12240000.0,0.0
2023,Seattle/Puget Sound,254900BBEPZS8MDE1S61,1,305000.0,0,0.0,0,0.0,1,305000.0,0.0
2023,Seattle/Puget Sound,254900DTLHVWQ7NP7R34,74,39910000.0,0,0.0,0,0.0,74,39910000.0,0.0
2023,Seattle/Puget Sound,254900E6AIE4Z8YQM970,32,19000000.0,0,0.0,0,0.0,32,19000000.0,0.0
2023,Seattle/Puget Sound,254900EZRN0CBEP77K34,1,365000.0,0,0.0,0,0.0,1,365000.0,0.0
2023,Seattle/Puget Sound,254900F9ZTVTX763V835,1,455000.0,0,0.0,0,0.0,1,455000.0,0.0
2023,Seattle/Puget Sound,254900FFZUXK3B729T97,1,325000.0,0,0.0,0,0.0,1,325000.0,0.0
2023,Seattle/Puget Sound,254900FMBXF85WQYV433,5,3375000.0,0,0.0,0,0.0,5,3375000.0,0.0
2023,Seattle/Puget Sound,254900HA4DQWAE0W3342,13,6305000.0,0,0.0,0,0.0,13,6305000.0,0.0
2023,Seattle/Puget Sound,254900HD4RROQDXNWI45,1,355000.0,0,0.0,0,0.0,1,355000.0,0.0
2023,Seattle/Puget Sound,254900HEJ9F73IMPX887,9,5375000.0,0,0.0,0,0.0,9,5375000.0,0.0
2023,Seattle/Puget Sound,254900HIDMT4ZG09RP47,1,485000.0,0,0.0,0,0.0,1,485000.0,0.0
2023,Seattle/Puget Sound,254900I68BOSEM149Q58,1,465000.0,0,0.0,0,0.0,1,465000.0,0.0
2023,Seattle/Puget Sound,254900IEGKUDRDS23V26,2,1390000.0,0,0.0,0,0.0,2,1390000.0,0.0
2023,Seattle/Puget Sound,254900IHSG9OOX0DZH92,9,2605000.0,0,0.0,0,0.0,9,2605000.0,0.0
2023,Seattle/Puget Sound,254900JZN2V0PWFMW808,3,2025000.0,0,0.0,0,0.0,3,2025000.0,0.0
2023,Seattle/Puget Sound,254900KI7219LQKCI772,3,3065000.0,0,0.0,0,0.0,3,3065000.0,0.0
2023,Seattle/Puget Sound,254900LTD432L5CHIZ48,15,14495000.0,0,0.0,0,0.0,15,14495000.0,0.0
2023,Seattle/Puget Sound,254900MHHOS58M9D0445,2,510000.0,0,0.0,0,0.0,2,510000.0,0.0
2023,Seattle/Puget Sound,254900MKY47WU65N1J56,107,66055000.0,0,0.0,0,0.0,107,66055000.0,0.0
2023,Seattle/Puget Sound,254900MNIT450KPDA114,1,355000.0,0,0.0,0,0.0,1,355000.0,0.0
2023,Seattle/Puget Sound,254900N49YI2HHKDPS92,5,2065000.0,0,0.0,0,0.0,5,2065000.0,0.0
2023,Seattle/Puget Sound,254900O28OG3UMHXQY81,11,7835000.0,0,0.0,0,0.0,11,7835000.0,0.0
2023,Seattle/Puget Sound,254900O723MCLR701H50,1,565000.0,0,0.0,0,0.0,1,565000.0,0.0
2023,Seattle/Puget Sound,254900QPRPHIXEAX3L37,18,7310000.0,0,0.0,0,0.0,18,7310000.0,0.0
2023,Seattle/Puget Sound,254900QRD0ZXHH08TX87,1,285000.0,0,0.0,0,0.0,1,285000.0,0.0
2023,Seattle/Puget Sound,254900R9A6TW85BTVS20,16,4360000.0,0,0.0,0,0.0,16,4360000.0,0.0
2023,Seattle/Puget Sound,254900RM3T6WAVE6SA24,2,1150000.0,0,0.0,0,0.0,2,1150000.0,0.0
2023,Seattle/Puget Sound,254900RQX8N4HXJIDK44,2,690000.0,0,0.0,0,0.0,2,690000.0,0.0
2023,Seattle/Puget Sound,254900TG14TB8RKS3U42,34,19190000.0,0,0.0,0,0.0,34,19190000.0,0.0
2023,Seattle/Puget Sound,254900TTZ395IC926125,25,13105000.0,0,0.0,0,0.0,25,13105000.0,0.0
2023,Seattle/Puget Sound,254900V6GCDMRQZ34D96,1,665000.0,0,0.0,0,0.0,1,665000.0,0.0
2023,Seattle/Puget Sound,254900VELJPWWT51WN03,32,16850000.0,0,0.0,0,0.0,32,16850000.0,0.0
2023,Seattle/Puget Sound,254900VHUBSJJKOMBF27,3,1935000.0,0,0.0,0,0.0,3,1935000.0,0.0
2023,Seattle/Puget Sound,254900WEP08K7U7S3A80,10,3700000.0,0,0.0,0,0.0,10,3700000.0,0.0
2023,Seattle/Puget Sound,254900WEQ8ITQNQ9AQ74,9,5125000.0,0,0.0,0,0.0,9,5125000.0,0.0
2023,Seattle/Puget Sound,254900WTZC5SSKIN2M11,97,38845000.0,0,0.0,0,0.0,97,38845000.0,0.0
2023,Seattle/Puget Sound,254900ZFWS2106HWPH46,219,111895000.0,0,0.0,0,0.0,219,111895000.0,0.0
2023,Seattle/Puget Sound,2WHM8VNJH63UN14OL754,48,47780000.0,0,0.0,0,0.0,48,47780000.0,0.0
2023,Seattle/Puget Sound,3Y4U8VZURTYWI1W2K376,82,88800000.0,0,0.0,0,0.0,82,88800000.0,0.0
2023,Seattle/Puget Sound,4EP6JBYBTPTQ47LZOB67,4,6370000.0,0,0.0,0,0.0,4,6370000.0,0.0
2023,Seattle/Puget Sound,54930001NSTOD85LT125,60,31420000.0,0,0.0,0,0.0,60,31420000.0,0.0
2023,Seattle/Puget Sound,54930002O9LLXKR6TF11,9,4505000.0,0,0.0,0,0.0,9,4505000.0,0.0
2023,Seattle/Puget Sound,54930004MLYQ2HKUPN66,75,55985000.0,6,5460000.0,0,0.0,69,50525000.0,8.0
2023,Seattle/Puget Sound,54930007KK7ZS3IJVC25,19,11875000.0,0,0.0,0,0.0,19,11875000.0,0.0
2023,Seattle/Puget Sound,5493000BAKE4VAHVCU55,25,8665000.0,0,0.0,0,0.0,25,8665000.0,0.0
2023,Seattle/Puget Sound,5493000BR75YQF0VQC27,2,870000.0,0,0.0,0,0.0,2,870000.0,0.0
2023,Seattle/Puget Sound,5493000D6RXLNBZQYA47,2,1230000.0,0,0.0,0,0.0,2,1230000.0,0.0
2023,Seattle/Puget Sound,5493000EUC3MM52PJV85,1,705000.0,0,0.0,0,0.0,1,705000.0,0.0
2023,Seattle/Puget Sound,5493000FWM3I2HHQY149,325,180945000.0,0,0.0,0,0.0,325,180945000.0,0.0
2023,Seattle/Puget Sound,5493000H6DFDDJRORG89,22,8510000.0,0,0.0,0,0.0,22,8510000.0,0.0
2023,Seattle/Puget Sound,5493000NYUJT9UC6G261,87,42395000.0,0,0.0,0,0.0,87,42395000.0,0.0
2023,Seattle/Puget Sound,5493000OM9RKJW8W5K82,2,1160000.0,0,0.0,0,0.0,2,1160000.0,0.0
2023,Seattle/Puget Sound,5493000XC2Y1SLXRQP11,3,1465000.0,0,0.0,0,0.0,3,1465000.0,0.0
2023,Seattle/Puget Sound,5493000YNV8IX4VD3X12,3,685000.0,0,0.0,0,0.0,3,685000.0,0.0
2023,Seattle/Puget Sound,5493000ZB0IHPJ66BJ32,15,17385000.0,0,0.0,0,0.0,15,17385000.0,0.0
2023,Seattle/Puget Sound,549300121SF0K2LN2804,150,73560000.0,0,0.0,0,0.0,150,73560000.0,0.0
2023,Seattle/Puget Sound,5493001B4U37VT2ML818,16,5030000.0,0,0.0,0,0.0,16,5030000.0,0.0
2023,Seattle/Puget Sound,5493001GAASLCSP1PB64,18,4980000.0,0,0.0,0,0.0,18,4980000.0,0.0
2023,Seattle/Puget Sound,5493001GCBD5XGNIC815,6,4660000.0,0,0.0,0,0.0,6,4660000.0,0.0
2023,Seattle/Puget Sound,5493001GDRY0EL7VG372,32,16000000.0,0,0.0,0,0.0,32,16000000.0,0.0
2023,Seattle/Puget Sound,5493001HHBUTXHS7TZ96,139,75665000.0,0,0.0,0,0.0,139,75665000.0,0.0
2023,Seattle/Puget Sound,5493001JT9MT3Z3Y3M39,12,7960000.0,0,0.0,0,0.0,12,7960000.0,0.0
2023,Seattle/Puget Sound,5493001PXRJMPLXPG540,6,3070000.0,0,0.0,0,0.0,6,3070000.0,0.0
2023,Seattle/Puget Sound,5493001R92DY5DI1DI85,12,7880000.0,0,0.0,0,0.0,12,7880000.0,0.0
2023,Seattle/Puget Sound,5493001SXWZ4OFP8Z903,567,359785000.0,0,0.0,0,0.0,567,359785000.0,0.0
2023,Seattle/Puget Sound,5493001VH4ZJNSI25781,38,23700000.0,0,0.0,0,0.0,38,23700000.0,0.0
2023,Seattle/Puget Sound,5493001WHVQBGRSWEU75,323,191035000.0,0,0.0,0,0.0,323,191035000.0,0.0
2023,Seattle/Puget Sound,5493001XKL0FTNOJ0866,68,35150000.0,0,0.0,0,0.0,68,35150000.0,0.0
2023,Seattle/Puget Sound,5493001YIUWLFRXQUO81,5,3165000.0,0,0.0,0,0.0,5,3165000.0,0.0
2023,Seattle/Puget Sound,54930021DZJ9CEN11D61,17,7975000.0,0,0.0,0,0.0,17,7975000.0,0.0
2023,Seattle/Puget Sound,54930021QRU8VXNS6152,118,44300000.0,0,0.0,0,0.0,118,44300000.0,0.0
2023,Seattle/Puget Sound,54930021WPEXNHYZUL09,75,33395000.0,0,0.0,0,0.0,75,33395000.0,0.0
2023,Seattle/Puget Sound,54930023DLYUOD6GKQ42,1,335000.0,0,0.0,0,0.0,1,335000.0,0.0
2023,Seattle/Puget Sound,549300249G20MDIDRR27,6,1630000.0,0,0.0,0,0.0,6,1630000.0,0.0
2023,Seattle/Puget Sound,54930028J11BWKUVGX50,11,2555000.0,0,0.0,0,0.0,11,2555000.0,0.0
2023,Seattle/Puget Sound,5493002B2WMHY23GFK92,10,5570000.0,0,0.0,0,0.0,10,5570000.0,0.0
2023,Seattle/Puget Sound,5493002GI63WHHUTUD85,3,1385000.0,0,0.0,0,0.0,3,1385000.0,0.0
2023,Seattle/Puget Sound,5493002QI2ILHHZH8D20,175,99255000.0,0,0.0,0,0.0,175,99255000.0,0.0
2023,Seattle/Puget Sound,5493002QRULT2T40BH09,3,2035000.0,0,0.0,0,0.0,3,2035000.0,0.0
2023,Seattle/Puget Sound,5493002RF1ERFA2XR050,1,605000.0,0,0.0,0,0.0,1,605000.0,0.0
2023,Seattle/Puget Sound,5493002TJKC8NLH1ZP82,2,880000.0,0,0.0,0,0.0,2,880000.0,0.0
2023,Seattle/Puget Sound,5493002XPTKLVFJ8Z103,1,125000.0,0,0.0,0,0.0,1,125000.0,0.0
2023,Seattle/Puget Sound,5493002Y5XYV7DV1ZV88,39,22965000.0,0,0.0,0,0.0,39,22965000.0,0.0
2023,Seattle/Puget Sound,54930030Z1JWTP3SVD16,20,7080000.0,0,0.0,0,0.0,20,7080000.0,0.0
2023,Seattle/Puget Sound,549300323EON4W3CCM44,48,27430000.0,0,0.0,0,0.0,48,27430000.0,0.0
2023,Seattle/Puget Sound,54930034MNPILHP25H80,13,6825000.0,0,0.0,0,0.0,13,6825000.0,0.0
2023,Seattle/Puget Sound,549300370QILXLFUWD20,68,34230000.0,0,0.0,0,0.0,68,34230000.0,0.0
2023,Seattle/Puget Sound,5493003GQDUH26DNNH17,435,226045000.0,0,0.0,0,0.0,435,226045000.0,0.0
2023,Seattle/Puget Sound,5493003NV9L53LK1XI52,2,2560000.0,0,0.0,0,0.0,2,2560000.0,0.0
2023,Seattle/Puget Sound,5493003Q3L1PO9NBVK64,9,7105000.0,0,0.0,0,0.0,9,7105000.0,0.0
2023,Seattle/Puget Sound,5493003T5D4N1CM46J77,496,298100000.0,0,0.0,0,0.0,496,298100000.0,0.0
2023,Seattle/Puget Sound,5493003V40VGM7YDFM54,9,3185000.0,0,0.0,0,0.0,9,3185000.0,0.0
2023,Seattle/Puget Sound,5493003X6Y6JGJKHPA25,1,475000.0,0,0.0,0,0.0,1,475000.0,0.0
2023,Seattle/Puget Sound,54930040HIIQWXRS6K39,42,24500000.0,0,0.0,0,0.0,42,24500000.0,0.0
2023,Seattle/Puget Sound,54930043BMDE130FJ617,225,109425000.0,0,0.0,0,0.0,225,109425000.0,0.0
2023,Seattle/Puget Sound,54930048P8RWCQHQM310,10,6710000.0,0,0.0,0,0.0,10,6710000.0,0.0
2023,Seattle/Puget Sound,54930049L5WINET09Q97,42,16900000.0,0,0.0,0,0.0,42,16900000.0,0.0
2023,Seattle/Puget Sound,5493004AS1SPBQOFDR49,44,22140000.0,0,0.0,0,0.0,44,22140000.0,0.0
2023,Seattle/Puget Sound,5493004F7BXDIUFVPV87,8,5890000.0,0,0.0,0,0.0,8,5890000.0,0.0
2023,Seattle/Puget Sound,5493004RLLKTQS8K7U51,1,955000.0,0,0.0,0,0.0,1,955000.0,0.0
2023,Seattle/Puget Sound,5493004T9SQFCNRQ2L76,1,725000.0,0,0.0,0,0.0,1,725000.0,0.0
2023,Seattle/Puget Sound,5493004WMLN60ZJ2ON46,120,75120000.0,0,0.0,0,0.0,120,75120000.0,0.0
2023,Seattle/Puget Sound,54930052M48FOD3CWA54,68,31370000.0,0,0.0,0,0.0,68,31370000.0,0.0
2023,Seattle/Puget Sound,54930053SM8COVIPIY54,1,535000.0,0,0.0,0,0.0,1,535000.0,0.0
2023,Seattle/Puget Sound,54930054ET8KM4O1D485,33,18235000.0,0,0.0,0,0.0,33,18235000.0,0.0
2023,Seattle/Puget Sound,54930059GZZ7G4G40O53,77,37515000.0,0,0.0,0,0.0,77,37515000.0,0.0
2023,Seattle/Puget Sound,5493005EYZOUVJUXAX38,8,2780000.0,0,0.0,0,0.0,8,2780000.0,0.0
2023,Seattle/Puget Sound,5493005HCI0Y8LUK5S48,8,3860000.0,0,0.0,0,0.0,8,3860000.0,0.0
2023,Seattle/Puget Sound,5493005ICQ3QGEIWV618,5,2155000.0,0,0.0,0,0.0,5,2155000.0,0.0
2023,Seattle/Puget Sound,5493005JPZ3LXXMB0S24,4,3430000.0,0,0.0,0,0.0,4,3430000.0,0.0
2023,Seattle/Puget Sound,5493005PKOSG7MYX0B34,105,53405000.0,0,0.0,0,0.0,105,53405000.0,0.0
2023,Seattle/Puget Sound,54930060G4MDPWHISD89,1039,524445000.0,0,0.0,0,0.0,1039,524445000.0,0.0
2023,Seattle/Puget Sound,54930065B0NVUO52TY13,2,1000000.0,0,0.0,0,0.0,2,1000000.0,0.0
2023,Seattle/Puget Sound,5493006KXUHSYFT7SD10,2,730000.0,0,0.0,0,0.0,2,730000.0,0.0
2023,Seattle/Puget Sound,5493006RIR31ORKYB608,3,975000.0,0,0.0,0,0.0,3,975000.0,0.0
2023,Seattle/Puget Sound,5493006S869XKIESMV41,41,20665000.0,0,0.0,0,0.0,41,20665000.0,0.0
2023,Seattle/Puget Sound,5493006TY8FGNLX44X28,153,75375000.0,0,0.0,0,0.0,153,75375000.0,0.0
2023,Seattle/Puget Sound,54930072OCHTUJOZQB56,1,1635000.0,0,0.0,0,0.0,1,1635000.0,0.0
2023,Seattle/Puget Sound,549300748YYU6VG08N83,14,6540000.0,0,0.0,0,0.0,14,6540000.0,0.0
2023,Seattle/Puget Sound,54930076PACNHY6U9F09,1,345000.0,0,0.0,0,0.0,1,345000.0,0.0
2023,Seattle/Puget Sound,5493007CLWQN2S6IZK91,17,9195000.0,0,0.0,0,0.0,17,9195000.0,0.0
2023,Seattle/Puget Sound,5493007L4GYNO2PUBS09,28,15190000.0,0,0.0,0,0.0,28,15190000.0,0.0
2023,Seattle/Puget Sound,5493007QERYQSQ3QNH02,58,27470000.0,0,0.0,0,0.0,58,27470000.0,0.0
2023,Seattle/Puget Sound,5493007VW2EU20PZYU97,252,127680000.0,0,0.0,0,0.0,252,127680000.0,0.0
2023,Seattle/Puget Sound,5493007ZF78YQRSXQG49,11,5485000.0,0,0.0,0,0.0,11,5485000.0,0.0
2023,Seattle/Puget Sound,54930083D8Q8RK84Y448,29,13305000.0,0,0.0,0,0.0,29,13305000.0,0.0
2023,Seattle/Puget Sound,5493008CPTDVOS570626,3,1125000.0,0,0.0,0,0.0,3,1125000.0,0.0
2023,Seattle/Puget Sound,5493008E4KBJCB6UKR64,1,325000.0,0,0.0,0,0.0,1,325000.0,0.0
2023,Seattle/Puget Sound,5493008GYZEYGLI3NQ97,227,128245000.0,0,0.0,0,0.0,227,128245000.0,0.0
2023,Seattle/Puget Sound,5493008JECR4UE0WVR04,7,3215000.0,0,0.0,0,0.0,7,3215000.0,0.0
2023,Seattle/Puget Sound,5493008NWHQT1R22C024,62,31170000.0,0,0.0,0,0.0,62,31170000.0,0.0
2023,Seattle/Puget Sound,5493008SP1FN4D81IS17,1,935000.0,0,0.0,0,0.0,1,935000.0,0.0
2023,Seattle/Puget Sound,5493008VVXQIDO1EZ460,23,10065000.0,0,0.0,0,0.0,23,10065000.0,0.0
2023,Seattle/Puget Sound,5493008ZTV4S0W9DCX64,26,12330000.0,0,0.0,0,0.0,26,12330000.0,0.0
2023,Seattle/Puget Sound,54930091CYUK2SDZ6D37,7,4515000.0,0,0.0,0,0.0,7,4515000.0,0.0
2023,Seattle/Puget Sound,54930097J3TUZXBXXE75,1,445000.0,0,0.0,0,0.0,1,445000.0,0.0
2023,Seattle/Puget Sound,5493009B17HXCVXTD608,14,8020000.0,0,0.0,0,0.0,14,8020000.0,0.0
2023,Seattle/Puget Sound,5493009BD405QQTMXO12,43,26635000.0,0,0.0,0,0.0,43,26635000.0,0.0
2023,Seattle/Puget Sound,5493009HUMWCHFRDKF12,297,177665000.0,0,0.0,0,0.0,297,177665000.0,0.0
2023,Seattle/Puget Sound,5493009Y8ROUG903AQ21,6,4800000.0,0,0.0,0,0.0,6,4800000.0,0.0
2023,Seattle/Puget Sound,549300A5HHOL2ED18C72,1,715000.0,0,0.0,0,0.0,1,715000.0,0.0
2023,Seattle/Puget Sound,549300A68YW07V5R5G22,1,435000.0,0,0.0,0,0.0,1,435000.0,0.0
2023,Seattle/Puget Sound,549300AENO88GEUWCZ39,104,62910000.0,0,0.0,0,0.0,104,62910000.0,0.0
2023,Seattle/Puget Sound,549300AG10BX85DF5S49,118,53000000.0,0,0.0,0,0.0,118,53000000.0,0.0
2023,Seattle/Puget Sound,549300AG64NHILB7ZP05,682,367290000.0,0,0.0,0,0.0,682,367290000.0,0.0
2023,Seattle/Puget Sound,549300ALNLUNS3Y53T24,10,3280000.0,0,0.0,0,0.0,10,3280000.0,0.0
2023,Seattle/Puget Sound,549300ANF834QIIFUE57,1,615000.0,0,0.0,0,0.0,1,615000.0,0.0
2023,Seattle/Puget Sound,549300AQ3T62GXDU7D76,1291,679765000.0,0,0.0,0,0.0,1291,679765000.0,0.0
2023,Seattle/Puget Sound,549300AT7EB9FJAF0E61,1,1205000.0,0,0.0,0,0.0,1,1205000.0,0.0
2023,Seattle/Puget Sound,549300B0HNWBV7RX2661,1,525000.0,0,0.0,0,0.0,1,525000.0,0.0
2023,Seattle/Puget Sound,549300B2JJHSM77T5Y41,4,1080000.0,0,0.0,0,0.0,4,1080000.0,0.0
2023,Seattle/Puget Sound,549300B4IYL7TZT8FA34,391,193725000.0,0,0.0,0,0.0,391,193725000.0,0.0
2023,Seattle/Puget Sound,549300B4JDSKWJR1NR35,2,1230000.0,0,0.0,0,0.0,2,1230000.0,0.0
2023,Seattle/Puget Sound,549300B81YWV4GBENI49,2,1110000.0,0,0.0,0,0.0,2,1110000.0,0.0
2023,Seattle/Puget Sound,549300BFJ8COFCPOMU05,4,1630000.0,0,0.0,0,0.0,4,1630000.0,0.0
2023,Seattle/Puget Sound,549300BLL6VL7AXWYP56,75,34895000.0,0,0.0,0,0.0,75,34895000.0,0.0
2023,Seattle/Puget Sound,549300BOXNV8VLRBDT24,5,1955000.0,0,0.0,0,0.0,5,1955000.0,0.0
2023,Seattle/Puget Sound,549300BX448ALT10FI43,144,77790000.0,0,0.0,0,0.0,144,77790000.0,0.0
2023,Seattle/Puget Sound,549300BXWU32AYWT1A56,21,15645000.0,0,0.0,0,0.0,21,15645000.0,0.0
2023,Seattle/Puget Sound,549300C04BJ0G297NC13,36,19010000.0,0,0.0,0,0.0,36,19010000.0,0.0
2023,Seattle/Puget Sound,549300C20KZIWPASBC15,28,14010000.0,0,0.0,0,0.0,28,14010000.0,0.0
2023,Seattle/Puget Sound,549300C232ZWY1I57C16,2,1630000.0,0,0.0,0,0.0,2,1630000.0,0.0
2023,Seattle/Puget Sound,549300CB67L6KPJLHE19,217,28405000.0,0,0.0,0,0.0,217,28405000.0,0.0
2023,Seattle/Puget Sound,549300CK7U1WMTIG6687,4,3580000.0,0,0.0,0,0.0,4,3580000.0,0.0
2023,Seattle/Puget Sound,549300CLRXFVF83ZL806,5,2285000.0,0,0.0,0,0.0,5,2285000.0,0.0
2023,Seattle/Puget Sound,549300CM7HYHZ1MEJ624,1,985000.0,0,0.0,0,0.0,1,985000.0,0.0
2023,Seattle/Puget Sound,549300CY7WNAHKHYSJ73,659,415625000.0,0,0.0,0,0.0,659,415625000.0,0.0
2023,Seattle/Puget Sound,549300D214S3L7KZ0515,2,760000.0,0,0.0,0,0.0,2,760000.0,0.0
2023,Seattle/Puget Sound,549300DCGBXW5FJMV921,47,26735000.0,0,0.0,0,0.0,47,26735000.0,0.0
2023,Seattle/Puget Sound,549300DD4R4SYK5RAQ92,2389,1330785000.0,0,0.0,0,0.0,2389,1330785000.0,0.0
2023,Seattle/Puget Sound,549300DD5QQUHO6PCH70,566,278790000.0,0,0.0,0,0.0,566,278790000.0,0.0
2023,Seattle/Puget Sound,549300DDLYW49R2HCV81,1,575000.0,0,0.0,0,0.0,1,575000.0,0.0
2023,Seattle/Puget Sound,549300DK7QID2ZON6Q55,235,140645000.0,0,0.0,0,0.0,235,140645000.0,0.0
2023,Seattle/Puget Sound,549300DKYWYDD1KM2515,2,1570000.0,0,0.0,0,0.0,2,1570000.0,0.0
2023,Seattle/Puget Sound,549300DNWSJUNAWUM003,1,265000.0,0,0.0,0,0.0,1,265000.0,0.0
2023,Seattle/Puget Sound,549300DT7WZ1SOTNFJ62,2,1100000.0,0,0.0,0,0.0,2,1100000.0,0.0
2023,Seattle/Puget Sound,549300E2UX99HKDBR481,550,287800000.0,0,0.0,0,0.0,550,287800000.0,0.0
2023,Seattle/Puget Sound,549300EBBK4MF6IWR304,2,1230000.0,0,0.0,0,0.0,2,1230000.0,0.0
2023,Seattle/Puget Sound,549300EFCZM6KD6B8K69,5,4675000.0,0,0.0,0,0.0,5,4675000.0,0.0
2023,Seattle/Puget Sound,549300EHWBP6UP4Y8J37,2,1180000.0,0,0.0,0,0.0,2,1180000.0,0.0
2023,Seattle/Puget Sound,549300EKFFG3BU8DNX74,32,23330000.0,0,0.0,0,0.0,32,23330000.0,0.0
2023,Seattle/Puget Sound,549300ELLMUEKP1JHB70,5,2015000.0,0,0.0,0,0.0,5,2015000.0,0.0
2023,Seattle/Puget Sound,549300EMNQ2QLOEPQ289,1,365000.0,0,0.0,0,0.0,1,365000.0,0.0
2023,Seattle/Puget Sound,549300ESRQ6OLBB56N04,4,2090000.0,0,0.0,0,0.0,4,2090000.0,0.0
2023,Seattle/Puget Sound,549300F570XAWYN8Z237,2,680000.0,0,0.0,0,0.0,2,680000.0,0.0
2023,Seattle/Puget Sound,549300F6NSBOJBM9ED39,6,7120000.0,0,0.0,0,0.0,6,7120000.0,0.0
2023,Seattle/Puget Sound,549300F6Y1YO2YXN6135,4,4160000.0,0,0.0,0,0.0,4,4160000.0,0.0
2023,Seattle/Puget Sound,549300F8C5JA44WNMI75,4,1920000.0,0,0.0,0,0.0,4,1920000.0,0.0
2023,Seattle/Puget Sound,549300FGXN1K3HLB1R50,2659,1297855000.0,0,0.0,0,0.0,2659,1297855000.0,0.0
2023,Seattle/Puget Sound,549300FK3AFCFVAPH234,2,2080000.0,0,0.0,0,0.0,2,2080000.0,0.0
2023,Seattle/Puget Sound,549300FNXYY540N23N64,423,208765000.0,0,0.0,0,0.0,423,208765000.0,0.0
2023,Seattle/Puget Sound,549300FVD3YHE65PKH97,11,5665000.0,0,0.0,0,0.0,11,5665000.0,0.0
2023,Seattle/Puget Sound,549300FWQNRPTKXB8G79,46,21040000.0,0,0.0,0,0.0,46,21040000.0,0.0
2023,Seattle/Puget Sound,549300FX7K8PTEQUU487,38,19420000.0,0,0.0,0,0.0,38,19420000.0,0.0
2023,Seattle/Puget Sound,549300G4ESSS6M0MEG51,330,236410000.0,0,0.0,0,0.0,330,236410000.0,0.0
2023,Seattle/Puget Sound,549300G4JDIJPBEO8J84,1,715000.0,0,0.0,0,0.0,1,715000.0,0.0
2023,Seattle/Puget Sound,549300G5DVGM0ZHRQC33,3,1165000.0,0,0.0,0,0.0,3,1165000.0,0.0
2023,Seattle/Puget Sound,549300GDBIZCOI6TMO49,1,2075000.0,0,0.0,0,0.0,1,2075000.0,0.0
2023,Seattle/Puget Sound,549300GE8KIGZVQV1223,3,1865000.0,0,0.0,0,0.0,3,1865000.0,0.0
2023,Seattle/Puget Sound,549300GKFNPRWNS0GF29,787,452715000.0,0,0.0,0,0.0,787,452715000.0,0.0
2023,Seattle/Puget Sound,549300GQDT484LGI9C04,14,5110000.0,0,0.0,0,0.0,14,5110000.0,0.0
2023,Seattle/Puget Sound,549300GRGZDEH4ZGQS06,10,4960000.0,0,0.0,0,0.0,10,4960000.0,0.0
2023,Seattle/Puget Sound,549300GS0W0TEUQS8571,170,174270000.0,0,0.0,0,0.0,170,174270000.0,0.0
2023,Seattle/Puget Sound,549300GS6ONO04ORI292,8,4300000.0,0,0.0,0,0.0,8,4300000.0,0.0
2023,Seattle/Puget Sound,549300GSCUJKJINRJ980,1,205000.0,0,0.0,0,0.0,1,205000.0,0.0
2023,Seattle/Puget Sound,549300GTVXJ2PGXNLM73,169,86925000.0,0,0.0,0,0.0,169,86925000.0,0.0
2023,Seattle/Puget Sound,549300GUS13Z72B6KD63,3,1825000.0,0,0.0,0,0.0,3,1825000.0,0.0
2023,Seattle/Puget Sound,549300GWD9H4FQ2VR805,45,49255000.0,0,0.0,0,0.0,45,49255000.0,0.0
2023,Seattle/Puget Sound,549300GY4NTTEM7WWB64,15,8385000.0,0,0.0,0,0.0,15,8385000.0,0.0
2023,Seattle/Puget Sound,549300H3IZO24NSOO931,477,277615000.0,0,0.0,0,0.0,477,277615000.0,0.0
2023,Seattle/Puget Sound,549300HIVO8XPBPNVG69,179,81955000.0,0,0.0,0,0.0,179,81955000.0,0.0
2023,Seattle/Puget Sound,549300HRLROF7PLJ6735,7,5075000.0,0,0.0,0,0.0,7,5075000.0,0.0
2023,Seattle/Puget Sound,549300HVW3AI97UKTO72,11,5185000.0,0,0.0,0,0.0,11,5185000.0,0.0
2023,Seattle/Puget Sound,549300HW662MN1WU8550,3187,1759775000.0,0,0.0,0,0.0,3187,1759775000.0,0.0
2023,Seattle/Puget Sound,549300I1HK1BBZLKOB84,12,7770000.0,0,0.0,0,0.0,12,7770000.0,0.0
2023,Seattle/Puget Sound,549300I43FC7P0IJMR13,3,1155000.0,0,0.0,0,0.0,3,1155000.0,0.0
2023,Seattle/Puget Sound,549300ID4RCRD8BXYH30,2,940000.0,0,0.0,0,0.0,2,940000.0,0.0
2023,Seattle/Puget Sound,549300IEP77RKJ87Z176,1,545000.0,0,0.0,0,0.0,1,545000.0,0.0
2023,Seattle/Puget Sound,549300IJO7NO6VDZPD35,2,1230000.0,0,0.0,0,0.0,2,1230000.0,0.0
2023,Seattle/Puget Sound,549300IKS3MMB5YK6T18,13,19005000.0,0,0.0,0,0.0,13,19005000.0,0.0
2023,Seattle/Puget Sound,549300ILIUB22RTQKQ27,2,3150000.0,0,0.0,0,0.0,2,3150000.0,0.0
2023,Seattle/Puget Sound,549300INFJ8TYNZ1G568,73,89655000.0,0,0.0,0,0.0,73,89655000.0,0.0
2023,Seattle/Puget Sound,549300IRXW9RSZM2B951,7,3905000.0,0,0.0,0,0.0,7,3905000.0,0.0
2023,Seattle/Puget Sound,549300ISCZS1R0CJMO47,34,21280000.0,0,0.0,0,0.0,34,21280000.0,0.0
2023,Seattle/Puget Sound,549300J6N77Q8OHYNF23,49,24615000.0,0,0.0,0,0.0,49,24615000.0,0.0
2023,Seattle/Puget Sound,549300J7I82PNDVU8H22,15,10975000.0,0,0.0,0,0.0,15,10975000.0,0.0
2023,Seattle/Puget Sound,549300J7XKT2BI5WX213,520,286760000.0,0,0.0,0,0.0,520,286760000.0,0.0
2023,Seattle/Puget Sound,549300JD1162QW84ZO34,11,765000.0,0,0.0,0,0.0,11,765000.0,0.0
2023,Seattle/Puget Sound,549300JKR164SLNO6Y85,1,605000.0,0,0.0,0,0.0,1,605000.0,0.0
2023,Seattle/Puget Sound,549300JOD3S8ZGZLHP53,2,830000.0,0,0.0,0,0.0,2,830000.0,0.0
2023,Seattle/Puget Sound,549300JOT0D4J0SZIK67,1,315000.0,0,0.0,0,0.0,1,315000.0,0.0
2023,Seattle/Puget Sound,549300JPGMCMBEJEK584,21,16085000.0,0,0.0,0,0.0,21,16085000.0,0.0
2023,Seattle/Puget Sound,549300JYXTZDSPJEPI44,25,14685000.0,0,0.0,0,0.0,25,14685000.0,0.0
2023,Seattle/Puget Sound,549300JZD4L02YZI3Z50,1,485000.0,0,0.0,0,0.0,1,485000.0,0.0
2023,Seattle/Puget Sound,549300K4ZLGS7SRDTL86,21,9445000.0,0,0.0,0,0.0,21,9445000.0,0.0
2023,Seattle/Puget Sound,549300K6K2IS7FRS7S09,12,6460000.0,0,0.0,0,0.0,12,6460000.0,0.0
2023,Seattle/Puget Sound,549300KDR80I1ELW8D36,4,4510000.0,0,0.0,0,0.0,4,4510000.0,0.0
2023,Seattle/Puget Sound,549300KHXD7JSQUZIJ22,87,49955000.0,0,0.0,0,0.0,87,49955000.0,0.0
2023,Seattle/Puget Sound,549300KIOYNU323LVJ37,1163,611125000.0,0,0.0,0,0.0,1163,611125000.0,0.0
2023,Seattle/Puget Sound,549300KJ8PAJ7E52HG32,33,19355000.0,0,0.0,0,0.0,33,19355000.0,0.0
2023,Seattle/Puget Sound,549300KJONXRDR2YPQ42,36,14360000.0,0,0.0,0,0.0,36,14360000.0,0.0
2023,Seattle/Puget Sound,549300KM40FP4MSQU941,2232,1322710000.0,0,0.0,0,0.0,2232,1322710000.0,0.0
2023,Seattle/Puget Sound,549300KPBZCTMM3Y0061,1,725000.0,0,0.0,0,0.0,1,725000.0,0.0
2023,Seattle/Puget Sound,549300KQHWNSVCE2MY88,5,2565000.0,0,0.0,0,0.0,5,2565000.0,0.0
2023,Seattle/Puget Sound,549300KR4ZW8KJC82O47,1,435000.0,0,0.0,0,0.0,1,435000.0,0.0
2023,Seattle/Puget Sound,549300KSOOZZVXCMA627,6,5890000.0,0,0.0,0,0.0,6,5890000.0,0.0
2023,Seattle/Puget Sound,549300KTR1JGH3K6LU06,10,7490000.0,0,0.0,0,0.0,10,7490000.0,0.0
2023,Seattle/Puget Sound,549300KUIZTYQRC0R888,3,3045000.0,0,0.0,0,0.0,3,3045000.0,0.0
2023,Seattle/Puget Sound,549300KW705BBINDIZ26,1,705000.0,0,0.0,0,0.0,1,705000.0,0.0
2023,Seattle/Puget Sound,549300KX4S1573HISS22,6,5290000.0,0,0.0,0,0.0,6,5290000.0,0.0
2023,Seattle/Puget Sound,549300KX6E1IE2LM5E30,58,54200000.0,0,0.0,0,0.0,58,54200000.0,0.0
2023,Seattle/Puget Sound,549300KZVCKCUN23YY80,1,475000.0,0,0.0,0,0.0,1,475000.0,0.0
2023,Seattle/Puget Sound,549300L9MOPDT0NKE883,1,105000.0,0,0.0,0,0.0,1,105000.0,0.0
2023,Seattle/Puget Sound,549300LBCBNR1OT00651,203,73905000.0,0,0.0,0,0.0,203,73905000.0,0.0
2023,Seattle/Puget Sound,549300LH06ZZHKPX5U83,20,11610000.0,0,0.0,0,0.0,20,11610000.0,0.0
2023,Seattle/Puget Sound,549300LIZH7VW4DFJK44,1,355000.0,0,0.0,0,0.0,1,355000.0,0.0
2023,Seattle/Puget Sound,549300LLESTPOVRG3X73,12,7130000.0,0,0.0,0,0.0,12,7130000.0,0.0
2023,Seattle/Puget Sound,549300LLKEKXL2RM1F61,3,1465000.0,0,0.0,0,0.0,3,1465000.0,0.0
2023,Seattle/Puget Sound,549300LP0CV2MNC1GV68,3,1955000.0,0,0.0,0,0.0,3,1955000.0,0.0
2023,Seattle/Puget Sound,549300LROQOOQU77WS20,1,1205000.0,0,0.0,0,0.0,1,1205000.0,0.0
2023,Seattle/Puget Sound,549300LXKO1O7CSK5J52,1,405000.0,0,0.0,0,0.0,1,405000.0,0.0
2023,Seattle/Puget Sound,549300LYRWPSYPK6S325,230,103900000.0,0,0.0,0,0.0,230,103900000.0,0.0
2023,Seattle/Puget Sound,549300M8WGW2D17CZD19,2,1270000.0,0,0.0,0,0.0,2,1270000.0,0.0
2023,Seattle/Puget Sound,549300MCIFZSDHUT8X63,459,261615000.0,0,0.0,0,0.0,459,261615000.0,0.0
2023,Seattle/Puget Sound,549300MGPZBLQDIL7538,2161,1135665000.0,0,0.0,0,0.0,2161,1135665000.0,0.0
2023,Seattle/Puget Sound,549300ML3H1LUVR1FP75,42,15070000.0,0,0.0,0,0.0,42,15070000.0,0.0
2023,Seattle/Puget Sound,549300MP3KK77THHQT36,5,2155000.0,0,0.0,0,0.0,5,2155000.0,0.0
2023,Seattle/Puget Sound,549300MQDQ3TUIDR0R90,1,325000.0,0,0.0,0,0.0,1,325000.0,0.0
2023,Seattle/Puget Sound,549300MUXFVZKH4XLG17,6,2630000.0,0,0.0,0,0.0,6,2630000.0,0.0
2023,Seattle/Puget Sound,549300MZ8VZJOVC63092,103,58695000.0,0,0.0,0,0.0,103,58695000.0,0.0
2023,Seattle/Puget Sound,549300N3JBQ15RQ7AV97,4,1950000.0,0,0.0,0,0.0,4,1950000.0,0.0
2023,Seattle/Puget Sound,549300N52O6FKUCU5G62,3,3385000.0,0,0.0,0,0.0,3,3385000.0,0.0
2023,Seattle/Puget Sound,549300NFPC3Y4W3Y7R87,51,27185000.0,0,0.0,0,0.0,51,27185000.0,0.0
2023,Seattle/Puget Sound,549300NJVKCDJA5YC939,22,12610000.0,0,0.0,0,0.0,22,12610000.0,0.0
2023,Seattle/Puget Sound,549300NLJI4QKZ3D0G94,1,525000.0,0,0.0,0,0.0,1,525000.0,0.0
2023,Seattle/Puget Sound,549300NN0PRX3I4QGG46,7,2975000.0,0,0.0,0,0.0,7,2975000.0,0.0
2023,Seattle/Puget Sound,549300NOCASXPA34X033,53,19075000.0,0,0.0,0,0.0,53,19075000.0,0.0
2023,Seattle/Puget Sound,549300NWBS6MQJX15N44,115,66215000.0,0,0.0,0,0.0,115,66215000.0,0.0
2023,Seattle/Puget Sound,549300O2EZG72LO2FX38,3,1615000.0,0,0.0,0,0.0,3,1615000.0,0.0
2023,Seattle/Puget Sound,549300O5WDIJU8S7OI05,10,4780000.0,0,0.0,0,0.0,10,4780000.0,0.0
2023,Seattle/Puget Sound,549300O6Z0I6KYMESL47,49,32965000.0,0,0.0,0,0.0,49,32965000.0,0.0
2023,Seattle/Puget Sound,549300OBJRCHJ0G6XU24,3,1775000.0,0,0.0,0,0.0,3,1775000.0,0.0
2023,Seattle/Puget Sound,549300OBO7DOF2KOP535,2,790000.0,0,0.0,0,0.0,2,790000.0,0.0
2023,Seattle/Puget Sound,549300OHLAHJ10DFF198,4,1770000.0,0,0.0,0,0.0,4,1770000.0,0.0
2023,Seattle/Puget Sound,549300ONBM4MGXXBTA44,65,27625000.0,0,0.0,0,0.0,65,27625000.0,0.0
2023,Seattle/Puget Sound,549300OPB0G5OMY0SM65,7,4065000.0,0,0.0,0,0.0,7,4065000.0,0.0
2023,Seattle/Puget Sound,549300OPCWU6E72WUT29,137,65675000.0,0,0.0,0,0.0,137,65675000.0,0.0
2023,Seattle/Puget Sound,549300OSZK2W0WJYS771,1,405000.0,0,0.0,0,0.0,1,405000.0,0.0
2023,Seattle/Puget Sound,549300OTLWFQPOOSC346,3,195000.0,0,0.0,0,0.0,3,195000.0,0.0
2023,Seattle/Puget Sound,549300OYEKEORA1GI088,3,1485000.0,0,0.0,0,0.0,3,1485000.0,0.0
2023,Seattle/Puget Sound,549300P1347BFCBHJV60,1,835000.0,0,0.0,0,0.0,1,835000.0,0.0
2023,Seattle/Puget Sound,549300P2GEYNMH5OQA71,56,58160000.0,0,0.0,0,0.0,56,58160000.0,0.0
2023,Seattle/Puget Sound,549300P55E0GN57DEV03,3,1785000.0,0,0.0,0,0.0,3,1785000.0,0.0
2023,Seattle/Puget Sound,549300PBTV7FCWLSMM53,82,38400000.0,0,0.0,0,0.0,82,38400000.0,0.0
2023,Seattle/Puget Sound,549300PC4MFWQBNVKG88,19,10985000.0,0,0.0,0,0.0,19,10985000.0,0.0
2023,Seattle/Puget Sound,549300PIL8LFAQ04XC20,1,105000.0,0,0.0,0,0.0,1,105000.0,0.0
2023,Seattle/Puget Sound,549300PL267CW8182203,6,2790000.0,0,0.0,0,0.0,6,2790000.0,0.0
2023,Seattle/Puget Sound,549300PL8ER6H23P0Z91,724,367650000.0,0,0.0,0,0.0,724,367650000.0,0.0
2023,Seattle/Puget Sound,549300Q02LGIN9AXKP98,289,246155000.0,0,0.0,0,0.0,289,246155000.0,0.0
2023,Seattle/Puget Sound,549300Q1WJSOIS2FON98,18,8270000.0,0,0.0,0,0.0,18,8270000.0,0.0
2023,Seattle/Puget Sound,549300Q1YFRSB8UEGH03,1,635000.0,0,0.0,0,0.0,1,635000.0,0.0
2023,Seattle/Puget Sound,549300Q3ROEQU3D1IW91,85,10945000.0,0,0.0,0,0.0,85,10945000.0,0.0
2023,Seattle/Puget Sound,549300Q4JBLTKDC7J303,1,965000.0,0,0.0,0,0.0,1,965000.0,0.0
2023,Seattle/Puget Sound,549300Q50XCC0473FG63,1,255000.0,0,0.0,0,0.0,1,255000.0,0.0
2023,Seattle/Puget Sound,549300QD23LICPXTPB55,2,1160000.0,0,0.0,0,0.0,2,1160000.0,0.0
2023,Seattle/Puget Sound,549300QIUZLVR1OLDH55,1,585000.0,0,0.0,0,0.0,1,585000.0,0.0
2023,Seattle/Puget Sound,549300QKL5FUBZ8LSF50,56,32780000.0,0,0.0,0,0.0,56,32780000.0,0.0
2023,Seattle/Puget Sound,549300R0SXC1JU7ZU290,2,1690000.0,0,0.0,0,0.0,2,1690000.0,0.0
2023,Seattle/Puget Sound,549300R4F5COFJE0DN81,7,4905000.0,0,0.0,0,0.0,7,4905000.0,0.0
2023,Seattle/Puget Sound,549300R77W0P105C3S50,15,12265000.0,0,0.0,0,0.0,15,12265000.0,0.0
2023,Seattle/Puget Sound,549300R7HGHP2I754087,3,1305000.0,0,0.0,0,0.0,3,1305000.0,0.0
2023,Seattle/Puget Sound,549300R9S3MVDV4MGF56,58,21560000.0,0,0.0,0,0.0,58,21560000.0,0.0
2023,Seattle/Puget Sound,549300RA3E0BUFO7YZ21,5,2465000.0,0,0.0,0,0.0,5,2465000.0,0.0
2023,Seattle/Puget Sound,549300RBX56T2MW5HO19,3,1615000.0,0,0.0,0,0.0,3,1615000.0,0.0
2023,Seattle/Puget Sound,549300RD5IG88VPO6P22,42,25320000.0,0,0.0,0,0.0,42,25320000.0,0.0
2023,Seattle/Puget Sound,549300REENMLD2RN3W58,6,2260000.0,0,0.0,0,0.0,6,2260000.0,0.0
2023,Seattle/Puget Sound,549300RN01LBYR8ZVX74,12,6600000.0,0,0.0,0,0.0,12,6600000.0,0.0
2023,Seattle/Puget Sound,549300RPOGWJRH63HS39,30,14790000.0,0,0.0,0,0.0,30,14790000.0,0.0
2023,Seattle/Puget Sound,549300RYWXR8TL5LIK35,2,890000.0,0,0.0,0,0.0,2,890000.0,0.0
2023,Seattle/Puget Sound,549300S8SHBRCI7UU819,3,1715000.0,0,0.0,0,0.0,3,1715000.0,0.0
2023,Seattle/Puget Sound,549300SCFWZXMDMZPE93,10,5240000.0,0,0.0,0,0.0,10,5240000.0,0.0
2023,Seattle/Puget Sound,549300SELI3XCH3UZW80,4,1410000.0,0,0.0,0,0.0,4,1410000.0,0.0
2023,Seattle/Puget Sound,549300SK2GVCQXPD4S58,38,17590000.0,0,0.0,0,0.0,38,17590000.0,0.0
2023,Seattle/Puget Sound,549300SQKZC6HESYGO25,1,305000.0,0,0.0,0,0.0,1,305000.0,0.0
2023,Seattle/Puget Sound,549300SUCQ1358EGVE89,40,16550000.0,0,0.0,0,0.0,40,16550000.0,0.0
2023,Seattle/Puget Sound,549300SVKVT1EF3U0N48,132,84520000.0,0,0.0,0,0.0,132,84520000.0,0.0
2023,Seattle/Puget Sound,549300SWHFQY2F7RN335,4,1300000.0,0,0.0,0,0.0,4,1300000.0,0.0
2023,Seattle/Puget Sound,549300T3F9S1MKFKHC53,2,1400000.0,0,0.0,0,0.0,2,1400000.0,0.0
2023,Seattle/Puget Sound,549300T61O0X0RJMQ375,1,405000.0,0,0.0,0,0.0,1,405000.0,0.0
2023,Seattle/Puget Sound,549300T7AIY7RU1YDP31,1,695000.0,0,0.0,0,0.0,1,695000.0,0.0
2023,Seattle/Puget Sound,549300T94GSH3C4U5M59,13,10865000.0,0,0.0,0,0.0,13,10865000.0,0.0
2023,Seattle/Puget Sound,549300T9P3WXNMXX0I34,185,91345000.0,0,0.0,0,0.0,185,91345000.0,0.0
2023,Seattle/Puget Sound,549300TEBV514KLDE180,3,915000.0,0,0.0,0,0.0,3,915000.0,0.0
2023,Seattle/Puget Sound,549300TK6RZQSFXZHV09,3,1535000.0,0,0.0,0,0.0,3,1535000.0,0.0
2023,Seattle/Puget Sound,549300TM179TSKK3HQ94,2,750000.0,0,0.0,0,0.0,2,750000.0,0.0
2023,Seattle/Puget Sound,549300TMY3OACQC9U777,11,6305000.0,0,0.0,0,0.0,11,6305000.0,0.0
2023,Seattle/Puget Sound,549300TQVOMKNKFOH392,1,665000.0,0,0.0,0,0.0,1,665000.0,0.0
2023,Seattle/Puget Sound,549300TTPRGSP8DGY569,1,315000.0,0,0.0,0,0.0,1,315000.0,0.0
2023,Seattle/Puget Sound,549300TUQC6OYE8A0Y96,4,2010000.0,0,0.0,0,0.0,4,2010000.0,0.0
2023,Seattle/Puget Sound,549300TUSRLWD8ETNR90,3,1265000.0,0,0.0,0,0.0,3,1265000.0,0.0
2023,Seattle/Puget Sound,549300TWPFOYZ33TOU32,104,49760000.0,0,0.0,0,0.0,104,49760000.0,0.0
2023,Seattle/Puget Sound,549300U3721PJGQZYY68,428,236480000.0,0,0.0,0,0.0,428,236480000.0,0.0
2023,Seattle/Puget Sound,549300U8DCOOTG96YM89,141,22135000.0,0,0.0,0,0.0,141,22135000.0,0.0
2023,Seattle/Puget Sound,549300UB5TJ0YPVPT503,83,41525000.0,0,0.0,0,0.0,83,41525000.0,0.0
2023,Seattle/Puget Sound,549300UBGGLZLZEY0M18,41,14605000.0,0,0.0,0,0.0,41,14605000.0,0.0
2023,Seattle/Puget Sound,549300UF3FPC7U6RFC59,18,11070000.0,0,0.0,0,0.0,18,11070000.0,0.0
2023,Seattle/Puget Sound,549300UG7QXKM7KGV847,9,1565000.0,0,0.0,0,0.0,9,1565000.0,0.0
2023,Seattle/Puget Sound,549300UI36AJZ0WZ4U93,112,64140000.0,0,0.0,0,0.0,112,64140000.0,0.0
2023,Seattle/Puget Sound,549300UPB8ITF7B1GI03,1,725000.0,0,0.0,0,0.0,1,725000.0,0.0
2023,Seattle/Puget Sound,549300UR5AOWTJJ7KZ64,19,13015000.0,0,0.0,0,0.0,19,13015000.0,0.0
2023,Seattle/Puget Sound,549300UV5JQXLGVWIP44,21,12435000.0,0,0.0,0,0.0,21,12435000.0,0.0
2023,Seattle/Puget Sound,549300UVOSI4XZZGUE14,12,5530000.0,0,0.0,0,0.0,12,5530000.0,0.0
2023,Seattle/Puget Sound,549300UXY7OP0IC38293,27,12725000.0,0,0.0,0,0.0,27,12725000.0,0.0
2023,Seattle/Puget Sound,549300VCMRO4ST680C11,38,17110000.0,0,0.0,0,0.0,38,17110000.0,0.0
2023,Seattle/Puget Sound,549300VJQJVZKJBDWS17,4,1550000.0,0,0.0,0,0.0,4,1550000.0,0.0
2023,Seattle/Puget Sound,549300VMX06UV1F7NS76,1,485000.0,0,0.0,0,0.0,1,485000.0,0.0
2023,Seattle/Puget Sound,549300VORTI31GZTJL53,163,92345000.0,0,0.0,0,0.0,163,92345000.0,0.0
2023,Seattle/Puget Sound,549300VQUTI5IU7GXT57,3,1785000.0,0,0.0,0,0.0,3,1785000.0,0.0
2023,Seattle/Puget Sound,549300VVH8HHFMWL8536,2,1230000.0,0,0.0,0,0.0,2,1230000.0,0.0
2023,Seattle/Puget Sound,549300VZVN841I2ILS84,2021,1173955000.0,0,0.0,0,0.0,2021,1173955000.0,0.0
2023,Seattle/Puget Sound,549300W1HU6IVVIEJ389,2,1010000.0,0,0.0,0,0.0,2,1010000.0,0.0
2023,Seattle/Puget Sound,549300W45D2J6BT4LX65,11,5315000.0,0,0.0,0,0.0,11,5315000.0,0.0
2023,Seattle/Puget Sound,549300W4FT4H1UWPGU95,2,750000.0,0,0.0,0,0.0,2,750000.0,0.0
2023,Seattle/Puget Sound,549300WB418SBFX6YI35,14,8260000.0,1,505000.0,0,0.0,13,7755000.0,7.142857142857143
2023,Seattle/Puget Sound,549300WEOD0TL2O6EU67,5,1785000.0,0,0.0,0,0.0,5,1785000.0,0.0
2023,Seattle/Puget Sound,549300WKFR15017V9850,20,11370000.0,0,0.0,0,0.0,20,11370000.0,0.0
2023,Seattle/Puget Sound,549300WS8BW0I0BDA390,3,1505000.0,0,0.0,0,0.0,3,1505000.0,0.0
2023,Seattle/Puget Sound,549300WTZMQSET2VY242,822,443800000.0,0,0.0,0,0.0,822,443800000.0,0.0
2023,Seattle/Puget Sound,549300WW4OBT30G5DK23,3,1325000.0,0,0.0,0,0.0,3,1325000.0,0.0
2023,Seattle/Puget Sound,549300WYBPIWKK6SQC06,3,1575000.0,0,0.0,0,0.0,3,1575000.0,0.0
2023,Seattle/Puget Sound,549300X01FL2VJJGCI54,5,4175000.0,0,0.0,0,0.0,5,4175000.0,0.0
2023,Seattle/Puget Sound,549300X08QKYUH256I80,1,695000.0,0,0.0,0,0.0,1,695000.0,0.0
2023,Seattle/Puget Sound,549300XAHXRVSRML8V19,1,255000.0,0,0.0,0,0.0,1,255000.0,0.0
2023,Seattle/Puget Sound,549300XAJENHWRM32Z86,1,435000.0,0,0.0,0,0.0,1,435000.0,0.0
2023,Seattle/Puget Sound,549300XCVBRR56D08F03,3,1415000.0,0,0.0,0,0.0,3,1415000.0,0.0
2023,Seattle/Puget Sound,549300XHF3PMRO08N352,4,770000.0,0,0.0,0,0.0,4,770000.0,0.0
2023,Seattle/Puget Sound,549300XHPPLC0TBRV021,181,105085000.0,0,0.0,0,0.0,181,105085000.0,0.0
2023,Seattle/Puget Sound,549300XQ7B5FIVUNFE29,4,2590000.0,0,0.0,0,0.0,4,2590000.0,0.0
2023,Seattle/Puget Sound,549300XQVJ1XBNFA5536,58,7040000.0,0,0.0,0,0.0,58,7040000.0,0.0
2023,Seattle/Puget Sound,549300XRXBA38J60S618,2,1060000.0,0,0.0,0,0.0,2,1060000.0,0.0
2023,Seattle/Puget Sound,549300XW2H531FLD3I90,16,13910000.0,0,0.0,0,0.0,16,13910000.0,0.0
2023,Seattle/Puget Sound,549300XWUSRVVOHPRY47,76,44280000.0,0,0.0,0,0.0,76,44280000.0,0.0
2023,Seattle/Puget Sound,549300XY701IELCE5Q08,115,67025000.0,0,0.0,0,0.0,115,67025000.0,0.0
2023,Seattle/Puget Sound,549300XZEU2LB7FLWW04,1,925000.0,0,0.0,0,0.0,1,925000.0,0.0
2023,Seattle/Puget Sound,549300Y5Y88FQLI7VE83,14,9520000.0,0,0.0,0,0.0,14,9520000.0,0.0
2023,Seattle/Puget Sound,549300Y7G2MW6V1OR474,2,1060000.0,0,0.0,0,0.0,2,1060000.0,0.0
2023,Seattle/Puget Sound,549300YCCZTMBHGTNQ79,1,655000.0,0,0.0,0,0.0,1,655000.0,0.0
2023,Seattle/Puget Sound,549300YD9NNO7W7TSI64,4,2350000.0,0,0.0,0,0.0,4,2350000.0,0.0
2023,Seattle/Puget Sound,549300YDBNK66R6ZES34,2,830000.0,0,0.0,0,0.0,2,830000.0,0.0
2023,Seattle/Puget Sound,549300YEI60WAHWQ3110,54,13930000.0,0,0.0,0,0.0,54,13930000.0,0.0
2023,Seattle/Puget Sound,549300YIQ7S7Z8PIHE53,133,55445000.0,0,0.0,0,0.0,133,55445000.0,0.0
2023,Seattle/Puget Sound,549300YN94MOAVYW0F52,39,12925000.0,0,0.0,0,0.0,39,12925000.0,0.0
2023,Seattle/Puget Sound,549300YPBBHUEKV1YC68,4,2320000.0,0,0.0,0,0.0,4,2320000.0,0.0
2023,Seattle/Puget Sound,549300YW2UBCMDRMBT48,4,1730000.0,0,0.0,0,0.0,4,1730000.0,0.0
2023,Seattle/Puget Sound,549300Z2B4FHRYOXTS09,54,32090000.0,0,0.0,0,0.0,54,32090000.0,0.0
2023,Seattle/Puget Sound,549300ZBXINP1Y94CN02,101,61205000.0,0,0.0,0,0.0,101,61205000.0,0.0
2023,Seattle/Puget Sound,549300ZCR1XCLNEEI724,1,725000.0,0,0.0,0,0.0,1,725000.0,0.0
2023,Seattle/Puget Sound,549300ZIXM1VUXPG4D03,2,870000.0,0,0.0,0,0.0,2,870000.0,0.0
2023,Seattle/Puget Sound,549300ZPSJZO10ZAX556,3,2535000.0,0,0.0,0,0.0,3,2535000.0,0.0
2023,Seattle/Puget Sound,549300ZTT08EKQRVTR15,1,405000.0,0,0.0,0,0.0,1,405000.0,0.0
2023,Seattle/Puget Sound,549300ZUF2EI6H23YK94,1,585000.0,0,0.0,0,0.0,1,585000.0,0.0
2023,Seattle/Puget Sound,549300ZWNETGFXTBBY03,6,2170000.0,0,0.0,0,0.0,6,2170000.0,0.0
2023,Seattle/Puget Sound,549300ZZME37MXI1EF14,72,36700000.0,0,0.0,0,0.0,72,36700000.0,0.0
2023,Seattle/Puget Sound,593C3GZG957YOJPS2Z63,15,16825000.0,0,0.0,0,0.0,15,16825000.0,0.0
2023,Seattle/Puget Sound,635400IW1QMK3FNFF894,1,425000.0,0,0.0,0,0.0,1,425000.0,0.0
2023,Seattle/Puget Sound,6BYL5QZYBDK8S7L73M02,1119,938605000.0,0,0.0,0,0.0,1119,938605000.0,0.0
2023,Seattle/Puget Sound,7H6GLXDRUGQFU57RNE97,941,799625000.0,0,0.0,0,0.0,941,799625000.0,0.0
2023,Seattle/Puget Sound,8WH0EE09O9V05QJZ3V89,31,28625000.0,0,0.0,0,0.0,31,28625000.0,0.0
2023,Seattle/Puget Sound,984500FAD1FB7FEGTE82,3,1175000.0,0,0.0,0,0.0,3,1175000.0,0.0
2023,Seattle/Puget Sound,984500P059VACEAAFA22,1,545000.0,0,0.0,0,0.0,1,545000.0,0.0
2023,Seattle/Puget Sound,984500U2F9A83N391A91,2,1030000.0,0,0.0,0,0.0,2,1030000.0,0.0
2023,Seattle/Puget Sound,AD6GFRVSDT01YPT1CS68,648,669580000.0,0,0.0,0,0.0,648,669580000.0,0.0
2023,Seattle/Puget Sound,B4TYDEB6GKMZO031MB27,744,625530000.0,0,0.0,0,0.0,744,625530000.0,0.0
2023,Seattle/Puget Sound,C398JSK21YCXWM603F55,33,17195000.0,0,0.0,0,0.0,33,17195000.0,0.0
2023,Seattle/Puget Sound,C5654JQHZUHN0772B561,136,66240000.0,0,0.0,0,0.0,136,66240000.0,0.0
2023,Seattle/Puget Sound,CKVBED0S4DMLKJJ5XH28,24,20840000.0,0,0.0,0,0.0,24,20840000.0,0.0
2023,Seattle/Puget Sound,COINQMNIM6RBU631DD85,2,1170000.0,0,0.0,0,0.0,2,1170000.0,0.0
2023,Seattle/Puget Sound,COOWI3L2W9TPYR3WJX37,2,1590000.0,0,0.0,0,0.0,2,1590000.0,0.0
2023,Seattle/Puget Sound,D38AC76TAMYI50NBPX33,234,245480000.0,0,0.0,0,0.0,234,245480000.0,0.0
2023,Seattle/Puget Sound,DRMSV1Q0EKMEXLAU1P80,19,10905000.0,0,0.0,0,0.0,19,10905000.0,0.0
2023,Seattle/Puget Sound,E57ODZWZ7FF32TWEFA76,181,203875000.0,0,0.0,0,0.0,181,203875000.0,0.0
2023,Seattle/Puget Sound,F28JOQ8OBWCFUYM0UX93,107,66125000.0,0,0.0,0,0.0,107,66125000.0,0.0
2023,Seattle/Puget Sound,FDXQ75GPEQKRPWABYN63,3,4185000.0,0,0.0,0,0.0,3,4185000.0,0.0
2023,Seattle/Puget Sound,FT6J43S06X6CLJ0R0B48,33,23675000.0,0,0.0,0,0.0,33,23675000.0,0.0
2023,Seattle/Puget Sound,FU7RSW4CQQY98A2O7J66,1,345000.0,0,0.0,0,0.0,1,345000.0,0.0
2023,Seattle/Puget Sound,HIDXEG9BLUJZKBGUT764,1,675000.0,0,0.0,0,0.0,1,675000.0,0.0
2023,Seattle/Puget Sound,HUX2X73FUCYHUVH1BK78,459,321805000.0,0,0.0,0,0.0,459,321805000.0,0.0
2023,Seattle/Puget Sound,IFQSIUC9AGQV2NE8CN25,258,160760000.0,0,0.0,0,0.0,258,160760000.0,0.0
2023,Seattle/Puget Sound,IUGPUX5LWRZ3B6KIZ697,9,5555000.0,0,0.0,0,0.0,9,5555000.0,0.0
2023,Seattle/Puget Sound,IWRZQFYIRJ0IMURZBB68,1,875000.0,0,0.0,0,0.0,1,875000.0,0.0
2023,Seattle/Puget Sound,JJKC32MCHWDI71265Z06,30,16220000.0,0,0.0,0,0.0,30,16220000.0,0.0
2023,Seattle/Puget Sound,K0ZDN2CBIQC0EHBKNK35,1,625000.0,0,0.0,0,0.0,1,625000.0,0.0
2023,Seattle/Puget Sound,KB1H1DSPRFMYMCUFXT09,1072,1012470000.0,0,0.0,0,0.0,1072,1012470000.0,0.0
2023,Seattle/Puget Sound,KD3XUN7C6T14HNAYLU02,12,36360000.0,0,0.0,0,0.0,12,36360000.0,0.0
2023,Seattle/Puget Sound,L9VVX1KT5TFTKS0MLF66,41,48385000.0,0,0.0,0,0.0,41,48385000.0,0.0
2023,Seattle/Puget Sound,LDVFX8JEECFFE8HRWA73,1,1005000.0,0,0.0,0,0.0,1,1005000.0,0.0
2023,Seattle/Puget Sound,PAOOWF3GUFM46FBSP561,14,4660000.0,0,0.0,0,0.0,14,4660000.0,0.0
2023,Seattle/Puget Sound,Q0IK63NITJD6RJ47SW96,2,810000.0,0,0.0,0,0.0,2,810000.0,0.0
2023,Seattle/Puget Sound,Q708HHR4LD2B7XIZNO92,10,4880000.0,0,0.0,0,0.0,10,4880000.0,0.0
2023,Seattle/Puget Sound,QFROUN1UWUYU0DVIWD51,3,1615000.0,0,0.0,0,0.0,3,1615000.0,0.0
2023,Seattle/Puget Sound,QOT5WN9RBKQTFRVKEV31,2,1060000.0,0,0.0,0,0.0,2,1060000.0,0.0
2023,Seattle/Puget Sound,RVDPPPGHCGZ40J4VQ731,549,285325000.0,0,0.0,0,0.0,549,285325000.0,0.0
2023,Seattle/Puget Sound,S0Q3AHZRL5K6VQE35M07,1,605000.0,0,0.0,0,0.0,1,605000.0,0.0
2023,Seattle/Puget Sound,SS1TRMSN6BRNMOREEV51,107,64555000.0,0,0.0,0,0.0,107,64555000.0,0.0
2023,Seattle/Puget Sound,WE0I402RW25AU38DTI13,213,113695000.0,0,0.0,0,0.0,213,113695000.0,0.0
2023,Seattle/Puget Sound,WKN6AF1FCL7BBYGTGI83,14,7060000.0,0,0.0,0,0.0,14,7060000.0,0.0
2023,Seattle/Puget Sound,WWB2V0FCW3A0EE3ZJN75,13,5235000.0,0,0.0,0,0.0,13,5235000.0,0.0
2023,Seattle/Puget Sound,X05BVSK68TQ7YTOSNR22,7,1265000.0,0,0.0,0,0.0,7,1265000.0,0.0
2023,Seattle/Puget Sound,YWC0TIKBQM2JV8L4IV08,32,34110000.0,0,0.0,0,0.0,32,34110000.0,0.0
2023,Seattle/Puget Sound,ZXMJHJK466PBZTM5F379,10,11830000.0,0,0.0,0,0.0,10,11830000.0,0.0
2024,Bay Area,01KWVG908KE7RKPTNP46,4,3210000.0,0,0.0,0,0.0,4,3210000.0,0.0
2024,Bay Area,1IE8VN30JCEQV1H4R804,1457,2204105000.0,0,0.0,0,0.0,1457,2204105000.0,0.0
2024,Bay Area,213800QUAI2VH5YM6310,14,13480000.0,0,0.0,0,0.0,14,13480000.0,0.0
2024,Bay Area,213800XR2TCBQJSF1X93,87,59435000.0,0,0.0,0,0.0,87,59435000.0,0.0
2024,Bay Area,25490018IFQOT83Q7H49,1,605000.0,0,0.0,0,0.0,1,605000.0,0.0
2024,Bay Area,2549001EL4XFDHGNJO24,3,2855000.0,0,0.0,0,0.0,3,2855000.0,0.0
2024,Bay Area,2549001SI0EMFPT39035,85,76005000.0,0,0.0,0,0.0,85,76005000.0,0.0
2024,Bay Area,2549002VH9C0PKB8K153,30,39460000.0,0,0.0,0,0.0,30,39460000.0,0.0
2024,Bay Area,2549004CU9LAM5CYA280,2,2470000.0,0,0.0,0,0.0,2,2470000.0,0.0
2024,Bay Area,2549004FXPNKCLIN8250,72,59160000.0,0,0.0,0,0.0,72,59160000.0,0.0
2024,Bay Area,2549004OC91L41W9XR37,3,3015000.0,0,0.0,0,0.0,3,3015000.0,0.0
2024,Bay Area,2549004XJQQPBYQSMT39,11,9325000.0,0,0.0,0,0.0,11,9325000.0,0.0
2024,Bay Area,2549004Z576VEJBK3N72,25,23645000.0,0,0.0,0,0.0,25,23645000.0,0.0
2024,Bay Area,25490051DLR50J3F0F68,4,3420000.0,0,0.0,0,0.0,4,3420000.0,0.0
2024,Bay Area,2549005DO6VPVH5MOS59,1,795000.0,0,0.0,0,0.0,1,795000.0,0.0
2024,Bay Area,2549005Q4HZ55QX7YC64,27,20035000.0,0,0.0,0,0.0,27,20035000.0,0.0
2024,Bay Area,2549005SIVTHG14U2905,37,25345000.0,0,0.0,0,0.0,37,25345000.0,0.0
2024,Bay Area,2549006VWQC6XCFQO747,7,2305000.0,0,0.0,0,0.0,7,2305000.0,0.0
2024,Bay Area,2549007AU24FVDMNUB40,3,2365000.0,0,0.0,0,0.0,3,2365000.0,0.0
2024,Bay Area,2549007E9BI08H1N1T92,1,505000.0,0,0.0,0,0.0,1,505000.0,0.0
2024,Bay Area,2549007IU6SKFLLNKZ07,2,1230000.0,0,0.0,0,0.0,2,1230000.0,0.0
2024,Bay Area,2549007LQQOUAPFNHY39,1,625000.0,0,0.0,0,0.0,1,625000.0,0.0
2024,Bay Area,2549007UO49TL9LEDN58,20,11360000.0,0,0.0,0,0.0,20,11360000.0,0.0
2024,Bay Area,2549007ZL90U2M5ZNA78,3,2125000.0,0,0.0,0,0.0,3,2125000.0,0.0
2024,Bay Area,2549008G9SP4WM32NN96,6,3950000.0,0,0.0,0,0.0,6,3950000.0,0.0
2024,Bay Area,2549008LUH7QKMXQ8N53,2,1220000.0,0,0.0,0,0.0,2,1220000.0,0.0
2024,Bay Area,2549008TT6UNYR7AXF54,5,2885000.0,0,0.0,0,0.0,5,2885000.0,0.0
2024,Bay Area,2549009I5SQ5XN6WFU76,2,1330000.0,0,0.0,0,0.0,2,1330000.0,0.0
2024,Bay Area,2549009RNMXHS9AICA61,3,2535000.0,0,0.0,0,0.0,3,2535000.0,0.0
2024,Bay Area,2549009X2AG1P20YAJ63,36,65990000.0,0,0.0,0,0.0,36,65990000.0,0.0
2024,Bay Area,254900BBEPZS8MDE1S61,2,1540000.0,0,0.0,0,0.0,2,1540000.0,0.0
2024,Bay Area,254900DTLHVWQ7NP7R34,405,265925000.0,0,0.0,0,0.0,405,265925000.0,0.0
2024,Bay Area,254900E6AIE4Z8YQM970,114,113730000.0,0,0.0,0,0.0,114,113730000.0,0.0
2024,Bay Area,254900EZO02JGHXM3V19,1,855000.0,0,0.0,0,0.0,1,855000.0,0.0
2024,Bay Area,254900F9ZTVTX763V835,1,675000.0,0,0.0,0,0.0,1,675000.0,0.0
2024,Bay Area,254900FMBXF85WQYV433,6,3170000.0,0,0.0,0,0.0,6,3170000.0,0.0
2024,Bay Area,254900HA4DQWAE0W3342,153,168645000.0,0,0.0,0,0.0,153,168645000.0,0.0
2024,Bay Area,254900HEJ9F73IMPX887,14,10220000.0,0,0.0,0,0.0,14,10220000.0,0.0
2024,Bay Area,254900HIDMT4ZG09RP47,1,705000.0,0,0.0,0,0.0,1,705000.0,0.0
2024,Bay Area,254900HO9WPE4LTLQU96,4,2900000.0,0,0.0,0,0.0,4,2900000.0,0.0
2024,Bay Area,254900I445780YG38U05,7,10875000.0,0,0.0,0,0.0,7,10875000.0,0.0
2024,Bay Area,254900IEGKUDRDS23V26,50,38620000.0,3,1985000.0,0,0.0,47,36635000.0,6.0
2024,Bay Area,254900JH11ROOV921P96,2,1120000.0,0,0.0,0,0.0,2,1120000.0,0.0
2024,Bay Area,254900JZN2V0PWFMW808,40,24280000.0,0,0.0,0,0.0,40,24280000.0,0.0
2024,Bay Area,254900KI7219LQKCI772,2,2290000.0,0,0.0,0,0.0,2,2290000.0,0.0
2024,Bay Area,254900LTD432L5CHIZ48,37,24745000.0,0,0.0,0,0.0,37,24745000.0,0.0
2024,Bay Area,254900MHHOS58M9D0445,9,4085000.0,0,0.0,0,0.0,9,4085000.0,0.0
2024,Bay Area,254900O28OG3UMHXQY81,4,2460000.0,0,0.0,0,0.0,4,2460000.0,0.0
2024,Bay Area,254900O723MCLR701H50,3,2765000.0,0,0.0,0,0.0,3,2765000.0,0.0
2024,Bay Area,254900P2JMSUZCYLE858,211,207925000.0,0,0.0,0,0.0,211,207925000.0,0.0
2024,Bay Area,254900P6Q7UI8DAKYX49,1,1075000.0,0,0.0,0,0.0,1,1075000.0,0.0
2024,Bay Area,254900P7WLDQD9IUL038,8,9850000.0,0,0.0,0,0.0,8,9850000.0,0.0
2024,Bay Area,254900QNIR86GUIRYH95,60,44210000.0,0,0.0,0,0.0,60,44210000.0,0.0
2024,Bay Area,254900R9A6TW85BTVS20,14,8400000.0,0,0.0,0,0.0,14,8400000.0,0.0
2024,Bay Area,254900RM3T6WAVE6SA24,3,2825000.0,0,0.0,0,0.0,3,2825000.0,0.0
2024,Bay Area,254900RQX8N4HXJIDK44,30,15550000.0,0,0.0,0,0.0,30,15550000.0,0.0
2024,Bay Area,254900TG14TB8RKS3U42,13,8095000.0,0,0.0,0,0.0,13,8095000.0,0.0
2024,Bay Area,254900TTZ395IC926125,208,116330000.0,0,0.0,0,0.0,208,116330000.0,0.0
2024,Bay Area,254900V6GCDMRQZ34D96,15,19515000.0,0,0.0,0,0.0,15,19515000.0,0.0
2024,Bay Area,254900VELJPWWT51WN03,434,335080000.0,0,0.0,0,0.0,434,335080000.0,0.0
2024,Bay Area,254900VHUBSJJKOMBF27,42,23480000.0,0,0.0,0,0.0,42,23480000.0,0.0
2024,Bay Area,254900VX7NAZSPBPUE16,6,4290000.0,0,0.0,0,0.0,6,4290000.0,0.0
2024,Bay Area,254900WEP08K7U7S3A80,3,1285000.0,0,0.0,0,0.0,3,1285000.0,0.0
2024,Bay Area,254900WTZC5SSKIN2M11,26,11160000.0,0,0.0,0,0.0,26,11160000.0,0.0
2024,Bay Area,254900YVV9JOGMYFZO90,1,405000.0,0,0.0,0,0.0,1,405000.0,0.0
2024,Bay Area,254900ZFWS2106HWPH46,279,185595000.0,0,0.0,0,0.0,279,185595000.0,0.0
2024,Bay Area,2WHM8VNJH63UN14OL754,4,4480000.0,0,0.0,0,0.0,4,4480000.0,0.0
2024,Bay Area,337KMNHEWWWR6B7Q7W10,3,5225000.0,0,0.0,0,0.0,3,5225000.0,0.0
2024,Bay Area,3Y4U8VZURTYWI1W2K376,1572,2230400000.0,0,0.0,0,0.0,1572,2230400000.0,0.0
2024,Bay Area,4EP6JBYBTPTQ47LZOB67,7,15165000.0,0,0.0,0,0.0,7,15165000.0,0.0
2024,Bay Area,54930001NSTOD85LT125,419,356855000.0,0,0.0,0,0.0,419,356855000.0,0.0
2024,Bay Area,54930002O9LLXKR6TF11,47,32415000.0,0,0.0,0,0.0,47,32415000.0,0.0
2024,Bay Area,5493000349C5XXDRQX28,163,121835000.0,0,0.0,0,0.0,163,121835000.0,0.0
2024,Bay Area,5493000BAKE4VAHVCU55,1,1505000.0,0,0.0,0,0.0,1,1505000.0,0.0
2024,Bay Area,5493000EO85W8IS2FR22,3,2915000.0,0,0.0,0,0.0,3,2915000.0,0.0
2024,Bay Area,5493000EUC3MM52PJV85,14,10540000.0,0,0.0,0,0.0,14,10540000.0,0.0
2024,Bay Area,5493000H6DFDDJRORG89,11,6715000.0,0,0.0,0,0.0,11,6715000.0,0.0
2024,Bay Area,5493000IIYWBLONJVJ30,4,2380000.0,0,0.0,0,0.0,4,2380000.0,0.0
2024,Bay Area,5493000JFVFQFL816N45,1,945000.0,0,0.0,0,0.0,1,945000.0,0.0
2024,Bay Area,5493000NYUJT9UC6G261,21,15895000.0,0,0.0,0,0.0,21,15895000.0,0.0
2024,Bay Area,5493000OM9RKJW8W5K82,183,113435000.0,0,0.0,0,0.0,183,113435000.0,0.0
2024,Bay Area,5493000XC2Y1SLXRQP11,4,2140000.0,0,0.0,0,0.0,4,2140000.0,0.0
2024,Bay Area,5493000YNV8IX4VD3X12,6,1650000.0,0,0.0,0,0.0,6,1650000.0,0.0
2024,Bay Area,5493001141Z7CINOSB62,1,765000.0,0,0.0,0,0.0,1,765000.0,0.0
2024,Bay Area,549300121SF0K2LN2804,76,65700000.0,0,0.0,0,0.0,76,65700000.0,0.0
2024,Bay Area,54930015645SYPOM7220,5,2285000.0,0,0.0,0,0.0,5,2285000.0,0.0
2024,Bay Area,5493001GAASLCSP1PB64,75,48745000.0,0,0.0,0,0.0,75,48745000.0,0.0
2024,Bay Area,5493001GDRY0EL7VG372,40,24430000.0,0,0.0,0,0.0,40,24430000.0,0.0
2024,Bay Area,5493001HHBUTXHS7TZ96,120,81020000.0,0,0.0,0,0.0,120,81020000.0,0.0
2024,Bay Area,5493001JT9MT3Z3Y3M39,2,1560000.0,0,0.0,0,0.0,2,1560000.0,0.0
2024,Bay Area,5493001K7B4W8IPMZ254,5,2715000.0,0,0.0,0,0.0,5,2715000.0,0.0
2024,Bay Area,5493001NJEVHTZW7FG34,44,35020000.0,0,0.0,0,0.0,44,35020000.0,0.0
2024,Bay Area,5493001P38O8QXGI6503,6,2120000.0,0,0.0,0,0.0,6,2120000.0,0.0
2024,Bay Area,5493001SDQVS1NWYH012,50,32150000.0,0,0.0,0,0.0,50,32150000.0,0.0
2024,Bay Area,5493001SXWZ4OFP8Z903,237,156515000.0,0,0.0,0,0.0,237,156515000.0,0.0
2024,Bay Area,5493001WHVQBGRSWEU75,47,32175000.0,0,0.0,0,0.0,47,32175000.0,0.0
2024,Bay Area,5493001WRXQTCKCA6205,443,348995000.0,0,0.0,0,0.0,443,348995000.0,0.0
2024,Bay Area,5493001X0T84TYRJ5Y59,12,14010000.0,0,0.0,0,0.0,12,14010000.0,0.0
2024,Bay Area,5493001XKL0FTNOJ0866,25,13725000.0,0,0.0,0,0.0,25,13725000.0,0.0
2024,Bay Area,5493001YIUWLFRXQUO81,1,1005000.0,0,0.0,0,0.0,1,1005000.0,0.0
2024,Bay Area,54930021DZJ9CEN11D61,5,2725000.0,0,0.0,0,0.0,5,2725000.0,0.0
2024,Bay Area,54930021WPEXNHYZUL09,46,25430000.0,0,0.0,0,0.0,46,25430000.0,0.0
2024,Bay Area,54930022CQGV47Q8PM03,1,565000.0,0,0.0,0,0.0,1,565000.0,0.0
2024,Bay Area,5493002B2WMHY23GFK92,14,4060000.0,0,0.0,0,0.0,14,4060000.0,0.0
2024,Bay Area,5493002DRIX59V47NM65,1,595000.0,0,0.0,0,0.0,1,595000.0,0.0
2024,Bay Area,5493002G4JO4BZ22MC13,1,995000.0,0,0.0,0,0.0,1,995000.0,0.0
2024,Bay Area,5493002GI63WHHUTUD85,2,1170000.0,0,0.0,0,0.0,2,1170000.0,0.0
2024,Bay Area,5493002LW7G8E8SHWC88,1,275000.0,0,0.0,0,0.0,1,275000.0,0.0
2024,Bay Area,5493002QI2ILHHZH8D20,225,151265000.0,0,0.0,0,0.0,225,151265000.0,0.0
2024,Bay Area,5493002TJKC8NLH1ZP82,66,42200000.0,0,0.0,0,0.0,66,42200000.0,0.0
2024,Bay Area,5493002WVA17MT4UFH84,1,405000.0,0,0.0,0,0.0,1,405000.0,0.0
2024,Bay Area,5493002Y5XYV7DV1ZV88,2,1120000.0,0,0.0,0,0.0,2,1120000.0,0.0
2024,Bay Area,54930030Z1JWTP3SVD16,9,4375000.0,0,0.0,0,0.0,9,4375000.0,0.0
2024,Bay Area,549300323EON4W3CCM44,178,125480000.0,0,0.0,0,0.0,178,125480000.0,0.0
2024,Bay Area,549300370QILXLFUWD20,68,42170000.0,0,0.0,0,0.0,68,42170000.0,0.0
2024,Bay Area,54930039IUN6515TBG78,1,505000.0,0,0.0,0,0.0,1,505000.0,0.0
2024,Bay Area,5493003B20KZ3DEZGB43,15,20655000.0,0,0.0,0,0.0,15,20655000.0,0.0
2024,Bay Area,5493003B2LEGQHDWRN55,1,235000.0,0,0.0,0,0.0,1,235000.0,0.0
2024,Bay Area,5493003BXKRGHQHRJV38,3,865000.0,0,0.0,0,0.0,3,865000.0,0.0
2024,Bay Area,5493003GQDUH26DNNH17,165,127455000.0,0,0.0,0,0.0,165,127455000.0,0.0
2024,Bay Area,5493003NV9L53LK1XI52,25,20585000.0,0,0.0,0,0.0,25,20585000.0,0.0
2024,Bay Area,5493003T5D4N1CM46J77,1,1445000.0,0,0.0,0,0.0,1,1445000.0,0.0
2024,Bay Area,5493003V40VGM7YDFM54,49,29475000.0,0,0.0,0,0.0,49,29475000.0,0.0
2024,Bay Area,54930043BMDE130FJ617,239,131035000.0,0,0.0,0,0.0,239,131035000.0,0.0
2024,Bay Area,54930044OSTKOJMHF287,1,625000.0,0,0.0,0,0.0,1,625000.0,0.0
2024,Bay Area,54930048P8RWCQHQM310,39,47305000.0,0,0.0,0,0.0,39,47305000.0,0.0
2024,Bay Area,54930049L5WINET09Q97,11,6085000.0,0,0.0,0,0.0,11,6085000.0,0.0
2024,Bay Area,5493004AS1SPBQOFDR49,461,354985000.0,0,0.0,0,0.0,461,354985000.0,0.0
2024,Bay Area,5493004F7BXDIUFVPV87,437,448435000.0,0,0.0,0,0.0,437,448435000.0,0.0
2024,Bay Area,5493004N9PMBSLEZOF16,40,16760000.0,0,0.0,0,0.0,40,16760000.0,0.0
2024,Bay Area,5493004RLLKTQS8K7U51,5,3365000.0,0,0.0,0,0.0,5,3365000.0,0.0
2024,Bay Area,5493004UNRG4PWDF2K60,1,665000.0,0,0.0,0,0.0,1,665000.0,0.0
2024,Bay Area,5493004WMLN60ZJ2ON46,201,173495000.0,0,0.0,0,0.0,201,173495000.0,0.0
2024,Bay Area,54930052M48FOD3CWA54,142,83330000.0,0,0.0,0,0.0,142,83330000.0,0.0
2024,Bay Area,54930054ET8KM4O1D485,63,47725000.0,0,0.0,0,0.0,63,47725000.0,0.0
2024,Bay Area,54930059GZZ7G4G40O53,1,675000.0,0,0.0,0,0.0,1,675000.0,0.0
2024,Bay Area,5493005DKMV1IHIM8E20,2,7770000.0,0,0.0,0,0.0,2,7770000.0,0.0
2024,Bay Area,5493005EYZOUVJUXAX38,27,16945000.0,0,0.0,0,0.0,27,16945000.0,0.0
2024,Bay Area,5493005JPZ3LXXMB0S24,4,3730000.0,0,0.0,0,0.0,4,3730000.0,0.0
2024,Bay Area,5493005LE3FE2MIPPW66,10,6280000.0,0,0.0,0,0.0,10,6280000.0,0.0
2024,Bay Area,5493005LWLLN6G3XQP35,4,4780000.0,0,0.0,0,0.0,4,4780000.0,0.0
2024,Bay Area,5493005NIBYLNJC10826,11,6345000.0,0,0.0,0,0.0,11,6345000.0,0.0
2024,Bay Area,5493005PKOSG7MYX0B34,105,87895000.0,0,0.0,0,0.0,105,87895000.0,0.0
2024,Bay Area,54930060G4MDPWHISD89,4,2220000.0,0,0.0,0,0.0,4,2220000.0,0.0
2024,Bay Area,54930065B0NVUO52TY13,1,765000.0,0,0.0,0,0.0,1,765000.0,0.0
2024,Bay Area,5493006F1N8E3EEF3W63,255,181495000.0,0,0.0,0,0.0,255,181495000.0,0.0
2024,Bay Area,5493006JISETNI0GLE61,2,2510000.0,0,0.0,0,0.0,2,2510000.0,0.0
2024,Bay Area,5493006L4FQIQFVFNS72,118,70390000.0,0,0.0,0,0.0,118,70390000.0,0.0
2024,Bay Area,5493006LCVYJR3AYGA52,1,555000.0,0,0.0,0,0.0,1,555000.0,0.0
2024,Bay Area,5493006MA7WP1WL8U431,1,945000.0,0,0.0,0,0.0,1,945000.0,0.0
2024,Bay Area,5493006RIR31ORKYB608,73,40225000.0,0,0.0,0,0.0,73,40225000.0,0.0
2024,Bay Area,5493006TY8FGNLX44X28,28,16110000.0,0,0.0,0,0.0,28,16110000.0,0.0
2024,Bay Area,54930072OCHTUJOZQB56,2,2130000.0,0,0.0,0,0.0,2,2130000.0,0.0
2024,Bay Area,549300730ZNSQK9EBT50,5,3235000.0,0,0.0,0,0.0,5,3235000.0,0.0
2024,Bay Area,549300767F7CDUJR8Q67,41,5995000.0,0,0.0,0,0.0,41,5995000.0,0.0
2024,Bay Area,5493007ABXGXVK31KE79,1,365000.0,0,0.0,0,0.0,1,365000.0,0.0
2024,Bay Area,5493007CLWQN2S6IZK91,5,4195000.0,0,0.0,0,0.0,5,4195000.0,0.0
2024,Bay Area,5493007L4GYNO2PUBS09,5,2815000.0,0,0.0,0,0.0,5,2815000.0,0.0
2024,Bay Area,5493007VGBHF6SRXRR53,57,44435000.0,0,0.0,0,0.0,57,44435000.0,0.0
2024,Bay Area,5493007VW2EU20PZYU97,48,29230000.0,0,0.0,0,0.0,48,29230000.0,0.0
2024,Bay Area,5493008CPTDVOS570626,8,1990000.0,0,0.0,0,0.0,8,1990000.0,0.0
2024,Bay Area,5493008E4KBJCB6UKR64,2,1510000.0,0,0.0,0,0.0,2,1510000.0,0.0
2024,Bay Area,5493008H68QG2A0MK376,6,3280000.0,0,0.0,0,0.0,6,3280000.0,0.0
2024,Bay Area,5493008JECR4UE0WVR04,2,900000.0,0,0.0,0,0.0,2,900000.0,0.0
2024,Bay Area,5493008JUW0FLRMO0W64,1,625000.0,0,0.0,0,0.0,1,625000.0,0.0
2024,Bay Area,5493008NWHQT1R22C024,60,50080000.0,0,0.0,0,0.0,60,50080000.0,0.0
2024,Bay Area,5493008SP1FN4D81IS17,5,5625000.0,0,0.0,0,0.0,5,5625000.0,0.0
2024,Bay Area,5493008VVXQIDO1EZ460,34,23910000.0,0,0.0,0,0.0,34,23910000.0,0.0
2024,Bay Area,54930091CYUK2SDZ6D37,9,5025000.0,0,0.0,0,0.0,9,5025000.0,0.0
2024,Bay Area,54930098QK48NVYBZC62,4,2520000.0,0,0.0,0,0.0,4,2520000.0,0.0
2024,Bay Area,5493009B17HXCVXTD608,57,52215000.0,0,0.0,0,0.0,57,52215000.0,0.0
2024,Bay Area,5493009BD405QQTMXO12,39,25275000.0,0,0.0,0,0.0,39,25275000.0,0.0
2024,Bay Area,5493009CYWXD5RBPIX14,1,1655000.0,0,0.0,0,0.0,1,1655000.0,0.0
2024,Bay Area,5493009D2COWW65B8673,1,1255000.0,0,0.0,0,0.0,1,1255000.0,0.0
2024,Bay Area,5493009HUMWCHFRDKF12,4,2060000.0,0,0.0,0,0.0,4,2060000.0,0.0
2024,Bay Area,5493009QYNVEZ9VDJU57,8,4450000.0,0,0.0,0,0.0,8,4450000.0,0.0
2024,Bay Area,5493009Y8ROUG903AQ21,206,211850000.0,0,0.0,0,0.0,206,211850000.0,0.0
2024,Bay Area,549300A4ZI1DF2OO1B51,3,555000.0,0,0.0,0,0.0,3,555000.0,0.0
2024,Bay Area,549300A5HHOL2ED18C72,185,149485000.0,0,0.0,0,0.0,185,149485000.0,0.0
2024,Bay Area,549300A68YW07V5R5G22,22,32320000.0,0,0.0,0,0.0,22,32320000.0,0.0
2024,Bay Area,549300AENO88GEUWCZ39,53,37405000.0,0,0.0,0,0.0,53,37405000.0,0.0
2024,Bay Area,549300AG10BX85DF5S49,134,75860000.0,0,0.0,0,0.0,134,75860000.0,0.0
2024,Bay Area,549300AG64NHILB7ZP05,947,667855000.0,0,0.0,0,0.0,947,667855000.0,0.0
2024,Bay Area,549300ALNLUNS3Y53T24,4,1170000.0,0,0.0,0,0.0,4,1170000.0,0.0
2024,Bay Area,549300AOB4S7B0DB7863,1,765000.0,0,0.0,0,0.0,1,765000.0,0.0
2024,Bay Area,549300AQ3T62GXDU7D76,491,286385000.0,0,0.0,0,0.0,491,286385000.0,0.0
2024,Bay Area,549300AT7EB9FJAF0E61,1,245000.0,0,0.0,0,0.0,1,245000.0,0.0
2024,Bay Area,549300B0HNWBV7RX2661,4,3000000.0,0,0.0,0,0.0,4,3000000.0,0.0
2024,Bay Area,549300B2JJHSM77T5Y41,2,1240000.0,0,0.0,0,0.0,2,1240000.0,0.0
2024,Bay Area,549300B4IYL7TZT8FA34,54,33580000.0,0,0.0,0,0.0,54,33580000.0,0.0
2024,Bay Area,549300B4JDSKWJR1NR35,1,525000.0,0,0.0,0,0.0,1,525000.0,0.0
2024,Bay Area,549300BBKMRS6J0CB539,4,2880000.0,0,0.0,0,0.0,4,2880000.0,0.0
2024,Bay Area,549300BLL6VL7AXWYP56,7,3205000.0,0,0.0,0,0.0,7,3205000.0,0.0
2024,Bay Area,549300BOXNV8VLRBDT24,21,9655000.0,0,0.0,0,0.0,21,9655000.0,0.0
2024,Bay Area,549300BX448ALT10FI43,18,11650000.0,0,0.0,0,0.0,18,11650000.0,0.0
2024,Bay Area,549300BXWU32AYWT1A56,15,11495000.0,0,0.0,0,0.0,15,11495000.0,0.0
2024,Bay Area,549300C04BJ0G297NC13,31,25505000.0,0,0.0,0,0.0,31,25505000.0,0.0
2024,Bay Area,549300C1ICNCM0V37Y02,1,655000.0,0,0.0,0,0.0,1,655000.0,0.0
2024,Bay Area,549300C4J510S9L1RF98,2,710000.0,0,0.0,0,0.0,2,710000.0,0.0
2024,Bay Area,549300CB67L6KPJLHE19,248,55750000.0,0,0.0,0,0.0,248,55750000.0,0.0
2024,Bay Area,549300CDOC4F7XSRG390,1,185000.0,0,0.0,0,0.0,1,185000.0,0.0
2024,Bay Area,549300CIQ950OK0BS407,92,104580000.0,0,0.0,0,0.0,92,104580000.0,0.0
2024,Bay Area,549300CK7U1WMTIG6687,1,595000.0,0,0.0,0,0.0,1,595000.0,0.0
2024,Bay Area,549300CLB0CCSJV6S044,9,915000.0,0,0.0,0,0.0,9,915000.0,0.0
2024,Bay Area,549300CLRXFVF83ZL806,6,2930000.0,0,0.0,0,0.0,6,2930000.0,0.0
2024,Bay Area,549300CR5XDK0TP7I727,6,4100000.0,0,0.0,0,0.0,6,4100000.0,0.0
2024,Bay Area,549300CXZHD5OTAISA91,67,43625000.0,0,0.0,0,0.0,67,43625000.0,0.0
2024,Bay Area,549300CY7WNAHKHYSJ73,5,2965000.0,0,0.0,0,0.0,5,2965000.0,0.0
2024,Bay Area,549300D3LYUX1NJVC329,4,2430000.0,0,0.0,0,0.0,4,2430000.0,0.0
2024,Bay Area,549300DCGBXW5FJMV921,298,207770000.0,0,0.0,0,0.0,298,207770000.0,0.0
2024,Bay Area,549300DD4R4SYK5RAQ92,120,108560000.0,0,0.0,0,0.0,120,108560000.0,0.0
2024,Bay Area,549300DD5QQUHO6PCH70,183,121975000.0,0,0.0,0,0.0,183,121975000.0,0.0
2024,Bay Area,549300DKYWYDD1KM2515,4,2160000.0,0,0.0,0,0.0,4,2160000.0,0.0
2024,Bay Area,549300DMHEHNYZ2OLB41,1,725000.0,0,0.0,0,0.0,1,725000.0,0.0
2024,Bay Area,549300DNWSJUNAWUM003,2,1600000.0,0,0.0,0,0.0,2,1600000.0,0.0
2024,Bay Area,549300DRA4BDXW23LD45,2,1160000.0,0,0.0,0,0.0,2,1160000.0,0.0
2024,Bay Area,549300DT7CCDCC7O6Z60,27,14215000.0,0,0.0,0,0.0,27,14215000.0,0.0
2024,Bay Area,549300DT7WZ1SOTNFJ62,54,40460000.0,0,0.0,0,0.0,54,40460000.0,0.0
2024,Bay Area,549300E2UX99HKDBR481,668,473160000.0,0,0.0,0,0.0,668,473160000.0,0.0
2024,Bay Area,549300E4YLQ3BVQ4GW30,12,10710000.0,0,0.0,0,0.0,12,10710000.0,0.0
2024,Bay Area,549300E51HYVR7T2SU19,2,310000.0,0,0.0,0,0.0,2,310000.0,0.0
2024,Bay Area,549300EBW60Q23TUJN89,1,885000.0,0,0.0,0,0.0,1,885000.0,0.0
2024,Bay Area,549300EFCZM6KD6B8K69,2,2680000.0,0,0.0,0,0.0,2,2680000.0,0.0
2024,Bay Area,549300EHWBP6UP4Y8J37,2,3460000.0,0,0.0,0,0.0,2,3460000.0,0.0
2024,Bay Area,549300EKFFG3BU8DNX74,86,99030000.0,0,0.0,0,0.0,86,99030000.0,0.0
2024,Bay Area,549300ELLMUEKP1JHB70,9,6565000.0,0,0.0,0,0.0,9,6565000.0,0.0
2024,Bay Area,549300ELXS6PBT8OEE44,1,935000.0,0,0.0,0,0.0,1,935000.0,0.0
2024,Bay Area,549300EM6UG8HE3P8U74,392,397400000.0,0,0.0,0,0.0,392,397400000.0,0.0
2024,Bay Area,549300EMNDEK4BA8WB53,3,1135000.0,0,0.0,0,0.0,3,1135000.0,0.0
2024,Bay Area,549300ESNLIWVN3TK065,4,3280000.0,0,0.0,0,0.0,4,3280000.0,0.0
2024,Bay Area,549300F570XAWYN8Z237,1,2005000.0,0,0.0,0,0.0,1,2005000.0,0.0
2024,Bay Area,549300F6NSBOJBM9ED39,12,13880000.0,0,0.0,0,0.0,12,13880000.0,0.0
2024,Bay Area,549300F6S4S7QMOUVG59,1,205000.0,0,0.0,0,0.0,1,205000.0,0.0
2024,Bay Area,549300F6Y1YO2YXN6135,4,6360000.0,0,0.0,0,0.0,4,6360000.0,0.0
2024,Bay Area,549300F8C5JA44WNMI75,5,2325000.0,0,0.0,0,0.0,5,2325000.0,0.0
2024,Bay Area,549300FGXN1K3HLB1R50,4636,3289740000.0,0,0.0,0,0.0,4636,3289740000.0,0.0
2024,Bay Area,549300FHWDJMELT59Z22,1,425000.0,0,0.0,0,0.0,1,425000.0,0.0
2024,Bay Area,549300FK3AFCFVAPH234,6,5430000.0,0,0.0,0,0.0,6,5430000.0,0.0
2024,Bay Area,549300FNXYY540N23N64,441,285355000.0,0,0.0,0,0.0,441,285355000.0,0.0
2024,Bay Area,549300FVD3YHE65PKH97,13,7155000.0,0,0.0,0,0.0,13,7155000.0,0.0
2024,Bay Area,549300FWYXJ79KO49290,1,585000.0,0,0.0,0,0.0,1,585000.0,0.0
2024,Bay Area,549300FX7K8PTEQUU487,22,18830000.0,0,0.0,0,0.0,22,18830000.0,0.0
2024,Bay Area,549300G4ESSS6M0MEG51,330,361430000.0,0,0.0,0,0.0,330,361430000.0,0.0
2024,Bay Area,549300G4JDIJPBEO8J84,3,2305000.0,0,0.0,0,0.0,3,2305000.0,0.0
2024,Bay Area,549300G5DVGM0ZHRQC33,2,1050000.0,0,0.0,0,0.0,2,1050000.0,0.0
2024,Bay Area,549300G5ZQEXZC4Y5G44,1,765000.0,0,0.0,0,0.0,1,765000.0,0.0
2024,Bay Area,549300GAX7IKJUKCJE72,66,32440000.0,0,0.0,0,0.0,66,32440000.0,0.0
2024,Bay Area,549300GE8KIGZVQV1223,2,1500000.0,0,0.0,0,0.0,2,1500000.0,0.0
2024,Bay Area,549300GKFNPRWNS0GF29,650,471490000.0,0,0.0,0,0.0,650,471490000.0,0.0
2024,Bay Area,549300GQDT484LGI9C04,27,13945000.0,0,0.0,0,0.0,27,13945000.0,0.0
2024,Bay Area,549300GRGZDEH4ZGQS06,3,1665000.0,0,0.0,0,0.0,3,1665000.0,0.0
2024,Bay Area,549300GS0W0TEUQS8571,502,747860000.0,0,0.0,0,0.0,502,747860000.0,0.0
2024,Bay Area,549300GTVXJ2PGXNLM73,4,3780000.0,0,0.0,0,0.0,4,3780000.0,0.0
2024,Bay Area,549300GWD9H4FQ2VR805,45,57125000.0,0,0.0,0,0.0,45,57125000.0,0.0
2024,Bay Area,549300H12E7AUMUHP294,1,135000.0,0,0.0,0,0.0,1,135000.0,0.0
2024,Bay Area,549300H3IZO24NSOO931,250,202190000.0,0,0.0,0,0.0,250,202190000.0,0.0
2024,Bay Area,549300HCNXMTNGIMAR91,5,6055000.0,0,0.0,0,0.0,5,6055000.0,0.0
2024,Bay Area,549300HH0V8LECLNPQ26,1,205000.0,0,0.0,0,0.0,1,205000.0,0.0
2024,Bay Area,549300HIVO8XPBPNVG69,2,1260000.0,0,0.0,0,0.0,2,1260000.0,0.0
2024,Bay Area,549300HN58ONH5KNJJ12,1,215000.0,0,0.0,0,0.0,1,215000.0,0.0
2024,Bay Area,549300HRLROF7PLJ6735,40,43050000.0,0,0.0,0,0.0,40,43050000.0,0.0
2024,Bay Area,549300HVW3AI97UKTO72,1,815000.0,0,0.0,0,0.0,1,815000.0,0.0
2024,Bay Area,549300HW662MN1WU8550,5522,3892950000.0,0,0.0,0,0.0,5522,3892950000.0,0.0
2024,Bay Area,549300I0HE5X0T5OI648,4,4100000.0,0,0.0,0,0.0,4,4100000.0,0.0
2024,Bay Area,549300I1HK1BBZLKOB84,18,22330000.0,0,0.0,0,0.0,18,22330000.0,0.0
2024,Bay Area,549300ID4RCRD8BXYH30,1,485000.0,0,0.0,0,0.0,1,485000.0,0.0
2024,Bay Area,549300IFOE4SCP384147,10,5540000.0,0,0.0,0,0.0,10,5540000.0,0.0
2024,Bay Area,549300IKS3MMB5YK6T18,19,35205000.0,0,0.0,0,0.0,19,35205000.0,0.0
2024,Bay Area,549300INFJ8TYNZ1G568,414,567910000.0,0,0.0,0,0.0,414,567910000.0,0.0
2024,Bay Area,549300IPUHFA5O769M51,307,212545000.0,0,0.0,0,0.0,307,212545000.0,0.0
2024,Bay Area,549300IRXW9RSZM2B951,6,3870000.0,0,0.0,0,0.0,6,3870000.0,0.0
2024,Bay Area,549300IS603VHWV5ZJ45,1,505000.0,0,0.0,0,0.0,1,505000.0,0.0
2024,Bay Area,549300ISCZS1R0CJMO47,10,8740000.0,0,0.0,0,0.0,10,8740000.0,0.0
2024,Bay Area,549300J1354ZHZC8JP58,1,565000.0,0,0.0,0,0.0,1,565000.0,0.0
2024,Bay Area,549300J6N77Q8OHYNF23,109,72955000.0,0,0.0,0,0.0,109,72955000.0,0.0
2024,Bay Area,549300J7I82PNDVU8H22,227,126685000.0,0,0.0,0,0.0,227,126685000.0,0.0
2024,Bay Area,549300JKR164SLNO6Y85,2,1570000.0,0,0.0,0,0.0,2,1570000.0,0.0
2024,Bay Area,549300JOD3S8ZGZLHP53,362,282030000.0,0,0.0,0,0.0,362,282030000.0,0.0
2024,Bay Area,549300JPGMCMBEJEK584,19,20725000.0,0,0.0,0,0.0,19,20725000.0,0.0
2024,Bay Area,549300JRDGV1559XM376,4,2280000.0,0,0.0,0,0.0,4,2280000.0,0.0
2024,Bay Area,549300JYXTZDSPJEPI44,68,37810000.0,0,0.0,0,0.0,68,37810000.0,0.0
2024,Bay Area,549300JZD4L02YZI3Z50,4,4130000.0,0,0.0,0,0.0,4,4130000.0,0.0
2024,Bay Area,549300K4ZLGS7SRDTL86,51,28085000.0,0,0.0,0,0.0,51,28085000.0,0.0
2024,Bay Area,549300K5R2UQGSNVT989,92,94270000.0,0,0.0,0,0.0,92,94270000.0,0.0
2024,Bay Area,549300K6K2IS7FRS7S09,4,3700000.0,0,0.0,0,0.0,4,3700000.0,0.0
2024,Bay Area,549300KDDWLC5I8K6C44,2,1150000.0,0,0.0,0,0.0,2,1150000.0,0.0
2024,Bay Area,549300KHXD7JSQUZIJ22,1,665000.0,0,0.0,0,0.0,1,665000.0,0.0
2024,Bay Area,549300KIOYNU323LVJ37,737,526655000.0,0,0.0,0,0.0,737,526655000.0,0.0
2024,Bay Area,549300KJ8PAJ7E52HG32,37,20475000.0,0,0.0,0,0.0,37,20475000.0,0.0
2024,Bay Area,549300KM40FP4MSQU941,12,13560000.0,0,0.0,0,0.0,12,13560000.0,0.0
2024,Bay Area,549300KOAKQX3BEWWT56,1,565000.0,0,0.0,0,0.0,1,565000.0,0.0
2024,Bay Area,549300KQHWNSVCE2MY88,11,7845000.0,0,0.0,0,0.0,11,7845000.0,0.0
2024,Bay Area,549300KSOOZZVXCMA627,31,34485000.0,0,0.0,0,0.0,31,34485000.0,0.0
2024,Bay Area,549300KTR1JGH3K6LU06,29,27845000.0,0,0.0,0,0.0,29,27845000.0,0.0
2024,Bay Area,549300KW3HYVC06WS898,13,7695000.0,0,0.0,0,0.0,13,7695000.0,0.0
2024,Bay Area,549300KX4S1573HISS22,16,16170000.0,0,0.0,0,0.0,16,16170000.0,0.0
2024,Bay Area,549300KX6E1IE2LM5E30,3,4465000.0,0,0.0,0,0.0,3,4465000.0,0.0
2024,Bay Area,549300KZC4KKV3F7W494,9,6625000.0,0,0.0,0,0.0,9,6625000.0,0.0
2024,Bay Area,549300L9MOPDT0NKE883,2,2330000.0,0,0.0,0,0.0,2,2330000.0,0.0
2024,Bay Area,549300LBCBNR1OT00651,214,120480000.0,0,0.0,0,0.0,214,120480000.0,0.0
2024,Bay Area,549300LHJR6FIWIU8E25,1,845000.0,0,0.0,0,0.0,1,845000.0,0.0
2024,Bay Area,549300LI3FDGO7UKFF39,2,3400000.0,0,0.0,0,0.0,2,3400000.0,0.0
2024,Bay Area,549300LLESTPOVRG3X73,24,19160000.0,0,0.0,0,0.0,24,19160000.0,0.0
2024,Bay Area,549300LLQD0X2OTG0Y27,1,775000.0,0,0.0,0,0.0,1,775000.0,0.0
2024,Bay Area,549300LMP5T3UBHAEI68,1,485000.0,0,0.0,0,0.0,1,485000.0,0.0
2024,Bay Area,549300LROQOOQU77WS20,33,24435000.0,0,0.0,0,0.0,33,24435000.0,0.0
2024,Bay Area,549300LU20D3H1812W20,1,955000.0,0,0.0,0,0.0,1,955000.0,0.0
2024,Bay Area,549300LYRWPSYPK6S325,232,140740000.0,0,0.0,0,0.0,232,140740000.0,0.0
2024,Bay Area,549300MCIFZSDHUT8X63,58,38560000.0,0,0.0,0,0.0,58,38560000.0,0.0
2024,Bay Area,549300MD3D3OC2CSGX39,13,5095000.0,0,0.0,0,0.0,13,5095000.0,0.0
2024,Bay Area,549300MGPZBLQDIL7538,163,100615000.0,0,0.0,0,0.0,163,100615000.0,0.0
2024,Bay Area,549300MUXFVZKH4XLG17,20,12350000.0,0,0.0,0,0.0,20,12350000.0,0.0
2024,Bay Area,549300MZ8VZJOVC63092,265,181375000.0,0,0.0,0,0.0,265,181375000.0,0.0
2024,Bay Area,549300N3JBQ15RQ7AV97,4,3720000.0,1,1355000.0,0,0.0,3,2365000.0,25.0
2024,Bay Area,549300NFPC3Y4W3Y7R87,19,13205000.0,0,0.0,0,0.0,19,13205000.0,0.0
2024,Bay Area,549300NJVKCDJA5YC939,123,71005000.0,0,0.0,0,0.0,123,71005000.0,0.0
2024,Bay Area,549300NLJI4QKZ3D0G94,25,21165000.0,0,0.0,0,0.0,25,21165000.0,0.0
2024,Bay Area,549300NOCASXPA34X033,45,25805000.0,0,0.0,0,0.0,45,25805000.0,0.0
2024,Bay Area,549300NW5S24O35U1962,1,485000.0,0,0.0,0,0.0,1,485000.0,0.0
2024,Bay Area,549300NWBS6MQJX15N44,123,120065000.0,0,0.0,0,0.0,123,120065000.0,0.0
2024,Bay Area,549300NZWZUYUWEOA562,1,685000.0,0,0.0,0,0.0,1,685000.0,0.0
2024,Bay Area,549300O1ESL3X18LPG95,1,1045000.0,0,0.0,0,0.0,1,1045000.0,0.0
2024,Bay Area,549300O6Z0I6KYMESL47,452,333080000.0,0,0.0,0,0.0,452,333080000.0,0.0
2024,Bay Area,549300OLJQ30ZT21BC55,2,1140000.0,0,0.0,0,0.0,2,1140000.0,0.0
2024,Bay Area,549300OPB0G5OMY0SM65,235,186895000.0,0,0.0,0,0.0,235,186895000.0,0.0
2024,Bay Area,549300OPCWU6E72WUT29,71,44905000.0,0,0.0,0,0.0,71,44905000.0,0.0
2024,Bay Area,549300OSY236S7MBKO83,3,375000.0,0,0.0,0,0.0,3,375000.0,0.0
2024,Bay Area,549300OYEKEORA1GI088,2,1630000.0,0,0.0,0,0.0,2,1630000.0,0.0
2024,Bay Area,549300OZ550X4QD5PC74,1,1265000.0,0,0.0,0,0.0,1,1265000.0,0.0
2024,Bay Area,549300P1347BFCBHJV60,1,655000.0,0,0.0,0,0.0,1,655000.0,0.0
2024,Bay Area,549300P2GEYNMH5OQA71,1,1065000.0,0,0.0,0,0.0,1,1065000.0,0.0
2024,Bay Area,549300P55E0GN57DEV03,5,3015000.0,0,0.0,0,0.0,5,3015000.0,0.0
2024,Bay Area,549300PBTV7FCWLSMM53,4,2270000.0,0,0.0,0,0.0,4,2270000.0,0.0
2024,Bay Area,549300PC4MFWQBNVKG88,2,1130000.0,0,0.0,0,0.0,2,1130000.0,0.0
2024,Bay Area,549300PIL8LFAQ04XC20,1,275000.0,0,0.0,0,0.0,1,275000.0,0.0
2024,Bay Area,549300PK4T5VBRY4TE47,1,3005000.0,0,0.0,0,0.0,1,3005000.0,0.0
2024,Bay Area,549300PL267CW8182203,12,6130000.0,0,0.0,0,0.0,12,6130000.0,0.0
2024,Bay Area,549300PL8ER6H23P0Z91,175,130295000.0,0,0.0,0,0.0,175,130295000.0,0.0
2024,Bay Area,549300PQLK8E48ILXV41,5,2235000.0,0,0.0,0,0.0,5,2235000.0,0.0
2024,Bay Area,549300PRAPL43XPYR044,58,46900000.0,0,0.0,0,0.0,58,46900000.0,0.0
2024,Bay Area,549300PUF6BDR1QRB167,16,5850000.0,0,0.0,0,0.0,16,5850000.0,0.0
2024,Bay Area,549300Q02LGIN9AXKP98,124,123430000.0,0,0.0,0,0.0,124,123430000.0,0.0
2024,Bay Area,549300Q3ROEQU3D1IW91,88,16380000.0,0,0.0,0,0.0,88,16380000.0,0.0
2024,Bay Area,549300Q50XCC0473FG63,5,2045000.0,0,0.0,0,0.0,5,2045000.0,0.0
2024,Bay Area,549300Q6YL1SFVPEGV90,13,7325000.0,0,0.0,0,0.0,13,7325000.0,0.0
2024,Bay Area,549300QD23LICPXTPB55,2,1160000.0,0,0.0,0,0.0,2,1160000.0,0.0
2024,Bay Area,549300QD5CQZ9PPP5B09,4,3130000.0,0,0.0,0,0.0,4,3130000.0,0.0
2024,Bay Area,549300QIUZLVR1OLDH55,2,2540000.0,0,0.0,0,0.0,2,2540000.0,0.0
2024,Bay Area,549300QKL5FUBZ8LSF50,43,33395000.0,0,0.0,0,0.0,43,33395000.0,0.0
2024,Bay Area,549300QNPOF1WCRKLZ94,87,79025000.0,0,0.0,0,0.0,87,79025000.0,0.0
2024,Bay Area,549300QPD4M26VIOFU53,25,20065000.0,0,0.0,0,0.0,25,20065000.0,0.0
2024,Bay Area,549300R0QZYJMOBCNI97,2,1560000.0,0,0.0,0,0.0,2,1560000.0,0.0
2024,Bay Area,549300R0SXC1JU7ZU290,13,6365000.0,0,0.0,0,0.0,13,6365000.0,0.0
2024,Bay Area,549300R4F5COFJE0DN81,40,35620000.0,0,0.0,0,0.0,40,35620000.0,0.0
2024,Bay Area,549300R77W0P105C3S50,74,57160000.0,0,0.0,0,0.0,74,57160000.0,0.0
2024,Bay Area,549300R7HGHP2I754087,11,6645000.0,0,0.0,0,0.0,11,6645000.0,0.0
2024,Bay Area,549300R8VPSFM828B312,32,45250000.0,0,0.0,0,0.0,32,45250000.0,0.0
2024,Bay Area,549300R9S3MVDV4MGF56,40,25060000.0,0,0.0,0,0.0,40,25060000.0,0.0
2024,Bay Area,549300RA3E0BUFO7YZ21,35,21645000.0,0,0.0,0,0.0,35,21645000.0,0.0
2024,Bay Area,549300RD5IG88VPO6P22,42,32560000.0,0,0.0,0,0.0,42,32560000.0,0.0
2024,Bay Area,549300REENMLD2RN3W58,7,4685000.0,0,0.0,0,0.0,7,4685000.0,0.0
2024,Bay Area,549300REPZK0JXAZ6D94,1,405000.0,0,0.0,0,0.0,1,405000.0,0.0
2024,Bay Area,549300RIPPSJXAQKZ383,1,685000.0,0,0.0,0,0.0,1,685000.0,0.0
2024,Bay Area,549300RM1IZYGQDSNL85,1,505000.0,0,0.0,0,0.0,1,505000.0,0.0
2024,Bay Area,549300RN01LBYR8ZVX74,23,12745000.0,0,0.0,0,0.0,23,12745000.0,0.0
2024,Bay Area,549300RPOGWJRH63HS39,83,51165000.0,0,0.0,0,0.0,83,51165000.0,0.0
2024,Bay Area,549300RU0T31BIA8UR19,1,1055000.0,0,0.0,0,0.0,1,1055000.0,0.0
2024,Bay Area,549300RYWXR8TL5LIK35,38,20060000.0,0,0.0,0,0.0,38,20060000.0,0.0
2024,Bay Area,549300S5FVOSK5DQJN30,17,14435000.0,0,0.0,0,0.0,17,14435000.0,0.0
2024,Bay Area,549300S8SHBRCI7UU819,7,6335000.0,0,0.0,0,0.0,7,6335000.0,0.0
2024,Bay Area,549300SBA6BX8HZZF585,45,38015000.0,0,0.0,0,0.0,45,38015000.0,0.0
2024,Bay Area,549300SCFWZXMDMZPE93,1,985000.0,0,0.0,0,0.0,1,985000.0,0.0
2024,Bay Area,549300SGD2RNJOEDDS24,16,13700000.0,0,0.0,0,0.0,16,13700000.0,0.0
2024,Bay Area,549300SK2GVCQXPD4S58,63,36025000.0,0,0.0,0,0.0,63,36025000.0,0.0
2024,Bay Area,549300SKHHL7A2K8YV94,39,34345000.0,0,0.0,0,0.0,39,34345000.0,0.0
2024,Bay Area,549300SQH6MBVMMRRA85,1,205000.0,0,0.0,0,0.0,1,205000.0,0.0
2024,Bay Area,549300SQRR7T3EUSDD87,1,235000.0,0,0.0,0,0.0,1,235000.0,0.0
2024,Bay Area,549300SUCQ1358EGVE89,9,3965000.0,0,0.0,0,0.0,9,3965000.0,0.0
2024,Bay Area,549300SVKVT1EF3U0N48,6,3160000.0,0,0.0,0,0.0,6,3160000.0,0.0
2024,Bay Area,549300SWHFQY2F7RN335,2,1060000.0,0,0.0,0,0.0,2,1060000.0,0.0
2024,Bay Area,549300T3F9S1MKFKHC53,2,1400000.0,0,0.0,0,0.0,2,1400000.0,0.0
2024,Bay Area,549300T5QSL6MC8M4D04,7,5085000.0,0,0.0,0,0.0,7,5085000.0,0.0
2024,Bay Area,549300T7HRS5DVBUPQ06,2,1470000.0,0,0.0,0,0.0,2,1470000.0,0.0
2024,Bay Area,549300T94GSH3C4U5M59,64,58720000.0,0,0.0,0,0.0,64,58720000.0,0.0
2024,Bay Area,549300T9P3WXNMXX0I34,2,1400000.0,0,0.0,0,0.0,2,1400000.0,0.0
2024,Bay Area,549300TF1E42EUFBSL45,42,44420000.0,0,0.0,0,0.0,42,44420000.0,0.0
2024,Bay Area,549300TG5MQ8D4SYP955,2,2100000.0,0,0.0,0,0.0,2,2100000.0,0.0
2024,Bay Area,549300TK6RZQSFXZHV09,10,7210000.0,0,0.0,0,0.0,10,7210000.0,0.0
2024,Bay Area,549300TMY3OACQC9U777,13,13725000.0,0,0.0,0,0.0,13,13725000.0,0.0
2024,Bay Area,549300TTPRGSP8DGY569,1,605000.0,0,0.0,0,0.0,1,605000.0,0.0
2024,Bay Area,549300TUQC6OYE8A0Y96,56,29800000.0,0,0.0,0,0.0,56,29800000.0,0.0
2024,Bay Area,549300U3721PJGQZYY68,993,824215000.0,0,0.0,0,0.0,993,824215000.0,0.0
2024,Bay Area,549300U7F7T8UG5AI038,9,7855000.0,0,0.0,0,0.0,9,7855000.0,0.0
2024,Bay Area,549300U7UH8QCS8WQ406,3,2755000.0,0,0.0,0,0.0,3,2755000.0,0.0
2024,Bay Area,549300UB5TJ0YPVPT503,227,170335000.0,0,0.0,0,0.0,227,170335000.0,0.0
2024,Bay Area,549300UF3FPC7U6RFC59,2,1380000.0,0,0.0,0,0.0,2,1380000.0,0.0
2024,Bay Area,549300UG7QXKM7KGV847,10,1170000.0,0,0.0,0,0.0,10,1170000.0,0.0
2024,Bay Area,549300UHEEV73TKCZY62,13,5585000.0,0,0.0,0,0.0,13,5585000.0,0.0
2024,Bay Area,549300UI36AJZ0WZ4U93,97,72495000.0,0,0.0,0,0.0,97,72495000.0,0.0
2024,Bay Area,549300ULXKJUJDK2RQ54,1,545000.0,0,0.0,0,0.0,1,545000.0,0.0
2024,Bay Area,549300UM5S3HZLZHVP89,9,6955000.0,0,0.0,0,0.0,9,6955000.0,0.0
2024,Bay Area,549300UPB8ITF7B1GI03,2,1160000.0,0,0.0,0,0.0,2,1160000.0,0.0
2024,Bay Area,549300UR5AOWTJJ7KZ64,33,29735000.0,0,0.0,0,0.0,33,29735000.0,0.0
2024,Bay Area,549300UT4EN6IH579Q63,18,10110000.0,0,0.0,0,0.0,18,10110000.0,0.0
2024,Bay Area,549300UV5JQXLGVWIP44,3,1735000.0,0,0.0,0,0.0,3,1735000.0,0.0
2024,Bay Area,549300UXY7OP0IC38293,40,33220000.0,0,0.0,0,0.0,40,33220000.0,0.0
2024,Bay Area,549300V3N91EH05UWL23,1,205000.0,0,0.0,0,0.0,1,205000.0,0.0
2024,Bay Area,549300V8CF81JGIV7038,1,445000.0,0,0.0,0,0.0,1,445000.0,0.0
2024,Bay Area,549300VCMRO4ST680C11,27,16135000.0,0,0.0,0,0.0,27,16135000.0,0.0
2024,Bay Area,549300VMX06UV1F7NS76,5,3195000.0,0,0.0,0,0.0,5,3195000.0,0.0
2024,Bay Area,549300VORTI31GZTJL53,47,28475000.0,0,0.0,0,0.0,47,28475000.0,0.0
2024,Bay Area,549300VQUTI5IU7GXT57,34,20030000.0,0,0.0,0,0.0,34,20030000.0,0.0
2024,Bay Area,549300VRYDYOPWK5MO08,34,31660000.0,0,0.0,0,0.0,34,31660000.0,0.0
2024,Bay Area,549300VVH8HHFMWL8536,70,54630000.0,0,0.0,0,0.0,70,54630000.0,0.0
2024,Bay Area,549300VZVN841I2ILS84,1937,1645275000.0,0,0.0,0,0.0,1937,1645275000.0,0.0
2024,Bay Area,549300W0YBCUV18HSR42,23,17825000.0,0,0.0,0,0.0,23,17825000.0,0.0
2024,Bay Area,549300W1HU6IVVIEJ389,2,780000.0,0,0.0,0,0.0,2,780000.0,0.0
2024,Bay Area,549300W45D2J6BT4LX65,24,13260000.0,0,0.0,0,0.0,24,13260000.0,0.0
2024,Bay Area,549300W4FT4H1UWPGU95,1,705000.0,0,0.0,0,0.0,1,705000.0,0.0
2024,Bay Area,549300WEOD0TL2O6EU67,2,1260000.0,0,0.0,0,0.0,2,1260000.0,0.0
2024,Bay Area,549300WHVRE44NRBU558,1,905000.0,0,0.0,0,0.0,1,905000.0,0.0
2024,Bay Area,549300WJIJV987NXVC31,17,11525000.0,0,0.0,0,0.0,17,11525000.0,0.0
2024,Bay Area,549300WKFR15017V9850,2,1100000.0,0,0.0,0,0.0,2,1100000.0,0.0
2024,Bay Area,549300WYBPIWKK6SQC06,1,695000.0,0,0.0,0,0.0,1,695000.0,0.0
2024,Bay Area,549300X08QKYUH256I80,1,245000.0,0,0.0,0,0.0,1,245000.0,0.0
2024,Bay Area,549300XBOKNEE2CQJL92,4,2860000.0,0,0.0,0,0.0,4,2860000.0,0.0
2024,Bay Area,549300XCVBRR56D08F03,11,6155000.0,0,0.0,0,0.0,11,6155000.0,0.0
2024,Bay Area,549300XQ7B5FIVUNFE29,1,725000.0,0,0.0,0,0.0,1,725000.0,0.0
2024,Bay Area,549300XQVJ1XBNFA5536,135,26965000.0,0,0.0,0,0.0,135,26965000.0,0.0
2024,Bay Area,549300XR3B6372SESA46,21,8655000.0,0,0.0,0,0.0,21,8655000.0,0.0
2024,Bay Area,549300XRXBA38J60S618,2,2780000.0,0,0.0,0,0.0,2,2780000.0,0.0
2024,Bay Area,549300XWUSRVVOHPRY47,466,282150000.0,0,0.0,0,0.0,466,282150000.0,0.0
2024,Bay Area,549300XY701IELCE5Q08,98,67610000.0,0,0.0,0,0.0,98,67610000.0,0.0
2024,Bay Area,549300Y01XP7FO81MC08,1,405000.0,0,0.0,0,0.0,1,405000.0,0.0
2024,Bay Area,549300Y4BSP3BSFW7J29,1,255000.0,0,0.0,0,0.0,1,255000.0,0.0
2024,Bay Area,549300Y5Y88FQLI7VE83,43,48875000.0,0,0.0,0,0.0,43,48875000.0,0.0
2024,Bay Area,549300YAYQAARPBTRA72,35,35905000.0,0,0.0,0,0.0,35,35905000.0,0.0
2024,Bay Area,549300YD7XJM19TH5O82,28,25690000.0,0,0.0,0,0.0,28,25690000.0,0.0
2024,Bay Area,549300YDBNK66R6ZES34,1,765000.0,0,0.0,0,0.0,1,765000.0,0.0
2024,Bay Area,549300YIOSILVWW8FH16,3,3305000.0,0,0.0,0,0.0,3,3305000.0,0.0
2024,Bay Area,549300YIQ7S7Z8PIHE53,44,18140000.0,0,0.0,0,0.0,44,18140000.0,0.0
2024,Bay Area,549300YN94MOAVYW0F52,24,8190000.0,0,0.0,0,0.0,24,8190000.0,0.0
2024,Bay Area,549300YPBBHUEKV1YC68,8,4490000.0,0,0.0,0,0.0,8,4490000.0,0.0
2024,Bay Area,549300YPSRX7HBRJSR08,5,1525000.0,0,0.0,0,0.0,5,1525000.0,0.0
2024,Bay Area,549300Z66NI4HM439O26,9,12265000.0,0,0.0,0,0.0,9,12265000.0,0.0
2024,Bay Area,549300ZBXINP1Y94CN02,7,5695000.0,0,0.0,0,0.0,7,5695000.0,0.0
2024,Bay Area,549300ZCR1XCLNEEI724,10,11200000.0,0,0.0,0,0.0,10,11200000.0,0.0
2024,Bay Area,549300ZGTXNHL5BKQZ27,2,820000.0,0,0.0,0,0.0,2,820000.0,0.0
2024,Bay Area,549300ZIXM1VUXPG4D03,7,5615000.0,0,0.0,0,0.0,7,5615000.0,0.0
2024,Bay Area,549300ZJIC4LOLZH0M42,531,560175000.0,0,0.0,0,0.0,531,560175000.0,0.0
2024,Bay Area,549300ZPP46PTHQ2RF22,14,2440000.0,0,0.0,0,0.0,14,2440000.0,0.0
2024,Bay Area,549300ZPSJZO10ZAX556,9,9675000.0,0,0.0,0,0.0,9,9675000.0,0.0
2024,Bay Area,549300ZS1TR1B4LHX377,6,4380000.0,0,0.0,0,0.0,6,4380000.0,0.0
2024,Bay Area,549300ZWNETGFXTBBY03,6,5120000.0,0,0.0,0,0.0,6,5120000.0,0.0
2024,Bay Area,549300ZZME37MXI1EF14,9,5015000.0,0,0.0,0,0.0,9,5015000.0,0.0
2024,Bay Area,593C3GZG957YOJPS2Z63,18,31350000.0,0,0.0,0,0.0,18,31350000.0,0.0
2024,Bay Area,635400IW1QMK3FNFF894,1,675000.0,0,0.0,0,0.0,1,675000.0,0.0
2024,Bay Area,6BYL5QZYBDK8S7L73M02,3384,3867200000.0,0,0.0,0,0.0,3384,3867200000.0,0.0
2024,Bay Area,6PTKHDJ8HDUF78PFWH30,2,5760000.0,0,0.0,0,0.0,2,5760000.0,0.0
2024,Bay Area,70WY0ID1N53Q4254VH70,22,24180000.0,0,0.0,0,0.0,22,24180000.0,0.0
2024,Bay Area,7DMUJTL9FFTVIAG9H788,1,305000.0,0,0.0,0,0.0,1,305000.0,0.0
2024,Bay Area,7H6GLXDRUGQFU57RNE97,2131,2360405000.0,0,0.0,0,0.0,2131,2360405000.0,0.0
2024,Bay Area,8945004XZN3PZQZJW178,36,35700000.0,0,0.0,0,0.0,36,35700000.0,0.0
2024,Bay Area,8WH0EE09O9V05QJZ3V89,160,155170000.0,0,0.0,0,0.0,160,155170000.0,0.0
2024,Bay Area,984500D61DCEC4E2B661,1,715000.0,0,0.0,0,0.0,1,715000.0,0.0
2024,Bay Area,984500F6E6940CCB6A60,49,51035000.0,0,0.0,0,0.0,49,51035000.0,0.0
2024,Bay Area,984500P059VACEAAFA22,12,9000000.0,0,0.0,0,0.0,12,9000000.0,0.0
2024,Bay Area,984500U2F9A83N391A91,65,49625000.0,0,0.0,0,0.0,65,49625000.0,0.0
2024,Bay Area,AD6GFRVSDT01YPT1CS68,980,1281090000.0,0,0.0,0,0.0,980,1281090000.0,0.0
2024,Bay Area,B4TYDEB6GKMZO031MB27,3022,3780310000.0,0,0.0,0,0.0,3022,3780310000.0,0.0
2024,Bay Area,C398JSK21YCXWM603F55,110,94290000.0,0,0.0,0,0.0,110,94290000.0,0.0
2024,Bay Area,C5654JQHZUHN0772B561,40,25450000.0,0,0.0,0,0.0,40,25450000.0,0.0
2024,Bay Area,CKVBED0S4DMLKJJ5XH28,30,30190000.0,0,0.0,0,0.0,30,30190000.0,0.0
2024,Bay Area,COINQMNIM6RBU631DD85,4,2210000.0,0,0.0,0,0.0,4,2210000.0,0.0
2024,Bay Area,COOWI3L2W9TPYR3WJX37,1,2695000.0,0,0.0,0,0.0,1,2695000.0,0.0
2024,Bay Area,D38AC76TAMYI50NBPX33,19,36255000.0,0,0.0,0,0.0,19,36255000.0,0.0
2024,Bay Area,DRMSV1Q0EKMEXLAU1P80,62,167430000.0,0,0.0,0,0.0,62,167430000.0,0.0
2024,Bay Area,E57ODZWZ7FF32TWEFA76,1862,2458330000.0,0,0.0,0,0.0,1862,2458330000.0,0.0
2024,Bay Area,F28JOQ8OBWCFUYM0UX93,200,146120000.0,0,0.0,0,0.0,200,146120000.0,0.0
2024,Bay Area,FDXQ75GPEQKRPWABYN63,5,6835000.0,0,0.0,0,0.0,5,6835000.0,0.0
2024,Bay Area,FT6J43S06X6CLJ0R0B48,31,28065000.0,0,0.0,0,0.0,31,28065000.0,0.0
2024,Bay Area,FU7RSW4CQQY98A2O7J66,1,735000.0,0,0.0,0,0.0,1,735000.0,0.0
2024,Bay Area,HIDXEG9BLUJZKBGUT764,5,5465000.0,0,0.0,0,0.0,5,5465000.0,0.0
2024,Bay Area,HUX2X73FUCYHUVH1BK78,9,7615000.0,0,0.0,0,0.0,9,7615000.0,0.0
2024,Bay Area,IFQSIUC9AGQV2NE8CN25,60,49430000.0,0,0.0,0,0.0,60,49430000.0,0.0
2024,Bay Area,IUGPUX5LWRZ3B6KIZ697,220,130200000.0,0,0.0,0,0.0,220,130200000.0,0.0
2024,Bay Area,JJKC32MCHWDI71265Z06,8,6800000.0,0,0.0,0,0.0,8,6800000.0,0.0
2024,Bay Area,KB1H1DSPRFMYMCUFXT09,3378,4618620000.0,0,0.0,0,0.0,3378,4618620000.0,0.0
2024,Bay Area,KD3XUN7C6T14HNAYLU02,31,98225000.0,0,0.0,0,0.0,31,98225000.0,0.0
2024,Bay Area,L9VVX1KT5TFTKS0MLF66,251,297535000.0,0,0.0,0,0.0,251,297535000.0,0.0
2024,Bay Area,PAOOWF3GUFM46FBSP561,25,11925000.0,0,0.0,0,0.0,25,11925000.0,0.0
2024,Bay Area,Q708HHR4LD2B7XIZNO92,12,10060000.0,0,0.0,0,0.0,12,10060000.0,0.0
2024,Bay Area,QFROUN1UWUYU0DVIWD51,6,7910000.0,0,0.0,0,0.0,6,7910000.0,0.0
2024,Bay Area,RVDPPPGHCGZ40J4VQ731,559,474845000.0,0,0.0,0,0.0,559,474845000.0,0.0
2024,Bay Area,SS1TRMSN6BRNMOREEV51,326,237650000.0,0,0.0,0,0.0,326,237650000.0,0.0
2024,Bay Area,WE0I402RW25AU38DTI13,2,2240000.0,0,0.0,0,0.0,2,2240000.0,0.0
2024,Bay Area,WKN6AF1FCL7BBYGTGI83,3,1325000.0,0,0.0,0,0.0,3,1325000.0,0.0
2024,Bay Area,WWB2V0FCW3A0EE3ZJN75,10,9750000.0,0,0.0,0,0.0,10,9750000.0,0.0
2024,Bay Area,X05BVSK68TQ7YTOSNR22,6,1070000.0,0,0.0,0,0.0,6,1070000.0,0.0
2024,Bay Area,ZXMJHJK466PBZTM5F379,14,21510000.0,0,0.0,0,0.0,14,21510000.0,0.0
2024,Seattle/Puget Sound,01KWVG908KE7RKPTNP46,416,238520000.0,0,0.0,0,0.0,416,238520000.0,0.0
2024,Seattle/Puget Sound,1IE8VN30JCEQV1H4R804,341,407405000.0,0,0.0,0,0.0,341,407405000.0,0.0
2024,Seattle/Puget Sound,213800QUAI2VH5YM6310,13,11905000.0,0,0.0,0,0.0,13,11905000.0,0.0
2024,Seattle/Puget Sound,213800XR2TCBQJSF1X93,247,141585000.0,0,0.0,0,0.0,247,141585000.0,0.0
2024,Seattle/Puget Sound,2549001IK7UDPADKAG34,2,220000.0,0,0.0,0,0.0,2,220000.0,0.0
2024,Seattle/Puget Sound,2549001SI0EMFPT39035,171,88195000.0,0,0.0,0,0.0,171,88195000.0,0.0
2024,Seattle/Puget Sound,2549002VH9C0PKB8K153,6,3760000.0,0,0.0,0,0.0,6,3760000.0,0.0
2024,Seattle/Puget Sound,2549004CU9LAM5CYA280,2,1730000.0,0,0.0,0,0.0,2,1730000.0,0.0
2024,Seattle/Puget Sound,2549004FXPNKCLIN8250,57,30405000.0,0,0.0,0,0.0,57,30405000.0,0.0
2024,Seattle/Puget Sound,2549004XJQQPBYQSMT39,4,5130000.0,0,0.0,0,0.0,4,5130000.0,0.0
2024,Seattle/Puget Sound,2549004Z576VEJBK3N72,11,8805000.0,0,0.0,0,0.0,11,8805000.0,0.0
2024,Seattle/Puget Sound,2549005Q4HZ55QX7YC64,12,7180000.0,0,0.0,0,0.0,12,7180000.0,0.0
2024,Seattle/Puget Sound,2549005SIVTHG14U2905,29,17395000.0,0,0.0,0,0.0,29,17395000.0,0.0
2024,Seattle/Puget Sound,2549007AU24FVDMNUB40,1,1105000.0,0,0.0,0,0.0,1,1105000.0,0.0
2024,Seattle/Puget Sound,2549007E9BI08H1N1T92,2,990000.0,0,0.0,0,0.0,2,990000.0,0.0
2024,Seattle/Puget Sound,2549007IU6SKFLLNKZ07,4,2090000.0,0,0.0,0,0.0,4,2090000.0,0.0
2024,Seattle/Puget Sound,2549007JZSAICH4GZJ60,1,805000.0,0,0.0,0,0.0,1,805000.0,0.0
2024,Seattle/Puget Sound,2549007LQQOUAPFNHY39,3,1445000.0,0,0.0,0,0.0,3,1445000.0,0.0
2024,Seattle/Puget Sound,2549007NTZZX7VJJPB03,1,535000.0,0,0.0,0,0.0,1,535000.0,0.0
2024,Seattle/Puget Sound,2549007ZL90U2M5ZNA78,24,16050000.0,0,0.0,0,0.0,24,16050000.0,0.0
2024,Seattle/Puget Sound,2549008GIE3QVYB2FT28,90,38690000.0,0,0.0,0,0.0,90,38690000.0,0.0
2024,Seattle/Puget Sound,2549008LK3474E9U2888,10,4660000.0,0,0.0,0,0.0,10,4660000.0,0.0
2024,Seattle/Puget Sound,2549008TT6UNYR7AXF54,55,25635000.0,0,0.0,0,0.0,55,25635000.0,0.0
2024,Seattle/Puget Sound,2549009X2AG1P20YAJ63,12,21770000.0,0,0.0,0,0.0,12,21770000.0,0.0
2024,Seattle/Puget Sound,254900DTLHVWQ7NP7R34,219,122845000.0,0,0.0,0,0.0,219,122845000.0,0.0
2024,Seattle/Puget Sound,254900E6AIE4Z8YQM970,53,42215000.0,0,0.0,0,0.0,53,42215000.0,0.0
2024,Seattle/Puget Sound,254900F9ZTVTX763V835,1,365000.0,0,0.0,0,0.0,1,365000.0,0.0
2024,Seattle/Puget Sound,254900FMBXF85WQYV433,1,1055000.0,0,0.0,0,0.0,1,1055000.0,0.0
2024,Seattle/Puget Sound,254900HA4DQWAE0W3342,14,7400000.0,0,0.0,0,0.0,14,7400000.0,0.0
2024,Seattle/Puget Sound,254900HEJ9F73IMPX887,14,8860000.0,0,0.0,0,0.0,14,8860000.0,0.0
2024,Seattle/Puget Sound,254900HIDMT4ZG09RP47,10,5200000.0,0,0.0,0,0.0,10,5200000.0,0.0
2024,Seattle/Puget Sound,254900HO9WPE4LTLQU96,6,3620000.0,0,0.0,0,0.0,6,3620000.0,0.0
2024,Seattle/Puget Sound,254900I68BOSEM149Q58,1,475000.0,0,0.0,0,0.0,1,475000.0,0.0
2024,Seattle/Puget Sound,254900IEGKUDRDS23V26,12,8390000.0,1,395000.0,0,0.0,11,7995000.0,8.333333333333334
2024,Seattle/Puget Sound,254900IHSG9OOX0DZH92,6,1650000.0,0,0.0,0,0.0,6,1650000.0,0.0
2024,Seattle/Puget Sound,254900JH11ROOV921P96,1,585000.0,0,0.0,0,0.0,1,585000.0,0.0
2024,Seattle/Puget Sound,254900JZN2V0PWFMW808,3,1615000.0,0,0.0,0,0.0,3,1615000.0,0.0
2024,Seattle/Puget Sound,254900KI7219LQKCI772,3,2255000.0,0,0.0,0,0.0,3,2255000.0,0.0
2024,Seattle/Puget Sound,254900LTD432L5CHIZ48,37,23335000.0,0,0.0,0,0.0,37,23335000.0,0.0
2024,Seattle/Puget Sound,254900MKY47WU65N1J56,80,50210000.0,0,0.0,0,0.0,80,50210000.0,0.0
2024,Seattle/Puget Sound,254900N49YI2HHKDPS92,2,870000.0,0,0.0,0,0.0,2,870000.0,0.0
2024,Seattle/Puget Sound,254900O28OG3UMHXQY81,18,10560000.0,0,0.0,0,0.0,18,10560000.0,0.0
2024,Seattle/Puget Sound,254900O723MCLR701H50,1,465000.0,0,0.0,0,0.0,1,465000.0,0.0
2024,Seattle/Puget Sound,254900P7WLDQD9IUL038,1,775000.0,0,0.0,0,0.0,1,775000.0,0.0
2024,Seattle/Puget Sound,254900QNIR86GUIRYH95,1,495000.0,0,0.0,0,0.0,1,495000.0,0.0
2024,Seattle/Puget Sound,254900QPRPHIXEAX3L37,19,9465000.0,0,0.0,0,0.0,19,9465000.0,0.0
2024,Seattle/Puget Sound,254900QRD0ZXHH08TX87,1,745000.0,0,0.0,0,0.0,1,745000.0,0.0
2024,Seattle/Puget Sound,254900R9A6TW85BTVS20,40,18290000.0,0,0.0,0,0.0,40,18290000.0,0.0
2024,Seattle/Puget Sound,254900RFZH9I62FGU045,1,665000.0,0,0.0,0,0.0,1,665000.0,0.0
2024,Seattle/Puget Sound,254900RM3T6WAVE6SA24,2,1170000.0,0,0.0,0,0.0,2,1170000.0,0.0
2024,Seattle/Puget Sound,254900RQX8N4HXJIDK44,2,1050000.0,0,0.0,0,0.0,2,1050000.0,0.0
2024,Seattle/Puget Sound,254900T37KTTXKCK3416,1,635000.0,0,0.0,0,0.0,1,635000.0,0.0
2024,Seattle/Puget Sound,254900TG14TB8RKS3U42,36,21040000.0,2,1670000.0,0,0.0,34,19370000.0,5.555555555555555
2024,Seattle/Puget Sound,254900TTZ395IC926125,31,15705000.0,0,0.0,0,0.0,31,15705000.0,0.0
2024,Seattle/Puget Sound,254900V6GCDMRQZ34D96,3,3405000.0,0,0.0,0,0.0,3,3405000.0,0.0
2024,Seattle/Puget Sound,254900VELJPWWT51WN03,176,102590000.0,0,0.0,0,0.0,176,102590000.0,0.0
2024,Seattle/Puget Sound,254900VHUBSJJKOMBF27,1,555000.0,0,0.0,0,0.0,1,555000.0,0.0
2024,Seattle/Puget Sound,254900VX7NAZSPBPUE16,1,395000.0,0,0.0,0,0.0,1,395000.0,0.0
2024,Seattle/Puget Sound,254900WEP08K7U7S3A80,17,6035000.0,0,0.0,0,0.0,17,6035000.0,0.0
2024,Seattle/Puget Sound,254900WTZC5SSKIN2M11,62,26560000.0,0,0.0,0,0.0,62,26560000.0,0.0
2024,Seattle/Puget Sound,254900YPPMV9UM5FUW09,1,715000.0,0,0.0,0,0.0,1,715000.0,0.0
2024,Seattle/Puget Sound,254900ZFWS2106HWPH46,202,107950000.0,0,0.0,0,0.0,202,107950000.0,0.0
2024,Seattle/Puget Sound,254900ZX1UPIG2E7TH11,1,965000.0,0,0.0,0,0.0,1,965000.0,0.0
2024,Seattle/Puget Sound,2WHM8VNJH63UN14OL754,58,66180000.0,0,0.0,0,0.0,58,66180000.0,0.0
2024,Seattle/Puget Sound,3Y4U8VZURTYWI1W2K376,163,194455000.0,0,0.0,0,0.0,163,194455000.0,0.0
2024,Seattle/Puget Sound,4EP6JBYBTPTQ47LZOB67,3,4405000.0,0,0.0,0,0.0,3,4405000.0,0.0
2024,Seattle/Puget Sound,54930001NSTOD85LT125,70,41940000.0,0,0.0,0,0.0,70,41940000.0,0.0
2024,Seattle/Puget Sound,54930002O9LLXKR6TF11,11,5375000.0,0,0.0,0,0.0,11,5375000.0,0.0
2024,Seattle/Puget Sound,5493000349C5XXDRQX28,23,13445000.0,0,0.0,0,0.0,23,13445000.0,0.0
2024,Seattle/Puget Sound,54930004MLYQ2HKUPN66,48,40360000.0,0,0.0,0,0.0,48,40360000.0,0.0
2024,Seattle/Puget Sound,54930007KK7ZS3IJVC25,7,2205000.0,0,0.0,0,0.0,7,2205000.0,0.0
2024,Seattle/Puget Sound,5493000BAKE4VAHVCU55,19,6405000.0,0,0.0,0,0.0,19,6405000.0,0.0
2024,Seattle/Puget Sound,5493000EUC3MM52PJV85,9,4245000.0,0,0.0,0,0.0,9,4245000.0,0.0
2024,Seattle/Puget Sound,5493000FSLMV0FBEQY36,1,3005000.0,0,0.0,0,0.0,1,3005000.0,0.0
2024,Seattle/Puget Sound,5493000FWM3I2HHQY149,199,91735000.0,0,0.0,0,0.0,199,91735000.0,0.0
2024,Seattle/Puget Sound,5493000H6DFDDJRORG89,24,10000000.0,0,0.0,0,0.0,24,10000000.0,0.0
2024,Seattle/Puget Sound,5493000IIYWBLONJVJ30,7,3045000.0,0,0.0,0,0.0,7,3045000.0,0.0
2024,Seattle/Puget Sound,5493000JFVFQFL816N45,1,545000.0,0,0.0,0,0.0,1,545000.0,0.0
2024,Seattle/Puget Sound,5493000NYUJT9UC6G261,75,36515000.0,0,0.0,0,0.0,75,36515000.0,0.0
2024,Seattle/Puget Sound,5493000OM9RKJW8W5K82,1,695000.0,0,0.0,0,0.0,1,695000.0,0.0
2024,Seattle/Puget Sound,5493000WAJ1FMTFL5D75,3,1595000.0,0,0.0,0,0.0,3,1595000.0,0.0
2024,Seattle/Puget Sound,5493000YNV8IX4VD3X12,7,1045000.0,0,0.0,0,0.0,7,1045000.0,0.0
2024,Seattle/Puget Sound,549300121SF0K2LN2804,153,84055000.0,0,0.0,0,0.0,153,84055000.0,0.0
2024,Seattle/Puget Sound,54930016ZSB1QWXLRJ13,2,1430000.0,0,0.0,0,0.0,2,1430000.0,0.0
2024,Seattle/Puget Sound,5493001B4U37VT2ML818,23,10405000.0,0,0.0,0,0.0,23,10405000.0,0.0
2024,Seattle/Puget Sound,5493001GAASLCSP1PB64,17,4925000.0,0,0.0,0,0.0,17,4925000.0,0.0
2024,Seattle/Puget Sound,5493001GCBD5XGNIC815,3,1485000.0,0,0.0,0,0.0,3,1485000.0,0.0
2024,Seattle/Puget Sound,5493001GDRY0EL7VG372,40,22790000.0,0,0.0,0,0.0,40,22790000.0,0.0
2024,Seattle/Puget Sound,5493001HHBUTXHS7TZ96,259,148785000.0,0,0.0,0,0.0,259,148785000.0,0.0
2024,Seattle/Puget Sound,5493001I7Z53NDBE4X59,2,940000.0,0,0.0,0,0.0,2,940000.0,0.0
2024,Seattle/Puget Sound,5493001JT9MT3Z3Y3M39,8,7780000.0,0,0.0,0,0.0,8,7780000.0,0.0
2024,Seattle/Puget Sound,5493001K7B4W8IPMZ254,1,595000.0,0,0.0,0,0.0,1,595000.0,0.0
2024,Seattle/Puget Sound,5493001PXRJMPLXPG540,11,3945000.0,0,0.0,0,0.0,11,3945000.0,0.0
2024,Seattle/Puget Sound,5493001SXWZ4OFP8Z903,682,443680000.0,0,0.0,0,0.0,682,443680000.0,0.0
2024,Seattle/Puget Sound,5493001VH4ZJNSI25781,57,44445000.0,0,0.0,0,0.0,57,44445000.0,0.0
2024,Seattle/Puget Sound,5493001WHVQBGRSWEU75,38,20160000.0,0,0.0,0,0.0,38,20160000.0,0.0
2024,Seattle/Puget Sound,5493001X0T84TYRJ5Y59,2,1020000.0,0,0.0,0,0.0,2,1020000.0,0.0
2024,Seattle/Puget Sound,5493001XKL0FTNOJ0866,46,27690000.0,0,0.0,0,0.0,46,27690000.0,0.0
2024,Seattle/Puget Sound,5493001YIUWLFRXQUO81,1,835000.0,0,0.0,0,0.0,1,835000.0,0.0
2024,Seattle/Puget Sound,54930021DZJ9CEN11D61,8,3530000.0,0,0.0,0,0.0,8,3530000.0,0.0
2024,Seattle/Puget Sound,54930021QRU8VXNS6152,118,50050000.0,0,0.0,0,0.0,118,50050000.0,0.0
2024,Seattle/Puget Sound,54930021WPEXNHYZUL09,128,63310000.0,0,0.0,0,0.0,128,63310000.0,0.0
2024,Seattle/Puget Sound,54930022CQGV47Q8PM03,3,1285000.0,0,0.0,0,0.0,3,1285000.0,0.0
2024,Seattle/Puget Sound,54930028J11BWKUVGX50,29,11905000.0,0,0.0,0,0.0,29,11905000.0,0.0
2024,Seattle/Puget Sound,5493002B2WMHY23GFK92,20,8220000.0,0,0.0,0,0.0,20,8220000.0,0.0
2024,Seattle/Puget Sound,5493002DRIX59V47NM65,1,295000.0,0,0.0,0,0.0,1,295000.0,0.0
2024,Seattle/Puget Sound,5493002G4JO4BZ22MC13,1,725000.0,0,0.0,0,0.0,1,725000.0,0.0
2024,Seattle/Puget Sound,5493002GI63WHHUTUD85,16,9150000.0,0,0.0,0,0.0,16,9150000.0,0.0
2024,Seattle/Puget Sound,5493002QI2ILHHZH8D20,194,121330000.0,0,0.0,0,0.0,194,121330000.0,0.0
2024,Seattle/Puget Sound,5493002QRULT2T40BH09,4,2500000.0,0,0.0,0,0.0,4,2500000.0,0.0
2024,Seattle/Puget Sound,5493002RF1ERFA2XR050,1,885000.0,0,0.0,0,0.0,1,885000.0,0.0
2024,Seattle/Puget Sound,5493002TJKC8NLH1ZP82,4,1940000.0,0,0.0,0,0.0,4,1940000.0,0.0
2024,Seattle/Puget Sound,5493002WVA17MT4UFH84,1,975000.0,0,0.0,0,0.0,1,975000.0,0.0
2024,Seattle/Puget Sound,5493002Y5XYV7DV1ZV88,48,27750000.0,0,0.0,0,0.0,48,27750000.0,0.0
2024,Seattle/Puget Sound,54930030Z1JWTP3SVD16,9,4065000.0,0,0.0,0,0.0,9,4065000.0,0.0
2024,Seattle/Puget Sound,549300323EON4W3CCM44,136,72950000.0,0,0.0,0,0.0,136,72950000.0,0.0
2024,Seattle/Puget Sound,54930034MNPILHP25H80,3,2215000.0,0,0.0,0,0.0,3,2215000.0,0.0
2024,Seattle/Puget Sound,549300370QILXLFUWD20,122,66660000.0,0,0.0,0,0.0,122,66660000.0,0.0
2024,Seattle/Puget Sound,5493003B2LEGQHDWRN55,1,725000.0,0,0.0,0,0.0,1,725000.0,0.0
2024,Seattle/Puget Sound,5493003BXKRGHQHRJV38,1,1055000.0,0,0.0,0,0.0,1,1055000.0,0.0
2024,Seattle/Puget Sound,5493003GQDUH26DNNH17,551,296695000.0,0,0.0,0,0.0,551,296695000.0,0.0
2024,Seattle/Puget Sound,5493003NV9L53LK1XI52,2,930000.0,0,0.0,0,0.0,2,930000.0,0.0
2024,Seattle/Puget Sound,5493003Q3L1PO9NBVK64,13,7735000.0,0,0.0,0,0.0,13,7735000.0,0.0
2024,Seattle/Puget Sound,5493003T5D4N1CM46J77,525,332965000.0,0,0.0,0,0.0,525,332965000.0,0.0
2024,Seattle/Puget Sound,5493003V40VGM7YDFM54,41,19935000.0,0,0.0,0,0.0,41,19935000.0,0.0
2024,Seattle/Puget Sound,54930043BMDE130FJ617,325,167815000.0,0,0.0,0,0.0,325,167815000.0,0.0
2024,Seattle/Puget Sound,54930048P8RWCQHQM310,17,18975000.0,0,0.0,0,0.0,17,18975000.0,0.0
2024,Seattle/Puget Sound,54930049L5WINET09Q97,66,27880000.0,0,0.0,0,0.0,66,27880000.0,0.0
2024,Seattle/Puget Sound,5493004AS1SPBQOFDR49,43,33255000.0,0,0.0,0,0.0,43,33255000.0,0.0
2024,Seattle/Puget Sound,5493004F7BXDIUFVPV87,7,2875000.0,0,0.0,0,0.0,7,2875000.0,0.0
2024,Seattle/Puget Sound,5493004RLLKTQS8K7U51,3,1695000.0,0,0.0,0,0.0,3,1695000.0,0.0
2024,Seattle/Puget Sound,5493004T9SQFCNRQ2L76,1,765000.0,0,0.0,0,0.0,1,765000.0,0.0
2024,Seattle/Puget Sound,5493004WMLN60ZJ2ON46,148,76120000.0,0,0.0,0,0.0,148,76120000.0,0.0
2024,Seattle/Puget Sound,54930052M48FOD3CWA54,25,12195000.0,0,0.0,0,0.0,25,12195000.0,0.0
2024,Seattle/Puget Sound,54930053SM8COVIPIY54,3,1595000.0,0,0.0,0,0.0,3,1595000.0,0.0
2024,Seattle/Puget Sound,54930054ET8KM4O1D485,73,43795000.0,0,0.0,0,0.0,73,43795000.0,0.0
2024,Seattle/Puget Sound,54930059GZZ7G4G40O53,34,16530000.0,0,0.0,0,0.0,34,16530000.0,0.0
2024,Seattle/Puget Sound,5493005EYZOUVJUXAX38,35,18175000.0,0,0.0,0,0.0,35,18175000.0,0.0
2024,Seattle/Puget Sound,5493005ICQ3QGEIWV618,6,1960000.0,0,0.0,0,0.0,6,1960000.0,0.0
2024,Seattle/Puget Sound,5493005JPZ3LXXMB0S24,2,2370000.0,0,0.0,0,0.0,2,2370000.0,0.0
2024,Seattle/Puget Sound,5493005PKOSG7MYX0B34,114,66060000.0,0,0.0,0,0.0,114,66060000.0,0.0
2024,Seattle/Puget Sound,5493005ZSV53K4M63M18,1,55000.0,0,0.0,0,0.0,1,55000.0,0.0
2024,Seattle/Puget Sound,54930060G4MDPWHISD89,1061,569765000.0,0,0.0,0,0.0,1061,569765000.0,0.0
2024,Seattle/Puget Sound,54930065B0NVUO52TY13,5,2455000.0,0,0.0,0,0.0,5,2455000.0,0.0
2024,Seattle/Puget Sound,5493006KXUHSYFT7SD10,1,695000.0,0,0.0,0,0.0,1,695000.0,0.0
2024,Seattle/Puget Sound,5493006L4FQIQFVFNS72,47,28285000.0,0,0.0,0,0.0,47,28285000.0,0.0
2024,Seattle/Puget Sound,5493006P5IHSK77SZ855,6,3090000.0,0,0.0,0,0.0,6,3090000.0,0.0
2024,Seattle/Puget Sound,5493006RIR31ORKYB608,7,3025000.0,0,0.0,0,0.0,7,3025000.0,0.0
2024,Seattle/Puget Sound,5493006S869XKIESMV41,8,4310000.0,0,0.0,0,0.0,8,4310000.0,0.0
2024,Seattle/Puget Sound,5493006TY8FGNLX44X28,24,13470000.0,0,0.0,0,0.0,24,13470000.0,0.0
2024,Seattle/Puget Sound,549300715JT4HMT74E48,1,185000.0,0,0.0,0,0.0,1,185000.0,0.0
2024,Seattle/Puget Sound,54930072OCHTUJOZQB56,1,1605000.0,0,0.0,0,0.0,1,1605000.0,0.0
2024,Seattle/Puget Sound,549300748YYU6VG08N83,27,12465000.0,0,0.0,0,0.0,27,12465000.0,0.0
2024,Seattle/Puget Sound,54930078TNN7GKZ7NU89,2,1190000.0,0,0.0,0,0.0,2,1190000.0,0.0
2024,Seattle/Puget Sound,5493007CLWQN2S6IZK91,24,14250000.0,0,0.0,0,0.0,24,14250000.0,0.0
2024,Seattle/Puget Sound,5493007L4GYNO2PUBS09,88,60790000.0,0,0.0,0,0.0,88,60790000.0,0.0
2024,Seattle/Puget Sound,5493007QERYQSQ3QNH02,61,29875000.0,0,0.0,0,0.0,61,29875000.0,0.0
2024,Seattle/Puget Sound,5493007VGBHF6SRXRR53,1,435000.0,0,0.0,0,0.0,1,435000.0,0.0
2024,Seattle/Puget Sound,5493007VW2EU20PZYU97,246,154550000.0,0,0.0,0,0.0,246,154550000.0,0.0
2024,Seattle/Puget Sound,5493007ZF78YQRSXQG49,5,3145000.0,0,0.0,0,0.0,5,3145000.0,0.0
2024,Seattle/Puget Sound,54930083D8Q8RK84Y448,22,13170000.0,0,0.0,0,0.0,22,13170000.0,0.0
2024,Seattle/Puget Sound,5493008CPTDVOS570626,3,645000.0,0,0.0,0,0.0,3,645000.0,0.0
2024,Seattle/Puget Sound,5493008GYZEYGLI3NQ97,13,6885000.0,0,0.0,0,0.0,13,6885000.0,0.0
2024,Seattle/Puget Sound,5493008JECR4UE0WVR04,11,5985000.0,0,0.0,0,0.0,11,5985000.0,0.0
2024,Seattle/Puget Sound,5493008NWHQT1R22C024,75,44365000.0,0,0.0,0,0.0,75,44365000.0,0.0
2024,Seattle/Puget Sound,5493008SP1FN4D81IS17,2,3290000.0,0,0.0,0,0.0,2,3290000.0,0.0
2024,Seattle/Puget Sound,5493008VVXQIDO1EZ460,12,7590000.0,0,0.0,0,0.0,12,7590000.0,0.0
2024,Seattle/Puget Sound,54930097J3TUZXBXXE75,3,805000.0,0,0.0,0,0.0,3,805000.0,0.0
2024,Seattle/Puget Sound,5493009B17HXCVXTD608,12,8920000.0,0,0.0,0,0.0,12,8920000.0,0.0
2024,Seattle/Puget Sound,5493009BD405QQTMXO12,63,44835000.0,0,0.0,0,0.0,63,44835000.0,0.0
2024,Seattle/Puget Sound,5493009D2COWW65B8673,1,205000.0,0,0.0,0,0.0,1,205000.0,0.0
2024,Seattle/Puget Sound,5493009HUMWCHFRDKF12,523,333705000.0,0,0.0,0,0.0,523,333705000.0,0.0
2024,Seattle/Puget Sound,5493009QYNVEZ9VDJU57,1,155000.0,0,0.0,0,0.0,1,155000.0,0.0
2024,Seattle/Puget Sound,5493009Y8ROUG903AQ21,4,3450000.0,0,0.0,0,0.0,4,3450000.0,0.0
2024,Seattle/Puget Sound,549300A5HHOL2ED18C72,5,2845000.0,0,0.0,0,0.0,5,2845000.0,0.0
2024,Seattle/Puget Sound,549300A68YW07V5R5G22,6,11350000.0,0,0.0,0,0.0,6,11350000.0,0.0
2024,Seattle/Puget Sound,549300AENO88GEUWCZ39,269,158335000.0,0,0.0,0,0.0,269,158335000.0,0.0
2024,Seattle/Puget Sound,549300AG10BX85DF5S49,110,51880000.0,0,0.0,0,0.0,110,51880000.0,0.0
2024,Seattle/Puget Sound,549300AG64NHILB7ZP05,895,529285000.0,0,0.0,0,0.0,895,529285000.0,0.0
2024,Seattle/Puget Sound,549300ALNLUNS3Y53T24,10,4190000.0,0,0.0,0,0.0,10,4190000.0,0.0
2024,Seattle/Puget Sound,549300AQ3T62GXDU7D76,1974,1105750000.0,0,0.0,0,0.0,1974,1105750000.0,0.0
2024,Seattle/Puget Sound,549300AT7EB9FJAF0E61,1,765000.0,0,0.0,0,0.0,1,765000.0,0.0
2024,Seattle/Puget Sound,549300B0HNWBV7RX2661,1,545000.0,0,0.0,0,0.0,1,545000.0,0.0
2024,Seattle/Puget Sound,549300B2JJHSM77T5Y41,4,1240000.0,0,0.0,0,0.0,4,1240000.0,0.0
2024,Seattle/Puget Sound,549300B4IYL7TZT8FA34,93,43965000.0,0,0.0,0,0.0,93,43965000.0,0.0
2024,Seattle/Puget Sound,549300BLL6VL7AXWYP56,81,42085000.0,0,0.0,0,0.0,81,42085000.0,0.0
2024,Seattle/Puget Sound,549300BOXNV8VLRBDT24,9,4375000.0,0,0.0,0,0.0,9,4375000.0,0.0
2024,Seattle/Puget Sound,549300BX448ALT10FI43,107,62595000.0,0,0.0,0,0.0,107,62595000.0,0.0
2024,Seattle/Puget Sound,549300BXWU32AYWT1A56,18,13480000.0,0,0.0,0,0.0,18,13480000.0,0.0
2024,Seattle/Puget Sound,549300C04BJ0G297NC13,33,17835000.0,0,0.0,0,0.0,33,17835000.0,0.0
2024,Seattle/Puget Sound,549300C1ICNCM0V37Y02,2,1180000.0,0,0.0,0,0.0,2,1180000.0,0.0
2024,Seattle/Puget Sound,549300C20KZIWPASBC15,22,13200000.0,0,0.0,0,0.0,22,13200000.0,0.0
2024,Seattle/Puget Sound,549300C232ZWY1I57C16,1,995000.0,0,0.0,0,0.0,1,995000.0,0.0
2024,Seattle/Puget Sound,549300C4J510S9L1RF98,2,1680000.0,0,0.0,0,0.0,2,1680000.0,0.0
2024,Seattle/Puget Sound,549300C4RD3C53QCM649,1,305000.0,0,0.0,0,0.0,1,305000.0,0.0
2024,Seattle/Puget Sound,549300C6TQAJABMFOR79,1,625000.0,0,0.0,0,0.0,1,625000.0,0.0
2024,Seattle/Puget Sound,549300CB67L6KPJLHE19,203,25085000.0,0,0.0,0,0.0,203,25085000.0,0.0
2024,Seattle/Puget Sound,549300CK7U1WMTIG6687,3,1465000.0,0,0.0,0,0.0,3,1465000.0,0.0
2024,Seattle/Puget Sound,549300CLRXFVF83ZL806,5,1985000.0,0,0.0,0,0.0,5,1985000.0,0.0
2024,Seattle/Puget Sound,549300CR5XDK0TP7I727,2,980000.0,0,0.0,0,0.0,2,980000.0,0.0
2024,Seattle/Puget Sound,549300CXZHD5OTAISA91,4,2330000.0,0,0.0,0,0.0,4,2330000.0,0.0
2024,Seattle/Puget Sound,549300CY7WNAHKHYSJ73,653,447935000.0,0,0.0,0,0.0,653,447935000.0,0.0
2024,Seattle/Puget Sound,549300DCGBXW5FJMV921,76,47880000.0,0,0.0,0,0.0,76,47880000.0,0.0
2024,Seattle/Puget Sound,549300DD4R4SYK5RAQ92,2937,1709555000.0,0,0.0,0,0.0,2937,1709555000.0,0.0
2024,Seattle/Puget Sound,549300DD5QQUHO6PCH70,673,346405000.0,0,0.0,0,0.0,673,346405000.0,0.0
2024,Seattle/Puget Sound,549300DK7QID2ZON6Q55,393,323145000.0,0,0.0,0,0.0,393,323145000.0,0.0
2024,Seattle/Puget Sound,549300DKYWYDD1KM2515,4,2210000.0,0,0.0,0,0.0,4,2210000.0,0.0
2024,Seattle/Puget Sound,549300DNWSJUNAWUM003,1,875000.0,0,0.0,0,0.0,1,875000.0,0.0
2024,Seattle/Puget Sound,549300DRA4BDXW23LD45,1,485000.0,0,0.0,0,0.0,1,485000.0,0.0
2024,Seattle/Puget Sound,549300DW87L2IZ7ZHF47,3,1325000.0,0,0.0,0,0.0,3,1325000.0,0.0
2024,Seattle/Puget Sound,549300E2UX99HKDBR481,727,396655000.0,0,0.0,0,0.0,727,396655000.0,0.0
2024,Seattle/Puget Sound,549300EFCZM6KD6B8K69,3,1685000.0,0,0.0,0,0.0,3,1685000.0,0.0
2024,Seattle/Puget Sound,549300EHWBP6UP4Y8J37,2,1040000.0,0,0.0,0,0.0,2,1040000.0,0.0
2024,Seattle/Puget Sound,549300EKFFG3BU8DNX74,33,21585000.0,0,0.0,0,0.0,33,21585000.0,0.0
2024,Seattle/Puget Sound,549300ESRQ6OLBB56N04,3,1325000.0,0,0.0,0,0.0,3,1325000.0,0.0
2024,Seattle/Puget Sound,549300F570XAWYN8Z237,5,2215000.0,0,0.0,0,0.0,5,2215000.0,0.0
2024,Seattle/Puget Sound,549300F6NSBOJBM9ED39,11,9735000.0,0,0.0,0,0.0,11,9735000.0,0.0
2024,Seattle/Puget Sound,549300F6Y1YO2YXN6135,8,10720000.0,0,0.0,0,0.0,8,10720000.0,0.0
2024,Seattle/Puget Sound,549300F8C5JA44WNMI75,6,2990000.0,0,0.0,0,0.0,6,2990000.0,0.0
2024,Seattle/Puget Sound,549300FGXN1K3HLB1R50,3088,1629110000.0,0,0.0,0,0.0,3088,1629110000.0,0.0
2024,Seattle/Puget Sound,549300FK3AFCFVAPH234,9,6235000.0,0,0.0,0,0.0,9,6235000.0,0.0
2024,Seattle/Puget Sound,549300FNXYY540N23N64,1232,697760000.0,0,0.0,0,0.0,1232,697760000.0,0.0
2024,Seattle/Puget Sound,549300FVD3YHE65PKH97,8,3690000.0,0,0.0,0,0.0,8,3690000.0,0.0
2024,Seattle/Puget Sound,549300FWQNRPTKXB8G79,22,12800000.0,0,0.0,0,0.0,22,12800000.0,0.0
2024,Seattle/Puget Sound,549300FX7K8PTEQUU487,33,21015000.0,0,0.0,0,0.0,33,21015000.0,0.0
2024,Seattle/Puget Sound,549300G4ESSS6M0MEG51,518,433080000.0,0,0.0,0,0.0,518,433080000.0,0.0
2024,Seattle/Puget Sound,549300G4JDIJPBEO8J84,2,1010000.0,0,0.0,0,0.0,2,1010000.0,0.0
2024,Seattle/Puget Sound,549300G5DVGM0ZHRQC33,1,555000.0,0,0.0,0,0.0,1,555000.0,0.0
2024,Seattle/Puget Sound,549300GE8KIGZVQV1223,1,505000.0,0,0.0,0,0.0,1,505000.0,0.0
2024,Seattle/Puget Sound,549300GKFNPRWNS0GF29,1691,1090445000.0,0,0.0,0,0.0,1691,1090445000.0,0.0
2024,Seattle/Puget Sound,549300GQDT484LGI9C04,14,5880000.0,0,0.0,0,0.0,14,5880000.0,0.0
2024,Seattle/Puget Sound,549300GRGZDEH4ZGQS06,10,5170000.0,0,0.0,0,0.0,10,5170000.0,0.0
2024,Seattle/Puget Sound,549300GS0W0TEUQS8571,210,256490000.0,0,0.0,0,0.0,210,256490000.0,0.0
2024,Seattle/Puget Sound,549300GS6ONO04ORI292,3,1775000.0,0,0.0,0,0.0,3,1775000.0,0.0
2024,Seattle/Puget Sound,549300GTVXJ2PGXNLM73,208,104480000.0,0,0.0,0,0.0,208,104480000.0,0.0
2024,Seattle/Puget Sound,549300GWD9H4FQ2VR805,39,57065000.0,0,0.0,0,0.0,39,57065000.0,0.0
2024,Seattle/Puget Sound,549300GY4NTTEM7WWB64,5,2495000.0,0,0.0,0,0.0,5,2495000.0,0.0
2024,Seattle/Puget Sound,549300H3IZO24NSOO931,492,281090000.0,0,0.0,0,0.0,492,281090000.0,0.0
2024,Seattle/Puget Sound,549300HCNXMTNGIMAR91,3,3635000.0,0,0.0,0,0.0,3,3635000.0,0.0
2024,Seattle/Puget Sound,549300HIVO8XPBPNVG69,185,87275000.0,0,0.0,0,0.0,185,87275000.0,0.0
2024,Seattle/Puget Sound,549300HRLROF7PLJ6735,19,16215000.0,0,0.0,0,0.0,19,16215000.0,0.0
2024,Seattle/Puget Sound,549300HVFLWKU7133506,1,105000.0,0,0.0,0,0.0,1,105000.0,0.0
2024,Seattle/Puget Sound,549300HVW3AI97UKTO72,4,1960000.0,0,0.0,0,0.0,4,1960000.0,0.0
2024,Seattle/Puget Sound,549300HW662MN1WU8550,4276,2478980000.0,0,0.0,0,0.0,4276,2478980000.0,0.0
2024,Seattle/Puget Sound,549300I0ICF6REKHOC74,3,1285000.0,0,0.0,0,0.0,3,1285000.0,0.0
2024,Seattle/Puget Sound,549300I1HK1BBZLKOB84,8,5920000.0,0,0.0,0,0.0,8,5920000.0,0.0
2024,Seattle/Puget Sound,549300I43FC7P0IJMR13,2,920000.0,0,0.0,0,0.0,2,920000.0,0.0
2024,Seattle/Puget Sound,549300IEP77RKJ87Z176,1,395000.0,0,0.0,0,0.0,1,395000.0,0.0
2024,Seattle/Puget Sound,549300IJO7NO6VDZPD35,3,1645000.0,0,0.0,0,0.0,3,1645000.0,0.0
2024,Seattle/Puget Sound,549300IKS3MMB5YK6T18,17,27985000.0,0,0.0,0,0.0,17,27985000.0,0.0
2024,Seattle/Puget Sound,549300INFJ8TYNZ1G568,107,144805000.0,0,0.0,0,0.0,107,144805000.0,0.0
2024,Seattle/Puget Sound,549300IRXW9RSZM2B951,1,695000.0,0,0.0,0,0.0,1,695000.0,0.0
2024,Seattle/Puget Sound,549300ISCZS1R0CJMO47,27,17135000.0,0,0.0,0,0.0,27,17135000.0,0.0
2024,Seattle/Puget Sound,549300J6N77Q8OHYNF23,71,40325000.0,0,0.0,0,0.0,71,40325000.0,0.0
2024,Seattle/Puget Sound,549300J7I82PNDVU8H22,36,19250000.0,0,0.0,0,0.0,36,19250000.0,0.0
2024,Seattle/Puget Sound,549300JD1162QW84ZO34,3,265000.0,0,0.0,0,0.0,3,265000.0,0.0
2024,Seattle/Puget Sound,549300JOD3S8ZGZLHP53,7,4105000.0,0,0.0,0,0.0,7,4105000.0,0.0
2024,Seattle/Puget Sound,549300JPGMCMBEJEK584,9,7825000.0,0,0.0,0,0.0,9,7825000.0,0.0
2024,Seattle/Puget Sound,549300JRDGV1559XM376,1,805000.0,0,0.0,0,0.0,1,805000.0,0.0
2024,Seattle/Puget Sound,549300JYXTZDSPJEPI44,67,39425000.0,0,0.0,0,0.0,67,39425000.0,0.0
2024,Seattle/Puget Sound,549300JZD4L02YZI3Z50,2,1180000.0,0,0.0,0,0.0,2,1180000.0,0.0
2024,Seattle/Puget Sound,549300K4ZLGS7SRDTL86,39,16385000.0,0,0.0,0,0.0,39,16385000.0,0.0
2024,Seattle/Puget Sound,549300K6K2IS7FRS7S09,6,5440000.0,0,0.0,0,0.0,6,5440000.0,0.0
2024,Seattle/Puget Sound,549300KDR80I1ELW8D36,9,4855000.0,0,0.0,0,0.0,9,4855000.0,0.0
2024,Seattle/Puget Sound,549300KHXD7JSQUZIJ22,102,61560000.0,0,0.0,0,0.0,102,61560000.0,0.0
2024,Seattle/Puget Sound,549300KIOYNU323LVJ37,883,495095000.0,0,0.0,0,0.0,883,495095000.0,0.0
2024,Seattle/Puget Sound,549300KJ8PAJ7E52HG32,68,35000000.0,0,0.0,0,0.0,68,35000000.0,0.0
2024,Seattle/Puget Sound,549300KM40FP4MSQU941,2409,1667375000.0,0,0.0,0,0.0,2409,1667375000.0,0.0
2024,Seattle/Puget Sound,549300KPBZCTMM3Y0061,1,635000.0,0,0.0,0,0.0,1,635000.0,0.0
2024,Seattle/Puget Sound,549300KQHWNSVCE2MY88,3,2545000.0,0,0.0,0,0.0,3,2545000.0,0.0
2024,Seattle/Puget Sound,549300KSOOZZVXCMA627,16,15600000.0,0,0.0,0,0.0,16,15600000.0,0.0
2024,Seattle/Puget Sound,549300KTR1JGH3K6LU06,7,8555000.0,0,0.0,0,0.0,7,8555000.0,0.0
2024,Seattle/Puget Sound,549300KW3HYVC06WS898,7,4365000.0,0,0.0,0,0.0,7,4365000.0,0.0
2024,Seattle/Puget Sound,549300KX4S1573HISS22,11,8795000.0,0,0.0,0,0.0,11,8795000.0,0.0
2024,Seattle/Puget Sound,549300KX6E1IE2LM5E30,1,395000.0,0,0.0,0,0.0,1,395000.0,0.0
2024,Seattle/Puget Sound,549300KZVCKCUN23YY80,1,255000.0,0,0.0,0,0.0,1,255000.0,0.0
2024,Seattle/Puget Sound,549300L44U62O7WHRR78,1,435000.0,0,0.0,0,0.0,1,435000.0,0.0
2024,Seattle/Puget Sound,549300L9MOPDT0NKE883,1,505000.0,0,0.0,0,0.0,1,505000.0,0.0
2024,Seattle/Puget Sound,549300LBCBNR1OT00651,282,130680000.0,0,0.0,0,0.0,282,130680000.0,0.0
2024,Seattle/Puget Sound,549300LI3FDGO7UKFF39,2,1100000.0,0,0.0,0,0.0,2,1100000.0,0.0
2024,Seattle/Puget Sound,549300LIZH7VW4DFJK44,2,1520000.0,0,0.0,0,0.0,2,1520000.0,0.0
2024,Seattle/Puget Sound,549300LLESTPOVRG3X73,27,17485000.0,0,0.0,0,0.0,27,17485000.0,0.0
2024,Seattle/Puget Sound,549300LLKEKXL2RM1F61,1,455000.0,0,0.0,0,0.0,1,455000.0,0.0
2024,Seattle/Puget Sound,549300LLQD0X2OTG0Y27,2,1890000.0,0,0.0,0,0.0,2,1890000.0,0.0
2024,Seattle/Puget Sound,549300LO3MP4RAI32X70,1,565000.0,0,0.0,0,0.0,1,565000.0,0.0
2024,Seattle/Puget Sound,549300LP0CV2MNC1GV68,3,2075000.0,0,0.0,0,0.0,3,2075000.0,0.0
2024,Seattle/Puget Sound,549300LROQOOQU77WS20,59,36055000.0,0,0.0,0,0.0,59,36055000.0,0.0
2024,Seattle/Puget Sound,549300LXKO1O7CSK5J52,2,1040000.0,0,0.0,0,0.0,2,1040000.0,0.0
2024,Seattle/Puget Sound,549300LYRWPSYPK6S325,639,315665000.0,0,0.0,0,0.0,639,315665000.0,0.0
2024,Seattle/Puget Sound,549300M2Z8GR3VL0QQ74,1,365000.0,0,0.0,0,0.0,1,365000.0,0.0
2024,Seattle/Puget Sound,549300M8WGW2D17CZD19,2,1040000.0,0,0.0,0,0.0,2,1040000.0,0.0
2024,Seattle/Puget Sound,549300MCIFZSDHUT8X63,630,378300000.0,0,0.0,0,0.0,630,378300000.0,0.0
2024,Seattle/Puget Sound,549300MGPZBLQDIL7538,1453,825365000.0,0,0.0,0,0.0,1453,825365000.0,0.0
2024,Seattle/Puget Sound,549300ML3H1LUVR1FP75,45,16995000.0,0,0.0,0,0.0,45,16995000.0,0.0
2024,Seattle/Puget Sound,549300MP3KK77THHQT36,10,5320000.0,0,0.0,0,0.0,10,5320000.0,0.0
2024,Seattle/Puget Sound,549300MUXFVZKH4XLG17,15,7595000.0,0,0.0,0,0.0,15,7595000.0,0.0
2024,Seattle/Puget Sound,549300MZ8VZJOVC63092,195,118975000.0,0,0.0,0,0.0,195,118975000.0,0.0
2024,Seattle/Puget Sound,549300N1YEXP02MHBR47,1,415000.0,0,0.0,0,0.0,1,415000.0,0.0
2024,Seattle/Puget Sound,549300N2GMOJ61XHEL06,1,785000.0,0,0.0,0,0.0,1,785000.0,0.0
2024,Seattle/Puget Sound,549300N3JBQ15RQ7AV97,14,8810000.0,0,0.0,0,0.0,14,8810000.0,0.0
2024,Seattle/Puget Sound,549300N52O6FKUCU5G62,4,1760000.0,0,0.0,0,0.0,4,1760000.0,0.0
2024,Seattle/Puget Sound,549300NFPC3Y4W3Y7R87,50,27400000.0,0,0.0,0,0.0,50,27400000.0,0.0
2024,Seattle/Puget Sound,549300NJVKCDJA5YC939,8,4670000.0,0,0.0,0,0.0,8,4670000.0,0.0
2024,Seattle/Puget Sound,549300NLJI4QKZ3D0G94,5,2855000.0,0,0.0,0,0.0,5,2855000.0,0.0
2024,Seattle/Puget Sound,549300NN0PRX3I4QGG46,4,1560000.0,0,0.0,0,0.0,4,1560000.0,0.0
2024,Seattle/Puget Sound,549300NOCASXPA34X033,124,61090000.0,0,0.0,0,0.0,124,61090000.0,0.0
2024,Seattle/Puget Sound,549300NWBS6MQJX15N44,123,76935000.0,0,0.0,0,0.0,123,76935000.0,0.0
2024,Seattle/Puget Sound,549300O2EZG72LO2FX38,12,8310000.0,0,0.0,0,0.0,12,8310000.0,0.0
2024,Seattle/Puget Sound,549300O5WDIJU8S7OI05,1,575000.0,0,0.0,0,0.0,1,575000.0,0.0
2024,Seattle/Puget Sound,549300O6Z0I6KYMESL47,46,32460000.0,0,0.0,0,0.0,46,32460000.0,0.0
2024,Seattle/Puget Sound,549300OHLAHJ10DFF198,4,1780000.0,0,0.0,0,0.0,4,1780000.0,0.0
2024,Seattle/Puget Sound,549300ON2ILGPUVKZT28,1,485000.0,0,0.0,0,0.0,1,485000.0,0.0
2024,Seattle/Puget Sound,549300OPB0G5OMY0SM65,13,4705000.0,0,0.0,0,0.0,13,4705000.0,0.0
2024,Seattle/Puget Sound,549300OPCWU6E72WUT29,169,91495000.0,0,0.0,0,0.0,169,91495000.0,0.0
2024,Seattle/Puget Sound,549300OSY236S7MBKO83,2,270000.0,0,0.0,0,0.0,2,270000.0,0.0
2024,Seattle/Puget Sound,549300OYEKEORA1GI088,15,7655000.0,0,0.0,0,0.0,15,7655000.0,0.0
2024,Seattle/Puget Sound,549300OZ550X4QD5PC74,1,975000.0,0,0.0,0,0.0,1,975000.0,0.0
2024,Seattle/Puget Sound,549300P1347BFCBHJV60,1,675000.0,0,0.0,0,0.0,1,675000.0,0.0
2024,Seattle/Puget Sound,549300P2GEYNMH5OQA71,49,46215000.0,0,0.0,0,0.0,49,46215000.0,0.0
2024,Seattle/Puget Sound,549300P55E0GN57DEV03,3,1835000.0,0,0.0,0,0.0,3,1835000.0,0.0
2024,Seattle/Puget Sound,549300PBTV7FCWLSMM53,96,46470000.0,0,0.0,0,0.0,96,46470000.0,0.0
2024,Seattle/Puget Sound,549300PC4MFWQBNVKG88,23,14305000.0,0,0.0,0,0.0,23,14305000.0,0.0
2024,Seattle/Puget Sound,549300PKEQ3Q9S0IXW76,2,670000.0,0,0.0,0,0.0,2,670000.0,0.0
2024,Seattle/Puget Sound,549300PL267CW8182203,39,19435000.0,0,0.0,0,0.0,39,19435000.0,0.0
2024,Seattle/Puget Sound,549300PL8ER6H23P0Z91,876,479510000.0,0,0.0,0,0.0,876,479510000.0,0.0
2024,Seattle/Puget Sound,549300PQLK8E48ILXV41,4,1130000.0,0,0.0,0,0.0,4,1130000.0,0.0
2024,Seattle/Puget Sound,549300PRAPL43XPYR044,1,845000.0,0,0.0,0,0.0,1,845000.0,0.0
2024,Seattle/Puget Sound,549300Q02LGIN9AXKP98,335,321415000.0,0,0.0,0,0.0,335,321415000.0,0.0
2024,Seattle/Puget Sound,549300Q3ROEQU3D1IW91,100,13030000.0,0,0.0,0,0.0,100,13030000.0,0.0
2024,Seattle/Puget Sound,549300Q4JBLTKDC7J303,1,635000.0,0,0.0,0,0.0,1,635000.0,0.0
2024,Seattle/Puget Sound,549300Q50XCC0473FG63,4,1760000.0,0,0.0,0,0.0,4,1760000.0,0.0
2024,Seattle/Puget Sound,549300Q6YL1SFVPEGV90,24,12070000.0,0,0.0,0,0.0,24,12070000.0,0.0
2024,Seattle/Puget Sound,549300QD23LICPXTPB55,10,5330000.0,0,0.0,0,0.0,10,5330000.0,0.0
2024,Seattle/Puget Sound,549300QKL5FUBZ8LSF50,91,45295000.0,0,0.0,0,0.0,91,45295000.0,0.0
2024,Seattle/Puget Sound,549300R0SXC1JU7ZU290,1,655000.0,0,0.0,0,0.0,1,655000.0,0.0
2024,Seattle/Puget Sound,549300R4F5COFJE0DN81,8,5040000.0,0,0.0,0,0.0,8,5040000.0,0.0
2024,Seattle/Puget Sound,549300R77W0P105C3S50,28,18860000.0,0,0.0,0,0.0,28,18860000.0,0.0
2024,Seattle/Puget Sound,549300R8VPSFM828B312,6,7080000.0,0,0.0,0,0.0,6,7080000.0,0.0
2024,Seattle/Puget Sound,549300R9S3MVDV4MGF56,92,36360000.0,0,0.0,0,0.0,92,36360000.0,0.0
2024,Seattle/Puget Sound,549300RA3E0BUFO7YZ21,6,3420000.0,0,0.0,0,0.0,6,3420000.0,0.0
2024,Seattle/Puget Sound,549300RD5IG88VPO6P22,57,35315000.0,0,0.0,0,0.0,57,35315000.0,0.0
2024,Seattle/Puget Sound,549300REENMLD2RN3W58,4,1530000.0,0,0.0,0,0.0,4,1530000.0,0.0
2024,Seattle/Puget Sound,549300RFSMIRUODUVW59,1,815000.0,0,0.0,0,0.0,1,815000.0,0.0
2024,Seattle/Puget Sound,549300RIPPSJXAQKZ383,1,1525000.0,0,0.0,0,0.0,1,1525000.0,0.0
2024,Seattle/Puget Sound,549300RM1IZYGQDSNL85,2,900000.0,0,0.0,0,0.0,2,900000.0,0.0
2024,Seattle/Puget Sound,549300RN01LBYR8ZVX74,30,15100000.0,0,0.0,0,0.0,30,15100000.0,0.0
2024,Seattle/Puget Sound,549300RPOGWJRH63HS39,46,23460000.0,0,0.0,0,0.0,46,23460000.0,0.0
2024,Seattle/Puget Sound,549300RU0T31BIA8UR19,1,435000.0,0,0.0,0,0.0,1,435000.0,0.0
2024,Seattle/Puget Sound,549300RYBJHWWDENV610,2,1480000.0,0,0.0,0,0.0,2,1480000.0,0.0
2024,Seattle/Puget Sound,549300RYWXR8TL5LIK35,6,2910000.0,0,0.0,0,0.0,6,2910000.0,0.0
2024,Seattle/Puget Sound,549300S5FVOSK5DQJN30,3,2075000.0,0,0.0,0,0.0,3,2075000.0,0.0
2024,Seattle/Puget Sound,549300S8SHBRCI7UU819,3,2075000.0,0,0.0,0,0.0,3,2075000.0,0.0
2024,Seattle/Puget Sound,549300S93XI20FLTGK89,1,685000.0,0,0.0,0,0.0,1,685000.0,0.0
2024,Seattle/Puget Sound,549300SBA6BX8HZZF585,1,2985000.0,0,0.0,0,0.0,1,2985000.0,0.0
2024,Seattle/Puget Sound,549300SCFWZXMDMZPE93,26,12300000.0,0,0.0,0,0.0,26,12300000.0,0.0
2024,Seattle/Puget Sound,549300SK2GVCQXPD4S58,45,21585000.0,0,0.0,0,0.0,45,21585000.0,0.0
2024,Seattle/Puget Sound,549300SQRR7T3EUSDD87,1,925000.0,0,0.0,0,0.0,1,925000.0,0.0
2024,Seattle/Puget Sound,549300SUCQ1358EGVE89,41,18135000.0,0,0.0,0,0.0,41,18135000.0,0.0
2024,Seattle/Puget Sound,549300SVKVT1EF3U0N48,116,76980000.0,0,0.0,0,0.0,116,76980000.0,0.0
2024,Seattle/Puget Sound,549300T3F9S1MKFKHC53,5,2685000.0,0,0.0,0,0.0,5,2685000.0,0.0
2024,Seattle/Puget Sound,549300T5QSL6MC8M4D04,5,1825000.0,0,0.0,0,0.0,5,1825000.0,0.0
2024,Seattle/Puget Sound,549300T7HRS5DVBUPQ06,4,2080000.0,0,0.0,0,0.0,4,2080000.0,0.0
2024,Seattle/Puget Sound,549300T94GSH3C4U5M59,29,25765000.0,0,0.0,0,0.0,29,25765000.0,0.0
2024,Seattle/Puget Sound,549300T9P3WXNMXX0I34,14,7030000.0,0,0.0,0,0.0,14,7030000.0,0.0
2024,Seattle/Puget Sound,549300TDBTRK89DZRC13,1,345000.0,0,0.0,0,0.0,1,345000.0,0.0
2024,Seattle/Puget Sound,549300TEBV514KLDE180,4,1070000.0,0,0.0,0,0.0,4,1070000.0,0.0
2024,Seattle/Puget Sound,549300TK6RZQSFXZHV09,8,4560000.0,0,0.0,0,0.0,8,4560000.0,0.0
2024,Seattle/Puget Sound,549300TMY3OACQC9U777,4,3990000.0,0,0.0,0,0.0,4,3990000.0,0.0
2024,Seattle/Puget Sound,549300TQVOMKNKFOH392,1,565000.0,0,0.0,0,0.0,1,565000.0,0.0
2024,Seattle/Puget Sound,549300TTPRGSP8DGY569,1,445000.0,0,0.0,0,0.0,1,445000.0,0.0
2024,Seattle/Puget Sound,549300TUQC6OYE8A0Y96,2,1030000.0,0,0.0,0,0.0,2,1030000.0,0.0
2024,Seattle/Puget Sound,549300TUSRLWD8ETNR90,6,2620000.0,0,0.0,0,0.0,6,2620000.0,0.0
2024,Seattle/Puget Sound,549300U3721PJGQZYY68,486,304360000.0,0,0.0,0,0.0,486,304360000.0,0.0
2024,Seattle/Puget Sound,549300U7UH8QCS8WQ406,1,1445000.0,0,0.0,0,0.0,1,1445000.0,0.0
2024,Seattle/Puget Sound,549300U8DCOOTG96YM89,104,22160000.0,0,0.0,0,0.0,104,22160000.0,0.0
2024,Seattle/Puget Sound,549300UB5TJ0YPVPT503,125,62655000.0,0,0.0,0,0.0,125,62655000.0,0.0
2024,Seattle/Puget Sound,549300UBGGLZLZEY0M18,54,22170000.0,0,0.0,0,0.0,54,22170000.0,0.0
2024,Seattle/Puget Sound,549300UF3FPC7U6RFC59,12,6230000.0,0,0.0,0,0.0,12,6230000.0,0.0
2024,Seattle/Puget Sound,549300UG7QXKM7KGV847,8,1160000.0,0,0.0,0,0.0,8,1160000.0,0.0
2024,Seattle/Puget Sound,549300UI36AJZ0WZ4U93,111,63815000.0,0,0.0,0,0.0,111,63815000.0,0.0
2024,Seattle/Puget Sound,549300UR5AOWTJJ7KZ64,47,31835000.0,0,0.0,0,0.0,47,31835000.0,0.0
2024,Seattle/Puget Sound,549300UT4EN6IH579Q63,66,32900000.0,0,0.0,0,0.0,66,32900000.0,0.0
2024,Seattle/Puget Sound,549300UV5JQXLGVWIP44,14,9470000.0,0,0.0,0,0.0,14,9470000.0,0.0
2024,Seattle/Puget Sound,549300UXY7OP0IC38293,21,13725000.0,0,0.0,0,0.0,21,13725000.0,0.0
2024,Seattle/Puget Sound,549300V3N91EH05UWL23,1,475000.0,0,0.0,0,0.0,1,475000.0,0.0
2024,Seattle/Puget Sound,549300V8CF81JGIV7038,1,635000.0,0,0.0,0,0.0,1,635000.0,0.0
2024,Seattle/Puget Sound,549300VBY3NBKUNMKL64,1,365000.0,0,0.0,0,0.0,1,365000.0,0.0
2024,Seattle/Puget Sound,549300VCMRO4ST680C11,140,69880000.0,0,0.0,0,0.0,140,69880000.0,0.0
2024,Seattle/Puget Sound,549300VJQJVZKJBDWS17,1,515000.0,0,0.0,0,0.0,1,515000.0,0.0
2024,Seattle/Puget Sound,549300VMX06UV1F7NS76,1,485000.0,0,0.0,0,0.0,1,485000.0,0.0
2024,Seattle/Puget Sound,549300VORTI31GZTJL53,79,43965000.0,0,0.0,0,0.0,79,43965000.0,0.0
2024,Seattle/Puget Sound,549300VQUTI5IU7GXT57,25,14945000.0,0,0.0,0,0.0,25,14945000.0,0.0
2024,Seattle/Puget Sound,549300VVH8HHFMWL8536,4,2440000.0,0,0.0,0,0.0,4,2440000.0,0.0
2024,Seattle/Puget Sound,549300VZVN841I2ILS84,2687,1601515000.0,0,0.0,0,0.0,2687,1601515000.0,0.0
2024,Seattle/Puget Sound,549300W1HU6IVVIEJ389,3,825000.0,0,0.0,0,0.0,3,825000.0,0.0
2024,Seattle/Puget Sound,549300W45D2J6BT4LX65,10,5030000.0,0,0.0,0,0.0,10,5030000.0,0.0
2024,Seattle/Puget Sound,549300W4FT4H1UWPGU95,4,2970000.0,0,0.0,0,0.0,4,2970000.0,0.0
2024,Seattle/Puget Sound,549300WEOD0TL2O6EU67,9,4355000.0,0,0.0,0,0.0,9,4355000.0,0.0
2024,Seattle/Puget Sound,549300WHVRE44NRBU558,26,11910000.0,0,0.0,0,0.0,26,11910000.0,0.0
2024,Seattle/Puget Sound,549300WJIJV987NXVC31,219,136895000.0,0,0.0,0,0.0,219,136895000.0,0.0
2024,Seattle/Puget Sound,549300WKFR15017V9850,26,15440000.0,0,0.0,0,0.0,26,15440000.0,0.0
2024,Seattle/Puget Sound,549300WRDGBHKR1BXL98,2,1410000.0,0,0.0,0,0.0,2,1410000.0,0.0
2024,Seattle/Puget Sound,549300WYBPIWKK6SQC06,3,2185000.0,0,0.0,0,0.0,3,2185000.0,0.0
2024,Seattle/Puget Sound,549300X08QKYUH256I80,2,1090000.0,0,0.0,0,0.0,2,1090000.0,0.0
2024,Seattle/Puget Sound,549300XCVBRR56D08F03,1,325000.0,0,0.0,0,0.0,1,325000.0,0.0
2024,Seattle/Puget Sound,549300XHF3PMRO08N352,10,2740000.0,0,0.0,0,0.0,10,2740000.0,0.0
2024,Seattle/Puget Sound,549300XHPPLC0TBRV021,174,92960000.0,0,0.0,0,0.0,174,92960000.0,0.0
2024,Seattle/Puget Sound,549300XQ7B5FIVUNFE29,1,645000.0,0,0.0,0,0.0,1,645000.0,0.0
2024,Seattle/Puget Sound,549300XQVJ1XBNFA5536,53,6865000.0,0,0.0,0,0.0,53,6865000.0,0.0
2024,Seattle/Puget Sound,549300XRXBA38J60S618,4,2620000.0,0,0.0,0,0.0,4,2620000.0,0.0
2024,Seattle/Puget Sound,549300XWUSRVVOHPRY47,5,3155000.0,0,0.0,0,0.0,5,3155000.0,0.0
2024,Seattle/Puget Sound,549300XY701IELCE5Q08,105,67785000.0,0,0.0,0,0.0,105,67785000.0,0.0
2024,Seattle/Puget Sound,549300Y5Y88FQLI7VE83,16,13870000.0,0,0.0,0,0.0,16,13870000.0,0.0
2024,Seattle/Puget Sound,549300YD7XJM19TH5O82,1,915000.0,0,0.0,0,0.0,1,915000.0,0.0
2024,Seattle/Puget Sound,549300YEI60WAHWQ3110,66,17940000.0,0,0.0,0,0.0,66,17940000.0,0.0
2024,Seattle/Puget Sound,549300YIQ7S7Z8PIHE53,59,20465000.0,0,0.0,0,0.0,59,20465000.0,0.0
2024,Seattle/Puget Sound,549300YN94MOAVYW0F52,69,19075000.0,0,0.0,0,0.0,69,19075000.0,0.0
2024,Seattle/Puget Sound,549300YPBBHUEKV1YC68,7,3695000.0,0,0.0,0,0.0,7,3695000.0,0.0
2024,Seattle/Puget Sound,549300YW2UBCMDRMBT48,2,760000.0,0,0.0,0,0.0,2,760000.0,0.0
2024,Seattle/Puget Sound,549300Z2B4FHRYOXTS09,21,10725000.0,0,0.0,0,0.0,21,10725000.0,0.0
2024,Seattle/Puget Sound,549300ZBXINP1Y94CN02,173,103895000.0,0,0.0,0,0.0,173,103895000.0,0.0
2024,Seattle/Puget Sound,549300ZCR1XCLNEEI724,6,4250000.0,0,0.0,0,0.0,6,4250000.0,0.0
2024,Seattle/Puget Sound,549300ZIXM1VUXPG4D03,3,1185000.0,0,0.0,0,0.0,3,1185000.0,0.0
2024,Seattle/Puget Sound,549300ZPSJZO10ZAX556,6,4890000.0,0,0.0,0,0.0,6,4890000.0,0.0
2024,Seattle/Puget Sound,549300ZS1TR1B4LHX377,4,2570000.0,0,0.0,0,0.0,4,2570000.0,0.0
2024,Seattle/Puget Sound,549300ZWNETGFXTBBY03,291,154715000.0,0,0.0,0,0.0,291,154715000.0,0.0
2024,Seattle/Puget Sound,549300ZZME37MXI1EF14,20,12930000.0,0,0.0,0,0.0,20,12930000.0,0.0
2024,Seattle/Puget Sound,593C3GZG957YOJPS2Z63,7,8485000.0,0,0.0,0,0.0,7,8485000.0,0.0
2024,Seattle/Puget Sound,6BYL5QZYBDK8S7L73M02,1278,1158840000.0,0,0.0,0,0.0,1278,1158840000.0,0.0
2024,Seattle/Puget Sound,6PTKHDJ8HDUF78PFWH30,1,775000.0,0,0.0,0,0.0,1,775000.0,0.0
2024,Seattle/Puget Sound,7DMUJTL9FFTVIAG9H788,4,5310000.0,0,0.0,0,0.0,4,5310000.0,0.0
2024,Seattle/Puget Sound,7H6GLXDRUGQFU57RNE97,1310,1121070000.0,0,0.0,0,0.0,1310,1121070000.0,0.0
2024,Seattle/Puget Sound,8I3UVGYULPJQIP7FQV10,1,205000.0,0,0.0,0,0.0,1,205000.0,0.0
2024,Seattle/Puget Sound,8WH0EE09O9V05QJZ3V89,45,44325000.0,0,0.0,0,0.0,45,44325000.0,0.0
2024,Seattle/Puget Sound,9845006YE04B346EC919,1,565000.0,0,0.0,0,0.0,1,565000.0,0.0
2024,Seattle/Puget Sound,984500CD6F0743B8F530,3,1225000.0,0,0.0,0,0.0,3,1225000.0,0.0
2024,Seattle/Puget Sound,984500F6E6940CCB6A60,2,2370000.0,0,0.0,0,0.0,2,2370000.0,0.0
2024,Seattle/Puget Sound,984500P059VACEAAFA22,1,535000.0,0,0.0,0,0.0,1,535000.0,0.0
2024,Seattle/Puget Sound,984500U2F9A83N391A91,6,3790000.0,0,0.0,0,0.0,6,3790000.0,0.0
2024,Seattle/Puget Sound,AD6GFRVSDT01YPT1CS68,370,427040000.0,0,0.0,0,0.0,370,427040000.0,0.0
2024,Seattle/Puget Sound,B4TYDEB6GKMZO031MB27,1011,936715000.0,0,0.0,0,0.0,1011,936715000.0,0.0
2024,Seattle/Puget Sound,C398JSK21YCXWM603F55,27,17855000.0,0,0.0,0,0.0,27,17855000.0,0.0
2024,Seattle/Puget Sound,C5654JQHZUHN0772B561,145,77605000.0,0,0.0,0,0.0,145,77605000.0,0.0
2024,Seattle/Puget Sound,CKVBED0S4DMLKJJ5XH28,14,15350000.0,0,0.0,0,0.0,14,15350000.0,0.0
2024,Seattle/Puget Sound,COINQMNIM6RBU631DD85,9,4795000.0,0,0.0,0,0.0,9,4795000.0,0.0
2024,Seattle/Puget Sound,COOWI3L2W9TPYR3WJX37,3,2345000.0,0,0.0,0,0.0,3,2345000.0,0.0
2024,Seattle/Puget Sound,D38AC76TAMYI50NBPX33,171,169895000.0,0,0.0,0,0.0,171,169895000.0,0.0
2024,Seattle/Puget Sound,DRMSV1Q0EKMEXLAU1P80,4,2040000.0,0,0.0,0,0.0,4,2040000.0,0.0
2024,Seattle/Puget Sound,E57ODZWZ7FF32TWEFA76,218,272120000.0,0,0.0,0,0.0,218,272120000.0,0.0
2024,Seattle/Puget Sound,F28JOQ8OBWCFUYM0UX93,81,47745000.0,0,0.0,0,0.0,81,47745000.0,0.0
2024,Seattle/Puget Sound,FDXQ75GPEQKRPWABYN63,2,2380000.0,0,0.0,0,0.0,2,2380000.0,0.0
2024,Seattle/Puget Sound,FT6J43S06X6CLJ0R0B48,43,38385000.0,0,0.0,0,0.0,43,38385000.0,0.0
2024,Seattle/Puget Sound,HIDXEG9BLUJZKBGUT764,2,1480000.0,0,0.0,0,0.0,2,1480000.0,0.0
2024,Seattle/Puget Sound,HUX2X73FUCYHUVH1BK78,434,316450000.0,0,0.0,0,0.0,434,316450000.0,0.0
2024,Seattle/Puget Sound,IFQSIUC9AGQV2NE8CN25,261,182375000.0,0,0.0,0,0.0,261,182375000.0,0.0
2024,Seattle/Puget Sound,IUGPUX5LWRZ3B6KIZ697,10,6340000.0,0,0.0,0,0.0,10,6340000.0,0.0
2024,Seattle/Puget Sound,JJKC32MCHWDI71265Z06,10,5970000.0,0,0.0,0,0.0,10,5970000.0,0.0
2024,Seattle/Puget Sound,KB1H1DSPRFMYMCUFXT09,875,971815000.0,0,0.0,0,0.0,875,971815000.0,0.0
2024,Seattle/Puget Sound,KD3XUN7C6T14HNAYLU02,9,20105000.0,0,0.0,0,0.0,9,20105000.0,0.0
2024,Seattle/Puget Sound,L9VVX1KT5TFTKS0MLF66,24,24280000.0,0,0.0,0,0.0,24,24280000.0,0.0
2024,Seattle/Puget Sound,LDVFX8JEECFFE8HRWA73,1,615000.0,0,0.0,0,0.0,1,615000.0,0.0
2024,Seattle/Puget Sound,PAOOWF3GUFM46FBSP561,29,12345000.0,0,0.0,0,0.0,29,12345000.0,0.0
2024,Seattle/Puget Sound,Q708HHR4LD2B7XIZNO92,46,30670000.0,0,0.0,0,0.0,46,30670000.0,0.0
2024,Seattle/Puget Sound,QFROUN1UWUYU0DVIWD51,6,4530000.0,0,0.0,0,0.0,6,4530000.0,0.0
2024,Seattle/Puget Sound,R7JQ9JTCFHXBQU4XIT26,1,765000.0,0,0.0,0,0.0,1,765000.0,0.0
2024,Seattle/Puget Sound,RVDPPPGHCGZ40J4VQ731,1003,617415000.0,0,0.0,0,0.0,1003,617415000.0,0.0
2024,Seattle/Puget Sound,S0Q3AHZRL5K6VQE35M07,1,495000.0,0,0.0,0,0.0,1,495000.0,0.0
2024,Seattle/Puget Sound,SS1TRMSN6BRNMOREEV51,65,35545000.0,0,0.0,0,0.0,65,35545000.0,0.0
2024,Seattle/Puget Sound,WE0I402RW25AU38DTI13,182,96320000.0,0,0.0,0,0.0,182,96320000.0,0.0
2024,Seattle/Puget Sound,WKN6AF1FCL7BBYGTGI83,2,1170000.0,0,0.0,0,0.0,2,1170000.0,0.0
2024,Seattle/Puget Sound,WWB2V0FCW3A0EE3ZJN75,27,11875000.0,0,0.0,0,0.0,27,11875000.0,0.0
2024,Seattle/Puget Sound,X05BVSK68TQ7YTOSNR22,8,1590000.0,0,0.0,0,0.0,8,1590000.0,0.0
2024,Seattle/Puget Sound,ZXMJHJK466PBZTM5F379,10,10820000.0,0,0.0,0,0.0,10,10820000.0,0.0
2025,Bay Area,01KWVG908KE7RKPTNP46,1,705000.0,0,0.0,0,0.0,1,705000.0,0.0
2025,Bay Area,1IE8VN30JCEQV1H4R804,1102,1593950000.0,0,0.0,0,0.0,1102,1593950000.0,0.0
2025,Bay Area,213800QUAI2VH5YM6310,2,1860000.0,0,0.0,0,0.0,2,1860000.0,0.0
2025,Bay Area,213800XR2TCBQJSF1X93,67,49945000.0,0,0.0,0,0.0,67,49945000.0,0.0
2025,Bay Area,25490018IFQOT83Q7H49,6,2550000.0,0,0.0,0,0.0,6,2550000.0,0.0
2025,Bay Area,2549001EL4XFDHGNJO24,4,3090000.0,0,0.0,0,0.0,4,3090000.0,0.0
2025,Bay Area,2549001SI0EMFPT39035,134,141990000.0,0,0.0,0,0.0,134,141990000.0,0.0
2025,Bay Area,2549002VH9C0PKB8K153,40,54250000.0,0,0.0,0,0.0,40,54250000.0,0.0
2025,Bay Area,254900378RFGMBEKAF12,1,445000.0,0,0.0,0,0.0,1,445000.0,0.0
2025,Bay Area,2549004CU9LAM5CYA280,4,3880000.0,0,0.0,0,0.0,4,3880000.0,0.0
2025,Bay Area,2549004FXPNKCLIN8250,204,180540000.0,0,0.0,0,0.0,204,180540000.0,0.0
2025,Bay Area,2549004OC91L41W9XR37,2,1840000.0,0,0.0,0,0.0,2,1840000.0,0.0
2025,Bay Area,2549004W7ZN0N715U578,3,765000.0,0,0.0,0,0.0,3,765000.0,0.0
2025,Bay Area,2549004XJQQPBYQSMT39,35,9465000.0,0,0.0,0,0.0,35,9465000.0,0.0
2025,Bay Area,2549004Z576VEJBK3N72,30,20830000.0,0,0.0,0,0.0,30,20830000.0,0.0
2025,Bay Area,25490051DLR50J3F0F68,1,1005000.0,0,0.0,0,0.0,1,1005000.0,0.0
2025,Bay Area,2549005FUF02T1IFCA22,2,820000.0,0,0.0,0,0.0,2,820000.0,0.0
2025,Bay Area,2549005Q4HZ55QX7YC64,30,20180000.0,0,0.0,0,0.0,30,20180000.0,0.0
2025,Bay Area,2549005SIVTHG14U2905,214,134610000.0,0,0.0,0,0.0,214,134610000.0,0.0
2025,Bay Area,2549006VWQC6XCFQO747,10,5380000.0,0,0.0,0,0.0,10,5380000.0,0.0
2025,Bay Area,2549007IU6SKFLLNKZ07,1,955000.0,0,0.0,0,0.0,1,955000.0,0.0
2025,Bay Area,2549007M6CTUCB5K0R54,2,1270000.0,0,0.0,0,0.0,2,1270000.0,0.0
2025,Bay Area,2549007UO49TL9LEDN58,4,2530000.0,0,0.0,0,0.0,4,2530000.0,0.0
2025,Bay Area,2549008G9SP4WM32NN96,1,745000.0,0,0.0,0,0.0,1,745000.0,0.0
2025,Bay Area,2549008LUH7QKMXQ8N53,1,1605000.0,0,0.0,0,0.0,1,1605000.0,0.0
2025,Bay Area,2549008TT6UNYR7AXF54,7,5925000.0,0,0.0,0,0.0,7,5925000.0,0.0
2025,Bay Area,2549009X2AG1P20YAJ63,30,74380000.0,0,0.0,0,0.0,30,74380000.0,0.0
2025,Bay Area,254900BBEPZS8MDE1S61,3,1145000.0,0,0.0,0,0.0,3,1145000.0,0.0
2025,Bay Area,254900DTLHVWQ7NP7R34,439,286055000.0,0,0.0,0,0.0,439,286055000.0,0.0
2025,Bay Area,254900E6AIE4Z8YQM970,182,155450000.0,0,0.0,0,0.0,182,155450000.0,0.0
2025,Bay Area,254900EZRN0CBEP77K34,1,455000.0,0,0.0,0,0.0,1,455000.0,0.0
2025,Bay Area,254900FMBXF85WQYV433,4,2670000.0,0,0.0,0,0.0,4,2670000.0,0.0
2025,Bay Area,254900HA4DQWAE0W3342,105,107245000.0,0,0.0,0,0.0,105,107245000.0,0.0
2025,Bay Area,254900HEJ9F73IMPX887,35,27095000.0,0,0.0,0,0.0,35,27095000.0,0.0
2025,Bay Area,254900HO9WPE4LTLQU96,2,1640000.0,0,0.0,0,0.0,2,1640000.0,0.0
2025,Bay Area,254900I68BOSEM149Q58,1,455000.0,0,0.0,0,0.0,1,455000.0,0.0
2025,Bay Area,254900IEGKUDRDS23V26,87,75175000.0,3,4075000.0,0,0.0,84,71100000.0,3.4482758620689653
2025,Bay Area,254900J2RKTTDJSUWD76,2,1420000.0,0,0.0,0,0.0,2,1420000.0,0.0
2025,Bay Area,254900JH11ROOV921P96,7,4285000.0,0,0.0,0,0.0,7,4285000.0,0.0
2025,Bay Area,254900JZN2V0PWFMW808,45,30495000.0,0,0.0,0,0.0,45,30495000.0,0.0
2025,Bay Area,254900KD58MIT0K3NP70,1,585000.0,0,0.0,0,0.0,1,585000.0,0.0
2025,Bay Area,254900KI7219LQKCI772,3,3065000.0,0,0.0,0,0.0,3,3065000.0,0.0
2025,Bay Area,254900LNRKOG7TRURB32,1,305000.0,0,0.0,0,0.0,1,305000.0,0.0
2025,Bay Area,254900LTD432L5CHIZ48,16,11870000.0,0,0.0,0,0.0,16,11870000.0,0.0
2025,Bay Area,254900M2C4Q6DATP2889,40,23650000.0,0,0.0,0,0.0,40,23650000.0,0.0
2025,Bay Area,254900MHHOS58M9D0445,5,2915000.0,0,0.0,0,0.0,5,2915000.0,0.0
2025,Bay Area,254900NZOY3XB2DNSZ34,3,1815000.0,0,0.0,0,0.0,3,1815000.0,0.0
2025,Bay Area,254900O28OG3UMHXQY81,7,5245000.0,0,0.0,0,0.0,7,5245000.0,0.0
2025,Bay Area,254900P2JMSUZCYLE858,256,258990000.0,0,0.0,0,0.0,256,258990000.0,0.0
2025,Bay Area,254900P7WLDQD9IUL038,13,12485000.0,0,0.0,0,0.0,13,12485000.0,0.0
2025,Bay Area,254900QNIR86GUIRYH95,61,41035000.0,0,0.0,0,0.0,61,41035000.0,0.0
2025,Bay Area,254900R9A6TW85BTVS20,10,5450000.0,0,0.0,0,0.0,10,5450000.0,0.0
2025,Bay Area,254900RM3T6WAVE6SA24,1,1105000.0,0,0.0,0,0.0,1,1105000.0,0.0
2025,Bay Area,254900RQX8N4HXJIDK44,46,33050000.0,0,0.0,0,0.0,46,33050000.0,0.0
2025,Bay Area,254900TG14TB8RKS3U42,15,9275000.0,0,0.0,0,0.0,15,9275000.0,0.0
2025,Bay Area,254900TTZ395IC926125,190,111630000.0,0,0.0,0,0.0,190,111630000.0,0.0
2025,Bay Area,254900U1OBL1MC6M6518,1,445000.0,0,0.0,0,0.0,1,445000.0,0.0
2025,Bay Area,254900URXOKFMBYQ0V69,2,1080000.0,0,0.0,0,0.0,2,1080000.0,0.0
2025,Bay Area,254900V6GCDMRQZ34D96,19,19795000.0,0,0.0,0,0.0,19,19795000.0,0.0
2025,Bay Area,254900VELJPWWT51WN03,545,449115000.0,0,0.0,0,0.0,545,449115000.0,0.0
2025,Bay Area,254900VHUBSJJKOMBF27,46,34840000.0,0,0.0,0,0.0,46,34840000.0,0.0
2025,Bay Area,254900VX7NAZSPBPUE16,2,1110000.0,0,0.0,0,0.0,2,1110000.0,0.0
2025,Bay Area,254900WEP08K7U7S3A80,5,2615000.0,0,0.0,0,0.0,5,2615000.0,0.0
2025,Bay Area,254900WTZC5SSKIN2M11,24,10970000.0,0,0.0,0,0.0,24,10970000.0,0.0
2025,Bay Area,254900WZ3RTY75P7HO83,4,700000.0,0,0.0,0,0.0,4,700000.0,0.0
2025,Bay Area,254900YPPMV9UM5FUW09,3,1635000.0,0,0.0,0,0.0,3,1635000.0,0.0
2025,Bay Area,254900YVV9JOGMYFZO90,3,1905000.0,0,0.0,0,0.0,3,1905000.0,0.0
2025,Bay Area,254900YZ174H294JW398,86,65450000.0,0,0.0,0,0.0,86,65450000.0,0.0
2025,Bay Area,254900ZFWS2106HWPH46,306,205200000.0,0,0.0,0,0.0,306,205200000.0,0.0
2025,Bay Area,2WHM8VNJH63UN14OL754,8,10660000.0,0,0.0,0,0.0,8,10660000.0,0.0
2025,Bay Area,337KMNHEWWWR6B7Q7W10,7,14705000.0,0,0.0,0,0.0,7,14705000.0,0.0
2025,Bay Area,3Y4U8VZURTYWI1W2K376,878,1202530000.0,0,0.0,0,0.0,878,1202530000.0,0.0
2025,Bay Area,4EP6JBYBTPTQ47LZOB67,11,16245000.0,0,0.0,0,0.0,11,16245000.0,0.0
2025,Bay Area,54930001NSTOD85LT125,505,475955000.0,0,0.0,0,0.0,505,475955000.0,0.0
2025,Bay Area,54930002O9LLXKR6TF11,40,29980000.0,0,0.0,0,0.0,40,29980000.0,0.0
2025,Bay Area,5493000349C5XXDRQX28,162,140370000.0,0,0.0,0,0.0,162,140370000.0,0.0
2025,Bay Area,5493000EO85W8IS2FR22,2,2150000.0,0,0.0,0,0.0,2,2150000.0,0.0
2025,Bay Area,5493000EUC3MM52PJV85,45,57405000.0,0,0.0,0,0.0,45,57405000.0,0.0
2025,Bay Area,5493000H6DFDDJRORG89,15,7755000.0,0,0.0,0,0.0,15,7755000.0,0.0
2025,Bay Area,5493000IIYWBLONJVJ30,7,3695000.0,0,0.0,0,0.0,7,3695000.0,0.0
2025,Bay Area,5493000NYUJT9UC6G261,18,13840000.0,0,0.0,0,0.0,18,13840000.0,0.0
2025,Bay Area,5493000OM9RKJW8W5K82,158,95650000.0,0,0.0,0,0.0,158,95650000.0,0.0
2025,Bay Area,5493000RV6UQ52SVTV40,4,3760000.0,0,0.0,0,0.0,4,3760000.0,0.0
2025,Bay Area,5493000XC2Y1SLXRQP11,19,11305000.0,0,0.0,0,0.0,19,11305000.0,0.0
2025,Bay Area,5493000YNV8IX4VD3X12,8,1630000.0,0,0.0,0,0.0,8,1630000.0,0.0
2025,Bay Area,5493001141Z7CINOSB62,2,1520000.0,0,0.0,0,0.0,2,1520000.0,0.0
2025,Bay Area,549300121SF0K2LN2804,73,58095000.0,0,0.0,0,0.0,73,58095000.0,0.0
2025,Bay Area,54930015645SYPOM7220,2,1170000.0,0,0.0,0,0.0,2,1170000.0,0.0
2025,Bay Area,5493001GAASLCSP1PB64,84,54870000.0,0,0.0,0,0.0,84,54870000.0,0.0
2025,Bay Area,5493001GDRY0EL7VG372,40,25470000.0,0,0.0,0,0.0,40,25470000.0,0.0
2025,Bay Area,5493001HHBUTXHS7TZ96,16,9650000.0,0,0.0,0,0.0,16,9650000.0,0.0
2025,Bay Area,5493001JT9MT3Z3Y3M39,6,5770000.0,0,0.0,0,0.0,6,5770000.0,0.0
2025,Bay Area,5493001K7B4W8IPMZ254,10,7300000.0,0,0.0,0,0.0,10,7300000.0,0.0
2025,Bay Area,5493001NJEVHTZW7FG34,52,43900000.0,0,0.0,0,0.0,52,43900000.0,0.0
2025,Bay Area,5493001P38O8QXGI6503,1,385000.0,0,0.0,0,0.0,1,385000.0,0.0
2025,Bay Area,5493001SDQVS1NWYH012,61,42895000.0,0,0.0,0,0.0,61,42895000.0,0.0
2025,Bay Area,5493001SXWZ4OFP8Z903,148,100810000.0,0,0.0,0,0.0,148,100810000.0,0.0
2025,Bay Area,5493001U0HWKEN6OLT59,4,3720000.0,0,0.0,0,0.0,4,3720000.0,0.0
2025,Bay Area,5493001WHVQBGRSWEU75,41,27975000.0,0,0.0,0,0.0,41,27975000.0,0.0
2025,Bay Area,5493001WRXQTCKCA6205,847,698095000.0,0,0.0,0,0.0,847,698095000.0,0.0
2025,Bay Area,5493001X0T84TYRJ5Y59,21,27565000.0,0,0.0,0,0.0,21,27565000.0,0.0
2025,Bay Area,5493001XKL0FTNOJ0866,18,8810000.0,0,0.0,0,0.0,18,8810000.0,0.0
2025,Bay Area,54930021DZJ9CEN11D61,2,1220000.0,0,0.0,0,0.0,2,1220000.0,0.0
2025,Bay Area,54930021WPEXNHYZUL09,75,55505000.0,0,0.0,0,0.0,75,55505000.0,0.0
2025,Bay Area,54930022CQGV47Q8PM03,1,765000.0,0,0.0,0,0.0,1,765000.0,0.0
2025,Bay Area,54930025XJJO3T0M1A92,2,2380000.0,0,0.0,0,0.0,2,2380000.0,0.0
2025,Bay Area,5493002B2WMHY23GFK92,24,11410000.0,0,0.0,0,0.0,24,11410000.0,0.0
2025,Bay Area,5493002GI63WHHUTUD85,5,3065000.0,0,0.0,0,0.0,5,3065000.0,0.0
2025,Bay Area,5493002LW7G8E8SHWC88,2,1320000.0,0,0.0,0,0.0,2,1320000.0,0.0
2025,Bay Area,5493002QI2ILHHZH8D20,184,120830000.0,0,0.0,0,0.0,184,120830000.0,0.0
2025,Bay Area,5493002QRULT2T40BH09,3,1755000.0,0,0.0,0,0.0,3,1755000.0,0.0
2025,Bay Area,5493002TJKC8NLH1ZP82,84,53970000.0,0,0.0,0,0.0,84,53970000.0,0.0
2025,Bay Area,5493002WVA17MT4UFH84,2,1770000.0,0,0.0,0,0.0,2,1770000.0,0.0
2025,Bay Area,5493002Y5XYV7DV1ZV88,6,4710000.0,0,0.0,0,0.0,6,4710000.0,0.0
2025,Bay Area,54930030Z1JWTP3SVD16,6,2810000.0,0,0.0,0,0.0,6,2810000.0,0.0
2025,Bay Area,549300323EON4W3CCM44,181,124345000.0,0,0.0,0,0.0,181,124345000.0,0.0
2025,Bay Area,54930035U7Q80J7HTS79,1,805000.0,0,0.0,0,0.0,1,805000.0,0.0
2025,Bay Area,549300370QILXLFUWD20,108,72760000.0,0,0.0,0,0.0,108,72760000.0,0.0
2025,Bay Area,5493003B20KZ3DEZGB43,24,24910000.0,0,0.0,0,0.0,24,24910000.0,0.0
2025,Bay Area,5493003B2LEGQHDWRN55,1,505000.0,0,0.0,0,0.0,1,505000.0,0.0
2025,Bay Area,5493003BXKRGHQHRJV38,2,2270000.0,0,0.0,0,0.0,2,2270000.0,0.0
2025,Bay Area,5493003GQDUH26DNNH17,153,106395000.0,0,0.0,0,0.0,153,106395000.0,0.0
2025,Bay Area,5493003NV9L53LK1XI52,39,30525000.0,0,0.0,0,0.0,39,30525000.0,0.0
2025,Bay Area,5493003V40VGM7YDFM54,68,38910000.0,0,0.0,0,0.0,68,38910000.0,0.0
2025,Bay Area,54930043BMDE130FJ617,236,138600000.0,0,0.0,0,0.0,236,138600000.0,0.0
2025,Bay Area,54930044OSTKOJMHF287,1,665000.0,0,0.0,0,0.0,1,665000.0,0.0
2025,Bay Area,54930048P8RWCQHQM310,53,63605000.0,0,0.0,0,0.0,53,63605000.0,0.0
2025,Bay Area,54930049L5WINET09Q97,12,7760000.0,0,0.0,0,0.0,12,7760000.0,0.0
2025,Bay Area,5493004AS1SPBQOFDR49,409,355825000.0,0,0.0,0,0.0,409,355825000.0,0.0
2025,Bay Area,5493004F7BXDIUFVPV87,480,505500000.0,0,0.0,0,0.0,480,505500000.0,0.0
2025,Bay Area,5493004N9PMBSLEZOF16,50,20770000.0,0,0.0,0,0.0,50,20770000.0,0.0
2025,Bay Area,5493004RLLKTQS8K7U51,2,1490000.0,0,0.0,0,0.0,2,1490000.0,0.0
2025,Bay Area,5493004T9SQFCNRQ2L76,3,1755000.0,0,0.0,0,0.0,3,1755000.0,0.0
2025,Bay Area,5493004UNRG4PWDF2K60,5,4735000.0,0,0.0,0,0.0,5,4735000.0,0.0
2025,Bay Area,5493004WMLN60ZJ2ON46,153,141415000.0,0,0.0,0,0.0,153,141415000.0,0.0
2025,Bay Area,54930052M48FOD3CWA54,94,64540000.0,0,0.0,0,0.0,94,64540000.0,0.0
2025,Bay Area,54930054ET8KM4O1D485,70,58850000.0,0,0.0,0,0.0,70,58850000.0,0.0
2025,Bay Area,5493005I7R041I8VOW18,1,605000.0,0,0.0,0,0.0,1,605000.0,0.0
2025,Bay Area,5493005JPZ3LXXMB0S24,4,2870000.0,0,0.0,0,0.0,4,2870000.0,0.0
2025,Bay Area,5493005LE3FE2MIPPW66,7,3045000.0,0,0.0,0,0.0,7,3045000.0,0.0
2025,Bay Area,5493005LWLLN6G3XQP35,5,3935000.0,0,0.0,0,0.0,5,3935000.0,0.0
2025,Bay Area,5493005NIBYLNJC10826,39,27115000.0,0,0.0,0,0.0,39,27115000.0,0.0
2025,Bay Area,5493005PKOSG7MYX0B34,80,69920000.0,0,0.0,0,0.0,80,69920000.0,0.0
2025,Bay Area,5493005PT09Z02WXW551,1,695000.0,0,0.0,0,0.0,1,695000.0,0.0
2025,Bay Area,54930060G4MDPWHISD89,5,2565000.0,0,0.0,0,0.0,5,2565000.0,0.0
2025,Bay Area,5493006F1N8E3EEF3W63,251,172315000.0,0,0.0,0,0.0,251,172315000.0,0.0
2025,Bay Area,5493006JISETNI0GLE61,2,1780000.0,0,0.0,0,0.0,2,1780000.0,0.0
2025,Bay Area,5493006LCVYJR3AYGA52,1,325000.0,0,0.0,0,0.0,1,325000.0,0.0
2025,Bay Area,5493006MA7WP1WL8U431,13,12135000.0,0,0.0,0,0.0,13,12135000.0,0.0
2025,Bay Area,5493006RIR31ORKYB608,85,53125000.0,0,0.0,0,0.0,85,53125000.0,0.0
2025,Bay Area,5493006YSC5JOGNPMH78,4,3700000.0,0,0.0,0,0.0,4,3700000.0,0.0
2025,Bay Area,54930072OCHTUJOZQB56,4,4760000.0,0,0.0,0,0.0,4,4760000.0,0.0
2025,Bay Area,549300730ZNSQK9EBT50,4,1880000.0,0,0.0,0,0.0,4,1880000.0,0.0
2025,Bay Area,549300748YYU6VG08N83,1,955000.0,0,0.0,0,0.0,1,955000.0,0.0
2025,Bay Area,54930074FI0I2Q6G5S43,2,130000.0,0,0.0,0,0.0,2,130000.0,0.0
2025,Bay Area,549300767F7CDUJR8Q67,45,9085000.0,0,0.0,0,0.0,45,9085000.0,0.0
2025,Bay Area,5493007CLWQN2S6IZK91,2,1090000.0,0,0.0,0,0.0,2,1090000.0,0.0
2025,Bay Area,5493007L4GYNO2PUBS09,3,2515000.0,0,0.0,0,0.0,3,2515000.0,0.0
2025,Bay Area,5493007VDE1SMI6Z0Q04,2,850000.0,0,0.0,0,0.0,2,850000.0,0.0
2025,Bay Area,5493007VGBHF6SRXRR53,147,162665000.0,0,0.0,0,0.0,147,162665000.0,0.0
2025,Bay Area,5493007VW2EU20PZYU97,44,24440000.0,0,0.0,0,0.0,44,24440000.0,0.0
2025,Bay Area,549300850R07HZO8MY41,4,2820000.0,0,0.0,0,0.0,4,2820000.0,0.0
2025,Bay Area,5493008CPTDVOS570626,7,2115000.0,0,0.0,0,0.0,7,2115000.0,0.0
2025,Bay Area,5493008E4KBJCB6UKR64,3,2145000.0,0,0.0,0,0.0,3,2145000.0,0.0
2025,Bay Area,5493008JUW0FLRMO0W64,1,615000.0,0,0.0,0,0.0,1,615000.0,0.0
2025,Bay Area,5493008NWHQT1R22C024,84,67550000.0,0,0.0,0,0.0,84,67550000.0,0.0
2025,Bay Area,5493008P6YO2KM3EO556,37,30375000.0,0,0.0,0,0.0,37,30375000.0,0.0
2025,Bay Area,5493008VVXQIDO1EZ460,26,17090000.0,0,0.0,0,0.0,26,17090000.0,0.0
2025,Bay Area,5493008ZTV4S0W9DCX64,21,18995000.0,0,0.0,0,0.0,21,18995000.0,0.0
2025,Bay Area,54930091CYUK2SDZ6D37,15,16085000.0,0,0.0,0,0.0,15,16085000.0,0.0
2025,Bay Area,54930098QK48NVYBZC62,3,1985000.0,0,0.0,0,0.0,3,1985000.0,0.0
2025,Bay Area,5493009B17HXCVXTD608,124,108600000.0,0,0.0,0,0.0,124,108600000.0,0.0
2025,Bay Area,5493009BD405QQTMXO12,28,21440000.0,0,0.0,0,0.0,28,21440000.0,0.0
2025,Bay Area,5493009CYWXD5RBPIX14,5,3435000.0,0,0.0,0,0.0,5,3435000.0,0.0
2025,Bay Area,5493009D2COWW65B8673,1,205000.0,0,0.0,0,0.0,1,205000.0,0.0
2025,Bay Area,5493009QYNVEZ9VDJU57,5,2735000.0,0,0.0,0,0.0,5,2735000.0,0.0
2025,Bay Area,5493009RSCJ6Y7LUWJ31,1,1305000.0,0,0.0,0,0.0,1,1305000.0,0.0
2025,Bay Area,5493009Y8ROUG903AQ21,246,235280000.0,0,0.0,0,0.0,246,235280000.0,0.0
2025,Bay Area,549300A4ZI1DF2OO1B51,75,64875000.0,0,0.0,0,0.0,75,64875000.0,0.0
2025,Bay Area,549300A5HHOL2ED18C72,170,131720000.0,0,0.0,0,0.0,170,131720000.0,0.0
2025,Bay Area,549300A68YW07V5R5G22,11,19465000.0,0,0.0,0,0.0,11,19465000.0,0.0
2025,Bay Area,549300AENO88GEUWCZ39,3,2535000.0,0,0.0,0,0.0,3,2535000.0,0.0
2025,Bay Area,549300AG10BX85DF5S49,185,105205000.0,0,0.0,0,0.0,185,105205000.0,0.0
2025,Bay Area,549300AG64NHILB7ZP05,947,683845000.0,0,0.0,0,0.0,947,683845000.0,0.0
2025,Bay Area,549300ALNLUNS3Y53T24,11,5455000.0,0,0.0,0,0.0,11,5455000.0,0.0
2025,Bay Area,549300ANF834QIIFUE57,1,625000.0,0,0.0,0,0.0,1,625000.0,0.0
2025,Bay Area,549300AQ3T62GXDU7D76,466,282070000.0,0,0.0,0,0.0,466,282070000.0,0.0
2025,Bay Area,549300AT7EB9FJAF0E61,1,535000.0,0,0.0,0,0.0,1,535000.0,0.0
2025,Bay Area,549300B0HNWBV7RX2661,7,6265000.0,0,0.0,0,0.0,7,6265000.0,0.0
2025,Bay Area,549300B4IYL7TZT8FA34,55,33875000.0,0,0.0,0,0.0,55,33875000.0,0.0
2025,Bay Area,549300BBKMRS6J0CB539,1,705000.0,0,0.0,0,0.0,1,705000.0,0.0
2025,Bay Area,549300BLL6VL7AXWYP56,7,4975000.0,0,0.0,0,0.0,7,4975000.0,0.0
2025,Bay Area,549300BOXNV8VLRBDT24,21,11885000.0,0,0.0,0,0.0,21,11885000.0,0.0
2025,Bay Area,549300BX448ALT10FI43,23,17275000.0,0,0.0,0,0.0,23,17275000.0,0.0
2025,Bay Area,549300BXWU32AYWT1A56,25,20425000.0,0,0.0,0,0.0,25,20425000.0,0.0
2025,Bay Area,549300C04BJ0G297NC13,7,3745000.0,0,0.0,0,0.0,7,3745000.0,0.0
2025,Bay Area,549300C232ZWY1I57C16,2,1020000.0,0,0.0,0,0.0,2,1020000.0,0.0
2025,Bay Area,549300C4J510S9L1RF98,1,805000.0,0,0.0,0,0.0,1,805000.0,0.0
2025,Bay Area,549300C4RD3C53QCM649,5,3275000.0,0,0.0,0,0.0,5,3275000.0,0.0
2025,Bay Area,549300CB67L6KPJLHE19,292,63630000.0,0,0.0,0,0.0,292,63630000.0,0.0
2025,Bay Area,549300CDOC4F7XSRG390,1,405000.0,0,0.0,0,0.0,1,405000.0,0.0
2025,Bay Area,549300CIQ950OK0BS407,118,111080000.0,0,0.0,0,0.0,118,111080000.0,0.0
2025,Bay Area,549300CK7U1WMTIG6687,9,10025000.0,0,0.0,0,0.0,9,10025000.0,0.0
2025,Bay Area,549300CLRXFVF83ZL806,1,545000.0,0,0.0,0,0.0,1,545000.0,0.0
2025,Bay Area,549300CY7WNAHKHYSJ73,12,8350000.0,0,0.0,0,0.0,12,8350000.0,0.0
2025,Bay Area,549300D0H09HSURFXA20,1,725000.0,0,0.0,0,0.0,1,725000.0,0.0
2025,Bay Area,549300D2OYT7VTDY6Z20,1,395000.0,0,0.0,0,0.0,1,395000.0,0.0
2025,Bay Area,549300D3LYUX1NJVC329,7,5485000.0,0,0.0,0,0.0,7,5485000.0,0.0
2025,Bay Area,549300D4ZYLSQ5LMTV35,1,1055000.0,0,0.0,0,0.0,1,1055000.0,0.0
2025,Bay Area,549300DCGBXW5FJMV921,313,244325000.0,0,0.0,0,0.0,313,244325000.0,0.0
2025,Bay Area,549300DD4R4SYK5RAQ92,45,48435000.0,0,0.0,0,0.0,45,48435000.0,0.0
2025,Bay Area,549300DD5QQUHO6PCH70,251,168155000.0,0,0.0,0,0.0,251,168155000.0,0.0
2025,Bay Area,549300DDLYW49R2HCV81,1,475000.0,0,0.0,0,0.0,1,475000.0,0.0
2025,Bay Area,549300DFCG6GF21KOW34,11,8435000.0,0,0.0,0,0.0,11,8435000.0,0.0
2025,Bay Area,549300DLBRGR2O0VNZ96,7,6735000.0,0,0.0,0,0.0,7,6735000.0,0.0
2025,Bay Area,549300DMHEHNYZ2OLB41,1,1705000.0,0,0.0,0,0.0,1,1705000.0,0.0
2025,Bay Area,549300DNWSJUNAWUM003,6,5220000.0,0,0.0,0,0.0,6,5220000.0,0.0
2025,Bay Area,549300DQLGJ1YQRRHH73,1,455000.0,0,0.0,0,0.0,1,455000.0,0.0
2025,Bay Area,549300DT7CCDCC7O6Z60,48,33090000.0,0,0.0,0,0.0,48,33090000.0,0.0
2025,Bay Area,549300DT7WZ1SOTNFJ62,29,25115000.0,0,0.0,0,0.0,29,25115000.0,0.0
2025,Bay Area,549300E2UX99HKDBR481,835,643065000.0,0,0.0,0,0.0,835,643065000.0,0.0
2025,Bay Area,549300E4YLQ3BVQ4GW30,27,28325000.0,0,0.0,0,0.0,27,28325000.0,0.0
2025,Bay Area,549300EFCZM6KD6B8K69,1,1155000.0,0,0.0,0,0.0,1,1155000.0,0.0
2025,Bay Area,549300EKFFG3BU8DNX74,165,182945000.0,0,0.0,0,0.0,165,182945000.0,0.0
2025,Bay Area,549300ELLMUEKP1JHB70,7,5335000.0,0,0.0,0,0.0,7,5335000.0,0.0
2025,Bay Area,549300EM6UG8HE3P8U74,431,382275000.0,0,0.0,0,0.0,431,382275000.0,0.0
2025,Bay Area,549300EMNDEK4BA8WB53,1,665000.0,0,0.0,0,0.0,1,665000.0,0.0
2025,Bay Area,549300ESNLIWVN3TK065,5,8265000.0,0,0.0,0,0.0,5,8265000.0,0.0
2025,Bay Area,549300F570XAWYN8Z237,3,2715000.0,0,0.0,0,0.0,3,2715000.0,0.0
2025,Bay Area,549300F6NSBOJBM9ED39,28,25720000.0,0,0.0,0,0.0,28,25720000.0,0.0
2025,Bay Area,549300F6S4S7QMOUVG59,2,3150000.0,0,0.0,0,0.0,2,3150000.0,0.0
2025,Bay Area,549300F6Y1YO2YXN6135,7,14795000.0,0,0.0,0,0.0,7,14795000.0,0.0
2025,Bay Area,549300F8C5JA44WNMI75,2,1240000.0,0,0.0,0,0.0,2,1240000.0,0.0
2025,Bay Area,549300FGXN1K3HLB1R50,4936,3560200000.0,0,0.0,0,0.0,4936,3560200000.0,0.0
2025,Bay Area,549300FHWDJMELT59Z22,2,960000.0,0,0.0,0,0.0,2,960000.0,0.0
2025,Bay Area,549300FK3AFCFVAPH234,10,7840000.0,0,0.0,0,0.0,10,7840000.0,0.0
2025,Bay Area,549300FNXYY540N23N64,617,415385000.0,0,0.0,0,0.0,617,415385000.0,0.0
2025,Bay Area,549300FVD3YHE65PKH97,11,5555000.0,0,0.0,0,0.0,11,5555000.0,0.0
2025,Bay Area,549300FX7K8PTEQUU487,31,18245000.0,0,0.0,0,0.0,31,18245000.0,0.0
2025,Bay Area,549300G4ESSS6M0MEG51,461,547165000.0,0,0.0,0,0.0,461,547165000.0,0.0
2025,Bay Area,549300G5DVGM0ZHRQC33,4,2170000.0,0,0.0,0,0.0,4,2170000.0,0.0
2025,Bay Area,549300G5ZQEXZC4Y5G44,3,3265000.0,0,0.0,0,0.0,3,3265000.0,0.0
2025,Bay Area,549300GAX7IKJUKCJE72,239,199445000.0,0,0.0,0,0.0,239,199445000.0,0.0
2025,Bay Area,549300GIVX5W7UETD809,1,175000.0,0,0.0,0,0.0,1,175000.0,0.0
2025,Bay Area,549300GKFNPRWNS0GF29,995,788965000.0,0,0.0,0,0.0,995,788965000.0,0.0
2025,Bay Area,549300GQDT484LGI9C04,24,13320000.0,0,0.0,0,0.0,24,13320000.0,0.0
2025,Bay Area,549300GRGZDEH4ZGQS06,2,560000.0,0,0.0,0,0.0,2,560000.0,0.0
2025,Bay Area,549300GS0W0TEUQS8571,478,726320000.0,0,0.0,0,0.0,478,726320000.0,0.0
2025,Bay Area,549300GS6ONO04ORI292,1,805000.0,0,0.0,0,0.0,1,805000.0,0.0
2025,Bay Area,549300GTVXJ2PGXNLM73,4,3390000.0,0,0.0,0,0.0,4,3390000.0,0.0
2025,Bay Area,549300GWD9H4FQ2VR805,71,168545000.0,0,0.0,0,0.0,71,168545000.0,0.0
2025,Bay Area,549300H12E7AUMUHP294,2,950000.0,0,0.0,0,0.0,2,950000.0,0.0
2025,Bay Area,549300H3IZO24NSOO931,196,142470000.0,0,0.0,0,0.0,196,142470000.0,0.0
2025,Bay Area,549300H83ZXQ4TDSXI83,1,375000.0,0,0.0,0,0.0,1,375000.0,0.0
2025,Bay Area,549300HCNXMTNGIMAR91,28,28770000.0,0,0.0,0,0.0,28,28770000.0,0.0
2025,Bay Area,549300HIVO8XPBPNVG69,12,7580000.0,0,0.0,0,0.0,12,7580000.0,0.0
2025,Bay Area,549300HRLROF7PLJ6735,55,72025000.0,0,0.0,0,0.0,55,72025000.0,0.0
2025,Bay Area,549300HVW3AI97UKTO72,1,835000.0,0,0.0,0,0.0,1,835000.0,0.0
2025,Bay Area,549300HW662MN1WU8550,6065,4232995000.0,0,0.0,0,0.0,6065,4232995000.0,0.0
2025,Bay Area,549300I0HE5X0T5OI648,2,2210000.0,0,0.0,0,0.0,2,2210000.0,0.0
2025,Bay Area,549300I1HK1BBZLKOB84,16,16660000.0,0,0.0,0,0.0,16,16660000.0,0.0
2025,Bay Area,549300I3HDJ5QJNFPZ87,4,3260000.0,0,0.0,0,0.0,4,3260000.0,0.0
2025,Bay Area,549300I43FC7P0IJMR13,2,1750000.0,0,0.0,0,0.0,2,1750000.0,0.0
2025,Bay Area,549300ID4RCRD8BXYH30,2,3190000.0,0,0.0,0,0.0,2,3190000.0,0.0
2025,Bay Area,549300IFOE4SCP384147,14,8170000.0,0,0.0,0,0.0,14,8170000.0,0.0
2025,Bay Area,549300IKS3MMB5YK6T18,10,7360000.0,0,0.0,0,0.0,10,7360000.0,0.0
2025,Bay Area,549300INFJ8TYNZ1G568,607,890775000.0,0,0.0,0,0.0,607,890775000.0,0.0
2025,Bay Area,549300INKSPQCTELMO58,1,725000.0,0,0.0,0,0.0,1,725000.0,0.0
2025,Bay Area,549300IPUHFA5O769M51,362,261840000.0,0,0.0,0,0.0,362,261840000.0,0.0
2025,Bay Area,549300ISCZS1R0CJMO47,7,6325000.0,0,0.0,0,0.0,7,6325000.0,0.0
2025,Bay Area,549300J6N77Q8OHYNF23,136,82820000.0,0,0.0,0,0.0,136,82820000.0,0.0
2025,Bay Area,549300J7I82PNDVU8H22,293,186455000.0,0,0.0,0,0.0,293,186455000.0,0.0
2025,Bay Area,549300JOD3S8ZGZLHP53,473,423455000.0,0,0.0,0,0.0,473,423455000.0,0.0
2025,Bay Area,549300JPGMCMBEJEK584,15,12465000.0,0,0.0,0,0.0,15,12465000.0,0.0
2025,Bay Area,549300JYXTZDSPJEPI44,66,41160000.0,0,0.0,0,0.0,66,41160000.0,0.0
2025,Bay Area,549300K4ZLGS7SRDTL86,81,48085000.0,0,0.0,0,0.0,81,48085000.0,0.0
2025,Bay Area,549300K5R2UQGSNVT989,140,143830000.0,0,0.0,0,0.0,140,143830000.0,0.0
2025,Bay Area,549300K6K2IS7FRS7S09,3,3255000.0,0,0.0,0,0.0,3,3255000.0,0.0
2025,Bay Area,549300KDR80I1ELW8D36,3,1865000.0,0,0.0,0,0.0,3,1865000.0,0.0
2025,Bay Area,549300KHXD7JSQUZIJ22,1,595000.0,0,0.0,0,0.0,1,595000.0,0.0
2025,Bay Area,549300KIOYNU323LVJ37,619,437785000.0,0,0.0,0,0.0,619,437785000.0,0.0
2025,Bay Area,549300KJ8PAJ7E52HG32,54,33200000.0,0,0.0,0,0.0,54,33200000.0,0.0
2025,Bay Area,549300KM40FP4MSQU941,15,17415000.0,0,0.0,0,0.0,15,17415000.0,0.0
2025,Bay Area,549300KPHGEE40YQXO21,4,5090000.0,0,0.0,0,0.0,4,5090000.0,0.0
2025,Bay Area,549300KQHWNSVCE2MY88,16,12820000.0,0,0.0,0,0.0,16,12820000.0,0.0
2025,Bay Area,549300KSOOZZVXCMA627,47,43645000.0,0,0.0,0,0.0,47,43645000.0,0.0
2025,Bay Area,549300KTR1JGH3K6LU06,24,25840000.0,0,0.0,0,0.0,24,25840000.0,0.0
2025,Bay Area,549300KX4S1573HISS22,18,26430000.0,0,0.0,0,0.0,18,26430000.0,0.0
2025,Bay Area,549300KX6E1IE2LM5E30,5,6025000.0,0,0.0,0,0.0,5,6025000.0,0.0
2025,Bay Area,549300KZC4KKV3F7W494,5,2365000.0,0,0.0,0,0.0,5,2365000.0,0.0
2025,Bay Area,549300LBCBNR1OT00651,223,121155000.0,0,0.0,0,0.0,223,121155000.0,0.0
2025,Bay Area,549300LE3ZOZXUS7W648,1,1195000.0,0,0.0,0,0.0,1,1195000.0,0.0
2025,Bay Area,549300LLESTPOVRG3X73,22,17140000.0,0,0.0,0,0.0,22,17140000.0,0.0
2025,Bay Area,549300LMP5T3UBHAEI68,3,2025000.0,0,0.0,0,0.0,3,2025000.0,0.0
2025,Bay Area,549300LROQOOQU77WS20,134,94910000.0,0,0.0,0,0.0,134,94910000.0,0.0
2025,Bay Area,549300LU20D3H1812W20,4,3650000.0,0,0.0,0,0.0,4,3650000.0,0.0
2025,Bay Area,549300LYRWPSYPK6S325,286,175050000.0,0,0.0,0,0.0,286,175050000.0,0.0
2025,Bay Area,549300M8WGW2D17CZD19,1,755000.0,0,0.0,0,0.0,1,755000.0,0.0
2025,Bay Area,549300MCIFZSDHUT8X63,28,23430000.0,0,0.0,0,0.0,28,23430000.0,0.0
2025,Bay Area,549300MD3D3OC2CSGX39,11,5235000.0,0,0.0,0,0.0,11,5235000.0,0.0
2025,Bay Area,549300MGPZBLQDIL7538,144,99220000.0,0,0.0,0,0.0,144,99220000.0,0.0
2025,Bay Area,549300MPZDD9EFQ1E963,1,695000.0,0,0.0,0,0.0,1,695000.0,0.0
2025,Bay Area,549300MU2YI0HXIT3257,1,155000.0,0,0.0,0,0.0,1,155000.0,0.0
2025,Bay Area,549300MUXFVZKH4XLG17,31,19615000.0,0,0.0,0,0.0,31,19615000.0,0.0
2025,Bay Area,549300MZ8VZJOVC63092,381,244045000.0,0,0.0,0,0.0,381,244045000.0,0.0
2025,Bay Area,549300N3JBQ15RQ7AV97,3,1745000.0,0,0.0,0,0.0,3,1745000.0,0.0
2025,Bay Area,549300NFPC3Y4W3Y7R87,19,12495000.0,0,0.0,0,0.0,19,12495000.0,0.0
2025,Bay Area,549300NJVKCDJA5YC939,95,58355000.0,0,0.0,0,0.0,95,58355000.0,0.0
2025,Bay Area,549300NLJI4QKZ3D0G94,22,19060000.0,0,0.0,0,0.0,22,19060000.0,0.0
2025,Bay Area,549300NOCASXPA34X033,112,73000000.0,0,0.0,0,0.0,112,73000000.0,0.0
2025,Bay Area,549300NW5S24O35U1962,1,665000.0,0,0.0,0,0.0,1,665000.0,0.0
2025,Bay Area,549300NWBS6MQJX15N44,221,214815000.0,0,0.0,0,0.0,221,214815000.0,0.0
2025,Bay Area,549300O6Z0I6KYMESL47,615,471565000.0,0,0.0,0,0.0,615,471565000.0,0.0
2025,Bay Area,549300OBO7DOF2KOP535,1,905000.0,0,0.0,0,0.0,1,905000.0,0.0
2025,Bay Area,549300OGIGNKGO2DX942,1,385000.0,0,0.0,0,0.0,1,385000.0,0.0
2025,Bay Area,549300OLJQ30ZT21BC55,1,555000.0,0,0.0,0,0.0,1,555000.0,0.0
2025,Bay Area,549300OPB0G5OMY0SM65,330,276120000.0,0,0.0,0,0.0,330,276120000.0,0.0
2025,Bay Area,549300OPCWU6E72WUT29,90,59150000.0,0,0.0,0,0.0,90,59150000.0,0.0
2025,Bay Area,549300OSXT524OFE8M55,2,1150000.0,0,0.0,0,0.0,2,1150000.0,0.0
2025,Bay Area,549300P1347BFCBHJV60,2,530000.0,0,0.0,0,0.0,2,530000.0,0.0
2025,Bay Area,549300P55E0GN57DEV03,1,205000.0,0,0.0,0,0.0,1,205000.0,0.0
2025,Bay Area,549300P7QM2ETZZY0323,2,1350000.0,0,0.0,0,0.0,2,1350000.0,0.0
2025,Bay Area,549300PBTV7FCWLSMM53,5,2415000.0,0,0.0,0,0.0,5,2415000.0,0.0
2025,Bay Area,549300PC4MFWQBNVKG88,8,6580000.0,0,0.0,0,0.0,8,6580000.0,0.0
2025,Bay Area,549300PFJ7GCGDLB2E65,1,1295000.0,0,0.0,0,0.0,1,1295000.0,0.0
2025,Bay Area,549300PIL8LFAQ04XC20,1,495000.0,0,0.0,0,0.0,1,495000.0,0.0
2025,Bay Area,549300PL267CW8182203,31,17995000.0,0,0.0,0,0.0,31,17995000.0,0.0
2025,Bay Area,549300PL8ER6H23P0Z91,85,64545000.0,0,0.0,0,0.0,85,64545000.0,0.0
2025,Bay Area,549300PQLK8E48ILXV41,15,8405000.0,0,0.0,0,0.0,15,8405000.0,0.0
2025,Bay Area,549300PRAPL43XPYR044,48,38270000.0,0,0.0,0,0.0,48,38270000.0,0.0
2025,Bay Area,549300PUF6BDR1QRB167,62,38040000.0,0,0.0,0,0.0,62,38040000.0,0.0
2025,Bay Area,549300PXIFIEPL7D7R86,1,395000.0,0,0.0,0,0.0,1,395000.0,0.0
2025,Bay Area,549300Q02LGIN9AXKP98,112,130570000.0,0,0.0,0,0.0,112,130570000.0,0.0
2025,Bay Area,549300Q3ROEQU3D1IW91,86,15800000.0,0,0.0,0,0.0,86,15800000.0,0.0
2025,Bay Area,549300Q50XCC0473FG63,15,5535000.0,0,0.0,0,0.0,15,5535000.0,0.0
2025,Bay Area,549300Q6YL1SFVPEGV90,13,7115000.0,0,0.0,0,0.0,13,7115000.0,0.0
2025,Bay Area,549300QD5CQZ9PPP5B09,4,3470000.0,0,0.0,0,0.0,4,3470000.0,0.0
2025,Bay Area,549300QIUZLVR1OLDH55,16,27270000.0,0,0.0,0,0.0,16,27270000.0,0.0
2025,Bay Area,549300QKL5FUBZ8LSF50,23,16285000.0,0,0.0,0,0.0,23,16285000.0,0.0
2025,Bay Area,549300QNPOF1WCRKLZ94,127,90525000.0,0,0.0,0,0.0,127,90525000.0,0.0
2025,Bay Area,549300QPD4M26VIOFU53,19,17265000.0,0,0.0,0,0.0,19,17265000.0,0.0
2025,Bay Area,549300R0DP2GXAIMGB41,1,815000.0,0,0.0,0,0.0,1,815000.0,0.0
2025,Bay Area,549300R0SXC1JU7ZU290,10,6280000.0,0,0.0,0,0.0,10,6280000.0,0.0
2025,Bay Area,549300R4F5COFJE0DN81,36,33810000.0,0,0.0,0,0.0,36,33810000.0,0.0
2025,Bay Area,549300R77W0P105C3S50,93,77835000.0,0,0.0,0,0.0,93,77835000.0,0.0
2025,Bay Area,549300R7HGHP2I754087,9,4215000.0,0,0.0,0,0.0,9,4215000.0,0.0
2025,Bay Area,549300R8VPSFM828B312,74,95310000.0,0,0.0,0,0.0,74,95310000.0,0.0
2025,Bay Area,549300R9S3MVDV4MGF56,51,31535000.0,0,0.0,0,0.0,51,31535000.0,0.0
2025,Bay Area,549300RA3E0BUFO7YZ21,51,32945000.0,0,0.0,0,0.0,51,32945000.0,0.0
2025,Bay Area,549300RD5IG88VPO6P22,40,34410000.0,0,0.0,0,0.0,40,34410000.0,0.0
2025,Bay Area,549300REENMLD2RN3W58,5,2635000.0,0,0.0,0,0.0,5,2635000.0,0.0
2025,Bay Area,549300REPZK0JXAZ6D94,2,1000000.0,0,0.0,0,0.0,2,1000000.0,0.0
2025,Bay Area,549300RFLICNI75BG067,1,1985000.0,0,0.0,0,0.0,1,1985000.0,0.0
2025,Bay Area,549300RM1IZYGQDSNL85,5,2815000.0,0,0.0,0,0.0,5,2815000.0,0.0
2025,Bay Area,549300RN01LBYR8ZVX74,12,7750000.0,0,0.0,0,0.0,12,7750000.0,0.0
2025,Bay Area,549300RPOGWJRH63HS39,152,91630000.0,0,0.0,0,0.0,152,91630000.0,0.0
2025,Bay Area,549300RU0T31BIA8UR19,1,1105000.0,0,0.0,0,0.0,1,1105000.0,0.0
2025,Bay Area,549300RYWXR8TL5LIK35,41,22075000.0,0,0.0,0,0.0,41,22075000.0,0.0
2025,Bay Area,549300S5FVOSK5DQJN30,14,10170000.0,0,0.0,0,0.0,14,10170000.0,0.0
2025,Bay Area,549300S7EJRY2DY1UR88,1,1055000.0,0,0.0,0,0.0,1,1055000.0,0.0
2025,Bay Area,549300S8SHBRCI7UU819,8,7930000.0,0,0.0,0,0.0,8,7930000.0,0.0
2025,Bay Area,549300SBA6BX8HZZF585,45,41675000.0,0,0.0,0,0.0,45,41675000.0,0.0
2025,Bay Area,549300SCFWZXMDMZPE93,1,1055000.0,0,0.0,0,0.0,1,1055000.0,0.0
2025,Bay Area,549300SGD2RNJOEDDS24,9,6675000.0,0,0.0,0,0.0,9,6675000.0,0.0
2025,Bay Area,549300SI3EZ7U02L5E39,1,665000.0,0,0.0,0,0.0,1,665000.0,0.0
2025,Bay Area,549300SK2GVCQXPD4S58,207,127775000.0,0,0.0,0,0.0,207,127775000.0,0.0
2025,Bay Area,549300SUCQ1358EGVE89,12,4300000.0,0,0.0,0,0.0,12,4300000.0,0.0
2025,Bay Area,549300T3F9S1MKFKHC53,3,1815000.0,0,0.0,0,0.0,3,1815000.0,0.0
2025,Bay Area,549300T5QSL6MC8M4D04,4,2280000.0,0,0.0,0,0.0,4,2280000.0,0.0
2025,Bay Area,549300T61O0X0RJMQ375,9,6895000.0,0,0.0,0,0.0,9,6895000.0,0.0
2025,Bay Area,549300T7HRS5DVBUPQ06,17,10165000.0,0,0.0,0,0.0,17,10165000.0,0.0
2025,Bay Area,549300T94GSH3C4U5M59,85,84675000.0,0,0.0,0,0.0,85,84675000.0,0.0
2025,Bay Area,549300T9P3WXNMXX0I34,3,2985000.0,0,0.0,0,0.0,3,2985000.0,0.0
2025,Bay Area,549300TF1E42EUFBSL45,200,259230000.0,0,0.0,0,0.0,200,259230000.0,0.0
2025,Bay Area,549300TG5MQ8D4SYP955,1,615000.0,0,0.0,0,0.0,1,615000.0,0.0
2025,Bay Area,549300THBFHMP4WJ0323,2,850000.0,0,0.0,0,0.0,2,850000.0,0.0
2025,Bay Area,549300TK6RZQSFXZHV09,11,7945000.0,0,0.0,0,0.0,11,7945000.0,0.0
2025,Bay Area,549300TMY3OACQC9U777,16,14180000.0,0,0.0,0,0.0,16,14180000.0,0.0
2025,Bay Area,549300TTPRGSP8DGY569,1,1015000.0,0,0.0,0,0.0,1,1015000.0,0.0
2025,Bay Area,549300TUQC6OYE8A0Y96,1,805000.0,0,0.0,0,0.0,1,805000.0,0.0
2025,Bay Area,549300U3721PJGQZYY68,1016,912950000.0,0,0.0,0,0.0,1016,912950000.0,0.0
2025,Bay Area,549300U4FBW37LFHW771,1,1175000.0,0,0.0,0,0.0,1,1175000.0,0.0
2025,Bay Area,549300U7F7T8UG5AI038,10,8260000.0,0,0.0,0,0.0,10,8260000.0,0.0
2025,Bay Area,549300U7UH8QCS8WQ406,1,1385000.0,0,0.0,0,0.0,1,1385000.0,0.0
2025,Bay Area,549300UB5TJ0YPVPT503,176,119720000.0,0,0.0,0,0.0,176,119720000.0,0.0
2025,Bay Area,549300UF3FPC7U6RFC59,6,7520000.0,0,0.0,0,0.0,6,7520000.0,0.0
2025,Bay Area,549300UG7QXKM7KGV847,6,580000.0,0,0.0,0,0.0,6,580000.0,0.0
2025,Bay Area,549300UHEEV73TKCZY62,15,5775000.0,0,0.0,0,0.0,15,5775000.0,0.0
2025,Bay Area,549300UI36AJZ0WZ4U93,98,84110000.0,0,0.0,0,0.0,98,84110000.0,0.0
2025,Bay Area,549300UKYJZO6CZXIX60,1,1025000.0,0,0.0,0,0.0,1,1025000.0,0.0
2025,Bay Area,549300ULXKJUJDK2RQ54,1,735000.0,0,0.0,0,0.0,1,735000.0,0.0
2025,Bay Area,549300UM5S3HZLZHVP89,12,6950000.0,0,0.0,0,0.0,12,6950000.0,0.0
2025,Bay Area,549300UPB8ITF7B1GI03,3,1225000.0,0,0.0,0,0.0,3,1225000.0,0.0
2025,Bay Area,549300UR5AOWTJJ7KZ64,39,35535000.0,0,0.0,0,0.0,39,35535000.0,0.0
2025,Bay Area,549300US45HOXL30J494,4,4500000.0,0,0.0,0,0.0,4,4500000.0,0.0
2025,Bay Area,549300UT4EN6IH579Q63,23,12745000.0,0,0.0,0,0.0,23,12745000.0,0.0
2025,Bay Area,549300UVOSI4XZZGUE14,3,1095000.0,0,0.0,0,0.0,3,1095000.0,0.0
2025,Bay Area,549300UXY7OP0IC38293,32,23790000.0,0,0.0,0,0.0,32,23790000.0,0.0
2025,Bay Area,549300V3N91EH05UWL23,1,305000.0,0,0.0,0,0.0,1,305000.0,0.0
2025,Bay Area,549300V8CF81JGIV7038,1,1065000.0,0,0.0,0,0.0,1,1065000.0,0.0
2025,Bay Area,549300VCMRO4ST680C11,30,19220000.0,0,0.0,0,0.0,30,19220000.0,0.0
2025,Bay Area,549300VJQJVZKJBDWS17,1,455000.0,0,0.0,0,0.0,1,455000.0,0.0
2025,Bay Area,549300VMX06UV1F7NS76,6,2830000.0,0,0.0,0,0.0,6,2830000.0,0.0
2025,Bay Area,549300VORTI31GZTJL53,13,8535000.0,0,0.0,0,0.0,13,8535000.0,0.0
2025,Bay Area,549300VQUTI5IU7GXT57,50,30000000.0,0,0.0,0,0.0,50,30000000.0,0.0
2025,Bay Area,549300VRYDYOPWK5MO08,41,35655000.0,0,0.0,0,0.0,41,35655000.0,0.0
2025,Bay Area,549300VVH8HHFMWL8536,120,124030000.0,0,0.0,0,0.0,120,124030000.0,0.0
2025,Bay Area,549300VZVN841I2ILS84,2221,1914305000.0,0,0.0,0,0.0,2221,1914305000.0,0.0
2025,Bay Area,549300W0YBCUV18HSR42,59,61755000.0,0,0.0,0,0.0,59,61755000.0,0.0
2025,Bay Area,549300W1HU6IVVIEJ389,1,325000.0,0,0.0,0,0.0,1,325000.0,0.0
2025,Bay Area,549300W45D2J6BT4LX65,22,12470000.0,0,0.0,0,0.0,22,12470000.0,0.0
2025,Bay Area,549300W4FT4H1UWPGU95,1,435000.0,0,0.0,0,0.0,1,435000.0,0.0
2025,Bay Area,549300WJIJV987NXVC31,14,8220000.0,0,0.0,0,0.0,14,8220000.0,0.0
2025,Bay Area,549300WXO2FZYE7KAW26,2,1720000.0,0,0.0,0,0.0,2,1720000.0,0.0
2025,Bay Area,549300WYBPIWKK6SQC06,4,3870000.0,0,0.0,0,0.0,4,3870000.0,0.0
2025,Bay Area,549300XBOKNEE2CQJL92,9,5435000.0,0,0.0,0,0.0,9,5435000.0,0.0
2025,Bay Area,549300XCVBRR56D08F03,23,11345000.0,0,0.0,0,0.0,23,11345000.0,0.0
2025,Bay Area,549300XED7IBK9VVQH70,12,6900000.0,0,0.0,0,0.0,12,6900000.0,0.0
2025,Bay Area,549300XQVJ1XBNFA5536,115,23885000.0,0,0.0,0,0.0,115,23885000.0,0.0
2025,Bay Area,549300XR3B6372SESA46,27,11435000.0,0,0.0,0,0.0,27,11435000.0,0.0
2025,Bay Area,549300XRXBA38J60S618,5,4455000.0,0,0.0,0,0.0,5,4455000.0,0.0
2025,Bay Area,549300XWUSRVVOHPRY47,480,300820000.0,0,0.0,0,0.0,480,300820000.0,0.0
2025,Bay Area,549300XY701IELCE5Q08,165,123185000.0,0,0.0,0,0.0,165,123185000.0,0.0
2025,Bay Area,549300Y4BSP3BSFW7J29,3,3485000.0,0,0.0,0,0.0,3,3485000.0,0.0
2025,Bay Area,549300Y5Y88FQLI7VE83,40,44810000.0,0,0.0,0,0.0,40,44810000.0,0.0
2025,Bay Area,549300YAYQAARPBTRA72,2,1100000.0,0,0.0,0,0.0,2,1100000.0,0.0
2025,Bay Area,549300YD7XJM19TH5O82,24,18180000.0,0,0.0,0,0.0,24,18180000.0,0.0
2025,Bay Area,549300YIQ7S7Z8PIHE53,54,21050000.0,0,0.0,0,0.0,54,21050000.0,0.0
2025,Bay Area,549300YN94MOAVYW0F52,23,7715000.0,0,0.0,0,0.0,23,7715000.0,0.0
2025,Bay Area,549300YPSRX7HBRJSR08,12,7910000.0,0,0.0,0,0.0,12,7910000.0,0.0
2025,Bay Area,549300YS7PW1Y7DQZG40,1,755000.0,0,0.0,0,0.0,1,755000.0,0.0
2025,Bay Area,549300YT2WUQF1W74119,1,785000.0,0,0.0,0,0.0,1,785000.0,0.0
2025,Bay Area,549300YW2UBCMDRMBT48,1,705000.0,0,0.0,0,0.0,1,705000.0,0.0
2025,Bay Area,549300Z66NI4HM439O26,4,3140000.0,0,0.0,0,0.0,4,3140000.0,0.0
2025,Bay Area,549300ZBXINP1Y94CN02,5,2615000.0,0,0.0,0,0.0,5,2615000.0,0.0
2025,Bay Area,549300ZCR1XCLNEEI724,7,4225000.0,0,0.0,0,0.0,7,4225000.0,0.0
2025,Bay Area,549300ZIXM1VUXPG4D03,14,11080000.0,0,0.0,0,0.0,14,11080000.0,0.0
2025,Bay Area,549300ZJIC4LOLZH0M42,810,918870000.0,0,0.0,0,0.0,810,918870000.0,0.0
2025,Bay Area,549300ZPP46PTHQ2RF22,9,1845000.0,0,0.0,0,0.0,9,1845000.0,0.0
2025,Bay Area,549300ZPSJZO10ZAX556,12,11790000.0,0,0.0,0,0.0,12,11790000.0,0.0
2025,Bay Area,549300ZS1TR1B4LHX377,14,8950000.0,0,0.0,0,0.0,14,8950000.0,0.0
2025,Bay Area,549300ZWNETGFXTBBY03,9,5385000.0,0,0.0,0,0.0,9,5385000.0,0.0
2025,Bay Area,549300ZZME37MXI1EF14,17,10695000.0,0,0.0,0,0.0,17,10695000.0,0.0
2025,Bay Area,593C3GZG957YOJPS2Z63,401,623595000.0,0,0.0,0,0.0,401,623595000.0,0.0
2025,Bay Area,6BYL5QZYBDK8S7L73M02,3310,3989060000.0,0,0.0,0,0.0,3310,3989060000.0,0.0
2025,Bay Area,70WY0ID1N53Q4254VH70,23,19465000.0,0,0.0,0,0.0,23,19465000.0,0.0
2025,Bay Area,7H6GLXDRUGQFU57RNE97,3120,3612610000.0,0,0.0,0,0.0,3120,3612610000.0,0.0
2025,Bay Area,8945004XZN3PZQZJW178,25,20655000.0,0,0.0,0,0.0,25,20655000.0,0.0
2025,Bay Area,8WH0EE09O9V05QJZ3V89,142,154550000.0,0,0.0,0,0.0,142,154550000.0,0.0
2025,Bay Area,9845005BP6974AE5D838,19,11865000.0,0,0.0,0,0.0,19,11865000.0,0.0
2025,Bay Area,9845006YE04B346EC919,9,5145000.0,0,0.0,0,0.0,9,5145000.0,0.0
2025,Bay Area,9845007CY0EC0F59W414,29,24155000.0,0,0.0,0,0.0,29,24155000.0,0.0
2025,Bay Area,984500F03B9034CQB904,4,2720000.0,0,0.0,0,0.0,4,2720000.0,0.0
2025,Bay Area,984500F6E6940CCB6A60,25,28365000.0,0,0.0,0,0.0,25,28365000.0,0.0
2025,Bay Area,984500FAD1FB7FEGTE82,4,2760000.0,0,0.0,0,0.0,4,2760000.0,0.0
2025,Bay Area,984500P059VACEAAFA22,13,7835000.0,0,0.0,0,0.0,13,7835000.0,0.0
2025,Bay Area,984500U2F9A83N391A91,98,78710000.0,0,0.0,0,0.0,98,78710000.0,0.0
2025,Bay Area,AD6GFRVSDT01YPT1CS68,704,930970000.0,0,0.0,0,0.0,704,930970000.0,0.0
2025,Bay Area,B4TYDEB6GKMZO031MB27,3967,5272345000.0,0,0.0,0,0.0,3967,5272345000.0,0.0
2025,Bay Area,C398JSK21YCXWM603F55,90,79000000.0,0,0.0,0,0.0,90,79000000.0,0.0
2025,Bay Area,C5654JQHZUHN0772B561,33,22125000.0,0,0.0,0,0.0,33,22125000.0,0.0
2025,Bay Area,CKVBED0S4DMLKJJ5XH28,49,82945000.0,0,0.0,0,0.0,49,82945000.0,0.0
2025,Bay Area,COINQMNIM6RBU631DD85,2,1090000.0,0,0.0,0,0.0,2,1090000.0,0.0
2025,Bay Area,D38AC76TAMYI50NBPX33,2,1970000.0,0,0.0,0,0.0,2,1970000.0,0.0
2025,Bay Area,DRMSV1Q0EKMEXLAU1P80,117,300715000.0,0,0.0,0,0.0,117,300715000.0,0.0
2025,Bay Area,E57ODZWZ7FF32TWEFA76,2782,3767250000.0,0,0.0,0,0.0,2782,3767250000.0,0.0
2025,Bay Area,F28JOQ8OBWCFUYM0UX93,210,168780000.0,0,0.0,0,0.0,210,168780000.0,0.0
2025,Bay Area,FDXQ75GPEQKRPWABYN63,22,14810000.0,0,0.0,0,0.0,22,14810000.0,0.0
2025,Bay Area,FT6J43S06X6CLJ0R0B48,55,49065000.0,0,0.0,0,0.0,55,49065000.0,0.0
2025,Bay Area,FU7RSW4CQQY98A2O7J66,1,155000.0,0,0.0,0,0.0,1,155000.0,0.0
2025,Bay Area,GDN5JXQ4P5NZE28ZRC90,1,1015000.0,0,0.0,0,0.0,1,1015000.0,0.0
2025,Bay Area,HIDXEG9BLUJZKBGUT764,2,1720000.0,0,0.0,0,0.0,2,1720000.0,0.0
2025,Bay Area,HUX2X73FUCYHUVH1BK78,5,4145000.0,0,0.0,0,0.0,5,4145000.0,0.0
2025,Bay Area,IFQSIUC9AGQV2NE8CN25,54,42730000.0,0,0.0,0,0.0,54,42730000.0,0.0
2025,Bay Area,IUGPUX5LWRZ3B6KIZ697,203,124625000.0,0,0.0,0,0.0,203,124625000.0,0.0
2025,Bay Area,JJKC32MCHWDI71265Z06,11,9065000.0,0,0.0,0,0.0,11,9065000.0,0.0
2025,Bay Area,KB1H1DSPRFMYMCUFXT09,5317,7790435000.0,0,0.0,0,0.0,5317,7790435000.0,0.0
2025,Bay Area,KD3XUN7C6T14HNAYLU02,50,118380000.0,0,0.0,0,0.0,50,118380000.0,0.0
2025,Bay Area,L9VVX1KT5TFTKS0MLF66,176,161340000.0,0,0.0,0,0.0,176,161340000.0,0.0
2025,Bay Area,PAOOWF3GUFM46FBSP561,50,29370000.0,0,0.0,0,0.0,50,29370000.0,0.0
2025,Bay Area,Q708HHR4LD2B7XIZNO92,18,15180000.0,0,0.0,0,0.0,18,15180000.0,0.0
2025,Bay Area,QFROUN1UWUYU0DVIWD51,9,12445000.0,0,0.0,0,0.0,9,12445000.0,0.0
2025,Bay Area,RVDPPPGHCGZ40J4VQ731,1164,1040110000.0,0,0.0,0,0.0,1164,1040110000.0,0.0
2025,Bay Area,SS1TRMSN6BRNMOREEV51,180,174290000.0,0,0.0,0,0.0,180,174290000.0,0.0
2025,Bay Area,VNOO6EITDJ2YUEBMSZ83,1,2955000.0,0,0.0,0,0.0,1,2955000.0,0.0
2025,Bay Area,WE0I402RW25AU38DTI13,5,7385000.0,0,0.0,0,0.0,5,7385000.0,0.0
2025,Bay Area,WKN6AF1FCL7BBYGTGI83,4,2990000.0,0,0.0,0,0.0,4,2990000.0,0.0
2025,Bay Area,WWB2V0FCW3A0EE3ZJN75,21,19105000.0,0,0.0,0,0.0,21,19105000.0,0.0
2025,Bay Area,X05BVSK68TQ7YTOSNR22,3,575000.0,0,0.0,0,0.0,3,575000.0,0.0
2025,Bay Area,ZXMJHJK466PBZTM5F379,12,21030000.0,0,0.0,0,0.0,12,21030000.0,0.0
2025,Seattle/Puget Sound,01KWVG908KE7RKPTNP46,276,163050000.0,0,0.0,0,0.0,276,163050000.0,0.0
2025,Seattle/Puget Sound,1IE8VN30JCEQV1H4R804,322,389730000.0,0,0.0,0,0.0,322,389730000.0,0.0
2025,Seattle/Puget Sound,213800XR2TCBQJSF1X93,238,145700000.0,0,0.0,0,0.0,238,145700000.0,0.0
2025,Seattle/Puget Sound,25490018IFQOT83Q7H49,4,2090000.0,0,0.0,0,0.0,4,2090000.0,0.0
2025,Seattle/Puget Sound,2549001IK7UDPADKAG34,1,325000.0,0,0.0,0,0.0,1,325000.0,0.0
2025,Seattle/Puget Sound,2549001SI0EMFPT39035,421,208605000.0,0,0.0,0,0.0,421,208605000.0,0.0
2025,Seattle/Puget Sound,2549002VH9C0PKB8K153,11,10195000.0,0,0.0,0,0.0,11,10195000.0,0.0
2025,Seattle/Puget Sound,254900378RFGMBEKAF12,1,1205000.0,0,0.0,0,0.0,1,1205000.0,0.0
2025,Seattle/Puget Sound,2549004CU9LAM5CYA280,3,2105000.0,0,0.0,0,0.0,3,2105000.0,0.0
2025,Seattle/Puget Sound,2549004FXPNKCLIN8250,135,71345000.0,0,0.0,0,0.0,135,71345000.0,0.0
2025,Seattle/Puget Sound,2549004XJQQPBYQSMT39,5,1745000.0,0,0.0,0,0.0,5,1745000.0,0.0
2025,Seattle/Puget Sound,2549004Z576VEJBK3N72,15,9315000.0,0,0.0,0,0.0,15,9315000.0,0.0
2025,Seattle/Puget Sound,2549005K0ZG1MFV3R260,1,905000.0,0,0.0,0,0.0,1,905000.0,0.0
2025,Seattle/Puget Sound,2549005Q4HZ55QX7YC64,12,6350000.0,0,0.0,0,0.0,12,6350000.0,0.0
2025,Seattle/Puget Sound,2549005SIVTHG14U2905,72,46070000.0,0,0.0,0,0.0,72,46070000.0,0.0
2025,Seattle/Puget Sound,25490066WMF8ZMQXQB18,1,95000.0,0,0.0,0,0.0,1,95000.0,0.0
2025,Seattle/Puget Sound,2549007E9BI08H1N1T92,3,3105000.0,0,0.0,0,0.0,3,3105000.0,0.0
2025,Seattle/Puget Sound,2549007IU6SKFLLNKZ07,1,595000.0,0,0.0,0,0.0,1,595000.0,0.0
2025,Seattle/Puget Sound,2549007JZSAICH4GZJ60,1,495000.0,0,0.0,0,0.0,1,495000.0,0.0
2025,Seattle/Puget Sound,2549008GIE3QVYB2FT28,116,52800000.0,0,0.0,0,0.0,116,52800000.0,0.0
2025,Seattle/Puget Sound,2549008LK3474E9U2888,10,4000000.0,0,0.0,0,0.0,10,4000000.0,0.0
2025,Seattle/Puget Sound,2549008TT6UNYR7AXF54,47,27805000.0,0,0.0,0,0.0,47,27805000.0,0.0
2025,Seattle/Puget Sound,2549009X2AG1P20YAJ63,8,14620000.0,0,0.0,0,0.0,8,14620000.0,0.0
2025,Seattle/Puget Sound,254900BBEPZS8MDE1S61,1,405000.0,0,0.0,0,0.0,1,405000.0,0.0
2025,Seattle/Puget Sound,254900DTLHVWQ7NP7R34,420,244710000.0,0,0.0,0,0.0,420,244710000.0,0.0
2025,Seattle/Puget Sound,254900E6AIE4Z8YQM970,39,24245000.0,0,0.0,0,0.0,39,24245000.0,0.0
2025,Seattle/Puget Sound,254900EZRN0CBEP77K34,3,1515000.0,0,0.0,0,0.0,3,1515000.0,0.0
2025,Seattle/Puget Sound,254900FFZUXK3B729T97,1,455000.0,0,0.0,0,0.0,1,455000.0,0.0
2025,Seattle/Puget Sound,254900HA4DQWAE0W3342,24,17280000.0,0,0.0,0,0.0,24,17280000.0,0.0
2025,Seattle/Puget Sound,254900HEJ9F73IMPX887,59,39255000.0,0,0.0,0,0.0,59,39255000.0,0.0
2025,Seattle/Puget Sound,254900HIDMT4ZG09RP47,4,2700000.0,0,0.0,0,0.0,4,2700000.0,0.0
2025,Seattle/Puget Sound,254900HO9WPE4LTLQU96,4,1540000.0,0,0.0,0,0.0,4,1540000.0,0.0
2025,Seattle/Puget Sound,254900I68BOSEM149Q58,2,990000.0,0,0.0,0,0.0,2,990000.0,0.0
2025,Seattle/Puget Sound,254900IEGKUDRDS23V26,26,15120000.0,4,2100000.0,0,0.0,22,13020000.0,15.384615384615385
2025,Seattle/Puget Sound,254900IHSG9OOX0DZH92,6,2030000.0,0,0.0,0,0.0,6,2030000.0,0.0
2025,Seattle/Puget Sound,254900IRE136HFEI2562,1,2585000.0,0,0.0,0,0.0,1,2585000.0,0.0
2025,Seattle/Puget Sound,254900J2RKTTDJSUWD76,1,525000.0,0,0.0,0,0.0,1,525000.0,0.0
2025,Seattle/Puget Sound,254900JH11ROOV921P96,14,6750000.0,0,0.0,0,0.0,14,6750000.0,0.0
2025,Seattle/Puget Sound,254900JZN2V0PWFMW808,2,1290000.0,0,0.0,0,0.0,2,1290000.0,0.0
2025,Seattle/Puget Sound,254900LNRKOG7TRURB32,4,2510000.0,0,0.0,0,0.0,4,2510000.0,0.0
2025,Seattle/Puget Sound,254900LTD432L5CHIZ48,12,8040000.0,0,0.0,0,0.0,12,8040000.0,0.0
2025,Seattle/Puget Sound,254900MKY47WU65N1J56,80,49890000.0,0,0.0,0,0.0,80,49890000.0,0.0
2025,Seattle/Puget Sound,254900N49YI2HHKDPS92,2,1020000.0,0,0.0,0,0.0,2,1020000.0,0.0
2025,Seattle/Puget Sound,254900NZOY3XB2DNSZ34,2,1100000.0,0,0.0,0,0.0,2,1100000.0,0.0
2025,Seattle/Puget Sound,254900O28OG3UMHXQY81,23,14235000.0,0,0.0,0,0.0,23,14235000.0,0.0
2025,Seattle/Puget Sound,254900P7WLDQD9IUL038,15,18605000.0,0,0.0,0,0.0,15,18605000.0,0.0
2025,Seattle/Puget Sound,254900QNIR86GUIRYH95,6,5010000.0,0,0.0,0,0.0,6,5010000.0,0.0
2025,Seattle/Puget Sound,254900QPRPHIXEAX3L37,41,14115000.0,0,0.0,0,0.0,41,14115000.0,0.0
2025,Seattle/Puget Sound,254900QRD0ZXHH08TX87,2,1320000.0,0,0.0,0,0.0,2,1320000.0,0.0
2025,Seattle/Puget Sound,254900R9A6TW85BTVS20,31,14725000.0,0,0.0,0,0.0,31,14725000.0,0.0
2025,Seattle/Puget Sound,254900RFZH9I62FGU045,8,3700000.0,0,0.0,0,0.0,8,3700000.0,0.0
2025,Seattle/Puget Sound,254900RM3T6WAVE6SA24,2,1310000.0,0,0.0,0,0.0,2,1310000.0,0.0
2025,Seattle/Puget Sound,254900RNV63A0TIZNK90,1,275000.0,0,0.0,0,0.0,1,275000.0,0.0
2025,Seattle/Puget Sound,254900RQX8N4HXJIDK44,3,1745000.0,0,0.0,0,0.0,3,1745000.0,0.0
2025,Seattle/Puget Sound,254900T37KTTXKCK3416,2,1100000.0,0,0.0,0,0.0,2,1100000.0,0.0
2025,Seattle/Puget Sound,254900TG14TB8RKS3U42,37,22315000.0,0,0.0,0,0.0,37,22315000.0,0.0
2025,Seattle/Puget Sound,254900TTZ395IC926125,64,33950000.0,0,0.0,0,0.0,64,33950000.0,0.0
2025,Seattle/Puget Sound,254900U2ZPLWQTSD3158,1,465000.0,0,0.0,0,0.0,1,465000.0,0.0
2025,Seattle/Puget Sound,254900V6GCDMRQZ34D96,5,2515000.0,0,0.0,0,0.0,5,2515000.0,0.0
2025,Seattle/Puget Sound,254900VELJPWWT51WN03,241,143595000.0,0,0.0,0,0.0,241,143595000.0,0.0
2025,Seattle/Puget Sound,254900VHUBSJJKOMBF27,3,1295000.0,0,0.0,0,0.0,3,1295000.0,0.0
2025,Seattle/Puget Sound,254900VX7NAZSPBPUE16,1,775000.0,0,0.0,0,0.0,1,775000.0,0.0
2025,Seattle/Puget Sound,254900WEP08K7U7S3A80,16,6340000.0,0,0.0,0,0.0,16,6340000.0,0.0
2025,Seattle/Puget Sound,254900WTZC5SSKIN2M11,59,24635000.0,0,0.0,0,0.0,59,24635000.0,0.0
2025,Seattle/Puget Sound,254900YPPMV9UM5FUW09,1,725000.0,0,0.0,0,0.0,1,725000.0,0.0
2025,Seattle/Puget Sound,254900YZ174H294JW398,172,128990000.0,0,0.0,0,0.0,172,128990000.0,0.0
2025,Seattle/Puget Sound,254900Z8J5L9POS71X51,1,345000.0,0,0.0,0,0.0,1,345000.0,0.0
2025,Seattle/Puget Sound,254900ZFWS2106HWPH46,389,220015000.0,0,0.0,0,0.0,389,220015000.0,0.0
2025,Seattle/Puget Sound,2WHM8VNJH63UN14OL754,37,42135000.0,0,0.0,0,0.0,37,42135000.0,0.0
2025,Seattle/Puget Sound,337KMNHEWWWR6B7Q7W10,2,7170000.0,0,0.0,0,0.0,2,7170000.0,0.0
2025,Seattle/Puget Sound,3Y4U8VZURTYWI1W2K376,76,92940000.0,0,0.0,0,0.0,76,92940000.0,0.0
2025,Seattle/Puget Sound,4EP6JBYBTPTQ47LZOB67,9,12225000.0,0,0.0,0,0.0,9,12225000.0,0.0
2025,Seattle/Puget Sound,54930001NSTOD85LT125,55,38985000.0,0,0.0,0,0.0,55,38985000.0,0.0
2025,Seattle/Puget Sound,54930002O9LLXKR6TF11,7,2955000.0,0,0.0,0,0.0,7,2955000.0,0.0
2025,Seattle/Puget Sound,5493000349C5XXDRQX28,33,21335000.0,0,0.0,0,0.0,33,21335000.0,0.0
2025,Seattle/Puget Sound,54930007KK7ZS3IJVC25,9,4435000.0,0,0.0,0,0.0,9,4435000.0,0.0
2025,Seattle/Puget Sound,5493000BAKE4VAHVCU55,19,11355000.0,0,0.0,0,0.0,19,11355000.0,0.0
2025,Seattle/Puget Sound,5493000D6RXLNBZQYA47,1,305000.0,0,0.0,0,0.0,1,305000.0,0.0
2025,Seattle/Puget Sound,5493000EUC3MM52PJV85,19,20185000.0,0,0.0,0,0.0,19,20185000.0,0.0
2025,Seattle/Puget Sound,5493000FWM3I2HHQY149,230,93650000.0,0,0.0,0,0.0,230,93650000.0,0.0
2025,Seattle/Puget Sound,5493000H6DFDDJRORG89,11,5195000.0,0,0.0,0,0.0,11,5195000.0,0.0
2025,Seattle/Puget Sound,5493000IIYWBLONJVJ30,13,7085000.0,0,0.0,0,0.0,13,7085000.0,0.0
2025,Seattle/Puget Sound,5493000JFVFQFL816N45,1,1555000.0,0,0.0,0,0.0,1,1555000.0,0.0
2025,Seattle/Puget Sound,5493000NYUJT9UC6G261,86,48300000.0,0,0.0,0,0.0,86,48300000.0,0.0
2025,Seattle/Puget Sound,5493000OIGWIS24A1547,13,11585000.0,0,0.0,0,0.0,13,11585000.0,0.0
2025,Seattle/Puget Sound,5493000OM9RKJW8W5K82,11,6955000.0,0,0.0,0,0.0,11,6955000.0,0.0
2025,Seattle/Puget Sound,5493000OOREHUZON5E13,1,705000.0,0,0.0,0,0.0,1,705000.0,0.0
2025,Seattle/Puget Sound,5493000WAJ1FMTFL5D75,1,585000.0,0,0.0,0,0.0,1,585000.0,0.0
2025,Seattle/Puget Sound,5493000XC2Y1SLXRQP11,2,910000.0,0,0.0,0,0.0,2,910000.0,0.0
2025,Seattle/Puget Sound,5493000YNV8IX4VD3X12,5,765000.0,0,0.0,0,0.0,5,765000.0,0.0
2025,Seattle/Puget Sound,549300121SF0K2LN2804,147,79755000.0,0,0.0,0,0.0,147,79755000.0,0.0
2025,Seattle/Puget Sound,54930016ZSB1QWXLRJ13,1,765000.0,0,0.0,0,0.0,1,765000.0,0.0
2025,Seattle/Puget Sound,5493001B4U37VT2ML818,33,16115000.0,0,0.0,0,0.0,33,16115000.0,0.0
2025,Seattle/Puget Sound,5493001GAASLCSP1PB64,22,5840000.0,0,0.0,0,0.0,22,5840000.0,0.0
2025,Seattle/Puget Sound,5493001GCBD5XGNIC815,5,6385000.0,0,0.0,0,0.0,5,6385000.0,0.0
2025,Seattle/Puget Sound,5493001GDRY0EL7VG372,29,18235000.0,0,0.0,0,0.0,29,18235000.0,0.0
2025,Seattle/Puget Sound,5493001HHBUTXHS7TZ96,207,134475000.0,0,0.0,0,0.0,207,134475000.0,0.0
2025,Seattle/Puget Sound,5493001JT9MT3Z3Y3M39,7,5655000.0,0,0.0,0,0.0,7,5655000.0,0.0
2025,Seattle/Puget Sound,5493001K7B4W8IPMZ254,2,980000.0,0,0.0,0,0.0,2,980000.0,0.0
2025,Seattle/Puget Sound,5493001PXRJMPLXPG540,15,8865000.0,0,0.0,0,0.0,15,8865000.0,0.0
2025,Seattle/Puget Sound,5493001SXWZ4OFP8Z903,735,494385000.0,0,0.0,0,0.0,735,494385000.0,0.0
2025,Seattle/Puget Sound,5493001VH4ZJNSI25781,15,10635000.0,0,0.0,0,0.0,15,10635000.0,0.0
2025,Seattle/Puget Sound,5493001WHVQBGRSWEU75,30,16960000.0,0,0.0,0,0.0,30,16960000.0,0.0
2025,Seattle/Puget Sound,5493001X0T84TYRJ5Y59,6,5280000.0,0,0.0,0,0.0,6,5280000.0,0.0
2025,Seattle/Puget Sound,5493001XKL0FTNOJ0866,43,24505000.0,0,0.0,0,0.0,43,24505000.0,0.0
2025,Seattle/Puget Sound,5493001YIUWLFRXQUO81,1,715000.0,0,0.0,0,0.0,1,715000.0,0.0
2025,Seattle/Puget Sound,54930021DZJ9CEN11D61,3,1615000.0,0,0.0,0,0.0,3,1615000.0,0.0
2025,Seattle/Puget Sound,54930021QRU8VXNS6152,133,64365000.0,0,0.0,0,0.0,133,64365000.0,0.0
2025,Seattle/Puget Sound,54930021WPEXNHYZUL09,156,83150000.0,0,0.0,0,0.0,156,83150000.0,0.0
2025,Seattle/Puget Sound,54930022CQGV47Q8PM03,7,2825000.0,0,0.0,0,0.0,7,2825000.0,0.0
2025,Seattle/Puget Sound,54930025XJJO3T0M1A92,6,3670000.0,0,0.0,0,0.0,6,3670000.0,0.0
2025,Seattle/Puget Sound,54930028J11BWKUVGX50,23,12085000.0,0,0.0,0,0.0,23,12085000.0,0.0
2025,Seattle/Puget Sound,5493002B2WMHY23GFK92,72,33160000.0,0,0.0,0,0.0,72,33160000.0,0.0
2025,Seattle/Puget Sound,5493002G4JO4BZ22MC13,4,2730000.0,0,0.0,0,0.0,4,2730000.0,0.0
2025,Seattle/Puget Sound,5493002GI63WHHUTUD85,14,9750000.0,0,0.0,0,0.0,14,9750000.0,0.0
2025,Seattle/Puget Sound,5493002QI2ILHHZH8D20,264,159040000.0,0,0.0,0,0.0,264,159040000.0,0.0
2025,Seattle/Puget Sound,5493002QRULT2T40BH09,2,1680000.0,0,0.0,0,0.0,2,1680000.0,0.0
2025,Seattle/Puget Sound,5493002TJKC8NLH1ZP82,13,7495000.0,0,0.0,0,0.0,13,7495000.0,0.0
2025,Seattle/Puget Sound,5493002WVA17MT4UFH84,1,1205000.0,0,0.0,0,0.0,1,1205000.0,0.0
2025,Seattle/Puget Sound,5493002Y5XYV7DV1ZV88,89,47145000.0,0,0.0,0,0.0,89,47145000.0,0.0
2025,Seattle/Puget Sound,54930030S6J5KOL5LJ73,4,3530000.0,0,0.0,0,0.0,4,3530000.0,0.0
2025,Seattle/Puget Sound,54930030Z1JWTP3SVD16,11,4965000.0,0,0.0,0,0.0,11,4965000.0,0.0
2025,Seattle/Puget Sound,549300323EON4W3CCM44,119,66705000.0,0,0.0,0,0.0,119,66705000.0,0.0
2025,Seattle/Puget Sound,54930034MNPILHP25H80,2,1210000.0,0,0.0,0,0.0,2,1210000.0,0.0
2025,Seattle/Puget Sound,549300370QILXLFUWD20,244,130310000.0,0,0.0,0,0.0,244,130310000.0,0.0
2025,Seattle/Puget Sound,54930039IUN6515TBG78,1,605000.0,0,0.0,0,0.0,1,605000.0,0.0
2025,Seattle/Puget Sound,5493003B2LEGQHDWRN55,1,715000.0,0,0.0,0,0.0,1,715000.0,0.0
2025,Seattle/Puget Sound,5493003GQDUH26DNNH17,611,323795000.0,0,0.0,0,0.0,611,323795000.0,0.0
2025,Seattle/Puget Sound,5493003NV9L53LK1XI52,5,3215000.0,0,0.0,0,0.0,5,3215000.0,0.0
2025,Seattle/Puget Sound,5493003Q3L1PO9NBVK64,26,15500000.0,0,0.0,0,0.0,26,15500000.0,0.0
2025,Seattle/Puget Sound,5493003T5D4N1CM46J77,498,321900000.0,0,0.0,0,0.0,498,321900000.0,0.0
2025,Seattle/Puget Sound,5493003V40VGM7YDFM54,10,7610000.0,0,0.0,0,0.0,10,7610000.0,0.0
2025,Seattle/Puget Sound,5493003X6Y6JGJKHPA25,1,455000.0,0,0.0,0,0.0,1,455000.0,0.0
2025,Seattle/Puget Sound,54930043BMDE130FJ617,385,221785000.0,0,0.0,0,0.0,385,221785000.0,0.0
2025,Seattle/Puget Sound,54930048P8RWCQHQM310,10,8100000.0,0,0.0,0,0.0,10,8100000.0,0.0
2025,Seattle/Puget Sound,54930049L5WINET09Q97,80,37520000.0,0,0.0,0,0.0,80,37520000.0,0.0
2025,Seattle/Puget Sound,5493004AS1SPBQOFDR49,29,27995000.0,0,0.0,0,0.0,29,27995000.0,0.0
2025,Seattle/Puget Sound,5493004F7BXDIUFVPV87,5,4785000.0,0,0.0,0,0.0,5,4785000.0,0.0
2025,Seattle/Puget Sound,5493004RLLKTQS8K7U51,3,1885000.0,0,0.0,0,0.0,3,1885000.0,0.0
2025,Seattle/Puget Sound,5493004T9SQFCNRQ2L76,3,2245000.0,0,0.0,0,0.0,3,2245000.0,0.0
2025,Seattle/Puget Sound,5493004UNRG4PWDF2K60,2,1600000.0,0,0.0,0,0.0,2,1600000.0,0.0
2025,Seattle/Puget Sound,5493004WMLN60ZJ2ON46,156,83800000.0,0,0.0,0,0.0,156,83800000.0,0.0
2025,Seattle/Puget Sound,54930052M48FOD3CWA54,22,13490000.0,0,0.0,0,0.0,22,13490000.0,0.0
2025,Seattle/Puget Sound,54930054ET8KM4O1D485,88,56110000.0,0,0.0,0,0.0,88,56110000.0,0.0
2025,Seattle/Puget Sound,54930059GZZ7G4G40O53,1,575000.0,0,0.0,0,0.0,1,575000.0,0.0
2025,Seattle/Puget Sound,5493005DKMV1IHIM8E20,1,995000.0,0,0.0,0,0.0,1,995000.0,0.0
2025,Seattle/Puget Sound,5493005ICQ3QGEIWV618,7,3065000.0,0,0.0,0,0.0,7,3065000.0,0.0
2025,Seattle/Puget Sound,5493005JPZ3LXXMB0S24,8,6880000.0,0,0.0,0,0.0,8,6880000.0,0.0
2025,Seattle/Puget Sound,5493005PKOSG7MYX0B34,92,52040000.0,0,0.0,0,0.0,92,52040000.0,0.0
2025,Seattle/Puget Sound,54930060G4MDPWHISD89,1161,641755000.0,0,0.0,0,0.0,1161,641755000.0,0.0
2025,Seattle/Puget Sound,5493006HFDG31YJ3MM36,2,730000.0,0,0.0,0,0.0,2,730000.0,0.0
2025,Seattle/Puget Sound,5493006KQF5UKZ3Y9N07,1,585000.0,0,0.0,0,0.0,1,585000.0,0.0
2025,Seattle/Puget Sound,5493006KXUHSYFT7SD10,2,1160000.0,0,0.0,0,0.0,2,1160000.0,0.0
2025,Seattle/Puget Sound,5493006P5IHSK77SZ855,4,1590000.0,0,0.0,0,0.0,4,1590000.0,0.0
2025,Seattle/Puget Sound,5493006RIR31ORKYB608,5,2955000.0,0,0.0,0,0.0,5,2955000.0,0.0
2025,Seattle/Puget Sound,5493006S869XKIESMV41,3,1615000.0,0,0.0,0,0.0,3,1615000.0,0.0
2025,Seattle/Puget Sound,549300748YYU6VG08N83,6,3490000.0,0,0.0,0,0.0,6,3490000.0,0.0
2025,Seattle/Puget Sound,54930078TNN7GKZ7NU89,9,4795000.0,0,0.0,0,0.0,9,4795000.0,0.0
2025,Seattle/Puget Sound,5493007CLWQN2S6IZK91,31,16355000.0,0,0.0,0,0.0,31,16355000.0,0.0
2025,Seattle/Puget Sound,5493007L4GYNO2PUBS09,61,42205000.0,0,0.0,0,0.0,61,42205000.0,0.0
2025,Seattle/Puget Sound,5493007QERYQSQ3QNH02,21,9555000.0,0,0.0,0,0.0,21,9555000.0,0.0
2025,Seattle/Puget Sound,5493007VW2EU20PZYU97,199,123515000.0,0,0.0,0,0.0,199,123515000.0,0.0
2025,Seattle/Puget Sound,5493007WZXR2YE227I23,1,685000.0,0,0.0,0,0.0,1,685000.0,0.0
2025,Seattle/Puget Sound,54930083D8Q8RK84Y448,23,12865000.0,0,0.0,0,0.0,23,12865000.0,0.0
2025,Seattle/Puget Sound,5493008CPTDVOS570626,8,2470000.0,0,0.0,0,0.0,8,2470000.0,0.0
2025,Seattle/Puget Sound,5493008E4KBJCB6UKR64,2,920000.0,0,0.0,0,0.0,2,920000.0,0.0
2025,Seattle/Puget Sound,5493008JECR4UE0WVR04,10,4940000.0,0,0.0,0,0.0,10,4940000.0,0.0
2025,Seattle/Puget Sound,5493008JUW0FLRMO0W64,1,705000.0,0,0.0,0,0.0,1,705000.0,0.0
2025,Seattle/Puget Sound,5493008NWHQT1R22C024,100,65400000.0,0,0.0,0,0.0,100,65400000.0,0.0
2025,Seattle/Puget Sound,5493008P6YO2KM3EO556,2,1690000.0,0,0.0,0,0.0,2,1690000.0,0.0
2025,Seattle/Puget Sound,5493008VVXQIDO1EZ460,9,4385000.0,0,0.0,0,0.0,9,4385000.0,0.0
2025,Seattle/Puget Sound,5493008ZTV4S0W9DCX64,13,6745000.0,0,0.0,0,0.0,13,6745000.0,0.0
2025,Seattle/Puget Sound,54930091CYUK2SDZ6D37,3,1605000.0,0,0.0,0,0.0,3,1605000.0,0.0
2025,Seattle/Puget Sound,54930095UWUUXAWASB02,2,1460000.0,0,0.0,0,0.0,2,1460000.0,0.0
2025,Seattle/Puget Sound,5493009B17HXCVXTD608,58,36140000.0,0,0.0,0,0.0,58,36140000.0,0.0
2025,Seattle/Puget Sound,5493009BD405QQTMXO12,82,60020000.0,0,0.0,0,0.0,82,60020000.0,0.0
2025,Seattle/Puget Sound,5493009D2COWW65B8673,1,335000.0,0,0.0,0,0.0,1,335000.0,0.0
2025,Seattle/Puget Sound,5493009HUMWCHFRDKF12,639,413775000.0,0,0.0,0,0.0,639,413775000.0,0.0
2025,Seattle/Puget Sound,5493009PLGT79KQ6HO15,1,485000.0,0,0.0,0,0.0,1,485000.0,0.0
2025,Seattle/Puget Sound,5493009QB0KBU5M6NP90,28,20930000.0,0,0.0,0,0.0,28,20930000.0,0.0
2025,Seattle/Puget Sound,5493009Y8ROUG903AQ21,6,4820000.0,0,0.0,0,0.0,6,4820000.0,0.0
2025,Seattle/Puget Sound,549300A5HHOL2ED18C72,10,7480000.0,0,0.0,0,0.0,10,7480000.0,0.0
2025,Seattle/Puget Sound,549300A68YW07V5R5G22,8,11050000.0,0,0.0,0,0.0,8,11050000.0,0.0
2025,Seattle/Puget Sound,549300AENO88GEUWCZ39,20,10350000.0,0,0.0,0,0.0,20,10350000.0,0.0
2025,Seattle/Puget Sound,549300AG10BX85DF5S49,178,88660000.0,0,0.0,0,0.0,178,88660000.0,0.0
2025,Seattle/Puget Sound,549300AG64NHILB7ZP05,788,508560000.0,0,0.0,0,0.0,788,508560000.0,0.0
2025,Seattle/Puget Sound,549300ALNLUNS3Y53T24,21,8255000.0,0,0.0,0,0.0,21,8255000.0,0.0
2025,Seattle/Puget Sound,549300ANF834QIIFUE57,1,605000.0,0,0.0,0,0.0,1,605000.0,0.0
2025,Seattle/Puget Sound,549300AQ3T62GXDU7D76,2309,1314115000.0,0,0.0,0,0.0,2309,1314115000.0,0.0
2025,Seattle/Puget Sound,549300AT7EB9FJAF0E61,3,1575000.0,0,0.0,0,0.0,3,1575000.0,0.0
2025,Seattle/Puget Sound,549300B0HNWBV7RX2661,1,645000.0,0,0.0,0,0.0,1,645000.0,0.0
2025,Seattle/Puget Sound,549300B4IYL7TZT8FA34,143,76985000.0,0,0.0,0,0.0,143,76985000.0,0.0
2025,Seattle/Puget Sound,549300BBKMRS6J0CB539,1,435000.0,0,0.0,0,0.0,1,435000.0,0.0
2025,Seattle/Puget Sound,549300BEFX6JRSCS5N78,1,425000.0,0,0.0,0,0.0,1,425000.0,0.0
2025,Seattle/Puget Sound,549300BLL6VL7AXWYP56,135,63545000.0,0,0.0,0,0.0,135,63545000.0,0.0
2025,Seattle/Puget Sound,549300BOXNV8VLRBDT24,19,8655000.0,0,0.0,0,0.0,19,8655000.0,0.0
2025,Seattle/Puget Sound,549300BX448ALT10FI43,110,58590000.0,0,0.0,0,0.0,110,58590000.0,0.0
2025,Seattle/Puget Sound,549300BXWU32AYWT1A56,22,12880000.0,0,0.0,0,0.0,22,12880000.0,0.0
2025,Seattle/Puget Sound,549300C04BJ0G297NC13,2,790000.0,0,0.0,0,0.0,2,790000.0,0.0
2025,Seattle/Puget Sound,549300C1ICNCM0V37Y02,2,1510000.0,0,0.0,0,0.0,2,1510000.0,0.0
2025,Seattle/Puget Sound,549300C20KZIWPASBC15,11,5615000.0,0,0.0,0,0.0,11,5615000.0,0.0
2025,Seattle/Puget Sound,549300C232ZWY1I57C16,1,715000.0,0,0.0,0,0.0,1,715000.0,0.0
2025,Seattle/Puget Sound,549300C4J510S9L1RF98,1,1085000.0,0,0.0,0,0.0,1,1085000.0,0.0
2025,Seattle/Puget Sound,549300C4RD3C53QCM649,1,525000.0,0,0.0,0,0.0,1,525000.0,0.0
2025,Seattle/Puget Sound,549300CB67L6KPJLHE19,268,34810000.0,0,0.0,0,0.0,268,34810000.0,0.0
2025,Seattle/Puget Sound,549300CK7U1WMTIG6687,2,2420000.0,0,0.0,0,0.0,2,2420000.0,0.0
2025,Seattle/Puget Sound,549300CLRXFVF83ZL806,7,3355000.0,0,0.0,0,0.0,7,3355000.0,0.0
2025,Seattle/Puget Sound,549300CM7HYHZ1MEJ624,1,105000.0,0,0.0,0,0.0,1,105000.0,0.0
2025,Seattle/Puget Sound,549300COIWXM618UBE82,1,495000.0,0,0.0,0,0.0,1,495000.0,0.0
2025,Seattle/Puget Sound,549300CP7747DCRW6U68,1,545000.0,0,0.0,0,0.0,1,545000.0,0.0
2025,Seattle/Puget Sound,549300CY7WNAHKHYSJ73,730,500640000.0,0,0.0,0,0.0,730,500640000.0,0.0
2025,Seattle/Puget Sound,549300D2OYT7VTDY6Z20,1,325000.0,0,0.0,0,0.0,1,325000.0,0.0
2025,Seattle/Puget Sound,549300D3LYUX1NJVC329,1,965000.0,0,0.0,0,0.0,1,965000.0,0.0
2025,Seattle/Puget Sound,549300DCGBXW5FJMV921,63,37085000.0,0,0.0,0,0.0,63,37085000.0,0.0
2025,Seattle/Puget Sound,549300DD4R4SYK5RAQ92,3332,2033020000.0,0,0.0,0,0.0,3332,2033020000.0,0.0
2025,Seattle/Puget Sound,549300DD5QQUHO6PCH70,791,417115000.0,0,0.0,0,0.0,791,417115000.0,0.0
2025,Seattle/Puget Sound,549300DK7QID2ZON6Q55,430,343340000.0,0,0.0,0,0.0,430,343340000.0,0.0
2025,Seattle/Puget Sound,549300DMHEHNYZ2OLB41,1,545000.0,0,0.0,0,0.0,1,545000.0,0.0
2025,Seattle/Puget Sound,549300DMYENRV818D594,1,655000.0,0,0.0,0,0.0,1,655000.0,0.0
2025,Seattle/Puget Sound,549300DNWSJUNAWUM003,7,4415000.0,0,0.0,0,0.0,7,4415000.0,0.0
2025,Seattle/Puget Sound,549300DT7WZ1SOTNFJ62,1,435000.0,0,0.0,0,0.0,1,435000.0,0.0
2025,Seattle/Puget Sound,549300E2UX99HKDBR481,691,391715000.0,0,0.0,0,0.0,691,391715000.0,0.0
2025,Seattle/Puget Sound,549300E4YLQ3BVQ4GW30,6,7560000.0,0,0.0,0,0.0,6,7560000.0,0.0
2025,Seattle/Puget Sound,549300EHWBP6UP4Y8J37,1,665000.0,0,0.0,0,0.0,1,665000.0,0.0
2025,Seattle/Puget Sound,549300EKFFG3BU8DNX74,66,70520000.0,0,0.0,0,0.0,66,70520000.0,0.0
2025,Seattle/Puget Sound,549300ELLMUEKP1JHB70,1,265000.0,0,0.0,0,0.0,1,265000.0,0.0
2025,Seattle/Puget Sound,549300ELXS6PBT8OEE44,1,525000.0,0,0.0,0,0.0,1,525000.0,0.0
2025,Seattle/Puget Sound,549300ESRQ6OLBB56N04,7,4205000.0,0,0.0,0,0.0,7,4205000.0,0.0
2025,Seattle/Puget Sound,549300F570XAWYN8Z237,13,7375000.0,0,0.0,0,0.0,13,7375000.0,0.0
2025,Seattle/Puget Sound,549300F6NSBOJBM9ED39,13,10295000.0,0,0.0,0,0.0,13,10295000.0,0.0
2025,Seattle/Puget Sound,549300F6Y1YO2YXN6135,10,9400000.0,0,0.0,0,0.0,10,9400000.0,0.0
2025,Seattle/Puget Sound,549300F8C5JA44WNMI75,8,3520000.0,0,0.0,0,0.0,8,3520000.0,0.0
2025,Seattle/Puget Sound,549300FGXN1K3HLB1R50,4022,2208000000.0,0,0.0,0,0.0,4022,2208000000.0,0.0
2025,Seattle/Puget Sound,549300FK3AFCFVAPH234,17,12755000.0,0,0.0,0,0.0,17,12755000.0,0.0
2025,Seattle/Puget Sound,549300FNXYY540N23N64,1420,832590000.0,0,0.0,0,0.0,1420,832590000.0,0.0
2025,Seattle/Puget Sound,549300FVD3YHE65PKH97,2,830000.0,0,0.0,0,0.0,2,830000.0,0.0
2025,Seattle/Puget Sound,549300FWQNRPTKXB8G79,6,3530000.0,0,0.0,0,0.0,6,3530000.0,0.0
2025,Seattle/Puget Sound,549300FX7K8PTEQUU487,35,18755000.0,0,0.0,0,0.0,35,18755000.0,0.0
2025,Seattle/Puget Sound,549300G4ESSS6M0MEG51,740,595850000.0,0,0.0,0,0.0,740,595850000.0,0.0
2025,Seattle/Puget Sound,549300G5DVGM0ZHRQC33,1,315000.0,0,0.0,0,0.0,1,315000.0,0.0
2025,Seattle/Puget Sound,549300G5ZQEXZC4Y5G44,1,1455000.0,0,0.0,0,0.0,1,1455000.0,0.0
2025,Seattle/Puget Sound,549300GE8KIGZVQV1223,2,1700000.0,0,0.0,0,0.0,2,1700000.0,0.0
2025,Seattle/Puget Sound,549300GKFNPRWNS0GF29,2196,1444230000.0,0,0.0,0,0.0,2196,1444230000.0,0.0
2025,Seattle/Puget Sound,549300GQDT484LGI9C04,20,10570000.0,0,0.0,0,0.0,20,10570000.0,0.0
2025,Seattle/Puget Sound,549300GRGZDEH4ZGQS06,14,7550000.0,0,0.0,0,0.0,14,7550000.0,0.0
2025,Seattle/Puget Sound,549300GS0W0TEUQS8571,175,225495000.0,0,0.0,0,0.0,175,225495000.0,0.0
2025,Seattle/Puget Sound,549300GS6ONO04ORI292,1,645000.0,0,0.0,0,0.0,1,645000.0,0.0
2025,Seattle/Puget Sound,549300GTVXJ2PGXNLM73,131,66055000.0,0,0.0,0,0.0,131,66055000.0,0.0
2025,Seattle/Puget Sound,549300GWD9H4FQ2VR805,73,86855000.0,0,0.0,0,0.0,73,86855000.0,0.0
2025,Seattle/Puget Sound,549300H3IZO24NSOO931,438,268140000.0,0,0.0,0,0.0,438,268140000.0,0.0
2025,Seattle/Puget Sound,549300HCNXMTNGIMAR91,21,21575000.0,0,0.0,0,0.0,21,21575000.0,0.0
2025,Seattle/Puget Sound,549300HIVO8XPBPNVG69,205,107505000.0,0,0.0,0,0.0,205,107505000.0,0.0
2025,Seattle/Puget Sound,549300HRLROF7PLJ6735,21,19235000.0,0,0.0,0,0.0,21,19235000.0,0.0
2025,Seattle/Puget Sound,549300HV02VPA0FYR272,1,475000.0,0,0.0,0,0.0,1,475000.0,0.0
2025,Seattle/Puget Sound,549300HVW3AI97UKTO72,6,5040000.0,0,0.0,0,0.0,6,5040000.0,0.0
2025,Seattle/Puget Sound,549300HW662MN1WU8550,5229,3021135000.0,0,0.0,0,0.0,5229,3021135000.0,0.0
2025,Seattle/Puget Sound,549300I0ICF6REKHOC74,9,5815000.0,0,0.0,0,0.0,9,5815000.0,0.0
2025,Seattle/Puget Sound,549300I1HK1BBZLKOB84,5,7435000.0,0,0.0,0,0.0,5,7435000.0,0.0
2025,Seattle/Puget Sound,549300I43FC7P0IJMR13,3,1635000.0,0,0.0,0,0.0,3,1635000.0,0.0
2025,Seattle/Puget Sound,549300IEP77RKJ87Z176,2,810000.0,0,0.0,0,0.0,2,810000.0,0.0
2025,Seattle/Puget Sound,549300IFOE4SCP384147,2,990000.0,0,0.0,0,0.0,2,990000.0,0.0
2025,Seattle/Puget Sound,549300IJO7NO6VDZPD35,2,1210000.0,0,0.0,0,0.0,2,1210000.0,0.0
2025,Seattle/Puget Sound,549300IKS3MMB5YK6T18,2,330000.0,0,0.0,0,0.0,2,330000.0,0.0
2025,Seattle/Puget Sound,549300INFJ8TYNZ1G568,154,211950000.0,0,0.0,0,0.0,154,211950000.0,0.0
2025,Seattle/Puget Sound,549300INKSPQCTELMO58,11,5305000.0,0,0.0,0,0.0,11,5305000.0,0.0
2025,Seattle/Puget Sound,549300ISCZS1R0CJMO47,11,7545000.0,0,0.0,0,0.0,11,7545000.0,0.0
2025,Seattle/Puget Sound,549300J6N77Q8OHYNF23,114,61850000.0,0,0.0,0,0.0,114,61850000.0,0.0
2025,Seattle/Puget Sound,549300J7I82PNDVU8H22,58,38350000.0,0,0.0,0,0.0,58,38350000.0,0.0
2025,Seattle/Puget Sound,549300JD1162QW84ZO34,8,1070000.0,0,0.0,0,0.0,8,1070000.0,0.0
2025,Seattle/Puget Sound,549300JOD3S8ZGZLHP53,5,2685000.0,0,0.0,0,0.0,5,2685000.0,0.0
2025,Seattle/Puget Sound,549300JPGMCMBEJEK584,13,10925000.0,0,0.0,0,0.0,13,10925000.0,0.0
2025,Seattle/Puget Sound,549300JYXTZDSPJEPI44,77,40525000.0,0,0.0,0,0.0,77,40525000.0,0.0
2025,Seattle/Puget Sound,549300JZD4L02YZI3Z50,1,525000.0,0,0.0,0,0.0,1,525000.0,0.0
2025,Seattle/Puget Sound,549300K4ZLGS7SRDTL86,66,32520000.0,0,0.0,0,0.0,66,32520000.0,0.0
2025,Seattle/Puget Sound,549300K6K2IS7FRS7S09,6,3530000.0,0,0.0,0,0.0,6,3530000.0,0.0
2025,Seattle/Puget Sound,549300KDR80I1ELW8D36,4,3730000.0,0,0.0,0,0.0,4,3730000.0,0.0
2025,Seattle/Puget Sound,549300KHXD7JSQUZIJ22,130,77590000.0,0,0.0,0,0.0,130,77590000.0,0.0
2025,Seattle/Puget Sound,549300KIOYNU323LVJ37,820,455670000.0,0,0.0,0,0.0,820,455670000.0,0.0
2025,Seattle/Puget Sound,549300KJ8PAJ7E52HG32,94,52720000.0,0,0.0,0,0.0,94,52720000.0,0.0
2025,Seattle/Puget Sound,549300KM40FP4MSQU941,2716,1756570000.0,0,0.0,0,0.0,2716,1756570000.0,0.0
2025,Seattle/Puget Sound,549300KOAKQX3BEWWT56,18,12980000.0,0,0.0,0,0.0,18,12980000.0,0.0
2025,Seattle/Puget Sound,549300KPHGEE40YQXO21,3,1995000.0,0,0.0,0,0.0,3,1995000.0,0.0
2025,Seattle/Puget Sound,549300KQHWNSVCE2MY88,8,5880000.0,0,0.0,0,0.0,8,5880000.0,0.0
2025,Seattle/Puget Sound,549300KSOOZZVXCMA627,18,16510000.0,0,0.0,0,0.0,18,16510000.0,0.0
2025,Seattle/Puget Sound,549300KT5OWPGQKWUN86,1,455000.0,0,0.0,0,0.0,1,455000.0,0.0
2025,Seattle/Puget Sound,549300KTR1JGH3K6LU06,6,4170000.0,0,0.0,0,0.0,6,4170000.0,0.0
2025,Seattle/Puget Sound,549300KW705BBINDIZ26,2,890000.0,0,0.0,0,0.0,2,890000.0,0.0
2025,Seattle/Puget Sound,549300KX4S1573HISS22,4,5060000.0,0,0.0,0,0.0,4,5060000.0,0.0
2025,Seattle/Puget Sound,549300KX6E1IE2LM5E30,9,6435000.0,0,0.0,0,0.0,9,6435000.0,0.0
2025,Seattle/Puget Sound,549300LBCBNR1OT00651,275,129415000.0,0,0.0,0,0.0,275,129415000.0,0.0
2025,Seattle/Puget Sound,549300LGE7I6F2K89769,1,305000.0,0,0.0,0,0.0,1,305000.0,0.0
2025,Seattle/Puget Sound,549300LLESTPOVRG3X73,52,40140000.0,0,0.0,0,0.0,52,40140000.0,0.0
2025,Seattle/Puget Sound,549300LLKEKXL2RM1F61,3,1695000.0,0,0.0,0,0.0,3,1695000.0,0.0
2025,Seattle/Puget Sound,549300LP0CV2MNC1GV68,6,3280000.0,0,0.0,0,0.0,6,3280000.0,0.0
2025,Seattle/Puget Sound,549300LROQOOQU77WS20,221,141145000.0,0,0.0,0,0.0,221,141145000.0,0.0
2025,Seattle/Puget Sound,549300LXKO1O7CSK5J52,4,1840000.0,0,0.0,0,0.0,4,1840000.0,0.0
2025,Seattle/Puget Sound,549300LYRWPSYPK6S325,800,410180000.0,0,0.0,0,0.0,800,410180000.0,0.0
2025,Seattle/Puget Sound,549300M16XETIG2Z5N24,1,805000.0,0,0.0,0,0.0,1,805000.0,0.0
2025,Seattle/Puget Sound,549300MCIFZSDHUT8X63,675,443915000.0,0,0.0,0,0.0,675,443915000.0,0.0
2025,Seattle/Puget Sound,549300MGPZBLQDIL7538,1225,733725000.0,0,0.0,0,0.0,1225,733725000.0,0.0
2025,Seattle/Puget Sound,549300ML3H1LUVR1FP75,45,16265000.0,0,0.0,0,0.0,45,16265000.0,0.0
2025,Seattle/Puget Sound,549300MUXFVZKH4XLG17,23,10485000.0,0,0.0,0,0.0,23,10485000.0,0.0
2025,Seattle/Puget Sound,549300MZ8VZJOVC63092,289,174885000.0,0,0.0,0,0.0,289,174885000.0,0.0
2025,Seattle/Puget Sound,549300N3JBQ15RQ7AV97,8,4350000.0,0,0.0,0,0.0,8,4350000.0,0.0
2025,Seattle/Puget Sound,549300N52O6FKUCU5G62,1,315000.0,0,0.0,0,0.0,1,315000.0,0.0
2025,Seattle/Puget Sound,549300NFPC3Y4W3Y7R87,35,20645000.0,0,0.0,0,0.0,35,20645000.0,0.0
2025,Seattle/Puget Sound,549300NJVKCDJA5YC939,2,1080000.0,0,0.0,0,0.0,2,1080000.0,0.0
2025,Seattle/Puget Sound,549300NLJI4QKZ3D0G94,3,1905000.0,0,0.0,0,0.0,3,1905000.0,0.0
2025,Seattle/Puget Sound,549300NN0PRX3I4QGG46,6,3530000.0,0,0.0,0,0.0,6,3530000.0,0.0
2025,Seattle/Puget Sound,549300NOCASXPA34X033,168,85050000.0,0,0.0,0,0.0,168,85050000.0,0.0
2025,Seattle/Puget Sound,549300NWBS6MQJX15N44,157,121795000.0,0,0.0,0,0.0,157,121795000.0,0.0
2025,Seattle/Puget Sound,549300O2EZG72LO2FX38,4,2110000.0,0,0.0,0,0.0,4,2110000.0,0.0
2025,Seattle/Puget Sound,549300O5WDIJU8S7OI05,2,660000.0,0,0.0,0,0.0,2,660000.0,0.0
2025,Seattle/Puget Sound,549300O6Z0I6KYMESL47,93,68145000.0,0,0.0,0,0.0,93,68145000.0,0.0
2025,Seattle/Puget Sound,549300OHLAHJ10DFF198,1,555000.0,0,0.0,0,0.0,1,555000.0,0.0
2025,Seattle/Puget Sound,549300OPB0G5OMY0SM65,11,7665000.0,0,0.0,0,0.0,11,7665000.0,0.0
2025,Seattle/Puget Sound,549300OPCWU6E72WUT29,245,137205000.0,0,0.0,0,0.0,245,137205000.0,0.0
2025,Seattle/Puget Sound,549300OTLWFQPOOSC346,2,130000.0,0,0.0,0,0.0,2,130000.0,0.0
2025,Seattle/Puget Sound,549300OYEKEORA1GI088,11,5755000.0,0,0.0,0,0.0,11,5755000.0,0.0
2025,Seattle/Puget Sound,549300P1347BFCBHJV60,1,295000.0,0,0.0,0,0.0,1,295000.0,0.0
2025,Seattle/Puget Sound,549300P2GEYNMH5OQA71,87,61755000.0,0,0.0,0,0.0,87,61755000.0,0.0
2025,Seattle/Puget Sound,549300PBTV7FCWLSMM53,70,35770000.0,0,0.0,0,0.0,70,35770000.0,0.0
2025,Seattle/Puget Sound,549300PC4MFWQBNVKG88,18,10010000.0,0,0.0,0,0.0,18,10010000.0,0.0
2025,Seattle/Puget Sound,549300PIL8LFAQ04XC20,3,785000.0,0,0.0,0,0.0,3,785000.0,0.0
2025,Seattle/Puget Sound,549300PL267CW8182203,71,37765000.0,0,0.0,0,0.0,71,37765000.0,0.0
2025,Seattle/Puget Sound,549300PL8ER6H23P0Z91,354,197190000.0,0,0.0,0,0.0,354,197190000.0,0.0
2025,Seattle/Puget Sound,549300PQLK8E48ILXV41,6,2060000.0,0,0.0,0,0.0,6,2060000.0,0.0
2025,Seattle/Puget Sound,549300PRAPL43XPYR044,2,1000000.0,0,0.0,0,0.0,2,1000000.0,0.0
2025,Seattle/Puget Sound,549300PXIFIEPL7D7R86,1,515000.0,0,0.0,0,0.0,1,515000.0,0.0
2025,Seattle/Puget Sound,549300Q02LGIN9AXKP98,269,257635000.0,0,0.0,0,0.0,269,257635000.0,0.0
2025,Seattle/Puget Sound,549300Q1YFRSB8UEGH03,1,1595000.0,0,0.0,0,0.0,1,1595000.0,0.0
2025,Seattle/Puget Sound,549300Q3ROEQU3D1IW91,67,9625000.0,0,0.0,0,0.0,67,9625000.0,0.0
2025,Seattle/Puget Sound,549300Q50XCC0473FG63,7,3035000.0,0,0.0,0,0.0,7,3035000.0,0.0
2025,Seattle/Puget Sound,549300Q6YL1SFVPEGV90,32,15640000.0,0,0.0,0,0.0,32,15640000.0,0.0
2025,Seattle/Puget Sound,549300QCYEU2QLIWN517,1,375000.0,0,0.0,0,0.0,1,375000.0,0.0
2025,Seattle/Puget Sound,549300QD23LICPXTPB55,13,8635000.0,0,0.0,0,0.0,13,8635000.0,0.0
2025,Seattle/Puget Sound,549300QIUZLVR1OLDH55,11,13175000.0,0,0.0,0,0.0,11,13175000.0,0.0
2025,Seattle/Puget Sound,549300QKL5FUBZ8LSF50,82,44030000.0,0,0.0,0,0.0,82,44030000.0,0.0
2025,Seattle/Puget Sound,549300R0SXC1JU7ZU290,3,2545000.0,0,0.0,0,0.0,3,2545000.0,0.0
2025,Seattle/Puget Sound,549300R4F5COFJE0DN81,7,4735000.0,0,0.0,0,0.0,7,4735000.0,0.0
2025,Seattle/Puget Sound,549300R77W0P105C3S50,42,30810000.0,0,0.0,0,0.0,42,30810000.0,0.0
2025,Seattle/Puget Sound,549300R7HGHP2I754087,1,315000.0,0,0.0,0,0.0,1,315000.0,0.0
2025,Seattle/Puget Sound,549300R8VPSFM828B312,10,12570000.0,0,0.0,0,0.0,10,12570000.0,0.0
2025,Seattle/Puget Sound,549300R9S3MVDV4MGF56,94,40830000.0,0,0.0,0,0.0,94,40830000.0,0.0
2025,Seattle/Puget Sound,549300RA3E0BUFO7YZ21,13,7245000.0,0,0.0,0,0.0,13,7245000.0,0.0
2025,Seattle/Puget Sound,549300RD5IG88VPO6P22,100,61540000.0,0,0.0,0,0.0,100,61540000.0,0.0
2025,Seattle/Puget Sound,549300REENMLD2RN3W58,3,1325000.0,0,0.0,0,0.0,3,1325000.0,0.0
2025,Seattle/Puget Sound,549300RFLICNI75BG067,183,98025000.0,0,0.0,0,0.0,183,98025000.0,0.0
2025,Seattle/Puget Sound,549300RM1IZYGQDSNL85,6,3950000.0,0,0.0,0,0.0,6,3950000.0,0.0
2025,Seattle/Puget Sound,549300RN01LBYR8ZVX74,113,65135000.0,0,0.0,0,0.0,113,65135000.0,0.0
2025,Seattle/Puget Sound,549300RPOGWJRH63HS39,102,52670000.0,0,0.0,0,0.0,102,52670000.0,0.0
2025,Seattle/Puget Sound,549300RU0T31BIA8UR19,1,1715000.0,0,0.0,0,0.0,1,1715000.0,0.0
2025,Seattle/Puget Sound,549300RYBJHWWDENV610,1,485000.0,0,0.0,0,0.0,1,485000.0,0.0
2025,Seattle/Puget Sound,549300RYWXR8TL5LIK35,6,3510000.0,0,0.0,0,0.0,6,3510000.0,0.0
2025,Seattle/Puget Sound,549300S5FVOSK5DQJN30,15,9235000.0,0,0.0,0,0.0,15,9235000.0,0.0
2025,Seattle/Puget Sound,549300S8SHBRCI7UU819,6,6290000.0,0,0.0,0,0.0,6,6290000.0,0.0
2025,Seattle/Puget Sound,549300S93XI20FLTGK89,1,665000.0,0,0.0,0,0.0,1,665000.0,0.0
2025,Seattle/Puget Sound,549300SBA6BX8HZZF585,8,5780000.0,0,0.0,0,0.0,8,5780000.0,0.0
2025,Seattle/Puget Sound,549300SCFWZXMDMZPE93,27,16615000.0,0,0.0,0,0.0,27,16615000.0,0.0
2025,Seattle/Puget Sound,549300SK2GVCQXPD4S58,86,42490000.0,0,0.0,0,0.0,86,42490000.0,0.0
2025,Seattle/Puget Sound,549300SQRR7T3EUSDD87,1,775000.0,0,0.0,0,0.0,1,775000.0,0.0
2025,Seattle/Puget Sound,549300SUCQ1358EGVE89,50,22860000.0,0,0.0,0,0.0,50,22860000.0,0.0
2025,Seattle/Puget Sound,549300T03X096VF60C57,1,1545000.0,0,0.0,0,0.0,1,1545000.0,0.0
2025,Seattle/Puget Sound,549300T3F9S1MKFKHC53,5,1615000.0,0,0.0,0,0.0,5,1615000.0,0.0
2025,Seattle/Puget Sound,549300T5QSL6MC8M4D04,6,3550000.0,0,0.0,0,0.0,6,3550000.0,0.0
2025,Seattle/Puget Sound,549300T61O0X0RJMQ375,19,11955000.0,0,0.0,0,0.0,19,11955000.0,0.0
2025,Seattle/Puget Sound,549300T7AIY7RU1YDP31,1,435000.0,0,0.0,0,0.0,1,435000.0,0.0
2025,Seattle/Puget Sound,549300T7HRS5DVBUPQ06,11,5525000.0,0,0.0,0,0.0,11,5525000.0,0.0
2025,Seattle/Puget Sound,549300T94GSH3C4U5M59,36,29510000.0,0,0.0,0,0.0,36,29510000.0,0.0
2025,Seattle/Puget Sound,549300T9P3WXNMXX0I34,6,3640000.0,0,0.0,0,0.0,6,3640000.0,0.0
2025,Seattle/Puget Sound,549300TDBTRK89DZRC13,2,800000.0,0,0.0,0,0.0,2,800000.0,0.0
2025,Seattle/Puget Sound,549300TEBV514KLDE180,3,1085000.0,0,0.0,0,0.0,3,1085000.0,0.0
2025,Seattle/Puget Sound,549300TF1E42EUFBSL45,69,47065000.0,0,0.0,0,0.0,69,47065000.0,0.0
2025,Seattle/Puget Sound,549300TK6RZQSFXZHV09,3,1045000.0,0,0.0,0,0.0,3,1045000.0,0.0
2025,Seattle/Puget Sound,549300TMY3OACQC9U777,6,3040000.0,0,0.0,0,0.0,6,3040000.0,0.0
2025,Seattle/Puget Sound,549300TUQC6OYE8A0Y96,1,805000.0,0,0.0,0,0.0,1,805000.0,0.0
2025,Seattle/Puget Sound,549300TUSRLWD8ETNR90,11,3745000.0,0,0.0,0,0.0,11,3745000.0,0.0
2025,Seattle/Puget Sound,549300U3721PJGQZYY68,947,629495000.0,0,0.0,0,0.0,947,629495000.0,0.0
2025,Seattle/Puget Sound,549300U8DCOOTG96YM89,73,16875000.0,0,0.0,0,0.0,73,16875000.0,0.0
2025,Seattle/Puget Sound,549300UB5TJ0YPVPT503,159,85385000.0,0,0.0,0,0.0,159,85385000.0,0.0
2025,Seattle/Puget Sound,549300UBGGLZLZEY0M18,53,16305000.0,0,0.0,0,0.0,53,16305000.0,0.0
2025,Seattle/Puget Sound,549300UF3FPC7U6RFC59,7,4765000.0,0,0.0,0,0.0,7,4765000.0,0.0
2025,Seattle/Puget Sound,549300UG7QXKM7KGV847,10,1380000.0,0,0.0,0,0.0,10,1380000.0,0.0
2025,Seattle/Puget Sound,549300UI36AJZ0WZ4U93,79,49835000.0,0,0.0,0,0.0,79,49835000.0,0.0
2025,Seattle/Puget Sound,549300UR5AOWTJJ7KZ64,45,37545000.0,0,0.0,0,0.0,45,37545000.0,0.0
2025,Seattle/Puget Sound,549300UT4EN6IH579Q63,70,35350000.0,0,0.0,0,0.0,70,35350000.0,0.0
2025,Seattle/Puget Sound,549300UXY7OP0IC38293,63,41865000.0,0,0.0,0,0.0,63,41865000.0,0.0
2025,Seattle/Puget Sound,549300V3N91EH05UWL23,2,1640000.0,0,0.0,0,0.0,2,1640000.0,0.0
2025,Seattle/Puget Sound,549300V8CF81JGIV7038,2,890000.0,0,0.0,0,0.0,2,890000.0,0.0
2025,Seattle/Puget Sound,549300VCMRO4ST680C11,110,58190000.0,0,0.0,0,0.0,110,58190000.0,0.0
2025,Seattle/Puget Sound,549300VJ7C5JB4W87F48,5,3025000.0,0,0.0,0,0.0,5,3025000.0,0.0
2025,Seattle/Puget Sound,549300VJQJVZKJBDWS17,2,1130000.0,0,0.0,0,0.0,2,1130000.0,0.0
2025,Seattle/Puget Sound,549300VMX06UV1F7NS76,1,555000.0,0,0.0,0,0.0,1,555000.0,0.0
2025,Seattle/Puget Sound,549300VORTI31GZTJL53,47,25215000.0,0,0.0,0,0.0,47,25215000.0,0.0
2025,Seattle/Puget Sound,549300VQUTI5IU7GXT57,70,33890000.0,0,0.0,0,0.0,70,33890000.0,0.0
2025,Seattle/Puget Sound,549300VVH8HHFMWL8536,3,1875000.0,0,0.0,0,0.0,3,1875000.0,0.0
2025,Seattle/Puget Sound,549300VZVN841I2ILS84,2962,1828440000.0,0,0.0,0,0.0,2962,1828440000.0,0.0
2025,Seattle/Puget Sound,549300W1HU6IVVIEJ389,5,2145000.0,0,0.0,0,0.0,5,2145000.0,0.0
2025,Seattle/Puget Sound,549300W45D2J6BT4LX65,23,12205000.0,0,0.0,0,0.0,23,12205000.0,0.0
2025,Seattle/Puget Sound,549300W4FT4H1UWPGU95,1,125000.0,0,0.0,0,0.0,1,125000.0,0.0
2025,Seattle/Puget Sound,549300WJIJV987NXVC31,251,153795000.0,0,0.0,0,0.0,251,153795000.0,0.0
2025,Seattle/Puget Sound,549300WKFR15017V9850,18,11140000.0,0,0.0,0,0.0,18,11140000.0,0.0
2025,Seattle/Puget Sound,549300WRDGBHKR1BXL98,5,6075000.0,0,0.0,0,0.0,5,6075000.0,0.0
2025,Seattle/Puget Sound,549300WYBPIWKK6SQC06,3,2695000.0,0,0.0,0,0.0,3,2695000.0,0.0
2025,Seattle/Puget Sound,549300WYC8C6REMY4E38,1,645000.0,0,0.0,0,0.0,1,645000.0,0.0
2025,Seattle/Puget Sound,549300X08QKYUH256I80,2,1130000.0,0,0.0,0,0.0,2,1130000.0,0.0
2025,Seattle/Puget Sound,549300XBOKNEE2CQJL92,1,515000.0,0,0.0,0,0.0,1,515000.0,0.0
2025,Seattle/Puget Sound,549300XCVBRR56D08F03,11,4035000.0,0,0.0,0,0.0,11,4035000.0,0.0
2025,Seattle/Puget Sound,549300XED7IBK9VVQH70,4,1690000.0,0,0.0,0,0.0,4,1690000.0,0.0
2025,Seattle/Puget Sound,549300XHF3PMRO08N352,3,945000.0,0,0.0,0,0.0,3,945000.0,0.0
2025,Seattle/Puget Sound,549300XHPPLC0TBRV021,190,103870000.0,0,0.0,0,0.0,190,103870000.0,0.0
2025,Seattle/Puget Sound,549300XQ7B5FIVUNFE29,1,695000.0,0,0.0,0,0.0,1,695000.0,0.0
2025,Seattle/Puget Sound,549300XQVJ1XBNFA5536,43,6135000.0,0,0.0,0,0.0,43,6135000.0,0.0
2025,Seattle/Puget Sound,549300XRF9LCZ3RX3Q39,4,1400000.0,0,0.0,0,0.0,4,1400000.0,0.0
2025,Seattle/Puget Sound,549300XRXBA38J60S618,1,725000.0,0,0.0,0,0.0,1,725000.0,0.0
2025,Seattle/Puget Sound,549300XWUSRVVOHPRY47,27,18345000.0,0,0.0,0,0.0,27,18345000.0,0.0
2025,Seattle/Puget Sound,549300XY701IELCE5Q08,166,117720000.0,0,0.0,0,0.0,166,117720000.0,0.0
2025,Seattle/Puget Sound,549300Y5Y88FQLI7VE83,24,22990000.0,0,0.0,0,0.0,24,22990000.0,0.0
2025,Seattle/Puget Sound,549300YD7XJM19TH5O82,1,645000.0,0,0.0,0,0.0,1,645000.0,0.0
2025,Seattle/Puget Sound,549300YEI60WAHWQ3110,71,20045000.0,0,0.0,0,0.0,71,20045000.0,0.0
2025,Seattle/Puget Sound,549300YIQ7S7Z8PIHE53,83,32165000.0,0,0.0,0,0.0,83,32165000.0,0.0
2025,Seattle/Puget Sound,549300YN94MOAVYW0F52,53,15945000.0,0,0.0,0,0.0,53,15945000.0,0.0
2025,Seattle/Puget Sound,549300YPBBHUEKV1YC68,3,2345000.0,0,0.0,0,0.0,3,2345000.0,0.0
2025,Seattle/Puget Sound,549300YS7PW1Y7DQZG40,1,515000.0,0,0.0,0,0.0,1,515000.0,0.0
2025,Seattle/Puget Sound,549300YVM8B4UQC5DK40,2,1030000.0,0,0.0,0,0.0,2,1030000.0,0.0
2025,Seattle/Puget Sound,549300YW2UBCMDRMBT48,2,560000.0,0,0.0,0,0.0,2,560000.0,0.0
2025,Seattle/Puget Sound,549300Z2B4FHRYOXTS09,24,10210000.0,0,0.0,0,0.0,24,10210000.0,0.0
2025,Seattle/Puget Sound,549300ZBXINP1Y94CN02,119,73855000.0,0,0.0,0,0.0,119,73855000.0,0.0
2025,Seattle/Puget Sound,549300ZCR1XCLNEEI724,5,4545000.0,0,0.0,0,0.0,5,4545000.0,0.0
2025,Seattle/Puget Sound,549300ZIXM1VUXPG4D03,6,4490000.0,0,0.0,0,0.0,6,4490000.0,0.0
2025,Seattle/Puget Sound,549300ZPSJZO10ZAX556,18,15730000.0,0,0.0,0,0.0,18,15730000.0,0.0
2025,Seattle/Puget Sound,549300ZS1TR1B4LHX377,4,3110000.0,0,0.0,0,0.0,4,3110000.0,0.0
2025,Seattle/Puget Sound,549300ZUF2EI6H23YK94,1,595000.0,0,0.0,0,0.0,1,595000.0,0.0
2025,Seattle/Puget Sound,549300ZWNETGFXTBBY03,240,129590000.0,0,0.0,0,0.0,240,129590000.0,0.0
2025,Seattle/Puget Sound,549300ZZME37MXI1EF14,10,5510000.0,0,0.0,0,0.0,10,5510000.0,0.0
2025,Seattle/Puget Sound,593C3GZG957YOJPS2Z63,159,219935000.0,0,0.0,0,0.0,159,219935000.0,0.0
2025,Seattle/Puget Sound,635400IW1QMK3FNFF894,3,1255000.0,0,0.0,0,0.0,3,1255000.0,0.0
2025,Seattle/Puget Sound,6BYL5QZYBDK8S7L73M02,1435,1452745000.0,0,0.0,0,0.0,1435,1452745000.0,0.0
2025,Seattle/Puget Sound,7DMUJTL9FFTVIAG9H788,1,785000.0,0,0.0,0,0.0,1,785000.0,0.0
2025,Seattle/Puget Sound,7H6GLXDRUGQFU57RNE97,1723,1526925000.0,0,0.0,0,0.0,1723,1526925000.0,0.0
2025,Seattle/Puget Sound,875500CPQ9Z7QEFE5G90,2,1490000.0,0,0.0,0,0.0,2,1490000.0,0.0
2025,Seattle/Puget Sound,89450088V2BYQUO61B62,1,1265000.0,0,0.0,0,0.0,1,1265000.0,0.0
2025,Seattle/Puget Sound,8WH0EE09O9V05QJZ3V89,95,103675000.0,0,0.0,0,0.0,95,103675000.0,0.0
2025,Seattle/Puget Sound,9845005BP6974AE5D838,4,2170000.0,0,0.0,0,0.0,4,2170000.0,0.0
2025,Seattle/Puget Sound,9845006YE04B346EC919,1,585000.0,0,0.0,0,0.0,1,585000.0,0.0
2025,Seattle/Puget Sound,984500CD6F0743B8F530,4,2230000.0,0,0.0,0,0.0,4,2230000.0,0.0
2025,Seattle/Puget Sound,984500F5665613E36549,7,3395000.0,0,0.0,0,0.0,7,3395000.0,0.0
2025,Seattle/Puget Sound,984500F6E6940CCB6A60,1,1365000.0,0,0.0,0,0.0,1,1365000.0,0.0
2025,Seattle/Puget Sound,984500FAD1FB7FEGTE82,6,3220000.0,0,0.0,0,0.0,6,3220000.0,0.0
2025,Seattle/Puget Sound,984500P059VACEAAFA22,6,2800000.0,0,0.0,0,0.0,6,2800000.0,0.0
2025,Seattle/Puget Sound,984500U2F9A83N391A91,23,13365000.0,0,0.0,0,0.0,23,13365000.0,0.0
2025,Seattle/Puget Sound,AD6GFRVSDT01YPT1CS68,203,234505000.0,0,0.0,0,0.0,203,234505000.0,0.0
2025,Seattle/Puget Sound,B4TYDEB6GKMZO031MB27,1245,1292085000.0,0,0.0,0,0.0,1245,1292085000.0,0.0
2025,Seattle/Puget Sound,C398JSK21YCXWM603F55,16,8070000.0,0,0.0,0,0.0,16,8070000.0,0.0
2025,Seattle/Puget Sound,C5654JQHZUHN0772B561,143,78575000.0,0,0.0,0,0.0,143,78575000.0,0.0
2025,Seattle/Puget Sound,CKVBED0S4DMLKJJ5XH28,28,30610000.0,0,0.0,0,0.0,28,30610000.0,0.0
2025,Seattle/Puget Sound,COINQMNIM6RBU631DD85,6,3450000.0,0,0.0,0,0.0,6,3450000.0,0.0
2025,Seattle/Puget Sound,COOWI3L2W9TPYR3WJX37,2,2380000.0,0,0.0,0,0.0,2,2380000.0,0.0
2025,Seattle/Puget Sound,D38AC76TAMYI50NBPX33,21,17245000.0,0,0.0,0,0.0,21,17245000.0,0.0
2025,Seattle/Puget Sound,DRMSV1Q0EKMEXLAU1P80,16,19510000.0,0,0.0,0,0.0,16,19510000.0,0.0
2025,Seattle/Puget Sound,E57ODZWZ7FF32TWEFA76,265,321715000.0,0,0.0,0,0.0,265,321715000.0,0.0
2025,Seattle/Puget Sound,F28JOQ8OBWCFUYM0UX93,98,66940000.0,0,0.0,0,0.0,98,66940000.0,0.0
2025,Seattle/Puget Sound,FDXQ75GPEQKRPWABYN63,1,2005000.0,0,0.0,0,0.0,1,2005000.0,0.0
2025,Seattle/Puget Sound,FT6J43S06X6CLJ0R0B48,56,46790000.0,0,0.0,0,0.0,56,46790000.0,0.0
2025,Seattle/Puget Sound,HIDXEG9BLUJZKBGUT764,1,1045000.0,0,0.0,0,0.0,1,1045000.0,0.0
2025,Seattle/Puget Sound,HUX2X73FUCYHUVH1BK78,378,282850000.0,0,0.0,0,0.0,378,282850000.0,0.0
2025,Seattle/Puget Sound,IFQSIUC9AGQV2NE8CN25,272,176030000.0,0,0.0,0,0.0,272,176030000.0,0.0
2025,Seattle/Puget Sound,IUGPUX5LWRZ3B6KIZ697,20,12320000.0,0,0.0,0,0.0,20,12320000.0,0.0
2025,Seattle/Puget Sound,JJKC32MCHWDI71265Z06,13,13295000.0,0,0.0,0,0.0,13,13295000.0,0.0
2025,Seattle/Puget Sound,KB1H1DSPRFMYMCUFXT09,1135,1257225000.0,0,0.0,0,0.0,1135,1257225000.0,0.0
2025,Seattle/Puget Sound,KD3XUN7C6T14HNAYLU02,13,28435000.0,0,0.0,0,0.0,13,28435000.0,0.0
2025,Seattle/Puget Sound,L9VVX1KT5TFTKS0MLF66,24,34260000.0,0,0.0,0,0.0,24,34260000.0,0.0
2025,Seattle/Puget Sound,PAOOWF3GUFM46FBSP561,84,47120000.0,0,0.0,0,0.0,84,47120000.0,0.0
2025,Seattle/Puget Sound,Q708HHR4LD2B7XIZNO92,45,30135000.0,0,0.0,0,0.0,45,30135000.0,0.0
2025,Seattle/Puget Sound,QFROUN1UWUYU0DVIWD51,3,4975000.0,0,0.0,0,0.0,3,4975000.0,0.0
2025,Seattle/Puget Sound,RVDPPPGHCGZ40J4VQ731,1244,856940000.0,0,0.0,0,0.0,1244,856940000.0,0.0
2025,Seattle/Puget Sound,SS1TRMSN6BRNMOREEV51,23,17715000.0,0,0.0,0,0.0,23,17715000.0,0.0
2025,Seattle/Puget Sound,VNOO6EITDJ2YUEBMSZ83,1,885000.0,0,0.0,0,0.0,1,885000.0,0.0
2025,Seattle/Puget Sound,WE0I402RW25AU38DTI13,208,122220000.0,0,0.0,0,0.0,208,122220000.0,0.0
2025,Seattle/Puget Sound,WKN6AF1FCL7BBYGTGI83,3,2265000.0,0,0.0,0,0.0,3,2265000.0,0.0
2025,Seattle/Puget Sound,WWB2V0FCW3A0EE3ZJN75,25,11285000.0,0,0.0,0,0.0,25,11285000.0,0.0
2025,Seattle/Puget Sound,X05BVSK68TQ7YTOSNR22,3,465000.0,0,0.0,0,0.0,3,465000.0,0.0
2025,Seattle/Puget Sound,ZXMJHJK466PBZTM5F379,17,19905000.0,0,0.0,0,0.0,17,19905000.0,0.0
