activity_year,region,lei,loan_count,regional_amount,core_count,core_amount,scored_count,scored_amount,weighted_amount,institution,ticker,candidate_parent,core_share_of_regional,weighted_score,core_avg_loan,region_core_amount,region_weighted_amount,region_total_amount,core_market_share,weighted_market_share
2023,Bay Area,KB1H1DSPRFMYMCUFXT09,3173,3923785000.0,709,997245000.0,867,1143565000.0,903879000.0,"Wells Fargo Bank, National Association",,,0.2541538336070911,0.23035895187937158,1406551.4809590974,6937195000.0,6451793000.0,40306445000.0,0.14375334699399397,0.14009733418291628
2023,Bay Area,B4TYDEB6GKMZO031MB27,2337,2729405000.0,453,615565000.0,564,713430000.0,569041000.0,"Bank of America, National Association",,,0.2255308391389332,0.20848536585812658,1358863.1346578368,6937195000.0,6451793000.0,40306445000.0,0.08873399118808106,0.08819889292790392
2023,Bay Area,E57ODZWZ7FF32TWEFA76,1706,2292300000.0,386,583910000.0,464,667650000.0,528670500.0,"Citibank, National Association",,,0.2547266937137373,0.23062884439209527,1512720.207253886,6937195000.0,6451793000.0,40306445000.0,0.08417090769395988,0.08194164009911663
2023,Bay Area,6BYL5QZYBDK8S7L73M02,2262,2449500000.0,341,435055000.0,471,558785000.0,404629000.0,U.S. Bank National Association,,,0.17760971626862626,0.16518840579710145,1275821.1143695014,6937195000.0,6451793000.0,40306445000.0,0.06271338775975016,0.06271574428999814
2023,Bay Area,7H6GLXDRUGQFU57RNE97,1498,1692410000.0,370,450680000.0,463,533735000.0,385202000.0,"JPMorgan Chase Bank, National Association",,,0.26629481035919195,0.2276056038430404,1218054.054054054,6937195000.0,6451793000.0,40306445000.0,0.06496573903429267,0.05970464334488103
2023,Bay Area,YWC0TIKBQM2JV8L4IV08,1098,1162590000.0,317,382435000.0,451,491255000.0,320254000.0,First Republic Bank,,,0.3289508769213566,0.27546598542908507,1206419.5583596216,6937195000.0,6451793000.0,40306445000.0,0.055128189419498805,0.049637984355666714
2023,Bay Area,AD6GFRVSDT01YPT1CS68,1004,1354450000.0,245,347365000.0,285,388215000.0,314030000.0,"PNC Bank, National Association",,,0.2564620325593414,0.23185056665067003,1417816.3265306123,6937195000.0,6451793000.0,40306445000.0,0.050072832030813606,0.04867329128507378
2023,Bay Area,1IE8VN30JCEQV1H4R804,617,870405000.0,215,325725000.0,225,335545000.0,311890000.0,"HSBC BANK USA, NATIONAL ASSOCIATION",,,0.37422234477053784,0.35832744526973076,1515000.0,6937195000.0,6451793000.0,40306445000.0,0.0469534156096232,0.048341600544220806
2023,Bay Area,3Y4U8VZURTYWI1W2K376,990,1232980000.0,212,313070000.0,251,349425000.0,295474000.0,BMO Bank National Association,,,0.25391328326493534,0.23964216775616798,1476745.283018868,6937195000.0,6451793000.0,40306445000.0,0.04512919126534572,0.045797191571397285
2023,Bay Area,549300FGXN1K3HLB1R50,3779,2381465000.0,272,187560000.0,663,444395000.0,216319000.0,"ROCKET MORTGAGE, LLC",,,0.0787582433502067,0.09083442334865303,689558.8235294118,6937195000.0,6451793000.0,40306445000.0,0.027036864323404488,0.03352850905166982
2023,Bay Area,549300HW662MN1WU8550,4285,2821225000.0,234,194860000.0,528,383510000.0,199919500.0,"UNITED WHOLESALE MORTGAGE, LLC",,,0.06906928727768966,0.07086265717906229,832735.0427350427,6937195000.0,6451793000.0,40306445000.0,0.028089162838870755,0.03098665750745568
2023,Bay Area,L9VVX1KT5TFTKS0MLF66,345,385335000.0,171,172505000.0,189,187305000.0,136923000.0,First-Citizens Bank & Trust Company,,,0.4476753993278576,0.3553349682743587,1008801.1695906433,6937195000.0,6451793000.0,40306445000.0,0.024866678823357278,0.02122247257467808
2023,Bay Area,549300GS0W0TEUQS8571,379,545445000.0,89,137415000.0,115,164555000.0,123918000.0,"Morgan Stanley Private Bank, National Association",,,0.25193190880840416,0.227186975772076,1543988.7640449437,6937195000.0,6451793000.0,40306445000.0,0.019808438425040667,0.01920675384346646
2023,Bay Area,5493001WRXQTCKCA6205,472,362790000.0,167,157735000.0,175,166105000.0,112497000.0,REDWOOD,,,0.4347832079164255,0.3100884809393864,944520.9580838323,6937195000.0,6451793000.0,40306445000.0,0.022737576210557726,0.017436548258755357
2023,Bay Area,549300VZVN841I2ILS84,1593,1149305000.0,63,59835000.0,290,243490000.0,95032500.0,"CROSSCOUNTRY MORTGAGE, LLC",,,0.052061898277654756,0.08268692818703477,949761.9047619047,6937195000.0,6451793000.0,40306445000.0,0.00862524406478411,0.014729626322481208
2023,Bay Area,549300U3721PJGQZYY68,751,565755000.0,101,87895000.0,202,165580000.0,87492000.0,"GUARANTEED RATE, INC.",,,0.15535876837146823,0.15464644589972693,870247.5247524752,6937195000.0,6451793000.0,40306445000.0,0.01267010657765855,0.01356088144799438
2023,Bay Area,549300ZJIC4LOLZH0M42,735,792565000.0,70,79550000.0,97,103365000.0,74428000.0,THE GOLDEN 1,,,0.10037031663018176,0.09390775519988896,1136428.5714285714,6937195000.0,6451793000.0,40306445000.0,0.01146717080895088,0.01153601797205831
2023,Bay Area,5493009Y8ROUG903AQ21,229,228745000.0,68,74540000.0,80,84520000.0,68638500.0,STANFORD Federal Credit Union,,,0.3258650462305187,0.3000655752038296,1096176.4705882352,6937195000.0,6451793000.0,40306445000.0,0.010744976896281566,0.010638670521512392
2023,Bay Area,549300INFJ8TYNZ1G568,231,317715000.0,53,70605000.0,73,93195000.0,62955000.0,"Charles Schwab Bank, SSB",,,0.22222746801378593,0.1981492847363203,1332169.8113207547,6937195000.0,6451793000.0,40306445000.0,0.010177744751300778,0.009757752612335826
2023,Bay Area,549300KIOYNU323LVJ37,891,589515000.0,55,44725000.0,173,125645000.0,56485000.0,AMERICAN PACIFIC MORTGAGE CORPORATION,,,0.07586745036173805,0.09581605217848571,813181.8181818182,6937195000.0,6451793000.0,40306445000.0,0.006447130288250511,0.00875493060611213
2023,Bay Area,549300G4ESSS6M0MEG51,258,248910000.0,55,62445000.0,80,82070000.0,51640500.0,"OriginPoint, LLC",,,0.250873809810775,0.20746655417620827,1135363.6363636365,6937195000.0,6451793000.0,40306445000.0,0.009001476821683693,0.008004054066830725
2023,Bay Area,254900VELJPWWT51WN03,293,211285000.0,72,52180000.0,78,55040000.0,40533500.0,General Mortgage Capital Corporation,,,0.24696499988167642,0.19184277161180396,724722.2222222222,6937195000.0,6451793000.0,40306445000.0,0.007521772128360238,0.0062825171235344965
2023,Bay Area,5493004F7BXDIUFVPV87,405,397465000.0,37,40145000.0,46,49040000.0,38380500.0,STAR ONE Credit Union,,,0.10100260400286817,0.0965632194029663,1085000.0,6937195000.0,6451793000.0,40306445000.0,0.005786921082656607,0.0059488114389286825
2023,Bay Area,254900P2JMSUZCYLE858,283,287505000.0,39,41425000.0,50,49110000.0,37591500.0,Provident Credit Union,,,0.14408445070520512,0.13075076955183387,1062179.4871794872,6937195000.0,6451793000.0,40306445000.0,0.0059714336990671305,0.005826519852698312
2023,Bay Area,5493004AS1SPBQOFDR49,564,408460000.0,40,34430000.0,86,65780000.0,33128500.0,"Commerce Home Mortgage, Inc.",,,0.08429221955638251,0.08110586103902463,860750.0,6937195000.0,6451793000.0,40306445000.0,0.0049631010804799345,0.005134774162779246
2023,Bay Area,F28JOQ8OBWCFUYM0UX93,207,170895000.0,36,34780000.0,43,37955000.0,30728500.0,East West Bank,EWBC,East West Bancorp,0.2035167793089324,0.17980923959156206,966111.1111111111,6937195000.0,6451793000.0,40306445000.0,0.005013553749029687,0.004762784546869374
2023,Bay Area,549300AG64NHILB7ZP05,899,578065000.0,29,24825000.0,94,63530000.0,29337500.0,"LOANDEPOT.COM, LLC",,,0.04294499753487929,0.05075121309887296,856034.4827586206,6937195000.0,6451793000.0,40306445000.0,0.0035785357049931566,0.004547185565314945
2023,Bay Area,549300O6Z0I6KYMESL47,306,221810000.0,48,37340000.0,63,44125000.0,28875000.0,AMWEST FUNDING CORP.,,,0.16834227491997655,0.13017898201163158,777916.6666666666,6937195000.0,6451793000.0,40306445000.0,0.005382578981850733,0.004475500066415646
2023,Bay Area,54930001NSTOD85LT125,270,203740000.0,29,29045000.0,47,41685000.0,27137500.0,"GUARANTEED RATE AFFINITY, LLC",,,0.14255914400706785,0.13319672131147542,1001551.724137931,6937195000.0,6451793000.0,40306445000.0,0.0041868507372216,0.004206195084064228
2023,Bay Area,SS1TRMSN6BRNMOREEV51,230,180610000.0,27,26925000.0,42,36330000.0,23823500.0,"Flagstar Bank, N.A.",,,0.14907812413487626,0.13190576380045402,997222.2222222222,6937195000.0,6451793000.0,40306445000.0,0.003881251716291671,0.0036925394227620137
2023,Bay Area,5493001GAASLCSP1PB64,65,36755000.0,50,31340000.0,54,32730000.0,22220000.0,"NATIONAL COOPERATIVE BANK, N.A.",,,0.8526731056999047,0.6045435995102707,626800.0,6937195000.0,6451793000.0,40306445000.0,0.004517676092426406,0.0034440038606322306
2023,Bay Area,254900HA4DQWAE0W3342,90,92860000.0,20,23420000.0,28,31830000.0,21531500.0,"AMERIHOME MORTGAGE COMPANY, LLC",,,0.2522076243807883,0.23187055782898988,1171000.0,6937195000.0,6451793000.0,40306445000.0,0.003376004278386293,0.003337289339568086
2023,Bay Area,5493000ZB0IHPJ66BJ32,57,77995000.0,16,23530000.0,19,26995000.0,20540000.0,Luther Burbank Savings,,,0.3016860055131739,0.26335021475735626,1470625.0,6937195000.0,6451793000.0,40306445000.0,0.0033918608313590723,0.00318361112949532
2023,Bay Area,549300EM6UG8HE3P8U74,344,336280000.0,19,19525000.0,41,36665000.0,20316000.0,Patelco Credit Union,,,0.0580617342690615,0.06041394076364934,1027631.5789473684,6937195000.0,6451793000.0,40306445000.0,0.0028145381526683334,0.0031488920986770656
2023,Bay Area,549300JOD3S8ZGZLHP53,182,129890000.0,27,21265000.0,31,23435000.0,20203500.0,"GOOGAIN, INC.",,,0.16371545153591502,0.15554315189775964,787592.5925925926,6937195000.0,6451793000.0,40306445000.0,0.003065359990601389,0.00313145508543129
2023,Bay Area,549300GKFNPRWNS0GF29,557,367505000.0,13,12325000.0,71,52555000.0,19306000.0,"CMG MORTGAGE, INC.",,,0.033536958680834277,0.05253261860382852,948076.9230769231,6937195000.0,6451793000.0,40306445000.0,0.00177665468535914,0.0029923464686483275
2023,Bay Area,549300SKHHL7A2K8YV94,54,42680000.0,34,25900000.0,36,26770000.0,18391000.0,"MERIWEST MORTGAGE COMPANY, LLC",,,0.6068416119962512,0.43090440487347703,761764.7058823529,6937195000.0,6451793000.0,40306445000.0,0.0037334974726816817,0.002850525427582689
2023,Bay Area,549300IKS3MMB5YK6T18,68,119300000.0,10,17130000.0,14,25600000.0,17949500.0,KINECTA,,,0.14358759430008383,0.15045683151718356,1713000.0,6937195000.0,6451793000.0,40306445000.0,0.002469297749306456,0.0027820948378226022
2023,Bay Area,549300W0YBCUV18HSR42,56,69610000.0,13,18165000.0,13,18165000.0,17671500.0,Tri Counties Bank,,,0.2609538859359287,0.2538643873006752,1397307.6923076923,6937195000.0,6451793000.0,40306445000.0,0.0026184934977321528,0.002739006040646375
2023,Bay Area,RVDPPPGHCGZ40J4VQ731,290,186200000.0,21,16225000.0,49,35575000.0,17541000.0,"PENNYMAC LOAN SERVICES, LLC",,,0.0871374865735768,0.09420515574650913,772619.0476190476,6937195000.0,6451793000.0,40306445000.0,0.002338841563484953,0.002718779105281276
2023,Bay Area,8WH0EE09O9V05QJZ3V89,72,66580000.0,11,18055000.0,15,21595000.0,17376500.0,"Zions Bancorporation, N.A.",,,0.27117753079002704,0.26098678281766297,1641363.6363636365,6937195000.0,6451793000.0,40306445000.0,0.0026026369447593733,0.0026932823170241205
2023,Bay Area,549300E2UX99HKDBR481,436,289850000.0,20,17340000.0,38,29560000.0,17162500.0,"NEW AMERICAN FUNDING, LLC",,,0.05982404692082111,0.05921166120407107,867000.0,6937195000.0,6451793000.0,40306445000.0,0.0024995693504363077,0.0026601132429388235
2023,Bay Area,549300UB5TJ0YPVPT503,195,130805000.0,20,17830000.0,37,29145000.0,16762000.0,MASON MCDUFFIE MORTGAGE CORPORATION,,,0.13630977409120446,0.1281449485875922,891500.0,6937195000.0,6451793000.0,40306445000.0,0.002570203086405961,0.0025980374757838634
2023,Bay Area,IUGPUX5LWRZ3B6KIZ697,123,77875000.0,22,16890000.0,34,25110000.0,14876500.0,Ameris Bank,,,0.2168860353130016,0.19103049759229535,767727.2727272727,6937195000.0,6451793000.0,40306445000.0,0.002434701633729483,0.0023057931337846704
2023,Bay Area,2549009X2AG1P20YAJ63,39,95145000.0,6,14650000.0,8,17990000.0,14353500.0,Axos Bank,,,0.15397551106206317,0.1508592148825477,2441666.6666666665,6937195000.0,6451793000.0,40306445000.0,0.002111804555011067,0.0022247303966509775
2023,Bay Area,549300IPUHFA5O769M51,170,109400000.0,9,7935000.0,51,37555000.0,13618500.0,"Vellum Mortgage, Inc.",,,0.07253199268738574,0.1244835466179159,881666.6666666666,6937195000.0,6451793000.0,40306445000.0,0.0011438340712636736,0.0021108085767785794
2023,Bay Area,549300GWD9H4FQ2VR805,44,63060000.0,9,15215000.0,11,16915000.0,12878500.0,UBS Bank USA,,,0.24127814779575008,0.20422613384078656,1690555.5555555555,6937195000.0,6451793000.0,40306445000.0,0.0021932495770985248,0.001996111778539702
2023,Bay Area,549300CB67L6KPJLHE19,308,64820000.0,53,12725000.0,53,12725000.0,12609500.0,"TRIAD FINANCIAL SERVICES, INC.",,,0.1963128663992595,0.1945310089478556,240094.3396226415,6937195000.0,6451793000.0,40306445000.0,0.0018343148779874287,0.0019544179424231373
2023,Bay Area,549300UI36AJZ0WZ4U93,148,89970000.0,12,12290000.0,12,12290000.0,12290000.0,"Taylor Morrison Home Funding, Inc.",,,0.13660108925197287,0.13660108925197287,1024166.6666666666,6937195000.0,6451793000.0,40306445000.0,0.0017716094185041649,0.0019048968248051355
2023,Bay Area,KD3XUN7C6T14HNAYLU02,22,56000000.0,5,10035000.0,8,21400000.0,11728000.0,Goldman Sachs Bank USA,,,0.17919642857142856,0.20942857142857144,2007000.0,6937195000.0,6451793000.0,40306445000.0,0.0014465500825621882,0.0018177892564129072
2023,Bay Area,QOT5WN9RBKQTFRVKEV31,34,37100000.0,9,12085000.0,10,12680000.0,11506500.0,Bank of the West,,,0.3257412398921833,0.31014824797843665,1342777.7777777778,6937195000.0,6451793000.0,40306445000.0,0.001742058569782167,0.001783457714777892
2023,Bay Area,549300DCGBXW5FJMV921,157,106405000.0,19,12485000.0,28,18770000.0,10888500.0,"NMSI, INC.",,,0.11733471171467506,0.10233071754146891,657105.2631578947,6937195000.0,6451793000.0,40306445000.0,0.0017997187624104556,0.0016876703886811
2023,Bay Area,5493006F1N8E3EEF3W63,184,99610000.0,15,9605000.0,29,17535000.0,10332500.0,Fremont Bank,,,0.09642606164039755,0.10372954522638289,640333.3333333334,6937195000.0,6451793000.0,40306445000.0,0.001384565375486778,0.0016014927943286464
2023,Bay Area,549300MZ8VZJOVC63092,231,148925000.0,8,9010000.0,28,21390000.0,10154500.0,"KIND LENDING, LLC",,,0.06050025180459963,0.06818532818532819,1126250.0,6937195000.0,6451793000.0,40306445000.0,0.0012987958389521989,0.0015739035644819976
2023,Bay Area,549300KX6E1IE2LM5E30,34,48030000.0,5,10295000.0,5,10295000.0,10026500.0,"FLYHOMES MORTGAGE, LLC",,,0.2143452009160941,0.2087549448261503,2059000.0,6937195000.0,6451793000.0,40306445000.0,0.001484029207770576,0.0015540641183001377
2023,Bay Area,549300Q02LGIN9AXKP98,77,74395000.0,11,10445000.0,11,10445000.0,9987500.0,FIRST TECHNOLOGY FEDERAL CREDIT UNION,,,0.14039922037771355,0.13424961354929768,949545.4545454546,6937195000.0,6451793000.0,40306445000.0,0.001505651780006184,0.0015480192870416022
2023,Bay Area,549300XWUSRVVOHPRY47,316,193830000.0,11,7755000.0,39,22705000.0,9572000.0,"EVERETT FINANCIAL, INC.",,,0.040009286488159726,0.04938348036939586,705000.0,6937195000.0,6451793000.0,40306445000.0,0.0011178869845809437,0.0014836185847872058
2023,Bay Area,549300EKFFG3BU8DNX74,65,51855000.0,5,9635000.0,10,12050000.0,9554000.0,NEXERA HOLDING LLC,,,0.1858065760293125,0.18424452801079935,1927000.0,6937195000.0,6451793000.0,40306445000.0,0.0013888898899338997,0.0014808286626678817
2023,Bay Area,DRMSV1Q0EKMEXLAU1P80,86,66820000.0,8,11460000.0,16,16650000.0,9390500.0,"Citizens Bank, National Association",,,0.17150553726429213,0.14053427117629452,1432500.0,6937195000.0,6451793000.0,40306445000.0,0.0016519645188004663,0.0014554868700840215
2023,Bay Area,254900TTZ395IC926125,210,113120000.0,16,9350000.0,27,15225000.0,9188000.0,"Sierra Pacific Mortgage Company, Inc.",,,0.08265558698727016,0.08122347949080623,584375.0,6937195000.0,6451793000.0,40306445000.0,0.0013478070026862442,0.0014241002462416262
2023,Bay Area,549300PL8ER6H23P0Z91,129,94145000.0,9,7705000.0,22,16550000.0,8707000.0,BAY EQUITY LLC,,,0.08184183971533274,0.09248499654787827,856111.1111111111,6937195000.0,6451793000.0,40306445000.0,0.0011106794605024077,0.001349547327386356
2023,Bay Area,549300QNPOF1WCRKLZ94,62,53010000.0,10,8730000.0,12,11180000.0,8403000.0,San Mateo Credit Union,,,0.16468590831918506,0.15851726089417092,873000.0,6937195000.0,6451793000.0,40306445000.0,0.001258433704112397,0.001302428642704439
2023,Bay Area,549300R77W0P105C3S50,62,59250000.0,8,9690000.0,13,14765000.0,8305500.0,HOMEXPRESS MORTGAGE CORP.,,,0.16354430379746834,0.14017721518987342,1211250.0,6937195000.0,6451793000.0,40306445000.0,0.0013968181664202894,0.0012873165645581003
2023,Bay Area,54930043BMDE130FJ617,172,90770000.0,13,8045000.0,26,14070000.0,8225500.0,"PROVIDENT FUNDING ASSOCIATES, L.P.",,,0.08863060482538283,0.0906191472953619,618846.1538461539,6937195000.0,6451793000.0,40306445000.0,0.001159690624236453,0.001274916910694438
2023,Bay Area,54930052M48FOD3CWA54,99,60965000.0,6,6000000.0,25,17695000.0,7708500.0,"PRIMARY RESIDENTIAL MORTGAGE, INC.",,,0.09841712457967687,0.12644140080373986,1000000.0,6937195000.0,6451793000.0,40306445000.0,0.0008649028894243279,0.0011947841476005196
2023,Bay Area,549300MGPZBLQDIL7538,279,176695000.0,7,3835000.0,33,19795000.0,7568000.0,FAIRWAY INDEPENDENT MORTGAGE CORPORATION,,,0.021704066328984976,0.04283086674778573,547857.1428571428,6937195000.0,6451793000.0,40306445000.0,0.0005528170968237162,0.0011730072555024627
2023,Bay Area,5493003GQDUH26DNNH17,108,78200000.0,8,7590000.0,16,13730000.0,7470500.0,NAVY FEDERAL CREDIT UNION,,,0.09705882352941177,0.09553069053708439,948750.0,6937195000.0,6451793000.0,40306445000.0,0.0010941021551217748,0.001157895177356124
2023,Bay Area,549300AQ3T62GXDU7D76,392,221430000.0,10,5780000.0,27,15675000.0,6739000.0,GUILD MORTGAGE COMPANY LLC,,,0.02610305739962968,0.030433997200018065,578000.0,6937195000.0,6451793000.0,40306445000.0,0.0008331897834787692,0.0010445158423402611
2023,Bay Area,5493005PKOSG7MYX0B34,95,73075000.0,8,7480000.0,8,7480000.0,6587000.0,"Prosperity Home Mortgage, LLC",,,0.10236058843653781,0.09014026684912761,935000.0,6937195000.0,6451793000.0,40306445000.0,0.0010782456021489954,0.0010209564999993025
2023,Bay Area,549300NWBS6MQJX15N44,85,79175000.0,7,6265000.0,12,11270000.0,6413500.0,NexBank,,,0.07912851278812756,0.08100410483107041,895000.0,6937195000.0,6451793000.0,40306445000.0,0.000903102767040569,0.0009940647506824847
2023,Bay Area,549300FNXYY540N23N64,190,107280000.0,5,4215000.0,21,14455000.0,5852500.0,NEWREZ LLC,,,0.03928970917225951,0.05455350484712901,843000.0,6937195000.0,6451793000.0,40306445000.0,0.0006075942798205903,0.0009071121779635522
2023,Bay Area,5493008H68QG2A0MK376,27,17675000.0,11,7905000.0,11,7905000.0,5682500.0,First Commercial Bank (USA),,,0.4472418670438472,0.3214992927864215,718636.3636363636,6937195000.0,6451793000.0,40306445000.0,0.001139509556816552,0.0008807629135032696
2023,Bay Area,254900DTLHVWQ7NP7R34,133,81015000.0,8,5100000.0,16,9880000.0,5506500.0,"THE LOAN STORE, INC.",,,0.06295130531383077,0.06796889464913905,637500.0,6937195000.0,6451793000.0,40306445000.0,0.0007351674560106787,0.0008534836750032123
2023,Bay Area,254900ZFWS2106HWPH46,215,132045000.0,5,4135000.0,18,12180000.0,5355000.0,"Paramount Residential Mortgage Group, Inc.",,,0.03131508197962816,0.04055435646938544,827000.0,6937195000.0,6451793000.0,40306445000.0,0.0005960622412949326,0.0008300018304989017
2023,Bay Area,2549004FXPNKCLIN8250,74,52660000.0,7,5875000.0,12,9670000.0,5251000.0,"Synergy One Lending, Inc.",,,0.11156475503228257,0.09971515381693885,839285.7142857143,6937195000.0,6451793000.0,40306445000.0,0.0008468840792279877,0.0008138822804761405
2023,Bay Area,549300NLJI4QKZ3D0G94,17,23535000.0,4,5950000.0,6,7500000.0,5219500.0,"5TH STREET CAPITAL, INC.",,,0.25281495644784363,0.2217760781814319,1487500.0,6937195000.0,6451793000.0,40306445000.0,0.0008576953653457918,0.0008089999167673234
2023,Bay Area,549300KTR1JGH3K6LU06,37,33035000.0,7,6825000.0,10,7860000.0,5182000.0,Bethpage Federal Credit Union,,,0.20659906160133193,0.1568639321931285,975000.0,6937195000.0,6451793000.0,40306445000.0,0.000983827036720173,0.0008031875790187317
2023,Bay Area,FT6J43S06X6CLJ0R0B48,37,34135000.0,6,5960000.0,6,5960000.0,5129000.0,Cathay Bank,,,0.17460084956789218,0.15025633513988576,993333.3333333334,6937195000.0,6451793000.0,40306445000.0,0.000859136870161499,0.0007949728083340553
2023,Bay Area,549300LBCBNR1OT00651,136,59020000.0,10,5280000.0,16,7370000.0,5102500.0,NATIONSTAR MORTGAGE LLC,,,0.08946119959335819,0.08645374449339208,528000.0,6937195000.0,6451793000.0,40306445000.0,0.0007611145426934085,0.0007908654229917171
2023,Bay Area,549300XY701IELCE5Q08,55,37915000.0,9,5905000.0,14,9340000.0,5053000.0,BETTER MORTGAGE CORPORATION,,,0.1557431095872346,0.13327179216668864,656111.1111111111,6937195000.0,6451793000.0,40306445000.0,0.0008512085936751093,0.0007831931371635761
2023,Bay Area,549300R4F5COFJE0DN81,32,29080000.0,6,5080000.0,8,6470000.0,4960000.0,"ONY GLO, INC.",,,0.1746905089408528,0.17056396148555708,846666.6666666666,6937195000.0,6451793000.0,40306445000.0,0.0007322844463792642,0.0007687785395470685
2023,Bay Area,5493001WHVQBGRSWEU75,141,85465000.0,3,4235000.0,17,10395000.0,4891500.0,"HOMEBRIDGE FINANCIAL SERVICES, INC.",,,0.04955244837067806,0.05723395542034751,1411666.6666666667,6937195000.0,6451793000.0,40306445000.0,0.0006104772894520047,0.0007581613359263076
2023,Bay Area,4EP6JBYBTPTQ47LZOB67,13,18275000.0,4,6890000.0,4,6890000.0,4823000.0,"BNY Mellon, National Association",,,0.37701778385772916,0.2639124487004104,1722500.0,6937195000.0,6451793000.0,40306445000.0,0.0009931968180222697,0.0007475441323055467
2023,Bay Area,2549004Z576VEJBK3N72,24,24470000.0,2,6770000.0,2,6770000.0,4792000.0,"NP, INC.",,,0.276665304454434,0.1958316305680425,3385000.0,6937195000.0,6451793000.0,40306445000.0,0.0009758987602337833,0.0007427392664333775
2023,Bay Area,549300OPB0G5OMY0SM65,95,70365000.0,4,4560000.0,7,7705000.0,4743000.0,NEW WAVE LENDING GROUP INC,,,0.06480494564058836,0.06740567043274355,1140000.0,6937195000.0,6451793000.0,40306445000.0,0.0006573261959624891,0.0007351444784418843
2023,Bay Area,984500U2F9A83N391A91,32,23850000.0,3,3615000.0,7,8095000.0,4525500.0,"CHAMPIONS FUNDING, LLC",,,0.15157232704402515,0.18974842767295597,1205000.0,6937195000.0,6451793000.0,40306445000.0,0.0005211039908781575,0.0007014329195000522
2023,Bay Area,5493001R92DY5DI1DI85,45,32525000.0,3,3735000.0,10,9000000.0,4129000.0,DRAPER AND KRAMER MORTGAGE CORP.,,,0.1148347425057648,0.12694850115295928,1245000.0,6937195000.0,6451793000.0,40306445000.0,0.0005384020486666441,0.0006399771350382754
2023,Bay Area,549300IRXW9RSZM2B951,19,17055000.0,5,5005000.0,7,7005000.0,4103500.0,Evolve Bank & Trust,,,0.2934623277631193,0.2406039284667253,1001000.0,6937195000.0,6451793000.0,40306445000.0,0.0007214731602614602,0.000636024745369233
2023,Bay Area,549300DD5QQUHO6PCH70,132,83490000.0,6,3310000.0,12,8180000.0,3964000.0,"Mortgage Research Center, LLC",,,0.03964546652293688,0.04747873996885855,551666.6666666666,6937195000.0,6451793000.0,40306445000.0,0.00047713809399908754,0.0006144028489444717
2023,Bay Area,549300MCIFZSDHUT8X63,55,31545000.0,4,3350000.0,6,4710000.0,3758000.0,"NFM, INC.",,,0.10619749564114757,0.11913139958789032,837500.0,6937195000.0,6451793000.0,40306445000.0,0.0004829041132619164,0.0005824737402455411
2023,Bay Area,549300JYXTZDSPJEPI44,131,57195000.0,1,145000.0,88,28420000.0,3700000.0,"PLAZA HOME MORTGAGE, INC.",,,0.0025351866421890025,0.06469096949034006,145000.0,6937195000.0,6451793000.0,40306445000.0,2.0901819827754588e-05,0.0005734839911943859
2023,Bay Area,549300CXZHD5OTAISA91,27,16045000.0,6,4730000.0,7,5155000.0,3611000.0,MK LENDING CORP.,,,0.2947958865690246,0.22505453412277968,788333.3333333334,6937195000.0,6451793000.0,40306445000.0,0.0006818317778295118,0.0005596893762710614
2023,Bay Area,5493009B17HXCVXTD608,75,54235000.0,4,3740000.0,8,5750000.0,3607500.0,"JMAC LENDING, INC.",,,0.06895915921452936,0.06651608739743708,935000.0,6937195000.0,6451793000.0,40306445000.0,0.0005391228010744977,0.0005591468914145261
2023,Bay Area,549300XQVJ1XBNFA5536,166,31140000.0,17,3545000.0,17,3545000.0,3529500.0,21ST MORTGAGE CORPORATION,,,0.11384071933204881,0.11334296724470135,208529.41176470587,6937195000.0,6451793000.0,40306445000.0,0.000511013457168207,0.0005470572288974553
2023,Bay Area,549300PRAPL43XPYR044,43,27655000.0,6,4600000.0,8,5370000.0,3451000.0,"EMET LENDING GROUP, INC.",,,0.16633520159103235,0.1247875610197071,766666.6666666666,6937195000.0,6451793000.0,40306445000.0,0.000663092215225318,0.0005348900685437367
2023,Bay Area,549300T94GSH3C4U5M59,35,34945000.0,2,2850000.0,5,5975000.0,3433000.0,ALLIANT CREDIT UNION,,,0.08155673200744026,0.09824009157247103,1425000.0,6937195000.0,6451793000.0,40306445000.0,0.0004108288724765557,0.0005321001464244126
2023,Bay Area,54930054ET8KM4O1D485,35,21785000.0,6,4350000.0,7,4895000.0,3426000.0,"SOFI BANK, NATIONAL ASSOCIATION",,,0.19967867798944228,0.15726417259582282,725000.0,6937195000.0,6451793000.0,40306445000.0,0.0006270545948326377,0.0005310151767113421
2023,Bay Area,549300YIQ7S7Z8PIHE53,79,38595000.0,6,3660000.0,10,5990000.0,3353000.0,AMERISAVE MORTGAGE CORPORATION,,,0.0948309366498251,0.08687653841171136,610000.0,6937195000.0,6451793000.0,40306445000.0,0.00052759076254884,0.0005197004925607502
2023,Bay Area,549300VVH8HHFMWL8536,57,46385000.0,3,3505000.0,6,6600000.0,3315000.0,CHEVRON Federal Credit Union,,,0.07556322086881535,0.0714670690956128,1168333.3333333333,6937195000.0,6451793000.0,40306445000.0,0.0005052474379053782,0.0005138106569755105
2023,Bay Area,254900E6AIE4Z8YQM970,63,64255000.0,3,3285000.0,7,6635000.0,3304500.0,Citadel Servicing Corporation,,,0.051124426114699244,0.05142790444323399,1095000.0,6937195000.0,6451793000.0,40306445000.0,0.0004735343319598195,0.0005121832024059048
2023,Bay Area,5493000NYUJT9UC6G261,31,22675000.0,2,2660000.0,7,7435000.0,3294500.0,LEADERONE FINANCIAL CORPORATION,,,0.11730981256890849,0.14529217199558986,1330000.0,6937195000.0,6451793000.0,40306445000.0,0.0003834402809781187,0.0005106332456729471
2023,Bay Area,54930048P8RWCQHQM310,25,25825000.0,4,3410000.0,7,6155000.0,3227000.0,ARC HOME LLC,,,0.13204259438528557,0.12495643756050338,852500.0,6937195000.0,6451793000.0,40306445000.0,0.0004915531421561596,0.0005001710377254819
2023,Bay Area,549300J7I82PNDVU8H22,119,73595000.0,2,1690000.0,14,8310000.0,3169000.0,"OCMBC, INC.",,,0.022963516543243426,0.04305999048848427,845000.0,6937195000.0,6451793000.0,40306445000.0,0.00024361431385451902,0.0004911812886743267
2023,Bay Area,549300121SF0K2LN2804,57,46165000.0,3,2345000.0,9,7295000.0,3126500.0,"PRIMELENDING, A PLAINSCAPITAL COMPANY",,,0.05079605761940864,0.06772446658724142,781666.6666666666,6937195000.0,6451793000.0,40306445000.0,0.00033803287928334144,0.000484593972559256
2023,Bay Area,549300323EON4W3CCM44,92,56080000.0,6,3720000.0,8,4530000.0,3123000.0,"RESICENTRAL, LLC",,,0.06633380884450785,0.05568830242510699,620000.0,6937195000.0,6451793000.0,40306445000.0,0.0005362397914430833,0.00048405148770272076
2023,Bay Area,CKVBED0S4DMLKJJ5XH28,30,36190000.0,4,3480000.0,5,5505000.0,3043500.0,Stifel Bank and Trust,,,0.09615915998894722,0.08409781707654049,870000.0,6937195000.0,6451793000.0,40306445000.0,0.0005016436758661101,0.00047172933167570626
2023,Bay Area,549300AENO88GEUWCZ39,65,43705000.0,3,2625000.0,9,7025000.0,3024500.0,"Luminate Home Loans, Inc.",,,0.06006177782862373,0.06920260839720856,875000.0,6937195000.0,6451793000.0,40306445000.0,0.0003783950141231434,0.00046878441388308647
2023,Bay Area,549300370QILXLFUWD20,53,31705000.0,5,3475000.0,8,4810000.0,2927500.0,"ZILLOW HOME LOANS, LLC",,,0.10960416338117017,0.09233559375492824,695000.0,6937195000.0,6451793000.0,40306445000.0,0.0005009229234582566,0.0004537498335733958
2023,Bay Area,ZXMJHJK466PBZTM5F379,15,18455000.0,3,4035000.0,4,4890000.0,2909999.9999999995,Raymond James Bank,,,0.218639934976971,0.15768084529937684,1345000.0,6937195000.0,6451793000.0,40306445000.0,0.0005816471931378604,0.0004510374092907196
2023,Bay Area,549300LYRWPSYPK6S325,66,37730000.0,2,4080000.0,3,4485000.0,2896500.0,FREEDOM MORTGAGE CORPORATION,,,0.10813676119798568,0.07676914921812882,2040000.0,6937195000.0,6451793000.0,40306445000.0,0.000588133964808543,0.0004489449677012266
2023,Bay Area,C398JSK21YCXWM603F55,31,21955000.0,4,3030000.0,5,3535000.0,2819500.0,"Barrington Bank & Trust Company, National Association",,,0.13800956501935777,0.12842177180596676,757500.0,6937195000.0,6451793000.0,40306445000.0,0.00043677595915928556,0.0004370103008574516
2023,Bay Area,2549002VH9C0PKB8K153,14,17620000.0,2,3580000.0,3,4515000.0,2786500.0,Logan Finance Corporation,,,0.20317820658342792,0.15814415437003404,1790000.0,6937195000.0,6451793000.0,40306445000.0,0.0005160587240231822,0.00043189544363869084
2023,Bay Area,5493000349C5XXDRQX28,59,40515000.0,1,1305000.0,8,7390000.0,2739000.0,STG MORTGAGE INC,,,0.03221029248426509,0.06760459089226213,1305000.0,6937195000.0,6451793000.0,40306445000.0,0.0001881163784497913,0.0004245331491571413
2023,Bay Area,5493007VGBHF6SRXRR53,15,8195000.0,3,2645000.0,3,2645000.0,2569500.0,TECHNOLOGY CREDIT UNION,,,0.3227577791336181,0.31354484441732766,881666.6666666666,6937195000.0,6451793000.0,40306445000.0,0.00038127802375455787,0.00039826138253350657
2023,Bay Area,593C3GZG957YOJPS2Z63,22,31710000.0,1,1215000.0,3,6835000.0,2536500.0,City National Bank,,,0.038315988647114475,0.07999053926206244,1215000.0,6937195000.0,6451793000.0,40306445000.0,0.00017514283510842638,0.00039314652531474584
2023,Bay Area,6PTKHDJ8HDUF78PFWH30,3,3265000.0,3,3265000.0,3,3265000.0,2526500.0,The Northern Trust Company,,,1.0,0.7738131699846861,1088333.3333333333,6937195000.0,6451793000.0,40306445000.0,0.00047065132232840506,0.00039159656858178807
2023,Bay Area,549300NJVKCDJA5YC939,67,40685000.0,3,2195000.0,6,5360000.0,2488500.0,"HOMEOWNERS FINANCIAL GROUP USA, LLC",,,0.053951087624431605,0.06116504854368932,731666.6666666666,6937195000.0,6451793000.0,40306445000.0,0.00031641030704773326,0.0003857067329965484
2023,Bay Area,549300H3IZO24NSOO931,350,243520000.0,8,3540000.0,8,3540000.0,2478000.0,"LENNAR MORTGAGE, LLC",,,0.014536793692509856,0.010175755584756899,442500.0,6937195000.0,6451793000.0,40306445000.0,0.0005102927047603535,0.0003840792784269427
2023,Bay Area,549300TUQC6OYE8A0Y96,86,46800000.0,5,2885000.0,9,4705000.0,2464500.0,"PACIFIC RESIDENTIAL MORTGAGE, LLC",,,0.06164529914529915,0.05266025641025641,577000.0,6937195000.0,6451793000.0,40306445000.0,0.00041587413933153096,0.00038198683683744966
2023,Bay Area,549300Q3ROEQU3D1IW91,56,8780000.0,12,2440000.0,12,2440000.0,2440000.0,CREDIT HUMAN FEDERAL CREDIT UNION,,,0.27790432801822323,0.27790432801822323,203333.33333333334,6937195000.0,6451793000.0,40306445000.0,0.00035172717503256,0.00037818944284170305
2023,Bay Area,549300J6N77Q8OHYNF23,91,54295000.0,0,0.0,15,8205000.0,2360500.0,"ENVOY MORTGAGE, LTD",,,0.0,0.043475458145317246,,6937195000.0,6451793000.0,40306445000.0,0.0,0.00036586728681468856
2023,Bay Area,5493006RIR31ORKYB608,64,37180000.0,2,1420000.0,7,4765000.0,2360000.0,"LAND HOME FINANCIAL SERVICES, INC.",,,0.038192576654115115,0.06347498655190963,710000.0,6937195000.0,6451793000.0,40306445000.0,0.00020469368383042427,0.00036578978897804066
2023,Bay Area,549300ZIXM1VUXPG4D03,10,8590000.0,3,2765000.0,3,2765000.0,2354000.0,"Florida Capital Bank, National Association",,,0.32188591385331783,0.2740395809080326,921666.6666666666,6937195000.0,6451793000.0,40306445000.0,0.00039857608154304444,0.000364859814938266
2023,Bay Area,549300WTZMQSET2VY242,28,19440000.0,4,3210000.0,4,3210000.0,2247000.0,ACADEMY MORTGAGE CORPORATION,,,0.16512345679012347,0.11558641975308642,802500.0,6937195000.0,6451793000.0,40306445000.0,0.0004627230458420154,0.00034827527789561754
2023,Bay Area,5493000OM9RKJW8W5K82,124,71800000.0,3,1605000.0,11,5705000.0,2237000.0,ALAMEDA MORTGAGE CORPORATION,,,0.02235376044568245,0.03115598885793872,535000.0,6937195000.0,6451793000.0,40306445000.0,0.0002313615229210077,0.00034672532116265976
2023,Bay Area,5493001NJEVHTZW7FG34,30,22620000.0,2,1770000.0,6,4970000.0,2199000.0,SCHOOLSFIRST,,,0.07824933687002653,0.09721485411140583,885000.0,6937195000.0,6451793000.0,40306445000.0,0.00025514635238017673,0.0003408354855774201
2023,Bay Area,549300S5FVOSK5DQJN30,18,13530000.0,1,1395000.0,5,5365000.0,2167500.0,INTERCAP LENDING INC.,,,0.10310421286031042,0.16019955654101994,1395000.0,6937195000.0,6451793000.0,40306445000.0,0.00020108992179115623,0.00033595312186860305
2023,Bay Area,549300SGD2RNJOEDDS24,35,33335000.0,1,1495000.0,5,5075000.0,2120500.0,SAFE Credit Union,,,0.04484775761211939,0.06361181940902955,1495000.0,6937195000.0,6451793000.0,40306445000.0,0.00021550496994822836,0.0003286683252237014
2023,Bay Area,549300C04BJ0G297NC13,30,23100000.0,3,2025000.0,6,3590000.0,2105000.0,Ally Bank,,,0.08766233766233766,0.09112554112554112,675000.0,6937195000.0,6451793000.0,40306445000.0,0.0002919047251807106,0.0003262658922876168
2023,Bay Area,5493001SDQVS1NWYH012,39,26655000.0,4,2550000.0,4,2550000.0,2091000.0,"PREMIER LENDING, INC.",,,0.09566685424873382,0.07844682048396173,637500.0,6937195000.0,6451793000.0,40306445000.0,0.00036758372800533933,0.00032409595286147586
2023,Bay Area,549300Y5Y88FQLI7VE83,24,23840000.0,2,1740000.0,7,4705000.0,2086500.0,DEEPHAVEN MORTGAGE LLC,,,0.07298657718120806,0.08752097315436241,870000.0,6937195000.0,6451793000.0,40306445000.0,0.00025082183793305506,0.00032339847233164485
2023,Bay Area,549300K5R2UQGSNVT989,11,6395000.0,4,2520000.0,5,3465000.0,2047500.0,SAN FRANCISCO FEDERAL CREDIT UNION,,,0.3940578577013292,0.3201720093823299,630000.0,6937195000.0,6451793000.0,40306445000.0,0.0003632592135582177,0.00031735364107310946
2023,Bay Area,549300B4IYL7TZT8FA34,35,20825000.0,2,1570000.0,5,3155000.0,2045500.0,"PREMIER MORTGAGE RESOURCES, L.L.C.",,,0.07539015606242497,0.09822328931572628,785000.0,6937195000.0,6451793000.0,40306445000.0,0.00022631625606603245,0.0003170436497265179
2023,Bay Area,IFQSIUC9AGQV2NE8CN25,50,30790000.0,3,2535000.0,5,3425000.0,2041500.0,Umpqua Bank,COLB,Columbia Banking System,0.08233192594998376,0.06630399480350763,845000.0,6937195000.0,6451793000.0,40306445000.0,0.0003654214707817785,0.00031642366703333474
2023,Bay Area,5493006TY8FGNLX44X28,38,25210000.0,3,1745000.0,6,4330000.0,1997000.0,"AXIA FINANCIAL, LLC",,,0.0692185640618802,0.07921459738199127,581666.6666666666,6937195000.0,6451793000.0,40306445000.0,0.0002515425903409087,0.00030952635957167253
2023,Bay Area,549300I1HK1BBZLKOB84,10,14850000.0,2,2130000.0,2,2130000.0,1978500.0,ADVANCIAL CREDIT UNION,,,0.14343434343434344,0.13323232323232323,1065000.0,6937195000.0,6451793000.0,40306445000.0,0.0003070405257456364,0.00030665893961570064
2023,Bay Area,549300VRYDYOPWK5MO08,24,21620000.0,2,1410000.0,5,4185000.0,1973000.0,"Provident Savings Bank, F.S.B.",,,0.06521739130434782,0.09125809435707678,705000.0,6937195000.0,6451793000.0,40306445000.0,0.00020325217901471704,0.0003058064634125738
2023,Bay Area,5493005LE3FE2MIPPW66,25,12015000.0,2,1630000.0,5,2765000.0,1889500.0,"COAST 2 COAST FUNDING GROUP, INC.",,,0.13566375364128172,0.15726175613816062,815000.0,6937195000.0,6451793000.0,40306445000.0,0.00023496528496027574,0.0002928643246923762
2023,Bay Area,213800XR2TCBQJSF1X93,38,23120000.0,2,1260000.0,7,5005000.0,1860500.0,NBKC BANK,,,0.054498269896193774,0.08047145328719724,630000.0,6937195000.0,6451793000.0,40306445000.0,0.00018162960677910886,0.0002883694501667986
2023,Bay Area,54930061FQ5XDACCBW12,3,3505000.0,1,1845000.0,1,1845000.0,1845000.0,"PACIFIC HORIZON BANCORP, INC.",,,0.5263908701854494,0.5263908701854494,1845000.0,6937195000.0,6451793000.0,40306445000.0,0.0002659576384979808,0.000285967017230714
2023,Bay Area,549300DT7WZ1SOTNFJ62,50,37900000.0,3,2385000.0,4,2890000.0,1821000.0,First Bank,,,0.0629287598944591,0.04804749340369393,795000.0,6937195000.0,6451793000.0,40306445000.0,0.00034379889854617033,0.0002822471210716153
2023,Bay Area,549300U7F7T8UG5AI038,11,7265000.0,2,1780000.0,3,2565000.0,1660500.0,"COASTAL FUNDING SLC, INC.",,,0.24501032346868548,0.22856159669649,890000.0,6937195000.0,6451793000.0,40306445000.0,0.00025658785719588395,0.0002573703155076426
2023,Bay Area,549300GAX7IKJUKCJE72,106,50720000.0,3,1625000.0,5,2785000.0,1654500.0,TRAVIS CREDIT UNION,,,0.03203864353312303,0.03262026813880126,541666.6666666666,6937195000.0,6451793000.0,40306445000.0,0.00023424453255242213,0.0002564403414678679
2023,Bay Area,549300VORTI31GZTJL53,85,53055000.0,1,445000.0,8,5440000.0,1645000.0,"CARDINAL FINANCIAL COMPANY, LIMITED PARTNERSHIP",,,0.008387522382433324,0.03100556026764678,445000.0,6937195000.0,6451793000.0,40306445000.0,6.414696429897099e-05,0.00025496788257155803
2023,Bay Area,2549001SI0EMFPT39035,35,26695000.0,0,0.0,6,6910000.0,1634000.0,"Cornerstone First Mortgage, Inc",,,0.0,0.06120996441281139,,6937195000.0,6451793000.0,40306445000.0,0.0,0.00025326293016530446
2023,Bay Area,549300DD4R4SYK5RAQ92,94,62380000.0,1,1065000.0,7,5465000.0,1552500.0,"MOVEMENT MORTGAGE, LLC",,,0.01707277973709522,0.02488778454632895,1065000.0,6937195000.0,6451793000.0,40306445000.0,0.0001535202628728182,0.00024063078279169838
2023,Bay Area,549300RPOGWJRH63HS39,29,17475000.0,1,1245000.0,5,3715000.0,1531500.0,UNION HOME MORTGAGE CORP.,,,0.07124463519313305,0.08763948497854077,1245000.0,6937195000.0,6451793000.0,40306445000.0,0.00017946734955554802,0.00023737587365248698
2023,Bay Area,549300NFPC3Y4W3Y7R87,34,27780000.0,1,1005000.0,4,2720000.0,1519500.0,CALCON MUTUAL MORTGAGE LLC,,,0.036177105831533475,0.0546976241900648,1005000.0,6937195000.0,6451793000.0,40306445000.0,0.0001448712339785749,0.00023551592557293763
2023,Bay Area,5493001GDRY0EL7VG372,39,24805000.0,2,1640000.0,3,2135000.0,1483500.0,"ARK-LA-TEX FINANCIAL SERVICES, LLC.",,,0.06611570247933884,0.05980649062688974,820000.0,6937195000.0,6451793000.0,40306445000.0,0.00023640678977598293,0.00022993608133428957
2023,Bay Area,549300JPGMCMBEJEK584,28,24540000.0,1,1905000.0,2,2350000.0,1467000.0,DIGITAL,,,0.0776283618581907,0.0597799511002445,1905000.0,6937195000.0,6451793000.0,40306445000.0,0.0002746066673922241,0.00022737865272490917
2023,Bay Area,549300BX448ALT10FI43,22,15550000.0,1,455000.0,5,4155000.0,1428500.0,The Federal Savings Bank,,,0.029260450160771705,0.09186495176848875,455000.0,6937195000.0,6451793000.0,40306445000.0,6.55884691146782e-05,0.00022141131930302166
2023,Bay Area,549300HRLROF7PLJ6735,26,28960000.0,1,1865000.0,2,2990000.0,1418000.0,CLEAREDGE LENDING LLC,,,0.06439917127071823,0.048964088397790054,1865000.0,6937195000.0,6451793000.0,40306445000.0,0.0002688406481293952,0.00021978386473341596
2023,Bay Area,8945004XZN3PZQZJW178,22,11040000.0,1,1235000.0,3,2895000.0,1414500.0,UNCLE Credit Union,,,0.1118659420289855,0.128125,1235000.0,6937195000.0,6451793000.0,40306445000.0,0.00017802584473984083,0.00021924137987688075
2023,Bay Area,54930021WPEXNHYZUL09,33,18265000.0,1,895000.0,4,2730000.0,1356000.0,"PLANET HOME LENDING, LLC",,,0.04900082124281412,0.07424035039693402,895000.0,6937195000.0,6451793000.0,40306445000.0,0.00012901468100579556,0.0002101741329890776
2023,Bay Area,5493008NWHQT1R22C024,73,41265000.0,0,0.0,9,5375000.0,1327500.0,"AMERICAN FINANCIAL NETWORK, INC.",,,0.0,0.0321701199563795,,6937195000.0,6451793000.0,40306445000.0,0.0,0.0002057567563001479
2023,Bay Area,549300OPCWU6E72WUT29,29,15515000.0,2,1470000.0,5,2585000.0,1294500.0,"MUTUAL OF OMAHA MORTGAGE, INC.",,,0.09474701901385756,0.08343538511118273,735000.0,6937195000.0,6451793000.0,40306445000.0,0.00021190120790896033,0.00020064189908138713
2023,Bay Area,254900TG14TB8RKS3U42,13,8445000.0,1,695000.0,4,2690000.0,1293500.0,"Filo Mortgage, L.L.C.",,,0.08229721728833629,0.1531675547661338,695000.0,6937195000.0,6451793000.0,40306445000.0,0.00010018458469165131,0.00020048690340809135
2023,Bay Area,2549005SIVTHG14U2905,22,18730000.0,1,1645000.0,2,2090000.0,1285000.0,A&D Mortgage LLC,,,0.08782701548318206,0.06860651361452216,1645000.0,6937195000.0,6451793000.0,40306445000.0,0.00023712754218383655,0.00019916944018507723
2023,Bay Area,5493005LWLLN6G3XQP35,6,4540000.0,1,1245000.0,1,1245000.0,1245000.0,CTBC Bank Corp. (USA),,,0.27422907488986786,0.27422907488986786,1245000.0,6937195000.0,6451793000.0,40306445000.0,0.00017946734955554802,0.00019296961325324604
2023,Bay Area,549300ZCR1XCLNEEI724,5,4925000.0,2,1720000.0,2,1720000.0,1203999.9999999998,FOUNDATION MORTGAGE CORPORATION,,,0.349238578680203,0.24446700507614208,860000.0,6937195000.0,6451793000.0,40306445000.0,0.00024793882830164067,0.000186614790648119
2023,Bay Area,549300RN01LBYR8ZVX74,8,5390000.0,1,1285000.0,3,2255000.0,1190500.0,"LOWER, LLC",,,0.23840445269016697,0.22087198515769943,1285000.0,6937195000.0,6451793000.0,40306445000.0,0.0001852333688183769,0.00018452234905862603
2023,Bay Area,549300OSY236S7MBKO83,16,2990000.0,5,1155000.0,5,1155000.0,1155000.0,"CIS Financial Services, Inc.",,,0.3862876254180602,0.3862876254180602,231000.0,6937195000.0,6451793000.0,40306445000.0,0.00016649380621418312,0.00017902000265662585
2023,Bay Area,5493008VVXQIDO1EZ460,119,73865000.0,1,295000.0,5,3415000.0,1142500.0,"SUMMIT FUNDING, INC.",,,0.003993772422662966,0.015467406755567589,295000.0,6937195000.0,6451793000.0,40306445000.0,4.252439206336279e-05,0.0001770825567404286
2023,Bay Area,549300UR5AOWTJJ7KZ64,19,18305000.0,1,1485000.0,3,2435000.0,1134500.0,LENDSURE MORTGAGE CORP.,,,0.0811253755804425,0.06197760174815624,1485000.0,6937195000.0,6451793000.0,40306445000.0,0.00021406346513252114,0.00017584259135406234
2023,Bay Area,337KMNHEWWWR6B7Q7W10,8,14690000.0,1,1595000.0,1,1595000.0,1116500.0,MidFirst Bank,,,0.10857726344452008,0.07600408441116406,1595000.0,6937195000.0,6451793000.0,40306445000.0,0.00022992001810530048,0.0001730526692347383
2023,Bay Area,5493003BXKRGHQHRJV38,2,2570000.0,1,1595000.0,1,1595000.0,1116500.0,ITHINK FINANCIAL Credit Union,,,0.6206225680933852,0.43443579766536966,1595000.0,6937195000.0,6451793000.0,40306445000.0,0.00022992001810530048,0.0001730526692347383
2023,Bay Area,5493009BD405QQTMXO12,19,13105000.0,1,1105000.0,1,1105000.0,1105000.0,TOLL BROTHERS MORTGAGE COMPANY,,,0.0843189622281572,0.0843189622281572,1105000.0,6937195000.0,6451793000.0,40306445000.0,0.00015928628213564703,0.00017127021899183685
2023,Bay Area,54930002O9LLXKR6TF11,36,19930000.0,2,1350000.0,3,1855000.0,1096500.0,BAY-VALLEY MORTGAGE GROUP,,,0.0677370797792273,0.05501756146512795,675000.0,6937195000.0,6451793000.0,40306445000.0,0.00019460315012047376,0.0001699527557688227
2023,Bay Area,549300SVKVT1EF3U0N48,17,8975000.0,0,0.0,8,3650000.0,1095000.0,"ON Q FINANCIAL, LLC",,,0.0,0.12200557103064066,,6937195000.0,6451793000.0,40306445000.0,0.0,0.00016972026225887905
2023,Bay Area,549300UPB8ITF7B1GI03,11,7125000.0,2,1540000.0,2,1540000.0,1078000.0,CATALYST MORTGAGE,,,0.216140350877193,0.1512982456140351,770000.0,6937195000.0,6451793000.0,40306445000.0,0.0002219917416189108,0.00016708533581285078
2023,Bay Area,549300YPSRX7HBRJSR08,19,10385000.0,1,355000.0,5,3105000.0,1073500.0,1ST UNITED SERVICES CREDIT UNION,,,0.034183919114106884,0.10337024554646124,355000.0,6937195000.0,6451793000.0,40306445000.0,5.1173420957606066e-05,0.00016638785528301977
2023,Bay Area,QFROUN1UWUYU0DVIWD51,8,6000000.0,1,1505000.0,1,1505000.0,1053500.0,"Fifth Third Bank, National Association",,,0.25083333333333335,0.17558333333333334,1505000.0,6937195000.0,6451793000.0,40306445000.0,0.00021694647476393556,0.00016328794181710417
2023,Bay Area,5493001XKL0FTNOJ0866,8,5460000.0,1,1495000.0,1,1495000.0,1046499.9999999999,"GENEVA FINANCIAL, LLC",,,0.27380952380952384,0.19166666666666665,1495000.0,6937195000.0,6451793000.0,40306445000.0,0.00021550496994822836,0.0001622029721040337
2023,Bay Area,549300QKL5FUBZ8LSF50,31,20865000.0,1,945000.0,2,1270000.0,1042500.0,"NATIONS DIRECT MORTGAGE, LLC",,,0.04529115744069015,0.04996405463695183,945000.0,6937195000.0,6451793000.0,40306445000.0,0.00013622220508433162,0.0001615829894108506
2023,Bay Area,PAOOWF3GUFM46FBSP561,15,6275000.0,2,840000.0,4,1460000.0,1026000.0,PHH Mortgage Corporation,,,0.13386454183266933,0.16350597609561754,420000.0,6937195000.0,6451793000.0,40306445000.0,0.0001210864045194059,0.00015902556080147023
2023,Bay Area,549300G4JDIJPBEO8J84,11,8235000.0,1,635000.0,3,2565000.0,1023500.0,GENHOME MORTGAGE CORPORATION,,,0.07710989678202793,0.12428658166363084,635000.0,6937195000.0,6451793000.0,40306445000.0,9.153555579740803e-05,0.00015863807161823078
2023,Bay Area,549300KQHWNSVCE2MY88,13,8195000.0,2,930000.0,3,1395000.0,978000.0,"SIRVA MORTGAGE, INC.",,,0.11348383160463697,0.11934106162294082,465000.0,6937195000.0,6451793000.0,40306445000.0,0.00013405994786077081,0.0001515857684832728
2023,Bay Area,5493005JPZ3LXXMB0S24,3,1785000.0,2,1380000.0,2,1380000.0,966000.0,"FBC MORTGAGE, LLC",,,0.773109243697479,0.5411764705882353,690000.0,6937195000.0,6451793000.0,40306445000.0,0.0001989276645675954,0.00014972582040372344
2023,Bay Area,549300SELI3XCH3UZW80,3,2565000.0,1,1365000.0,1,1365000.0,955499.9999999999,FIRST CENTENNIAL MORTGAGE CORPORATION,,,0.5321637426900585,0.3725146198830409,1365000.0,6937195000.0,6451793000.0,40306445000.0,0.0001967654073440346,0.0001480983658341177
2023,Bay Area,549300W4FT4H1UWPGU95,1,1365000.0,1,1365000.0,1,1365000.0,955499.9999999999,GREENSTATE Credit Union,,,1.0,0.7,1365000.0,6937195000.0,6451793000.0,40306445000.0,0.0001967654073440346,0.0001480983658341177
2023,Bay Area,5493003NV9L53LK1XI52,37,22855000.0,1,475000.0,5,3215000.0,947500.0,ROYAL PACIFIC FUNDING CORP.,,,0.02078319842485233,0.041457011594837015,475000.0,6937195000.0,6451793000.0,40306445000.0,6.847147874609262e-05,0.0001468584004477515
2023,Bay Area,254900O28OG3UMHXQY81,9,5695000.0,1,1175000.0,2,1580000.0,944000.0,"Strong Home Mortgage, LLC",,,0.20632133450395082,0.16575943810359964,1175000.0,6937195000.0,6451793000.0,40306445000.0,0.00016937681584559754,0.00014631591559121626
2023,Bay Area,JJKC32MCHWDI71265Z06,21,20485000.0,0,0.0,4,3980000.0,872000.0,Truist Bank,,,0.0,0.04256773248718575,,6937195000.0,6451793000.0,40306445000.0,0.0,0.0001351562271139201
2023,Bay Area,549300YD7XJM19TH5O82,21,16255000.0,1,1225000.0,1,1225000.0,857500.0,CITIZENS EQUITY FIRST,,,0.07536142725315288,0.05275299907720701,1225000.0,6937195000.0,6451793000.0,40306445000.0,0.0001765843399241336,0.0001329087898511313
2023,Bay Area,549300DNWSJUNAWUM003,4,2170000.0,2,1010000.0,3,1455000.0,840500.0,"CREDIT UNION MORTGAGE ASSOCIATION, INC.",,,0.46543778801843316,0.38732718894009216,505000.0,6937195000.0,6451793000.0,40306445000.0,0.00014559198638642852,0.00013027386340510306
2023,Bay Area,HIDXEG9BLUJZKBGUT764,4,3820000.0,1,705000.0,2,1810000.0,825000.0,Bank-Fund Staff Federal Credit Union,,,0.18455497382198952,0.21596858638743455,705000.0,6937195000.0,6451793000.0,40306445000.0,0.00010162608950735852,0.00012787143046901845
2023,Bay Area,549300IIYO1S63GOQ040,2,3150000.0,1,1155000.0,1,1155000.0,808500.0,"PCMA, INC.",,,0.36666666666666664,0.25666666666666665,1155000.0,6937195000.0,6451793000.0,40306445000.0,0.00016649380621418312,0.00012531400185963808
2023,Bay Area,254900HQK1GFTN5BRG15,7,4345000.0,1,975000.0,2,1320000.0,786000.0,Chicago Mortgage Solutions LLC,,,0.2243958573072497,0.180897583429229,975000.0,6937195000.0,6451793000.0,40306445000.0,0.00014054671953145326,0.00012182659921048304
2023,Bay Area,549300FX7K8PTEQUU487,29,17925000.0,1,535000.0,2,1370000.0,785500.0,PENTAGON FEDERAL CREDIT UNION,,,0.0298465829846583,0.04382147838214784,535000.0,6937195000.0,6451793000.0,40306445000.0,7.71205076403359e-05,0.00012174910137383515
2023,Bay Area,549300KW3HYVC06WS898,5,2675000.0,1,775000.0,1,775000.0,775000.0,Paramount Bank,,,0.2897196261682243,0.2897196261682243,775000.0,6937195000.0,6451793000.0,40306445000.0,0.00011171662321730902,0.00012012164680422946
2023,Bay Area,549300LHJR6FIWIU8E25,2,1530000.0,1,1085000.0,1,1085000.0,759500.0,FIRST NATIONS HOME FINANCE CORPORATION,,,0.7091503267973857,0.49640522875816995,1085000.0,6937195000.0,6451793000.0,40306445000.0,0.0001564032725042326,0.00011771921386814488
2023,Bay Area,549300S5YL3OH0IVCS62,1,1085000.0,1,1085000.0,1,1085000.0,759500.0,FINANCE OF AMERICA REVERSE LLC,,,1.0,0.7,1085000.0,6937195000.0,6451793000.0,40306445000.0,0.0001564032725042326,0.00011771921386814488
2023,Bay Area,549300RYWXR8TL5LIK35,33,17445000.0,0,0.0,6,2530000.0,759000.0,"ALLIED MORTGAGE GROUP, INC.",,,0.0,0.04350816852966466,,6937195000.0,6451793000.0,40306445000.0,0.0,0.00011764171603149699
2023,Bay Area,549300XCVBRR56D08F03,29,16285000.0,1,325000.0,4,1870000.0,756000.0,"MISSION LOANS, LLC",,,0.019957015658581517,0.04642308873196193,325000.0,6937195000.0,6451793000.0,40306445000.0,4.6848906510484424e-05,0.00011717672901160964
2023,Bay Area,5493002GI63WHHUTUD85,10,5640000.0,1,445000.0,3,1445000.0,745000.0,"KEYSTONE FUNDING, INC.",,,0.07890070921985816,0.1320921985815603,445000.0,6937195000.0,6451793000.0,40306445000.0,6.414696429897099e-05,0.00011547177660535607
2023,Bay Area,549300B81YWV4GBENI49,2,1590000.0,1,805000.0,1,805000.0,724500.0,First Internet Bank of Indiana,,,0.5062893081761006,0.4556603773584906,805000.0,6937195000.0,6451793000.0,40306445000.0,0.00011604113766443066,0.00011229436530279258
2023,Bay Area,549300GRGZDEH4ZGQS06,2,1310000.0,1,1005000.0,1,1005000.0,703500.0,Waterstone Mortgage Corporation,,,0.767175572519084,0.5370229007633588,1005000.0,6937195000.0,6451793000.0,40306445000.0,0.0001448712339785749,0.00010903945616358119
2023,Bay Area,FDXQ75GPEQKRPWABYN63,1,975000.0,1,975000.0,1,975000.0,682500.0,CIBC Bank USA,,,1.0,0.7,975000.0,6937195000.0,6451793000.0,40306445000.0,0.00014054671953145326,0.00010578454702436981
2023,Bay Area,5493000H6DFDDJRORG89,13,9435000.0,1,725000.0,1,725000.0,652500.0,"LADERA LENDING, INC.",,,0.07684154742978272,0.06915739268680444,725000.0,6937195000.0,6451793000.0,40306445000.0,0.00010450909913877295,0.00010113467682549642
2023,Bay Area,254900IEGKUDRDS23V26,14,13910000.0,0,0.0,2,2170000.0,651000.0,"AAA CAPITAL INVESTMENT, INC.",,,0.0,0.046800862688713155,,6937195000.0,6451793000.0,40306445000.0,0.0,0.00010090218331555275
2023,Bay Area,549300AG10BX85DF5S49,58,34360000.0,0,0.0,4,2630000.0,646000.0,MLD MORTGAGE INC.,,,0.0,0.01880093131548312,,6937195000.0,6451793000.0,40306445000.0,0.0,0.00010012720494907385
2023,Bay Area,549300ZZME37MXI1EF14,18,7900000.0,0,0.0,5,2135000.0,640500.0,"DAS Acquisition Company, LLC",,,0.0,0.0810759493670886,,6937195000.0,6451793000.0,40306445000.0,0.0,9.927472874594706e-05
2023,Bay Area,549300K4ZLGS7SRDTL86,38,20820000.0,1,655000.0,2,1260000.0,640000.0,Equity Prime Mortgage LLC,,,0.03146013448607109,0.03073967339097022,655000.0,6937195000.0,6451793000.0,40306445000.0,9.441856542882246e-05,9.919723090929916e-05
2023,Bay Area,549300CLB0CCSJV6S044,8,1410000.0,5,745000.0,6,1000000.0,629500.0,SAN FRANCISCO FIRE CREDIT UNION,,,0.5283687943262412,0.44645390070921986,149000.0,6937195000.0,6451793000.0,40306445000.0,0.00010739210877018737,9.756977633969347e-05
2023,Bay Area,2549005Q4HZ55QX7YC64,17,11115000.0,1,655000.0,2,1220000.0,628000.0,"Watermark Capital, Inc.",,,0.058929374718848404,0.056500224921277556,655000.0,6937195000.0,6451793000.0,40306445000.0,9.441856542882246e-05,9.733728282974981e-05
2023,Bay Area,549300GH41JLTHV1SQ41,14,7050000.0,1,615000.0,3,1455000.0,601500.0,"WELCOME HOME FUNDING, LLC",,,0.08723404255319149,0.08531914893617021,615000.0,6937195000.0,6451793000.0,40306445000.0,8.865254616599361e-05,9.322989748741164e-05
2023,Bay Area,Q708HHR4LD2B7XIZNO92,7,4875000.0,1,305000.0,2,1360000.0,591000.0,First Federal Bank,,,0.06256410256410257,0.12123076923076923,305000.0,6937195000.0,6451793000.0,40306445000.0,4.396589687907e-05,9.160244291780596e-05
2023,Bay Area,5493002G4JO4BZ22MC13,1,835000.0,1,835000.0,1,835000.0,584500.0,"IVY MORTGAGE, INC.",,,1.0,0.7,835000.0,6937195000.0,6451793000.0,40306445000.0,0.00012036565211155229,9.059497104138338e-05
2023,Bay Area,549300TF1E42EUFBSL45,22,12680000.0,1,555000.0,5,1305000.0,582500.0,Mechanics Bank,,,0.043769716088328074,0.0459384858044164,555000.0,6937195000.0,6451793000.0,40306445000.0,8.000351727175032e-05,9.028497969479182e-05
2023,Bay Area,254900VHUBSJJKOMBF27,53,30535000.0,0,0.0,4,2520000.0,577000.0,"GOLDEN EMPIRE MORTGAGE, INC.",,,0.0,0.01889634845259538,,6937195000.0,6451793000.0,40306445000.0,0.0,8.943250349166503e-05
2023,Bay Area,549300YAYQAARPBTRA72,2,1440000.0,1,575000.0,1,575000.0,575000.0,"PROPER RATE, LLC",,,0.3993055555555556,0.3993055555555556,575000.0,6937195000.0,6451793000.0,40306445000.0,8.288652690316475e-05,8.912251214507347e-05
2023,Bay Area,549300I0HE5X0T5OI648,22,19290000.0,1,495000.0,2,1230000.0,567000.0,CALIFORNIA CREDIT UNION,,,0.025660964230171075,0.029393468118195955,495000.0,6937195000.0,6451793000.0,40306445000.0,7.135448837750705e-05,8.788254675870723e-05
2023,Bay Area,549300UXY7OP0IC38293,13,11695000.0,1,595000.0,2,1070000.0,559000.0,Northpointe Bank,,,0.05087644292432664,0.04779820436083797,595000.0,6937195000.0,6451793000.0,40306445000.0,8.576953653457917e-05,8.664258137234099e-05
2023,Bay Area,549300GQDT484LGI9C04,11,4735000.0,1,585000.0,2,1050000.0,549000.0,NETWORK CAPITAL FUNDING CORPORATION,,,0.1235480464625132,0.11594508975712778,585000.0,6937195000.0,6451793000.0,40306445000.0,8.432803171887196e-05,8.509262463938319e-05
2023,Bay Area,549300ZEHLZ064G58146,1,775000.0,1,775000.0,1,775000.0,542500.0,"Sterling Bank and Trust, FSB",,,1.0,0.7,775000.0,6937195000.0,6451793000.0,40306445000.0,0.00011171662321730902,8.408515276296063e-05
2023,Bay Area,549300LU20D3H1812W20,3,1915000.0,1,765000.0,1,765000.0,535500.0,"WALL FINANCIAL, INC.",,,0.39947780678851175,0.27963446475195824,765000.0,6937195000.0,6451793000.0,40306445000.0,0.0001102751184016018,8.300018304989016e-05
2023,Bay Area,HUX2X73FUCYHUVH1BK78,7,6995000.0,1,765000.0,1,765000.0,535500.0,KeyBank National Association,,,0.1093638313080772,0.07655468191565404,765000.0,6937195000.0,6451793000.0,40306445000.0,0.0001102751184016018,8.300018304989016e-05
2023,Bay Area,549300YIOSILVWW8FH16,4,3550000.0,0,0.0,2,1710000.0,513000.0,BRIDGELOCK CAPITAL,,,0.0,0.14450704225352112,,6937195000.0,6451793000.0,40306445000.0,0.0,7.951278040073512e-05
2023,Bay Area,549300P1347BFCBHJV60,1,725000.0,1,725000.0,1,725000.0,507499.99999999994,MASS. INSTITUTE OF TECH. FEDERAL CREDIT UNION,,,1.0,0.7,725000.0,6937195000.0,6451793000.0,40306445000.0,0.00010450909913877295,7.866030419760831e-05
2023,Bay Area,C5654JQHZUHN0772B561,19,10745000.0,0,0.0,2,1650000.0,495000.0,USAA Federal Savings Bank,,,0.0,0.0460679385760819,,6937195000.0,6451793000.0,40306445000.0,0.0,7.672285828141107e-05
2023,Bay Area,5493004RLLKTQS8K7U51,4,2010000.0,1,465000.0,1,465000.0,465000.0,American Airlines Federal Credit Union,,,0.23134328358208955,0.23134328358208955,465000.0,6937195000.0,6451793000.0,40306445000.0,6.702997393038541e-05,7.207298808253768e-05
2023,Bay Area,549300TK6RZQSFXZHV09,16,7930000.0,1,465000.0,1,465000.0,465000.0,"MICHIGAN MUTUAL, INC.",,,0.058638083228247165,0.058638083228247165,465000.0,6937195000.0,6451793000.0,40306445000.0,6.702997393038541e-05,7.207298808253768e-05
2023,Bay Area,5493002B2WMHY23GFK92,3,2215000.0,0,0.0,2,1540000.0,462000.0,"AMERICAN FINANCIAL RESOURCES, INC.",,,0.0,0.20857787810383746,,6937195000.0,6451793000.0,40306445000.0,0.0,7.160800106265033e-05
2023,Bay Area,549300D4ZYLSQ5LMTV35,1,605000.0,1,605000.0,1,605000.0,423500.0,ABSOLUTE HOME MORTGAGE CORPORATION,,,1.0,0.7,605000.0,6937195000.0,6451793000.0,40306445000.0,8.72110413502864e-05,6.564066764076281e-05
2023,Bay Area,5493008BSTI0PQR0IL08,6,1080000.0,2,420000.0,2,420000.0,420000.0,Superior Choice Credit Union,,,0.3888888888888889,0.3888888888888889,210000.0,6937195000.0,6451793000.0,40306445000.0,6.054320225970295e-05,6.509818278422758e-05
2023,Bay Area,549300FVD3YHE65PKH97,20,9620000.0,0,0.0,3,1385000.0,415500.0,"PANORAMA MORTGAGE GROUP, LLC",,,0.0,0.043191268191268194,,6937195000.0,6451793000.0,40306445000.0,0.0,6.440070225439657e-05
2023,Bay Area,549300F8C5JA44WNMI75,5,2125000.0,1,585000.0,1,585000.0,409500.0,AMERICAN NEIGHBORHOOD MORTGAGE ACCEPTANCE COMPANY LLC,,,0.2752941176470588,0.19270588235294117,585000.0,6937195000.0,6451793000.0,40306445000.0,8.432803171887196e-05,6.347072821462189e-05
2023,Bay Area,70WY0ID1N53Q4254VH70,18,13750000.0,1,495000.0,2,700000.0,408000.0,Comerica Bank,,,0.036,0.029672727272727274,495000.0,6937195000.0,6451793000.0,40306445000.0,7.135448837750705e-05,6.323823470467823e-05
2023,Bay Area,549300J7XKT2BI5WX213,125,68405000.0,0,0.0,2,1350000.0,405000.0,"CALIBER HOME LOANS, INC.",,,0.0,0.00592061983773116,,6937195000.0,6451793000.0,40306445000.0,0.0,6.277324768479088e-05
2023,Bay Area,549300ALNLUNS3Y53T24,5,2685000.0,0,0.0,2,1250000.0,375000.0,AMERICAN FINANCING CORPORATION,,,0.0,0.13966480446927373,,6937195000.0,6451793000.0,40306445000.0,0.0,5.812337748591748e-05
2023,Bay Area,5493001JT9MT3Z3Y3M39,4,5320000.0,1,535000.0,1,535000.0,374500.0,"RBC Bank, (Georgia) National Association",,,0.10056390977443609,0.07039473684210526,535000.0,6937195000.0,6451793000.0,40306445000.0,7.71205076403359e-05,5.8045879649269594e-05
2023,Bay Area,5493005NIBYLNJC10826,6,4590000.0,1,535000.0,1,535000.0,374500.0,"T. J. FINANCIAL, INC.",,,0.11655773420479303,0.08159041394335512,535000.0,6937195000.0,6451793000.0,40306445000.0,7.71205076403359e-05,5.8045879649269594e-05
2023,Bay Area,549300BXWU32AYWT1A56,21,16875000.0,1,525000.0,1,525000.0,367500.0,UIF CORPORATION,,,0.03111111111111111,0.021777777777777778,525000.0,6937195000.0,6451793000.0,40306445000.0,7.567900282462869e-05,5.696090993619913e-05
2023,Bay Area,213800QUAI2VH5YM6310,9,8555000.0,0,0.0,2,1150000.0,345000.0,"EMBRACE HOME LOANS, INC.",,,0.0,0.04032729398012858,,6937195000.0,6451793000.0,40306445000.0,0.0,5.3473507287044085e-05
2023,Bay Area,549300W45D2J6BT4LX65,12,9680000.0,0,0.0,2,1110000.0,333000.0,"ALL CREDIT CONSIDERED MORTGAGE, INC.",,,0.0,0.034400826446280994,,6937195000.0,6451793000.0,40306445000.0,0.0,5.1613559207494725e-05
2023,Bay Area,549300ONBM4MGXXBTA44,19,11895000.0,0,0.0,1,1105000.0,331500.0,"AMCAP MORTGAGE, LTD.",,,0.0,0.027868852459016394,,6937195000.0,6451793000.0,40306445000.0,0.0,5.138106569755105e-05
2023,Bay Area,549300VCMRO4ST680C11,17,10825000.0,0,0.0,1,1105000.0,331500.0,VILLAGE CAPITAL & INVESTMENT LLC,,,0.0,0.030623556581986143,,6937195000.0,6451793000.0,40306445000.0,0.0,5.138106569755105e-05
2023,Bay Area,549300HVW3AI97UKTO72,1,465000.0,1,465000.0,1,465000.0,325500.0,Wings Financial Credit Union,,,1.0,0.7,465000.0,6937195000.0,6451793000.0,40306445000.0,6.702997393038541e-05,5.0451091657776375e-05
2023,Bay Area,549300XR3B6372SESA46,15,7835000.0,0,0.0,3,1645000.0,323500.0,PACIFIC SERVICE CREDIT UNION,,,0.0,0.041289087428206764,,6937195000.0,6451793000.0,40306445000.0,0.0,5.0141100311184814e-05
2023,Bay Area,2549007LQQOUAPFNHY39,9,8615000.0,0,0.0,2,1950000.0,322000.0,OPTIONWIDE FINANCIAL CORPORATION,,,0.0,0.03737666860127684,,6937195000.0,6451793000.0,40306445000.0,0.0,4.990860680124114e-05
2023,Bay Area,549300PC4MFWQBNVKG88,3,1975000.0,0,0.0,1,1045000.0,313500.0,"V.I.P. MORTGAGE, INC.",,,0.0,0.15873417721518987,,6937195000.0,6451793000.0,40306445000.0,0.0,4.8591143578227015e-05
2023,Bay Area,549300LH06ZZHKPX5U83,11,7365000.0,0,0.0,2,1040000.0,312000.0,BNC National Bank,,,0.0,0.04236252545824847,,6937195000.0,6451793000.0,40306445000.0,0.0,4.835865006828334e-05
2023,Bay Area,254900AD895KKZTSFT42,1,1025000.0,0,0.0,1,1025000.0,307500.0,"MORTGAGE ASSURANCE, INC.",,,0.0,0.3,,6937195000.0,6451793000.0,40306445000.0,0.0,4.766116953845233e-05
2023,Bay Area,549300LF0MZUT1N6QL28,1,305000.0,1,305000.0,1,305000.0,305000.0,"PACIFIC HOME LOANS, INC.",,,1.0,1.0,305000.0,6937195000.0,6451793000.0,40306445000.0,4.396589687907e-05,4.727368035521288e-05
2023,Bay Area,549300CP7747DCRW6U68,1,1005000.0,0,0.0,1,1005000.0,301500.0,Carrollton Bank,,,0.0,0.3,,6937195000.0,6451793000.0,40306445000.0,0.0,4.6731195498677655e-05
2023,Bay Area,5493001X0T84TYRJ5Y59,4,3470000.0,0,0.0,1,995000.0,298500.0,"VISTA POINT MORTGAGE, LLC",,,0.0,0.08602305475504322,,6937195000.0,6451793000.0,40306445000.0,0.0,4.6266208478790316e-05
2023,Bay Area,5493008SP1FN4D81IS17,4,6900000.0,0,0.0,1,995000.0,298500.0,Toyota Financial Savings Bank,,,0.0,0.043260869565217394,,6937195000.0,6451793000.0,40306445000.0,0.0,4.6266208478790316e-05
2023,Bay Area,549300LI3FDGO7UKFF39,1,425000.0,1,425000.0,1,425000.0,297500.0,EAST COAST CAPITAL CORP.,,,1.0,0.7,425000.0,6937195000.0,6451793000.0,40306445000.0,6.126395466755655e-05,4.611121280549453e-05
2023,Bay Area,WKN6AF1FCL7BBYGTGI83,7,3365000.0,0,0.0,2,990000.0,297000.0,First Savings Bank,,,0.0,0.08826151560178307,,6937195000.0,6451793000.0,40306445000.0,0.0,4.6033714968846644e-05
2023,Bay Area,549300S1ULK3TJQ8I652,1,395000.0,1,395000.0,1,395000.0,276500.0,FIRST CITY,,,1.0,0.7,395000.0,6937195000.0,6451793000.0,40306445000.0,5.693944022043492e-05,4.285630366628316e-05
2023,Bay Area,549300RD5IG88VPO6P22,16,11840000.0,0,0.0,1,885000.0,265500.0,"GUIDANCE RESIDENTIAL, LLC",,,0.0,0.022423986486486486,,6937195000.0,6451793000.0,40306445000.0,0.0,4.1151351260029574e-05
2023,Bay Area,549300KDDWLC5I8K6C44,3,1795000.0,0,0.0,1,865000.0,259500.0,ORANGE COUNTY'S CREDIT UNION,,,0.0,0.1445682451253482,,6937195000.0,6451793000.0,40306445000.0,0.0,4.02213772202549e-05
2023,Bay Area,549300QSUEE20YO86W39,1,345000.0,1,345000.0,1,345000.0,241499.99999999997,SPECIALIZED LOAN SERVICING LLC,,,1.0,0.7,345000.0,6937195000.0,6451793000.0,40306445000.0,4.973191614189885e-05,3.743145510093085e-05
2023,Bay Area,549300UM5S3HZLZHVP89,9,3795000.0,1,335000.0,1,335000.0,234499.99999999997,"SNAPFI, INC.",,,0.08827404479578392,0.06179183135704874,335000.0,6937195000.0,6451793000.0,40306445000.0,4.829041132619164e-05,3.634648538786039e-05
2023,Bay Area,549300LP0CV2MNC1GV68,1,755000.0,0,0.0,1,755000.0,226500.0,"Academy Bank, National Association",,,0.0,0.3,,6937195000.0,6451793000.0,40306445000.0,0.0,3.510652000149416e-05
2023,Bay Area,54930039IUN6515TBG78,1,725000.0,0,0.0,1,725000.0,217500.0,US MORTGAGE CORPORATION,,,0.0,0.3,,6937195000.0,6451793000.0,40306445000.0,0.0,3.371155894183214e-05
2023,Bay Area,54930060G4MDPWHISD89,3,1795000.0,0,0.0,1,725000.0,217500.0,EVERGREEN MONEYSOURCE MORTGAGE COMPANY,,,0.0,0.12116991643454039,,6937195000.0,6451793000.0,40306445000.0,0.0,3.371155894183214e-05
2023,Bay Area,254900FMBXF85WQYV433,1,695000.0,0,0.0,1,695000.0,208500.0,Amalgamated Bank,,,0.0,0.3,,6937195000.0,6451793000.0,40306445000.0,0.0,3.231659788217012e-05
2023,Bay Area,549300D3LYUX1NJVC329,2,1210000.0,0,0.0,1,695000.0,208500.0,"MORTGAGE CAPITAL PARTNERS, INC.",,,0.0,0.17231404958677685,,6937195000.0,6451793000.0,40306445000.0,0.0,3.231659788217012e-05
2023,Bay Area,2549004OC91L41W9XR37,5,2155000.0,0,0.0,2,680000.0,204000.0,EDUCATIONAL EMPLOYEES CREDIT UNION,,,0.0,0.09466357308584687,,6937195000.0,6451793000.0,40306445000.0,0.0,3.161911735233911e-05
2023,Bay Area,549300REPZK0JXAZ6D94,2,1250000.0,0,0.0,1,655000.0,196500.0,"FISHER FINANCIAL GROUP, INCORPORATED",,,0.0,0.1572,,6937195000.0,6451793000.0,40306445000.0,0.0,3.045664980262076e-05
2023,Bay Area,254900LTD432L5CHIZ48,18,11980000.0,0,0.0,1,645000.0,193500.0,Home Mortgage Alliance Corporation (HMAC),,,0.0,0.016151919866444073,,6937195000.0,6451793000.0,40306445000.0,0.0,2.999166278273342e-05
2023,Bay Area,549300FK3AFCFVAPH234,1,645000.0,0,0.0,1,645000.0,193500.0,"Leader Bank, National Association",,,0.0,0.3,,6937195000.0,6451793000.0,40306445000.0,0.0,2.999166278273342e-05
2023,Bay Area,549300BOXNV8VLRBDT24,6,2930000.0,0,0.0,1,615000.0,184500.0,"AMERICAN INTERNET MORTGAGE, INC.",,,0.0,0.06296928327645052,,6937195000.0,6451793000.0,40306445000.0,0.0,2.85967017230714e-05
2023,Bay Area,549300KZC4KKV3F7W494,4,2760000.0,0,0.0,1,615000.0,184500.0,BAY,,,0.0,0.06684782608695652,,6937195000.0,6451793000.0,40306445000.0,0.0,2.85967017230714e-05
2023,Bay Area,549300FTR6GEUX8QTI81,2,1130000.0,0,0.0,1,605000.0,181500.0,"HOME APPROVALS DIRECT, INC.",,,0.0,0.16061946902654867,,6937195000.0,6451793000.0,40306445000.0,0.0,2.813171470318406e-05
2023,Bay Area,549300UF3FPC7U6RFC59,5,3865000.0,0,0.0,1,605000.0,181500.0,The Central Trust Bank,,,0.0,0.046959896507115136,,6937195000.0,6451793000.0,40306445000.0,0.0,2.813171470318406e-05
2023,Bay Area,549300ZBXINP1Y94CN02,3,2405000.0,0,0.0,1,585000.0,175500.0,"DIRECTORS MORTGAGE, INC.",,,0.0,0.07297297297297298,,6937195000.0,6451793000.0,40306445000.0,0.0,2.720174066340938e-05
2023,Bay Area,549300LLESTPOVRG3X73,4,2820000.0,0,0.0,1,575000.0,172500.0,Farmers Bank & Trust,,,0.0,0.061170212765957445,,6937195000.0,6451793000.0,40306445000.0,0.0,2.6736753643522043e-05
2023,Bay Area,54930030Z1JWTP3SVD16,8,4920000.0,0,0.0,1,565000.0,169500.0,"TOP FLITE FINANCIAL, INC.",,,0.0,0.034451219512195125,,6937195000.0,6451793000.0,40306445000.0,0.0,2.62717666236347e-05
2023,Bay Area,5493000EO85W8IS2FR22,6,6580000.0,0,0.0,1,525000.0,157500.0,LOGIX FEDERAL CREDIT UNION,,,0.0,0.023936170212765957,,6937195000.0,6451793000.0,40306445000.0,0.0,2.441181854408534e-05
2023,Bay Area,549300VMX06UV1F7NS76,2,1130000.0,1,225000.0,1,225000.0,157500.0,"SUCCESS MORTGAGE PARTNERS, INC.",,,0.19911504424778761,0.13938053097345132,225000.0,6937195000.0,6451793000.0,40306445000.0,3.243385835341229e-05,2.441181854408534e-05
2023,Bay Area,549300KJ8PAJ7E52HG32,26,15930000.0,0,0.0,2,720000.0,155000.0,Plains Commerce Bank,,,0.0,0.00973006905210295,,6937195000.0,6451793000.0,40306445000.0,0.0,2.402432936084589e-05
2023,Bay Area,549300LROQOOQU77WS20,6,3890000.0,1,205000.0,1,205000.0,143500.0,LENOX FINANCIAL MORTGAGE CORPORATION,,,0.05269922879177378,0.036889460154241646,205000.0,6937195000.0,6451793000.0,40306445000.0,2.9550848721997867e-05,2.2241879117944422e-05
2023,Bay Area,549300C4RD3C53QCM649,2,1040000.0,0,0.0,1,475000.0,142500.0,"STARBOARD FINANCIAL MANAGEMENT, LLC",,,0.0,0.13701923076923078,,6937195000.0,6451793000.0,40306445000.0,0.0,2.208688344464864e-05
2023,Bay Area,WWB2V0FCW3A0EE3ZJN75,11,5145000.0,0,0.0,1,455000.0,136500.0,Manufacturers and Traders Trust Company,,,0.0,0.026530612244897958,,6937195000.0,6451793000.0,40306445000.0,0.0,2.115690940487396e-05
2023,Bay Area,254900WEQ8ITQNQ9AQ74,6,2830000.0,0,0.0,1,435000.0,130500.0,"TOTAL QUALITY FINANCIAL, INC.",,,0.0,0.046113074204946994,,6937195000.0,6451793000.0,40306445000.0,0.0,2.0226935365099285e-05
2023,Bay Area,254900WTZC5SSKIN2M11,18,8480000.0,0,0.0,1,425000.0,127500.0,First National Bank of America,,,0.0,0.015035377358490566,,6937195000.0,6451793000.0,40306445000.0,0.0,1.9761948345211943e-05
2023,Bay Area,549300A5HHOL2ED18C72,16,11170000.0,0,0.0,1,415000.0,124500.0,AMERITRUST MORTGAGE CORPORATION,,,0.0,0.011145926589077888,,6937195000.0,6451793000.0,40306445000.0,0.0,1.9296961325324604e-05
2023,Bay Area,549300DFCG6GF21KOW34,2,470000.0,0,0.0,1,415000.0,124500.0,EXCITE Credit Union,,,0.0,0.2648936170212766,,6937195000.0,6451793000.0,40306445000.0,0.0,1.9296961325324604e-05
2023,Bay Area,254900JZN2V0PWFMW808,25,13615000.0,0,0.0,1,405000.0,121500.0,AHL FUNDING,,,0.0,0.008923980903415351,,6937195000.0,6451793000.0,40306445000.0,0.0,1.8831974305437263e-05
2023,Bay Area,549300I43FC7P0IJMR13,1,395000.0,0,0.0,1,395000.0,118500.0,"LOANLEADERS OF AMERICA, INC.",,,0.0,0.3,,6937195000.0,6451793000.0,40306445000.0,0.0,1.8366987285549924e-05
2023,Bay Area,549300R7HGHP2I754087,2,1090000.0,0,0.0,1,375000.0,112500.0,TOWNE MORTGAGE COMPANY,,,0.0,0.10321100917431193,,6937195000.0,6451793000.0,40306445000.0,0.0,1.7437013245775244e-05
2023,Bay Area,5493005HCI0Y8LUK5S48,12,8580000.0,0,0.0,1,1085000.0,108500.0,GUARANTY HOME MORTGAGE CORPORATION,,,0.0,0.012645687645687645,,6937195000.0,6451793000.0,40306445000.0,0.0,1.6817030552592125e-05
2023,Bay Area,549300YN94MOAVYW0F52,17,4555000.0,0,0.0,2,360000.0,108000.0,"GoodLeap, LLC",,,0.0,0.023710208562019757,,6937195000.0,6451793000.0,40306445000.0,0.0,1.6739532715944233e-05
2023,Bay Area,54930015645SYPOM7220,2,600000.0,0,0.0,1,355000.0,106500.0,"ISERVE RESIDENTIAL LENDING, LLC",,,0.0,0.1775,,6937195000.0,6451793000.0,40306445000.0,0.0,1.6507039206000564e-05
2023,Bay Area,549300730ZNSQK9EBT50,2,860000.0,0,0.0,1,345000.0,103500.0,BluPeak Credit Union,,,0.0,0.12034883720930233,,6937195000.0,6451793000.0,40306445000.0,0.0,1.6042052186113226e-05
2023,Bay Area,549300DT7CCDCC7O6Z60,21,13775000.0,0,0.0,1,345000.0,103500.0,KEYPOINT Credit Union,,,0.0,0.007513611615245009,,6937195000.0,6451793000.0,40306445000.0,0.0,1.6042052186113226e-05
2023,Bay Area,254900O723MCLR701H50,3,1445000.0,0,0.0,1,305000.0,91500.0,"Neighborhood Loans, Inc.",,,0.0,0.06332179930795848,,6937195000.0,6451793000.0,40306445000.0,0.0,1.4182104106563865e-05
2023,Bay Area,549300ISCZS1R0CJMO47,8,4710000.0,0,0.0,1,905000.0,90500.0,"Premia Mortgage, LLC DBA Premia Relocation Mortgage",,,0.0,0.01921443736730361,,6937195000.0,6451793000.0,40306445000.0,0.0,1.4027108433268085e-05
2023,Bay Area,549300O1ESL3X18LPG95,5,5335000.0,0,0.0,1,885000.0,88500.0,California Coast Credit Union,,,0.0,0.016588566073102155,,6937195000.0,6451793000.0,40306445000.0,0.0,1.3717117086676525e-05
2023,Bay Area,549300UHEEV73TKCZY62,10,3790000.0,0,0.0,1,295000.0,88500.0,Self-Help Federal Credit Union,,,0.0,0.023350923482849603,,6937195000.0,6451793000.0,40306445000.0,0.0,1.3717117086676525e-05
2023,Bay Area,54930098QK48NVYBZC62,3,1535000.0,0,0.0,1,215000.0,64500.0,EZ FUNDINGS INC.,,,0.0,0.04201954397394137,,6937195000.0,6451793000.0,40306445000.0,0.0,9.997220927577806e-06
2023,Bay Area,254900I68BOSEM149Q58,1,195000.0,0,0.0,1,195000.0,58500.0,"ENCOMPASS LENDING GROUP, LP",,,0.0,0.3,,6937195000.0,6451793000.0,40306445000.0,0.0,9.067246887803128e-06
2023,Bay Area,549300QVGK8WC4HQ3C28,1,575000.0,0,0.0,1,575000.0,57500.0,PRINCETON MORTGAGE CORPORATION,,,0.0,0.1,,6937195000.0,6451793000.0,40306445000.0,0.0,8.912251214507347e-06
2023,Bay Area,5493005EYZOUVJUXAX38,3,975000.0,0,0.0,1,165000.0,49500.0,"Lakeview Community Capital, LLC",,,0.0,0.05076923076923077,,6937195000.0,6451793000.0,40306445000.0,0.0,7.672285828141107e-06
2023,Bay Area,254900FSIRD1E5MR0U30,1,125000.0,0,0.0,1,125000.0,37500.0,RMS & ASSOCIATES,,,0.0,0.3,,6937195000.0,6451793000.0,40306445000.0,0.0,5.812337748591748e-06
2023,Bay Area,549300PUF6BDR1QRB167,20,2750000.0,0,0.0,2,180000.0,33000.0,1ST NORTHERN CALIFORNIA,,,0.0,0.012,,6937195000.0,6451793000.0,40306445000.0,0.0,5.1148572187607385e-06
2023,Bay Area,984500P059VACEAAFA22,11,7975000.0,0,0.0,1,285000.0,28500.0,"SUCCESS LENDING, LLC",,,0.0,0.003573667711598746,,6937195000.0,6451793000.0,40306445000.0,0.0,4.417376688929728e-06
2023,Bay Area,549300THBFHMP4WJ0323,2,440000.0,0,0.0,1,85000.0,25500.0,I.L.W.U.,,,0.0,0.05795454545454545,,6937195000.0,6451793000.0,40306445000.0,0.0,3.952389669042389e-06
2023,Bay Area,254900MHHOS58M9D0445,12,4450000.0,0,0.0,1,65000.0,19500.0,Operating Engineers Local Union #3,,,0.0,0.004382022471910113,,6937195000.0,6451793000.0,40306445000.0,0.0,3.022415629267709e-06
2023,Bay Area,01KWVG908KE7RKPTNP46,2,900000.0,0,0.0,0,0.0,0.0,HomeStreet Bank,HMST,"HomeStreet, Inc.",0.0,0.0,,6937195000.0,6451793000.0,40306445000.0,0.0,0.0
2023,Bay Area,1TMVIO1SD0RLIPEIW803,1,685000.0,0,0.0,0,0.0,0.0,Great Southern Bank,,,0.0,0.0,,6937195000.0,6451793000.0,40306445000.0,0.0,0.0
2023,Bay Area,25490018IFQOT83Q7H49,3,1875000.0,0,0.0,0,0.0,0.0,"GO MORTGAGE, LLC",,,0.0,0.0,,6937195000.0,6451793000.0,40306445000.0,0.0,0.0
2023,Bay Area,2549004CU9LAM5CYA280,1,255000.0,0,0.0,0,0.0,0.0,KWIK MORTGAGE CORPORATION,,,0.0,0.0,,6937195000.0,6451793000.0,40306445000.0,0.0,0.0
2023,Bay Area,2549004XJQQPBYQSMT39,2,1490000.0,0,0.0,0,0.0,0.0,Quontic Bank,,,0.0,0.0,,6937195000.0,6451793000.0,40306445000.0,0.0,0.0
2023,Bay Area,2549007JZSAICH4GZJ60,3,1415000.0,0,0.0,0,0.0,0.0,POINT MORTGAGE CORPORATION,,,0.0,0.0,,6937195000.0,6451793000.0,40306445000.0,0.0,0.0
2023,Bay Area,2549007ZL90U2M5ZNA78,1,725000.0,0,0.0,0,0.0,0.0,United Fidelity Funding Corp.,,,0.0,0.0,,6937195000.0,6451793000.0,40306445000.0,0.0,0.0
2023,Bay Area,2549009RNMXHS9AICA61,1,1665000.0,0,0.0,0,0.0,0.0,Kaiperm Federal Credit Union,,,0.0,0.0,,6937195000.0,6451793000.0,40306445000.0,0.0,0.0
2023,Bay Area,254900AX110CHF6FVV28,1,245000.0,0,0.0,0,0.0,0.0,"TOWN SQUARE MORTGAGE & INVESTMENTS, LLC",,,0.0,0.0,,6937195000.0,6451793000.0,40306445000.0,0.0,0.0
2023,Bay Area,254900D8UVDBN0LNLV64,11,5935000.0,0,0.0,0,0.0,0.0,Platinum Home Mortgage Corporation,,,0.0,0.0,,6937195000.0,6451793000.0,40306445000.0,0.0,0.0
2023,Bay Area,254900HEJ9F73IMPX887,1,1905000.0,0,0.0,0,0.0,0.0,"Tomo Mortgage, LLC",,,0.0,0.0,,6937195000.0,6451793000.0,40306445000.0,0.0,0.0
2023,Bay Area,254900HO9WPE4LTLQU96,1,675000.0,0,0.0,0,0.0,0.0,Valley West Corporation,,,0.0,0.0,,6937195000.0,6451793000.0,40306445000.0,0.0,0.0
2023,Bay Area,254900JH11ROOV921P96,2,510000.0,0,0.0,0,0.0,0.0,ML Mortgage Corp.,,,0.0,0.0,,6937195000.0,6451793000.0,40306445000.0,0.0,0.0
2023,Bay Area,254900KI7219LQKCI772,1,1075000.0,0,0.0,0,0.0,0.0,First Western Trust Bank,,,0.0,0.0,,6937195000.0,6451793000.0,40306445000.0,0.0,0.0
2023,Bay Area,254900P6Q7UI8DAKYX49,1,1725000.0,0,0.0,0,0.0,0.0,GuardHill Financial Corp.,,,0.0,0.0,,6937195000.0,6451793000.0,40306445000.0,0.0,0.0
2023,Bay Area,254900PBEMOERRZO9E31,2,750000.0,0,0.0,0,0.0,0.0,"iCore Lending, Inc.",,,0.0,0.0,,6937195000.0,6451793000.0,40306445000.0,0.0,0.0
2023,Bay Area,254900R9A6TW85BTVS20,24,15240000.0,0,0.0,0,0.0,0.0,Shea Mortgage Inc.,,,0.0,0.0,,6937195000.0,6451793000.0,40306445000.0,0.0,0.0
2023,Bay Area,254900RQX8N4HXJIDK44,15,8985000.0,0,0.0,0,0.0,0.0,FRANKLIN LOAN CORPORATION,,,0.0,0.0,,6937195000.0,6451793000.0,40306445000.0,0.0,0.0
2023,Bay Area,254900TM81D0YC1B9584,2,770000.0,0,0.0,0,0.0,0.0,Metro City Bank,,,0.0,0.0,,6937195000.0,6451793000.0,40306445000.0,0.0,0.0
2023,Bay Area,254900V6GCDMRQZ34D96,5,5185000.0,0,0.0,0,0.0,0.0,LUXURY MORTGAGE CORP.,,,0.0,0.0,,6937195000.0,6451793000.0,40306445000.0,0.0,0.0
2023,Bay Area,254900VX7NAZSPBPUE16,4,2110000.0,0,0.0,0,0.0,0.0,"Constant Investments, Inc.",,,0.0,0.0,,6937195000.0,6451793000.0,40306445000.0,0.0,0.0
2023,Bay Area,254900WEP08K7U7S3A80,7,3645000.0,0,0.0,0,0.0,0.0,Nations Lending Corporation,,,0.0,0.0,,6937195000.0,6451793000.0,40306445000.0,0.0,0.0
2023,Bay Area,254900ZX1UPIG2E7TH11,1,725000.0,0,0.0,0,0.0,0.0,"Assurance Financial Group, L.L.C.",,,0.0,0.0,,6937195000.0,6451793000.0,40306445000.0,0.0,0.0
2023,Bay Area,2WHM8VNJH63UN14OL754,4,3780000.0,0,0.0,0,0.0,0.0,The Huntington National Bank,,,0.0,0.0,,6937195000.0,6451793000.0,40306445000.0,0.0,0.0
2023,Bay Area,54930004MLYQ2HKUPN66,1,955000.0,0,0.0,0,0.0,0.0,"TRISTAR FINANCE, INC.",,,0.0,0.0,,6937195000.0,6451793000.0,40306445000.0,0.0,0.0
2023,Bay Area,5493000EUC3MM52PJV85,1,785000.0,0,0.0,0,0.0,0.0,CAKE MORTGAGE CORP.,,,0.0,0.0,,6937195000.0,6451793000.0,40306445000.0,0.0,0.0
2023,Bay Area,5493000JFVFQFL816N45,2,2380000.0,0,0.0,0,0.0,0.0,ENCORE BANK,,,0.0,0.0,,6937195000.0,6451793000.0,40306445000.0,0.0,0.0
2023,Bay Area,5493000YNV8IX4VD3X12,3,445000.0,0,0.0,0,0.0,0.0,"VANDERBILT MORTGAGE AND FINANCE, INC.",,,0.0,0.0,,6937195000.0,6451793000.0,40306445000.0,0.0,0.0
2023,Bay Area,5493001HHBUTXHS7TZ96,80,46930000.0,0,0.0,0,0.0,0.0,HOMEAMERICAN MORTGAGE CORPORATION,,,0.0,0.0,,6937195000.0,6451793000.0,40306445000.0,0.0,0.0
2023,Bay Area,5493001K7B4W8IPMZ254,1,725000.0,0,0.0,0,0.0,0.0,FIRST STANDARD FINANCIAL CORP.,,,0.0,0.0,,6937195000.0,6451793000.0,40306445000.0,0.0,0.0
2023,Bay Area,5493001P38O8QXGI6503,1,615000.0,0,0.0,0,0.0,0.0,SEA WEST COAST GUARD FEDERAL CREDIT UNION,,,0.0,0.0,,6937195000.0,6451793000.0,40306445000.0,0.0,0.0
2023,Bay Area,5493001SXWZ4OFP8Z903,187,116945000.0,0,0.0,0,0.0,0.0,"DHI MORTGAGE COMPANY, LTD.",,,0.0,0.0,,6937195000.0,6451793000.0,40306445000.0,0.0,0.0
2023,Bay Area,54930021DZJ9CEN11D61,7,3305000.0,0,0.0,0,0.0,0.0,"TJC Mortgage, Inc.",,,0.0,0.0,,6937195000.0,6451793000.0,40306445000.0,0.0,0.0
2023,Bay Area,54930022CQGV47Q8PM03,1,255000.0,0,0.0,0,0.0,0.0,"SERVIS ONE, INC.",,,0.0,0.0,,6937195000.0,6451793000.0,40306445000.0,0.0,0.0
2023,Bay Area,5493002QI2ILHHZH8D20,141,95055000.0,0,0.0,0,0.0,0.0,"KBHS HOME LOANS, LLC",,,0.0,0.0,,6937195000.0,6451793000.0,40306445000.0,0.0,0.0
2023,Bay Area,5493002TJKC8NLH1ZP82,6,4450000.0,0,0.0,0,0.0,0.0,"MORTGAGEONE, INC.",,,0.0,0.0,,6937195000.0,6451793000.0,40306445000.0,0.0,0.0
2023,Bay Area,5493002UTIS7AQUDFF80,3,2925000.0,0,0.0,0,0.0,0.0,"BEST FINANCE CAPITAL, INC.",,,0.0,0.0,,6937195000.0,6451793000.0,40306445000.0,0.0,0.0
2023,Bay Area,5493002Y5XYV7DV1ZV88,2,1300000.0,0,0.0,0,0.0,0.0,"GOLD STAR MORTGAGE FINANCIAL GROUP, CORPORATION",,,0.0,0.0,,6937195000.0,6451793000.0,40306445000.0,0.0,0.0
2023,Bay Area,54930035U7Q80J7HTS79,1,305000.0,0,0.0,0,0.0,0.0,CAMPOS FINANCIAL CORP.,,,0.0,0.0,,6937195000.0,6451793000.0,40306445000.0,0.0,0.0
2023,Bay Area,5493003B20KZ3DEZGB43,1,625000.0,0,0.0,0,0.0,0.0,Royal Business Bank,,,0.0,0.0,,6937195000.0,6451793000.0,40306445000.0,0.0,0.0
2023,Bay Area,5493003B2LEGQHDWRN55,1,655000.0,0,0.0,0,0.0,0.0,Hanscom Federal Credit Union,,,0.0,0.0,,6937195000.0,6451793000.0,40306445000.0,0.0,0.0
2023,Bay Area,5493003DVQUF5HAI1O03,1,55000.0,0,0.0,0,0.0,0.0,CORPORATE AMERICA FAMILY,,,0.0,0.0,,6937195000.0,6451793000.0,40306445000.0,0.0,0.0
2023,Bay Area,5493003T5D4N1CM46J77,2,1090000.0,0,0.0,0,0.0,0.0,1st Security Bank of Washington,FSBW,FS Bancorp,0.0,0.0,,6937195000.0,6451793000.0,40306445000.0,0.0,0.0
2023,Bay Area,54930047YAX7UHRKN043,1,855000.0,0,0.0,0,0.0,0.0,NIZARI PROGRESSIVE FCU,,,0.0,0.0,,6937195000.0,6451793000.0,40306445000.0,0.0,0.0
2023,Bay Area,54930049L5WINET09Q97,8,3680000.0,0,0.0,0,0.0,0.0,"Click n' Close, Inc.",,,0.0,0.0,,6937195000.0,6451793000.0,40306445000.0,0.0,0.0
2023,Bay Area,5493004N9PMBSLEZOF16,38,13660000.0,0,0.0,0,0.0,0.0,"K. HOVNANIAN AMERICAN MORTGAGE, L.L.C.",,,0.0,0.0,,6937195000.0,6451793000.0,40306445000.0,0.0,0.0
2023,Bay Area,5493004UNRG4PWDF2K60,1,995000.0,0,0.0,0,0.0,0.0,AFFINITY,,,0.0,0.0,,6937195000.0,6451793000.0,40306445000.0,0.0,0.0
2023,Bay Area,5493004WMLN60ZJ2ON46,147,113165000.0,0,0.0,0,0.0,0.0,PULTE MORTGAGE LLC,,,0.0,0.0,,6937195000.0,6451793000.0,40306445000.0,0.0,0.0
2023,Bay Area,5493005DKMV1IHIM8E20,1,475000.0,0,0.0,0,0.0,0.0,"Wilmington Savings Fund Society, FSB",,,0.0,0.0,,6937195000.0,6451793000.0,40306445000.0,0.0,0.0
2023,Bay Area,5493005ICQ3QGEIWV618,1,845000.0,0,0.0,0,0.0,0.0,UNITED MORTGAGE CORP.,,,0.0,0.0,,6937195000.0,6451793000.0,40306445000.0,0.0,0.0
2023,Bay Area,5493005JF6BKCN6OY689,1,1405000.0,0,0.0,0,0.0,0.0,FineMark National Bank & Trust,,,0.0,0.0,,6937195000.0,6451793000.0,40306445000.0,0.0,0.0
2023,Bay Area,5493005MZZDC38IUOJ34,1,765000.0,0,0.0,0,0.0,0.0,WATER AND POWER COMMUNITY Credit Union,,,0.0,0.0,,6937195000.0,6451793000.0,40306445000.0,0.0,0.0
2023,Bay Area,5493005T6ET3508ZXP66,1,875000.0,0,0.0,0,0.0,0.0,"PINNACLE LENDING GROUP, INC.",,,0.0,0.0,,6937195000.0,6451793000.0,40306445000.0,0.0,0.0
2023,Bay Area,5493005T71YXBHEO2093,1,305000.0,0,0.0,0,0.0,0.0,CREDIT UNION 1,,,0.0,0.0,,6937195000.0,6451793000.0,40306445000.0,0.0,0.0
2023,Bay Area,54930065B0NVUO52TY13,2,970000.0,0,0.0,0,0.0,0.0,AmRes Corporation,,,0.0,0.0,,6937195000.0,6451793000.0,40306445000.0,0.0,0.0
2023,Bay Area,5493006MA7WP1WL8U431,1,365000.0,0,0.0,0,0.0,0.0,VALLEY STRONG CREDIT UNION,,,0.0,0.0,,6937195000.0,6451793000.0,40306445000.0,0.0,0.0
2023,Bay Area,54930072YJBZ4YV3DY74,1,275000.0,0,0.0,0,0.0,0.0,"MID VALLEY SERVICES, INC.",,,0.0,0.0,,6937195000.0,6451793000.0,40306445000.0,0.0,0.0
2023,Bay Area,549300748YYU6VG08N83,3,2035000.0,0,0.0,0,0.0,0.0,"Loan Simple, Inc.",,,0.0,0.0,,6937195000.0,6451793000.0,40306445000.0,0.0,0.0
2023,Bay Area,549300767F7CDUJR8Q67,43,6875000.0,0,0.0,0,0.0,0.0,COMMUNITY FIRST CREDIT UNION,,,0.0,0.0,,6937195000.0,6451793000.0,40306445000.0,0.0,0.0
2023,Bay Area,5493007CLWQN2S6IZK91,2,1670000.0,0,0.0,0,0.0,0.0,"Armed Forces Bank, National Association",,,0.0,0.0,,6937195000.0,6451793000.0,40306445000.0,0.0,0.0
2023,Bay Area,5493007L4GYNO2PUBS09,5,3905000.0,0,0.0,0,0.0,0.0,"MEMBER FIRST MORTGAGE, LLC",,,0.0,0.0,,6937195000.0,6451793000.0,40306445000.0,0.0,0.0
2023,Bay Area,5493007VW2EU20PZYU97,54,34170000.0,0,0.0,0,0.0,0.0,INSPIRE HOME LOANS INC.,,,0.0,0.0,,6937195000.0,6451793000.0,40306445000.0,0.0,0.0
2023,Bay Area,549300850R07HZO8MY41,1,645000.0,0,0.0,0,0.0,0.0,BNB FINANCIAL INC.,,,0.0,0.0,,6937195000.0,6451793000.0,40306445000.0,0.0,0.0
2023,Bay Area,5493008CPTDVOS570626,3,2045000.0,0,0.0,0,0.0,0.0,Third Federal Savings and Loan Association of Cleveland,,,0.0,0.0,,6937195000.0,6451793000.0,40306445000.0,0.0,0.0
2023,Bay Area,5493008E4KBJCB6UKR64,3,1325000.0,0,0.0,0,0.0,0.0,"DATA MORTGAGE, INC.",,,0.0,0.0,,6937195000.0,6451793000.0,40306445000.0,0.0,0.0
2023,Bay Area,5493008JUW0FLRMO0W64,1,475000.0,0,0.0,0,0.0,0.0,M SQUARED FINANCIAL LLC,,,0.0,0.0,,6937195000.0,6451793000.0,40306445000.0,0.0,0.0
2023,Bay Area,5493008ZTV4S0W9DCX64,5,2785000.0,0,0.0,0,0.0,0.0,"GENWAY HOME MORTGAGE, INC.",,,0.0,0.0,,6937195000.0,6451793000.0,40306445000.0,0.0,0.0
2023,Bay Area,5493009CYWXD5RBPIX14,3,2755000.0,0,0.0,0,0.0,0.0,CALTECH EMPLOYEES FEDERAL CREDIT UNION,,,0.0,0.0,,6937195000.0,6451793000.0,40306445000.0,0.0,0.0
2023,Bay Area,5493009HUMWCHFRDKF12,1,715000.0,0,0.0,0,0.0,0.0,SAMMAMISH MORTGAGE COMPANY,,,0.0,0.0,,6937195000.0,6451793000.0,40306445000.0,0.0,0.0
2023,Bay Area,549300A4ZI1DF2OO1B51,6,1850000.0,0,0.0,0,0.0,0.0,MERIWEST,,,0.0,0.0,,6937195000.0,6451793000.0,40306445000.0,0.0,0.0
2023,Bay Area,549300A68YW07V5R5G22,6,6140000.0,0,0.0,0,0.0,0.0,FUNDLOANS CAPITAL,,,0.0,0.0,,6937195000.0,6451793000.0,40306445000.0,0.0,0.0
2023,Bay Area,549300B2JJHSM77T5Y41,1,715000.0,0,0.0,0,0.0,0.0,LIBERTY HOME MORTGAGE CORPORATION,,,0.0,0.0,,6937195000.0,6451793000.0,40306445000.0,0.0,0.0
2023,Bay Area,549300BBKMRS6J0CB539,1,935000.0,0,0.0,0,0.0,0.0,AMERICAN PORTFOLIO MORTGAGE CORPORATION,,,0.0,0.0,,6937195000.0,6451793000.0,40306445000.0,0.0,0.0
2023,Bay Area,549300BFJ8COFCPOMU05,2,1310000.0,0,0.0,0,0.0,0.0,SOVEREIGN LENDING GROUP INCORPORATED,,,0.0,0.0,,6937195000.0,6451793000.0,40306445000.0,0.0,0.0
2023,Bay Area,549300BLL6VL7AXWYP56,8,3980000.0,0,0.0,0,0.0,0.0,CHURCHILL MORTGAGE CORPORATION,,,0.0,0.0,,6937195000.0,6451793000.0,40306445000.0,0.0,0.0
2023,Bay Area,549300C1ICNCM0V37Y02,1,725000.0,0,0.0,0,0.0,0.0,"First State Bank of St. Charles, Missouri",,,0.0,0.0,,6937195000.0,6451793000.0,40306445000.0,0.0,0.0
2023,Bay Area,549300CIQ950OK0BS407,8,5200000.0,0,0.0,0,0.0,0.0,Sunward Federal Credit Union,,,0.0,0.0,,6937195000.0,6451793000.0,40306445000.0,0.0,0.0
2023,Bay Area,549300CK7U1WMTIG6687,3,2255000.0,0,0.0,0,0.0,0.0,HIGHTECHLENDING INC,,,0.0,0.0,,6937195000.0,6451793000.0,40306445000.0,0.0,0.0
2023,Bay Area,549300CLRXFVF83ZL806,4,2610000.0,0,0.0,0,0.0,0.0,"NATIONWIDE MORTGAGE BANKERS, INC.",,,0.0,0.0,,6937195000.0,6451793000.0,40306445000.0,0.0,0.0
2023,Bay Area,549300CM7HYHZ1MEJ624,1,565000.0,0,0.0,0,0.0,0.0,Cache Valley Bank,,,0.0,0.0,,6937195000.0,6451793000.0,40306445000.0,0.0,0.0
2023,Bay Area,549300CR5XDK0TP7I727,4,1570000.0,0,0.0,0,0.0,0.0,"OPEN MORTGAGE, LLC",,,0.0,0.0,,6937195000.0,6451793000.0,40306445000.0,0.0,0.0
2023,Bay Area,549300CY7WNAHKHYSJ73,11,6725000.0,0,0.0,0,0.0,0.0,"CORNERSTONE CAPITAL BANK, SSB",,,0.0,0.0,,6937195000.0,6451793000.0,40306445000.0,0.0,0.0
2023,Bay Area,549300DKYWYDD1KM2515,3,1505000.0,0,0.0,0,0.0,0.0,SI Mortgage Company,,,0.0,0.0,,6937195000.0,6451793000.0,40306445000.0,0.0,0.0
2023,Bay Area,549300DMYENRV818D594,1,725000.0,0,0.0,0,0.0,0.0,SWBC MORTGAGE CORPORATION,,,0.0,0.0,,6937195000.0,6451793000.0,40306445000.0,0.0,0.0
2023,Bay Area,549300DRA4BDXW23LD45,2,1460000.0,0,0.0,0,0.0,0.0,"Servion, Inc.",,,0.0,0.0,,6937195000.0,6451793000.0,40306445000.0,0.0,0.0
2023,Bay Area,549300E4YLQ3BVQ4GW30,1,4005000.0,0,0.0,0,0.0,0.0,"WALL STREET MORTGAGE BANKERS, LTD.",,,0.0,0.0,,6937195000.0,6451793000.0,40306445000.0,0.0,0.0
2023,Bay Area,549300EBW60Q23TUJN89,2,900000.0,0,0.0,0,0.0,0.0,KD CAPITAL MORTGAGE CORPORATION,,,0.0,0.0,,6937195000.0,6451793000.0,40306445000.0,0.0,0.0
2023,Bay Area,549300EHWBP6UP4Y8J37,3,2095000.0,0,0.0,0,0.0,0.0,"PLUS RELOCATION MORTGAGE, LLC",,,0.0,0.0,,6937195000.0,6451793000.0,40306445000.0,0.0,0.0
2023,Bay Area,549300ELLMUEKP1JHB70,1,715000.0,0,0.0,0,0.0,0.0,INSTAMORTGAGE INC.,,,0.0,0.0,,6937195000.0,6451793000.0,40306445000.0,0.0,0.0
2023,Bay Area,549300EMNDEK4BA8WB53,1,515000.0,0,0.0,0,0.0,0.0,EMM LOANS LLC,,,0.0,0.0,,6937195000.0,6451793000.0,40306445000.0,0.0,0.0
2023,Bay Area,549300ESNLIWVN3TK065,7,8765000.0,0,0.0,0,0.0,0.0,CBC Federal Credit Union,,,0.0,0.0,,6937195000.0,6451793000.0,40306445000.0,0.0,0.0
2023,Bay Area,549300F570XAWYN8Z237,1,655000.0,0,0.0,0,0.0,0.0,Bank of Hope,,,0.0,0.0,,6937195000.0,6451793000.0,40306445000.0,0.0,0.0
2023,Bay Area,549300F6NSBOJBM9ED39,3,3795000.0,0,0.0,0,0.0,0.0,NuVision Federal Credit Union,,,0.0,0.0,,6937195000.0,6451793000.0,40306445000.0,0.0,0.0
2023,Bay Area,549300F6S4S7QMOUVG59,1,1215000.0,0,0.0,0,0.0,0.0,FIRST ENTERTAINMENT,,,0.0,0.0,,6937195000.0,6451793000.0,40306445000.0,0.0,0.0
2023,Bay Area,549300F6Y1YO2YXN6135,3,3605000.0,0,0.0,0,0.0,0.0,REDWOOD RESIDENTIAL ACQUISITION CORPORATION,,,0.0,0.0,,6937195000.0,6451793000.0,40306445000.0,0.0,0.0
2023,Bay Area,549300G5DVGM0ZHRQC33,3,2055000.0,0,0.0,0,0.0,0.0,CLEARPATH LENDING,,,0.0,0.0,,6937195000.0,6451793000.0,40306445000.0,0.0,0.0
2023,Bay Area,549300GS6ONO04ORI292,1,255000.0,0,0.0,0,0.0,0.0,Willamette Valley Bank,,,0.0,0.0,,6937195000.0,6451793000.0,40306445000.0,0.0,0.0
2023,Bay Area,549300GUS13Z72B6KD63,1,705000.0,0,0.0,0,0.0,0.0,"KELLER MORTGAGE, LLC",,,0.0,0.0,,6937195000.0,6451793000.0,40306445000.0,0.0,0.0
2023,Bay Area,549300GY4NTTEM7WWB64,1,345000.0,0,0.0,0,0.0,0.0,Bank of England,,,0.0,0.0,,6937195000.0,6451793000.0,40306445000.0,0.0,0.0
2023,Bay Area,549300H12E7AUMUHP294,1,635000.0,0,0.0,0,0.0,0.0,"FIRST ALLIANCE HOME MORTGAGE, LLC",,,0.0,0.0,,6937195000.0,6451793000.0,40306445000.0,0.0,0.0
2023,Bay Area,549300HFBEONQN2CK447,1,3005000.0,0,0.0,0,0.0,0.0,Union Savings Bank,,,0.0,0.0,,6937195000.0,6451793000.0,40306445000.0,0.0,0.0
2023,Bay Area,549300HH0V8LECLNPQ26,1,215000.0,0,0.0,0,0.0,0.0,ROGUE CREDIT UNION,,,0.0,0.0,,6937195000.0,6451793000.0,40306445000.0,0.0,0.0
2023,Bay Area,549300HIVO8XPBPNVG69,2,540000.0,0,0.0,0,0.0,0.0,NOVA FINANCIAL & INVESTMENT CORPORATION,,,0.0,0.0,,6937195000.0,6451793000.0,40306445000.0,0.0,0.0
2023,Bay Area,549300HVFLWKU7133506,1,1005000.0,0,0.0,0,0.0,0.0,PREMIER AMERICA,,,0.0,0.0,,6937195000.0,6451793000.0,40306445000.0,0.0,0.0
2023,Bay Area,549300I3HDJ5QJNFPZ87,3,1605000.0,0,0.0,0,0.0,0.0,AMERICAN FINANCE HOUSE LARIBA,,,0.0,0.0,,6937195000.0,6451793000.0,40306445000.0,0.0,0.0
2023,Bay Area,549300ID4RCRD8BXYH30,1,955000.0,0,0.0,0,0.0,0.0,"ResMac, Inc.",,,0.0,0.0,,6937195000.0,6451793000.0,40306445000.0,0.0,0.0
2023,Bay Area,549300IFOE4SCP384147,4,2210000.0,0,0.0,0,0.0,0.0,University Bank,,,0.0,0.0,,6937195000.0,6451793000.0,40306445000.0,0.0,0.0
2023,Bay Area,549300ILIUB22RTQKQ27,1,415000.0,0,0.0,0,0.0,0.0,"BKCO MORTGAGE, LLC",,,0.0,0.0,,6937195000.0,6451793000.0,40306445000.0,0.0,0.0
2023,Bay Area,549300JKR164SLNO6Y85,2,1240000.0,0,0.0,0,0.0,0.0,"NATIONS RELIABLE LENDING, LLC",,,0.0,0.0,,6937195000.0,6451793000.0,40306445000.0,0.0,0.0
2023,Bay Area,549300JLXD89NGKXMS84,25,12935000.0,0,0.0,0,0.0,0.0,"NextMortgage, LLC",,,0.0,0.0,,6937195000.0,6451793000.0,40306445000.0,0.0,0.0
2023,Bay Area,549300JRDGV1559XM376,4,2360000.0,0,0.0,0,0.0,0.0,"CASTLE & COOKE MORTGAGE, LLC",,,0.0,0.0,,6937195000.0,6451793000.0,40306445000.0,0.0,0.0
2023,Bay Area,549300JZD4L02YZI3Z50,4,4010000.0,0,0.0,0,0.0,0.0,NJ LENDERS CORP.,,,0.0,0.0,,6937195000.0,6451793000.0,40306445000.0,0.0,0.0
2023,Bay Area,549300K6K2IS7FRS7S09,6,3520000.0,0,0.0,0,0.0,0.0,"North American Savings Bank, F.S.B.",,,0.0,0.0,,6937195000.0,6451793000.0,40306445000.0,0.0,0.0
2023,Bay Area,549300KDR80I1ELW8D36,1,575000.0,0,0.0,0,0.0,0.0,"AgWest Farm Credit, FLCA",,,0.0,0.0,,6937195000.0,6451793000.0,40306445000.0,0.0,0.0
2023,Bay Area,549300KM40FP4MSQU941,8,6360000.0,0,0.0,0,0.0,0.0,Boeing Employees Credit Union,,,0.0,0.0,,6937195000.0,6451793000.0,40306445000.0,0.0,0.0
2023,Bay Area,549300KR4ZW8KJC82O47,1,655000.0,0,0.0,0,0.0,0.0,Community First National Bank,,,0.0,0.0,,6937195000.0,6451793000.0,40306445000.0,0.0,0.0
2023,Bay Area,549300KSOOZZVXCMA627,19,19245000.0,0,0.0,0,0.0,0.0,ANGEL OAK MORTGAGE SOLUTIONS LLC,,,0.0,0.0,,6937195000.0,6451793000.0,40306445000.0,0.0,0.0
2023,Bay Area,549300KT5OWPGQKWUN86,1,255000.0,0,0.0,0,0.0,0.0,"SEMPER HOME LOANS, INC",,,0.0,0.0,,6937195000.0,6451793000.0,40306445000.0,0.0,0.0
2023,Bay Area,549300KX4S1573HISS22,6,3890000.0,0,0.0,0,0.0,0.0,OAKTREE FUNDING CORP.,,,0.0,0.0,,6937195000.0,6451793000.0,40306445000.0,0.0,0.0
2023,Bay Area,549300MD3D3OC2CSGX39,12,6480000.0,0,0.0,0,0.0,0.0,SANTA CLARA COUNTY FEDERAL CREDIT UNION,,,0.0,0.0,,6937195000.0,6451793000.0,40306445000.0,0.0,0.0
2023,Bay Area,549300MFY0P4D234OB91,1,585000.0,0,0.0,0,0.0,0.0,HOMESPIRE MORTGAGE CORPORATION,,,0.0,0.0,,6937195000.0,6451793000.0,40306445000.0,0.0,0.0
2023,Bay Area,549300MQDQ3TUIDR0R90,14,13600000.0,0,0.0,0,0.0,0.0,CASTLE MORTGAGE CORPORATION,,,0.0,0.0,,6937195000.0,6451793000.0,40306445000.0,0.0,0.0
2023,Bay Area,549300MUXFVZKH4XLG17,4,2600000.0,0,0.0,0,0.0,0.0,"RESIDENTIAL WHOLESALE MORTGAGE, INC.",,,0.0,0.0,,6937195000.0,6451793000.0,40306445000.0,0.0,0.0
2023,Bay Area,549300N3JBQ15RQ7AV97,3,2745000.0,0,0.0,0,0.0,0.0,"MORIA DEVELOPMENT, INC.",,,0.0,0.0,,6937195000.0,6451793000.0,40306445000.0,0.0,0.0
2023,Bay Area,549300NOCASXPA34X033,10,5130000.0,0,0.0,0,0.0,0.0,"LAKEVIEW LOAN SERVICING, LLC",,,0.0,0.0,,6937195000.0,6451793000.0,40306445000.0,0.0,0.0
2023,Bay Area,549300NT030LXB2A8T82,1,255000.0,0,0.0,0,0.0,0.0,"MY MORTGAGE, INC.",,,0.0,0.0,,6937195000.0,6451793000.0,40306445000.0,0.0,0.0
2023,Bay Area,549300O2EZG72LO2FX38,1,655000.0,0,0.0,0,0.0,0.0,SUMMIT MORTGAGE CORPORATION,,,0.0,0.0,,6937195000.0,6451793000.0,40306445000.0,0.0,0.0
2023,Bay Area,549300P2GEYNMH5OQA71,1,625000.0,0,0.0,0,0.0,0.0,Washington Trust Bank,,,0.0,0.0,,6937195000.0,6451793000.0,40306445000.0,0.0,0.0
2023,Bay Area,549300P55E0GN57DEV03,1,1035000.0,0,0.0,0,0.0,0.0,"GEO-CORP, INC.",,,0.0,0.0,,6937195000.0,6451793000.0,40306445000.0,0.0,0.0
2023,Bay Area,549300PBTV7FCWLSMM53,2,1320000.0,0,0.0,0,0.0,0.0,"MORTGAGE SOLUTIONS OF COLORADO, LLC",,,0.0,0.0,,6937195000.0,6451793000.0,40306445000.0,0.0,0.0
2023,Bay Area,549300PEQH6YK4DH0490,1,535000.0,0,0.0,0,0.0,0.0,FRONTWAVE,,,0.0,0.0,,6937195000.0,6451793000.0,40306445000.0,0.0,0.0
2023,Bay Area,549300PFJ7GCGDLB2E65,1,455000.0,0,0.0,0,0.0,0.0,"First Option Mortgage, LLC",,,0.0,0.0,,6937195000.0,6451793000.0,40306445000.0,0.0,0.0
2023,Bay Area,549300PK4T5VBRY4TE47,1,905000.0,0,0.0,0,0.0,0.0,"CALLISTO GROUP, INC.",,,0.0,0.0,,6937195000.0,6451793000.0,40306445000.0,0.0,0.0
2023,Bay Area,549300PL267CW8182203,4,2090000.0,0,0.0,0,0.0,0.0,"LoanUnited.com, LLC",,,0.0,0.0,,6937195000.0,6451793000.0,40306445000.0,0.0,0.0
2023,Bay Area,549300Q6YL1SFVPEGV90,5,2155000.0,0,0.0,0,0.0,0.0,"INTELLILOAN, INC.",,,0.0,0.0,,6937195000.0,6451793000.0,40306445000.0,0.0,0.0
2023,Bay Area,549300QD23LICPXTPB55,2,1790000.0,0,0.0,0,0.0,0.0,"DIGNIFIED HOME LOANS, LLC",,,0.0,0.0,,6937195000.0,6451793000.0,40306445000.0,0.0,0.0
2023,Bay Area,549300QD5CQZ9PPP5B09,1,865000.0,0,0.0,0,0.0,0.0,PARTNERS Federal Credit Union,,,0.0,0.0,,6937195000.0,6451793000.0,40306445000.0,0.0,0.0
2023,Bay Area,549300QPD4M26VIOFU53,5,4545000.0,0,0.0,0,0.0,0.0,SUMMIT MORTGAGE BANKERS INC.,,,0.0,0.0,,6937195000.0,6451793000.0,40306445000.0,0.0,0.0
2023,Bay Area,549300QZED00YTPAWQ69,1,165000.0,0,0.0,0,0.0,0.0,GREATER NEVADA LLC,,,0.0,0.0,,6937195000.0,6451793000.0,40306445000.0,0.0,0.0
2023,Bay Area,549300R0QZYJMOBCNI97,2,1280000.0,0,0.0,0,0.0,0.0,ST FIN CORP,,,0.0,0.0,,6937195000.0,6451793000.0,40306445000.0,0.0,0.0
2023,Bay Area,549300R0SXC1JU7ZU290,1,605000.0,0,0.0,0,0.0,0.0,"FIRST COMMUNITY MORTGAGE, INC.",,,0.0,0.0,,6937195000.0,6451793000.0,40306445000.0,0.0,0.0
2023,Bay Area,549300R8VPSFM828B312,3,2175000.0,0,0.0,0,0.0,0.0,TEACHERS FEDERAL CREDIT UNION,,,0.0,0.0,,6937195000.0,6451793000.0,40306445000.0,0.0,0.0
2023,Bay Area,549300R9S3MVDV4MGF56,29,16555000.0,0,0.0,0,0.0,0.0,"CARRINGTON MORTGAGE SERVICES, LLC",,,0.0,0.0,,6937195000.0,6451793000.0,40306445000.0,0.0,0.0
2023,Bay Area,549300RA3E0BUFO7YZ21,21,15235000.0,0,0.0,0,0.0,0.0,"Hometown Equity Mortgage, LLC",,,0.0,0.0,,6937195000.0,6451793000.0,40306445000.0,0.0,0.0
2023,Bay Area,549300RBX56T2MW5HO19,2,1830000.0,0,0.0,0,0.0,0.0,"CHERRY CREEK MORTGAGE, LLC",,,0.0,0.0,,6937195000.0,6451793000.0,40306445000.0,0.0,0.0
2023,Bay Area,549300REENMLD2RN3W58,4,1970000.0,0,0.0,0,0.0,0.0,"Magnolia Bank, Incorporated",,,0.0,0.0,,6937195000.0,6451793000.0,40306445000.0,0.0,0.0
2023,Bay Area,549300S8SHBRCI7UU819,3,2775000.0,0,0.0,0,0.0,0.0,Baxter Credit Union,,,0.0,0.0,,6937195000.0,6451793000.0,40306445000.0,0.0,0.0
2023,Bay Area,549300SK2GVCQXPD4S58,43,23125000.0,0,0.0,0,0.0,0.0,"SUN WEST MORTGAGE COMPANY, INC.",,,0.0,0.0,,6937195000.0,6451793000.0,40306445000.0,0.0,0.0
2023,Bay Area,549300SUCQ1358EGVE89,8,3660000.0,0,0.0,0,0.0,0.0,"NEW DAY FINANCIAL, LLC",,,0.0,0.0,,6937195000.0,6451793000.0,40306445000.0,0.0,0.0
2023,Bay Area,549300SWHFQY2F7RN335,6,5940000.0,0,0.0,0,0.0,0.0,"COMMUNITY MORTGAGE FUNDING, LLC",,,0.0,0.0,,6937195000.0,6451793000.0,40306445000.0,0.0,0.0
2023,Bay Area,549300T7AIY7RU1YDP31,1,645000.0,0,0.0,0,0.0,0.0,NBH Bank,,,0.0,0.0,,6937195000.0,6451793000.0,40306445000.0,0.0,0.0
2023,Bay Area,549300T9P3WXNMXX0I34,2,620000.0,0,0.0,0,0.0,0.0,Ixonia Bank,,,0.0,0.0,,6937195000.0,6451793000.0,40306445000.0,0.0,0.0
2023,Bay Area,549300TG5MQ8D4SYP955,2,1960000.0,0,0.0,0,0.0,0.0,The Tax Lady,,,0.0,0.0,,6937195000.0,6451793000.0,40306445000.0,0.0,0.0
2023,Bay Area,549300TM179TSKK3HQ94,1,405000.0,0,0.0,0,0.0,0.0,"THRIVE MORTGAGE, LLC",,,0.0,0.0,,6937195000.0,6451793000.0,40306445000.0,0.0,0.0
2023,Bay Area,549300TMY3OACQC9U777,17,12615000.0,0,0.0,0,0.0,0.0,"Greenbox Loans, Inc.",,,0.0,0.0,,6937195000.0,6451793000.0,40306445000.0,0.0,0.0
2023,Bay Area,549300TTK5T7CZ3UJ084,1,225000.0,0,0.0,0,0.0,0.0,Utah Power Federally Insured State-Chartered Credit Union,,,0.0,0.0,,6937195000.0,6451793000.0,40306445000.0,0.0,0.0
2023,Bay Area,549300TTPRGSP8DGY569,1,635000.0,0,0.0,0,0.0,0.0,WRIGHT PATMAN CONGRESSIONAL FEDERAL CREDIT UNION,,,0.0,0.0,,6937195000.0,6451793000.0,40306445000.0,0.0,0.0
2023,Bay Area,549300TWPFOYZ33TOU32,2,1140000.0,0,0.0,0,0.0,0.0,MANN FINANCIAL INC.,,,0.0,0.0,,6937195000.0,6451793000.0,40306445000.0,0.0,0.0
2023,Bay Area,549300U4FBW37LFHW771,1,535000.0,0,0.0,0,0.0,0.0,JET DIRECT FUNDING CORP,,,0.0,0.0,,6937195000.0,6451793000.0,40306445000.0,0.0,0.0
2023,Bay Area,549300UG7QXKM7KGV847,6,630000.0,0,0.0,0,0.0,0.0,ROYAL UNITED MORTGAGE LLC,,,0.0,0.0,,6937195000.0,6451793000.0,40306445000.0,0.0,0.0
2023,Bay Area,549300ULXKJUJDK2RQ54,1,535000.0,0,0.0,0,0.0,0.0,MONARCH FUNDING CORP.,,,0.0,0.0,,6937195000.0,6451793000.0,40306445000.0,0.0,0.0
2023,Bay Area,549300UT4EN6IH579Q63,2,940000.0,0,0.0,0,0.0,0.0,"RIGHT START MORTGAGE, INC.",,,0.0,0.0,,6937195000.0,6451793000.0,40306445000.0,0.0,0.0
2023,Bay Area,549300UV5JQXLGVWIP44,4,2560000.0,0,0.0,0,0.0,0.0,Devon Bank,,,0.0,0.0,,6937195000.0,6451793000.0,40306445000.0,0.0,0.0
2023,Bay Area,549300UVOSI4XZZGUE14,7,3805000.0,0,0.0,0,0.0,0.0,"VERITAS FUNDING, LLC",,,0.0,0.0,,6937195000.0,6451793000.0,40306445000.0,0.0,0.0
2023,Bay Area,549300UVXY7S004OQL53,2,1140000.0,0,0.0,0,0.0,0.0,"Wyndham Capital Mortgage, Inc.",,,0.0,0.0,,6937195000.0,6451793000.0,40306445000.0,0.0,0.0
2023,Bay Area,549300V83GHGVEBS2094,1,405000.0,0,0.0,0,0.0,0.0,"GRAYTON MORTGAGE, INC.",,,0.0,0.0,,6937195000.0,6451793000.0,40306445000.0,0.0,0.0
2023,Bay Area,549300VQUTI5IU7GXT57,4,2870000.0,0,0.0,0,0.0,0.0,SECURITYNATIONAL MORTGAGE COMPANY,,,0.0,0.0,,6937195000.0,6451793000.0,40306445000.0,0.0,0.0
2023,Bay Area,549300W1HU6IVVIEJ389,1,725000.0,0,0.0,0,0.0,0.0,"RANLIFE, INC.",,,0.0,0.0,,6937195000.0,6451793000.0,40306445000.0,0.0,0.0
2023,Bay Area,549300W6J23SLH6AR815,1,205000.0,0,0.0,0,0.0,0.0,Great Lakes Credit Union,,,0.0,0.0,,6937195000.0,6451793000.0,40306445000.0,0.0,0.0
2023,Bay Area,549300WEOD0TL2O6EU67,4,2170000.0,0,0.0,0,0.0,0.0,"MOUNTAIN WEST FINANCIAL, INC.",,,0.0,0.0,,6937195000.0,6451793000.0,40306445000.0,0.0,0.0
2023,Bay Area,549300WJIJV987NXVC31,5,2765000.0,0,0.0,0,0.0,0.0,"SCENIC OAKS FUNDING, LLC",,,0.0,0.0,,6937195000.0,6451793000.0,40306445000.0,0.0,0.0
2023,Bay Area,549300WXO2FZYE7KAW26,1,725000.0,0,0.0,0,0.0,0.0,CERTIFIED CREDIT UNION,,,0.0,0.0,,6937195000.0,6451793000.0,40306445000.0,0.0,0.0
2023,Bay Area,549300WZCZNKQZ3TAU55,1,475000.0,0,0.0,0,0.0,0.0,CUSTOMER SERVICE MORTGAGE CORPORATION,,,0.0,0.0,,6937195000.0,6451793000.0,40306445000.0,0.0,0.0
2023,Bay Area,549300X72Q5WKCW2QQ95,1,595000.0,0,0.0,0,0.0,0.0,R M K FINANCIAL CORP.,,,0.0,0.0,,6937195000.0,6451793000.0,40306445000.0,0.0,0.0
2023,Bay Area,549300XBOKNEE2CQJL92,2,1710000.0,0,0.0,0,0.0,0.0,"AUGUSTA FINANCIAL, INC.",,,0.0,0.0,,6937195000.0,6451793000.0,40306445000.0,0.0,0.0
2023,Bay Area,549300XQ7B5FIVUNFE29,2,1330000.0,0,0.0,0,0.0,0.0,VAN DYK MORTGAGE CORPORATION,,,0.0,0.0,,6937195000.0,6451793000.0,40306445000.0,0.0,0.0
2023,Bay Area,549300XRXBA38J60S618,2,1790000.0,0,0.0,0,0.0,0.0,JMJ FINANCIAL GROUP,,,0.0,0.0,,6937195000.0,6451793000.0,40306445000.0,0.0,0.0
2023,Bay Area,549300XYLNCM8KWF7B15,1,875000.0,0,0.0,0,0.0,0.0,TRUWEST Credit Union,,,0.0,0.0,,6937195000.0,6451793000.0,40306445000.0,0.0,0.0
2023,Bay Area,549300XYY2S4S7UPJT86,1,385000.0,0,0.0,0,0.0,0.0,"SK GLOBAL INVESTMENT, INC",,,0.0,0.0,,6937195000.0,6451793000.0,40306445000.0,0.0,0.0
2023,Bay Area,549300YKBMBBIIMQJS94,1,655000.0,0,0.0,0,0.0,0.0,Southern Bank,,,0.0,0.0,,6937195000.0,6451793000.0,40306445000.0,0.0,0.0
2023,Bay Area,549300YPBBHUEKV1YC68,1,425000.0,0,0.0,0,0.0,0.0,"CITY FIRST MORTGAGE SERVICES, L.L.C.",,,0.0,0.0,,6937195000.0,6451793000.0,40306445000.0,0.0,0.0
2023,Bay Area,549300Z66NI4HM439O26,4,4980000.0,0,0.0,0,0.0,0.0,SACRAMENTO Credit Union,,,0.0,0.0,,6937195000.0,6451793000.0,40306445000.0,0.0,0.0
2023,Bay Area,549300ZGTXNHL5BKQZ27,1,805000.0,0,0.0,0,0.0,0.0,"DIRECTIONS EQUITY, LLC",,,0.0,0.0,,6937195000.0,6451793000.0,40306445000.0,0.0,0.0
2023,Bay Area,549300ZPP46PTHQ2RF22,14,4650000.0,0,0.0,0,0.0,0.0,NORTH BAY Credit Union,,,0.0,0.0,,6937195000.0,6451793000.0,40306445000.0,0.0,0.0
2023,Bay Area,549300ZPSJZO10ZAX556,2,3180000.0,0,0.0,0,0.0,0.0,"AMERICAN HERITAGE LENDING, LLC",,,0.0,0.0,,6937195000.0,6451793000.0,40306445000.0,0.0,0.0
2023,Bay Area,549300ZS1TR1B4LHX377,6,3170000.0,0,0.0,0,0.0,0.0,Firefighters First Federal Credit Union,,,0.0,0.0,,6937195000.0,6451793000.0,40306445000.0,0.0,0.0
2023,Bay Area,549300ZWNETGFXTBBY03,4,3070000.0,0,0.0,0,0.0,0.0,"CANOPY MORTGAGE, LLC",,,0.0,0.0,,6937195000.0,6451793000.0,40306445000.0,0.0,0.0
2023,Bay Area,635400IW1QMK3FNFF894,1,665000.0,0,0.0,0,0.0,0.0,MERIDIAN BANK,,,0.0,0.0,,6937195000.0,6451793000.0,40306445000.0,0.0,0.0
2023,Bay Area,COINQMNIM6RBU631DD85,2,690000.0,0,0.0,0,0.0,0.0,Arvest Bank,,,0.0,0.0,,6937195000.0,6451793000.0,40306445000.0,0.0,0.0
2023,Bay Area,FU7RSW4CQQY98A2O7J66,1,765000.0,0,0.0,0,0.0,0.0,"BOKF, National Association",,,0.0,0.0,,6937195000.0,6451793000.0,40306445000.0,0.0,0.0
2023,Bay Area,GDN5JXQ4P5NZE28ZRC90,2,2190000.0,0,0.0,0,0.0,0.0,City National Bank of Florida,,,0.0,0.0,,6937195000.0,6451793000.0,40306445000.0,0.0,0.0
2023,Bay Area,WE0I402RW25AU38DTI13,2,2590000.0,0,0.0,0,0.0,0.0,Banner Bank,,,0.0,0.0,,6937195000.0,6451793000.0,40306445000.0,0.0,0.0
2023,Seattle/Puget Sound,KB1H1DSPRFMYMCUFXT09,1072,1012470000.0,394,440820000.0,504,555600000.0,437872000.0,"Wells Fargo Bank, National Association",,,0.4353906782423183,0.4324789870317145,1118832.4873096447,6913850000.0,6350424000.0,27966400000.0,0.0637589765470758,0.06895161645899549
2023,Seattle/Puget Sound,549300KM40FP4MSQU941,2232,1322710000.0,539,396095000.0,812,568020000.0,385403500.0,Boeing Employees Credit Union,,,0.2994571750421483,0.29137414852840005,734870.1298701299,6913850000.0,6350424000.0,27966400000.0,0.05729007716395351,0.060689412234521664
2023,Seattle/Puget Sound,AD6GFRVSDT01YPT1CS68,648,669580000.0,308,353670000.0,378,418780000.0,342151000.0,"PNC Bank, National Association",,,0.5281967800710894,0.5109934585859792,1148279.2207792208,6913850000.0,6350424000.0,27966400000.0,0.05115384337236128,0.053878449690918276
2023,Seattle/Puget Sound,7H6GLXDRUGQFU57RNE97,941,799625000.0,356,344310000.0,464,443190000.0,332771000.0,"JPMorgan Chase Bank, National Association",,,0.43058933875254024,0.41615882444896046,967162.9213483146,6913850000.0,6350424000.0,27966400000.0,0.049800039052047704,0.0524013829627754
2023,Seattle/Puget Sound,6BYL5QZYBDK8S7L73M02,1119,938605000.0,315,311065000.0,430,429780000.0,310632000.0,U.S. Bank National Association,,,0.3314120423394293,0.3309507194187118,987507.9365079365,6913850000.0,6350424000.0,27966400000.0,0.04499157488230147,0.04891515905079724
2023,Seattle/Puget Sound,549300VZVN841I2ILS84,2021,1173955000.0,513,351895000.0,697,444955000.0,297596500.0,"CROSSCOUNTRY MORTGAGE, LLC",,,0.29975169405982344,0.25349906938511274,685955.1656920078,6913850000.0,6350424000.0,27966400000.0,0.050897112318028306,0.046862461467139835
2023,Seattle/Puget Sound,549300DD4R4SYK5RAQ92,2389,1330785000.0,511,334075000.0,728,440580000.0,284259000.0,"MOVEMENT MORTGAGE, LLC",,,0.251036042636489,0.2136024977738703,653767.1232876712,6913850000.0,6350424000.0,27966400000.0,0.048319677169739,0.04476220800374904
2023,Seattle/Puget Sound,B4TYDEB6GKMZO031MB27,744,625530000.0,265,262155000.0,364,341790000.0,256503000.0,"Bank of America, National Association",,,0.41909260946717186,0.4100570716032804,989264.1509433963,6913850000.0,6350424000.0,27966400000.0,0.03791736875980821,0.040391476222690015
2023,Seattle/Puget Sound,549300HW662MN1WU8550,3187,1759775000.0,398,274170000.0,722,438700000.0,249359500.0,"UNITED WHOLESALE MORTGAGE, LLC",,,0.1557983264906025,0.14169964910286825,688869.3467336684,6913850000.0,6350424000.0,27966400000.0,0.03965518488251842,0.03926659070323493
2023,Seattle/Puget Sound,549300FGXN1K3HLB1R50,2659,1297855000.0,431,250775000.0,694,368350000.0,222245000.0,"ROCKET MORTGAGE, LLC",,,0.19322266354870152,0.17124023870154986,581844.5475638051,6913850000.0,6350424000.0,27966400000.0,0.036271397267803034,0.034996875799159236
2023,Seattle/Puget Sound,549300MGPZBLQDIL7538,2161,1135665000.0,284,193520000.0,495,294825000.0,167408500.0,FAIRWAY INDEPENDENT MORTGAGE CORPORATION,,,0.17040236337300171,0.14741010773423502,681408.4507042253,6913850000.0,6350424000.0,27966400000.0,0.02799019359691055,0.026361783087239528
2023,Seattle/Puget Sound,549300CY7WNAHKHYSJ73,659,415625000.0,236,175600000.0,283,200395000.0,146839500.0,"CORNERSTONE CAPITAL BANK, SSB",,,0.42249624060150376,0.35329804511278196,744067.7966101695,6913850000.0,6350424000.0,27966400000.0,0.025398294727250373,0.023122786761954794
2023,Seattle/Puget Sound,549300AQ3T62GXDU7D76,1291,679765000.0,208,133000000.0,332,192910000.0,117483500.0,GUILD MORTGAGE COMPANY LLC,,,0.19565585165461594,0.17282958081101557,639423.0769230769,6913850000.0,6350424000.0,27966400000.0,0.01923674942325911,0.01850010330018909
2023,Seattle/Puget Sound,E57ODZWZ7FF32TWEFA76,181,203875000.0,95,112865000.0,114,133630000.0,104606000.0,"Citibank, National Association",,,0.5535990190067444,0.5130889025137952,1188052.6315789474,6913850000.0,6350424000.0,27966400000.0,0.01632447912523413,0.01647228594500147
2023,Seattle/Puget Sound,549300WTZMQSET2VY242,822,443800000.0,180,127420000.0,208,140950000.0,103934000.0,ACADEMY MORTGAGE CORPORATION,,,0.28711131140153223,0.23419107706173953,707888.8888888889,6913850000.0,6350424000.0,27966400000.0,0.01842967377076448,0.016366466239104663
2023,Seattle/Puget Sound,HUX2X73FUCYHUVH1BK78,459,321805000.0,109,97135000.0,161,137595000.0,100546000.0,KeyBank National Association,,,0.3018442845822781,0.31244387128851325,891146.7889908256,6913850000.0,6350424000.0,27966400000.0,0.014049335753596043,0.015832958555208283
2023,Seattle/Puget Sound,549300GKFNPRWNS0GF29,787,452715000.0,176,115580000.0,240,148600000.0,98794000.0,"CMG MORTGAGE, INC.",,,0.2553041096495588,0.21822559446892636,656704.5454545454,6913850000.0,6350424000.0,27966400000.0,0.016717169160453293,0.015557071464834473
2023,Seattle/Puget Sound,549300Q02LGIN9AXKP98,289,246155000.0,99,89665000.0,141,125295000.0,94050000.0,FIRST TECHNOLOGY FEDERAL CREDIT UNION,,,0.3642623550202108,0.38207633401718427,905707.0707070708,6913850000.0,6350424000.0,27966400000.0,0.012968895767191941,0.014810034731539185
2023,Seattle/Puget Sound,549300G4ESSS6M0MEG51,330,236410000.0,139,106875000.0,156,119160000.0,91558000.0,"OriginPoint, LLC",,,0.4520747853305698,0.3872848018273339,768884.8920863309,6913850000.0,6350424000.0,27966400000.0,0.015458102215118927,0.01441761998883854
2023,Seattle/Puget Sound,D38AC76TAMYI50NBPX33,234,245480000.0,72,96550000.0,88,114110000.0,90009000.0,WASHINGTON FEDERAL BANK,WAFD,"WaFd, Inc.",0.39331106403780347,0.3666653087827929,1340972.2222222222,6913850000.0,6350424000.0,27966400000.0,0.013964722983576445,0.014173699267954391
2023,Seattle/Puget Sound,549300KIOYNU323LVJ37,1163,611125000.0,160,97590000.0,296,162740000.0,87962500.0,AMERICAN PACIFIC MORTGAGE CORPORATION,,,0.15968909797504602,0.14393536510533853,609937.5,6913850000.0,6350424000.0,27966400000.0,0.014115145685833509,0.013851437321350512
2023,Seattle/Puget Sound,1IE8VN30JCEQV1H4R804,141,153315000.0,80,83810000.0,99,111075000.0,85639000.0,"HSBC BANK USA, NATIONAL ASSOCIATION",,,0.5466523171248736,0.5585820043700878,1047625.0,6913850000.0,6350424000.0,27966400000.0,0.012122044880927415,0.013485556240024288
2023,Seattle/Puget Sound,549300GS0W0TEUQS8571,170,174270000.0,76,80470000.0,88,92330000.0,71683500.0,"Morgan Stanley Private Bank, National Association",,,0.4617547483789522,0.41133585815114476,1058815.7894736843,6913850000.0,6350424000.0,27966400000.0,0.011638956587140306,0.011287986439960544
2023,Seattle/Puget Sound,01KWVG908KE7RKPTNP46,391,225495000.0,115,79635000.0,164,102800000.0,65796500.0,HomeStreet Bank,HMST,"HomeStreet, Inc.",0.3531563892769241,0.291786957582208,692478.2608695652,6913850000.0,6350424000.0,27966400000.0,0.011518184513693528,0.010360961724760425
2023,Seattle/Puget Sound,54930060G4MDPWHISD89,1039,524445000.0,119,72145000.0,218,117570000.0,61247500.0,EVERGREEN MONEYSOURCE MORTGAGE COMPANY,,,0.13756447291899054,0.11678536357482672,606260.5042016807,6913850000.0,6350424000.0,27966400000.0,0.010434851783015252,0.009644631602551263
2023,Seattle/Puget Sound,5493009HUMWCHFRDKF12,297,177665000.0,111,70135000.0,134,81490000.0,58709000.0,SAMMAMISH MORTGAGE COMPANY,,,0.3947598007485999,0.3304477527931782,631846.8468468469,6913850000.0,6350424000.0,27966400000.0,0.010144130983460734,0.00924489451413008
2023,Seattle/Puget Sound,549300PL8ER6H23P0Z91,724,367650000.0,111,66985000.0,190,101710000.0,57415000.0,BAY EQUITY LLC,,,0.18219774241806067,0.15616755065959473,603468.4684684685,6913850000.0,6350424000.0,27966400000.0,0.009688523760278282,0.009041128592358557
2023,Seattle/Puget Sound,5493003T5D4N1CM46J77,496,298100000.0,99,65885000.0,142,90670000.0,56728000.0,1st Security Bank of Washington,FSBW,FS Bancorp,0.22101643743710164,0.19029855753102987,665505.0505050505,6913850000.0,6350424000.0,27966400000.0,0.009529422825198695,0.00893294683945513
2023,Seattle/Puget Sound,549300J7XKT2BI5WX213,520,286760000.0,105,65715000.0,140,82570000.0,55503000.0,"CALIBER HOME LOANS, INC.",,,0.22916376063607197,0.1935520993165016,625857.1428571428,6913850000.0,6350424000.0,27966400000.0,0.009504834498868214,0.008740046333914082
2023,Seattle/Puget Sound,549300AG64NHILB7ZP05,682,367290000.0,78,56100000.0,115,74635000.0,49662000.0,"LOANDEPOT.COM, LLC",,,0.1527403414195867,0.1352119578534673,719230.7692307692,6913850000.0,6350424000.0,27966400000.0,0.008114147689058918,0.00782026522953428
2023,Seattle/Puget Sound,RVDPPPGHCGZ40J4VQ731,549,285325000.0,81,49555000.0,126,69450000.0,43380500.0,"PENNYMAC LOAN SERVICES, LLC",,,0.17367913782528696,0.15203890300534478,611790.1234567901,6913850000.0,6350424000.0,27966400000.0,0.007167497125335378,0.006831118678059921
2023,Seattle/Puget Sound,IFQSIUC9AGQV2NE8CN25,258,160760000.0,65,51035000.0,79,57035000.0,43170500.0,Umpqua Bank,COLB,Columbia Banking System,0.3174608111470515,0.26854005971634737,785153.8461538461,6913850000.0,6350424000.0,27966400000.0,0.007381560201624276,0.006798050019967171
2023,Seattle/Puget Sound,5493001WHVQBGRSWEU75,323,191035000.0,71,50375000.0,96,61330000.0,42233500.0,"HOMEBRIDGE FINANCIAL SERVICES, INC.",,,0.2636951343994556,0.22107728950192373,709507.0422535212,6913850000.0,6350424000.0,27966400000.0,0.007286099640576524,0.006650500816953325
2023,Seattle/Puget Sound,549300INFJ8TYNZ1G568,73,89655000.0,37,46155000.0,39,48365000.0,39460000.0,"Charles Schwab Bank, SSB",,,0.5148067592437677,0.4401316156377224,1247432.4324324324,6913850000.0,6350424000.0,27966400000.0,0.0066757305987257464,0.006213758325428349
2023,Seattle/Puget Sound,5493000FWM3I2HHQY149,325,180945000.0,61,40825000.0,90,62170000.0,39351000.0,WASHINGTON STATE EMPLOYEES CREDIT UNION,,,0.2256210450689436,0.21747492331924065,669262.2950819673,6913850000.0,6350424000.0,27966400000.0,0.0059048142496582945,0.006196594117180207
2023,Seattle/Puget Sound,549300MCIFZSDHUT8X63,459,261615000.0,66,43610000.0,118,69470000.0,38169000.0,"NFM, INC.",,,0.16669533474762532,0.14589759761481566,660757.5757575758,6913850000.0,6350424000.0,27966400000.0,0.006307628889837066,0.006010464813058152
2023,Seattle/Puget Sound,5493008GYZEYGLI3NQ97,227,128245000.0,68,42910000.0,92,56230000.0,37874000.0,PENRITH HOME LOANS LLC,,,0.3345939412842606,0.29532535381496355,631029.4117647059,6913850000.0,6350424000.0,27966400000.0,0.006206382840240965,0.005964011221927859
2023,Seattle/Puget Sound,3Y4U8VZURTYWI1W2K376,82,88800000.0,35,42635000.0,41,47735000.0,37326000.0,BMO Bank National Association,,,0.4801238738738739,0.42033783783783785,1218142.857142857,6913850000.0,6350424000.0,27966400000.0,0.006166607606471069,0.005877717771285823
2023,Seattle/Puget Sound,549300DK7QID2ZON6Q55,235,140645000.0,44,33120000.0,65,47405000.0,33762500.0,Global Federal Credit Union,,,0.23548650858544562,0.24005474776920616,752727.2727272727,6913850000.0,6350424000.0,27966400000.0,0.0047903845180326445,0.0053165741374119274
2023,Seattle/Puget Sound,549300U3721PJGQZYY68,428,236480000.0,57,35465000.0,105,59795000.0,32631000.0,"GUARANTEED RATE, INC.",,,0.14997039918809202,0.13798629905277401,622192.9824561403,6913850000.0,6350424000.0,27966400000.0,0.005129558784179582,0.005138397058212176
2023,Seattle/Puget Sound,549300E2UX99HKDBR481,550,287800000.0,57,36185000.0,117,67115000.0,32508000.0,"NEW AMERICAN FUNDING, LLC",,,0.12572967338429464,0.11295343988881168,634824.5614035088,6913850000.0,6350424000.0,27966400000.0,0.005233697578049856,0.0051190282727578505
2023,Seattle/Puget Sound,549300SVKVT1EF3U0N48,132,84520000.0,49,40175000.0,57,44205000.0,32304500.0,"ON Q FINANCIAL, LLC",,,0.4753312825366777,0.3822113109323237,819897.9591836735,6913850000.0,6350424000.0,27966400000.0,0.00581080006074763,0.00508698316836797
2023,Seattle/Puget Sound,549300P2GEYNMH5OQA71,56,58160000.0,32,32800000.0,41,41805000.0,31060000.0,Washington Trust Bank,,,0.5639614855570839,0.5340440165061898,1025000.0,6913850000.0,6350424000.0,27966400000.0,0.004744100609645856,0.0048910120017183105
2023,Seattle/Puget Sound,549300FNXYY540N23N64,423,208765000.0,57,32815000.0,92,49740000.0,29308500.0,NEWREZ LLC,,,0.15718630996575098,0.1403899121021244,575701.754385965,6913850000.0,6350424000.0,27966400000.0,0.0047462701678514865,0.0046152036462447235
2023,Seattle/Puget Sound,54930043BMDE130FJ617,225,109425000.0,61,30505000.0,79,39495000.0,27651500.0,"PROVIDENT FUNDING ASSOCIATES, L.P.",,,0.2787754169522504,0.2526981951108065,500081.9672131148,6913850000.0,6350424000.0,27966400000.0,0.0044121582041843545,0.004354276186912874
2023,Seattle/Puget Sound,5493003GQDUH26DNNH17,435,226045000.0,39,28465000.0,65,40425000.0,24727500.0,NAVY FEDERAL CREDIT UNION,,,0.12592625362206641,0.10939193523413479,729871.7948717949,6913850000.0,6350424000.0,27966400000.0,0.004117098288218575,0.003893834490421427
2023,Seattle/Puget Sound,549300XY701IELCE5Q08,115,67025000.0,43,26265000.0,49,29165000.0,23367000.0,BETTER MORTGAGE CORPORATION,,,0.3918687057068258,0.34863110779559864,610813.9534883721,6913850000.0,6350424000.0,27966400000.0,0.0037988964180594026,0.003679596826920533
2023,Seattle/Puget Sound,KD3XUN7C6T14HNAYLU02,12,36360000.0,5,26255000.0,6,28150000.0,21762000.0,Goldman Sachs Bank USA,,,0.722084708470847,0.5985148514851485,5251000.0,6913850000.0,6350424000.0,27966400000.0,0.0037974500459223154,0.0034268577972116506
2023,Seattle/Puget Sound,54930004MLYQ2HKUPN66,69,50525000.0,31,25045000.0,34,26640000.0,20999500.0,"TRISTAR FINANCE, INC.",,,0.49569520039584364,0.41562592775853535,807903.2258064516,6913850000.0,6350424000.0,27966400000.0,0.00362243901733477,0.0033067870743748763
2023,Seattle/Puget Sound,549300KX6E1IE2LM5E30,58,54200000.0,19,20795000.0,25,27335000.0,20645500.0,"FLYHOMES MORTGAGE, LLC",,,0.38367158671586715,0.3809132841328413,1094473.6842105263,6913850000.0,6350424000.0,27966400000.0,0.0030077308590727306,0.0032510427650185247
2023,Seattle/Puget Sound,549300XHPPLC0TBRV021,181,105085000.0,35,22655000.0,50,30450000.0,20634500.0,"PRIORITY HOME LENDING, LLC",,,0.2155873816434315,0.1963600894513965,647285.7142857143,6913850000.0,6350424000.0,27966400000.0,0.003276756076570941,0.003249310597213666
2023,Seattle/Puget Sound,549300VORTI31GZTJL53,163,92345000.0,34,24630000.0,52,32600000.0,20033000.0,"CARDINAL FINANCIAL COMPANY, LIMITED PARTNERSHIP",,,0.2667172017976068,0.2169364881693649,724411.7647058824,6913850000.0,6350424000.0,27966400000.0,0.0035624145736456534,0.0031545925122480013
2023,Seattle/Puget Sound,2WHM8VNJH63UN14OL754,48,47780000.0,18,21780000.0,21,24085000.0,19037500.0,The Huntington National Bank,,,0.4558392632900795,0.398440770196735,1210000.0,6913850000.0,6350424000.0,27966400000.0,0.003150198514575815,0.002997831325908317
2023,Seattle/Puget Sound,549300AENO88GEUWCZ39,104,62910000.0,33,22745000.0,39,25425000.0,18783000.0,"Luminate Home Loans, Inc.",,,0.36154824352249243,0.29856938483547923,689242.4242424242,6913850000.0,6350424000.0,27966400000.0,0.0032897734258047254,0.0029577552616959117
2023,Seattle/Puget Sound,YWC0TIKBQM2JV8L4IV08,32,34110000.0,19,20415000.0,20,21120000.0,17980000.0,First Republic Bank,,,0.5985048372911169,0.5271181471709177,1074473.6842105263,6913850000.0,6350424000.0,27966400000.0,0.002952768717863419,0.00283130701194125
2023,Seattle/Puget Sound,L9VVX1KT5TFTKS0MLF66,41,48385000.0,14,20310000.0,15,21365000.0,16847000.0,First-Citizens Bank & Trust Company,,,0.4197581895215459,0.3481864214115945,1450714.2857142857,6913850000.0,6350424000.0,27966400000.0,0.002937581810424004,0.0026528937280408363
2023,Seattle/Puget Sound,5493001SXWZ4OFP8Z903,567,359785000.0,8,9030000.0,28,27690000.0,15966000.0,"DHI MORTGAGE COMPANY, LTD.",,,0.025098322609336133,0.04437650263351724,1128750.0,6913850000.0,6350424000.0,27966400000.0,0.0013060740397896975,0.002514162833851724
2023,Seattle/Puget Sound,F28JOQ8OBWCFUYM0UX93,107,66125000.0,24,16250000.0,30,18930000.0,15837000.0,East West Bank,EWBC,East West Bancorp,0.24574669187145556,0.23950094517958412,677083.3333333334,6913850000.0,6350424000.0,27966400000.0,0.0023503547227666207,0.0024938492295947484
2023,Seattle/Puget Sound,549300GWD9H4FQ2VR805,45,49255000.0,16,17060000.0,20,19080000.0,14689000.0,UBS Bank USA,,,0.34636077555578115,0.29822353060602985,1066250.0,6913850000.0,6350424000.0,27966400000.0,0.00246751086587068,0.00231307389868771
2023,Seattle/Puget Sound,254900ZFWS2106HWPH46,219,111895000.0,16,15610000.0,46,30460000.0,14300000.0,"Paramount Residential Mortgage Group, Inc.",,,0.13950578667500782,0.12779838241208274,975625.0,6913850000.0,6350424000.0,27966400000.0,0.002257786905993043,0.0022518181463158995
2023,Seattle/Puget Sound,549300H3IZO24NSOO931,477,277615000.0,0,0.0,34,35560000.0,14224000.0,"LENNAR MORTGAGE, LLC",,,0.0,0.05123642454478324,,6913850000.0,6350424000.0,27966400000.0,0.0,0.0022398504414823327
2023,Seattle/Puget Sound,5493004WMLN60ZJ2ON46,120,75120000.0,31,17695000.0,31,17695000.0,14156000.0,PULTE MORTGAGE LLC,,,0.23555644302449413,0.1884451544195953,570806.4516129033,6913850000.0,6350424000.0,27966400000.0,0.002559355496575714,0.002229142495052299
2023,Seattle/Puget Sound,549300GTVXJ2PGXNLM73,169,86925000.0,20,15370000.0,37,23015000.0,13058500.0,T2 FINANCIAL LLC,,,0.17681909692263445,0.15022720736266898,768500.0,6913850000.0,6350424000.0,27966400000.0,0.0022230739747029515,0.0020563193890675647
2023,Seattle/Puget Sound,549300O6Z0I6KYMESL47,49,32965000.0,15,14065000.0,21,16605000.0,12712500.0,AMWEST FUNDING CORP.,,,0.42666464431973306,0.3856362809039891,937666.6666666666,6913850000.0,6350424000.0,27966400000.0,0.0020343224108130783,0.0020018348381147465
2023,Seattle/Puget Sound,5493005PKOSG7MYX0B34,105,53405000.0,25,14555000.0,35,19895000.0,12660500.0,"Prosperity Home Mortgage, LLC",,,0.27254002434229,0.23706581780732142,582200.0,6913850000.0,6350424000.0,27966400000.0,0.0021051946455303487,0.0019936464084917794
2023,Seattle/Puget Sound,5493006TY8FGNLX44X28,153,75375000.0,26,13940000.0,38,19340000.0,12289500.0,"AXIA FINANCIAL, LLC",,,0.1849419568822554,0.163044776119403,536153.8461538461,6913850000.0,6350424000.0,27966400000.0,0.0020162427590994887,0.0019352251125279193
2023,Seattle/Puget Sound,213800XR2TCBQJSF1X93,192,101990000.0,22,14120000.0,41,23925000.0,12255000.0,NBKC BANK,,,0.1384449455829003,0.12015883910187274,641818.1818181818,6913850000.0,6350424000.0,27966400000.0,0.0020422774575670575,0.0019297924044126818
2023,Seattle/Puget Sound,549300DCGBXW5FJMV921,47,26735000.0,22,13120000.0,25,14925000.0,11850000.0,"NMSI, INC.",,,0.490742472414438,0.44323919955115015,596363.6363636364,6913850000.0,6350424000.0,27966400000.0,0.0018976402438583423,0.0018660171352338048
2023,Seattle/Puget Sound,WE0I402RW25AU38DTI13,213,113695000.0,22,12290000.0,48,23000000.0,11674500.0,Banner Bank,,,0.10809622234926777,0.10268261577026254,558636.3636363636,6913850000.0,6350424000.0,27966400000.0,0.0017775913564801087,0.0018383811852562915
2023,Seattle/Puget Sound,549300NWBS6MQJX15N44,115,66215000.0,17,12275000.0,37,22275000.0,11389500.0,NexBank,,,0.18538095597674242,0.17200785320546705,722058.8235294118,6913850000.0,6350424000.0,27966400000.0,0.001775421798274478,0.0017935022921304153
2023,Seattle/Puget Sound,SS1TRMSN6BRNMOREEV51,107,64555000.0,16,12070000.0,23,15035000.0,10695500.0,"Flagstar Bank, N.A.",,,0.18697234915963132,0.1656804275424057,754375.0,6913850000.0,6350424000.0,27966400000.0,0.0017457711694641915,0.0016842182506238952
2023,Seattle/Puget Sound,549300ZBXINP1Y94CN02,101,61205000.0,17,11235000.0,20,13350000.0,9593000.0,"DIRECTORS MORTGAGE, INC.",,,0.1835634343599379,0.15673556082019444,660882.3529411765,6913850000.0,6350424000.0,27966400000.0,0.0016249990960174143,0.0015106077956369528
2023,Seattle/Puget Sound,549300UI36AJZ0WZ4U93,112,64140000.0,5,2935000.0,31,18725000.0,9251000.0,"Taylor Morrison Home Funding, Inc.",,,0.04575927658247583,0.14423136888057375,587000.0,6913850000.0,6350424000.0,27966400000.0,0.0004245102222350789,0.0014567531238859012
2023,Seattle/Puget Sound,ZXMJHJK466PBZTM5F379,10,11830000.0,7,9915000.0,7,9915000.0,9089000.0,Raymond James Bank,,,0.838123415046492,0.7683009298393914,1416428.5714285714,6913850000.0,6350424000.0,27966400000.0,0.0014340779739219103,0.0014312430162143504
2023,Seattle/Puget Sound,54930040HIIQWXRS6K39,42,24500000.0,17,8565000.0,21,10445000.0,8544000.0,"LO, INC.",,,0.34959183673469385,0.348734693877551,503823.5294117647,6913850000.0,6350424000.0,27966400000.0,0.001238817735415145,0.0013454219749736397
2023,Seattle/Puget Sound,549300MZ8VZJOVC63092,103,58695000.0,13,9185000.0,22,14000000.0,8040000.0,"KIND LENDING, LLC",,,0.15648692392878438,0.13697929976999745,706538.4615384615,6913850000.0,6350424000.0,27966400000.0,0.0013284928079145483,0.0012660571955510373
2023,Seattle/Puget Sound,5493000NYUJT9UC6G261,87,42395000.0,16,8980000.0,21,11125000.0,7966500.0,LEADERONE FINANCIAL CORPORATION,,,0.21181743130086095,0.18791131029602548,561250.0,6913850000.0,6350424000.0,27966400000.0,0.0012988421791042617,0.0012544831652185743
2023,Seattle/Puget Sound,5493000ZB0IHPJ66BJ32,15,17385000.0,6,8600000.0,7,9925000.0,7914000.0,Luther Burbank Savings,,,0.4946793212539546,0.4552200172562554,1433333.3333333333,6913850000.0,6350424000.0,27966400000.0,0.00124388003789495,0.0012462160006953865
2023,Seattle/Puget Sound,C5654JQHZUHN0772B561,136,66240000.0,16,8510000.0,25,13385000.0,7607500.0,USAA Federal Savings Bank,,,0.1284722222222222,0.11484752415458938,531875.0,6913850000.0,6350424000.0,27966400000.0,0.0012308626886611657,0.0011979515068600143
2023,Seattle/Puget Sound,FT6J43S06X6CLJ0R0B48,33,23675000.0,9,8415000.0,9,8415000.0,7575000.0,Cathay Bank,,,0.3554382259767687,0.3199577613516367,935000.0,6913850000.0,6350424000.0,27966400000.0,0.0012171221533588377,0.0011928337383456601
2023,Seattle/Puget Sound,CKVBED0S4DMLKJJ5XH28,24,20840000.0,6,8530000.0,8,9630000.0,7543000.0,Stifel Bank and Trust,,,0.40930902111324374,0.36194817658349326,1421666.6666666667,6913850000.0,6350424000.0,27966400000.0,0.00123375543293534,0.0011877947047315267
2023,Seattle/Puget Sound,549300IKS3MMB5YK6T18,13,19005000.0,5,8175000.0,8,9870000.0,7363000.0,KINECTA,,,0.43014996053670085,0.38742436200999736,1635000.0,6913850000.0,6350424000.0,27966400000.0,0.0011824092220687461,0.0011594501406520259
2023,Seattle/Puget Sound,593C3GZG957YOJPS2Z63,15,16825000.0,8,8580000.0,8,8580000.0,7125000.0,City National Bank,,,0.5099554234769688,0.4234769687964339,1072500.0,6913850000.0,6350424000.0,27966400000.0,0.0012409872936207757,0.001121972328146908
2023,Seattle/Puget Sound,549300323EON4W3CCM44,48,27430000.0,12,7350000.0,18,11080000.0,6991500.0,"RESICENTRAL, LLC",,,0.26795479402114475,0.2548851622311338,612500.0,6913850000.0,6350424000.0,27966400000.0,0.0010630835207590561,0.0011009501097879449
2023,Seattle/Puget Sound,549300DD5QQUHO6PCH70,566,278790000.0,14,7490000.0,71,33885000.0,6975000.0,"Mortgage Research Center, LLC",,,0.026866099931848346,0.025018831378456903,535000.0,6913850000.0,6350424000.0,27966400000.0,0.0010833327306782761,0.0010983518580806573
2023,Seattle/Puget Sound,254900TG14TB8RKS3U42,34,19190000.0,12,7720000.0,17,10325000.0,6771500.0,"Filo Mortgage, L.L.C.",,,0.40229286086503385,0.35286607608129233,643333.3333333334,6913850000.0,6350424000.0,27966400000.0,0.0011165992898312807,0.0010663067536907773
2023,Seattle/Puget Sound,254900VELJPWWT51WN03,32,16850000.0,15,7165000.0,17,8465000.0,6723500.0,General Mortgage Capital Corporation,,,0.4252225519287834,0.39902077151335313,477666.6666666667,6913850000.0,6350424000.0,27966400000.0,0.0010363256362229437,0.001058748203269577
2023,Seattle/Puget Sound,549300KHXD7JSQUZIJ22,87,49955000.0,15,7285000.0,22,11840000.0,6583000.0,"HIGHLANDS RESIDENTIAL MORTGAGE, LTD.",,,0.14583124812331097,0.1317786007406666,485666.6666666667,6913850000.0,6350424000.0,27966400000.0,0.0010536821018679895,0.0010366236963075222
2023,Seattle/Puget Sound,2549009X2AG1P20YAJ63,8,12240000.0,3,6865000.0,3,6865000.0,6581000.0,Axos Bank,,,0.5608660130718954,0.5376633986928104,2288333.3333333335,6913850000.0,6350424000.0,27966400000.0,0.0009929344721103294,0.0010363087567066389
2023,Seattle/Puget Sound,549300ZZME37MXI1EF14,72,36700000.0,12,7850000.0,20,11270000.0,6563000.0,"DAS Acquisition Company, LLC",,,0.21389645776566757,0.1788283378746594,654166.6666666666,6913850000.0,6350424000.0,27966400000.0,0.0011354021276134137,0.0010334743002986886
2023,Seattle/Puget Sound,549300370QILXLFUWD20,68,34230000.0,14,7780000.0,25,12265000.0,6432000.0,"ZILLOW HOME LOANS, LLC",,,0.22728600642711072,0.18790534618755478,555714.2857142857,6913850000.0,6350424000.0,27966400000.0,0.0011252775226538035,0.0010128457564408297
2023,Seattle/Puget Sound,254900DTLHVWQ7NP7R34,74,39910000.0,11,6355000.0,19,10435000.0,6227500.0,"THE LOAN STORE, INC.",,,0.159233274868454,0.15603858682034577,577727.2727272727,6913850000.0,6350424000.0,27966400000.0,0.0009191694931188845,0.000980643182250508
2023,Seattle/Puget Sound,254900E6AIE4Z8YQM970,32,19000000.0,8,6790000.0,10,8440000.0,6210500.0,Citadel Servicing Corporation,,,0.35736842105263156,0.3268684210526316,848750.0,6913850000.0,6350424000.0,27966400000.0,0.0009820866810821755,0.0009779661956429997
2023,Seattle/Puget Sound,5493004AS1SPBQOFDR49,44,22140000.0,12,6950000.0,14,7990000.0,6147500.0,"Commerce Home Mortgage, Inc.",,,0.31391147244805784,0.27766485998193313,579166.6666666666,6913850000.0,6350424000.0,27966400000.0,0.0010052286352755702,0.0009680455982151743
2023,Seattle/Puget Sound,54930054ET8KM4O1D485,33,18235000.0,11,7065000.0,12,7550000.0,5847000.0,"SOFI BANK, NATIONAL ASSOCIATION",,,0.3874417329311763,0.32064710721140666,642272.7272727273,6913850000.0,6350424000.0,27966400000.0,0.0010218619148520723,0.0009207259231824521
2023,Seattle/Puget Sound,549300TWPFOYZ33TOU32,104,49760000.0,12,6950000.0,21,10705000.0,5801000.0,MANN FINANCIAL INC.,,,0.13967041800643087,0.11657958199356913,579166.6666666666,6913850000.0,6350424000.0,27966400000.0,0.0010052286352755702,0.0009134823123621351
2023,Seattle/Puget Sound,5493001VH4ZJNSI25781,38,23700000.0,9,6645000.0,12,7930000.0,5794500.0,Peoples Bank,,,0.28037974683544303,0.24449367088607596,738333.3333333334,6913850000.0,6350424000.0,27966400000.0,0.0009611142850944119,0.0009124587586592643
2023,Seattle/Puget Sound,549300OPCWU6E72WUT29,137,65675000.0,10,5600000.0,32,14760000.0,5273000.0,"MUTUAL OF OMAHA MORTGAGE, INC.",,,0.0852683669585078,0.08028930338789493,560000.0,6913850000.0,6350424000.0,27966400000.0,0.0008099683967688047,0.0008303382577289327
2023,Seattle/Puget Sound,549300121SF0K2LN2804,150,73560000.0,9,5235000.0,27,14055000.0,5208000.0,"PRIMELENDING, A PLAINSCAPITAL COMPANY",,,0.07116639477977162,0.07079934747145188,581666.6666666666,6913850000.0,6350424000.0,27966400000.0,0.0007571758137651237,0.0008201027207002241
2023,Seattle/Puget Sound,549300RD5IG88VPO6P22,42,25320000.0,7,5075000.0,10,7190000.0,5185000.0,"GUIDANCE RESIDENTIAL, LLC",,,0.200434439178515,0.2047788309636651,725000.0,6913850000.0,6350424000.0,27966400000.0,0.0007340338595717293,0.0008164809152900657
2023,Seattle/Puget Sound,549300NFPC3Y4W3Y7R87,51,27185000.0,7,5645000.0,12,7530000.0,5165000.0,CALCON MUTUAL MORTGAGE LLC,,,0.2076512782784624,0.1899944822512415,806428.5714285715,6913850000.0,6350424000.0,27966400000.0,0.0008164770713856969,0.0008133315192812322
2023,Seattle/Puget Sound,549300YIQ7S7Z8PIHE53,133,55445000.0,8,5240000.0,28,12680000.0,4978000.0,AMERISAVE MORTGAGE CORPORATION,,,0.09450807106141221,0.0897826675083416,655000.0,6913850000.0,6350424000.0,27966400000.0,0.0007578989998336672,0.0007838846665986397
2023,Seattle/Puget Sound,5493007L4GYNO2PUBS09,28,15190000.0,9,5535000.0,12,7150000.0,4948000.0,"MEMBER FIRST MORTGAGE, LLC",,,0.36438446346280445,0.32574061882817645,615000.0,6913850000.0,6350424000.0,27966400000.0,0.0008005669778777382,0.0007791605725853896
2023,Seattle/Puget Sound,549300C04BJ0G297NC13,36,19010000.0,11,5735000.0,14,7110000.0,4871500.0,Ally Bank,,,0.3016833245660179,0.25625986322987904,521363.63636363635,6913850000.0,6350424000.0,27966400000.0,0.0008294944206194812,0.0007671141328516017
2023,Seattle/Puget Sound,JJKC32MCHWDI71265Z06,30,16220000.0,8,5400000.0,12,7250000.0,4836000.0,Truist Bank,,,0.33292231812577067,0.29815043156596793,675000.0,6913850000.0,6350424000.0,27966400000.0,0.0007810409540270617,0.0007615239549359224
2023,Seattle/Puget Sound,54930001NSTOD85LT125,60,31420000.0,9,5225000.0,20,10720000.0,4693000.0,"GUARANTEED RATE AFFINITY, LLC",,,0.16629535327816677,0.14936346276257162,580555.5555555555,6913850000.0,6350424000.0,27966400000.0,0.0007557294416280365,0.0007390057734727634
2023,Seattle/Puget Sound,549300Z2B4FHRYOXTS09,54,32090000.0,6,5650000.0,10,7470000.0,4595500.0,Heritage Bank,,,0.17606731068868806,0.1432066064194453,941666.6666666666,6913850000.0,6350424000.0,27966400000.0,0.0008172002574542403,0.0007236524679297004
2023,Seattle/Puget Sound,549300ISCZS1R0CJMO47,34,21280000.0,7,5395000.0,8,5870000.0,4506000.0,"Premia Mortgage, LLC DBA Premia Relocation Mortgage",,,0.25352443609022557,0.21174812030075188,770714.2857142857,6913850000.0,6350424000.0,27966400000.0,0.0007803177679585181,0.0007095589207901709
2023,Seattle/Puget Sound,54930021QRU8VXNS6152,118,44300000.0,14,5010000.0,34,10500000.0,4502500.0,Sound Credit Union,,,0.11309255079006772,0.10163656884875846,357857.14285714284,6913850000.0,6350424000.0,27966400000.0,0.0007246324406806628,0.000709007776488625
2023,Seattle/Puget Sound,5493007QERYQSQ3QNH02,58,27470000.0,8,5140000.0,13,7335000.0,4357000.0,Seattle Metropolitan Credit Union,,,0.18711321441572626,0.1586093920640699,642500.0,6913850000.0,6350424000.0,27966400000.0,0.0007434352784627957,0.0006860959205243619
2023,Seattle/Puget Sound,549300XWUSRVVOHPRY47,76,44280000.0,7,4785000.0,11,7425000.0,4235500.0,"EVERETT FINANCIAL, INC.",,,0.10806233062330624,0.09565266485998193,683571.4285714285,6913850000.0,6350424000.0,27966400000.0,0.0006920890675962019,0.0006669633397706988
2023,Seattle/Puget Sound,8WH0EE09O9V05QJZ3V89,31,28625000.0,3,1985000.0,9,8235000.0,4209000.0,"Zions Bancorporation, N.A.",,,0.06934497816593886,0.14703930131004367,661666.6666666666,6913850000.0,6350424000.0,27966400000.0,0.0002871048692117995,0.0006627903900589945
2023,Seattle/Puget Sound,549300BXWU32AYWT1A56,21,15645000.0,4,2990000.0,7,5505000.0,3851000.0,UIF CORPORATION,,,0.191115372323426,0.2461489293704059,747500.0,6913850000.0,6350424000.0,27966400000.0,0.0004324652689890582,0.0006064162015008761
2023,Seattle/Puget Sound,254900LTD432L5CHIZ48,15,14495000.0,3,3525000.0,5,5805000.0,3821000.0,Home Mortgage Alliance Corporation (HMAC),,,0.243187305967575,0.26360814073818556,1175000.0,6913850000.0,6350424000.0,27966400000.0,0.0005098461783232208,0.000601692107487626
2023,Seattle/Puget Sound,549300B4IYL7TZT8FA34,391,193725000.0,8,3810000.0,57,26395000.0,3812000.0,"PREMIER MORTGAGE RESOURCES, L.L.C.",,,0.01966705381339528,0.019677377726158213,476250.0,6913850000.0,6350424000.0,27966400000.0,0.0005510677842302046,0.000600274879283651
2023,Seattle/Puget Sound,5493001XKL0FTNOJ0866,68,35150000.0,5,3875000.0,19,9535000.0,3733500.0,"GENEVA FINANCIAL, LLC",,,0.11024182076813656,0.10621621621621621,775000.0,6913850000.0,6350424000.0,27966400000.0,0.0005604692031212711,0.0005879134999489798
2023,Seattle/Puget Sound,5493001GAASLCSP1PB64,18,4980000.0,16,4340000.0,16,4340000.0,3704000.0,"NATIONAL COOPERATIVE BANK, N.A.",,,0.8714859437751004,0.7437751004016064,271250.0,6913850000.0,6350424000.0,27966400000.0,0.0006277255074958236,0.0005832681408359505
2023,Seattle/Puget Sound,549300JPGMCMBEJEK584,21,16085000.0,4,4060000.0,5,4915000.0,3656500.0,DIGITAL,,,0.25240907677960833,0.22732359341000932,1015000.0,6913850000.0,6350424000.0,27966400000.0,0.0005872270876573834,0.0005757883253149711
2023,Seattle/Puget Sound,213800QUAI2VH5YM6310,14,8800000.0,6,3960000.0,6,3960000.0,3609000.0,"EMBRACE HOME LOANS, INC.",,,0.45,0.41011363636363635,660000.0,6913850000.0,6350424000.0,27966400000.0,0.0005727633662865119,0.0005683085097939918
2023,Seattle/Puget Sound,549300U8DCOOTG96YM89,141,22135000.0,5,3745000.0,11,4525000.0,3578000.0,Sound Community Bank,,,0.16918906708832165,0.16164445448384912,749000.0,6913850000.0,6350424000.0,27966400000.0,0.0005416663653391381,0.0005634269459802999
2023,Seattle/Puget Sound,549300WKFR15017V9850,20,11370000.0,6,3600000.0,10,5840000.0,3473000.0,MEGASTAR FINANCIAL CORP.,,,0.316622691292876,0.305452946350044,600000.0,6913850000.0,6350424000.0,27966400000.0,0.0005206939693513744,0.0005468926169339244
2023,Seattle/Puget Sound,549300BX448ALT10FI43,144,77790000.0,5,3685000.0,21,11945000.0,3409000.0,The Federal Savings Bank,,,0.04737112739426662,0.04382311351073403,737000.0,6913850000.0,6350424000.0,27966400000.0,0.0005329881325166152,0.0005368145497056574
2023,Seattle/Puget Sound,5493009BD405QQTMXO12,43,26635000.0,3,2175000.0,5,5125000.0,3355000.0,TOLL BROTHERS MORTGAGE COMPANY,,,0.08165947062136286,0.12596207996996434,725000.0,6913850000.0,6350424000.0,27966400000.0,0.0003145859398164554,0.0005283111804818072
2023,Seattle/Puget Sound,549300T94GSH3C4U5M59,13,10865000.0,4,3660000.0,4,3660000.0,3284000.0,ALLIANT CREDIT UNION,,,0.3368614818223654,0.3022549470777727,915000.0,6913850000.0,6350424000.0,27966400000.0,0.0005293722021738974,0.0005171308246504485
2023,Seattle/Puget Sound,549300ONBM4MGXXBTA44,65,27625000.0,7,3625000.0,16,6780000.0,3188000.0,"AMCAP MORTGAGE, LTD.",,,0.13122171945701358,0.1154027149321267,517857.14285714284,6913850000.0,6350424000.0,27966400000.0,0.0005243098996940923,0.000502013723808048
2023,Seattle/Puget Sound,5493006S869XKIESMV41,41,20665000.0,7,3945000.0,10,5210000.0,3186500.0,Mountain America Federal Credit Union,,,0.19090249213646263,0.1541979191870312,563571.4285714285,6913850000.0,6350424000.0,27966400000.0,0.0005705938080808812,0.0005017775191073856
2023,Seattle/Puget Sound,549300XW2H531FLD3I90,16,13910000.0,1,3165000.0,4,4610000.0,3165000.0,FIRST FED BANK,,,0.22753414809489575,0.22753414809489575,3165000.0,6913850000.0,6350424000.0,27966400000.0,0.0004577767813880833,0.0004983919183978897
2023,Seattle/Puget Sound,549300LBCBNR1OT00651,203,73905000.0,8,2530000.0,25,8745000.0,3014500.0,NATIONSTAR MORTGAGE LLC,,,0.03423313713551181,0.04078885055138353,316250.0,6913850000.0,6350424000.0,27966400000.0,0.00036593215068304923,0.00047469271343141814
2023,Seattle/Puget Sound,549300UB5TJ0YPVPT503,83,41525000.0,8,3650000.0,17,7605000.0,2968500.0,MASON MCDUFFIE MORTGAGE CORPORATION,,,0.08789885611077664,0.07148705599036725,456250.0,6913850000.0,6350424000.0,27966400000.0,0.0005279258300368102,0.00046744910261110125
2023,Seattle/Puget Sound,549300F6Y1YO2YXN6135,4,4160000.0,3,3255000.0,4,4160000.0,2966000.0,REDWOOD RESIDENTIAL ACQUISITION CORPORATION,,,0.7824519230769231,0.7129807692307693,1085000.0,6913850000.0,6350424000.0,27966400000.0,0.0004707941306218677,0.00046705542810999707
2023,Seattle/Puget Sound,549300HRLROF7PLJ6735,7,5075000.0,3,3625000.0,3,3625000.0,2900000.0,CLEAREDGE LENDING LLC,,,0.7142857142857143,0.5714285714285714,1208333.3333333333,6913850000.0,6350424000.0,27966400000.0,0.0005243098996940923,0.0004566624212808468
2023,Seattle/Puget Sound,DRMSV1Q0EKMEXLAU1P80,19,10905000.0,6,3190000.0,8,4430000.0,2873000.0,"Citizens Bank, National Association",,,0.2925263640531866,0.2634571297569922,531666.6666666666,6913850000.0,6350424000.0,27966400000.0,0.0004613927117308012,0.00045241073666892165
2023,Seattle/Puget Sound,54930048P8RWCQHQM310,10,6710000.0,2,2850000.0,2,2850000.0,2850000.0,ARC HOME LLC,,,0.4247391952309985,0.4247391952309985,1425000.0,6913850000.0,6350424000.0,27966400000.0,0.0004122160590698381,0.0004487889312587632
2023,Seattle/Puget Sound,549300KSOOZZVXCMA627,6,5890000.0,1,2805000.0,1,2805000.0,2805000.0,ANGEL OAK MORTGAGE SOLUTIONS LLC,,,0.4762308998302207,0.4762308998302207,2805000.0,6913850000.0,6350424000.0,27966400000.0,0.0004057073844529459,0.000441702790238888
2023,Seattle/Puget Sound,5493008NWHQT1R22C024,62,31170000.0,4,3070000.0,10,5620000.0,2773500.0,"AMERICAN FINANCIAL NETWORK, INC.",,,0.0984921398780879,0.08897978825794033,767500.0,6913850000.0,6350424000.0,27966400000.0,0.0004440362460857554,0.00043674249152497534
2023,Seattle/Puget Sound,FDXQ75GPEQKRPWABYN63,3,4185000.0,2,3430000.0,3,4185000.0,2744000.0,CIBC Bank USA,,,0.8195937873357229,0.6556750298685783,1715000.0,6913850000.0,6350424000.0,27966400000.0,0.0004961056430208929,0.00043209713241194604
2023,Seattle/Puget Sound,549300X01FL2VJJGCI54,5,4175000.0,4,3420000.0,4,3420000.0,2736000.0,Seattle Bank,,,0.8191616766467066,0.6553293413173653,855000.0,6913850000.0,6350424000.0,27966400000.0,0.0004946592708838057,0.00043083737400841267
2023,Seattle/Puget Sound,549300QKL5FUBZ8LSF50,56,32780000.0,5,2965000.0,10,5190000.0,2728000.0,"NATIONS DIRECT MORTGAGE, LLC",,,0.09045149481391092,0.08322147651006712,593000.0,6913850000.0,6350424000.0,27966400000.0,0.0004288493386463403,0.0004295776156048793
2023,Seattle/Puget Sound,C398JSK21YCXWM603F55,33,17195000.0,4,2870000.0,7,4335000.0,2700000.0,"Barrington Bank & Trust Company, National Association",,,0.16690898517010758,0.15702239022971795,717500.0,6913850000.0,6350424000.0,27966400000.0,0.0004151088033440124,0.0004251684611925125
2023,Seattle/Puget Sound,549300UR5AOWTJJ7KZ64,19,13015000.0,4,2420000.0,5,3955000.0,2683000.0,LENDSURE MORTGAGE CORP.,,,0.18593930080676144,0.20614675374567806,605000.0,6913850000.0,6350424000.0,27966400000.0,0.0003500220571750906,0.0004224914745850041
2023,Seattle/Puget Sound,254900HEJ9F73IMPX887,9,5375000.0,4,3340000.0,4,3340000.0,2672000.0,"Tomo Mortgage, LLC",,,0.6213953488372093,0.49711627906976746,835000.0,6913850000.0,6350424000.0,27966400000.0,0.00048308829378710847,0.0004207593067801457
2023,Seattle/Puget Sound,54930052M48FOD3CWA54,68,31370000.0,6,3100000.0,15,6985000.0,2571000.0,"PRIMARY RESIDENTIAL MORTGAGE, INC.",,,0.0988205291679949,0.08195728402932738,516666.6666666667,6913850000.0,6350424000.0,27966400000.0,0.0004483753624970169,0.0004048548569355369
2023,Seattle/Puget Sound,549300CK7U1WMTIG6687,4,3580000.0,3,2855000.0,3,2855000.0,2525000.0,HIGHTECHLENDING INC,,,0.797486033519553,0.7053072625698324,951666.6666666666,6913850000.0,6350424000.0,27966400000.0,0.0004129392451383817,0.00039761124611522
2023,Seattle/Puget Sound,549300LYRWPSYPK6S325,230,103900000.0,4,2220000.0,28,12890000.0,2493500.0,FREEDOM MORTGAGE CORPORATION,,,0.02136669874879692,0.023999037536092397,555000.0,6913850000.0,6350424000.0,27966400000.0,0.00032109461443334753,0.0003926509474013074
2023,Seattle/Puget Sound,549300AG10BX85DF5S49,118,53000000.0,5,2635000.0,19,8885000.0,2472000.0,MLD MORTGAGE INC.,,,0.04971698113207547,0.04664150943396227,527000.0,6913850000.0,6350424000.0,27966400000.0,0.00038111905812246433,0.00038926534669181146
2023,Seattle/Puget Sound,549300I1HK1BBZLKOB84,12,7770000.0,4,2230000.0,7,4095000.0,2429500.0,ADVANCIAL CREDIT UNION,,,0.287001287001287,0.31267696267696266,557500.0,6913850000.0,6350424000.0,27966400000.0,0.00032254098657043473,0.00038257288017304043
2023,Seattle/Puget Sound,54930021WPEXNHYZUL09,75,33395000.0,6,2580000.0,14,6230000.0,2427000.0,"PLANET HOME LENDING, LLC",,,0.07725707441233717,0.07267555023207067,430000.0,6913850000.0,6350424000.0,27966400000.0,0.000373164011368485,0.00038217920567193626
2023,Seattle/Puget Sound,549300BLL6VL7AXWYP56,75,34895000.0,4,2540000.0,12,5870000.0,2416000.0,CHURCHILL MORTGAGE CORPORATION,,,0.07278979796532455,0.06923628026937957,635000.0,6913850000.0,6350424000.0,27966400000.0,0.0003673785228201364,0.00038044703786707787
2023,Seattle/Puget Sound,5493001GDRY0EL7VG372,32,16000000.0,2,2600000.0,4,3170000.0,2329500.0,"ARK-LA-TEX FINANCIAL SERVICES, LLC.",,,0.1625,0.14559375,1300000.0,6913850000.0,6350424000.0,27966400000.0,0.0003760567556426593,0.0003668259001288733
2023,Seattle/Puget Sound,549300EKFFG3BU8DNX74,32,23330000.0,3,1855000.0,7,4485000.0,2328500.0,NEXERA HOLDING LLC,,,0.07951135876553793,0.09980711530218603,618333.3333333334,6913850000.0,6350424000.0,27966400000.0,0.00026830203142966653,0.0003666684303284316
2023,Seattle/Puget Sound,549300UXY7OP0IC38293,27,12725000.0,5,2615000.0,9,4245000.0,2297000.0,Northpointe Bank,,,0.20550098231827113,0.1805108055009823,523000.0,6913850000.0,6350424000.0,27966400000.0,0.00037822631384829003,0.00036170813161451895
2023,Seattle/Puget Sound,549300J7I82PNDVU8H22,15,10975000.0,2,2710000.0,4,3930000.0,2290000.0,"OCMBC, INC.",,,0.2469248291571754,0.20865603644646924,1355000.0,6913850000.0,6350424000.0,27966400000.0,0.000391966849150618,0.0003606058430114273
2023,Seattle/Puget Sound,2549001SI0EMFPT39035,16,9700000.0,4,2860000.0,5,3225000.0,2288000.0,"Cornerstone First Mortgage, Inc",,,0.2948453608247423,0.23587628865979382,715000.0,6913850000.0,6350424000.0,27966400000.0,0.0004136624312069252,0.00036029090341054395
2023,Seattle/Puget Sound,549300NJVKCDJA5YC939,22,12610000.0,3,2675000.0,3,2675000.0,2249000.0,"HOMEOWNERS FINANCIAL GROUP USA, LLC",,,0.21213322759714512,0.17835051546391753,891666.6666666666,6913850000.0,6350424000.0,27966400000.0,0.00038690454667081293,0.00035414958119331873
2023,Seattle/Puget Sound,549300EFCZM6KD6B8K69,5,4675000.0,3,2795000.0,3,2795000.0,2236000.0,MORTGAGE ACCESS CORP.,,,0.597860962566845,0.4782887700534759,931666.6666666666,6913850000.0,6350424000.0,27966400000.0,0.0004042610123158587,0.000352102473787577
2023,Seattle/Puget Sound,5493000BAKE4VAHVCU55,25,8665000.0,6,2790000.0,9,4115000.0,2232000.0,SALAL Credit Union,,,0.32198499711482975,0.2575879976918638,465000.0,6913850000.0,6350424000.0,27966400000.0,0.0004035378262473152,0.00035147259458581035
2023,Seattle/Puget Sound,549300KJ8PAJ7E52HG32,33,19355000.0,4,2360000.0,11,6925000.0,2203500.0,Plains Commerce Bank,,,0.12193231723068974,0.11384655127873934,590000.0,6913850000.0,6350424000.0,27966400000.0,0.0003413438243525677,0.0003469847052732227
2023,Seattle/Puget Sound,549300Y5Y88FQLI7VE83,14,9520000.0,5,2705000.0,5,2705000.0,2164000.0,DEEPHAVEN MORTGAGE LLC,,,0.28413865546218486,0.2273109243697479,541000.0,6913850000.0,6350424000.0,27966400000.0,0.0003912436630820744,0.0003407646481557767
2023,Seattle/Puget Sound,549300FX7K8PTEQUU487,38,19420000.0,4,2190000.0,10,4870000.0,2002000.0,PENTAGON FEDERAL CREDIT UNION,,,0.11277033985581875,0.1030895983522142,547500.0,6913850000.0,6350424000.0,27966400000.0,0.0003167554980220861,0.00031525454048422595
2023,Seattle/Puget Sound,549300ILIUB22RTQKQ27,2,3150000.0,1,2475000.0,1,2475000.0,1980000.0,"BKCO MORTGAGE, LLC",,,0.7857142857142857,0.6285714285714286,2475000.0,6913850000.0,6350424000.0,27966400000.0,0.00035797710392906993,0.00031179020487450917
2023,Seattle/Puget Sound,54930002O9LLXKR6TF11,9,4505000.0,4,2450000.0,5,2725000.0,1960000.0,BAY-VALLEY MORTGAGE GROUP,,,0.5438401775804661,0.43507214206437295,612500.0,6913850000.0,6350424000.0,27966400000.0,0.00035436117358635203,0.0003086408088656757
2023,Seattle/Puget Sound,5493001JT9MT3Z3Y3M39,12,7960000.0,4,1750000.0,5,2935000.0,1939000.0,"RBC Bank, (Georgia) National Association",,,0.2198492462311558,0.2435929648241206,437500.0,6913850000.0,6350424000.0,27966400000.0,0.00025311512399025143,0.00030533394305640063
2023,Seattle/Puget Sound,25490018IFQOT83Q7H49,14,7160000.0,4,2390000.0,5,2815000.0,1912000.0,"GO MORTGAGE, LLC",,,0.33379888268156427,0.2670391061452514,597500.0,6913850000.0,6350424000.0,27966400000.0,0.00034568294076382913,0.0003010822584444755
2023,Seattle/Puget Sound,254900O28OG3UMHXQY81,11,7835000.0,4,2340000.0,4,2340000.0,1872000.0,"Strong Home Mortgage, LLC",,,0.2986598596043395,0.2389278876834716,585000.0,6913850000.0,6350424000.0,27966400000.0,0.0003384510800783934,0.00029478346642680865
2023,Seattle/Puget Sound,549300HVW3AI97UKTO72,11,5185000.0,4,2250000.0,5,2955000.0,1859000.0,Wings Financial Credit Union,,,0.4339440694310511,0.35853423336547735,562500.0,6913850000.0,6350424000.0,27966400000.0,0.00032543373084460903,0.00029273635902106693
2023,Seattle/Puget Sound,5493009B17HXCVXTD608,14,8020000.0,2,2130000.0,3,2615000.0,1752500.0,"JMAC LENDING, INC.",,,0.2655860349127182,0.21851620947630923,1065000.0,6913850000.0,6350424000.0,27966400000.0,0.0003080772651995632,0.00027596582527402894
2023,Seattle/Puget Sound,549300J6N77Q8OHYNF23,49,24615000.0,2,990000.0,19,8505000.0,1707500.0,"ENVOY MORTGAGE, LTD",,,0.04021937842778794,0.0693682713792403,495000.0,6913850000.0,6350424000.0,27966400000.0,0.00014319084157162797,0.00026887968425415374
2023,Seattle/Puget Sound,254900MKY47WU65N1J56,107,66055000.0,2,2040000.0,5,3535000.0,1703000.0,Timberland Bank,,,0.030883354780107487,0.025781545681628947,1020000.0,6913850000.0,6350424000.0,27966400000.0,0.00029505991596577883,0.00026817107015216624
2023,Seattle/Puget Sound,549300GY4NTTEM7WWB64,15,8385000.0,3,1955000.0,6,3590000.0,1699500.0,Bank of England,,,0.23315444245676803,0.20268336314847943,651666.6666666666,6913850000.0,6350424000.0,27966400000.0,0.00028276575280053803,0.0002676199258506204
2023,Seattle/Puget Sound,549300FK3AFCFVAPH234,2,2080000.0,2,2080000.0,2,2080000.0,1664000.0,"Leader Bank, National Association",,,1.0,0.8,1040000.0,6913850000.0,6350424000.0,27966400000.0,0.00030084540451412743,0.000262029747934941
2023,Seattle/Puget Sound,549300UF3FPC7U6RFC59,18,11070000.0,3,1645000.0,4,2370000.0,1606000.0,The Central Trust Bank,,,0.14859981933152666,0.14507678410117433,548333.3333333334,6913850000.0,6350424000.0,27966400000.0,0.00023792821655083636,0.0002528964995093241
2023,Seattle/Puget Sound,254900KI7219LQKCI772,3,3065000.0,1,1955000.0,1,1955000.0,1564000.0,First Western Trust Bank,,,0.6378466557911908,0.5102773246329527,1955000.0,6913850000.0,6350424000.0,27966400000.0,0.00028276575280053803,0.00024628276789077393
2023,Seattle/Puget Sound,5493008ZTV4S0W9DCX64,26,12330000.0,3,1885000.0,6,3130000.0,1543500.0,"GENWAY HOME MORTGAGE, INC.",,,0.15287915652879155,0.1251824817518248,628333.3333333334,6913850000.0,6350424000.0,27966400000.0,0.000272641147840928,0.00024305463698171966
2023,Seattle/Puget Sound,549300RN01LBYR8ZVX74,12,6600000.0,2,1840000.0,5,3255000.0,1533500.0,"LOWER, LLC",,,0.2787878787878788,0.23234848484848486,920000.0,6913850000.0,6350424000.0,27966400000.0,0.00026613247322403584,0.00024147993897730293
2023,Seattle/Puget Sound,549300LLESTPOVRG3X73,12,7130000.0,3,1715000.0,4,2250000.0,1522500.0,Farmers Bank & Trust,,,0.24053295932678823,0.2135343618513324,571666.6666666666,6913850000.0,6350424000.0,27966400000.0,0.00024805282151044644,0.00023974777117244454
2023,Seattle/Puget Sound,549300R77W0P105C3S50,15,12265000.0,3,1705000.0,3,1705000.0,1493000.0,HOMEXPRESS MORTGAGE CORP.,,,0.13901345291479822,0.12172849571952711,568333.3333333334,6913850000.0,6350424000.0,27966400000.0,0.0002466064493733593,0.00023510241205941523
2023,Seattle/Puget Sound,5493004F7BXDIUFVPV87,8,5890000.0,2,1620000.0,2,1620000.0,1433000.0,STAR ONE Credit Union,,,0.27504244482173174,0.2432937181663837,810000.0,6913850000.0,6350424000.0,27966400000.0,0.0002343122862081185,0.00022565422403291496
2023,Seattle/Puget Sound,549300KJONXRDR2YPQ42,36,14360000.0,4,1690000.0,6,2530000.0,1352000.0,"CU HOME MORTGAGE SOLUTIONS, LLC",,,0.11768802228412256,0.09415041782729805,422500.0,6913850000.0,6350424000.0,27966400000.0,0.00024443689116772854,0.0002128991701971396
2023,Seattle/Puget Sound,549300JYXTZDSPJEPI44,25,14685000.0,3,1575000.0,3,1575000.0,1329000.0,"PLAZA HOME MORTGAGE, INC.",,,0.10725229826353422,0.09050051072522983,525000.0,6913850000.0,6350424000.0,27966400000.0,0.0002278036115912263,0.00020927736478698115
2023,Seattle/Puget Sound,5493001R92DY5DI1DI85,12,7880000.0,1,1255000.0,2,1900000.0,1319500.0,DRAPER AND KRAMER MORTGAGE CORP.,,,0.15926395939086294,0.16744923857868022,1255000.0,6913850000.0,6350424000.0,27966400000.0,0.00018151970320443746,0.00020778140168278527
2023,Seattle/Puget Sound,54930083D8Q8RK84Y448,29,13305000.0,2,1450000.0,3,1845000.0,1305000.0,"AMERICA'S CREDIT UNION, A",,,0.1089815858699737,0.09808342728297632,725000.0,6913850000.0,6350424000.0,27966400000.0,0.0002097239598776369,0.00020549808957638104
2023,Seattle/Puget Sound,5493002Y5XYV7DV1ZV88,39,22965000.0,2,1550000.0,6,3390000.0,1304500.0,"GOLD STAR MORTGAGE FINANCIAL GROUP, CORPORATION",,,0.06749401262791203,0.056803831918136295,775000.0,6913850000.0,6350424000.0,27966400000.0,0.00022418768124850844,0.0002054193546761602
2023,Seattle/Puget Sound,549300OPB0G5OMY0SM65,7,4065000.0,2,1400000.0,2,1400000.0,1297000.0,NEW WAVE LENDING GROUP INC,,,0.34440344403444034,0.3190651906519065,700000.0,6913850000.0,6350424000.0,27966400000.0,0.00020249209919220116,0.00020423833117284767
2023,Seattle/Puget Sound,549300KUIZTYQRC0R888,3,3045000.0,2,1600000.0,2,1600000.0,1280000.0,Heritage Bank National Association,,,0.5254515599343186,0.42036124794745483,800000.0,6913850000.0,6350424000.0,27966400000.0,0.0002314195419339442,0.00020156134456533926
2023,Seattle/Puget Sound,254900WEQ8ITQNQ9AQ74,9,5125000.0,1,955000.0,3,2175000.0,1252000.0,"TOTAL QUALITY FINANCIAL, INC.",,,0.18634146341463415,0.24429268292682926,955000.0,6913850000.0,6350424000.0,27966400000.0,0.00013812853909182294,0.00019715219015297247
2023,Seattle/Puget Sound,549300VCMRO4ST680C11,38,17110000.0,3,1375000.0,7,3935000.0,1240000.0,VILLAGE CAPITAL & INVESTMENT LLC,,,0.08036236119228521,0.07247223845704266,458333.3333333333,6913850000.0,6350424000.0,27966400000.0,0.0001988761688494833,0.0001952625525476724
2023,Seattle/Puget Sound,4EP6JBYBTPTQ47LZOB67,4,6370000.0,1,1505000.0,1,1505000.0,1204000.0,"BNY Mellon, National Association",,,0.23626373626373626,0.189010989010989,1505000.0,6913850000.0,6350424000.0,27966400000.0,0.00021767900663161624,0.00018959363973177225
2023,Seattle/Puget Sound,549300PC4MFWQBNVKG88,19,10985000.0,2,1440000.0,2,1440000.0,1152000.0,"V.I.P. MORTGAGE, INC.",,,0.13108784706417842,0.10487027765134274,720000.0,6913850000.0,6350424000.0,27966400000.0,0.00020827758774054976,0.00018140521010880534
2023,Seattle/Puget Sound,54930059GZZ7G4G40O53,77,37515000.0,2,1070000.0,14,6540000.0,1141000.0,Primis Mortgage Company,,,0.028521924563507932,0.030414500866320138,535000.0,6913850000.0,6350424000.0,27966400000.0,0.00015476181866832517,0.00017967304230394695
2023,Seattle/Puget Sound,549300KDR80I1ELW8D36,4,4510000.0,1,1405000.0,1,1405000.0,1124000.0,"AgWest Farm Credit, FLCA",,,0.311529933481153,0.2492239467849224,1405000.0,6913850000.0,6350424000.0,27966400000.0,0.00020321528526074474,0.00017699605569643855
2023,Seattle/Puget Sound,QFROUN1UWUYU0DVIWD51,3,1615000.0,2,1310000.0,2,1310000.0,1117000.0,"Fifth Third Bank, National Association",,,0.8111455108359134,0.691640866873065,655000.0,6913850000.0,6350424000.0,27966400000.0,0.0001894747499584168,0.00017589376709334684
2023,Seattle/Puget Sound,549300IRXW9RSZM2B951,7,3905000.0,2,1380000.0,4,2000000.0,1104000.0,Evolve Bank & Trust,,,0.353393085787452,0.2827144686299616,690000.0,6913850000.0,6350424000.0,27966400000.0,0.00019959935491802686,0.00017384665968760512
2023,Seattle/Puget Sound,549300R9S3MVDV4MGF56,58,21560000.0,1,1305000.0,8,3370000.0,1099000.0,"CARRINGTON MORTGAGE SERVICES, LLC",,,0.060528756957328386,0.05097402597402598,1305000.0,6913850000.0,6350424000.0,27966400000.0,0.0001887515638898732,0.00017305931068539675
2023,Seattle/Puget Sound,5493003NV9L53LK1XI52,2,2560000.0,1,1085000.0,1,1085000.0,1085000.0,ROYAL PACIFIC FUNDING CORP.,,,0.423828125,0.423828125,1085000.0,6913850000.0,6350424000.0,27966400000.0,0.0001569313768739559,0.00017085473347921336
2023,Seattle/Puget Sound,549300SK2GVCQXPD4S58,38,17590000.0,2,1140000.0,5,2555000.0,1082500.0,"SUN WEST MORTGAGE COMPANY, INC.",,,0.0648095508811825,0.06154064809550881,570000.0,6913850000.0,6350424000.0,27966400000.0,0.00016488642362793524,0.0001704610589781092
2023,Seattle/Puget Sound,WKN6AF1FCL7BBYGTGI83,14,7060000.0,2,1280000.0,4,1900000.0,1050500.0,First Savings Bank,,,0.1813031161473088,0.14879603399433428,640000.0,6913850000.0,6350424000.0,27966400000.0,0.00018513563354715534,0.0001654220253639757
2023,Seattle/Puget Sound,COINQMNIM6RBU631DD85,2,1170000.0,2,1170000.0,2,1170000.0,1037000.0,Arvest Bank,,,1.0,0.8863247863247863,585000.0,6913850000.0,6350424000.0,27966400000.0,0.0001692255400391967,0.00016329618305801314
2023,Seattle/Puget Sound,5493007VW2EU20PZYU97,252,127680000.0,1,1035000.0,1,1035000.0,1035000.0,INSPIRE HOME LOANS INC.,,,0.008106203007518797,0.008106203007518797,1035000.0,6913850000.0,6350424000.0,27966400000.0,0.00014969951618852014,0.00016298124345712979
2023,Seattle/Puget Sound,254900WTZC5SSKIN2M11,97,38845000.0,1,605000.0,16,5980000.0,1019500.0,First National Bank of America,,,0.015574720041189342,0.02624533401982237,605000.0,6913850000.0,6350424000.0,27966400000.0,8.750551429377265e-05,0.0001605404615502839
2023,Seattle/Puget Sound,54930091CYUK2SDZ6D37,7,4515000.0,1,1005000.0,2,1630000.0,1005000.0,"PFN Lending Group, Inc.",,,0.22259136212624583,0.22259136212624583,1005000.0,6913850000.0,6350424000.0,27966400000.0,0.0001453603997772587,0.00015825714944387966
2023,Seattle/Puget Sound,549300R4F5COFJE0DN81,7,4905000.0,2,1100000.0,2,1100000.0,997000.0,"ONY GLO, INC.",,,0.22426095820591233,0.20326197757390418,550000.0,6913850000.0,6350424000.0,27966400000.0,0.00015910093507958662,0.0001569973910403463
2023,Seattle/Puget Sound,549300AT7EB9FJAF0E61,1,1205000.0,1,1205000.0,1,1205000.0,964000.0,Old National Bank,,,1.0,0.8,1205000.0,6913850000.0,6350424000.0,27966400000.0,0.00017428784251900172,0.00015180088762577112
2023,Seattle/Puget Sound,549300ESRQ6OLBB56N04,4,2090000.0,1,955000.0,1,955000.0,955000.0,Glacier Bank,,,0.4569377990430622,0.4569377990430622,955000.0,6913850000.0,6350424000.0,27966400000.0,0.00013812853909182294,0.00015038365942179608
2023,Seattle/Puget Sound,549300KX4S1573HISS22,6,5290000.0,1,1185000.0,1,1185000.0,948000.0,OAKTREE FUNDING CORP.,,,0.22400756143667297,0.17920604914933838,1185000.0,6913850000.0,6350424000.0,27966400000.0,0.00017139509824482742,0.00014928137081870438
2023,Seattle/Puget Sound,254900RM3T6WAVE6SA24,2,1150000.0,2,1150000.0,2,1150000.0,920000.0,AML FUNDING LLC,,,1.0,0.8,575000.0,6913850000.0,6350424000.0,27966400000.0,0.0001663327957650224,0.00014487221640633758
2023,Seattle/Puget Sound,549300KTR1JGH3K6LU06,10,7490000.0,2,730000.0,3,1565000.0,918000.0,Bethpage Federal Credit Union,,,0.09746328437917223,0.12256341789052069,365000.0,6913850000.0,6350424000.0,27966400000.0,0.00010558516600736203,0.00014455727680545425
2023,Seattle/Puget Sound,254900TTZ395IC926125,25,13105000.0,3,1045000.0,6,2950000.0,911500.0,"Sierra Pacific Mortgage Company, Inc.",,,0.07974055703929797,0.06955360549408622,348333.3333333333,6913850000.0,6350424000.0,27966400000.0,0.0001511458883256073,0.0001435337231025834
2023,Seattle/Puget Sound,549300WB418SBFX6YI35,13,7755000.0,2,1120000.0,2,1120000.0,896000.0,MORTGAGE LENDING GROUP LLC,,,0.14442295293359123,0.11553836234687298,560000.0,6913850000.0,6350424000.0,27966400000.0,0.00016199367935376094,0.00014109294119573747
2023,Seattle/Puget Sound,254900QPRPHIXEAX3L37,18,7310000.0,2,1030000.0,5,2075000.0,874500.0,QUALSTAR CREDIT UNION,,,0.1409028727770178,0.11963064295485636,515000.0,6913850000.0,6350424000.0,27966400000.0,0.00014897633011997657,0.00013770734048624154
2023,Seattle/Puget Sound,COOWI3L2W9TPYR3WJX37,2,1590000.0,1,1085000.0,1,1085000.0,868000.0,First Horizon Bank,,,0.6823899371069182,0.5459119496855346,1085000.0,6913850000.0,6350424000.0,27966400000.0,0.0001569313768739559,0.00013668378678337068
2023,Seattle/Puget Sound,54930030Z1JWTP3SVD16,20,7080000.0,3,885000.0,7,2205000.0,843500.0,"TOP FLITE FINANCIAL, INC.",,,0.125,0.11913841807909605,295000.0,6913850000.0,6350424000.0,27966400000.0,0.00012800393413221287,0.00013282577667254975
2023,Seattle/Puget Sound,549300BOXNV8VLRBDT24,5,1955000.0,2,810000.0,3,1315000.0,819500.0,"AMERICAN INTERNET MORTGAGE, INC.",,,0.4143222506393862,0.4191815856777494,405000.0,6913850000.0,6350424000.0,27966400000.0,0.00011715614310405924,0.00012904650146194964
2023,Seattle/Puget Sound,549300HIVO8XPBPNVG69,179,81955000.0,1,545000.0,36,15150000.0,813500.0,NOVA FINANCIAL & INVESTMENT CORPORATION,,,0.006649990848636446,0.0099261790006711,545000.0,6913850000.0,6350424000.0,27966400000.0,7.882728147124973e-05,0.0001281016826592996
2023,Seattle/Puget Sound,549300Q1WJSOIS2FON98,18,8270000.0,2,520000.0,7,2605000.0,798000.0,"CITYWIDE HOME LOANS, LLC",,,0.06287787182587666,0.09649334945586457,260000.0,6913850000.0,6350424000.0,27966400000.0,7.521135112853186e-05,0.0001256609007524537
2023,Seattle/Puget Sound,549300GE8KIGZVQV1223,3,1865000.0,2,990000.0,2,990000.0,792000.0,MORTGAGE EQUITY PARTNERS LLC,,,0.5308310991957105,0.4246648793565684,495000.0,6913850000.0,6350424000.0,27966400000.0,0.00014319084157162797,0.00012471608194980366
2023,Seattle/Puget Sound,5493001GCBD5XGNIC815,6,4660000.0,1,785000.0,1,785000.0,785000.0,Coastal Community Bank,,,0.1684549356223176,0.1684549356223176,785000.0,6913850000.0,6350424000.0,27966400000.0,0.00011354021276134137,0.00012361379334671196
2023,Seattle/Puget Sound,549300T9P3WXNMXX0I34,185,91345000.0,1,825000.0,18,8470000.0,782000.0,Ixonia Bank,,,0.009031693031911982,0.008560950243582024,825000.0,6913850000.0,6350424000.0,27966400000.0,0.00011932570130968997,0.00012314138394538696
2023,Seattle/Puget Sound,254900WEP08K7U7S3A80,10,3700000.0,1,975000.0,1,975000.0,780000.0,Nations Lending Corporation,,,0.2635135135135135,0.21081081081081082,975000.0,6913850000.0,6350424000.0,27966400000.0,0.00014102128336599724,0.0001228264443445036
2023,Seattle/Puget Sound,549300ID4RCRD8BXYH30,2,940000.0,2,940000.0,2,940000.0,752000.0,"ResMac, Inc.",,,1.0,0.8,470000.0,6913850000.0,6350424000.0,27966400000.0,0.00013595898088619222,0.00011841728993213681
2023,Seattle/Puget Sound,549300UV5JQXLGVWIP44,21,12435000.0,1,475000.0,2,1380000.0,742000.0,Devon Bank,,,0.038198632891033375,0.059670285484519504,475000.0,6913850000.0,6350424000.0,27966400000.0,6.870267651163968e-05,0.0001168425919277201
2023,Seattle/Puget Sound,5493003Q3L1PO9NBVK64,9,7105000.0,1,915000.0,1,915000.0,732000.0,WHATCOM EDUCATIONAL CREDIT UNION,,,0.12878254750175933,0.10302603800140746,915000.0,6913850000.0,6350424000.0,27966400000.0,0.00013234305054347434,0.00011526789392330339
2023,Seattle/Puget Sound,54930021DZJ9CEN11D61,17,7975000.0,2,910000.0,3,1265000.0,728000.0,"TJC Mortgage, Inc.",,,0.11410658307210031,0.09128526645768024,455000.0,6913850000.0,6350424000.0,27966400000.0,0.00013161986447493074,0.0001146380147215367
2023,Seattle/Puget Sound,2549002VH9C0PKB8K153,4,2570000.0,1,315000.0,2,1400000.0,686000.0,Logan Finance Corporation,,,0.122568093385214,0.2669260700389105,315000.0,6913850000.0,6350424000.0,27966400000.0,4.556072231824526e-05,0.00010802428310298651
2023,Seattle/Puget Sound,549300P1347BFCBHJV60,1,835000.0,1,835000.0,1,835000.0,668000.0,MASS. INSTITUTE OF TECH. FEDERAL CREDIT UNION,,,1.0,0.8,835000.0,6913850000.0,6350424000.0,27966400000.0,0.00012077207344677712,0.00010518982669503643
2023,Seattle/Puget Sound,549300VQUTI5IU7GXT57,3,1785000.0,1,835000.0,1,835000.0,668000.0,SECURITYNATIONAL MORTGAGE COMPANY,,,0.4677871148459384,0.3742296918767507,835000.0,6913850000.0,6350424000.0,27966400000.0,0.00012077207344677712,0.00010518982669503643
2023,Seattle/Puget Sound,5493009Y8ROUG903AQ21,6,4800000.0,1,655000.0,1,655000.0,655000.0,STANFORD Federal Credit Union,,,0.13645833333333332,0.13645833333333332,655000.0,6913850000.0,6350424000.0,27966400000.0,9.47373749792084e-05,0.0001031427192892947
2023,Seattle/Puget Sound,5493005JPZ3LXXMB0S24,4,3430000.0,1,815000.0,1,815000.0,652000.0,"FBC MORTGAGE, LLC",,,0.23760932944606414,0.1900874635568513,815000.0,6913850000.0,6350424000.0,27966400000.0,0.00011787932917260282,0.00010267030988796969
2023,Seattle/Puget Sound,549300VVH8HHFMWL8536,2,1230000.0,1,795000.0,1,795000.0,636000.0,CHEVRON Federal Credit Union,,,0.6463414634146342,0.5170731707317073,795000.0,6913850000.0,6350424000.0,27966400000.0,0.00011498658489842852,0.00010015079308090295
2023,Seattle/Puget Sound,549300GUS13Z72B6KD63,3,1825000.0,1,775000.0,1,775000.0,620000.0,"KELLER MORTGAGE, LLC",,,0.4246575342465753,0.33972602739726027,775000.0,6913850000.0,6350424000.0,27966400000.0,0.00011209384062425422,9.76312762738362e-05
2023,Seattle/Puget Sound,549300CB67L6KPJLHE19,217,28405000.0,1,205000.0,10,1730000.0,618500.0,"TRIAD FINANCIAL SERVICES, INC.",,,0.007217039253652526,0.021774335504312622,205000.0,6913850000.0,6350424000.0,27966400000.0,2.9650628810286598e-05,9.73950715731737e-05
2023,Seattle/Puget Sound,549300LH06ZZHKPX5U83,20,11610000.0,1,425000.0,3,1325000.0,602000.0,BNC National Bank,,,0.03660637381567614,0.05185185185185185,425000.0,6913850000.0,6350424000.0,27966400000.0,6.147081582620392e-05,9.479681986588612e-05
2023,Seattle/Puget Sound,254900VHUBSJJKOMBF27,3,1935000.0,1,725000.0,1,725000.0,580000.0,"GOLDEN EMPIRE MORTGAGE, INC.",,,0.37467700258397935,0.2997416020671835,725000.0,6913850000.0,6350424000.0,27966400000.0,0.00010486197993881846,9.133248425616936e-05
2023,Seattle/Puget Sound,549300ZCR1XCLNEEI724,1,725000.0,1,725000.0,1,725000.0,580000.0,FOUNDATION MORTGAGE CORPORATION,,,1.0,0.8,725000.0,6913850000.0,6350424000.0,27966400000.0,0.00010486197993881846,9.133248425616936e-05
2023,Seattle/Puget Sound,QOT5WN9RBKQTFRVKEV31,2,1060000.0,1,725000.0,1,725000.0,580000.0,Bank of the West,,,0.6839622641509434,0.5471698113207547,725000.0,6913850000.0,6350424000.0,27966400000.0,0.00010486197993881846,9.133248425616936e-05
2023,Seattle/Puget Sound,2549008TT6UNYR7AXF54,20,10410000.0,1,655000.0,2,1200000.0,578500.0,"Sunflower Bank, National Association",,,0.06292026897214217,0.05557156580211335,655000.0,6913850000.0,6350424000.0,27966400000.0,9.47373749792084e-05,9.109627955550685e-05
2023,Seattle/Puget Sound,549300SWHFQY2F7RN335,4,1300000.0,2,720000.0,2,720000.0,576000.0,"COMMUNITY MORTGAGE FUNDING, LLC",,,0.5538461538461539,0.4430769230769231,360000.0,6913850000.0,6350424000.0,27966400000.0,0.00010413879387027488,9.070260505440267e-05
2023,Seattle/Puget Sound,5493008VVXQIDO1EZ460,23,10065000.0,1,475000.0,6,3120000.0,567500.0,"SUMMIT FUNDING, INC.",,,0.04719324391455539,0.056383507203179334,475000.0,6913850000.0,6350424000.0,27966400000.0,6.870267651163968e-05,8.936411175064846e-05
2023,Seattle/Puget Sound,549300MUXFVZKH4XLG17,6,2630000.0,2,700000.0,2,700000.0,560000.0,"RESIDENTIAL WHOLESALE MORTGAGE, INC.",,,0.2661596958174905,0.21292775665399238,350000.0,6913850000.0,6350424000.0,27966400000.0,0.00010124604959610058,8.818308824733593e-05
2023,Seattle/Puget Sound,549300T7AIY7RU1YDP31,1,695000.0,1,695000.0,1,695000.0,556000.0,NBH Bank,,,1.0,0.8,695000.0,6913850000.0,6350424000.0,27966400000.0,0.00010052286352755701,8.755320904556925e-05
2023,Seattle/Puget Sound,549300RPOGWJRH63HS39,30,14790000.0,2,680000.0,3,1085000.0,544000.0,UNION HOME MORTGAGE CORP.,,,0.04597701149425287,0.0367816091954023,340000.0,6913850000.0,6350424000.0,27966400000.0,9.835330532192628e-05,8.566357144026919e-05
2023,Seattle/Puget Sound,549300T3F9S1MKFKHC53,2,1400000.0,1,675000.0,1,675000.0,540000.0,HOMESTEAD FUNDING CORP.,,,0.48214285714285715,0.38571428571428573,675000.0,6913850000.0,6350424000.0,27966400000.0,9.763011925338271e-05,8.50336922385025e-05
2023,Seattle/Puget Sound,HIDXEG9BLUJZKBGUT764,1,675000.0,1,675000.0,1,675000.0,540000.0,Bank-Fund Staff Federal Credit Union,,,1.0,0.8,675000.0,6913850000.0,6350424000.0,27966400000.0,9.763011925338271e-05,8.50336922385025e-05
2023,Seattle/Puget Sound,549300M8WGW2D17CZD19,2,1270000.0,1,665000.0,1,665000.0,532000.0,"GARDNER FINANCIAL SERVICES, LTD.",,,0.5236220472440944,0.4188976377952756,665000.0,6913850000.0,6350424000.0,27966400000.0,9.618374711629556e-05,8.377393383496914e-05
2023,Seattle/Puget Sound,5493008JECR4UE0WVR04,7,3215000.0,1,595000.0,3,1505000.0,531500.0,"MORTGAGE EXPRESS, LLC",,,0.18506998444790046,0.16531881804043547,595000.0,6913850000.0,6350424000.0,27966400000.0,8.60591421566855e-05,8.369519893474829e-05
2023,Seattle/Puget Sound,549300QD23LICPXTPB55,2,1160000.0,1,655000.0,1,655000.0,524000.0,"DIGNIFIED HOME LOANS, LLC",,,0.5646551724137931,0.4517241379310345,655000.0,6913850000.0,6350424000.0,27966400000.0,9.47373749792084e-05,8.251417543143577e-05
2023,Seattle/Puget Sound,549300XCVBRR56D08F03,3,1415000.0,1,655000.0,1,655000.0,524000.0,"MISSION LOANS, LLC",,,0.4628975265017668,0.37031802120141344,655000.0,6913850000.0,6350424000.0,27966400000.0,9.47373749792084e-05,8.251417543143577e-05
2023,Seattle/Puget Sound,549300YCCZTMBHGTNQ79,1,655000.0,1,655000.0,1,655000.0,524000.0,Independent Bank,,,1.0,0.8,655000.0,6913850000.0,6350424000.0,27966400000.0,9.47373749792084e-05,8.251417543143577e-05
2023,Seattle/Puget Sound,549300Q3ROEQU3D1IW91,85,10945000.0,1,255000.0,8,1080000.0,508500.0,CREDIT HUMAN FEDERAL CREDIT UNION,,,0.023298309730470534,0.046459570580173595,255000.0,6913850000.0,6350424000.0,27966400000.0,3.6882489495722354e-05,8.007339352458986e-05
2023,Seattle/Puget Sound,2549007LQQOUAPFNHY39,4,2010000.0,1,625000.0,2,960000.0,500000.0,OPTIONWIDE FINANCIAL CORPORATION,,,0.31094527363184077,0.24875621890547264,625000.0,6913850000.0,6350424000.0,27966400000.0,9.039825856794694e-05,7.873490022083564e-05
2023,Seattle/Puget Sound,2549008LK3474E9U2888,9,3355000.0,1,625000.0,1,625000.0,500000.0,ONPOINT COMMUNITY CREDIT UNION,,,0.18628912071535023,0.14903129657228018,625000.0,6913850000.0,6350424000.0,27966400000.0,9.039825856794694e-05,7.873490022083564e-05
2023,Seattle/Puget Sound,549300RBX56T2MW5HO19,3,1615000.0,1,625000.0,1,625000.0,500000.0,"CHERRY CREEK MORTGAGE, LLC",,,0.38699690402476783,0.30959752321981426,625000.0,6913850000.0,6350424000.0,27966400000.0,9.039825856794694e-05,7.873490022083564e-05
2023,Seattle/Puget Sound,549300ML3H1LUVR1FP75,42,15070000.0,1,615000.0,2,1450000.0,492000.0,O Bee Credit Union,,,0.040809555408095555,0.03264764432647645,615000.0,6913850000.0,6350424000.0,27966400000.0,8.89518864308598e-05,7.747514181730227e-05
2023,Seattle/Puget Sound,5493002B2WMHY23GFK92,10,5570000.0,1,595000.0,2,2100000.0,476000.0,"AMERICAN FINANCIAL RESOURCES, INC.",,,0.10682226211849193,0.08545780969479354,595000.0,6913850000.0,6350424000.0,27966400000.0,8.60591421566855e-05,7.495562501023553e-05
2023,Seattle/Puget Sound,549300S8SHBRCI7UU819,3,1715000.0,1,595000.0,1,595000.0,476000.0,Baxter Credit Union,,,0.3469387755102041,0.27755102040816326,595000.0,6913850000.0,6350424000.0,27966400000.0,8.60591421566855e-05,7.495562501023553e-05
2023,Seattle/Puget Sound,549300FVD3YHE65PKH97,11,5665000.0,1,585000.0,2,1010000.0,468000.0,"PANORAMA MORTGAGE GROUP, LLC",,,0.10326566637246248,0.08261253309797,585000.0,6913850000.0,6350424000.0,27966400000.0,8.461277001959835e-05,7.369586660670216e-05
2023,Seattle/Puget Sound,254900FMBXF85WQYV433,5,3375000.0,1,505000.0,2,1130000.0,466500.0,Amalgamated Bank,,,0.14962962962962964,0.13822222222222222,505000.0,6913850000.0,6350424000.0,27966400000.0,7.304179292290113e-05,7.345966190603967e-05
2023,Seattle/Puget Sound,5493007ZF78YQRSXQG49,11,5485000.0,1,315000.0,2,780000.0,438000.0,Opportunity Bank of Montana,,,0.05742935278030994,0.07985414767547858,315000.0,6913850000.0,6350424000.0,27966400000.0,4.556072231824526e-05,6.897177259345202e-05
2023,Seattle/Puget Sound,549300IJO7NO6VDZPD35,2,1230000.0,1,535000.0,1,535000.0,428000.0,"THE MORTGAGE LINK, INC.",,,0.4349593495934959,0.34796747967479674,535000.0,6913850000.0,6350424000.0,27966400000.0,7.738090933416258e-05,6.739707458903531e-05
2023,Seattle/Puget Sound,549300ZIXM1VUXPG4D03,2,870000.0,1,525000.0,1,525000.0,420000.0,"Florida Capital Bank, National Association",,,0.603448275862069,0.4827586206896552,525000.0,6913850000.0,6350424000.0,27966400000.0,7.593453719707543e-05,6.613731618550194e-05
2023,Seattle/Puget Sound,5493000XC2Y1SLXRQP11,3,1465000.0,1,515000.0,1,515000.0,412000.0,"INFINITY EQUITY GROUP, INC.",,,0.3515358361774744,0.2812286689419795,515000.0,6913850000.0,6350424000.0,27966400000.0,7.448816505998828e-05,6.487755778196857e-05
2023,Seattle/Puget Sound,54930007KK7ZS3IJVC25,19,11875000.0,1,495000.0,1,495000.0,396000.0,RED CANOE CREDIT UNION,,,0.04168421052631579,0.03334736842105263,495000.0,6913850000.0,6350424000.0,27966400000.0,7.159542078581398e-05,6.235804097490183e-05
2023,Seattle/Puget Sound,5493001PXRJMPLXPG540,6,3070000.0,1,395000.0,1,395000.0,395000.0,IDAHO CENTRAL CREDIT UNION,,,0.12866449511400652,0.12866449511400652,395000.0,6913850000.0,6350424000.0,27966400000.0,5.713169941494247e-05,6.220057117446017e-05
2023,Seattle/Puget Sound,549300VJQJVZKJBDWS17,4,1550000.0,1,445000.0,3,1175000.0,392500.0,"TOTAL MORTGAGE SERVICES, LLC",,,0.2870967741935484,0.2532258064516129,445000.0,6913850000.0,6350424000.0,27966400000.0,6.436356010037822e-05,6.180689667335598e-05
2023,Seattle/Puget Sound,2549004XJQQPBYQSMT39,4,1730000.0,1,485000.0,1,485000.0,388000.0,Quontic Bank,,,0.28034682080924855,0.22427745664739884,485000.0,6913850000.0,6350424000.0,27966400000.0,7.014904864872683e-05,6.109828257136846e-05
2023,Seattle/Puget Sound,2549007ZL90U2M5ZNA78,16,9830000.0,0,0.0,1,965000.0,386000.0,United Fidelity Funding Corp.,,,0.0,0.0392675483214649,,6913850000.0,6350424000.0,27966400000.0,0.0,6.078334297048512e-05
2023,Seattle/Puget Sound,549300Q4JBLTKDC7J303,1,965000.0,0,0.0,1,965000.0,386000.0,"Bank of Whittier, National Association",,,0.0,0.4,,6913850000.0,6350424000.0,27966400000.0,0.0,6.078334297048512e-05
2023,Seattle/Puget Sound,254900N49YI2HHKDPS92,5,2065000.0,1,475000.0,1,475000.0,380000.0,iQ Credit Union,,,0.23002421307506055,0.18401937046004843,475000.0,6913850000.0,6350424000.0,27966400000.0,6.870267651163968e-05,5.983852416783509e-05
2023,Seattle/Puget Sound,5493003X6Y6JGJKHPA25,1,475000.0,1,475000.0,1,475000.0,380000.0,"INTERSTATE HOME LOAN CENTER, INC.",,,1.0,0.8,475000.0,6913850000.0,6350424000.0,27966400000.0,6.870267651163968e-05,5.983852416783509e-05
2023,Seattle/Puget Sound,Q708HHR4LD2B7XIZNO92,10,4880000.0,1,475000.0,1,475000.0,380000.0,First Federal Bank,,,0.09733606557377049,0.0778688524590164,475000.0,6913850000.0,6350424000.0,27966400000.0,6.870267651163968e-05,5.983852416783509e-05
2023,Seattle/Puget Sound,5493001B4U37VT2ML818,16,5030000.0,2,450000.0,4,1070000.0,379500.0,GESA,,,0.08946322067594434,0.07544731610337972,225000.0,6913850000.0,6350424000.0,27966400000.0,6.50867461689218e-05,5.975978926761426e-05
2023,Seattle/Puget Sound,5493000D6RXLNBZQYA47,2,1230000.0,1,465000.0,1,465000.0,372000.0,COLUMBIA COMMUNITY CREDIT UNION,,,0.3780487804878049,0.3024390243902439,465000.0,6913850000.0,6350424000.0,27966400000.0,6.725630437455253e-05,5.857876576430172e-05
2023,Seattle/Puget Sound,549300MP3KK77THHQT36,5,2155000.0,1,465000.0,1,465000.0,372000.0,Bank of the Pacific,,,0.21577726218097448,0.1726218097447796,465000.0,6913850000.0,6350424000.0,27966400000.0,6.725630437455253e-05,5.857876576430172e-05
2023,Seattle/Puget Sound,549300EMNQ2QLOEPQ289,1,365000.0,1,365000.0,1,365000.0,365000.0,"Colonial Savings, F.A.",,,1.0,1.0,365000.0,6913850000.0,6350424000.0,27966400000.0,5.2792583003681016e-05,5.747647716121002e-05
2023,Seattle/Puget Sound,PAOOWF3GUFM46FBSP561,14,4660000.0,1,365000.0,2,550000.0,365000.0,PHH Mortgage Corporation,,,0.07832618025751073,0.07832618025751073,365000.0,6913850000.0,6350424000.0,27966400000.0,5.2792583003681016e-05,5.747647716121002e-05
2023,Seattle/Puget Sound,2549008GIE3QVYB2FT28,106,44510000.0,1,455000.0,1,455000.0,364000.0,Olympia Federal Savings & Loan Association,,,0.010222421927656706,0.008177937542125365,455000.0,6913850000.0,6350424000.0,27966400000.0,6.580993223746537e-05,5.731900736076835e-05
2023,Seattle/Puget Sound,549300XQ7B5FIVUNFE29,4,2590000.0,1,445000.0,2,1420000.0,356000.0,VAN DYK MORTGAGE CORPORATION,,,0.1718146718146718,0.13745173745173744,445000.0,6913850000.0,6350424000.0,27966400000.0,6.436356010037822e-05,5.605924895723498e-05
2023,Seattle/Puget Sound,549300NOCASXPA34X033,53,19075000.0,1,315000.0,8,3030000.0,353500.0,"LAKEVIEW LOAN SERVICING, LLC",,,0.01651376146788991,0.01853211009174312,315000.0,6913850000.0,6350424000.0,27966400000.0,4.556072231824526e-05,5.5665574456130806e-05
2023,Seattle/Puget Sound,FU7RSW4CQQY98A2O7J66,1,345000.0,1,345000.0,1,345000.0,345000.0,"BOKF, National Association",,,1.0,1.0,345000.0,6913850000.0,6350424000.0,27966400000.0,4.9899838729506716e-05,5.43270811523766e-05
2023,Seattle/Puget Sound,549300JOD3S8ZGZLHP53,2,830000.0,1,425000.0,1,425000.0,340000.0,"GOOGAIN, INC.",,,0.5120481927710844,0.40963855421686746,425000.0,6913850000.0,6350424000.0,27966400000.0,6.147081582620392e-05,5.353973215016824e-05
2023,Seattle/Puget Sound,5493008CPTDVOS570626,3,1125000.0,1,405000.0,1,405000.0,324000.0,Third Federal Savings and Loan Association of Cleveland,,,0.36,0.288,405000.0,6913850000.0,6350424000.0,27966400000.0,5.857807155202962e-05,5.10202153431015e-05
2023,Seattle/Puget Sound,2549004FXPNKCLIN8250,8,5190000.0,0,0.0,1,775000.0,310000.0,"Synergy One Lending, Inc.",,,0.0,0.05973025048169557,,6913850000.0,6350424000.0,27966400000.0,0.0,4.88156381369181e-05
2023,Seattle/Puget Sound,549300OBO7DOF2KOP535,2,790000.0,1,375000.0,1,375000.0,300000.0,FirstBank,,,0.47468354430379744,0.379746835443038,375000.0,6913850000.0,6350424000.0,27966400000.0,5.4238955140768165e-05,4.724094013250139e-05
2023,Seattle/Puget Sound,549300YEI60WAHWQ3110,54,13930000.0,1,365000.0,1,365000.0,292000.0,KITSAP Credit Union,,,0.0262024407753051,0.020961952620244077,365000.0,6913850000.0,6350424000.0,27966400000.0,5.2792583003681016e-05,4.598118172896802e-05
2023,Seattle/Puget Sound,254900MNIT450KPDA114,1,355000.0,1,355000.0,1,355000.0,284000.0,ADVANTIS CREDIT UNION,,,1.0,0.8,355000.0,6913850000.0,6350424000.0,27966400000.0,5.1346210866593866e-05,4.472142332543465e-05
2023,Seattle/Puget Sound,5493000YNV8IX4VD3X12,3,685000.0,1,345000.0,1,345000.0,276000.0,"VANDERBILT MORTGAGE AND FINANCE, INC.",,,0.5036496350364964,0.4029197080291971,345000.0,6913850000.0,6350424000.0,27966400000.0,4.9899838729506716e-05,4.346166492190128e-05
2023,Seattle/Puget Sound,549300RA3E0BUFO7YZ21,5,2465000.0,2,340000.0,2,340000.0,272000.0,"Hometown Equity Mortgage, LLC",,,0.13793103448275862,0.1103448275862069,170000.0,6913850000.0,6350424000.0,27966400000.0,4.917665266096314e-05,4.2831785720134596e-05
2023,Seattle/Puget Sound,549300XHF3PMRO08N352,4,770000.0,2,340000.0,2,340000.0,272000.0,VERITY,,,0.44155844155844154,0.35324675324675325,170000.0,6913850000.0,6350424000.0,27966400000.0,4.917665266096314e-05,4.2831785720134596e-05
2023,Seattle/Puget Sound,5493000BR75YQF0VQC27,2,870000.0,1,335000.0,1,335000.0,268000.0,HOMESTAR FINANCIAL CORPORATION,,,0.3850574712643678,0.3080459770114943,335000.0,6913850000.0,6350424000.0,27966400000.0,4.8453466592419566e-05,4.220190651836791e-05
2023,Seattle/Puget Sound,549300B2JJHSM77T5Y41,4,1080000.0,1,335000.0,2,600000.0,268000.0,LIBERTY HOME MORTGAGE CORPORATION,,,0.3101851851851852,0.24814814814814815,335000.0,6913850000.0,6350424000.0,27966400000.0,4.8453466592419566e-05,4.220190651836791e-05
2023,Seattle/Puget Sound,5493000OM9RKJW8W5K82,2,1160000.0,0,0.0,1,665000.0,266000.0,ALAMEDA MORTGAGE CORPORATION,,,0.0,0.2293103448275862,,6913850000.0,6350424000.0,27966400000.0,0.0,4.188696691748457e-05
2023,Seattle/Puget Sound,549300TTPRGSP8DGY569,1,315000.0,1,315000.0,1,315000.0,252000.0,WRIGHT PATMAN CONGRESSIONAL FEDERAL CREDIT UNION,,,1.0,0.8,315000.0,6913850000.0,6350424000.0,27966400000.0,4.556072231824526e-05,3.9682389711301164e-05
2023,Seattle/Puget Sound,549300TEBV514KLDE180,3,915000.0,1,305000.0,1,305000.0,244000.0,PENINSULA COMMUNITY,,,0.3333333333333333,0.26666666666666666,305000.0,6913850000.0,6350424000.0,27966400000.0,4.411435018115811e-05,3.8422631307767794e-05
2023,Seattle/Puget Sound,X05BVSK68TQ7YTOSNR22,7,1265000.0,1,295000.0,2,350000.0,236000.0,Discover Bank,,,0.233201581027668,0.1865612648221344,295000.0,6913850000.0,6350424000.0,27966400000.0,4.266797804407096e-05,3.7162872904234424e-05
2023,Seattle/Puget Sound,WWB2V0FCW3A0EE3ZJN75,13,5235000.0,1,275000.0,2,640000.0,220000.0,Manufacturers and Traders Trust Company,,,0.05253104106972302,0.04202483285577841,275000.0,6913850000.0,6350424000.0,27966400000.0,3.9775233769896654e-05,3.4643356097167683e-05
2023,Seattle/Puget Sound,549300TMY3OACQC9U777,11,6305000.0,0,0.0,2,950000.0,218000.0,"Greenbox Loans, Inc.",,,0.0,0.03457573354480571,,6913850000.0,6350424000.0,27966400000.0,0.0,3.432841649628434e-05
2023,Seattle/Puget Sound,549300XAHXRVSRML8V19,1,255000.0,1,255000.0,1,255000.0,204000.0,"DIRECT MORTGAGE, CORP.",,,1.0,0.8,255000.0,6913850000.0,6350424000.0,27966400000.0,3.6882489495722354e-05,3.212383929010094e-05
2023,Seattle/Puget Sound,549300YN94MOAVYW0F52,39,12925000.0,1,255000.0,5,1055000.0,204000.0,"GoodLeap, LLC",,,0.019729206963249517,0.015783365570599613,255000.0,6913850000.0,6350424000.0,27966400000.0,3.6882489495722354e-05,3.212383929010094e-05
2023,Seattle/Puget Sound,2549005SIVTHG14U2905,2,1900000.0,0,0.0,1,1315000.0,131500.0,A&D Mortgage LLC,,,0.0,0.06921052631578947,,6913850000.0,6350424000.0,27966400000.0,0.0,2.0707278758079777e-05
2023,Seattle/Puget Sound,2549005Q4HZ55QX7YC64,2,720000.0,1,155000.0,1,155000.0,124000.0,"Watermark Capital, Inc.",,,0.2152777777777778,0.17222222222222222,155000.0,6913850000.0,6350424000.0,27966400000.0,2.2418768124850842e-05,1.952625525476724e-05
2023,Seattle/Puget Sound,5493003V40VGM7YDFM54,9,3185000.0,1,115000.0,1,115000.0,115000.0,FIRST COLONY MORTGAGE CORPORATION,,,0.03610675039246468,0.03610675039246468,115000.0,6913850000.0,6350424000.0,27966400000.0,1.663327957650224e-05,1.8109027050792198e-05
2023,Seattle/Puget Sound,549300UVOSI4XZZGUE14,12,5530000.0,0,0.0,3,1415000.0,105000.0,"VERITAS FUNDING, LLC",,,0.0,0.0189873417721519,,6913850000.0,6350424000.0,27966400000.0,0.0,1.6534329046375485e-05
2023,Seattle/Puget Sound,549300CM7HYHZ1MEJ624,1,985000.0,0,0.0,1,985000.0,98500.0,Cache Valley Bank,,,0.0,0.1,,6913850000.0,6350424000.0,27966400000.0,0.0,1.5510775343504622e-05
2023,Seattle/Puget Sound,549300ZWNETGFXTBBY03,6,2170000.0,0,0.0,2,780000.0,78000.0,"CANOPY MORTGAGE, LLC",,,0.0,0.035944700460829496,,6913850000.0,6350424000.0,27966400000.0,0.0,1.2282644434450361e-05
2023,Seattle/Puget Sound,984500FAD1FB7FEGTE82,3,1175000.0,0,0.0,2,780000.0,78000.0,REAL GENIUS LLC,,,0.0,0.06638297872340425,,6913850000.0,6350424000.0,27966400000.0,0.0,1.2282644434450361e-05
2023,Seattle/Puget Sound,549300ELLMUEKP1JHB70,5,2015000.0,0,0.0,1,645000.0,64500.0,INSTAMORTGAGE INC.,,,0.0,0.032009925558312655,,6913850000.0,6350424000.0,27966400000.0,0.0,1.0156802128487798e-05
2023,Seattle/Puget Sound,549300K6K2IS7FRS7S09,12,6460000.0,0,0.0,2,1130000.0,61500.0,"North American Savings Bank, F.S.B.",,,0.0,0.009520123839009288,,6913850000.0,6350424000.0,27966400000.0,0.0,9.684392727162784e-06
2023,Seattle/Puget Sound,549300O5WDIJU8S7OI05,10,4780000.0,0,0.0,3,1405000.0,60500.0,"Stride Bank, National Association",,,0.0,0.012656903765690376,,6913850000.0,6350424000.0,27966400000.0,0.0,9.526922926721113e-06
2023,Seattle/Puget Sound,254900HA4DQWAE0W3342,13,6305000.0,0,0.0,2,960000.0,58500.0,"AMERIHOME MORTGAGE COMPANY, LLC",,,0.0,0.009278350515463918,,6913850000.0,6350424000.0,27966400000.0,0.0,9.21198332583777e-06
2023,Seattle/Puget Sound,Q0IK63NITJD6RJ47SW96,2,810000.0,0,0.0,1,525000.0,52500.0,AVISTA CORPORATION,,,0.0,0.06481481481481481,,6913850000.0,6350424000.0,27966400000.0,0.0,8.267164523187743e-06
2023,Seattle/Puget Sound,2549004Z576VEJBK3N72,5,6295000.0,0,0.0,1,515000.0,51500.0,"NP, INC.",,,0.0,0.00818109610802224,,6913850000.0,6350424000.0,27966400000.0,0.0,8.109694722746071e-06
2023,Seattle/Puget Sound,549300XRXBA38J60S618,2,1060000.0,0,0.0,1,495000.0,49500.0,JMJ FINANCIAL GROUP,,,0.0,0.046698113207547166,,6913850000.0,6350424000.0,27966400000.0,0.0,7.794755121862729e-06
2023,Seattle/Puget Sound,549300OHLAHJ10DFF198,4,1770000.0,0,0.0,1,485000.0,48500.0,BELEM SERVICING LLC,,,0.0,0.027401129943502824,,6913850000.0,6350424000.0,27966400000.0,0.0,7.637285321421058e-06
2023,Seattle/Puget Sound,254900IHSG9OOX0DZH92,9,2605000.0,0,0.0,1,405000.0,40500.0,NorthWest Plus Credit Union,,,0.0,0.015547024952015355,,6913850000.0,6350424000.0,27966400000.0,0.0,6.377526917887688e-06
2023,Seattle/Puget Sound,549300SCFWZXMDMZPE93,10,5240000.0,0,0.0,1,405000.0,40500.0,"RESIDENTIAL MORTGAGE, LLC",,,0.0,0.007729007633587786,,6913850000.0,6350424000.0,27966400000.0,0.0,6.377526917887688e-06
2023,Seattle/Puget Sound,54930049L5WINET09Q97,42,16900000.0,0,0.0,3,1325000.0,39500.0,"Click n' Close, Inc.",,,0.0,0.002337278106508876,,6913850000.0,6350424000.0,27966400000.0,0.0,6.220057117446016e-06
2023,Seattle/Puget Sound,549300SUCQ1358EGVE89,40,16550000.0,0,0.0,5,1825000.0,34500.0,"NEW DAY FINANCIAL, LLC",,,0.0,0.002084592145015106,,6913850000.0,6350424000.0,27966400000.0,0.0,5.43270811523766e-06
2023,Seattle/Puget Sound,549300G5DVGM0ZHRQC33,3,1165000.0,0,0.0,1,255000.0,25500.0,CLEARPATH LENDING,,,0.0,0.02188841201716738,,6913850000.0,6350424000.0,27966400000.0,0.0,4.015479911262618e-06
2023,Seattle/Puget Sound,549300YD9NNO7W7TSI64,4,2350000.0,0,0.0,1,255000.0,25500.0,Wheatland Bank,,,0.0,0.010851063829787235,,6913850000.0,6350424000.0,27966400000.0,0.0,4.015479911262618e-06
2023,Seattle/Puget Sound,549300FWQNRPTKXB8G79,46,21040000.0,0,0.0,2,590000.0,24500.0,"Wallick & Volk, Inc.",,,0.0,0.0011644486692015208,,6913850000.0,6350424000.0,27966400000.0,0.0,3.858010110820947e-06
2023,Seattle/Puget Sound,549300GQDT484LGI9C04,14,5110000.0,0,0.0,2,580000.0,20500.0,NETWORK CAPITAL FUNDING CORPORATION,,,0.0,0.00401174168297456,,6913850000.0,6350424000.0,27966400000.0,0.0,3.2281309090542616e-06
2023,Seattle/Puget Sound,549300JD1162QW84ZO34,11,765000.0,0,0.0,2,180000.0,18000.0,GREENWOOD CREDIT UNION,,,0.0,0.023529411764705882,,6913850000.0,6350424000.0,27966400000.0,0.0,2.8344564079500835e-06
2023,Seattle/Puget Sound,254900378RFGMBEKAF12,1,1845000.0,0,0.0,0,0.0,0.0,Empeople Credit Union,,,0.0,0.0,,6913850000.0,6350424000.0,27966400000.0,0.0,0.0
2023,Seattle/Puget Sound,2549007JZSAICH4GZJ60,1,465000.0,0,0.0,0,0.0,0.0,POINT MORTGAGE CORPORATION,,,0.0,0.0,,6913850000.0,6350424000.0,27966400000.0,0.0,0.0
2023,Seattle/Puget Sound,2549009RNMXHS9AICA61,1,855000.0,0,0.0,0,0.0,0.0,Kaiperm Federal Credit Union,,,0.0,0.0,,6913850000.0,6350424000.0,27966400000.0,0.0,0.0
2023,Seattle/Puget Sound,254900BBEPZS8MDE1S61,1,305000.0,0,0.0,0,0.0,0.0,F&A Federal Credit Union,,,0.0,0.0,,6913850000.0,6350424000.0,27966400000.0,0.0,0.0
2023,Seattle/Puget Sound,254900EZRN0CBEP77K34,1,365000.0,0,0.0,1,365000.0,0.0,State Department Federal Credit Union,,,0.0,0.0,,6913850000.0,6350424000.0,27966400000.0,0.0,0.0
2023,Seattle/Puget Sound,254900F9ZTVTX763V835,1,455000.0,0,0.0,0,0.0,0.0,"Advisors Mortgage Group, L.L.C.",,,0.0,0.0,,6913850000.0,6350424000.0,27966400000.0,0.0,0.0
2023,Seattle/Puget Sound,254900FFZUXK3B729T97,1,325000.0,0,0.0,0,0.0,0.0,Deseret First Credit Union,,,0.0,0.0,,6913850000.0,6350424000.0,27966400000.0,0.0,0.0
2023,Seattle/Puget Sound,254900HD4RROQDXNWI45,1,355000.0,0,0.0,0,0.0,0.0,PACIFIC N W FEDERAL CREDIT UNION,,,0.0,0.0,,6913850000.0,6350424000.0,27966400000.0,0.0,0.0
2023,Seattle/Puget Sound,254900HIDMT4ZG09RP47,1,485000.0,0,0.0,0,0.0,0.0,CREDENCE FUNDING CORPORATION,,,0.0,0.0,,6913850000.0,6350424000.0,27966400000.0,0.0,0.0
2023,Seattle/Puget Sound,254900I68BOSEM149Q58,1,465000.0,0,0.0,0,0.0,0.0,"ENCOMPASS LENDING GROUP, LP",,,0.0,0.0,,6913850000.0,6350424000.0,27966400000.0,0.0,0.0
2023,Seattle/Puget Sound,254900IEGKUDRDS23V26,2,1390000.0,0,0.0,0,0.0,0.0,"AAA CAPITAL INVESTMENT, INC.",,,0.0,0.0,,6913850000.0,6350424000.0,27966400000.0,0.0,0.0
2023,Seattle/Puget Sound,254900JZN2V0PWFMW808,3,2025000.0,0,0.0,0,0.0,0.0,AHL FUNDING,,,0.0,0.0,,6913850000.0,6350424000.0,27966400000.0,0.0,0.0
2023,Seattle/Puget Sound,254900MHHOS58M9D0445,2,510000.0,0,0.0,0,0.0,0.0,Operating Engineers Local Union #3,,,0.0,0.0,,6913850000.0,6350424000.0,27966400000.0,0.0,0.0
2023,Seattle/Puget Sound,254900O723MCLR701H50,1,565000.0,0,0.0,0,0.0,0.0,"Neighborhood Loans, Inc.",,,0.0,0.0,,6913850000.0,6350424000.0,27966400000.0,0.0,0.0
2023,Seattle/Puget Sound,254900QRD0ZXHH08TX87,1,285000.0,0,0.0,0,0.0,0.0,"NETWORK FUNDING, L.P.",,,0.0,0.0,,6913850000.0,6350424000.0,27966400000.0,0.0,0.0
2023,Seattle/Puget Sound,254900R9A6TW85BTVS20,16,4360000.0,0,0.0,0,0.0,0.0,Shea Mortgage Inc.,,,0.0,0.0,,6913850000.0,6350424000.0,27966400000.0,0.0,0.0
2023,Seattle/Puget Sound,254900RQX8N4HXJIDK44,2,690000.0,0,0.0,1,305000.0,0.0,FRANKLIN LOAN CORPORATION,,,0.0,0.0,,6913850000.0,6350424000.0,27966400000.0,0.0,0.0
2023,Seattle/Puget Sound,254900V6GCDMRQZ34D96,1,665000.0,0,0.0,0,0.0,0.0,LUXURY MORTGAGE CORP.,,,0.0,0.0,,6913850000.0,6350424000.0,27966400000.0,0.0,0.0
2023,Seattle/Puget Sound,5493000EUC3MM52PJV85,1,705000.0,0,0.0,0,0.0,0.0,CAKE MORTGAGE CORP.,,,0.0,0.0,,6913850000.0,6350424000.0,27966400000.0,0.0,0.0
2023,Seattle/Puget Sound,5493000H6DFDDJRORG89,22,8510000.0,0,0.0,3,905000.0,0.0,"LADERA LENDING, INC.",,,0.0,0.0,,6913850000.0,6350424000.0,27966400000.0,0.0,0.0
2023,Seattle/Puget Sound,5493001HHBUTXHS7TZ96,139,75665000.0,0,0.0,0,0.0,0.0,HOMEAMERICAN MORTGAGE CORPORATION,,,0.0,0.0,,6913850000.0,6350424000.0,27966400000.0,0.0,0.0
2023,Seattle/Puget Sound,5493001YIUWLFRXQUO81,5,3165000.0,0,0.0,1,525000.0,0.0,Summit Mortgage Corporation,,,0.0,0.0,,6913850000.0,6350424000.0,27966400000.0,0.0,0.0
2023,Seattle/Puget Sound,54930023DLYUOD6GKQ42,1,335000.0,0,0.0,0,0.0,0.0,Hawthorn Bank,,,0.0,0.0,,6913850000.0,6350424000.0,27966400000.0,0.0,0.0
2023,Seattle/Puget Sound,549300249G20MDIDRR27,6,1630000.0,0,0.0,0,0.0,0.0,"SOUTHWEST STAGE FUNDING, LLC",,,0.0,0.0,,6913850000.0,6350424000.0,27966400000.0,0.0,0.0
2023,Seattle/Puget Sound,54930028J11BWKUVGX50,11,2555000.0,0,0.0,1,205000.0,0.0,HARBORSTONE,,,0.0,0.0,,6913850000.0,6350424000.0,27966400000.0,0.0,0.0
2023,Seattle/Puget Sound,5493002GI63WHHUTUD85,3,1385000.0,0,0.0,2,840000.0,0.0,"KEYSTONE FUNDING, INC.",,,0.0,0.0,,6913850000.0,6350424000.0,27966400000.0,0.0,0.0
2023,Seattle/Puget Sound,5493002QI2ILHHZH8D20,175,99255000.0,0,0.0,0,0.0,0.0,"KBHS HOME LOANS, LLC",,,0.0,0.0,,6913850000.0,6350424000.0,27966400000.0,0.0,0.0
2023,Seattle/Puget Sound,5493002QRULT2T40BH09,3,2035000.0,0,0.0,0,0.0,0.0,COMMUNITYAMERICA CREDIT UNION,,,0.0,0.0,,6913850000.0,6350424000.0,27966400000.0,0.0,0.0
2023,Seattle/Puget Sound,5493002RF1ERFA2XR050,1,605000.0,0,0.0,0,0.0,0.0,Renasant Bank,,,0.0,0.0,,6913850000.0,6350424000.0,27966400000.0,0.0,0.0
2023,Seattle/Puget Sound,5493002TJKC8NLH1ZP82,2,880000.0,0,0.0,0,0.0,0.0,"MORTGAGEONE, INC.",,,0.0,0.0,,6913850000.0,6350424000.0,27966400000.0,0.0,0.0
2023,Seattle/Puget Sound,5493002XPTKLVFJ8Z103,1,125000.0,0,0.0,0,0.0,0.0,MOUNTAINCREST CREDIT UNION,,,0.0,0.0,,6913850000.0,6350424000.0,27966400000.0,0.0,0.0
2023,Seattle/Puget Sound,54930034MNPILHP25H80,13,6825000.0,0,0.0,0,0.0,0.0,Gateway First Bank,,,0.0,0.0,,6913850000.0,6350424000.0,27966400000.0,0.0,0.0
2023,Seattle/Puget Sound,5493004RLLKTQS8K7U51,1,955000.0,0,0.0,0,0.0,0.0,American Airlines Federal Credit Union,,,0.0,0.0,,6913850000.0,6350424000.0,27966400000.0,0.0,0.0
2023,Seattle/Puget Sound,5493004T9SQFCNRQ2L76,1,725000.0,0,0.0,0,0.0,0.0,DELMAR FINANCIAL COMPANY,,,0.0,0.0,,6913850000.0,6350424000.0,27966400000.0,0.0,0.0
2023,Seattle/Puget Sound,54930053SM8COVIPIY54,1,535000.0,0,0.0,1,535000.0,0.0,MICHIGAN STATE UNIVERSITY Federal Credit Union,,,0.0,0.0,,6913850000.0,6350424000.0,27966400000.0,0.0,0.0
2023,Seattle/Puget Sound,5493005EYZOUVJUXAX38,8,2780000.0,0,0.0,0,0.0,0.0,"Lakeview Community Capital, LLC",,,0.0,0.0,,6913850000.0,6350424000.0,27966400000.0,0.0,0.0
2023,Seattle/Puget Sound,5493005HCI0Y8LUK5S48,8,3860000.0,0,0.0,1,425000.0,0.0,GUARANTY HOME MORTGAGE CORPORATION,,,0.0,0.0,,6913850000.0,6350424000.0,27966400000.0,0.0,0.0
2023,Seattle/Puget Sound,5493005ICQ3QGEIWV618,5,2155000.0,0,0.0,0,0.0,0.0,UNITED MORTGAGE CORP.,,,0.0,0.0,,6913850000.0,6350424000.0,27966400000.0,0.0,0.0
2023,Seattle/Puget Sound,54930065B0NVUO52TY13,2,1000000.0,0,0.0,1,495000.0,0.0,AmRes Corporation,,,0.0,0.0,,6913850000.0,6350424000.0,27966400000.0,0.0,0.0
2023,Seattle/Puget Sound,5493006KXUHSYFT7SD10,2,730000.0,0,0.0,0,0.0,0.0,"LPMC, LLC",,,0.0,0.0,,6913850000.0,6350424000.0,27966400000.0,0.0,0.0
2023,Seattle/Puget Sound,5493006RIR31ORKYB608,3,975000.0,0,0.0,1,425000.0,0.0,"LAND HOME FINANCIAL SERVICES, INC.",,,0.0,0.0,,6913850000.0,6350424000.0,27966400000.0,0.0,0.0
2023,Seattle/Puget Sound,54930072OCHTUJOZQB56,1,1635000.0,0,0.0,0,0.0,0.0,Liberty,,,0.0,0.0,,6913850000.0,6350424000.0,27966400000.0,0.0,0.0
2023,Seattle/Puget Sound,549300748YYU6VG08N83,14,6540000.0,0,0.0,4,1150000.0,0.0,"Loan Simple, Inc.",,,0.0,0.0,,6913850000.0,6350424000.0,27966400000.0,0.0,0.0
2023,Seattle/Puget Sound,54930076PACNHY6U9F09,1,345000.0,0,0.0,0,0.0,0.0,BP Federal Credit Union,,,0.0,0.0,,6913850000.0,6350424000.0,27966400000.0,0.0,0.0
2023,Seattle/Puget Sound,5493007CLWQN2S6IZK91,17,9195000.0,0,0.0,1,705000.0,0.0,"Armed Forces Bank, National Association",,,0.0,0.0,,6913850000.0,6350424000.0,27966400000.0,0.0,0.0
2023,Seattle/Puget Sound,5493008E4KBJCB6UKR64,1,325000.0,0,0.0,1,325000.0,0.0,"DATA MORTGAGE, INC.",,,0.0,0.0,,6913850000.0,6350424000.0,27966400000.0,0.0,0.0
2023,Seattle/Puget Sound,5493008SP1FN4D81IS17,1,935000.0,0,0.0,0,0.0,0.0,Toyota Financial Savings Bank,,,0.0,0.0,,6913850000.0,6350424000.0,27966400000.0,0.0,0.0
2023,Seattle/Puget Sound,54930097J3TUZXBXXE75,1,445000.0,0,0.0,1,445000.0,0.0,HAPO COMMUNITY CREDIT UNION,,,0.0,0.0,,6913850000.0,6350424000.0,27966400000.0,0.0,0.0
2023,Seattle/Puget Sound,549300A5HHOL2ED18C72,1,715000.0,0,0.0,0,0.0,0.0,AMERITRUST MORTGAGE CORPORATION,,,0.0,0.0,,6913850000.0,6350424000.0,27966400000.0,0.0,0.0
2023,Seattle/Puget Sound,549300A68YW07V5R5G22,1,435000.0,0,0.0,0,0.0,0.0,FUNDLOANS CAPITAL,,,0.0,0.0,,6913850000.0,6350424000.0,27966400000.0,0.0,0.0
2023,Seattle/Puget Sound,549300ALNLUNS3Y53T24,10,3280000.0,0,0.0,2,490000.0,0.0,AMERICAN FINANCING CORPORATION,,,0.0,0.0,,6913850000.0,6350424000.0,27966400000.0,0.0,0.0
2023,Seattle/Puget Sound,549300ANF834QIIFUE57,1,615000.0,0,0.0,0,0.0,0.0,"A & N MORTGAGE SERVICES, INC.",,,0.0,0.0,,6913850000.0,6350424000.0,27966400000.0,0.0,0.0
2023,Seattle/Puget Sound,549300B0HNWBV7RX2661,1,525000.0,0,0.0,0,0.0,0.0,Financial Partners Credit Union,,,0.0,0.0,,6913850000.0,6350424000.0,27966400000.0,0.0,0.0
2023,Seattle/Puget Sound,549300B4JDSKWJR1NR35,2,1230000.0,0,0.0,0,0.0,0.0,HOME FUNDING CORPORATION,,,0.0,0.0,,6913850000.0,6350424000.0,27966400000.0,0.0,0.0
2023,Seattle/Puget Sound,549300B81YWV4GBENI49,2,1110000.0,0,0.0,0,0.0,0.0,First Internet Bank of Indiana,,,0.0,0.0,,6913850000.0,6350424000.0,27966400000.0,0.0,0.0
2023,Seattle/Puget Sound,549300BFJ8COFCPOMU05,4,1630000.0,0,0.0,0,0.0,0.0,SOVEREIGN LENDING GROUP INCORPORATED,,,0.0,0.0,,6913850000.0,6350424000.0,27966400000.0,0.0,0.0
2023,Seattle/Puget Sound,549300C20KZIWPASBC15,28,14010000.0,0,0.0,0,0.0,0.0,"FIRST CONTINENTAL MORTGAGE, LTD.",,,0.0,0.0,,6913850000.0,6350424000.0,27966400000.0,0.0,0.0
2023,Seattle/Puget Sound,549300C232ZWY1I57C16,2,1630000.0,0,0.0,0,0.0,0.0,WESCOM CENTRAL CREDIT UNION,,,0.0,0.0,,6913850000.0,6350424000.0,27966400000.0,0.0,0.0
2023,Seattle/Puget Sound,549300CLRXFVF83ZL806,5,2285000.0,0,0.0,0,0.0,0.0,"NATIONWIDE MORTGAGE BANKERS, INC.",,,0.0,0.0,,6913850000.0,6350424000.0,27966400000.0,0.0,0.0
2023,Seattle/Puget Sound,549300D214S3L7KZ0515,2,760000.0,0,0.0,0,0.0,0.0,CRESCENT MORTGAGE COMPANY,,,0.0,0.0,,6913850000.0,6350424000.0,27966400000.0,0.0,0.0
2023,Seattle/Puget Sound,549300DDLYW49R2HCV81,1,575000.0,0,0.0,0,0.0,0.0,EASTMAN CREDIT UNION,,,0.0,0.0,,6913850000.0,6350424000.0,27966400000.0,0.0,0.0
2023,Seattle/Puget Sound,549300DKYWYDD1KM2515,2,1570000.0,0,0.0,0,0.0,0.0,SI Mortgage Company,,,0.0,0.0,,6913850000.0,6350424000.0,27966400000.0,0.0,0.0
2023,Seattle/Puget Sound,549300DNWSJUNAWUM003,1,265000.0,0,0.0,0,0.0,0.0,"CREDIT UNION MORTGAGE ASSOCIATION, INC.",,,0.0,0.0,,6913850000.0,6350424000.0,27966400000.0,0.0,0.0
2023,Seattle/Puget Sound,549300DT7WZ1SOTNFJ62,2,1100000.0,0,0.0,0,0.0,0.0,First Bank,,,0.0,0.0,,6913850000.0,6350424000.0,27966400000.0,0.0,0.0
2023,Seattle/Puget Sound,549300EBBK4MF6IWR304,2,1230000.0,0,0.0,1,295000.0,0.0,"INTEREST MORTGAGE, L.L.C.",,,0.0,0.0,,6913850000.0,6350424000.0,27966400000.0,0.0,0.0
2023,Seattle/Puget Sound,549300EHWBP6UP4Y8J37,2,1180000.0,0,0.0,0,0.0,0.0,"PLUS RELOCATION MORTGAGE, LLC",,,0.0,0.0,,6913850000.0,6350424000.0,27966400000.0,0.0,0.0
2023,Seattle/Puget Sound,549300F570XAWYN8Z237,2,680000.0,0,0.0,0,0.0,0.0,Bank of Hope,,,0.0,0.0,,6913850000.0,6350424000.0,27966400000.0,0.0,0.0
2023,Seattle/Puget Sound,549300F6NSBOJBM9ED39,6,7120000.0,0,0.0,0,0.0,0.0,NuVision Federal Credit Union,,,0.0,0.0,,6913850000.0,6350424000.0,27966400000.0,0.0,0.0
2023,Seattle/Puget Sound,549300F8C5JA44WNMI75,4,1920000.0,0,0.0,1,365000.0,0.0,AMERICAN NEIGHBORHOOD MORTGAGE ACCEPTANCE COMPANY LLC,,,0.0,0.0,,6913850000.0,6350424000.0,27966400000.0,0.0,0.0
2023,Seattle/Puget Sound,549300G4JDIJPBEO8J84,1,715000.0,0,0.0,0,0.0,0.0,GENHOME MORTGAGE CORPORATION,,,0.0,0.0,,6913850000.0,6350424000.0,27966400000.0,0.0,0.0
2023,Seattle/Puget Sound,549300GDBIZCOI6TMO49,1,2075000.0,0,0.0,0,0.0,0.0,ANGEL OAK HOME LOANS LLC,,,0.0,0.0,,6913850000.0,6350424000.0,27966400000.0,0.0,0.0
2023,Seattle/Puget Sound,549300GRGZDEH4ZGQS06,10,4960000.0,0,0.0,1,515000.0,0.0,Waterstone Mortgage Corporation,,,0.0,0.0,,6913850000.0,6350424000.0,27966400000.0,0.0,0.0
2023,Seattle/Puget Sound,549300GS6ONO04ORI292,8,4300000.0,0,0.0,1,985000.0,0.0,Willamette Valley Bank,,,0.0,0.0,,6913850000.0,6350424000.0,27966400000.0,0.0,0.0
2023,Seattle/Puget Sound,549300GSCUJKJINRJ980,1,205000.0,0,0.0,0,0.0,0.0,"RUOFF MORTGAGE COMPANY, INC.",,,0.0,0.0,,6913850000.0,6350424000.0,27966400000.0,0.0,0.0
2023,Seattle/Puget Sound,549300I43FC7P0IJMR13,3,1155000.0,0,0.0,0,0.0,0.0,"LOANLEADERS OF AMERICA, INC.",,,0.0,0.0,,6913850000.0,6350424000.0,27966400000.0,0.0,0.0
2023,Seattle/Puget Sound,549300IEP77RKJ87Z176,1,545000.0,0,0.0,0,0.0,0.0,OREGON COMMUNITY,,,0.0,0.0,,6913850000.0,6350424000.0,27966400000.0,0.0,0.0
2023,Seattle/Puget Sound,549300JKR164SLNO6Y85,1,605000.0,0,0.0,0,0.0,0.0,"NATIONS RELIABLE LENDING, LLC",,,0.0,0.0,,6913850000.0,6350424000.0,27966400000.0,0.0,0.0
2023,Seattle/Puget Sound,549300JOT0D4J0SZIK67,1,315000.0,0,0.0,0,0.0,0.0,THE MONEY SOURCE INC.,,,0.0,0.0,,6913850000.0,6350424000.0,27966400000.0,0.0,0.0
2023,Seattle/Puget Sound,549300JZD4L02YZI3Z50,1,485000.0,0,0.0,0,0.0,0.0,NJ LENDERS CORP.,,,0.0,0.0,,6913850000.0,6350424000.0,27966400000.0,0.0,0.0
2023,Seattle/Puget Sound,549300K4ZLGS7SRDTL86,21,9445000.0,0,0.0,2,930000.0,0.0,Equity Prime Mortgage LLC,,,0.0,0.0,,6913850000.0,6350424000.0,27966400000.0,0.0,0.0
2023,Seattle/Puget Sound,549300KPBZCTMM3Y0061,1,725000.0,0,0.0,0,0.0,0.0,NASA Federal Credit Union,,,0.0,0.0,,6913850000.0,6350424000.0,27966400000.0,0.0,0.0
2023,Seattle/Puget Sound,549300KQHWNSVCE2MY88,5,2565000.0,0,0.0,0,0.0,0.0,"SIRVA MORTGAGE, INC.",,,0.0,0.0,,6913850000.0,6350424000.0,27966400000.0,0.0,0.0
2023,Seattle/Puget Sound,549300KR4ZW8KJC82O47,1,435000.0,0,0.0,0,0.0,0.0,Community First National Bank,,,0.0,0.0,,6913850000.0,6350424000.0,27966400000.0,0.0,0.0
2023,Seattle/Puget Sound,549300KW705BBINDIZ26,1,705000.0,0,0.0,0,0.0,0.0,TIB National Association,,,0.0,0.0,,6913850000.0,6350424000.0,27966400000.0,0.0,0.0
2023,Seattle/Puget Sound,549300KZVCKCUN23YY80,1,475000.0,0,0.0,0,0.0,0.0,Consolidated Federal Credit Union,,,0.0,0.0,,6913850000.0,6350424000.0,27966400000.0,0.0,0.0
2023,Seattle/Puget Sound,549300L9MOPDT0NKE883,1,105000.0,0,0.0,0,0.0,0.0,"Fidelity Bank, National Association",,,0.0,0.0,,6913850000.0,6350424000.0,27966400000.0,0.0,0.0
2023,Seattle/Puget Sound,549300LIZH7VW4DFJK44,1,355000.0,0,0.0,0,0.0,0.0,Chickasaw Community Bank,,,0.0,0.0,,6913850000.0,6350424000.0,27966400000.0,0.0,0.0
2023,Seattle/Puget Sound,549300LLKEKXL2RM1F61,3,1465000.0,0,0.0,0,0.0,0.0,CONTOUR MORTGAGE CORPORATION,,,0.0,0.0,,6913850000.0,6350424000.0,27966400000.0,0.0,0.0
2023,Seattle/Puget Sound,549300LP0CV2MNC1GV68,3,1955000.0,0,0.0,0,0.0,0.0,"Academy Bank, National Association",,,0.0,0.0,,6913850000.0,6350424000.0,27966400000.0,0.0,0.0
2023,Seattle/Puget Sound,549300LROQOOQU77WS20,1,1205000.0,0,0.0,0,0.0,0.0,LENOX FINANCIAL MORTGAGE CORPORATION,,,0.0,0.0,,6913850000.0,6350424000.0,27966400000.0,0.0,0.0
2023,Seattle/Puget Sound,549300LXKO1O7CSK5J52,1,405000.0,0,0.0,0,0.0,0.0,"FLAT BRANCH MORTGAGE, INC.",,,0.0,0.0,,6913850000.0,6350424000.0,27966400000.0,0.0,0.0
2023,Seattle/Puget Sound,549300MQDQ3TUIDR0R90,1,325000.0,0,0.0,1,325000.0,0.0,CASTLE MORTGAGE CORPORATION,,,0.0,0.0,,6913850000.0,6350424000.0,27966400000.0,0.0,0.0
2023,Seattle/Puget Sound,549300N3JBQ15RQ7AV97,4,1950000.0,0,0.0,0,0.0,0.0,"MORIA DEVELOPMENT, INC.",,,0.0,0.0,,6913850000.0,6350424000.0,27966400000.0,0.0,0.0
2023,Seattle/Puget Sound,549300N52O6FKUCU5G62,3,3385000.0,0,0.0,0,0.0,0.0,NUMERICA CREDIT UNION,,,0.0,0.0,,6913850000.0,6350424000.0,27966400000.0,0.0,0.0
2023,Seattle/Puget Sound,549300NLJI4QKZ3D0G94,1,525000.0,0,0.0,0,0.0,0.0,"5TH STREET CAPITAL, INC.",,,0.0,0.0,,6913850000.0,6350424000.0,27966400000.0,0.0,0.0
2023,Seattle/Puget Sound,549300NN0PRX3I4QGG46,7,2975000.0,0,0.0,2,650000.0,0.0,"Mid-Continent Funding, Inc.",,,0.0,0.0,,6913850000.0,6350424000.0,27966400000.0,0.0,0.0
2023,Seattle/Puget Sound,549300O2EZG72LO2FX38,3,1615000.0,0,0.0,0,0.0,0.0,SUMMIT MORTGAGE CORPORATION,,,0.0,0.0,,6913850000.0,6350424000.0,27966400000.0,0.0,0.0
2023,Seattle/Puget Sound,549300OBJRCHJ0G6XU24,3,1775000.0,0,0.0,0,0.0,0.0,U S WIDE FINANCIAL LLC,,,0.0,0.0,,6913850000.0,6350424000.0,27966400000.0,0.0,0.0
2023,Seattle/Puget Sound,549300OSZK2W0WJYS771,1,405000.0,0,0.0,0,0.0,0.0,Northwest Federal Credit Union,,,0.0,0.0,,6913850000.0,6350424000.0,27966400000.0,0.0,0.0
2023,Seattle/Puget Sound,549300OTLWFQPOOSC346,3,195000.0,0,0.0,0,0.0,0.0,BayCoast Bank,,,0.0,0.0,,6913850000.0,6350424000.0,27966400000.0,0.0,0.0
2023,Seattle/Puget Sound,549300OYEKEORA1GI088,3,1485000.0,0,0.0,0,0.0,0.0,"GoPrime Mortgage, Inc.",,,0.0,0.0,,6913850000.0,6350424000.0,27966400000.0,0.0,0.0
2023,Seattle/Puget Sound,549300P55E0GN57DEV03,3,1785000.0,0,0.0,0,0.0,0.0,"GEO-CORP, INC.",,,0.0,0.0,,6913850000.0,6350424000.0,27966400000.0,0.0,0.0
2023,Seattle/Puget Sound,549300PBTV7FCWLSMM53,82,38400000.0,0,0.0,5,2155000.0,0.0,"MORTGAGE SOLUTIONS OF COLORADO, LLC",,,0.0,0.0,,6913850000.0,6350424000.0,27966400000.0,0.0,0.0
2023,Seattle/Puget Sound,549300PIL8LFAQ04XC20,1,105000.0,0,0.0,0,0.0,0.0,"SPRING EQ, LLC",,,0.0,0.0,,6913850000.0,6350424000.0,27966400000.0,0.0,0.0
2023,Seattle/Puget Sound,549300PL267CW8182203,6,2790000.0,0,0.0,1,365000.0,0.0,"LoanUnited.com, LLC",,,0.0,0.0,,6913850000.0,6350424000.0,27966400000.0,0.0,0.0
2023,Seattle/Puget Sound,549300Q1YFRSB8UEGH03,1,635000.0,0,0.0,0,0.0,0.0,Truity Federal Credit Union,,,0.0,0.0,,6913850000.0,6350424000.0,27966400000.0,0.0,0.0
2023,Seattle/Puget Sound,549300Q50XCC0473FG63,1,255000.0,0,0.0,0,0.0,0.0,QUORUM FEDERAL CREDIT UNION,,,0.0,0.0,,6913850000.0,6350424000.0,27966400000.0,0.0,0.0
2023,Seattle/Puget Sound,549300QIUZLVR1OLDH55,1,585000.0,0,0.0,0,0.0,0.0,Genisys Credit Union,,,0.0,0.0,,6913850000.0,6350424000.0,27966400000.0,0.0,0.0
2023,Seattle/Puget Sound,549300R0SXC1JU7ZU290,2,1690000.0,0,0.0,1,1185000.0,0.0,"FIRST COMMUNITY MORTGAGE, INC.",,,0.0,0.0,,6913850000.0,6350424000.0,27966400000.0,0.0,0.0
2023,Seattle/Puget Sound,549300R7HGHP2I754087,3,1305000.0,0,0.0,1,435000.0,0.0,TOWNE MORTGAGE COMPANY,,,0.0,0.0,,6913850000.0,6350424000.0,27966400000.0,0.0,0.0
2023,Seattle/Puget Sound,549300REENMLD2RN3W58,6,2260000.0,0,0.0,2,730000.0,0.0,"Magnolia Bank, Incorporated",,,0.0,0.0,,6913850000.0,6350424000.0,27966400000.0,0.0,0.0
2023,Seattle/Puget Sound,549300RYWXR8TL5LIK35,2,890000.0,0,0.0,0,0.0,0.0,"ALLIED MORTGAGE GROUP, INC.",,,0.0,0.0,,6913850000.0,6350424000.0,27966400000.0,0.0,0.0
2023,Seattle/Puget Sound,549300SELI3XCH3UZW80,4,1410000.0,0,0.0,1,285000.0,0.0,FIRST CENTENNIAL MORTGAGE CORPORATION,,,0.0,0.0,,6913850000.0,6350424000.0,27966400000.0,0.0,0.0
2023,Seattle/Puget Sound,549300SQKZC6HESYGO25,1,305000.0,0,0.0,0,0.0,0.0,Signature Federal Credit Union,,,0.0,0.0,,6913850000.0,6350424000.0,27966400000.0,0.0,0.0
2023,Seattle/Puget Sound,549300T61O0X0RJMQ375,1,405000.0,0,0.0,0,0.0,0.0,Bison State Bank,,,0.0,0.0,,6913850000.0,6350424000.0,27966400000.0,0.0,0.0
2023,Seattle/Puget Sound,549300TK6RZQSFXZHV09,3,1535000.0,0,0.0,0,0.0,0.0,"MICHIGAN MUTUAL, INC.",,,0.0,0.0,,6913850000.0,6350424000.0,27966400000.0,0.0,0.0
2023,Seattle/Puget Sound,549300TM179TSKK3HQ94,2,750000.0,0,0.0,0,0.0,0.0,"THRIVE MORTGAGE, LLC",,,0.0,0.0,,6913850000.0,6350424000.0,27966400000.0,0.0,0.0
2023,Seattle/Puget Sound,549300TQVOMKNKFOH392,1,665000.0,0,0.0,1,665000.0,0.0,Gate City Bank,,,0.0,0.0,,6913850000.0,6350424000.0,27966400000.0,0.0,0.0
2023,Seattle/Puget Sound,549300TUQC6OYE8A0Y96,4,2010000.0,0,0.0,1,345000.0,0.0,"PACIFIC RESIDENTIAL MORTGAGE, LLC",,,0.0,0.0,,6913850000.0,6350424000.0,27966400000.0,0.0,0.0
2023,Seattle/Puget Sound,549300TUSRLWD8ETNR90,3,1265000.0,0,0.0,0,0.0,0.0,SPOKANE TEACHERS,,,0.0,0.0,,6913850000.0,6350424000.0,27966400000.0,0.0,0.0
2023,Seattle/Puget Sound,549300UBGGLZLZEY0M18,41,14605000.0,0,0.0,0,0.0,0.0,TWINSTAR,,,0.0,0.0,,6913850000.0,6350424000.0,27966400000.0,0.0,0.0
2023,Seattle/Puget Sound,549300UG7QXKM7KGV847,9,1565000.0,0,0.0,1,85000.0,0.0,ROYAL UNITED MORTGAGE LLC,,,0.0,0.0,,6913850000.0,6350424000.0,27966400000.0,0.0,0.0
2023,Seattle/Puget Sound,549300UPB8ITF7B1GI03,1,725000.0,0,0.0,0,0.0,0.0,CATALYST MORTGAGE,,,0.0,0.0,,6913850000.0,6350424000.0,27966400000.0,0.0,0.0
2023,Seattle/Puget Sound,549300VMX06UV1F7NS76,1,485000.0,0,0.0,0,0.0,0.0,"SUCCESS MORTGAGE PARTNERS, INC.",,,0.0,0.0,,6913850000.0,6350424000.0,27966400000.0,0.0,0.0
2023,Seattle/Puget Sound,549300W1HU6IVVIEJ389,2,1010000.0,0,0.0,0,0.0,0.0,"RANLIFE, INC.",,,0.0,0.0,,6913850000.0,6350424000.0,27966400000.0,0.0,0.0
2023,Seattle/Puget Sound,549300W45D2J6BT4LX65,11,5315000.0,0,0.0,1,355000.0,0.0,"ALL CREDIT CONSIDERED MORTGAGE, INC.",,,0.0,0.0,,6913850000.0,6350424000.0,27966400000.0,0.0,0.0
2023,Seattle/Puget Sound,549300W4FT4H1UWPGU95,2,750000.0,0,0.0,0,0.0,0.0,GREENSTATE Credit Union,,,0.0,0.0,,6913850000.0,6350424000.0,27966400000.0,0.0,0.0
2023,Seattle/Puget Sound,549300WEOD0TL2O6EU67,5,1785000.0,0,0.0,2,830000.0,0.0,"MOUNTAIN WEST FINANCIAL, INC.",,,0.0,0.0,,6913850000.0,6350424000.0,27966400000.0,0.0,0.0
2023,Seattle/Puget Sound,549300WS8BW0I0BDA390,3,1505000.0,0,0.0,0,0.0,0.0,DIAMOND RESIDENTIAL MORTGAGE CORPORATION,,,0.0,0.0,,6913850000.0,6350424000.0,27966400000.0,0.0,0.0
2023,Seattle/Puget Sound,549300WW4OBT30G5DK23,3,1325000.0,0,0.0,0,0.0,0.0,THRIVENT Federal Credit Union,,,0.0,0.0,,6913850000.0,6350424000.0,27966400000.0,0.0,0.0
2023,Seattle/Puget Sound,549300WYBPIWKK6SQC06,3,1575000.0,0,0.0,0,0.0,0.0,Bell Bank,,,0.0,0.0,,6913850000.0,6350424000.0,27966400000.0,0.0,0.0
2023,Seattle/Puget Sound,549300X08QKYUH256I80,1,695000.0,0,0.0,1,695000.0,0.0,"Goldwater Bank, N.A.",,,0.0,0.0,,6913850000.0,6350424000.0,27966400000.0,0.0,0.0
2023,Seattle/Puget Sound,549300XAJENHWRM32Z86,1,435000.0,0,0.0,0,0.0,0.0,Bank of Springfield,,,0.0,0.0,,6913850000.0,6350424000.0,27966400000.0,0.0,0.0
2023,Seattle/Puget Sound,549300XQVJ1XBNFA5536,58,7040000.0,0,0.0,0,0.0,0.0,21ST MORTGAGE CORPORATION,,,0.0,0.0,,6913850000.0,6350424000.0,27966400000.0,0.0,0.0
2023,Seattle/Puget Sound,549300XZEU2LB7FLWW04,1,925000.0,0,0.0,0,0.0,0.0,FOUR POINTS,,,0.0,0.0,,6913850000.0,6350424000.0,27966400000.0,0.0,0.0
2023,Seattle/Puget Sound,549300Y7G2MW6V1OR474,2,1060000.0,0,0.0,0,0.0,0.0,"VICTORIAN FINANCE, LLC",,,0.0,0.0,,6913850000.0,6350424000.0,27966400000.0,0.0,0.0
2023,Seattle/Puget Sound,549300YDBNK66R6ZES34,2,830000.0,0,0.0,0,0.0,0.0,TOGETHER CREDIT UNION,,,0.0,0.0,,6913850000.0,6350424000.0,27966400000.0,0.0,0.0
2023,Seattle/Puget Sound,549300YPBBHUEKV1YC68,4,2320000.0,0,0.0,0,0.0,0.0,"CITY FIRST MORTGAGE SERVICES, L.L.C.",,,0.0,0.0,,6913850000.0,6350424000.0,27966400000.0,0.0,0.0
2023,Seattle/Puget Sound,549300YW2UBCMDRMBT48,4,1730000.0,0,0.0,1,645000.0,0.0,"RELIANCE FIRST CAPITAL, LLC",,,0.0,0.0,,6913850000.0,6350424000.0,27966400000.0,0.0,0.0
2023,Seattle/Puget Sound,549300ZPSJZO10ZAX556,3,2535000.0,0,0.0,0,0.0,0.0,"AMERICAN HERITAGE LENDING, LLC",,,0.0,0.0,,6913850000.0,6350424000.0,27966400000.0,0.0,0.0
2023,Seattle/Puget Sound,549300ZTT08EKQRVTR15,1,405000.0,0,0.0,0,0.0,0.0,Atlantic Union Bank,,,0.0,0.0,,6913850000.0,6350424000.0,27966400000.0,0.0,0.0
2023,Seattle/Puget Sound,549300ZUF2EI6H23YK94,1,585000.0,0,0.0,0,0.0,0.0,BEEHIVE,,,0.0,0.0,,6913850000.0,6350424000.0,27966400000.0,0.0,0.0
2023,Seattle/Puget Sound,635400IW1QMK3FNFF894,1,425000.0,0,0.0,0,0.0,0.0,MERIDIAN BANK,,,0.0,0.0,,6913850000.0,6350424000.0,27966400000.0,0.0,0.0
2023,Seattle/Puget Sound,984500P059VACEAAFA22,1,545000.0,0,0.0,1,545000.0,0.0,"SUCCESS LENDING, LLC",,,0.0,0.0,,6913850000.0,6350424000.0,27966400000.0,0.0,0.0
2023,Seattle/Puget Sound,984500U2F9A83N391A91,2,1030000.0,0,0.0,0,0.0,0.0,"CHAMPIONS FUNDING, LLC",,,0.0,0.0,,6913850000.0,6350424000.0,27966400000.0,0.0,0.0
2023,Seattle/Puget Sound,IUGPUX5LWRZ3B6KIZ697,9,5555000.0,0,0.0,1,425000.0,0.0,Ameris Bank,,,0.0,0.0,,6913850000.0,6350424000.0,27966400000.0,0.0,0.0
2023,Seattle/Puget Sound,IWRZQFYIRJ0IMURZBB68,1,875000.0,0,0.0,0,0.0,0.0,Johnson Bank,,,0.0,0.0,,6913850000.0,6350424000.0,27966400000.0,0.0,0.0
2023,Seattle/Puget Sound,K0ZDN2CBIQC0EHBKNK35,1,625000.0,0,0.0,0,0.0,0.0,Enterprise Bank & Trust,,,0.0,0.0,,6913850000.0,6350424000.0,27966400000.0,0.0,0.0
2023,Seattle/Puget Sound,LDVFX8JEECFFE8HRWA73,1,1005000.0,0,0.0,1,1005000.0,0.0,First National Bank of Omaha,,,0.0,0.0,,6913850000.0,6350424000.0,27966400000.0,0.0,0.0
2023,Seattle/Puget Sound,S0Q3AHZRL5K6VQE35M07,1,605000.0,0,0.0,0,0.0,0.0,First Merchants Bank,,,0.0,0.0,,6913850000.0,6350424000.0,27966400000.0,0.0,0.0
2024,Bay Area,KB1H1DSPRFMYMCUFXT09,3378,4618620000.0,741,1146885000.0,850,1238910000.0,1031623500.0,"Wells Fargo Bank, National Association",,,0.24831767930680593,0.22336184834431064,1547753.036437247,9064490000.0,8449556000.0,53148535000.0,0.12652504443162274,0.12209203655197977
2024,Bay Area,B4TYDEB6GKMZO031MB27,3022,3780310000.0,572,840670000.0,671,918215000.0,771952500.0,"Bank of America, National Association",,,0.22238123328510095,0.20420349124807224,1469702.7972027971,9064490000.0,8449556000.0,53148535000.0,0.09274322107476538,0.09136012590484044
2024,Bay Area,1IE8VN30JCEQV1H4R804,1457,2204105000.0,448,753690000.0,468,777130000.0,719369000.0,"HSBC BANK USA, NATIONAL ASSOCIATION",,,0.34194831915902374,0.32637691942988195,1682343.75,9064490000.0,8449556000.0,53148535000.0,0.0831475350516135,0.08513689950099153
2024,Bay Area,6BYL5QZYBDK8S7L73M02,3384,3867200000.0,508,633700000.0,671,787035000.0,586566000.0,U.S. Bank National Association,,,0.16386532892014893,0.15167718245759207,1247440.9448818897,9064490000.0,8449556000.0,53148535000.0,0.06991016593321853,0.06941974229178433
2024,Bay Area,3Y4U8VZURTYWI1W2K376,1572,2230400000.0,331,558825000.0,377,605495000.0,534489500.0,BMO Bank National Association,,,0.2505492288378766,0.2396384056671449,1688293.0513595166,9064490000.0,8449556000.0,53148535000.0,0.06164991080579271,0.06325651904076379
2024,Bay Area,7H6GLXDRUGQFU57RNE97,2131,2360405000.0,471,583495000.0,603,698325000.0,511544000.0,"JPMorgan Chase Bank, National Association",,,0.24720122182422086,0.21671874106350394,1238842.8874734608,9064490000.0,8449556000.0,53148535000.0,0.06437152007448847,0.060540932564977376
2024,Bay Area,E57ODZWZ7FF32TWEFA76,1862,2458330000.0,369,547095000.0,455,632965000.0,491854500.0,"Citibank, National Association",,,0.2225474204032819,0.20007667807007196,1482642.2764227642,9064490000.0,8449556000.0,53148535000.0,0.06035585013608046,0.05821069178072789
2024,Bay Area,549300HW662MN1WU8550,5522,3892950000.0,352,321990000.0,792,627660000.0,335323000.0,"UNITED WHOLESALE MORTGAGE, LLC",,,0.08271105459869764,0.08613596372930554,914744.3181818182,9064490000.0,8449556000.0,53148535000.0,0.03552213086450534,0.039685280504679774
2024,Bay Area,549300FGXN1K3HLB1R50,4636,3289740000.0,384,307430000.0,812,612540000.0,325252000.0,"ROCKET MORTGAGE, LLC",,,0.09345115419455641,0.09886860359785271,800598.9583333334,9064490000.0,8449556000.0,53148535000.0,0.03391586288914213,0.03849338355766859
2024,Bay Area,AD6GFRVSDT01YPT1CS68,980,1281090000.0,205,315915000.0,255,361145000.0,288083500.0,"PNC Bank, National Association",,,0.24659859963000258,0.2248737403304998,1541048.780487805,9064490000.0,8449556000.0,53148535000.0,0.03485193320308148,0.03409451336851309
2024,Bay Area,549300VZVN841I2ILS84,1937,1645275000.0,114,130780000.0,430,391530000.0,174005500.0,"CROSSCOUNTRY MORTGAGE, LLC",,,0.07948823145066934,0.10576073908617101,1147192.9824561405,9064490000.0,8449556000.0,53148535000.0,0.014427728421565913,0.02059344893388481
2024,Bay Area,549300GS0W0TEUQS8571,502,747860000.0,122,186350000.0,158,225700000.0,161980000.0,"Morgan Stanley Private Bank, National Association",,,0.24917765357152408,0.2165913406252507,1527459.0163934426,9064490000.0,8449556000.0,53148535000.0,0.020558244313800336,0.019170238057478996
2024,Bay Area,549300INFJ8TYNZ1G568,414,567910000.0,104,162770000.0,124,182790000.0,139452000.0,"Charles Schwab Bank, SSB",,,0.28661231533165465,0.2455529925516367,1565096.1538461538,9064490000.0,8449556000.0,53148535000.0,0.01795688450205141,0.01650406246198025
2024,Bay Area,L9VVX1KT5TFTKS0MLF66,251,297535000.0,151,176715000.0,156,181540000.0,133086000.0,First-Citizens Bank & Trust Company,,,0.593930125867545,0.4472952761859949,1170298.013245033,9064490000.0,8449556000.0,53148535000.0,0.01949530530675195,0.01575065009333035
2024,Bay Area,5493001WRXQTCKCA6205,443,348995000.0,182,174740000.0,187,179365000.0,125300500.0,REDWOOD,,,0.5006948523617817,0.35903236436052094,960109.8901098901,9064490000.0,8449556000.0,53148535000.0,0.019277422116412507,0.014829240731702352
2024,Bay Area,549300U3721PJGQZYY68,993,824215000.0,131,118275000.0,228,194580000.0,111643500.0,"GUARANTEED RATE, INC.",,,0.1435001789581602,0.1354543414036386,902862.5954198473,9064490000.0,8449556000.0,53148535000.0,0.013048169284758436,0.013212942786579555
2024,Bay Area,549300G4ESSS6M0MEG51,330,361430000.0,90,101910000.0,107,117915000.0,82215500.0,"OriginPoint, LLC",,,0.28196331239797473,0.227472816312979,1132333.3333333333,9064490000.0,8449556000.0,53148535000.0,0.011242772621515386,0.00973015623542823
2024,Bay Area,5493009Y8ROUG903AQ21,206,211850000.0,58,66980000.0,63,70165000.0,62867500.0,STANFORD Federal Credit Union,,,0.31616709936275667,0.2967547793249941,1154827.5862068965,9064490000.0,8449556000.0,53148535000.0,0.007389273969081548,0.0074403317760128465
2024,Bay Area,DRMSV1Q0EKMEXLAU1P80,62,167430000.0,26,76440000.0,28,79490000.0,59555000.0,"Citizens Bank, National Association",,,0.45654900555456013,0.3557008899241474,2940000.0,9064490000.0,8449556000.0,53148535000.0,0.008432906870656816,0.007048299342592676
2024,Bay Area,549300KIOYNU323LVJ37,737,526655000.0,40,37000000.0,172,140340000.0,57571500.0,AMERICAN PACIFIC MORTGAGE CORPORATION,,,0.0702547208324235,0.10931539622713161,925000.0,9064490000.0,8449556000.0,53148535000.0,0.004081862300030117,0.006813553280196024
2024,Bay Area,254900VELJPWWT51WN03,434,335080000.0,87,69755000.0,99,76785000.0,57477000.0,General Mortgage Capital Corporation,,,0.20817416736301778,0.17153217142175003,801781.6091954022,9064490000.0,8449556000.0,53148535000.0,0.007695413641583807,0.006802369260586
2024,Bay Area,RVDPPPGHCGZ40J4VQ731,559,474845000.0,39,45735000.0,95,90645000.0,50887500.0,"PENNYMAC LOAN SERVICES, LLC",,,0.09631563984036896,0.10716654908443808,1172692.3076923077,9064490000.0,8449556000.0,53148535000.0,0.005045512764645336,0.006022505797937785
2024,Bay Area,549300ZJIC4LOLZH0M42,531,560175000.0,45,47865000.0,75,72565000.0,48855000.0,THE GOLDEN 1,,,0.08544651225063596,0.08721381711072433,1063666.6666666667,9064490000.0,8449556000.0,53148535000.0,0.005280495648403827,0.005781960614261862
2024,Bay Area,254900HA4DQWAE0W3342,153,168645000.0,47,56855000.0,55,63985000.0,47341000.0,"AMERIHOME MORTGAGE COMPANY, LLC",,,0.3371282872305731,0.2807139257019182,1209680.8510638298,9064490000.0,8449556000.0,53148535000.0,0.006272277866708442,0.005602779601673745
2024,Bay Area,5493004F7BXDIUFVPV87,437,448435000.0,42,48950000.0,50,56190000.0,46388000.0,STAR ONE Credit Union,,,0.10915740296810017,0.10344420038578613,1165476.1904761905,9064490000.0,8449556000.0,53148535000.0,0.005400193502337142,0.005489992610262598
2024,Bay Area,549300JOD3S8ZGZLHP53,362,282030000.0,58,47350000.0,64,51940000.0,44996000.0,"GOOGAIN, INC.",,,0.16788994078644115,0.15954331099528418,816379.3103448276,9064490000.0,8449556000.0,53148535000.0,0.005223680538011515,0.0053252502261657295
2024,Bay Area,549300O6Z0I6KYMESL47,452,333080000.0,70,53570000.0,82,59840000.0,40622000.0,AMWEST FUNDING CORP.,,,0.16083223249669748,0.12195868860333854,765285.7142857143,9064490000.0,8449556000.0,53148535000.0,0.005909874686827389,0.004807589889930311
2024,Bay Area,5493004AS1SPBQOFDR49,461,354985000.0,40,42530000.0,73,66905000.0,40072000.0,"Commerce Home Mortgage, Inc.",,,0.11980787920616363,0.11288364297082976,1063250.0,9064490000.0,8449556000.0,53148535000.0,0.004691935232980565,0.00474249771230583
2024,Bay Area,549300E2UX99HKDBR481,668,473160000.0,36,36560000.0,85,64925000.0,36026500.0,"NEW AMERICAN FUNDING, LLC",,,0.07726773184546454,0.07614020627271958,1015555.5555555555,9064490000.0,8449556000.0,53148535000.0,0.00403332123484057,0.004263715158524306
2024,Bay Area,549300AG64NHILB7ZP05,947,667855000.0,43,38675000.0,77,63405000.0,35518500.0,"LOANDEPOT.COM, LLC",,,0.05790927671425684,0.053182951389148844,899418.6046511628,9064490000.0,8449556000.0,53148535000.0,0.004266649309558508,0.004203593656282058
2024,Bay Area,54930001NSTOD85LT125,419,356855000.0,36,34440000.0,62,52950000.0,33131000.0,"GUARANTEED RATE AFFINITY, LLC",,,0.09650978688823192,0.09284163035406538,956666.6666666666,9064490000.0,8449556000.0,53148535000.0,0.0037994415571091147,0.003921034430684879
2024,Bay Area,5493001GAASLCSP1PB64,75,48745000.0,62,44590000.0,63,44795000.0,31233500.0,"NATIONAL COOPERATIVE BANK, N.A.",,,0.9147604882552056,0.6407528977331008,719193.5483870967,9064490000.0,8449556000.0,53148535000.0,0.00491919567454981,0.003696466417880419
2024,Bay Area,SS1TRMSN6BRNMOREEV51,326,237650000.0,34,30850000.0,57,48495000.0,29500000.0,"Flagstar Bank, N.A.",,,0.12981274984220492,0.12413212707763517,907352.9411764706,9064490000.0,8449556000.0,53148535000.0,0.00340339059340349,0.0034913077089494407
2024,Bay Area,549300EM6UG8HE3P8U74,392,397400000.0,30,30040000.0,54,47470000.0,28613500.0,Patelco Credit Union,,,0.07559134373427277,0.07200176144942123,1001333.3333333334,9064490000.0,8449556000.0,53148535000.0,0.0033140309052136414,0.0033863909535601635
2024,Bay Area,549300UB5TJ0YPVPT503,227,170335000.0,30,32950000.0,38,40000000.0,26453500.0,MASON MCDUFFIE MORTGAGE CORPORATION,,,0.19344233422373558,0.15530278568702852,1098333.3333333333,9064490000.0,8449556000.0,53148535000.0,0.003635063859080875,0.003130756219616747
2024,Bay Area,549300IPUHFA5O769M51,307,212545000.0,11,7495000.0,110,80150000.0,25497000.0,"Vellum Mortgage, Inc.",,,0.03526312075089981,0.11996047895739725,681363.6363636364,9064490000.0,8449556000.0,53148535000.0,0.0008268529172628576,0.003017555005257081
2024,Bay Area,254900DTLHVWQ7NP7R34,405,265925000.0,28,26470000.0,53,43605000.0,25327500.0,"THE LOAN STORE, INC.",,,0.0995393437999436,0.0952430196483971,945357.1428571428,9064490000.0,8449556000.0,53148535000.0,0.0029201863535620867,0.0029974947796073547
2024,Bay Area,549300K5R2UQGSNVT989,92,94270000.0,31,31875000.0,41,38975000.0,25234000.0,SAN FRANCISCO FEDERAL CREDIT UNION,,,0.33812453590749975,0.2676779463243874,1028225.8064516129,9064490000.0,8449556000.0,53148535000.0,0.0035164692111745947,0.002986429109411193
2024,Bay Area,8WH0EE09O9V05QJZ3V89,160,155170000.0,12,23810000.0,26,34650000.0,24561000.0,"Zions Bancorporation, N.A.",,,0.15344460913836439,0.15828446220274536,1984166.6666666667,9064490000.0,8449556000.0,53148535000.0,0.0026267335503707325,0.0029067799538816004
2024,Bay Area,5493006F1N8E3EEF3W63,255,181495000.0,25,28815000.0,39,36795000.0,23970000.0,Fremont Bank,,,0.1587647042618254,0.13206975398771317,1152600.0,9064490000.0,8449556000.0,53148535000.0,0.0031788881669018334,0.002836835450288749
2024,Bay Area,254900P2JMSUZCYLE858,211,207925000.0,22,23200000.0,36,35230000.0,23545500.0,Provident Credit Union,,,0.11157869424071179,0.11324035108813274,1054545.4545454546,9064490000.0,8449556000.0,53148535000.0,0.002559437982721587,0.0027865961241040358
2024,Bay Area,F28JOQ8OBWCFUYM0UX93,200,146120000.0,32,25630000.0,51,36905000.0,23345000.0,East West Bank,EWBC,East West Bancorp,0.175403777716945,0.15976594579797426,800937.5,9064490000.0,8449556000.0,53148535000.0,0.0028275170472911327,0.0027628670666245657
2024,Bay Area,549300UI36AJZ0WZ4U93,97,72495000.0,20,23100000.0,20,23100000.0,23100000.0,"Taylor Morrison Home Funding, Inc.",,,0.3186426650113801,0.3186426650113801,1155000.0,9064490000.0,8449556000.0,53148535000.0,0.0025484059224512357,0.002733871460228206
2024,Bay Area,549300DCGBXW5FJMV921,298,207770000.0,28,23580000.0,44,34070000.0,20751000.0,"NMSI, INC.",,,0.11349087933772922,0.09987486162583627,842142.8571428572,9064490000.0,8449556000.0,53148535000.0,0.0026013598117489234,0.0024558686870647405
2024,Bay Area,549300GKFNPRWNS0GF29,650,471490000.0,20,15690000.0,74,49720000.0,20725500.0,"CMG MORTGAGE, INC.",,,0.03327748202506946,0.04395745402871747,784500.0,9064490000.0,8449556000.0,53148535000.0,0.001730930256418177,0.0024528507770112417
2024,Bay Area,549300OPB0G5OMY0SM65,235,186895000.0,28,22210000.0,37,27775000.0,19508500.0,NEW WAVE LENDING GROUP INC,,,0.11883678001016613,0.10438213970411193,793214.2857142857,9064490000.0,8449556000.0,53148535000.0,0.0024502205860451056,0.0023088195403403447
2024,Bay Area,549300A5HHOL2ED18C72,185,149485000.0,27,22335000.0,45,34145000.0,18977000.0,AMERITRUST MORTGAGE CORPORATION,,,0.14941298458039268,0.1269491922266448,827222.2222222222,9064490000.0,8449556000.0,53148535000.0,0.002464010661383045,0.0022459168268723234
2024,Bay Area,IUGPUX5LWRZ3B6KIZ697,220,130200000.0,33,20755000.0,48,29530000.0,17862500.0,Ameris Bank,,,0.15940860215053765,0.13719278033794163,628939.3939393939,9064490000.0,8449556000.0,53148535000.0,0.002289704109111489,0.002114016405122352
2024,Bay Area,254900E6AIE4Z8YQM970,114,113730000.0,9,16765000.0,16,22380000.0,17033500.0,Citadel Servicing Corporation,,,0.14741053372021454,0.1497713883759782,1862777.7777777778,9064490000.0,8449556000.0,53148535000.0,0.0018495249043244573,0.0020159047410301797
2024,Bay Area,549300Q02LGIN9AXKP98,124,123430000.0,17,15985000.0,19,17815000.0,15413000.0,FIRST TECHNOLOGY FEDERAL CREDIT UNION,,,0.12950660293283642,0.12487239731021632,940294.1176470588,9064490000.0,8449556000.0,53148535000.0,0.0017634748342157142,0.0018241195158656858
2024,Bay Area,549300DD4R4SYK5RAQ92,120,108560000.0,10,14550000.0,17,20635000.0,15121500.0,"MOVEMENT MORTGAGE, LLC",,,0.13402726602800294,0.13929163596168018,1455000.0,9064490000.0,8449556000.0,53148535000.0,0.0016051647693361678,0.0017896206617247108
2024,Bay Area,549300PL8ER6H23P0Z91,175,130295000.0,13,12175000.0,33,27495000.0,14934000.0,BAY EQUITY LLC,,,0.09344180513450248,0.1146168310372616,936538.4615384615,9064490000.0,8449556000.0,53148535000.0,0.0013431533379153157,0.0017674301466254559
2024,Bay Area,549300NWBS6MQJX15N44,123,120065000.0,15,16445000.0,20,19420000.0,14493000.0,NexBank,,,0.1369674759505268,0.12070961562486986,1096333.3333333333,9064490000.0,8449556000.0,53148535000.0,0.001814222311459332,0.0017152380551120083
2024,Bay Area,5493003GQDUH26DNNH17,165,127455000.0,15,15565000.0,27,23825000.0,14478500.0,NAVY FEDERAL CREDIT UNION,,,0.12212153309011023,0.11359695578831744,1037666.6666666666,9064490000.0,8449556000.0,53148535000.0,0.0017171401810802372,0.0017135219886109992
2024,Bay Area,549300QNPOF1WCRKLZ94,87,79025000.0,17,17965000.0,21,21615000.0,14462000.0,San Mateo Credit Union,,,0.22733312242961087,0.1830053780449225,1056764.705882353,9064490000.0,8449556000.0,53148535000.0,0.001981909627568677,0.0017115692232822649
2024,Bay Area,549300XWUSRVVOHPRY47,466,282150000.0,15,11465000.0,55,34685000.0,13894500.0,"EVERETT FINANCIAL, INC.",,,0.04063441431862484,0.04924508240297714,764333.3333333334,9064490000.0,8449556000.0,53148535000.0,0.0012648257099958189,0.0016444059309151866
2024,Bay Area,549300AQ3T62GXDU7D76,491,286385000.0,18,13470000.0,41,28945000.0,13359000.0,GUILD MORTGAGE COMPANY LLC,,,0.047034586308640464,0.046646996176475726,748333.3333333334,9064490000.0,8449556000.0,53148535000.0,0.00148601851841637,0.0015810298197917144
2024,Bay Area,549300FNXYY540N23N64,441,285355000.0,13,12865000.0,33,29585000.0,13260500.0,NEWREZ LLC,,,0.045084193373166756,0.04647018625922097,989615.3846153846,9064490000.0,8449556000.0,53148535000.0,0.0014192745537807423,0.0015693724025262392
2024,Bay Area,5493005PKOSG7MYX0B34,105,87895000.0,15,13565000.0,16,14620000.0,13049000.0,"Prosperity Home Mortgage, LLC",,,0.1543318732578645,0.14846123215199955,904333.3333333334,9064490000.0,8449556000.0,53148535000.0,0.0014964989756732039,0.0015443415014942798
2024,Bay Area,54930052M48FOD3CWA54,142,83330000.0,17,13885000.0,35,23945000.0,12950000.0,"PRIMARY RESIDENTIAL MORTGAGE, INC.",,,0.16662666506660267,0.15540621624864995,816764.7058823529,9064490000.0,8449556000.0,53148535000.0,0.0015318015685383292,0.0015326249095218732
2024,Bay Area,549300323EON4W3CCM44,178,125480000.0,17,12315000.0,26,19790000.0,12574500.0,"RESICENTRAL, LLC",,,0.09814313037934332,0.10021118903410903,724411.7647058824,9064490000.0,8449556000.0,53148535000.0,0.001358598222293808,0.0014881847046164319
2024,Bay Area,KD3XUN7C6T14HNAYLU02,31,98225000.0,8,14030000.0,10,16650000.0,11801500.0,Goldman Sachs Bank USA,,,0.14283532705523033,0.12014762025960804,1753750.0,9064490000.0,8449556000.0,53148535000.0,0.001547798055930339,0.0013967006077005703
2024,Bay Area,549300MGPZBLQDIL7538,163,100615000.0,9,8105000.0,35,24265000.0,11568500.0,FAIRWAY INDEPENDENT MORTGAGE CORPORATION,,,0.0805545892759529,0.11497788600109328,900555.5555555555,9064490000.0,8449556000.0,53148535000.0,0.0008941484849120028,0.0013691251942705629
2024,Bay Area,549300CB67L6KPJLHE19,248,55750000.0,42,11090000.0,42,11090000.0,11044000.0,"TRIAD FINANCIAL SERVICES, INC.",,,0.1989237668161435,0.19809865470852017,264047.61904761905,9064490000.0,8449556000.0,53148535000.0,0.0012234554839820001,0.0013070509266995805
2024,Bay Area,54930054ET8KM4O1D485,63,47725000.0,11,11055000.0,21,19885000.0,10991500.0,"SOFI BANK, NATIONAL ASSOCIATION",,,0.2316396018858041,0.23030906233630172,1005000.0,9064490000.0,8449556000.0,53148535000.0,0.001219594262887377,0.0013008375824717891
2024,Bay Area,549300SKHHL7A2K8YV94,39,34345000.0,16,13780000.0,19,15125000.0,10880500.0,"MERIWEST MORTGAGE COMPANY, LLC",,,0.401222885427282,0.3168001164652788,861250.0,9064490000.0,8449556000.0,53148535000.0,0.00152021790525446,0.0012877007975330302
2024,Bay Area,C398JSK21YCXWM603F55,110,94290000.0,12,11700000.0,16,14270000.0,10690500.0,"Barrington Bank & Trust Company, National Association",,,0.12408526885141584,0.11337893732103087,975000.0,9064490000.0,8449556000.0,53148535000.0,0.0012907510516311452,0.0012652144088991185
2024,Bay Area,549300IKS3MMB5YK6T18,19,35205000.0,6,12350000.0,7,12505000.0,10658500.0,KINECTA,,,0.3508024428348246,0.30275529044169863,2058333.3333333333,9064490000.0,8449556000.0,53148535000.0,0.0013624594433884311,0.0012614272276555124
2024,Bay Area,54930043BMDE130FJ617,239,131035000.0,20,11110000.0,31,16755000.0,10304000.0,"PROVIDENT FUNDING ASSOCIATES, L.P.",,,0.08478650742168123,0.07863547907047735,555500.0,9064490000.0,8449556000.0,53148535000.0,0.0012256618960360705,0.0012194723604411876
2024,Bay Area,549300LYRWPSYPK6S325,232,140740000.0,14,9360000.0,29,18035000.0,9880500.0,FREEDOM MORTGAGE CORPORATION,,,0.06650561318743783,0.07020392212590593,668571.4285714285,9064490000.0,8449556000.0,53148535000.0,0.0010326008413049162,0.0011693513836703372
2024,Bay Area,549300MZ8VZJOVC63092,265,181375000.0,9,7575000.0,27,19345000.0,9739000.0,"KIND LENDING, LLC",,,0.041764300482425916,0.05369538249483115,841666.6666666666,9064490000.0,8449556000.0,53148535000.0,0.000835678565479139,0.0011526049416087662
2024,Bay Area,549300LBCBNR1OT00651,214,120480000.0,15,11635000.0,20,14050000.0,9557000.0,NATIONSTAR MORTGAGE LLC,,,0.09657204515272244,0.07932436918990704,775666.6666666666,9064490000.0,8449556000.0,53148535000.0,0.0012835802124554166,0.001131065348285756
2024,Bay Area,549300DT7WZ1SOTNFJ62,54,40460000.0,9,9475000.0,12,11980000.0,9258500.0,First Bank,,,0.23418190805734057,0.22883094414236282,1052777.7777777778,9064490000.0,8449556000.0,53148535000.0,0.0010452877106158207,0.0010957380482477424
2024,Bay Area,549300121SF0K2LN2804,76,65700000.0,9,8955000.0,14,14970000.0,8996500.0,"PRIMELENDING, A PLAINSCAPITAL COMPANY",,,0.1363013698630137,0.1369330289193303,995000.0,9064490000.0,8449556000.0,53148535000.0,0.0009879209972099919,0.0010647305018157166
2024,Bay Area,549300XY701IELCE5Q08,98,67610000.0,12,9570000.0,18,14760000.0,8833500.0,BETTER MORTGAGE CORPORATION,,,0.1415471084159148,0.13065374944534833,797500.0,9064490000.0,8449556000.0,53148535000.0,0.0010557681678726547,0.0010454395473560977
2024,Bay Area,549300J7I82PNDVU8H22,227,126685000.0,11,6845000.0,34,17240000.0,8806500.0,"OCMBC, INC.",,,0.05403165331333623,0.06951493862730394,622272.7272727273,9064490000.0,8449556000.0,53148535000.0,0.0007551445255055717,0.001042244113181805
2024,Bay Area,CKVBED0S4DMLKJJ5XH28,30,30190000.0,7,9965000.0,14,16130000.0,8624000.0,Stifel Bank and Trust,,,0.3300761841669427,0.2856575024842663,1423571.4285714286,9064490000.0,8449556000.0,53148535000.0,0.0010993448059405438,0.0010206453451518636
2024,Bay Area,5493000349C5XXDRQX28,163,121835000.0,10,9510000.0,20,16610000.0,8400500.0,STG MORTGAGE INC,,,0.07805638773751385,0.06894980916813724,951000.0,9064490000.0,8449556000.0,53148535000.0,0.0010491489317104438,0.0009941942511535518
2024,Bay Area,549300TF1E42EUFBSL45,42,44420000.0,8,9820000.0,11,13095000.0,8223000.0,Mechanics Bank,,,0.22107158937415577,0.185119315623593,1227500.0,9064490000.0,8449556000.0,53148535000.0,0.001083348318548534,0.0009731872301929238
2024,Bay Area,549300GWD9H4FQ2VR805,45,57125000.0,5,8475000.0,12,13740000.0,7713000.0,UBS Bank USA,,,0.14835886214442012,0.13501969365426697,1695000.0,9064490000.0,8449556000.0,53148535000.0,0.000934967107912304,0.0009128290291229503
2024,Bay Area,213800XR2TCBQJSF1X93,87,59435000.0,12,8700000.0,19,13315000.0,7636500.0,NBKC BANK,,,0.14637839656767898,0.12848489947000927,725000.0,9064490000.0,8449556000.0,53148535000.0,0.0009597892435205952,0.0009037752989624544
2024,Bay Area,549300CIQ950OK0BS407,92,104580000.0,5,6345000.0,10,12780000.0,7567000.0,Sunward Federal Credit Union,,,0.060671256454388985,0.07235609103078983,1269000.0,9064490000.0,8449556000.0,53148535000.0,0.0006999842241538134,0.0008955500146989972
2024,Bay Area,549300EKFFG3BU8DNX74,86,99030000.0,4,7510000.0,9,10815000.0,7546500.0,NEXERA HOLDING LLC,,,0.07583560537210947,0.07620418055134807,1877500.0,9064490000.0,8449556000.0,53148535000.0,0.0008285077263034103,0.000893123851714812
2024,Bay Area,5493004WMLN60ZJ2ON46,201,173495000.0,6,7540000.0,6,7540000.0,7540000.0,PULTE MORTGAGE LLC,,,0.04345946569065391,0.04345946569065391,1256666.6666666667,9064490000.0,8449556000.0,53148535000.0,0.0008318173443845158,0.0008923545805247045
2024,Bay Area,FT6J43S06X6CLJ0R0B48,31,28065000.0,7,8065000.0,8,8630000.0,7326000.0,Cathay Bank,,,0.28736860858720825,0.2610368786745056,1152142.857142857,9064490000.0,8449556000.0,53148535000.0,0.0008897356608038622,0.0008670278059580882
2024,Bay Area,5493005DKMV1IHIM8E20,2,7770000.0,1,7035000.0,1,7035000.0,7035000.0,"Wilmington Savings Fund Society, FSB",,,0.9054054054054054,0.9054054054054054,7035000.0,9064490000.0,8449556000.0,53148535000.0,0.0007761054400192399,0.0008325881265240446
2024,Bay Area,254900ZFWS2106HWPH46,279,185595000.0,4,3900000.0,23,17475000.0,7023500.0,"Paramount Residential Mortgage Group, Inc.",,,0.02101349713084943,0.03784315310218486,975000.0,9064490000.0,8449556000.0,53148535000.0,0.0004302503505437151,0.0008312271082646236
2024,Bay Area,549300CXZHD5OTAISA91,67,43625000.0,11,8255000.0,14,9970000.0,6741500.0,MK LENDING CORP.,,,0.18922636103151863,0.15453295128939828,750454.5454545454,9064490000.0,8449556000.0,53148535000.0,0.0009106965753175303,0.0007978525735553442
2024,Bay Area,549300J6N77Q8OHYNF23,109,72955000.0,6,5740000.0,18,14300000.0,6632000.0,"ENVOY MORTGAGE, LTD",,,0.07867863751627716,0.09090535261462546,956666.6666666666,9064490000.0,8449556000.0,53148535000.0,0.0006332402595181858,0.0007848933127373793
2024,Bay Area,549300Y5Y88FQLI7VE83,43,48875000.0,5,7515000.0,7,8175000.0,6616500.0,DEEPHAVEN MORTGAGE LLC,,,0.15375959079283888,0.13537595907928388,1503000.0,9064490000.0,8449556000.0,53148535000.0,0.0008290593293169279,0.0007830588968225076
2024,Bay Area,549300H3IZO24NSOO931,250,202190000.0,17,9385000.0,17,9385000.0,6569500.0,"LENNAR MORTGAGE, LLC",,,0.046416736732776104,0.03249171571294327,552058.8235294118,9064490000.0,8449556000.0,53148535000.0,0.001035358856372504,0.000777496474370961
2024,Bay Area,5493003B20KZ3DEZGB43,15,20655000.0,5,7175000.0,5,7175000.0,6308000.0,Royal Business Bank,,,0.34737351730815785,0.3053982086661825,1435000.0,9064490000.0,8449556000.0,53148535000.0,0.0007915503243977322,0.0007465481026458668
2024,Bay Area,549300KTR1JGH3K6LU06,29,27845000.0,5,5705000.0,12,11830000.0,6143500.0,Bethpage Federal Credit Union,,,0.2048841802837134,0.22063207038965704,1141000.0,9064490000.0,8449556000.0,53148535000.0,0.0006293790384235627,0.0007270796240654539
2024,Bay Area,549300YAYQAARPBTRA72,35,35905000.0,3,5945000.0,4,7030000.0,6035000.0,"PROPER RATE, LLC",,,0.16557582509399804,0.16808243977161955,1981666.6666666667,9064490000.0,8449556000.0,53148535000.0,0.0006558559830724067,0.0007142387126613517
2024,Bay Area,2549001SI0EMFPT39035,85,76005000.0,7,7625000.0,14,12940000.0,6012000.0,"Cornerstone First Mortgage, Inc",,,0.10032234721399907,0.07910005920663114,1089285.7142857143,9064490000.0,8449556000.0,53148535000.0,0.0008411945956143148,0.0007115166761425097
2024,Bay Area,549300QKL5FUBZ8LSF50,43,33395000.0,5,5695000.0,9,8845000.0,5725000.0,"NATIONS DIRECT MORTGAGE, LLC",,,0.17053451115436444,0.1714328492289265,1139000.0,9064490000.0,8449556000.0,53148535000.0,0.0006282758323965275,0.0006775503943639169
2024,Bay Area,549300KSOOZZVXCMA627,31,34485000.0,7,6585000.0,8,7180000.0,5512000.0,ANGEL OAK MORTGAGE SOLUTIONS LLC,,,0.19095258808177468,0.1598376105553139,940714.2857142857,9064490000.0,8449556000.0,53148535000.0,0.0007264611688026574,0.0006523419692111633
2024,Bay Area,254900TTZ395IC926125,208,116330000.0,6,4250000.0,22,13070000.0,5460000.0,"Sierra Pacific Mortgage Company, Inc.",,,0.03653399810882833,0.04693544227628299,708333.3333333334,9064490000.0,8449556000.0,53148535000.0,0.0004688625614899459,0.0006461877996903032
2024,Bay Area,549300C04BJ0G297NC13,31,25505000.0,4,5020000.0,10,8500000.0,5456500.0,Ally Bank,,,0.1968241521270339,0.21393844344246227,1255000.0,9064490000.0,8449556000.0,53148535000.0,0.0005538094255716538,0.0006457735767417839
2024,Bay Area,5493006L4FQIQFVFNS72,118,70390000.0,8,4660000.0,19,11975000.0,5364500.0,5493006L4FQIQFVFNS72,,,0.06620258559454469,0.07621110953260406,582500.0,9064490000.0,8449556000.0,53148535000.0,0.0005140940085983877,0.0006348854306664161
2024,Bay Area,549300VVH8HHFMWL8536,70,54630000.0,7,6385000.0,12,9770000.0,5209000.0,CHEVRON Federal Credit Union,,,0.11687717371407652,0.09535053999633901,912142.8571428572,9064490000.0,8449556000.0,53148535000.0,0.0007043970482619541,0.0006164820968107673
2024,Bay Area,2549009X2AG1P20YAJ63,36,65990000.0,4,6680000.0,5,7065000.0,5204000.0,Axos Bank,,,0.10122745870586453,0.07886043339899985,1670000.0,9064490000.0,8449556000.0,53148535000.0,0.0007369416260594915,0.0006158903497414539
2024,Bay Area,5493009B17HXCVXTD608,57,52215000.0,6,6890000.0,8,7980000.0,5150000.0,"JMAC LENDING, INC.",,,0.13195441922819112,0.09863066168725462,1148333.3333333333,9064490000.0,8449556000.0,53148535000.0,0.00076010895262723,0.0006094994813928685
2024,Bay Area,984500U2F9A83N391A91,65,49625000.0,7,5555000.0,11,9755000.0,5148500.0,"CHAMPIONS FUNDING, LLC",,,0.11193954659949622,0.10374811083123425,793571.4285714285,9064490000.0,8449556000.0,53148535000.0,0.0006128309480180352,0.0006093219572720745
2024,Bay Area,254900IEGKUDRDS23V26,47,36635000.0,7,5835000.0,10,7560000.0,5095500.0,"AAA CAPITAL INVESTMENT, INC.",,,0.15927391838405897,0.13908830353487103,833571.4285714285,9064490000.0,8449556000.0,53148535000.0,0.0006437207167750198,0.0006030494383373517
2024,Bay Area,4EP6JBYBTPTQ47LZOB67,7,15165000.0,2,4730000.0,3,5895000.0,4887000.0,"BNY Mellon, National Association",,,0.3119024068578965,0.32225519287833826,2365000.0,9064490000.0,8449556000.0,53148535000.0,0.0005218164507876339,0.0005783735855469802
2024,Bay Area,549300I1HK1BBZLKOB84,18,22330000.0,6,6300000.0,7,7565000.0,4789500.0,ADVANCIAL CREDIT UNION,,,0.28213166144200624,0.21448723690103,1050000.0,9064490000.0,8449556000.0,53148535000.0,0.0006950197970321552,0.0005668345176953677
2024,Bay Area,549300FX7K8PTEQUU487,22,18830000.0,4,5530000.0,5,6285000.0,4759000.0,PENTAGON FEDERAL CREDIT UNION,,,0.2936802973977695,0.25273499734466276,1382500.0,9064490000.0,8449556000.0,53148535000.0,0.0006100729329504473,0.0005632248605725556
2024,Bay Area,2549002VH9C0PKB8K153,30,39460000.0,5,5995000.0,8,7710000.0,4752000.0,Logan Finance Corporation,,,0.15192600101368475,0.12042574759249873,1199000.0,9064490000.0,8449556000.0,53148535000.0,0.0006613720132075825,0.0005623964146755166
2024,Bay Area,5493009BD405QQTMXO12,39,25275000.0,6,4540000.0,6,4540000.0,4540000.0,TOLL BROTHERS MORTGAGE COMPANY,,,0.17962413452027695,0.17962413452027695,756666.6666666666,9064490000.0,8449556000.0,53148535000.0,0.0005008555362739658,0.0005373063389366258
2024,Bay Area,549300A68YW07V5R5G22,22,32320000.0,3,4195000.0,6,7930000.0,4399000.0,FUNDLOANS CAPITAL,,,0.1297957920792079,0.13610767326732673,1398333.3333333333,9064490000.0,8449556000.0,53148535000.0,0.0004627949283412525,0.000520619071581986
2024,Bay Area,8945004XZN3PZQZJW178,36,35700000.0,2,4290000.0,3,4615000.0,4387500.0,UNCLE Credit Union,,,0.12016806722689076,0.12289915966386554,2145000.0,9064490000.0,8449556000.0,53148535000.0,0.0004732753855980866,0.0005192580533225651
2024,Bay Area,549300370QILXLFUWD20,68,42170000.0,7,4595000.0,13,7895000.0,4353000.0,"ZILLOW HOME LOANS, LLC",,,0.10896371828313968,0.10322504149869575,656428.5714285715,9064490000.0,8449556000.0,53148535000.0,0.0005069231694226592,0.0005151749985443022
2024,Bay Area,549300XQVJ1XBNFA5536,135,26965000.0,16,4270000.0,16,4270000.0,4270000.0,21ST MORTGAGE CORPORATION,,,0.15835342110142778,0.15835342110142778,266875.0,9064490000.0,8449556000.0,53148535000.0,0.0004710689735440163,0.0005053519971936987
2024,Bay Area,549300DD5QQUHO6PCH70,183,121975000.0,3,3425000.0,11,7805000.0,4232000.0,"Mortgage Research Center, LLC",,,0.02807952449272392,0.0346956343513015,1141666.6666666667,9064490000.0,8449556000.0,53148535000.0,0.00037784806425954464,0.0005008547194669164
2024,Bay Area,549300R4F5COFJE0DN81,40,35620000.0,5,4335000.0,6,4910000.0,4170000.0,"ONY GLO, INC.",,,0.12170129140932061,0.11706906232453677,867000.0,9064490000.0,8449556000.0,53148535000.0,0.00047823981271974484,0.0004935170558074294
2024,Bay Area,549300PRAPL43XPYR044,58,46900000.0,5,4615000.0,8,5650000.0,4056500.0,"EMET LENDING GROUP, INC.",,,0.09840085287846483,0.08649253731343283,923000.0,9064490000.0,8449556000.0,53148535000.0,0.0005091295814767295,0.00048008439733401376
2024,Bay Area,5493001WHVQBGRSWEU75,47,32175000.0,5,4885000.0,6,5140000.0,4056000.0,"HOMEBRIDGE FINANCIAL SERVICES, INC.",,,0.15182595182595182,0.12606060606060607,977000.0,9064490000.0,8449556000.0,53148535000.0,0.000538916144206679,0.00048002522262708243
2024,Bay Area,549300T94GSH3C4U5M59,64,58720000.0,4,3790000.0,12,6810000.0,3915500.0,ALLIANT CREDIT UNION,,,0.06454359673024523,0.0666808583106267,947500.0,9064490000.0,8449556000.0,53148535000.0,0.0004181150842463283,0.00046339712997937405
2024,Bay Area,54930048P8RWCQHQM310,39,47305000.0,6,5520000.0,6,5520000.0,3864000.0,ARC HOME LLC,,,0.11668956769897473,0.08168269738928231,920000.0,9064490000.0,8449556000.0,53148535000.0,0.0006089697269234121,0.0004573021351654454
2024,Bay Area,549300R9S3MVDV4MGF56,40,25060000.0,2,3210000.0,7,5255000.0,3823500.0,"CARRINGTON MORTGAGE SERVICES, LLC",,,0.1280925778132482,0.15257382282521947,1605000.0,9064490000.0,8449556000.0,53148535000.0,0.00035412913467828855,0.0004525089839040063
2024,Bay Area,549300QPD4M26VIOFU53,25,20065000.0,4,3660000.0,6,4940000.0,3797000.0,SUMMIT MORTGAGE BANKERS INC.,,,0.18240717667580364,0.18923498629454275,915000.0,9064490000.0,8449556000.0,53148535000.0,0.0004037734058948711,0.00044937272443664497
2024,Bay Area,593C3GZG957YOJPS2Z63,18,31350000.0,3,4815000.0,3,4815000.0,3759500.0,City National Bank,,,0.1535885167464115,0.11992025518341308,1605000.0,9064490000.0,8449556000.0,53148535000.0,0.0005311937020174329,0.00044493462141679396
2024,Bay Area,549300W0YBCUV18HSR42,23,17825000.0,5,4955000.0,5,4955000.0,3749000.0,Tri Counties Bank,,,0.2779803646563815,0.2103225806451613,991000.0,9064490000.0,8449556000.0,53148535000.0,0.0005466385863959252,0.0004436919525712357
2024,Bay Area,5493000OM9RKJW8W5K82,183,113435000.0,3,1865000.0,18,10830000.0,3616000.0,ALAMEDA MORTGAGE CORPORATION,,,0.016441133688896725,0.03187728655176974,621666.6666666666,9064490000.0,8449556000.0,53148535000.0,0.00020574792404205863,0.00042795148052749755
2024,Bay Area,254900QNIR86GUIRYH95,60,44210000.0,4,3030000.0,11,7815000.0,3556500.0,"FlexPoint, Inc.",,,0.06853653019678806,0.08044560054286361,757500.0,9064490000.0,8449556000.0,53148535000.0,0.00033427142619165556,0.0004209096904026673
2024,Bay Area,984500F6E6940CCB6A60,49,51035000.0,4,3670000.0,6,4390000.0,3541000.0,984500F6E6940CCB6A60,,,0.0719114333300676,0.06938375624571373,917500.0,9064490000.0,8449556000.0,53148535000.0,0.00040487661192190624,0.0004190752744877956
2024,Bay Area,254900I445780YG38U05,7,10875000.0,2,3560000.0,2,3560000.0,3384500.0,"North Coast Financial, Inc.",,,0.3273563218390805,0.3112183908045977,1780000.0,9064490000.0,8449556000.0,53148535000.0,0.0003927413456245194,0.0004005535912182841
2024,Bay Area,549300Q3ROEQU3D1IW91,88,16380000.0,14,3310000.0,14,3310000.0,3287500.0,CREDIT HUMAN FEDERAL CREDIT UNION,,,0.20207570207570208,0.2007020757020757,236428.57142857142,9064490000.0,8449556000.0,53148535000.0,0.00036516119494864026,0.0003890736980736029
2024,Bay Area,549300KM40FP4MSQU941,12,13560000.0,2,3380000.0,3,4085000.0,3254000.0,Boeing Employees Credit Union,,,0.24926253687315633,0.23997050147492624,1690000.0,9064490000.0,8449556000.0,53148535000.0,0.0003728836371378864,0.0003851089927092027
2024,Bay Area,549300SBA6BX8HZZF585,45,38015000.0,7,4515000.0,8,5430000.0,3252000.0,"FIDELITY LENDING SOLUTIONS, INC.",,,0.11876890701039064,0.08554517953439432,645000.0,9064490000.0,8449556000.0,53148535000.0,0.0004980975212063778,0.00038487229388147734
2024,Bay Area,70WY0ID1N53Q4254VH70,22,24180000.0,4,3870000.0,5,4175000.0,3225500.0,Comerica Bank,,,0.1600496277915633,0.13339536807278743,967500.0,9064490000.0,8449556000.0,53148535000.0,0.0004269407324626096,0.00038173603441411596
2024,Bay Area,2549004FXPNKCLIN8250,72,59160000.0,4,2390000.0,9,5745000.0,3209000.0,"Synergy One Lending, Inc.",,,0.040398918187964844,0.054242731575388774,597500.0,9064490000.0,8449556000.0,53148535000.0,0.0002636662404614049,0.00037978326908538155
2024,Bay Area,549300LLESTPOVRG3X73,24,19160000.0,3,3135000.0,6,5860000.0,3177000.0,Farmers Bank & Trust,,,0.16362212943632568,0.1658141962421712,1045000.0,9064490000.0,8449556000.0,53148535000.0,0.0003458550894755248,0.0003759960878417754
2024,Bay Area,549300RD5IG88VPO6P22,42,32560000.0,5,2845000.0,7,3975000.0,3109000.0,"GUIDANCE RESIDENTIAL, LLC",,,0.08737714987714988,0.09548525798525799,569000.0,9064490000.0,8449556000.0,53148535000.0,0.000313862114691505,0.00036794832769911225
2024,Bay Area,549300VRYDYOPWK5MO08,34,31660000.0,3,2895000.0,7,6355000.0,2958000.0,"Provident Savings Bank, F.S.B.",,,0.09144030322173088,0.0934301958307012,965000.0,9064490000.0,8449556000.0,53148535000.0,0.0003193781448266808,0.0003500775662058456
2024,Bay Area,254900HEJ9F73IMPX887,14,10220000.0,5,3165000.0,8,5260000.0,2950500.0,"Tomo Mortgage, LLC",,,0.30968688845401177,0.2886986301369863,633000.0,9064490000.0,8449556000.0,53148535000.0,0.0003491647075566303,0.0003491899456018754
2024,Bay Area,549300S5FVOSK5DQJN30,17,14435000.0,3,2765000.0,6,5650000.0,2894000.0,INTERCAP LENDING INC.,,,0.19154832005542086,0.2004849324558365,921666.6666666666,9064490000.0,8449556000.0,53148535000.0,0.00030503646647522364,0.00034250320371863324
2024,Bay Area,ZXMJHJK466PBZTM5F379,14,21510000.0,4,4090000.0,4,4090000.0,2863000.0,Raymond James Bank,,,0.1901441190144119,0.13310088331008832,1022500.0,9064490000.0,8449556000.0,53148535000.0,0.00045121126505738324,0.0003388343718888898
2024,Bay Area,5493000NYUJT9UC6G261,21,15895000.0,2,3100000.0,3,3865000.0,2833000.0,LEADERONE FINANCIAL CORPORATION,,,0.1950298836111985,0.178232148474363,1550000.0,9064490000.0,8449556000.0,53148535000.0,0.00034199386838090176,0.000335283889473009
2024,Bay Area,5493008NWHQT1R22C024,60,50080000.0,2,2290000.0,10,8150000.0,2831000.0,"AMERICAN FINANCIAL NETWORK, INC.",,,0.04572683706070287,0.05652955271565495,1145000.0,9064490000.0,8449556000.0,53148535000.0,0.0002526341801910532,0.0003350471906452836
2024,Bay Area,254900V6GCDMRQZ34D96,15,19515000.0,1,2505000.0,2,3570000.0,2824500.0,LUXURY MORTGAGE CORP.,,,0.12836279784780938,0.1447348193697156,2505000.0,9064490000.0,8449556000.0,53148535000.0,0.0002763531097723093,0.0003342779194551761
2024,Bay Area,549300NLJI4QKZ3D0G94,25,21165000.0,6,3780000.0,7,5245000.0,2792500.0,"5TH STREET CAPITAL, INC.",,,0.1785967399007796,0.13193952279707064,630000.0,9064490000.0,8449556000.0,53148535000.0,0.0004170118782192931,0.00033049073821156996
2024,Bay Area,549300LROQOOQU77WS20,33,24435000.0,4,2160000.0,9,6365000.0,2773500.0,LENOX FINANCIAL MORTGAGE CORPORATION,,,0.08839779005524862,0.11350521792510743,540000.0,9064490000.0,8449556000.0,53148535000.0,0.00023829250183959606,0.0003282420993481788
2024,Bay Area,549300UXY7OP0IC38293,40,33220000.0,5,3015000.0,9,5905000.0,2716500.0,Northpointe Bank,,,0.0907585791691752,0.0817730282962071,603000.0,9064490000.0,8449556000.0,53148535000.0,0.00033261661715110283,0.0003214961827580053
2024,Bay Area,984500P059VACEAAFA22,12,9000000.0,4,3660000.0,4,3660000.0,2705000.0,"SUCCESS LENDING, LLC",,,0.4066666666666667,0.3005555555555556,915000.0,9064490000.0,8449556000.0,53148535000.0,0.0004037734058948711,0.0003201351644985843
2024,Bay Area,2549005SIVTHG14U2905,37,25345000.0,3,3425000.0,5,4375000.0,2682500.0,A&D Mortgage LLC,,,0.13513513513513514,0.10583941605839416,1141666.6666666667,9064490000.0,8449556000.0,53148535000.0,0.00037784806425954464,0.0003174723026866737
2024,Bay Area,549300AG10BX85DF5S49,134,75860000.0,1,765000.0,14,7990000.0,2515000.0,MLD MORTGAGE INC.,,,0.010084365937252834,0.03315317690482468,765000.0,9064490000.0,8449556000.0,53148535000.0,8.439526106819027e-05,0.00029764877586467266
2024,Bay Area,WWB2V0FCW3A0EE3ZJN75,10,9750000.0,2,2980000.0,3,4405000.0,2513500.0,Manufacturers and Traders Trust Company,,,0.30564102564102563,0.2577948717948718,1490000.0,9064490000.0,8449556000.0,53148535000.0,0.00032875539605647973,0.0002974712517438786
2024,Bay Area,5493007VGBHF6SRXRR53,57,44435000.0,4,2110000.0,8,4110000.0,2498500.0,TECHNOLOGY CREDIT UNION,,,0.04748509058174862,0.05622819849217959,527500.0,9064490000.0,8449556000.0,53148535000.0,0.0002327764717044202,0.0002956960105359382
2024,Bay Area,213800QUAI2VH5YM6310,14,13480000.0,2,1490000.0,7,6175000.0,2396500.0,"EMBRACE HOME LOANS, INC.",,,0.11053412462908012,0.17778189910979228,745000.0,9064490000.0,8449556000.0,53148535000.0,0.00016437769802823987,0.00028362437032194353
2024,Bay Area,549300K4ZLGS7SRDTL86,51,28085000.0,6,3410000.0,6,3410000.0,2387000.0,Equity Prime Mortgage LLC,,,0.12141712658002493,0.08499198860601745,568333.3333333334,9064490000.0,8449556000.0,53148535000.0,0.0003761932552189919,0.00028250005089024794
2024,Bay Area,549300NJVKCDJA5YC939,123,71005000.0,2,1170000.0,12,7170000.0,2347500.0,"HOMEOWNERS FINANCIAL GROUP USA, LLC",,,0.016477712837124146,0.033061052038588834,585000.0,9064490000.0,8449556000.0,53148535000.0,0.00012907510516311452,0.00027782524904267157
2024,Bay Area,549300VORTI31GZTJL53,47,28475000.0,1,605000.0,10,6200000.0,2283500.0,"CARDINAL FINANCIAL COMPANY, LIMITED PARTNERSHIP",,,0.021246707638279193,0.08019315188762072,605000.0,9064490000.0,8449556000.0,53148535000.0,6.67439646356276e-05,0.00027025088655545924
2024,Bay Area,IFQSIUC9AGQV2NE8CN25,60,49430000.0,2,2200000.0,6,4650000.0,2275000.0,Umpqua Bank,COLB,Columbia Banking System,0.04450738417964799,0.04602468136759053,1100000.0,9064490000.0,8449556000.0,53148535000.0,0.00024270532594773673,0.00026924491653762637
2024,Bay Area,549300KX6E1IE2LM5E30,3,4465000.0,1,2255000.0,1,2255000.0,2255000.0,"FLYHOMES MORTGAGE, LLC",,,0.5050391937290034,0.5050391937290034,2255000.0,9064490000.0,8449556000.0,53148535000.0,0.0002487729590964301,0.0002668779282603725
2024,Bay Area,549300JZD4L02YZI3Z50,4,4130000.0,1,2505000.0,1,2505000.0,2254500.0,NJ LENDERS CORP.,,,0.6065375302663438,0.5458837772397095,2505000.0,9064490000.0,8449556000.0,53148535000.0,0.0002763531097723093,0.00026681875355344116
2024,Bay Area,549300TUQC6OYE8A0Y96,56,29800000.0,3,2285000.0,6,3480000.0,2253500.0,"PACIFIC RESIDENTIAL MORTGAGE, LLC",,,0.07667785234899328,0.07562080536912752,761666.6666666666,9064490000.0,8449556000.0,53148535000.0,0.00025208257717753563,0.00026670040413957844
2024,Bay Area,254900O723MCLR701H50,3,2765000.0,2,2350000.0,2,2350000.0,2210500.0,"Neighborhood Loans, Inc.",,,0.8499095840867993,0.7994575045207957,1175000.0,9064490000.0,8449556000.0,53148535000.0,0.00025925341635326424,0.00026161137934348265
2024,Bay Area,549300UR5AOWTJJ7KZ64,33,29735000.0,2,3120000.0,2,3120000.0,2184000.0,LENDSURE MORTGAGE CORP.,,,0.10492685387590382,0.07344879771313267,1560000.0,9064490000.0,8449556000.0,53148535000.0,0.0003442002804349721,0.0002584751198761213
2024,Bay Area,549300ISCZS1R0CJMO47,10,8740000.0,1,1755000.0,3,3795000.0,2182000.0,"Premia Mortgage, LLC DBA Premia Relocation Mortgage",,,0.20080091533180777,0.2496567505720824,1755000.0,9064490000.0,8449556000.0,53148535000.0,0.0001936126577446718,0.0002582384210483959
2024,Bay Area,549300WJIJV987NXVC31,17,11525000.0,3,3095000.0,3,3095000.0,2166500.0,"SCENIC OAKS FUNDING, LLC",,,0.2685466377440347,0.1879826464208243,1031666.6666666666,9064490000.0,8449556000.0,53148535000.0,0.00034144226536738417,0.0002564040051335242
2024,Bay Area,5493000EUC3MM52PJV85,14,10540000.0,2,2470000.0,4,3880000.0,2152000.0,CAKE MORTGAGE CORP.,,,0.23434535104364326,0.20417457305502845,1235000.0,9064490000.0,8449556000.0,53148535000.0,0.0002724918886776862,0.0002546879386325151
2024,Bay Area,549300OPCWU6E72WUT29,71,44905000.0,1,725000.0,8,6110000.0,2123000.0,"MUTUAL OF OMAHA MORTGAGE, INC.",,,0.016145195412537578,0.04727758601492039,725000.0,9064490000.0,8449556000.0,53148535000.0,7.99824369600496e-05,0.000251255805630497
2024,Bay Area,549300JYXTZDSPJEPI44,68,37810000.0,1,765000.0,21,10945000.0,2119500.0,"PLAZA HOME MORTGAGE, INC.",,,0.02023274266067178,0.056056598783390636,765000.0,9064490000.0,8449556000.0,53148535000.0,8.439526106819027e-05,0.0002508415826819776
2024,Bay Area,549300DT7CCDCC7O6Z60,27,14215000.0,7,2435000.0,8,2850000.0,2099000.0,KEYPOINT Credit Union,,,0.17129792472740063,0.14766092156173058,347857.14285714284,9064490000.0,8449556000.0,53148535000.0,0.00026863066758306317,0.0002484154196977924
2024,Bay Area,5493003V40VGM7YDFM54,49,29475000.0,3,2095000.0,5,3625000.0,2098000.0,FIRST COLONY MORTGAGE CORPORATION,,,0.07107718405428329,0.07117896522476676,698333.3333333334,9064490000.0,8449556000.0,53148535000.0,0.00023112166266386748,0.0002482970702839297
2024,Bay Area,HIDXEG9BLUJZKBGUT764,5,5465000.0,2,1920000.0,4,4240000.0,2040000.0,Bank-Fund Staff Federal Credit Union,,,0.3513266239707228,0.37328453796889294,960000.0,9064490000.0,8449556000.0,53148535000.0,0.00021181555719075205,0.00024143280427989353
2024,Bay Area,PAOOWF3GUFM46FBSP561,25,11925000.0,4,1960000.0,5,2215000.0,2036500.0,PHH Mortgage Corporation,,,0.16436058700209644,0.17077568134171908,490000.0,9064490000.0,8449556000.0,53148535000.0,0.00021622838129889272,0.00024101858133137409
2024,Bay Area,2549005Q4HZ55QX7YC64,27,20035000.0,2,1850000.0,5,4215000.0,2004500.0,"Watermark Capital, Inc.",,,0.09233840778637385,0.1000499126528575,925000.0,9064490000.0,8449556000.0,53148535000.0,0.00020409311500150588,0.00023723140008776792
2024,Bay Area,549300F6NSBOJBM9ED39,12,13880000.0,1,1725000.0,2,2650000.0,2002500.0,NuVision Federal Credit Union,,,0.12427953890489914,0.14427233429394812,1725000.0,9064490000.0,8449556000.0,53148535000.0,0.00019030303966356628,0.00023699470126004255
2024,Bay Area,549300B4IYL7TZT8FA34,54,33580000.0,1,905000.0,9,5205000.0,1923500.0,"PREMIER MORTGAGE RESOURCES, L.L.C.",,,0.02695056581298392,0.05728111971411554,905000.0,9064490000.0,8449556000.0,53148535000.0,9.98401454466826e-05,0.0002276450975648898
2024,Bay Area,COOWI3L2W9TPYR3WJX37,1,2695000.0,1,2695000.0,1,2695000.0,1886499.9999999998,First Horizon Bank,,,1.0,0.7,2695000.0,9064490000.0,8449556000.0,53148535000.0,0.0002973140242859775,0.00022326616925197015
2024,Bay Area,549300R77W0P105C3S50,74,57160000.0,0,0.0,16,9490000.0,1870000.0,HOMEXPRESS MORTGAGE CORP.,,,0.0,0.03271518544436669,,9064490000.0,8449556000.0,53148535000.0,0.0,0.00022131340392323573
2024,Bay Area,54930002O9LLXKR6TF11,47,32415000.0,3,1995000.0,4,2550000.0,1855500.0,BAY-VALLEY MORTGAGE GROUP,,,0.06154558074965294,0.057242017584451646,665000.0,9064490000.0,8449556000.0,53148535000.0,0.0002200896023935158,0.0002195973374222267
2024,Bay Area,25490051DLR50J3F0F68,4,3420000.0,3,2455000.0,3,2455000.0,1849500.0,25490051DLR50J3F0F68,,,0.7178362573099415,0.5407894736842105,818333.3333333334,9064490000.0,8449556000.0,53148535000.0,0.0002708370796371335,0.00021888724093905052
2024,Bay Area,549300NFPC3Y4W3Y7R87,19,13205000.0,1,1145000.0,6,4490000.0,1805000.0,CALCON MUTUAL MORTGAGE LLC,,,0.08670957970465733,0.1366906474820144,1145000.0,9064490000.0,8449556000.0,53148535000.0,0.0001263170900955266,0.0002136206920221607
2024,Bay Area,549300RPOGWJRH63HS39,83,51165000.0,1,605000.0,9,5845000.0,1766500.0,UNION HOME MORTGAGE CORP.,,,0.011824489397048764,0.03452555457832503,605000.0,9064490000.0,8449556000.0,53148535000.0,6.67439646356276e-05,0.00020906423958844703
2024,Bay Area,549300ZCR1XCLNEEI724,10,11200000.0,1,1505000.0,2,2870000.0,1764000.0,FOUNDATION MORTGAGE CORPORATION,,,0.134375,0.1575,1505000.0,9064490000.0,8449556000.0,53148535000.0,0.00016603250706879262,0.00020876836605379027
2024,Bay Area,5493006RIR31ORKYB608,73,40225000.0,0,0.0,10,6110000.0,1746000.0,"LAND HOME FINANCIAL SERVICES, INC.",,,0.0,0.043405842137973896,,9064490000.0,8449556000.0,53148535000.0,0.0,0.00020663807660426182
2024,Bay Area,549300SK2GVCQXPD4S58,63,36025000.0,2,1170000.0,7,3485000.0,1734000.0,"SUN WEST MORTGAGE COMPANY, INC.",,,0.032477446217904236,0.04813324080499653,585000.0,9064490000.0,8449556000.0,53148535000.0,0.00012907510516311452,0.0002052178836379095
2024,Bay Area,5493001NJEVHTZW7FG34,44,35020000.0,3,1615000.0,5,3405000.0,1729000.0,SCHOOLSFIRST,,,0.04611650485436893,0.049371787549971444,538333.3333333334,9064490000.0,8449556000.0,53148535000.0,0.00017816777336617946,0.00020462613656859602
2024,Bay Area,5493002TJKC8NLH1ZP82,66,42200000.0,1,2455000.0,1,2455000.0,1718500.0,"MORTGAGEONE, INC.",,,0.058175355450236964,0.040722748815165875,2455000.0,9064490000.0,8449556000.0,53148535000.0,0.0002708370796371335,0.00020338346772303775
2024,Bay Area,2549004Z576VEJBK3N72,25,23645000.0,1,1545000.0,3,2435000.0,1657500.0,"NP, INC.",,,0.06534150983294565,0.07009938676252908,1545000.0,9064490000.0,8449556000.0,53148535000.0,0.0001704453311769333,0.00019616415347741348
2024,Bay Area,549300Z66NI4HM439O26,9,12265000.0,1,1925000.0,2,2950000.0,1655000.0,SACRAMENTO Credit Union,,,0.15695067264573992,0.1349368120668569,1925000.0,9064490000.0,8449556000.0,53148535000.0,0.00021236716020426962,0.00019586827994275675
2024,Bay Area,549300FK3AFCFVAPH234,6,5430000.0,1,1625000.0,1,1625000.0,1625000.0,"Leader Bank, National Association",,,0.2992633517495396,0.2992633517495396,1625000.0,9064490000.0,8449556000.0,53148535000.0,0.00017927097939321462,0.00019231779752687596
2024,Bay Area,549300AENO88GEUWCZ39,53,37405000.0,4,2050000.0,6,2600000.0,1600000.0,"Luminate Home Loans, Inc.",,,0.05480550728512231,0.04277503007619302,512500.0,9064490000.0,8449556000.0,53148535000.0,0.00022615723554220921,0.00018935906218030865
2024,Bay Area,5493001X0T84TYRJ5Y59,12,14010000.0,1,1595000.0,1,1595000.0,1595000.0,"VISTA POINT MORTGAGE, LLC",,,0.11384725196288366,0.11384725196288366,1595000.0,9064490000.0,8449556000.0,53148535000.0,0.00017596136131210912,0.0001887673151109952
2024,Bay Area,549300GAX7IKJUKCJE72,66,32440000.0,1,2105000.0,2,3250000.0,1588000.0,TRAVIS CREDIT UNION,,,0.06488902589395808,0.04895191122071517,2105000.0,9064490000.0,8449556000.0,53148535000.0,0.00023222486869090264,0.00018793886921395633
2024,Bay Area,JJKC32MCHWDI71265Z06,8,6800000.0,2,2010000.0,2,2010000.0,1588000.0,Truist Bank,,,0.29558823529411765,0.23352941176470587,1005000.0,9064490000.0,8449556000.0,53148535000.0,0.00022174441143406855,0.00018793886921395633
2024,Bay Area,337KMNHEWWWR6B7Q7W10,3,5225000.0,1,2215000.0,1,2215000.0,1550500.0,MidFirst Bank,,,0.42392344497607654,0.2967464114832536,2215000.0,9064490000.0,8449556000.0,53148535000.0,0.0002443601349882895,0.00018350076619410536
2024,Bay Area,FDXQ75GPEQKRPWABYN63,5,6835000.0,2,1090000.0,3,3545000.0,1499500.0,CIBC Bank USA,,,0.15947329919531822,0.21938551572787124,545000.0,9064490000.0,8449556000.0,53148535000.0,0.00012024945694683319,0.000177464946087108
2024,Bay Area,549300R8VPSFM828B312,32,45250000.0,1,1355000.0,2,1810000.0,1491500.0,TEACHERS FEDERAL CREDIT UNION,,,0.02994475138121547,0.03296132596685083,1355000.0,9064490000.0,8449556000.0,53148535000.0,0.0001494844166632651,0.00017651815077620645
2024,Bay Area,C5654JQHZUHN0772B561,40,25450000.0,2,1820000.0,3,2505000.0,1479500.0,USAA Federal Savings Bank,,,0.07151277013752456,0.058133595284872296,910000.0,9064490000.0,8449556000.0,53148535000.0,0.00020078349692040037,0.00017509795780985414
2024,Bay Area,HUX2X73FUCYHUVH1BK78,9,7615000.0,1,2105000.0,1,2105000.0,1473500.0,KeyBank National Association,,,0.2764281024294156,0.19349967170059093,2105000.0,9064490000.0,8449556000.0,53148535000.0,0.00023222486869090264,0.000174387861326678
2024,Bay Area,254900FMBXF85WQYV433,6,3170000.0,5,1925000.0,6,3170000.0,1472000.0,Amalgamated Bank,,,0.6072555205047319,0.4643533123028391,385000.0,9064490000.0,8449556000.0,53148535000.0,0.00021236716020426962,0.00017421033720588396
2024,Bay Area,549300KX4S1573HISS22,16,16170000.0,1,1355000.0,2,2180000.0,1467000.0,OAKTREE FUNDING CORP.,,,0.08379715522572666,0.09072356215213358,1355000.0,9064490000.0,8449556000.0,53148535000.0,0.0001494844166632651,0.0001736185901365705
2024,Bay Area,549300YIQ7S7Z8PIHE53,44,18140000.0,3,1465000.0,4,2080000.0,1465000.0,AMERISAVE MORTGAGE CORPORATION,,,0.08076074972436605,0.08076074972436605,488333.3333333333,9064490000.0,8449556000.0,53148535000.0,0.00016161968296065195,0.0001733818913088451
2024,Bay Area,5493001XKL0FTNOJ0866,25,13725000.0,1,1415000.0,1,1415000.0,1415000.0,"GENEVA FINANCIAL, LLC",,,0.10309653916211294,0.10309653916211294,1415000.0,9064490000.0,8449556000.0,53148535000.0,0.00015610365282547612,0.00016746442061571046
2024,Bay Area,549300F570XAWYN8Z237,1,2005000.0,1,2005000.0,1,2005000.0,1403500.0,Bank of Hope,,,1.0,0.7,2005000.0,9064490000.0,8449556000.0,53148535000.0,0.00022119280842055095,0.0001661034023562895
2024,Bay Area,549300RN01LBYR8ZVX74,23,12745000.0,2,1160000.0,7,3525000.0,1390500.0,"LOWER, LLC",,,0.09101608473911338,0.10910160847391134,580000.0,9064490000.0,8449556000.0,53148535000.0,0.00012797189913607936,0.00016456485997607447
2024,Bay Area,5493005JPZ3LXXMB0S24,4,3730000.0,2,1930000.0,2,1930000.0,1351000.0,"FBC MORTGAGE, LLC",,,0.517426273458445,0.36219839142091154,965000.0,9064490000.0,8449556000.0,53148535000.0,0.0002129187632177872,0.00015989005812849812
2024,Bay Area,549300VQUTI5IU7GXT57,34,20030000.0,2,1790000.0,3,2095000.0,1344500.0,SECURITYNATIONAL MORTGAGE COMPANY,,,0.08936595107338992,0.06712431352970544,895000.0,9064490000.0,8449556000.0,53148535000.0,0.0001974738788392949,0.0001591207869383906
2024,Bay Area,254900JZN2V0PWFMW808,40,24280000.0,2,1660000.0,3,2055000.0,1280500.0,AHL FUNDING,,,0.06836902800658978,0.05273887973640857,830000.0,9064490000.0,8449556000.0,53148535000.0,0.0001831322004878377,0.00015154642445117827
2024,Bay Area,549300MCIFZSDHUT8X63,58,38560000.0,1,1145000.0,3,2715000.0,1272500.0,"NFM, INC.",,,0.029693983402489625,0.03300051867219917,1145000.0,9064490000.0,8449556000.0,53148535000.0,0.0001263170900955266,0.00015059962914027673
2024,Bay Area,549300ZIXM1VUXPG4D03,7,5615000.0,1,955000.0,2,1910000.0,1241500.0,"Florida Capital Bank, National Association",,,0.170080142475512,0.22110418521816563,955000.0,9064490000.0,8449556000.0,53148535000.0,0.00010535617558185845,0.00014693079731053325
2024,Bay Area,549300YD7XJM19TH5O82,28,25690000.0,1,1515000.0,2,2040000.0,1218000.0,CITIZENS EQUITY FIRST,,,0.05897236278707668,0.04741144414168937,1515000.0,9064490000.0,8449556000.0,53148535000.0,0.00016713571309582778,0.00014414958608475995
2024,Bay Area,549300HRLROF7PLJ6735,40,43050000.0,1,1335000.0,3,2445000.0,1194500.0,CLEAREDGE LENDING LLC,,,0.031010452961672475,0.027746806039488967,1335000.0,9064490000.0,8449556000.0,53148535000.0,0.0001472780046091948,0.00014136837485898668
2024,Bay Area,549300W45D2J6BT4LX65,24,13260000.0,1,905000.0,4,2730000.0,1181000.0,"ALL CREDIT CONSIDERED MORTGAGE, INC.",,,0.06825037707390648,0.08906485671191554,905000.0,9064490000.0,8449556000.0,53148535000.0,9.98401454466826e-05,0.00013977065777184033
2024,Bay Area,549300HCNXMTNGIMAR91,5,6055000.0,1,1155000.0,1,1155000.0,1155000.0,United Nations Federal Credit Union,,,0.1907514450867052,0.1907514450867052,1155000.0,9064490000.0,8449556000.0,53148535000.0,0.00012742029612256177,0.0001366935730114103
2024,Bay Area,549300ZPSJZO10ZAX556,9,9675000.0,1,1155000.0,1,1155000.0,1155000.0,"AMERICAN HERITAGE LENDING, LLC",,,0.11937984496124031,0.11937984496124031,1155000.0,9064490000.0,8449556000.0,53148535000.0,0.00012742029612256177,0.0001366935730114103
2024,Bay Area,549300E4YLQ3BVQ4GW30,12,10710000.0,2,1310000.0,2,1310000.0,1107500.0,"WALL STREET MORTGAGE BANKERS, LTD.",,,0.1223155929038282,0.10340802987861811,655000.0,9064490000.0,8449556000.0,53148535000.0,0.00014451998954160687,0.0001310719758529324
2024,Bay Area,2549009I5SQ5XN6WFU76,2,1330000.0,1,1205000.0,2,1330000.0,1097000.0,Residential First Capital,,,0.9060150375939849,0.824812030075188,1205000.0,9064490000.0,8449556000.0,53148535000.0,0.0001329363262577376,0.00012982930700737412
2024,Bay Area,549300U7F7T8UG5AI038,9,7855000.0,1,1565000.0,1,1565000.0,1095500.0,"COASTAL FUNDING SLC, INC.",,,0.19923615531508593,0.13946530872056015,1565000.0,9064490000.0,8449556000.0,53148535000.0,0.0001726517432310036,0.00012965178288658008
2024,Bay Area,01KWVG908KE7RKPTNP46,4,3210000.0,1,1045000.0,2,2180000.0,1072000.0,HomeStreet Bank,HMST,"HomeStreet, Inc.",0.32554517133956384,0.3339563862928349,1045000.0,9064490000.0,8449556000.0,53148535000.0,0.00011528502982517494,0.00012687057166080678
2024,Bay Area,5493000BAKE4VAHVCU55,1,1505000.0,1,1505000.0,1,1505000.0,1053500.0,SALAL Credit Union,,,1.0,0.7,1505000.0,9064490000.0,8449556000.0,53148535000.0,0.00016603250706879262,0.00012468110750434697
2024,Bay Area,549300F6Y1YO2YXN6135,4,6360000.0,1,1505000.0,1,1505000.0,1053500.0,REDWOOD RESIDENTIAL ACQUISITION CORPORATION,,,0.23663522012578617,0.16564465408805032,1505000.0,9064490000.0,8449556000.0,53148535000.0,0.00016603250706879262,0.00012468110750434697
2024,Bay Area,549300ESNLIWVN3TK065,4,3280000.0,2,1270000.0,2,1270000.0,1040500.0,CBC Federal Credit Union,,,0.3871951219512195,0.31722560975609754,635000.0,9064490000.0,8449556000.0,53148535000.0,0.0001401071654334662,0.00012314256512413197
2024,Bay Area,549300RA3E0BUFO7YZ21,35,21645000.0,2,840000.0,4,2220000.0,1033000.0,"Hometown Equity Mortgage, LLC",,,0.038808038808038806,0.047724647724647726,420000.0,9064490000.0,8449556000.0,53148535000.0,9.266930627095402e-05,0.00012225494452016176
2024,Bay Area,254900LTD432L5CHIZ48,37,24745000.0,2,1450000.0,2,1450000.0,1014999.9999999999,Home Mortgage Alliance Corporation (HMAC),,,0.058597696504344314,0.04101838755304101,725000.0,9064490000.0,8449556000.0,53148535000.0,0.0001599648739200992,0.00012012465507063328
2024,Bay Area,5493008H68QG2A0MK376,6,3280000.0,1,905000.0,2,1240000.0,1005500.0,First Commercial Bank (USA),,,0.2759146341463415,0.3065548780487805,905000.0,9064490000.0,8449556000.0,53148535000.0,9.98401454466826e-05,0.00011900033563893771
2024,Bay Area,549300D3LYUX1NJVC329,4,2430000.0,2,1430000.0,2,1430000.0,1001000.0,"MORTGAGE CAPITAL PARTNERS, INC.",,,0.588477366255144,0.4119341563786008,715000.0,9064490000.0,8449556000.0,53148535000.0,0.00015775846186602888,0.0001184677632765556
2024,Bay Area,5493008VVXQIDO1EZ460,34,23910000.0,1,585000.0,3,2535000.0,994500.0,"SUMMIT FUNDING, INC.",,,0.024466750313676285,0.041593475533249685,585000.0,9064490000.0,8449556000.0,53148535000.0,6.453755258155726e-05,0.0001176984920864481
2024,Bay Area,549300KQHWNSVCE2MY88,11,7845000.0,1,1295000.0,2,2060000.0,983000.0,"SIRVA MORTGAGE, INC.",,,0.16507329509241556,0.1253027405991077,1295000.0,9064490000.0,8449556000.0,53148535000.0,0.00014286518050105412,0.00011633747382702713
2024,Bay Area,549300KJ8PAJ7E52HG32,37,20475000.0,2,1000000.0,4,1930000.0,979000.0,Plains Commerce Bank,,,0.04884004884004884,0.047814407814407815,500000.0,9064490000.0,8449556000.0,53148535000.0,0.0001103206027035167,0.00011586407617157636
2024,Bay Area,5493004RLLKTQS8K7U51,5,3365000.0,1,705000.0,3,1605000.0,975000.0,American Airlines Federal Credit Union,,,0.20950965824665677,0.2897473997028232,705000.0,9064490000.0,8449556000.0,53148535000.0,7.777602490597927e-05,0.00011539067851612559
2024,Bay Area,549300T5QSL6MC8M4D04,7,5085000.0,1,1015000.0,2,1680000.0,910000.0,"NORWICH COMMERCIAL GROUP, INC.",,,0.19960668633235004,0.17895771878072764,1015000.0,9064490000.0,8449556000.0,53148535000.0,0.00011197541174406943,0.00010769796661505054
2024,Bay Area,549300BOXNV8VLRBDT24,21,9655000.0,3,1275000.0,3,1275000.0,892500.0,"AMERICAN INTERNET MORTGAGE, INC.",,,0.1320559295701709,0.09243915069911962,425000.0,9064490000.0,8449556000.0,53148535000.0,0.00014065876844698377,0.00010562685187245342
2024,Bay Area,549300UM5S3HZLZHVP89,9,6955000.0,2,1270000.0,2,1270000.0,889000.0,"SNAPFI, INC.",,,0.18260244428468728,0.12782171099928108,635000.0,9064490000.0,8449556000.0,53148535000.0,0.0001401071654334662,0.00010521262892393399
2024,Bay Area,549300SVKVT1EF3U0N48,6,3160000.0,0,0.0,5,2915000.0,874500.0,"ON Q FINANCIAL, LLC",,,0.0,0.2767405063291139,,9064490000.0,8449556000.0,53148535000.0,0.0,0.00010349656242292495
2024,Bay Area,5493003NV9L53LK1XI52,25,20585000.0,0,0.0,2,2890000.0,867000.0,ROYAL PACIFIC FUNDING CORP.,,,0.0,0.04211804712169055,,9064490000.0,8449556000.0,53148535000.0,0.0,0.00010260894181895475
2024,Bay Area,254900TG14TB8RKS3U42,13,8095000.0,1,655000.0,3,1995000.0,860500.0,"Filo Mortgage, L.L.C.",,,0.08091414453366276,0.10630018529956764,655000.0,9064490000.0,8449556000.0,53148535000.0,7.225999477080344e-05,0.00010183967062884724
2024,Bay Area,549300QD5CQZ9PPP5B09,4,3130000.0,1,1225000.0,1,1225000.0,857500.0,PARTNERS Federal Credit Union,,,0.3913738019169329,0.273961661341853,1225000.0,9064490000.0,8449556000.0,53148535000.0,0.00013514273831180795,0.00010148462238725917
2024,Bay Area,254900O28OG3UMHXQY81,4,2460000.0,1,855000.0,1,855000.0,855000.0,"Strong Home Mortgage, LLC",,,0.3475609756097561,0.3475609756097561,855000.0,9064490000.0,8449556000.0,53148535000.0,9.432411531150678e-05,0.00010118874885260243
2024,Bay Area,5493001GDRY0EL7VG372,40,24430000.0,2,1220000.0,2,1220000.0,854000.0,"ARK-LA-TEX FINANCIAL SERVICES, LLC.",,,0.049938600081866555,0.03495702005730659,610000.0,9064490000.0,8449556000.0,53148535000.0,0.00013459113529829035,0.00010107039943873974
2024,Bay Area,549300GQDT484LGI9C04,27,13945000.0,1,735000.0,2,1130000.0,853500.0,NETWORK CAPITAL FUNDING CORPORATION,,,0.052707063463607026,0.06120473287916816,735000.0,9064490000.0,8449556000.0,53148535000.0,8.108564298708477e-05,0.0001010112247318084
2024,Bay Area,549300RYWXR8TL5LIK35,38,20060000.0,0,0.0,6,3080000.0,835000.0,"ALLIED MORTGAGE GROUP, INC.",,,0.0,0.04162512462612163,,9064490000.0,8449556000.0,53148535000.0,0.0,9.882176057534857e-05
2024,Bay Area,549300UHEEV73TKCZY62,13,5585000.0,1,735000.0,3,1685000.0,799500.0,Self-Help Federal Credit Union,,,0.13160250671441362,0.1431512981199642,735000.0,9064490000.0,8449556000.0,53148535000.0,8.108564298708477e-05,9.462035638322298e-05
2024,Bay Area,5493005EYZOUVJUXAX38,27,16945000.0,1,1115000.0,1,1115000.0,780500.0,"Lakeview Community Capital, LLC",,,0.0658011212747123,0.04606078489229861,1115000.0,9064490000.0,8449556000.0,53148535000.0,0.0001230074720144211,9.237171751983181e-05
2024,Bay Area,2549007UO49TL9LEDN58,20,11360000.0,1,745000.0,1,745000.0,745000.0,2549007UO49TL9LEDN58,,,0.06558098591549295,0.06558098591549295,745000.0,9064490000.0,8449556000.0,53148535000.0,8.218884901411993e-05,8.817031332770622e-05
2024,Bay Area,54930072OCHTUJOZQB56,2,2130000.0,1,1055000.0,1,1055000.0,738500.0,Liberty,,,0.4953051643192488,0.3467136150234742,1055000.0,9064490000.0,8449556000.0,53148535000.0,0.0001163882358522101,8.740104213759871e-05
2024,Bay Area,549300SGD2RNJOEDDS24,16,13700000.0,0,0.0,2,2460000.0,738000.0,SAFE Credit Union,,,0.0,0.053868613138686135,,9064490000.0,8449556000.0,53148535000.0,0.0,8.734186743066736e-05
2024,Bay Area,549300LI3FDGO7UKFF39,2,3400000.0,1,1045000.0,1,1045000.0,731500.0,EAST COAST CAPITAL CORP.,,,0.3073529411764706,0.2151470588235294,1045000.0,9064490000.0,8449556000.0,53148535000.0,0.00011528502982517494,8.657259624055987e-05
2024,Bay Area,549300DNWSJUNAWUM003,2,1600000.0,1,1035000.0,1,1035000.0,724500.0,"CREDIT UNION MORTGAGE ASSOCIATION, INC.",,,0.646875,0.4528125,1035000.0,9064490000.0,8449556000.0,53148535000.0,0.00011418182379813977,8.574415034352101e-05
2024,Bay Area,254900WTZC5SSKIN2M11,26,11160000.0,1,305000.0,5,1985000.0,717500.0,First National Bank of America,,,0.027329749103942653,0.0642921146953405,305000.0,9064490000.0,8449556000.0,53148535000.0,3.364778382457259e-05,8.491570444648215e-05
2024,Bay Area,5493005LWLLN6G3XQP35,4,4780000.0,1,765000.0,1,765000.0,688500.0,CTBC Bank Corp. (USA),,,0.1600418410041841,0.1440376569037657,765000.0,9064490000.0,8449556000.0,53148535000.0,8.439526106819027e-05,8.148357144446406e-05
2024,Bay Area,549300LU20D3H1812W20,1,955000.0,1,955000.0,1,955000.0,668500.0,"WALL FINANCIAL, INC.",,,1.0,0.7,955000.0,9064490000.0,8449556000.0,53148535000.0,0.00010535617558185845,7.911658316721021e-05
2024,Bay Area,5493000H6DFDDJRORG89,11,6715000.0,1,725000.0,1,725000.0,652500.0,"LADERA LENDING, INC.",,,0.10796723752792256,0.09717051377513031,725000.0,9064490000.0,8449556000.0,53148535000.0,7.99824369600496e-05,7.722299254540712e-05
2024,Bay Area,254900VX7NAZSPBPUE16,6,4290000.0,1,915000.0,1,915000.0,640500.0,"Constant Investments, Inc.",,,0.21328671328671328,0.1493006993006993,915000.0,9064490000.0,8449556000.0,53148535000.0,0.00010094335147371778,7.58027995790548e-05
2024,Bay Area,COINQMNIM6RBU631DD85,4,2210000.0,1,915000.0,1,915000.0,640500.0,Arvest Bank,,,0.41402714932126694,0.2898190045248869,915000.0,9064490000.0,8449556000.0,53148535000.0,0.00010094335147371778,7.58027995790548e-05
2024,Bay Area,549300730ZNSQK9EBT50,5,3235000.0,0,0.0,3,2085000.0,625500.0,BluPeak Credit Union,,,0.0,0.19335394126738795,,9064490000.0,8449556000.0,53148535000.0,0.0,7.402755837111442e-05
2024,Bay Area,549300VCMRO4ST680C11,27,16135000.0,0,0.0,3,2015000.0,604500.0,VILLAGE CAPITAL & INVESTMENT LLC,,,0.0,0.03746513789897738,,9064490000.0,8449556000.0,53148535000.0,0.0,7.154222067999786e-05
2024,Bay Area,5493001SDQVS1NWYH012,50,32150000.0,1,445000.0,3,1415000.0,602500.0,"PREMIER LENDING, INC.",,,0.013841368584758942,0.018740279937791603,445000.0,9064490000.0,8449556000.0,53148535000.0,4.9092668203064925e-05,7.130552185227248e-05
2024,Bay Area,254900EZO02JGHXM3V19,1,855000.0,1,855000.0,1,855000.0,598500.0,254900EZO02JGHXM3V19,,,1.0,0.7,855000.0,9064490000.0,8449556000.0,53148535000.0,9.432411531150678e-05,7.08321241968217e-05
2024,Bay Area,Q708HHR4LD2B7XIZNO92,12,10060000.0,0,0.0,2,1920000.0,576000.0,First Federal Bank,,,0.0,0.057256461232604375,,9064490000.0,8449556000.0,53148535000.0,0.0,6.816926238491111e-05
2024,Bay Area,254900RQX8N4HXJIDK44,30,15550000.0,0,0.0,4,2160000.0,565000.0,FRANKLIN LOAN CORPORATION,,,0.0,0.036334405144694534,,9064490000.0,8449556000.0,53148535000.0,0.0,6.686741883242149e-05
2024,Bay Area,54930021WPEXNHYZUL09,46,25430000.0,0,0.0,4,1880000.0,564000.0,"PLANET HOME LENDING, LLC",,,0.0,0.02217852929610696,,9064490000.0,8449556000.0,53148535000.0,0.0,6.67490694185588e-05
2024,Bay Area,2549007LQQOUAPFNHY39,1,625000.0,1,625000.0,1,625000.0,562500.0,OPTIONWIDE FINANCIAL CORPORATION,,,1.0,0.9,625000.0,9064490000.0,8449556000.0,53148535000.0,6.895037668969793e-05,6.657154529776476e-05
2024,Bay Area,549300I0HE5X0T5OI648,4,4100000.0,1,795000.0,1,795000.0,556500.0,CALIFORNIA CREDIT UNION,,,0.19390243902439025,0.13573170731707318,795000.0,9064490000.0,8449556000.0,53148535000.0,8.770487914929577e-05,6.58614488145886e-05
2024,Bay Area,549300YN94MOAVYW0F52,24,8190000.0,1,405000.0,2,910000.0,556500.0,"GoodLeap, LLC",,,0.04945054945054945,0.06794871794871794,405000.0,9064490000.0,8449556000.0,53148535000.0,4.467984409492426e-05,6.58614488145886e-05
2024,Bay Area,549300U7UH8QCS8WQ406,3,2755000.0,1,545000.0,1,545000.0,545000.0,PURDUE,,,0.19782214156079855,0.19782214156079855,545000.0,9064490000.0,8449556000.0,53148535000.0,6.0124728473416594e-05,6.450043055516763e-05
2024,Bay Area,54930015645SYPOM7220,5,2285000.0,0,0.0,4,1810000.0,543000.0,"ISERVE RESIDENTIAL LENDING, LLC",,,0.0,0.23763676148796498,,9064490000.0,8449556000.0,53148535000.0,0.0,6.426373172744225e-05
2024,Bay Area,549300Q50XCC0473FG63,5,2045000.0,2,620000.0,2,620000.0,535000.0,QUORUM FEDERAL CREDIT UNION,,,0.30317848410757947,0.2616136919315403,310000.0,9064490000.0,8449556000.0,53148535000.0,6.839877367618035e-05,6.33169364165407e-05
2024,Bay Area,6PTKHDJ8HDUF78PFWH30,2,5760000.0,1,755000.0,1,755000.0,528500.0,The Northern Trust Company,,,0.1310763888888889,0.09175347222222222,755000.0,9064490000.0,8449556000.0,53148535000.0,8.329205504115511e-05,6.254766522643319e-05
2024,Bay Area,549300JRDGV1559XM376,4,2280000.0,0,0.0,3,1715000.0,514500.0,"CASTLE & COOKE MORTGAGE, LLC",,,0.0,0.2256578947368421,,9064490000.0,8449556000.0,53148535000.0,0.0,6.08907734323555e-05
2024,Bay Area,5493009CYWXD5RBPIX14,1,1655000.0,0,0.0,1,1655000.0,496500.0,CALTECH EMPLOYEES FEDERAL CREDIT UNION,,,0.0,0.3,,9064490000.0,8449556000.0,53148535000.0,0.0,5.876048398282703e-05
2024,Bay Area,549300YIOSILVWW8FH16,3,3305000.0,1,705000.0,1,705000.0,493499.99999999994,BRIDGELOCK CAPITAL,,,0.21331316187594554,0.14931921331316186,705000.0,9064490000.0,8449556000.0,53148535000.0,7.777602490597927e-05,5.840543574123894e-05
2024,Bay Area,549300ID4RCRD8BXYH30,1,485000.0,1,485000.0,1,485000.0,485000.0,"ResMac, Inc.",,,1.0,1.0,485000.0,9064490000.0,8449556000.0,53148535000.0,5.350549231120559e-05,5.739946572340606e-05
2024,Bay Area,549300NZWZUYUWEOA562,1,685000.0,1,685000.0,1,685000.0,479499.99999999994,549300NZWZUYUWEOA562,,,1.0,0.7,685000.0,9064490000.0,8449556000.0,53148535000.0,7.556961285190893e-05,5.674854394716124e-05
2024,Bay Area,5493006TY8FGNLX44X28,28,16110000.0,1,675000.0,1,675000.0,472499.99999999994,"AXIA FINANCIAL, LLC",,,0.04189944134078212,0.029329608938547483,675000.0,9064490000.0,8449556000.0,53148535000.0,7.446640682487377e-05,5.592009805012239e-05
2024,Bay Area,X05BVSK68TQ7YTOSNR22,6,1070000.0,3,615000.0,3,615000.0,471500.0,Discover Bank,,,0.5747663551401869,0.44065420560747665,205000.0,9064490000.0,8449556000.0,53148535000.0,6.784717066266277e-05,5.5801748636259704e-05
2024,Bay Area,549300R0SXC1JU7ZU290,13,6365000.0,1,465000.0,1,465000.0,465000.0,"FIRST COMMUNITY MORTGAGE, INC.",,,0.07305577376276512,0.07305577376276512,465000.0,9064490000.0,8449556000.0,53148535000.0,5.129908025713526e-05,5.50324774461522e-05
2024,Bay Area,549300TK6RZQSFXZHV09,10,7210000.0,1,465000.0,1,465000.0,465000.0,"MICHIGAN MUTUAL, INC.",,,0.06449375866851595,0.06449375866851595,465000.0,9064490000.0,8449556000.0,53148535000.0,5.129908025713526e-05,5.50324774461522e-05
2024,Bay Area,549300YPBBHUEKV1YC68,8,4490000.0,0,0.0,2,1540000.0,462000.0,"CITY FIRST MORTGAGE SERVICES, L.L.C.",,,0.0,0.10289532293986638,,9064490000.0,8449556000.0,53148535000.0,0.0,5.467742920456412e-05
2024,Bay Area,254900RM3T6WAVE6SA24,3,2825000.0,1,355000.0,2,1000000.0,442000.0,AML FUNDING LLC,,,0.1256637168141593,0.15646017699115045,355000.0,9064490000.0,8449556000.0,53148535000.0,3.916381395974842e-05,5.231044092731026e-05
2024,Bay Area,5493002Y5XYV7DV1ZV88,2,1120000.0,1,625000.0,1,625000.0,437500.0,"GOLD STAR MORTGAGE FINANCIAL GROUP, CORPORATION",,,0.5580357142857143,0.390625,625000.0,9064490000.0,8449556000.0,53148535000.0,6.895037668969793e-05,5.177786856492815e-05
2024,Bay Area,2WHM8VNJH63UN14OL754,4,4480000.0,0,0.0,1,1425000.0,427500.0,The Huntington National Bank,,,0.0,0.09542410714285714,,9064490000.0,8449556000.0,53148535000.0,0.0,5.059437442630121e-05
2024,Bay Area,549300UT4EN6IH579Q63,18,10110000.0,0,0.0,4,1920000.0,418000.0,"RIGHT START MORTGAGE, INC.",,,0.0,0.041345202769535114,,9064490000.0,8449556000.0,53148535000.0,0.0,4.9470054994605636e-05
2024,Bay Area,5493002DRIX59V47NM65,1,595000.0,1,595000.0,1,595000.0,416500.0,LOS ANGELES POLICE Federal Credit Union,,,1.0,0.7,595000.0,9064490000.0,8449556000.0,53148535000.0,6.564075860859244e-05,4.9292530873811594e-05
2024,Bay Area,549300FVD3YHE65PKH97,13,7155000.0,0,0.0,3,1375000.0,412500.0,"PANORAMA MORTGAGE GROUP, LLC",,,0.0,0.057651991614255764,,9064490000.0,8449556000.0,53148535000.0,0.0,4.881913321836082e-05
2024,Bay Area,2549004CU9LAM5CYA280,2,2470000.0,1,585000.0,1,585000.0,409500.0,KWIK MORTGAGE CORPORATION,,,0.23684210526315788,0.16578947368421051,585000.0,9064490000.0,8449556000.0,53148535000.0,6.453755258155726e-05,4.8464084976772745e-05
2024,Bay Area,549300J1354ZHZC8JP58,1,565000.0,1,565000.0,1,565000.0,395500.0,549300J1354ZHZC8JP58,,,1.0,0.7,565000.0,9064490000.0,8449556000.0,53148535000.0,6.233114052748693e-05,4.680719318269504e-05
2024,Bay Area,5493008CPTDVOS570626,8,1990000.0,2,560000.0,2,560000.0,392000.0,Third Federal Savings and Loan Association of Cleveland,,,0.2814070351758794,0.19698492462311556,280000.0,9064490000.0,8449556000.0,53148535000.0,6.177953751396935e-05,4.639297023417562e-05
2024,Bay Area,5493000EO85W8IS2FR22,3,2915000.0,0,0.0,2,2240000.0,387000.0,LOGIX FEDERAL CREDIT UNION,,,0.0,0.1327615780445969,,9064490000.0,8449556000.0,53148535000.0,0.0,4.580122316486216e-05
2024,Bay Area,254900VHUBSJJKOMBF27,42,23480000.0,1,295000.0,2,790000.0,355000.0,"GOLDEN EMPIRE MORTGAGE, INC.",,,0.01256388415672913,0.015119250425894378,295000.0,9064490000.0,8449556000.0,53148535000.0,3.254457779753742e-05,4.201404192125598e-05
2024,Bay Area,549300NW5S24O35U1962,1,485000.0,1,485000.0,1,485000.0,339500.0,NOBLE,,,1.0,0.7,485000.0,9064490000.0,8449556000.0,53148535000.0,5.350549231120559e-05,4.017962600638424e-05
2024,Bay Area,549300XR3B6372SESA46,21,8655000.0,0,0.0,1,1115000.0,334500.0,PACIFIC SERVICE CREDIT UNION,,,0.0,0.03864818024263431,,9064490000.0,8449556000.0,53148535000.0,0.0,3.9587878937070775e-05
2024,Bay Area,549300PUF6BDR1QRB167,16,5850000.0,0,0.0,3,1175000.0,331500.0,1ST NORTHERN CALIFORNIA,,,0.0,0.056666666666666664,,9064490000.0,8449556000.0,53148535000.0,0.0,3.92328306954827e-05
2024,Bay Area,549300ZZME37MXI1EF14,9,5015000.0,0,0.0,2,1090000.0,327000.0,"DAS Acquisition Company, LLC",,,0.0,0.06520438683948156,,9064490000.0,8449556000.0,53148535000.0,0.0,3.8700258333100576e-05
2024,Bay Area,549300RU0T31BIA8UR19,1,1055000.0,0,0.0,1,1055000.0,316500.0,549300RU0T31BIA8UR19,,,0.0,0.3,,9064490000.0,8449556000.0,53148535000.0,0.0,3.745758948754231e-05
2024,Bay Area,549300O1ESL3X18LPG95,1,1045000.0,0,0.0,1,1045000.0,313500.0,California Coast Credit Union,,,0.0,0.3,,9064490000.0,8449556000.0,53148535000.0,0.0,3.710254124595422e-05
2024,Bay Area,5493003BXKRGHQHRJV38,3,865000.0,1,405000.0,2,680000.0,311000.0,ITHINK FINANCIAL Credit Union,,,0.4682080924855491,0.35953757225433525,405000.0,9064490000.0,8449556000.0,53148535000.0,4.467984409492426e-05,3.6806667711297494e-05
2024,Bay Area,5493001K7B4W8IPMZ254,5,2715000.0,1,305000.0,1,305000.0,305000.0,FIRST STANDARD FINANCIAL CORP.,,,0.11233885819521179,0.11233885819521179,305000.0,9064490000.0,8449556000.0,53148535000.0,3.364778382457259e-05,3.609657122812134e-05
2024,Bay Area,549300CLB0CCSJV6S044,9,915000.0,5,385000.0,6,490000.0,301000.0,SAN FRANCISCO FIRE CREDIT UNION,,,0.4207650273224044,0.3289617486338798,77000.0,9064490000.0,8449556000.0,53148535000.0,4.2473432040853924e-05,3.562317357267057e-05
2024,Bay Area,549300SCFWZXMDMZPE93,1,985000.0,0,0.0,1,985000.0,295500.0,"RESIDENTIAL MORTGAGE, LLC",,,0.0,0.3,,9064490000.0,8449556000.0,53148535000.0,0.0,3.4972251796425754e-05
2024,Bay Area,2549004XJQQPBYQSMT39,11,9325000.0,1,305000.0,3,1035000.0,286500.0,Quontic Bank,,,0.032707774798927614,0.030723860589812333,305000.0,9064490000.0,8449556000.0,53148535000.0,3.364778382457259e-05,3.390710707166152e-05
2024,Bay Area,549300HIVO8XPBPNVG69,2,1260000.0,0,0.0,1,955000.0,286500.0,NOVA FINANCIAL & INVESTMENT CORPORATION,,,0.0,0.22738095238095238,,9064490000.0,8449556000.0,53148535000.0,0.0,3.390710707166152e-05
2024,Bay Area,549300ELXS6PBT8OEE44,1,935000.0,0,0.0,1,935000.0,280500.0,Air Academy Federal Credit Union,,,0.0,0.3,,9064490000.0,8449556000.0,53148535000.0,0.0,3.319701058848536e-05
2024,Bay Area,549300PL267CW8182203,12,6130000.0,1,205000.0,2,640000.0,274000.0,"LoanUnited.com, LLC",,,0.033442088091353996,0.04469820554649266,205000.0,9064490000.0,8449556000.0,53148535000.0,2.2615723554220922e-05,3.242773939837786e-05
2024,Bay Area,549300KDDWLC5I8K6C44,2,1150000.0,0,0.0,1,855000.0,256500.0,ORANGE COUNTY'S CREDIT UNION,,,0.0,0.22304347826086957,,9064490000.0,8449556000.0,53148535000.0,0.0,3.035662465578073e-05
2024,Bay Area,2549008G9SP4WM32NN96,6,3950000.0,0,0.0,2,1290000.0,254000.0,2549008G9SP4WM32NN96,,,0.0,0.06430379746835443,,9064490000.0,8449556000.0,53148535000.0,0.0,3.0060751121123998e-05
2024,Bay Area,549300XBOKNEE2CQJL92,4,2860000.0,0,0.0,1,835000.0,250500.0,"AUGUSTA FINANCIAL, INC.",,,0.0,0.0875874125874126,,9064490000.0,8449556000.0,53148535000.0,0.0,2.9646528172604574e-05
2024,Bay Area,5493005NIBYLNJC10826,11,6345000.0,1,355000.0,1,355000.0,248499.99999999997,"T. J. FINANCIAL, INC.",,,0.05594956658786446,0.039164696611505116,355000.0,9064490000.0,8449556000.0,53148535000.0,3.916381395974842e-05,2.9409829344879182e-05
2024,Bay Area,549300HVW3AI97UKTO72,1,815000.0,0,0.0,1,815000.0,244500.0,Wings Financial Credit Union,,,0.0,0.3,,9064490000.0,8449556000.0,53148535000.0,0.0,2.8936431689428415e-05
2024,Bay Area,5493003B2LEGQHDWRN55,1,235000.0,1,235000.0,1,235000.0,235000.0,Hanscom Federal Credit Union,,,1.0,1.0,235000.0,9064490000.0,8449556000.0,53148535000.0,2.5925341635326423e-05,2.781211225773283e-05
2024,Bay Area,5493001P38O8QXGI6503,6,2120000.0,1,335000.0,1,335000.0,234499.99999999997,SEA WEST COAST GUARD FEDERAL CREDIT UNION,,,0.1580188679245283,0.1106132075471698,335000.0,9064490000.0,8449556000.0,53148535000.0,3.695740190567809e-05,2.775293755080148e-05
2024,Bay Area,54930021DZJ9CEN11D61,5,2725000.0,0,0.0,1,765000.0,229500.0,"TJC Mortgage, Inc.",,,0.0,0.08422018348623853,,9064490000.0,8449556000.0,53148535000.0,0.0,2.716119048148802e-05
2024,Bay Area,549300BLL6VL7AXWYP56,7,3205000.0,0,0.0,1,765000.0,229500.0,CHURCHILL MORTGAGE CORPORATION,,,0.0,0.07160686427457098,,9064490000.0,8449556000.0,53148535000.0,0.0,2.716119048148802e-05
2024,Bay Area,549300ZBXINP1Y94CN02,7,5695000.0,0,0.0,1,765000.0,229500.0,"DIRECTORS MORTGAGE, INC.",,,0.0,0.04029850746268657,,9064490000.0,8449556000.0,53148535000.0,0.0,2.716119048148802e-05
2024,Bay Area,5493008SP1FN4D81IS17,5,5625000.0,0,0.0,1,745000.0,223500.0,Toyota Financial Savings Bank,,,0.0,0.039733333333333336,,9064490000.0,8449556000.0,53148535000.0,0.0,2.6451093998311865e-05
2024,Bay Area,254900HO9WPE4LTLQU96,4,2900000.0,0,0.0,1,705000.0,211500.0,Valley West Corporation,,,0.0,0.07293103448275862,,9064490000.0,8449556000.0,53148535000.0,0.0,2.503090103195955e-05
2024,Bay Area,5493002QI2ILHHZH8D20,225,151265000.0,0,0.0,1,705000.0,211500.0,"KBHS HOME LOANS, LLC",,,0.0,0.0013982084421379699,,9064490000.0,8449556000.0,53148535000.0,0.0,2.503090103195955e-05
2024,Bay Area,5493000IIYWBLONJVJ30,4,2380000.0,0,0.0,1,695000.0,208500.0,ROUNDPOINT MORTGAGE SERVICING LLC,,,0.0,0.08760504201680672,,9064490000.0,8449556000.0,53148535000.0,0.0,2.4675852790371472e-05
2024,Bay Area,549300R7HGHP2I754087,11,6645000.0,0,0.0,1,695000.0,208500.0,TOWNE MORTGAGE COMPANY,,,0.0,0.03137697516930023,,9064490000.0,8449556000.0,53148535000.0,0.0,2.4675852790371472e-05
2024,Bay Area,549300WYBPIWKK6SQC06,1,695000.0,0,0.0,1,695000.0,208500.0,Bell Bank,,,0.0,0.3,,9064490000.0,8449556000.0,53148535000.0,0.0,2.4675852790371472e-05
2024,Bay Area,549300RIPPSJXAQKZ383,1,685000.0,0,0.0,1,685000.0,205500.0,549300RIPPSJXAQKZ383,,,0.0,0.3,,9064490000.0,8449556000.0,53148535000.0,0.0,2.432080454878339e-05
2024,Bay Area,5493000YNV8IX4VD3X12,6,1650000.0,1,205000.0,1,205000.0,205000.0,"VANDERBILT MORTGAGE AND FINANCE, INC.",,,0.12424242424242424,0.12424242424242424,205000.0,9064490000.0,8449556000.0,53148535000.0,2.2615723554220922e-05,2.4261629841852044e-05
2024,Bay Area,549300PIL8LFAQ04XC20,1,275000.0,1,275000.0,1,275000.0,192500.0,"SPRING EQ, LLC",,,1.0,0.7,275000.0,9064490000.0,8449556000.0,53148535000.0,3.033816574346709e-05,2.2782262168568382e-05
2024,Bay Area,54930060G4MDPWHISD89,4,2220000.0,0,0.0,1,635000.0,190500.0,EVERGREEN MONEYSOURCE MORTGAGE COMPANY,,,0.0,0.08581081081081081,,9064490000.0,8449556000.0,53148535000.0,0.0,2.2545563340842997e-05
2024,Bay Area,549300OLJQ30ZT21BC55,2,1140000.0,0,0.0,1,635000.0,190500.0,BANC ONE MORTGAGE CORPORATION,,,0.0,0.16710526315789473,,9064490000.0,8449556000.0,53148535000.0,0.0,2.2545563340842997e-05
2024,Bay Area,549300BX448ALT10FI43,18,11650000.0,0,0.0,1,625000.0,187500.0,The Federal Savings Bank,,,0.0,0.016094420600858368,,9064490000.0,8449556000.0,53148535000.0,0.0,2.219051509925492e-05
2024,Bay Area,549300P55E0GN57DEV03,5,3015000.0,0,0.0,1,615000.0,184500.0,"GEO-CORP, INC.",,,0.0,0.06119402985074627,,9064490000.0,8449556000.0,53148535000.0,0.0,2.183546685766684e-05
2024,Bay Area,549300S8SHBRCI7UU819,7,6335000.0,0,0.0,1,615000.0,184500.0,Baxter Credit Union,,,0.0,0.029123914759273874,,9064490000.0,8449556000.0,53148535000.0,0.0,2.183546685766684e-05
2024,Bay Area,549300EFCZM6KD6B8K69,2,2680000.0,0,0.0,1,1825000.0,182500.0,MORTGAGE ACCESS CORP.,,,0.0,0.06809701492537314,,9064490000.0,8449556000.0,53148535000.0,0.0,2.1598768029941456e-05
2024,Bay Area,549300TTPRGSP8DGY569,1,605000.0,0,0.0,1,605000.0,181500.0,WRIGHT PATMAN CONGRESSIONAL FEDERAL CREDIT UNION,,,0.0,0.3,,9064490000.0,8449556000.0,53148535000.0,0.0,2.1480418616078763e-05
2024,Bay Area,5493005LE3FE2MIPPW66,10,6280000.0,0,0.0,1,595000.0,178500.0,"COAST 2 COAST FUNDING GROUP, INC.",,,0.0,0.028423566878980892,,9064490000.0,8449556000.0,53148535000.0,0.0,2.112537037449068e-05
2024,Bay Area,549300CK7U1WMTIG6687,1,595000.0,0,0.0,1,595000.0,178500.0,HIGHTECHLENDING INC,,,0.0,0.3,,9064490000.0,8449556000.0,53148535000.0,0.0,2.112537037449068e-05
2024,Bay Area,2549009RNMXHS9AICA61,3,2535000.0,0,0.0,1,1605000.0,160500.0,Kaiperm Federal Credit Union,,,0.0,0.06331360946745562,,9064490000.0,8449556000.0,53148535000.0,0.0,1.899508092496221e-05
2024,Bay Area,549300B2JJHSM77T5Y41,2,1240000.0,0,0.0,1,525000.0,157500.0,LIBERTY HOME MORTGAGE CORPORATION,,,0.0,0.12701612903225806,,9064490000.0,8449556000.0,53148535000.0,0.0,1.8640032683374132e-05
2024,Bay Area,549300NOCASXPA34X033,45,25805000.0,0,0.0,1,505000.0,151500.0,"LAKEVIEW LOAN SERVICING, LLC",,,0.0,0.0058709552412323195,,9064490000.0,8449556000.0,53148535000.0,0.0,1.7929936200197976e-05
2024,Bay Area,549300W1HU6IVVIEJ389,2,780000.0,0,0.0,1,485000.0,145500.0,"RANLIFE, INC.",,,0.0,0.18653846153846154,,9064490000.0,8449556000.0,53148535000.0,0.0,1.7219839717021817e-05
2024,Bay Area,549300ALNLUNS3Y53T24,4,1170000.0,1,185000.0,1,185000.0,129499.99999999999,AMERICAN FINANCING CORPORATION,,,0.1581196581196581,0.11068376068376067,185000.0,9064490000.0,8449556000.0,53148535000.0,2.0409311500150588e-05,1.532624909521873e-05
2024,Bay Area,5493002WVA17MT4UFH84,1,405000.0,0,0.0,1,405000.0,121500.0,5493002WVA17MT4UFH84,,,0.0,0.3,,9064490000.0,8449556000.0,53148535000.0,0.0,1.4379453784317188e-05
2024,Bay Area,54930049L5WINET09Q97,11,6085000.0,0,0.0,1,355000.0,106500.0,"Click n' Close, Inc.",,,0.0,0.01750205423171734,,9064490000.0,8449556000.0,53148535000.0,0.0,1.2604212576376794e-05
2024,Bay Area,549300ZS1TR1B4LHX377,6,4380000.0,0,0.0,1,825000.0,82500.0,Firefighters First Federal Credit Union,,,0.0,0.018835616438356163,,9064490000.0,8449556000.0,53148535000.0,0.0,9.763826643672165e-06
2024,Bay Area,549300GTVXJ2PGXNLM73,4,3780000.0,0,0.0,1,765000.0,76500.0,T2 FINANCIAL LLC,,,0.0,0.02023809523809524,,9064490000.0,8449556000.0,53148535000.0,0.0,9.053730160496008e-06
2024,Bay Area,549300TMY3OACQC9U777,13,13725000.0,0,0.0,1,255000.0,76500.0,"Greenbox Loans, Inc.",,,0.0,0.005573770491803279,,9064490000.0,8449556000.0,53148535000.0,0.0,9.053730160496008e-06
2024,Bay Area,549300PBTV7FCWLSMM53,4,2270000.0,0,0.0,1,245000.0,73500.0,"MORTGAGE SOLUTIONS OF COLORADO, LLC",,,0.0,0.03237885462555066,,9064490000.0,8449556000.0,53148535000.0,0.0,8.698681918907928e-06
2024,Bay Area,549300UG7QXKM7KGV847,10,1170000.0,1,95000.0,1,95000.0,66500.0,ROYAL UNITED MORTGAGE LLC,,,0.0811965811965812,0.05683760683760684,95000.0,9064490000.0,8449556000.0,53148535000.0,1.0480457256834086e-05,7.870236021869078e-06
2024,Bay Area,5493002B2WMHY23GFK92,14,4060000.0,0,0.0,1,205000.0,61500.0,"AMERICAN FINANCIAL RESOURCES, INC.",,,0.0,0.015147783251231527,,9064490000.0,8449556000.0,53148535000.0,0.0,7.278488952555613e-06
2024,Bay Area,549300F6S4S7QMOUVG59,1,205000.0,0,0.0,1,205000.0,61500.0,FIRST ENTERTAINMENT,,,0.0,0.3,,9064490000.0,8449556000.0,53148535000.0,0.0,7.278488952555613e-06
2024,Bay Area,549300A4ZI1DF2OO1B51,3,555000.0,1,55000.0,1,55000.0,55000.0,MERIWEST,,,0.0990990990990991,0.0990990990990991,55000.0,9064490000.0,8449556000.0,53148535000.0,6.067633148693418e-06,6.509217762448109e-06
2024,Bay Area,549300MD3D3OC2CSGX39,13,5095000.0,1,45000.0,1,45000.0,45000.0,SANTA CLARA COUNTY FEDERAL CREDIT UNION,,,0.008832188420019628,0.008832188420019628,45000.0,9064490000.0,8449556000.0,53148535000.0,4.964427121658251e-06,5.325723623821181e-06
2024,Bay Area,25490018IFQOT83Q7H49,1,605000.0,0,0.0,0,0.0,0.0,"GO MORTGAGE, LLC",,,0.0,0.0,,9064490000.0,8449556000.0,53148535000.0,0.0,0.0
2024,Bay Area,2549001EL4XFDHGNJO24,3,2855000.0,0,0.0,0,0.0,0.0,USC Credit Union,,,0.0,0.0,,9064490000.0,8449556000.0,53148535000.0,0.0,0.0
2024,Bay Area,2549004OC91L41W9XR37,3,3015000.0,0,0.0,0,0.0,0.0,EDUCATIONAL EMPLOYEES CREDIT UNION,,,0.0,0.0,,9064490000.0,8449556000.0,53148535000.0,0.0,0.0
2024,Bay Area,2549005DO6VPVH5MOS59,1,795000.0,0,0.0,0,0.0,0.0,CREDIT UNION OF SOUTHERN CALIFORNIA,,,0.0,0.0,,9064490000.0,8449556000.0,53148535000.0,0.0,0.0
2024,Bay Area,2549006VWQC6XCFQO747,7,2305000.0,0,0.0,0,0.0,0.0,2549006VWQC6XCFQO747,,,0.0,0.0,,9064490000.0,8449556000.0,53148535000.0,0.0,0.0
2024,Bay Area,2549007AU24FVDMNUB40,3,2365000.0,0,0.0,0,0.0,0.0,Connexus Credit Union,,,0.0,0.0,,9064490000.0,8449556000.0,53148535000.0,0.0,0.0
2024,Bay Area,2549007E9BI08H1N1T92,1,505000.0,0,0.0,0,0.0,0.0,AAFMAA Mortgage Services LLC,,,0.0,0.0,,9064490000.0,8449556000.0,53148535000.0,0.0,0.0
2024,Bay Area,2549007IU6SKFLLNKZ07,2,1230000.0,0,0.0,0,0.0,0.0,2549007IU6SKFLLNKZ07,,,0.0,0.0,,9064490000.0,8449556000.0,53148535000.0,0.0,0.0
2024,Bay Area,2549007ZL90U2M5ZNA78,3,2125000.0,0,0.0,0,0.0,0.0,United Fidelity Funding Corp.,,,0.0,0.0,,9064490000.0,8449556000.0,53148535000.0,0.0,0.0
2024,Bay Area,2549008LUH7QKMXQ8N53,2,1220000.0,0,0.0,0,0.0,0.0,2549008LUH7QKMXQ8N53,,,0.0,0.0,,9064490000.0,8449556000.0,53148535000.0,0.0,0.0
2024,Bay Area,2549008TT6UNYR7AXF54,5,2885000.0,0,0.0,0,0.0,0.0,"Sunflower Bank, National Association",,,0.0,0.0,,9064490000.0,8449556000.0,53148535000.0,0.0,0.0
2024,Bay Area,254900BBEPZS8MDE1S61,2,1540000.0,0,0.0,0,0.0,0.0,F&A Federal Credit Union,,,0.0,0.0,,9064490000.0,8449556000.0,53148535000.0,0.0,0.0
2024,Bay Area,254900F9ZTVTX763V835,1,675000.0,0,0.0,0,0.0,0.0,"Advisors Mortgage Group, L.L.C.",,,0.0,0.0,,9064490000.0,8449556000.0,53148535000.0,0.0,0.0
2024,Bay Area,254900HIDMT4ZG09RP47,1,705000.0,0,0.0,0,0.0,0.0,CREDENCE FUNDING CORPORATION,,,0.0,0.0,,9064490000.0,8449556000.0,53148535000.0,0.0,0.0
2024,Bay Area,254900JH11ROOV921P96,2,1120000.0,0,0.0,0,0.0,0.0,ML Mortgage Corp.,,,0.0,0.0,,9064490000.0,8449556000.0,53148535000.0,0.0,0.0
2024,Bay Area,254900KI7219LQKCI772,2,2290000.0,0,0.0,0,0.0,0.0,First Western Trust Bank,,,0.0,0.0,,9064490000.0,8449556000.0,53148535000.0,0.0,0.0
2024,Bay Area,254900MHHOS58M9D0445,9,4085000.0,0,0.0,0,0.0,0.0,Operating Engineers Local Union #3,,,0.0,0.0,,9064490000.0,8449556000.0,53148535000.0,0.0,0.0
2024,Bay Area,254900P6Q7UI8DAKYX49,1,1075000.0,0,0.0,0,0.0,0.0,GuardHill Financial Corp.,,,0.0,0.0,,9064490000.0,8449556000.0,53148535000.0,0.0,0.0
2024,Bay Area,254900P7WLDQD9IUL038,8,9850000.0,0,0.0,0,0.0,0.0,Service Federal Credit Union,,,0.0,0.0,,9064490000.0,8449556000.0,53148535000.0,0.0,0.0
2024,Bay Area,254900R9A6TW85BTVS20,14,8400000.0,0,0.0,0,0.0,0.0,Shea Mortgage Inc.,,,0.0,0.0,,9064490000.0,8449556000.0,53148535000.0,0.0,0.0
2024,Bay Area,254900WEP08K7U7S3A80,3,1285000.0,0,0.0,0,0.0,0.0,Nations Lending Corporation,,,0.0,0.0,,9064490000.0,8449556000.0,53148535000.0,0.0,0.0
2024,Bay Area,254900YVV9JOGMYFZO90,1,405000.0,0,0.0,0,0.0,0.0,254900YVV9JOGMYFZO90,,,0.0,0.0,,9064490000.0,8449556000.0,53148535000.0,0.0,0.0
2024,Bay Area,5493000JFVFQFL816N45,1,945000.0,0,0.0,0,0.0,0.0,ENCORE BANK,,,0.0,0.0,,9064490000.0,8449556000.0,53148535000.0,0.0,0.0
2024,Bay Area,5493000XC2Y1SLXRQP11,4,2140000.0,0,0.0,0,0.0,0.0,"INFINITY EQUITY GROUP, INC.",,,0.0,0.0,,9064490000.0,8449556000.0,53148535000.0,0.0,0.0
2024,Bay Area,5493001141Z7CINOSB62,1,765000.0,0,0.0,0,0.0,0.0,5493001141Z7CINOSB62,,,0.0,0.0,,9064490000.0,8449556000.0,53148535000.0,0.0,0.0
2024,Bay Area,5493001HHBUTXHS7TZ96,120,81020000.0,0,0.0,0,0.0,0.0,HOMEAMERICAN MORTGAGE CORPORATION,,,0.0,0.0,,9064490000.0,8449556000.0,53148535000.0,0.0,0.0
2024,Bay Area,5493001JT9MT3Z3Y3M39,2,1560000.0,0,0.0,0,0.0,0.0,"RBC Bank, (Georgia) National Association",,,0.0,0.0,,9064490000.0,8449556000.0,53148535000.0,0.0,0.0
2024,Bay Area,5493001SXWZ4OFP8Z903,237,156515000.0,0,0.0,0,0.0,0.0,"DHI MORTGAGE COMPANY, LTD.",,,0.0,0.0,,9064490000.0,8449556000.0,53148535000.0,0.0,0.0
2024,Bay Area,5493001YIUWLFRXQUO81,1,1005000.0,0,0.0,0,0.0,0.0,Summit Mortgage Corporation,,,0.0,0.0,,9064490000.0,8449556000.0,53148535000.0,0.0,0.0
2024,Bay Area,54930022CQGV47Q8PM03,1,565000.0,0,0.0,0,0.0,0.0,"SERVIS ONE, INC.",,,0.0,0.0,,9064490000.0,8449556000.0,53148535000.0,0.0,0.0
2024,Bay Area,5493002G4JO4BZ22MC13,1,995000.0,0,0.0,0,0.0,0.0,"IVY MORTGAGE, INC.",,,0.0,0.0,,9064490000.0,8449556000.0,53148535000.0,0.0,0.0
2024,Bay Area,5493002GI63WHHUTUD85,2,1170000.0,0,0.0,0,0.0,0.0,"KEYSTONE FUNDING, INC.",,,0.0,0.0,,9064490000.0,8449556000.0,53148535000.0,0.0,0.0
2024,Bay Area,5493002LW7G8E8SHWC88,1,275000.0,0,0.0,0,0.0,0.0,SESLOC,,,0.0,0.0,,9064490000.0,8449556000.0,53148535000.0,0.0,0.0
2024,Bay Area,54930030Z1JWTP3SVD16,9,4375000.0,0,0.0,0,0.0,0.0,"TOP FLITE FINANCIAL, INC.",,,0.0,0.0,,9064490000.0,8449556000.0,53148535000.0,0.0,0.0
2024,Bay Area,54930039IUN6515TBG78,1,505000.0,0,0.0,0,0.0,0.0,US MORTGAGE CORPORATION,,,0.0,0.0,,9064490000.0,8449556000.0,53148535000.0,0.0,0.0
2024,Bay Area,5493003T5D4N1CM46J77,1,1445000.0,0,0.0,0,0.0,0.0,1st Security Bank of Washington,FSBW,FS Bancorp,0.0,0.0,,9064490000.0,8449556000.0,53148535000.0,0.0,0.0
2024,Bay Area,54930044OSTKOJMHF287,1,625000.0,0,0.0,0,0.0,0.0,54930044OSTKOJMHF287,,,0.0,0.0,,9064490000.0,8449556000.0,53148535000.0,0.0,0.0
2024,Bay Area,5493004N9PMBSLEZOF16,40,16760000.0,0,0.0,0,0.0,0.0,"K. HOVNANIAN AMERICAN MORTGAGE, L.L.C.",,,0.0,0.0,,9064490000.0,8449556000.0,53148535000.0,0.0,0.0
2024,Bay Area,5493004UNRG4PWDF2K60,1,665000.0,0,0.0,0,0.0,0.0,AFFINITY,,,0.0,0.0,,9064490000.0,8449556000.0,53148535000.0,0.0,0.0
2024,Bay Area,54930059GZZ7G4G40O53,1,675000.0,0,0.0,0,0.0,0.0,Primis Mortgage Company,,,0.0,0.0,,9064490000.0,8449556000.0,53148535000.0,0.0,0.0
2024,Bay Area,54930065B0NVUO52TY13,1,765000.0,0,0.0,0,0.0,0.0,AmRes Corporation,,,0.0,0.0,,9064490000.0,8449556000.0,53148535000.0,0.0,0.0
2024,Bay Area,5493006JISETNI0GLE61,2,2510000.0,0,0.0,0,0.0,0.0,5493006JISETNI0GLE61,,,0.0,0.0,,9064490000.0,8449556000.0,53148535000.0,0.0,0.0
2024,Bay Area,5493006LCVYJR3AYGA52,1,555000.0,0,0.0,0,0.0,0.0,5493006LCVYJR3AYGA52,,,0.0,0.0,,9064490000.0,8449556000.0,53148535000.0,0.0,0.0
2024,Bay Area,5493006MA7WP1WL8U431,1,945000.0,0,0.0,0,0.0,0.0,VALLEY STRONG CREDIT UNION,,,0.0,0.0,,9064490000.0,8449556000.0,53148535000.0,0.0,0.0
2024,Bay Area,549300767F7CDUJR8Q67,41,5995000.0,0,0.0,0,0.0,0.0,COMMUNITY FIRST CREDIT UNION,,,0.0,0.0,,9064490000.0,8449556000.0,53148535000.0,0.0,0.0
2024,Bay Area,5493007ABXGXVK31KE79,1,365000.0,0,0.0,0,0.0,0.0,PRIMUS LENDING CORP.,,,0.0,0.0,,9064490000.0,8449556000.0,53148535000.0,0.0,0.0
2024,Bay Area,5493007CLWQN2S6IZK91,5,4195000.0,0,0.0,0,0.0,0.0,"Armed Forces Bank, National Association",,,0.0,0.0,,9064490000.0,8449556000.0,53148535000.0,0.0,0.0
2024,Bay Area,5493007L4GYNO2PUBS09,5,2815000.0,0,0.0,0,0.0,0.0,"MEMBER FIRST MORTGAGE, LLC",,,0.0,0.0,,9064490000.0,8449556000.0,53148535000.0,0.0,0.0
2024,Bay Area,5493007VW2EU20PZYU97,48,29230000.0,0,0.0,0,0.0,0.0,INSPIRE HOME LOANS INC.,,,0.0,0.0,,9064490000.0,8449556000.0,53148535000.0,0.0,0.0
2024,Bay Area,5493008E4KBJCB6UKR64,2,1510000.0,0,0.0,0,0.0,0.0,"DATA MORTGAGE, INC.",,,0.0,0.0,,9064490000.0,8449556000.0,53148535000.0,0.0,0.0
2024,Bay Area,5493008JECR4UE0WVR04,2,900000.0,0,0.0,0,0.0,0.0,"MORTGAGE EXPRESS, LLC",,,0.0,0.0,,9064490000.0,8449556000.0,53148535000.0,0.0,0.0
2024,Bay Area,5493008JUW0FLRMO0W64,1,625000.0,0,0.0,0,0.0,0.0,M SQUARED FINANCIAL LLC,,,0.0,0.0,,9064490000.0,8449556000.0,53148535000.0,0.0,0.0
2024,Bay Area,54930091CYUK2SDZ6D37,9,5025000.0,0,0.0,0,0.0,0.0,"PFN Lending Group, Inc.",,,0.0,0.0,,9064490000.0,8449556000.0,53148535000.0,0.0,0.0
2024,Bay Area,54930098QK48NVYBZC62,4,2520000.0,0,0.0,0,0.0,0.0,EZ FUNDINGS INC.,,,0.0,0.0,,9064490000.0,8449556000.0,53148535000.0,0.0,0.0
2024,Bay Area,5493009D2COWW65B8673,1,1255000.0,0,0.0,0,0.0,0.0,NORTHROP GRUMMAN Federal Credit Union,,,0.0,0.0,,9064490000.0,8449556000.0,53148535000.0,0.0,0.0
2024,Bay Area,5493009HUMWCHFRDKF12,4,2060000.0,0,0.0,0,0.0,0.0,SAMMAMISH MORTGAGE COMPANY,,,0.0,0.0,,9064490000.0,8449556000.0,53148535000.0,0.0,0.0
2024,Bay Area,5493009QYNVEZ9VDJU57,8,4450000.0,0,0.0,0,0.0,0.0,5493009QYNVEZ9VDJU57,,,0.0,0.0,,9064490000.0,8449556000.0,53148535000.0,0.0,0.0
2024,Bay Area,549300AOB4S7B0DB7863,1,765000.0,0,0.0,0,0.0,0.0,JUSTICE Federal Credit Union,,,0.0,0.0,,9064490000.0,8449556000.0,53148535000.0,0.0,0.0
2024,Bay Area,549300AT7EB9FJAF0E61,1,245000.0,0,0.0,0,0.0,0.0,Old National Bank,,,0.0,0.0,,9064490000.0,8449556000.0,53148535000.0,0.0,0.0
2024,Bay Area,549300B0HNWBV7RX2661,4,3000000.0,0,0.0,0,0.0,0.0,Financial Partners Credit Union,,,0.0,0.0,,9064490000.0,8449556000.0,53148535000.0,0.0,0.0
2024,Bay Area,549300B4JDSKWJR1NR35,1,525000.0,0,0.0,0,0.0,0.0,HOME FUNDING CORPORATION,,,0.0,0.0,,9064490000.0,8449556000.0,53148535000.0,0.0,0.0
2024,Bay Area,549300BBKMRS6J0CB539,4,2880000.0,0,0.0,0,0.0,0.0,AMERICAN PORTFOLIO MORTGAGE CORPORATION,,,0.0,0.0,,9064490000.0,8449556000.0,53148535000.0,0.0,0.0
2024,Bay Area,549300BXWU32AYWT1A56,15,11495000.0,0,0.0,0,0.0,0.0,UIF CORPORATION,,,0.0,0.0,,9064490000.0,8449556000.0,53148535000.0,0.0,0.0
2024,Bay Area,549300C1ICNCM0V37Y02,1,655000.0,0,0.0,0,0.0,0.0,"First State Bank of St. Charles, Missouri",,,0.0,0.0,,9064490000.0,8449556000.0,53148535000.0,0.0,0.0
2024,Bay Area,549300C4J510S9L1RF98,2,710000.0,0,0.0,0,0.0,0.0,549300C4J510S9L1RF98,,,0.0,0.0,,9064490000.0,8449556000.0,53148535000.0,0.0,0.0
2024,Bay Area,549300CDOC4F7XSRG390,1,185000.0,0,0.0,0,0.0,0.0,Pinnacle Bank,,,0.0,0.0,,9064490000.0,8449556000.0,53148535000.0,0.0,0.0
2024,Bay Area,549300CLRXFVF83ZL806,6,2930000.0,0,0.0,0,0.0,0.0,"NATIONWIDE MORTGAGE BANKERS, INC.",,,0.0,0.0,,9064490000.0,8449556000.0,53148535000.0,0.0,0.0
2024,Bay Area,549300CR5XDK0TP7I727,6,4100000.0,0,0.0,0,0.0,0.0,"OPEN MORTGAGE, LLC",,,0.0,0.0,,9064490000.0,8449556000.0,53148535000.0,0.0,0.0
2024,Bay Area,549300CY7WNAHKHYSJ73,5,2965000.0,0,0.0,0,0.0,0.0,"CORNERSTONE CAPITAL BANK, SSB",,,0.0,0.0,,9064490000.0,8449556000.0,53148535000.0,0.0,0.0
2024,Bay Area,549300DKYWYDD1KM2515,4,2160000.0,0,0.0,0,0.0,0.0,SI Mortgage Company,,,0.0,0.0,,9064490000.0,8449556000.0,53148535000.0,0.0,0.0
2024,Bay Area,549300DMHEHNYZ2OLB41,1,725000.0,0,0.0,0,0.0,0.0,First United Bank and Trust Company,,,0.0,0.0,,9064490000.0,8449556000.0,53148535000.0,0.0,0.0
2024,Bay Area,549300DRA4BDXW23LD45,2,1160000.0,0,0.0,0,0.0,0.0,"Servion, Inc.",,,0.0,0.0,,9064490000.0,8449556000.0,53148535000.0,0.0,0.0
2024,Bay Area,549300E51HYVR7T2SU19,2,310000.0,0,0.0,0,0.0,0.0,SAN DIEGO COUNTY CREDIT UNION,,,0.0,0.0,,9064490000.0,8449556000.0,53148535000.0,0.0,0.0
2024,Bay Area,549300EBW60Q23TUJN89,1,885000.0,0,0.0,0,0.0,0.0,KD CAPITAL MORTGAGE CORPORATION,,,0.0,0.0,,9064490000.0,8449556000.0,53148535000.0,0.0,0.0
2024,Bay Area,549300EHWBP6UP4Y8J37,2,3460000.0,0,0.0,0,0.0,0.0,"PLUS RELOCATION MORTGAGE, LLC",,,0.0,0.0,,9064490000.0,8449556000.0,53148535000.0,0.0,0.0
2024,Bay Area,549300ELLMUEKP1JHB70,9,6565000.0,0,0.0,0,0.0,0.0,INSTAMORTGAGE INC.,,,0.0,0.0,,9064490000.0,8449556000.0,53148535000.0,0.0,0.0
2024,Bay Area,549300EMNDEK4BA8WB53,3,1135000.0,0,0.0,0,0.0,0.0,EMM LOANS LLC,,,0.0,0.0,,9064490000.0,8449556000.0,53148535000.0,0.0,0.0
2024,Bay Area,549300F8C5JA44WNMI75,5,2325000.0,0,0.0,0,0.0,0.0,AMERICAN NEIGHBORHOOD MORTGAGE ACCEPTANCE COMPANY LLC,,,0.0,0.0,,9064490000.0,8449556000.0,53148535000.0,0.0,0.0
2024,Bay Area,549300FHWDJMELT59Z22,1,425000.0,0,0.0,0,0.0,0.0,549300FHWDJMELT59Z22,,,0.0,0.0,,9064490000.0,8449556000.0,53148535000.0,0.0,0.0
2024,Bay Area,549300FWYXJ79KO49290,1,585000.0,0,0.0,0,0.0,0.0,UNIFY FINANCIAL Credit Union,,,0.0,0.0,,9064490000.0,8449556000.0,53148535000.0,0.0,0.0
2024,Bay Area,549300G4JDIJPBEO8J84,3,2305000.0,0,0.0,0,0.0,0.0,GENHOME MORTGAGE CORPORATION,,,0.0,0.0,,9064490000.0,8449556000.0,53148535000.0,0.0,0.0
2024,Bay Area,549300G5DVGM0ZHRQC33,2,1050000.0,0,0.0,0,0.0,0.0,CLEARPATH LENDING,,,0.0,0.0,,9064490000.0,8449556000.0,53148535000.0,0.0,0.0
2024,Bay Area,549300G5ZQEXZC4Y5G44,1,765000.0,0,0.0,0,0.0,0.0,UNIVERSITY CREDIT UNION,,,0.0,0.0,,9064490000.0,8449556000.0,53148535000.0,0.0,0.0
2024,Bay Area,549300GE8KIGZVQV1223,2,1500000.0,0,0.0,0,0.0,0.0,MORTGAGE EQUITY PARTNERS LLC,,,0.0,0.0,,9064490000.0,8449556000.0,53148535000.0,0.0,0.0
2024,Bay Area,549300GRGZDEH4ZGQS06,3,1665000.0,0,0.0,0,0.0,0.0,Waterstone Mortgage Corporation,,,0.0,0.0,,9064490000.0,8449556000.0,53148535000.0,0.0,0.0
2024,Bay Area,549300H12E7AUMUHP294,1,135000.0,0,0.0,0,0.0,0.0,"FIRST ALLIANCE HOME MORTGAGE, LLC",,,0.0,0.0,,9064490000.0,8449556000.0,53148535000.0,0.0,0.0
2024,Bay Area,549300HH0V8LECLNPQ26,1,205000.0,0,0.0,0,0.0,0.0,ROGUE CREDIT UNION,,,0.0,0.0,,9064490000.0,8449556000.0,53148535000.0,0.0,0.0
2024,Bay Area,549300HN58ONH5KNJJ12,1,215000.0,0,0.0,0,0.0,0.0,549300HN58ONH5KNJJ12,,,0.0,0.0,,9064490000.0,8449556000.0,53148535000.0,0.0,0.0
2024,Bay Area,549300IFOE4SCP384147,10,5540000.0,0,0.0,0,0.0,0.0,University Bank,,,0.0,0.0,,9064490000.0,8449556000.0,53148535000.0,0.0,0.0
2024,Bay Area,549300IRXW9RSZM2B951,6,3870000.0,0,0.0,0,0.0,0.0,Evolve Bank & Trust,,,0.0,0.0,,9064490000.0,8449556000.0,53148535000.0,0.0,0.0
2024,Bay Area,549300IS603VHWV5ZJ45,1,505000.0,0,0.0,0,0.0,0.0,549300IS603VHWV5ZJ45,,,0.0,0.0,,9064490000.0,8449556000.0,53148535000.0,0.0,0.0
2024,Bay Area,549300JKR164SLNO6Y85,2,1570000.0,0,0.0,0,0.0,0.0,"NATIONS RELIABLE LENDING, LLC",,,0.0,0.0,,9064490000.0,8449556000.0,53148535000.0,0.0,0.0
2024,Bay Area,549300JPGMCMBEJEK584,19,20725000.0,0,0.0,0,0.0,0.0,DIGITAL,,,0.0,0.0,,9064490000.0,8449556000.0,53148535000.0,0.0,0.0
2024,Bay Area,549300K6K2IS7FRS7S09,4,3700000.0,0,0.0,0,0.0,0.0,"North American Savings Bank, F.S.B.",,,0.0,0.0,,9064490000.0,8449556000.0,53148535000.0,0.0,0.0
2024,Bay Area,549300KHXD7JSQUZIJ22,1,665000.0,0,0.0,0,0.0,0.0,"HIGHLANDS RESIDENTIAL MORTGAGE, LTD.",,,0.0,0.0,,9064490000.0,8449556000.0,53148535000.0,0.0,0.0
2024,Bay Area,549300KOAKQX3BEWWT56,1,565000.0,0,0.0,0,0.0,0.0,549300KOAKQX3BEWWT56,,,0.0,0.0,,9064490000.0,8449556000.0,53148535000.0,0.0,0.0
2024,Bay Area,549300KW3HYVC06WS898,13,7695000.0,0,0.0,0,0.0,0.0,Paramount Bank,,,0.0,0.0,,9064490000.0,8449556000.0,53148535000.0,0.0,0.0
2024,Bay Area,549300KZC4KKV3F7W494,9,6625000.0,0,0.0,0,0.0,0.0,BAY,,,0.0,0.0,,9064490000.0,8449556000.0,53148535000.0,0.0,0.0
2024,Bay Area,549300L9MOPDT0NKE883,2,2330000.0,0,0.0,0,0.0,0.0,"Fidelity Bank, National Association",,,0.0,0.0,,9064490000.0,8449556000.0,53148535000.0,0.0,0.0
2024,Bay Area,549300LHJR6FIWIU8E25,1,845000.0,0,0.0,0,0.0,0.0,FIRST NATIONS HOME FINANCE CORPORATION,,,0.0,0.0,,9064490000.0,8449556000.0,53148535000.0,0.0,0.0
2024,Bay Area,549300LLQD0X2OTG0Y27,1,775000.0,0,0.0,0,0.0,0.0,"Home Loan Investment Bank, F.S.B.",,,0.0,0.0,,9064490000.0,8449556000.0,53148535000.0,0.0,0.0
2024,Bay Area,549300LMP5T3UBHAEI68,1,485000.0,0,0.0,0,0.0,0.0,VICTORIA FINANCIAL CORP.,,,0.0,0.0,,9064490000.0,8449556000.0,53148535000.0,0.0,0.0
2024,Bay Area,549300MUXFVZKH4XLG17,20,12350000.0,0,0.0,0,0.0,0.0,"RESIDENTIAL WHOLESALE MORTGAGE, INC.",,,0.0,0.0,,9064490000.0,8449556000.0,53148535000.0,0.0,0.0
2024,Bay Area,549300N3JBQ15RQ7AV97,3,2365000.0,0,0.0,0,0.0,0.0,"MORIA DEVELOPMENT, INC.",,,0.0,0.0,,9064490000.0,8449556000.0,53148535000.0,0.0,0.0
2024,Bay Area,549300OSY236S7MBKO83,3,375000.0,0,0.0,0,0.0,0.0,"CIS Financial Services, Inc.",,,0.0,0.0,,9064490000.0,8449556000.0,53148535000.0,0.0,0.0
2024,Bay Area,549300OYEKEORA1GI088,2,1630000.0,0,0.0,0,0.0,0.0,"GoPrime Mortgage, Inc.",,,0.0,0.0,,9064490000.0,8449556000.0,53148535000.0,0.0,0.0
2024,Bay Area,549300OZ550X4QD5PC74,1,1265000.0,0,0.0,0,0.0,0.0,549300OZ550X4QD5PC74,,,0.0,0.0,,9064490000.0,8449556000.0,53148535000.0,0.0,0.0
2024,Bay Area,549300P1347BFCBHJV60,1,655000.0,0,0.0,0,0.0,0.0,MASS. INSTITUTE OF TECH. FEDERAL CREDIT UNION,,,0.0,0.0,,9064490000.0,8449556000.0,53148535000.0,0.0,0.0
2024,Bay Area,549300P2GEYNMH5OQA71,1,1065000.0,0,0.0,0,0.0,0.0,Washington Trust Bank,,,0.0,0.0,,9064490000.0,8449556000.0,53148535000.0,0.0,0.0
2024,Bay Area,549300PC4MFWQBNVKG88,2,1130000.0,0,0.0,0,0.0,0.0,"V.I.P. MORTGAGE, INC.",,,0.0,0.0,,9064490000.0,8449556000.0,53148535000.0,0.0,0.0
2024,Bay Area,549300PK4T5VBRY4TE47,1,3005000.0,0,0.0,0,0.0,0.0,"CALLISTO GROUP, INC.",,,0.0,0.0,,9064490000.0,8449556000.0,53148535000.0,0.0,0.0
2024,Bay Area,549300PQLK8E48ILXV41,5,2235000.0,0,0.0,0,0.0,0.0,549300PQLK8E48ILXV41,,,0.0,0.0,,9064490000.0,8449556000.0,53148535000.0,0.0,0.0
2024,Bay Area,549300Q6YL1SFVPEGV90,13,7325000.0,0,0.0,0,0.0,0.0,"INTELLILOAN, INC.",,,0.0,0.0,,9064490000.0,8449556000.0,53148535000.0,0.0,0.0
2024,Bay Area,549300QD23LICPXTPB55,2,1160000.0,0,0.0,0,0.0,0.0,"DIGNIFIED HOME LOANS, LLC",,,0.0,0.0,,9064490000.0,8449556000.0,53148535000.0,0.0,0.0
2024,Bay Area,549300QIUZLVR1OLDH55,2,2540000.0,0,0.0,0,0.0,0.0,Genisys Credit Union,,,0.0,0.0,,9064490000.0,8449556000.0,53148535000.0,0.0,0.0
2024,Bay Area,549300R0QZYJMOBCNI97,2,1560000.0,0,0.0,0,0.0,0.0,ST FIN CORP,,,0.0,0.0,,9064490000.0,8449556000.0,53148535000.0,0.0,0.0
2024,Bay Area,549300REENMLD2RN3W58,7,4685000.0,0,0.0,0,0.0,0.0,"Magnolia Bank, Incorporated",,,0.0,0.0,,9064490000.0,8449556000.0,53148535000.0,0.0,0.0
2024,Bay Area,549300REPZK0JXAZ6D94,1,405000.0,0,0.0,0,0.0,0.0,"FISHER FINANCIAL GROUP, INCORPORATED",,,0.0,0.0,,9064490000.0,8449556000.0,53148535000.0,0.0,0.0
2024,Bay Area,549300RM1IZYGQDSNL85,1,505000.0,0,0.0,0,0.0,0.0,"Texana Bank, National Association",,,0.0,0.0,,9064490000.0,8449556000.0,53148535000.0,0.0,0.0
2024,Bay Area,549300SQH6MBVMMRRA85,1,205000.0,0,0.0,0,0.0,0.0,INOVA,,,0.0,0.0,,9064490000.0,8449556000.0,53148535000.0,0.0,0.0
2024,Bay Area,549300SQRR7T3EUSDD87,1,235000.0,0,0.0,0,0.0,0.0,"Orchard Mortgage, LLC",,,0.0,0.0,,9064490000.0,8449556000.0,53148535000.0,0.0,0.0
2024,Bay Area,549300SUCQ1358EGVE89,9,3965000.0,0,0.0,0,0.0,0.0,"NEW DAY FINANCIAL, LLC",,,0.0,0.0,,9064490000.0,8449556000.0,53148535000.0,0.0,0.0
2024,Bay Area,549300SWHFQY2F7RN335,2,1060000.0,0,0.0,0,0.0,0.0,"COMMUNITY MORTGAGE FUNDING, LLC",,,0.0,0.0,,9064490000.0,8449556000.0,53148535000.0,0.0,0.0
2024,Bay Area,549300T3F9S1MKFKHC53,2,1400000.0,0,0.0,0,0.0,0.0,HOMESTEAD FUNDING CORP.,,,0.0,0.0,,9064490000.0,8449556000.0,53148535000.0,0.0,0.0
2024,Bay Area,549300T7HRS5DVBUPQ06,2,1470000.0,0,0.0,0,0.0,0.0,549300T7HRS5DVBUPQ06,,,0.0,0.0,,9064490000.0,8449556000.0,53148535000.0,0.0,0.0
2024,Bay Area,549300T9P3WXNMXX0I34,2,1400000.0,0,0.0,0,0.0,0.0,Ixonia Bank,,,0.0,0.0,,9064490000.0,8449556000.0,53148535000.0,0.0,0.0
2024,Bay Area,549300TG5MQ8D4SYP955,2,2100000.0,0,0.0,0,0.0,0.0,The Tax Lady,,,0.0,0.0,,9064490000.0,8449556000.0,53148535000.0,0.0,0.0
2024,Bay Area,549300UF3FPC7U6RFC59,2,1380000.0,0,0.0,0,0.0,0.0,The Central Trust Bank,,,0.0,0.0,,9064490000.0,8449556000.0,53148535000.0,0.0,0.0
2024,Bay Area,549300ULXKJUJDK2RQ54,1,545000.0,0,0.0,0,0.0,0.0,MONARCH FUNDING CORP.,,,0.0,0.0,,9064490000.0,8449556000.0,53148535000.0,0.0,0.0
2024,Bay Area,549300UPB8ITF7B1GI03,2,1160000.0,0,0.0,0,0.0,0.0,CATALYST MORTGAGE,,,0.0,0.0,,9064490000.0,8449556000.0,53148535000.0,0.0,0.0
2024,Bay Area,549300UV5JQXLGVWIP44,3,1735000.0,0,0.0,0,0.0,0.0,Devon Bank,,,0.0,0.0,,9064490000.0,8449556000.0,53148535000.0,0.0,0.0
2024,Bay Area,549300V3N91EH05UWL23,1,205000.0,0,0.0,0,0.0,0.0,SKYONE Federal Credit Union,,,0.0,0.0,,9064490000.0,8449556000.0,53148535000.0,0.0,0.0
2024,Bay Area,549300V8CF81JGIV7038,1,445000.0,0,0.0,0,0.0,0.0,549300V8CF81JGIV7038,,,0.0,0.0,,9064490000.0,8449556000.0,53148535000.0,0.0,0.0
2024,Bay Area,549300VMX06UV1F7NS76,5,3195000.0,0,0.0,0,0.0,0.0,"SUCCESS MORTGAGE PARTNERS, INC.",,,0.0,0.0,,9064490000.0,8449556000.0,53148535000.0,0.0,0.0
2024,Bay Area,549300W4FT4H1UWPGU95,1,705000.0,0,0.0,0,0.0,0.0,GREENSTATE Credit Union,,,0.0,0.0,,9064490000.0,8449556000.0,53148535000.0,0.0,0.0
2024,Bay Area,549300WEOD0TL2O6EU67,2,1260000.0,0,0.0,0,0.0,0.0,"MOUNTAIN WEST FINANCIAL, INC.",,,0.0,0.0,,9064490000.0,8449556000.0,53148535000.0,0.0,0.0
2024,Bay Area,549300WHVRE44NRBU558,1,905000.0,0,0.0,0,0.0,0.0,549300WHVRE44NRBU558,,,0.0,0.0,,9064490000.0,8449556000.0,53148535000.0,0.0,0.0
2024,Bay Area,549300WKFR15017V9850,2,1100000.0,0,0.0,0,0.0,0.0,MEGASTAR FINANCIAL CORP.,,,0.0,0.0,,9064490000.0,8449556000.0,53148535000.0,0.0,0.0
2024,Bay Area,549300X08QKYUH256I80,1,245000.0,0,0.0,0,0.0,0.0,"Goldwater Bank, N.A.",,,0.0,0.0,,9064490000.0,8449556000.0,53148535000.0,0.0,0.0
2024,Bay Area,549300XCVBRR56D08F03,11,6155000.0,0,0.0,0,0.0,0.0,"MISSION LOANS, LLC",,,0.0,0.0,,9064490000.0,8449556000.0,53148535000.0,0.0,0.0
2024,Bay Area,549300XQ7B5FIVUNFE29,1,725000.0,0,0.0,0,0.0,0.0,VAN DYK MORTGAGE CORPORATION,,,0.0,0.0,,9064490000.0,8449556000.0,53148535000.0,0.0,0.0
2024,Bay Area,549300XRXBA38J60S618,2,2780000.0,0,0.0,0,0.0,0.0,JMJ FINANCIAL GROUP,,,0.0,0.0,,9064490000.0,8449556000.0,53148535000.0,0.0,0.0
2024,Bay Area,549300Y01XP7FO81MC08,1,405000.0,0,0.0,0,0.0,0.0,549300Y01XP7FO81MC08,,,0.0,0.0,,9064490000.0,8449556000.0,53148535000.0,0.0,0.0
2024,Bay Area,549300Y4BSP3BSFW7J29,1,255000.0,0,0.0,0,0.0,0.0,DELTA COMMUNITY CREDIT UNION,,,0.0,0.0,,9064490000.0,8449556000.0,53148535000.0,0.0,0.0
2024,Bay Area,549300YDBNK66R6ZES34,1,765000.0,0,0.0,0,0.0,0.0,TOGETHER CREDIT UNION,,,0.0,0.0,,9064490000.0,8449556000.0,53148535000.0,0.0,0.0
2024,Bay Area,549300YPSRX7HBRJSR08,5,1525000.0,0,0.0,0,0.0,0.0,1ST UNITED SERVICES CREDIT UNION,,,0.0,0.0,,9064490000.0,8449556000.0,53148535000.0,0.0,0.0
2024,Bay Area,549300ZGTXNHL5BKQZ27,2,820000.0,0,0.0,0,0.0,0.0,"DIRECTIONS EQUITY, LLC",,,0.0,0.0,,9064490000.0,8449556000.0,53148535000.0,0.0,0.0
2024,Bay Area,549300ZPP46PTHQ2RF22,14,2440000.0,0,0.0,0,0.0,0.0,NORTH BAY Credit Union,,,0.0,0.0,,9064490000.0,8449556000.0,53148535000.0,0.0,0.0
2024,Bay Area,549300ZWNETGFXTBBY03,6,5120000.0,0,0.0,0,0.0,0.0,"CANOPY MORTGAGE, LLC",,,0.0,0.0,,9064490000.0,8449556000.0,53148535000.0,0.0,0.0
2024,Bay Area,635400IW1QMK3FNFF894,1,675000.0,0,0.0,0,0.0,0.0,MERIDIAN BANK,,,0.0,0.0,,9064490000.0,8449556000.0,53148535000.0,0.0,0.0
2024,Bay Area,7DMUJTL9FFTVIAG9H788,1,305000.0,0,0.0,0,0.0,0.0,Commerce Bank,,,0.0,0.0,,9064490000.0,8449556000.0,53148535000.0,0.0,0.0
2024,Bay Area,984500D61DCEC4E2B661,1,715000.0,0,0.0,0,0.0,0.0,984500D61DCEC4E2B661,,,0.0,0.0,,9064490000.0,8449556000.0,53148535000.0,0.0,0.0
2024,Bay Area,D38AC76TAMYI50NBPX33,19,36255000.0,0,0.0,0,0.0,0.0,WASHINGTON FEDERAL BANK,WAFD,"WaFd, Inc.",0.0,0.0,,9064490000.0,8449556000.0,53148535000.0,0.0,0.0
2024,Bay Area,FU7RSW4CQQY98A2O7J66,1,735000.0,0,0.0,0,0.0,0.0,"BOKF, National Association",,,0.0,0.0,,9064490000.0,8449556000.0,53148535000.0,0.0,0.0
2024,Bay Area,QFROUN1UWUYU0DVIWD51,6,7910000.0,0,0.0,0,0.0,0.0,"Fifth Third Bank, National Association",,,0.0,0.0,,9064490000.0,8449556000.0,53148535000.0,0.0,0.0
2024,Bay Area,WE0I402RW25AU38DTI13,2,2240000.0,0,0.0,0,0.0,0.0,Banner Bank,,,0.0,0.0,,9064490000.0,8449556000.0,53148535000.0,0.0,0.0
2024,Bay Area,WKN6AF1FCL7BBYGTGI83,3,1325000.0,0,0.0,0,0.0,0.0,First Savings Bank,,,0.0,0.0,,9064490000.0,8449556000.0,53148535000.0,0.0,0.0
2024,Seattle/Puget Sound,549300KM40FP4MSQU941,2409,1667375000.0,629,549895000.0,906,738510000.0,535099000.0,Boeing Employees Credit Union,,,0.3297968363445536,0.3209230077217183,874236.8839427663,8665390000.0,8012585000.0,34593165000.0,0.06345877104204196,0.06678231806589259
2024,Seattle/Puget Sound,7H6GLXDRUGQFU57RNE97,1310,1121070000.0,499,503805000.0,631,618925000.0,481115000.0,"JPMorgan Chase Bank, National Association",,,0.44939655864486605,0.4291569661127316,1009629.2585170341,8665390000.0,8012585000.0,34593165000.0,0.05813991060990908,0.060044916840195764
2024,Seattle/Puget Sound,KB1H1DSPRFMYMCUFXT09,875,971815000.0,339,446005000.0,440,564120000.0,439789500.0,"Wells Fargo Bank, National Association",,,0.4589402303936449,0.45254446576766155,1315648.9675516223,8665390000.0,8012585000.0,34593165000.0,0.05146969726694355,0.05488734284878101
2024,Seattle/Puget Sound,B4TYDEB6GKMZO031MB27,1011,936715000.0,329,379345000.0,465,520175000.0,389020500.0,"Bank of America, National Association",,,0.4049737646989746,0.4153029470009555,1153024.3161094226,8665390000.0,8012585000.0,34593165000.0,0.04377702561569646,0.04855118541644176
2024,Seattle/Puget Sound,549300HW662MN1WU8550,4276,2478980000.0,584,416580000.0,975,635755000.0,381682000.0,"UNITED WHOLESALE MORTGAGE, LLC",,,0.16804492170166763,0.15396735754221494,713321.9178082192,8665390000.0,8012585000.0,34593165000.0,0.04807400474762244,0.047635313697140184
2024,Seattle/Puget Sound,549300DD4R4SYK5RAQ92,2937,1709555000.0,610,445220000.0,892,586460000.0,380662500.0,"MOVEMENT MORTGAGE, LLC",,,0.26043034590873065,0.22266759478343778,729868.8524590164,8665390000.0,8012585000.0,34593165000.0,0.051379106999223344,0.047508076357380295
2024,Seattle/Puget Sound,6BYL5QZYBDK8S7L73M02,1278,1158840000.0,372,381940000.0,512,517140000.0,378988500.0,U.S. Bank National Association,,,0.3295882088985537,0.3270412654033344,1026720.4301075268,8665390000.0,8012585000.0,34593165000.0,0.04407649280644033,0.04729915501676425
2024,Seattle/Puget Sound,549300VZVN841I2ILS84,2687,1601515000.0,565,407305000.0,857,561055000.0,345392000.0,"CROSSCOUNTRY MORTGAGE, LLC",,,0.2543248111944003,0.21566579145371725,720893.8053097345,8665390000.0,8012585000.0,34593165000.0,0.04700365476914484,0.04310618857709466
2024,Seattle/Puget Sound,549300GKFNPRWNS0GF29,1691,1090445000.0,461,353015000.0,593,421375000.0,297828000.0,"CMG MORTGAGE, INC.",,,0.3237348055151796,0.27312519200876706,765759.219088937,8665390000.0,8012585000.0,34593165000.0,0.040738501094584316,0.03717002690143069
2024,Seattle/Puget Sound,549300FGXN1K3HLB1R50,3088,1629110000.0,458,302120000.0,748,437150000.0,271176500.0,"ROCKET MORTGAGE, LLC",,,0.1854509517466592,0.16645683839642506,659650.6550218341,8665390000.0,8012585000.0,34593165000.0,0.03486513590271182,0.03384382193761439
2024,Seattle/Puget Sound,AD6GFRVSDT01YPT1CS68,370,427040000.0,187,230715000.0,222,270380000.0,226851000.0,"PNC Bank, National Association",,,0.5402655488947171,0.5312172161858374,1233770.053475936,8665390000.0,8012585000.0,34593165000.0,0.02662488358862094,0.028311836941511386
2024,Seattle/Puget Sound,1IE8VN30JCEQV1H4R804,341,407405000.0,167,219515000.0,222,282340000.0,223958000.0,"HSBC BANK USA, NATIONAL ASSOCIATION",,,0.5388127293479461,0.5497183392447319,1314461.0778443115,8665390000.0,8012585000.0,34593165000.0,0.025332385501402706,0.027950779929323682
2024,Seattle/Puget Sound,549300AQ3T62GXDU7D76,1974,1105750000.0,327,227215000.0,522,334810000.0,202619500.0,GUILD MORTGAGE COMPANY LLC,,,0.20548496495591229,0.18324169115984626,694847.0948012233,8665390000.0,8012585000.0,34593165000.0,0.026220977936365242,0.025287656854810277
2024,Seattle/Puget Sound,549300G4ESSS6M0MEG51,518,433080000.0,196,179240000.0,239,216795000.0,158692500.0,"OriginPoint, LLC",,,0.41387272559342386,0.366427680798005,914489.7959183673,8665390000.0,8012585000.0,34593165000.0,0.020684585460088927,0.019805406120496694
2024,Seattle/Puget Sound,549300CY7WNAHKHYSJ73,653,447935000.0,232,183290000.0,273,207565000.0,152245500.0,"CORNERSTONE CAPITAL BANK, SSB",,,0.4091888332012457,0.33988301874155846,790043.1034482758,8665390000.0,8012585000.0,34593165000.0,0.021151962000556235,0.019000796871421644
2024,Seattle/Puget Sound,549300MGPZBLQDIL7538,1453,825365000.0,222,156010000.0,356,224810000.0,137629500.0,FAIRWAY INDEPENDENT MORTGAGE CORPORATION,,,0.18901940353661714,0.16674986218218607,702747.7477477477,8665390000.0,8012585000.0,34593165000.0,0.0180038059452604,0.017176666456580492
2024,Seattle/Puget Sound,549300Q02LGIN9AXKP98,335,321415000.0,128,122550000.0,182,177560000.0,128882000.0,FIRST TECHNOLOGY FEDERAL CREDIT UNION,,,0.3812827652723115,0.4009831526219996,957421.875,8665390000.0,8012585000.0,34593165000.0,0.014142467909695929,0.01608494636874367
2024,Seattle/Puget Sound,E57ODZWZ7FF32TWEFA76,218,272120000.0,95,127765000.0,117,155765000.0,124853000.0,"Citibank, National Association",,,0.46951712479788327,0.45881596354549464,1344894.7368421052,8665390000.0,8012585000.0,34593165000.0,0.014744287331556917,0.015582112389447351
2024,Seattle/Puget Sound,5493009HUMWCHFRDKF12,523,333705000.0,217,143905000.0,256,170560000.0,124029500.0,SAMMAMISH MORTGAGE COMPANY,,,0.43123417389610585,0.37167408339701236,663156.6820276497,8665390000.0,8012585000.0,34593165000.0,0.016606869396530336,0.015479336568660426
2024,Seattle/Puget Sound,549300GS0W0TEUQS8571,210,256490000.0,102,139030000.0,117,152335000.0,123757000.0,"Morgan Stanley Private Bank, National Association",,,0.5420484229404655,0.4825022418027993,1363039.2156862745,8665390000.0,8012585000.0,34593165000.0,0.016044286523745614,0.01544532756906791
2024,Seattle/Puget Sound,549300DK7QID2ZON6Q55,393,323145000.0,99,97745000.0,160,156160000.0,109373500.0,Global Federal Credit Union,,,0.3024803106964366,0.3384657042504139,987323.2323232323,8665390000.0,8012585000.0,34593165000.0,0.011279930851352335,0.013650214007090097
2024,Seattle/Puget Sound,HUX2X73FUCYHUVH1BK78,434,316450000.0,113,102245000.0,168,151910000.0,107817000.0,KeyBank National Association,,,0.3231000158002844,0.34070785274134935,904823.0088495575,8665390000.0,8012585000.0,34593165000.0,0.011799238118538231,0.01345595709749101
2024,Seattle/Puget Sound,RVDPPPGHCGZ40J4VQ731,1003,617415000.0,147,110785000.0,252,171510000.0,103318000.0,"PENNYMAC LOAN SERVICES, LLC",,,0.1794336062453941,0.16733963379574515,753639.4557823129,8665390000.0,8012585000.0,34593165000.0,0.012784767910042133,0.012894465394126864
2024,Seattle/Puget Sound,549300FNXYY540N23N64,1232,697760000.0,175,119585000.0,268,167990000.0,101978500.0,NEWREZ LLC,,,0.17138414354505846,0.14615125544599863,683342.8571428572,8665390000.0,8012585000.0,34593165000.0,0.013800302121427887,0.012727290880533561
2024,Seattle/Puget Sound,549300PL8ER6H23P0Z91,876,479510000.0,178,113170000.0,280,163820000.0,100101500.0,BAY EQUITY LLC,,,0.23601176200704888,0.20875789868824424,635786.5168539326,8665390000.0,8012585000.0,34593165000.0,0.013060000761650658,0.012493034395266946
2024,Seattle/Puget Sound,3Y4U8VZURTYWI1W2K376,163,194455000.0,70,90190000.0,92,116860000.0,87472000.0,BMO Bank National Association,,,0.46380910750559257,0.44983158057134043,1288428.5714285714,8665390000.0,8012585000.0,34593165000.0,0.010408071650554677,0.010916826467363529
2024,Seattle/Puget Sound,549300AG64NHILB7ZP05,895,529285000.0,128,89350000.0,240,151390000.0,87135500.0,"LOANDEPOT.COM, LLC",,,0.16881264347185354,0.16462869720471957,698046.875,8665390000.0,8012585000.0,34593165000.0,0.01031113429401331,0.01087483003300433
2024,Seattle/Puget Sound,5493003T5D4N1CM46J77,525,332965000.0,129,98465000.0,178,127960000.0,86618500.0,1st Security Bank of Washington,FSBW,FS Bancorp,0.2957217725586773,0.26014295796855524,763294.5736434108,8665390000.0,8012585000.0,34593165000.0,0.011363020014102077,0.010810306536529722
2024,Seattle/Puget Sound,549300MCIFZSDHUT8X63,630,378300000.0,125,87765000.0,177,117985000.0,74519000.0,"NFM, INC.",,,0.23199841395717685,0.1969838752312979,702120.0,8665390000.0,8012585000.0,34593165000.0,0.010128222734348944,0.009300244552787896
2024,Seattle/Puget Sound,54930060G4MDPWHISD89,1061,569765000.0,108,77300000.0,195,121415000.0,66202500.0,EVERGREEN MONEYSOURCE MORTGAGE COMPANY,,,0.13566996919782717,0.11619264082560354,715740.7407407408,8665390000.0,8012585000.0,34593165000.0,0.008920544834104408,0.008262314845957953
2024,Seattle/Puget Sound,549300U3721PJGQZYY68,486,304360000.0,93,73905000.0,130,95380000.0,64541000.0,"GUARANTEED RATE, INC.",,,0.24282100144565646,0.21205480352214484,794677.4193548387,8665390000.0,8012585000.0,34593165000.0,0.008528756351416382,0.008054953551194777
2024,Seattle/Puget Sound,549300INFJ8TYNZ1G568,107,144805000.0,50,68060000.0,60,84320000.0,64427000.0,"Charles Schwab Bank, SSB",,,0.4700113946341632,0.44492248195849593,1361200.0,8665390000.0,8012585000.0,34593165000.0,0.007854233912149367,0.008040725933016623
2024,Seattle/Puget Sound,01KWVG908KE7RKPTNP46,416,238520000.0,111,74545000.0,178,108320000.0,62242500.0,HomeStreet Bank,HMST,"HomeStreet, Inc.",0.3125314439040751,0.2609529599195036,671576.5765765766,8665390000.0,8012585000.0,34593165000.0,0.00860261338497171,0.0077680923197694625
2024,Seattle/Puget Sound,549300KIOYNU323LVJ37,883,495095000.0,103,67815000.0,196,112840000.0,59555500.0,AMERICAN PACIFIC MORTGAGE CORPORATION,,,0.13697371211585654,0.12029105525202234,658398.0582524271,8665390000.0,8012585000.0,34593165000.0,0.007825960516491468,0.00743274486323702
2024,Seattle/Puget Sound,IFQSIUC9AGQV2NE8CN25,261,182375000.0,62,59870000.0,91,79395000.0,54005000.0,Umpqua Bank,COLB,Columbia Banking System,0.328279643591501,0.29612063056888277,965645.1612903225,8665390000.0,8012585000.0,34593165000.0,0.006909094685871034,0.006740022102729643
2024,Seattle/Puget Sound,549300E2UX99HKDBR481,727,396655000.0,76,57300000.0,145,90865000.0,50607000.0,"NEW AMERICAN FUNDING, LLC",,,0.14445803027820145,0.1275844247519885,753947.3684210526,8665390000.0,8012585000.0,34593165000.0,0.006612512535500422,0.006315939238086086
2024,Seattle/Puget Sound,D38AC76TAMYI50NBPX33,171,169895000.0,50,52820000.0,56,58270000.0,46973000.0,WASHINGTON FEDERAL BANK,WAFD,"WaFd, Inc.",0.3108979075311222,0.27648253332940936,1056400.0,8665390000.0,8012585000.0,34593165000.0,0.0060955133006131285,0.005862402707740386
2024,Seattle/Puget Sound,54930043BMDE130FJ617,325,167815000.0,70,38300000.0,104,55090000.0,35626500.0,"PROVIDENT FUNDING ASSOCIATES, L.P.",,,0.22822751243929326,0.21229627864016923,547142.8571428572,8665390000.0,8012585000.0,34593165000.0,0.004419881851826634,0.00444631788617531
2024,Seattle/Puget Sound,549300UI36AJZ0WZ4U93,111,63815000.0,44,28060000.0,72,47030000.0,35469000.0,"Taylor Morrison Home Funding, Inc.",,,0.43970853247669045,0.5558097625950011,637727.2727272727,8665390000.0,8012585000.0,34593165000.0,0.0032381693149413932,0.004426661308429177
2024,Seattle/Puget Sound,549300WJIJV987NXVC31,219,136895000.0,53,39655000.0,76,52530000.0,34173000.0,"SCENIC OAKS FUNDING, LLC",,,0.28967456809963843,0.2496292779137295,748207.5471698113,8665390000.0,8012585000.0,34593165000.0,0.004576251040057055,0.004264915754403854
2024,Seattle/Puget Sound,5493003GQDUH26DNNH17,551,296695000.0,56,35380000.0,107,59575000.0,31231000.0,NAVY FEDERAL CREDIT UNION,,,0.11924703820421645,0.10526298050186218,631785.7142857143,8665390000.0,8012585000.0,34593165000.0,0.004082909136230452,0.0038977433624729097
2024,Seattle/Puget Sound,254900VELJPWWT51WN03,176,102590000.0,53,29505000.0,73,41855000.0,29868000.0,General Mortgage Capital Corporation,,,0.2876011307144946,0.29113948727946193,556698.1132075472,8665390000.0,8012585000.0,34593165000.0,0.0034049246485155314,0.003727635962676215
2024,Seattle/Puget Sound,549300SVKVT1EF3U0N48,116,76980000.0,39,30545000.0,45,34185000.0,25271500.0,"ON Q FINANCIAL, LLC",,,0.3967913743829566,0.3282865679397246,783205.1282051282,8665390000.0,8012585000.0,34593165000.0,0.003524942328042939,0.0031539759016597016
2024,Seattle/Puget Sound,549300XY701IELCE5Q08,105,67785000.0,41,29765000.0,45,32045000.0,24895500.0,BETTER MORTGAGE CORPORATION,,,0.4391089474072435,0.36727152024784243,725975.6097560975,8665390000.0,8012585000.0,34593165000.0,0.003434929068397383,0.0031070497224054408
2024,Seattle/Puget Sound,2WHM8VNJH63UN14OL754,58,66180000.0,23,26605000.0,25,28985000.0,22602000.0,The Huntington National Bank,,,0.40200967059534604,0.3415231187669991,1156739.1304347827,8665390000.0,8012585000.0,34593165000.0,0.0030702599652179534,0.0028208125093212738
2024,Seattle/Puget Sound,549300GWD9H4FQ2VR805,39,57065000.0,18,26640000.0,21,29555000.0,22414500.0,UBS Bank USA,,,0.4668360641373872,0.39278892491019013,1480000.0,8665390000.0,8012585000.0,34593165000.0,0.0030742990217405104,0.0027974118215282583
2024,Seattle/Puget Sound,549300ZBXINP1Y94CN02,173,103895000.0,29,24565000.0,41,30675000.0,21189500.0,"DIRECTORS MORTGAGE, INC.",,,0.23644063718177005,0.20395110448048512,847068.9655172414,8665390000.0,8012585000.0,34593165000.0,0.0028348406707603465,0.002644527327947223
2024,Seattle/Puget Sound,549300MZ8VZJOVC63092,195,118975000.0,41,25935000.0,48,29840000.0,21116500.0,"KIND LENDING, LLC",,,0.2179869720529523,0.1774868669888632,632560.9756097561,8665390000.0,8012585000.0,34593165000.0,0.0029929408832147196,0.0026354166601664755
2024,Seattle/Puget Sound,213800XR2TCBQJSF1X93,247,141585000.0,36,21650000.0,48,28480000.0,19234500.0,NBKC BANK,,,0.15291167849701592,0.13585125542960058,601388.8888888889,8665390000.0,8012585000.0,34593165000.0,0.0024984449632388154,0.0024005361565587135
2024,Seattle/Puget Sound,5493007L4GYNO2PUBS09,88,60790000.0,31,23205000.0,36,26300000.0,19203000.0,"MEMBER FIRST MORTGAGE, LLC",,,0.3817239677578549,0.3158907715084718,748548.3870967742,8665390000.0,8012585000.0,34593165000.0,0.0026778944744552755,0.002396604841009487
2024,Seattle/Puget Sound,549300KHXD7JSQUZIJ22,102,61560000.0,33,21935000.0,43,27515000.0,19036500.0,"HIGHLANDS RESIDENTIAL MORTGAGE, LTD.",,,0.3563190383365822,0.30923489278752436,664696.9696969697,8665390000.0,8012585000.0,34593165000.0,0.0025313344234939223,0.002375825030249289
2024,Seattle/Puget Sound,549300OPCWU6E72WUT29,169,91495000.0,29,20735000.0,54,34290000.0,18604500.0,"MUTUAL OF OMAHA MORTGAGE, INC.",,,0.2266244057052298,0.20333898027214603,715000.0,8665390000.0,8012585000.0,34593165000.0,0.002392852485577683,0.002321909845574181
2024,Seattle/Puget Sound,549300LYRWPSYPK6S325,639,315665000.0,30,18910000.0,92,47030000.0,17205000.0,FREEDOM MORTGAGE CORPORATION,,,0.05990527933093628,0.05450398365355678,630333.3333333334,8665390000.0,8012585000.0,34593165000.0,0.002182244538330069,0.0021472471118871126
2024,Seattle/Puget Sound,254900DTLHVWQ7NP7R34,219,122845000.0,27,16145000.0,50,27470000.0,15672500.0,"THE LOAN STORE, INC.",,,0.13142578045504497,0.12757947006390166,597962.9629629629,8665390000.0,8012585000.0,34593165000.0,0.0018631590730480683,0.001955985490325532
2024,Seattle/Puget Sound,5493000FWM3I2HHQY149,199,91735000.0,27,18115000.0,34,21560000.0,15382000.0,WASHINGTON STATE EMPLOYEES CREDIT UNION,,,0.19747097618139206,0.16767863955960102,670925.925925926,8665390000.0,8012585000.0,34593165000.0,0.002090500254460561,0.001919730024704886
2024,Seattle/Puget Sound,549300DD5QQUHO6PCH70,673,346405000.0,27,17635000.0,84,45950000.0,15123000.0,"Mortgage Research Center, LLC",,,0.050908618524559406,0.0436569910942394,653148.1481481482,8665390000.0,8012585000.0,34593165000.0,0.0020351074792940653,0.0018874058746334672
2024,Seattle/Puget Sound,549300NWBS6MQJX15N44,123,76935000.0,17,14975000.0,49,30475000.0,14450000.0,NexBank,,,0.19464483005134203,0.18782088776239683,880882.3529411765,8665390000.0,8012585000.0,34593165000.0,0.001728139183579735,0.0018034130059150699
2024,Seattle/Puget Sound,549300370QILXLFUWD20,122,66660000.0,26,16790000.0,40,23490000.0,14387500.0,"ZILLOW HOME LOANS, LLC",,,0.2518751875187519,0.21583408340834084,645769.2307692308,8665390000.0,8012585000.0,34593165000.0,0.0019375931146780468,0.0017956127766507314
2024,Seattle/Puget Sound,254900E6AIE4Z8YQM970,53,42215000.0,16,15530000.0,18,16040000.0,14122000.0,Citadel Servicing Corporation,,,0.36787871609617434,0.3345256425441194,970625.0,8665390000.0,8012585000.0,34593165000.0,0.0017921870798659958,0.0017624774027358212
2024,Seattle/Puget Sound,KD3XUN7C6T14HNAYLU02,9,20105000.0,8,16720000.0,8,16720000.0,13376000.0,Goldman Sachs Bank USA,,,0.8316339219099727,0.6653071375279781,2090000.0,8665390000.0,8012585000.0,34593165000.0,0.0019295150016329329,0.0016693738662366764
2024,Seattle/Puget Sound,FT6J43S06X6CLJ0R0B48,43,38385000.0,12,13200000.0,13,14735000.0,13304000.0,Cathay Bank,,,0.3438843298163345,0.34659372150579654,1100000.0,8665390000.0,8012585000.0,34593165000.0,0.0015233013170786313,0.0016603880021241583
2024,Seattle/Puget Sound,549300P2GEYNMH5OQA71,49,46215000.0,23,15785000.0,25,17055000.0,13075000.0,Washington Trust Bank,,,0.3415557719355188,0.2829168019041437,686304.3478260869,8665390000.0,8012585000.0,34593165000.0,0.0018216144916731966,0.001631807962099622
2024,Seattle/Puget Sound,54930001NSTOD85LT125,70,41940000.0,22,15010000.0,30,20050000.0,13038000.0,"GUARANTEED RATE AFFINITY, LLC",,,0.3578922269909394,0.31087267525035767,682272.7272727273,8665390000.0,8012585000.0,34593165000.0,0.001732178240102292,0.0016271902263751336
2024,Seattle/Puget Sound,549300AENO88GEUWCZ39,269,158335000.0,19,14925000.0,43,25765000.0,12911000.0,"Luminate Home Loans, Inc.",,,0.09426216566141409,0.08154229955474153,785526.3157894737,8665390000.0,8012585000.0,34593165000.0,0.001722369102833225,0.0016113401605099976
2024,Seattle/Puget Sound,54930054ET8KM4O1D485,73,43795000.0,21,14485000.0,27,17715000.0,12756000.0,"SOFI BANK, NATIONAL ASSOCIATION",,,0.330745518894851,0.29126612627012216,689761.9047619047,8665390000.0,8012585000.0,34593165000.0,0.0016715923922639374,0.0015919955919344382
2024,Seattle/Puget Sound,549300DCGBXW5FJMV921,76,47880000.0,20,13420000.0,26,16950000.0,12439500.0,"NMSI, INC.",,,0.2802840434419382,0.2598057644110276,671000.0,8665390000.0,8012585000.0,34593165000.0,0.001548689672363275,0.0015524952309398277
2024,Seattle/Puget Sound,549300LBCBNR1OT00651,282,130680000.0,22,13680000.0,51,25115000.0,12136500.0,NATIONSTAR MORTGAGE LLC,,,0.1046831955922865,0.09287190082644628,621818.1818181818,8665390000.0,8012585000.0,34593165000.0,0.001578694092245127,0.0015146797194663145
2024,Seattle/Puget Sound,5493005PKOSG7MYX0B34,114,66060000.0,21,13665000.0,32,18910000.0,11835000.0,"Prosperity Home Mortgage, LLC",,,0.20685740236148956,0.17915531335149865,650714.2857142857,8665390000.0,8012585000.0,34593165000.0,0.0015769630680211738,0.0014770514134951455
2024,Seattle/Puget Sound,F28JOQ8OBWCFUYM0UX93,81,47745000.0,16,11110000.0,26,16680000.0,11728500.0,East West Bank,EWBC,East West Bancorp,0.23269452298670018,0.24564875903235942,694375.0,8665390000.0,8012585000.0,34593165000.0,0.0012821119418745146,0.0014637598228287125
2024,Seattle/Puget Sound,549300O6Z0I6KYMESL47,46,32460000.0,9,11475000.0,13,14235000.0,11625500.0,AMWEST FUNDING CORP.,,,0.35351201478743066,0.35814849044978436,1275000.0,8665390000.0,8012585000.0,34593165000.0,0.0013242335313240372,0.0014509050450010827
2024,Seattle/Puget Sound,549300323EON4W3CCM44,136,72950000.0,18,10870000.0,45,24195000.0,10787500.0,"RESICENTRAL, LLC",,,0.14900616860863605,0.14787525702535984,603888.8888888889,8665390000.0,8012585000.0,34593165000.0,0.0012544155542912668,0.0013463195710248315
2024,Seattle/Puget Sound,549300VORTI31GZTJL53,79,43965000.0,18,13210000.0,27,17225000.0,10663000.0,"CARDINAL FINANCIAL COMPANY, LIMITED PARTNERSHIP",,,0.30046627999545095,0.24253383373137724,733888.8888888889,8665390000.0,8012585000.0,34593165000.0,0.0015244553332279332,0.0013307815143302692
2024,Seattle/Puget Sound,549300XHPPLC0TBRV021,174,92960000.0,24,12150000.0,42,20830000.0,10642000.0,"PRIORITY HOME LENDING, LLC",,,0.1307013769363167,0.11447934595524957,506250.0,8665390000.0,8012585000.0,34593165000.0,0.001402129621401922,0.0013281606372974515
2024,Seattle/Puget Sound,549300T94GSH3C4U5M59,29,25765000.0,10,10720000.0,14,15950000.0,10617000.0,ALLIANT CREDIT UNION,,,0.41606830972249176,0.41207063846303127,1072000.0,8665390000.0,8012585000.0,34593165000.0,0.001237105312051737,0.001325040545591716
2024,Seattle/Puget Sound,8WH0EE09O9V05QJZ3V89,45,44325000.0,7,9505000.0,12,14990000.0,10584000.0,"Zions Bancorporation, N.A.",,,0.21443880428652,0.23878172588832489,1357857.142857143,8665390000.0,8012585000.0,34593165000.0,0.0010968923499115448,0.0013209220245401453
2024,Seattle/Puget Sound,254900ZFWS2106HWPH46,202,107950000.0,18,12410000.0,38,20690000.0,10226500.0,"Paramount Residential Mortgage Group, Inc.",,,0.11496062992125984,0.09473367299675776,689444.4444444445,8665390000.0,8012585000.0,34593165000.0,0.0014321340412837738,0.001276304713148129
2024,Seattle/Puget Sound,549300LROQOOQU77WS20,59,36055000.0,17,10795000.0,21,13075000.0,9378000.0,LENOX FINANCIAL MORTGAGE CORPORATION,,,0.2994036888087644,0.26010262099570103,635000.0,8665390000.0,8012585000.0,34593165000.0,0.0012457604331715018,0.001170408800655469
2024,Seattle/Puget Sound,5493001VH4ZJNSI25781,57,44445000.0,10,9070000.0,17,15015000.0,9361000.0,Peoples Bank,,,0.20407244909438632,0.21061986725165935,907000.0,8665390000.0,8012585000.0,34593165000.0,0.001046692647416908,0.0011682871382955688
2024,Seattle/Puget Sound,54930004MLYQ2HKUPN66,48,40360000.0,15,11295000.0,16,11880000.0,9333000.0,"TRISTAR FINANCE, INC.",,,0.27985629335976214,0.2312438057482656,753000.0,8665390000.0,8012585000.0,34593165000.0,0.0013034612406366015,0.001164792635585145
2024,Seattle/Puget Sound,54930021QRU8VXNS6152,118,50050000.0,16,10500000.0,36,16930000.0,9265500.0,Sound Credit Union,,,0.2097902097902098,0.18512487512487513,656250.0,8665390000.0,8012585000.0,34593165000.0,0.001211716956767093,0.0011563683879796595
2024,Seattle/Puget Sound,549300A68YW07V5R5G22,6,11350000.0,5,10565000.0,5,10565000.0,9162000.0,FUNDLOANS CAPITAL,,,0.9308370044052864,0.8072246696035242,2113000.0,8665390000.0,8012585000.0,34593165000.0,0.001219218061737556,0.001143451208317915
2024,Seattle/Puget Sound,213800QUAI2VH5YM6310,13,11905000.0,7,8475000.0,7,8475000.0,7990000.0,"EMBRACE HOME LOANS, INC.",,,0.7118857622847543,0.6711465770684586,1210714.2857142857,8665390000.0,8012585000.0,34593165000.0,0.0009780286865334394,0.0009971813091530387
2024,Seattle/Puget Sound,L9VVX1KT5TFTKS0MLF66,24,24280000.0,5,7565000.0,7,9445000.0,7973000.0,First-Citizens Bank & Trust Company,,,0.31157331136738053,0.3283772652388797,1513000.0,8665390000.0,8012585000.0,34593165000.0,0.000873013216946958,0.0009950596467931385
2024,Seattle/Puget Sound,549300U8DCOOTG96YM89,104,22160000.0,11,9105000.0,17,10235000.0,7370000.0,Sound Community Bank,,,0.4108754512635379,0.3325812274368231,827727.2727272727,8665390000.0,8012585000.0,34593165000.0,0.001050731703939465,0.0009198030348508004
2024,Seattle/Puget Sound,549300J6N77Q8OHYNF23,71,40325000.0,11,8115000.0,23,13915000.0,7175500.0,"ENVOY MORTGAGE, LTD",,,0.20123992560446374,0.1779417234965902,737727.2727272727,8665390000.0,8012585000.0,34593165000.0,0.0009364841051585676,0.0008955287213801788
2024,Seattle/Puget Sound,549300IKS3MMB5YK6T18,17,27985000.0,6,8500000.0,9,9875000.0,6958000.0,KINECTA,,,0.30373414329104875,0.24863319635519027,1416666.6666666667,8665390000.0,8012585000.0,34593165000.0,0.0009809137269066943,0.0008683839235402807
2024,Seattle/Puget Sound,549300GTVXJ2PGXNLM73,208,104480000.0,13,7805000.0,41,20155000.0,6950000.0,T2 FINANCIAL LLC,,,0.07470329249617151,0.06651990811638592,600384.6153846154,8665390000.0,8012585000.0,34593165000.0,0.0009007096045302058,0.0008673854941944454
2024,Seattle/Puget Sound,5493009BD405QQTMXO12,63,44835000.0,9,6885000.0,9,6885000.0,6885000.0,TOLL BROTHERS MORTGAGE COMPANY,,,0.15356306457009034,0.15356306457009034,765000.0,8665390000.0,8012585000.0,34593165000.0,0.0007945401187944224,0.0008592732557595333
2024,Seattle/Puget Sound,CKVBED0S4DMLKJJ5XH28,14,15350000.0,6,7330000.0,6,7330000.0,6878000.0,Stifel Bank and Trust,,,0.4775244299674267,0.4480781758957655,1221666.6666666667,8665390000.0,8012585000.0,34593165000.0,0.0008458938374383611,0.0008583996300819274
2024,Seattle/Puget Sound,549300WKFR15017V9850,26,15440000.0,8,7240000.0,13,9465000.0,6614500.0,MEGASTAR FINANCIAL CORP.,,,0.4689119170984456,0.4284002590673575,905000.0,8665390000.0,8012585000.0,34593165000.0,0.0008355076920946432,0.0008255138635034761
2024,Seattle/Puget Sound,2549001SI0EMFPT39035,171,88195000.0,11,7935000.0,26,14920000.0,6483000.0,"Cornerstone First Mortgage, Inc",,,0.08997108679630364,0.07350756845626169,721363.6363636364,8665390000.0,8012585000.0,34593165000.0,0.0009157118144711317,0.0008091021811313078
2024,Seattle/Puget Sound,WE0I402RW25AU38DTI13,182,96320000.0,16,6980000.0,31,13645000.0,6435500.0,Banner Bank,,,0.07246677740863787,0.06681374584717607,436250.0,8665390000.0,8012585000.0,34593165000.0,0.0008055032722127913,0.0008031740068904105
2024,Seattle/Puget Sound,C5654JQHZUHN0772B561,145,77605000.0,13,7325000.0,28,15310000.0,6251000.0,USAA Federal Savings Bank,,,0.09438824817988532,0.08054893370272534,563461.5384615385,8665390000.0,8012585000.0,34593165000.0,0.0008453168293637101,0.0007801477301020832
2024,Seattle/Puget Sound,5493008NWHQT1R22C024,75,44365000.0,7,6525000.0,11,8705000.0,6144000.0,"AMERICAN FINANCIAL NETWORK, INC.",,,0.1470753972726248,0.13848754648934972,932142.8571428572,8665390000.0,8012585000.0,34593165000.0,0.0007529955374195506,0.0007667937376015356
2024,Seattle/Puget Sound,549300UR5AOWTJJ7KZ64,47,31835000.0,8,7110000.0,9,7535000.0,5763000.0,LENDSURE MORTGAGE CORP.,,,0.22333909219412595,0.18102717135228522,888750.0,8665390000.0,8012585000.0,34593165000.0,0.0008205054821537173,0.0007192435400061279
2024,Seattle/Puget Sound,254900IEGKUDRDS23V26,11,7995000.0,8,6240000.0,8,6240000.0,5716000.0,"AAA CAPITAL INVESTMENT, INC.",,,0.7804878048780488,0.7149468417761101,780000.0,8665390000.0,8012585000.0,34593165000.0,0.0007201060771644439,0.0007133777675993453
2024,Seattle/Puget Sound,SS1TRMSN6BRNMOREEV51,65,35545000.0,8,5980000.0,14,9230000.0,5677000.0,"Flagstar Bank, N.A.",,,0.16823744549163033,0.1597130398086932,747500.0,8665390000.0,8012585000.0,34593165000.0,0.000690101657282592,0.000708510424538398
2024,Seattle/Puget Sound,Q708HHR4LD2B7XIZNO92,46,30670000.0,7,5905000.0,12,9390000.0,5417000.0,First Federal Bank,,,0.1925334202804043,0.17662210629279426,843571.4285714285,8665390000.0,8012585000.0,34593165000.0,0.0006814465361628271,0.0006760614707987497
2024,Seattle/Puget Sound,2549004Z576VEJBK3N72,11,8805000.0,6,6000000.0,6,6000000.0,5401000.0,"NP, INC.",,,0.6814310051107325,0.6134014764338445,1000000.0,8665390000.0,8012585000.0,34593165000.0,0.000692409689581196,0.000674064612107079
2024,Seattle/Puget Sound,5493004AS1SPBQOFDR49,43,33255000.0,4,4690000.0,9,10165000.0,5391500.0,"Commerce Home Mortgage, Inc.",,,0.1410314238460382,0.1621259960908134,1172500.0,8665390000.0,8012585000.0,34593165000.0,0.0005412335740226349,0.0006728789772588996
2024,Seattle/Puget Sound,549300C04BJ0G297NC13,33,17835000.0,11,6165000.0,15,8025000.0,5324000.0,Ally Bank,,,0.3456686291000841,0.29851415755536864,560454.5454545454,8665390000.0,8012585000.0,34593165000.0,0.0007114509560446788,0.000664454729653414
2024,Seattle/Puget Sound,549300ZWNETGFXTBBY03,291,154715000.0,6,4880000.0,43,25225000.0,5311500.0,"CANOPY MORTGAGE, LLC",,,0.03154186730439841,0.034330866431826264,813333.3333333334,8665390000.0,8012585000.0,34593165000.0,0.0005631598808593728,0.0006628946838005463
2024,Seattle/Puget Sound,5493007QERYQSQ3QNH02,61,29875000.0,8,5820000.0,16,9210000.0,5182000.0,Seattle Metropolitan Credit Union,,,0.19481171548117154,0.1734560669456067,727500.0,8665390000.0,8012585000.0,34593165000.0,0.0006716373988937601,0.0006467326087648368
2024,Seattle/Puget Sound,549300F6NSBOJBM9ED39,11,9735000.0,5,5905000.0,5,5905000.0,5077000.0,NuVision Federal Credit Union,,,0.6065742167437083,0.5215202876219825,1181000.0,8665390000.0,8012585000.0,34593165000.0,0.0006814465361628271,0.0006336282236007481
2024,Seattle/Puget Sound,549300121SF0K2LN2804,153,84055000.0,9,5625000.0,19,10385000.0,5052500.0,"PRIMELENDING, A PLAINSCAPITAL COMPANY",,,0.0669204687407055,0.06010945214442924,625000.0,8665390000.0,8012585000.0,34593165000.0,0.0006491340839823713,0.0006305705337291274
2024,Seattle/Puget Sound,2549005SIVTHG14U2905,29,17395000.0,5,5835000.0,8,7220000.0,4954500.0,A&D Mortgage LLC,,,0.3354412187410175,0.2848232250646738,1167000.0,8665390000.0,8012585000.0,34593165000.0,0.0006733684231177131,0.0006183397742426446
2024,Seattle/Puget Sound,549300EKFFG3BU8DNX74,33,21585000.0,9,5415000.0,10,5970000.0,4879000.0,NEXERA HOLDING LLC,,,0.250868658790827,0.22603659949038685,601666.6666666666,8665390000.0,8012585000.0,34593165000.0,0.0006248997448470294,0.0006089170972913236
2024,Seattle/Puget Sound,549300R77W0P105C3S50,28,18860000.0,4,4910000.0,4,4910000.0,4708000.0,HOMEXPRESS MORTGAGE CORP.,,,0.26033934252386004,0.2496288441145281,1227500.0,8665390000.0,8012585000.0,34593165000.0,0.0005666219293072787,0.0005875756700240934
2024,Seattle/Puget Sound,5493001SXWZ4OFP8Z903,682,443680000.0,2,2360000.0,40,23820000.0,4506000.0,"DHI MORTGAGE COMPANY, LTD.",,,0.005319148936170213,0.010155968265416516,1180000.0,8665390000.0,8012585000.0,34593165000.0,0.0002723478112352704,0.0005623653290417512
2024,Seattle/Puget Sound,549300R8VPSFM828B312,6,7080000.0,4,4400000.0,5,6295000.0,4471000.0,TEACHERS FEDERAL CREDIT UNION,,,0.6214689265536724,0.6314971751412429,1100000.0,8665390000.0,8012585000.0,34593165000.0,0.0005077671056928771,0.0005579972006537216
2024,Seattle/Puget Sound,549300RD5IG88VPO6P22,57,35315000.0,8,4110000.0,13,7475000.0,4411500.0,"GUIDANCE RESIDENTIAL, LLC",,,0.1163811411581481,0.124918589834348,513750.0,8665390000.0,8012585000.0,34593165000.0,0.00047430063736311924,0.0005505713823940713
2024,Seattle/Puget Sound,549300UB5TJ0YPVPT503,125,62655000.0,8,5430000.0,17,9295000.0,4397000.0,MASON MCDUFFIE MORTGAGE CORPORATION,,,0.08666507062485038,0.07017795866251696,678750.0,8665390000.0,8012585000.0,34593165000.0,0.0006266307690709823,0.0005487617292047448
2024,Seattle/Puget Sound,593C3GZG957YOJPS2Z63,7,8485000.0,5,4845000.0,5,4845000.0,4388000.0,City National Bank,,,0.5710076605774896,0.5171479080730701,969000.0,8665390000.0,8012585000.0,34593165000.0,0.0005591208243368158,0.00054763849619068
2024,Seattle/Puget Sound,549300HRLROF7PLJ6735,19,16215000.0,3,5255000.0,4,5840000.0,4204000.0,CLEAREDGE LENDING LLC,,,0.3240826395312982,0.25926611162503854,1751666.6666666667,8665390000.0,8012585000.0,34593165000.0,0.0006064354864581975,0.0005246746212364674
2024,Seattle/Puget Sound,5493000NYUJT9UC6G261,75,36515000.0,9,5055000.0,13,6745000.0,4132000.0,LEADERONE FINANCIAL CORPORATION,,,0.13843625907161441,0.1131589757633849,561666.6666666666,8665390000.0,8012585000.0,34593165000.0,0.0005833551634721576,0.0005156887571239494
2024,Seattle/Puget Sound,5493006L4FQIQFVFNS72,47,28285000.0,5,4075000.0,12,7620000.0,4120500.0,5493006L4FQIQFVFNS72,,,0.14406929467915858,0.14567792115962525,815000.0,8665390000.0,8012585000.0,34593165000.0,0.0004702615808405623,0.0005142535149393111
2024,Seattle/Puget Sound,549300KSOOZZVXCMA627,16,15600000.0,3,4555000.0,3,4555000.0,4029000.0,ANGEL OAK MORTGAGE SOLUTIONS LLC,,,0.2919871794871795,0.25826923076923075,1518333.3333333333,8665390000.0,8012585000.0,34593165000.0,0.000525654356007058,0.0005028339792963194
2024,Seattle/Puget Sound,54930021WPEXNHYZUL09,128,63310000.0,7,4575000.0,16,8670000.0,3838500.0,"PLANET HOME LENDING, LLC",,,0.0722634654872848,0.06063023219080714,653571.4285714285,8665390000.0,8012585000.0,34593165000.0,0.0005279623883056619,0.0004790588804986156
2024,Seattle/Puget Sound,5493001B4U37VT2ML818,23,10405000.0,7,4385000.0,10,5140000.0,3758500.0,GESA,,,0.4214320038443056,0.36122056703507927,626428.5714285715,8665390000.0,8012585000.0,34593165000.0,0.0005060360814689241,0.0004690745870402623
2024,Seattle/Puget Sound,5493000349C5XXDRQX28,23,13445000.0,6,4400000.0,9,5975000.0,3644000.0,STG MORTGAGE INC,,,0.32725920416511717,0.27103012272220156,733333.3333333334,8665390000.0,8012585000.0,34593165000.0,0.0005077671056928771,0.00045478456702799407
2024,Seattle/Puget Sound,549300BLL6VL7AXWYP56,81,42085000.0,9,3865000.0,22,9540000.0,3545500.0,CHURCHILL MORTGAGE CORPORATION,,,0.09183794701199953,0.08424616846857551,429444.44444444444,8665390000.0,8012585000.0,34593165000.0,0.00044602724170522044,0.00044249140570739654
2024,Seattle/Puget Sound,5493001GAASLCSP1PB64,17,4925000.0,15,4385000.0,15,4385000.0,3529000.0,"NATIONAL COOPERATIVE BANK, N.A.",,,0.8903553299492386,0.7165482233502538,292333.3333333333,8665390000.0,8012585000.0,34593165000.0,0.0005060360814689241,0.0004404321451816112
2024,Seattle/Puget Sound,549300FX7K8PTEQUU487,33,21015000.0,6,3600000.0,9,5775000.0,3515500.0,PENTAGON FEDERAL CREDIT UNION,,,0.17130620985010706,0.16728527242445873,600000.0,8665390000.0,8012585000.0,34593165000.0,0.0004154458137487176,0.00043874729566051405
2024,Seattle/Puget Sound,5493001XKL0FTNOJ0866,46,27690000.0,7,3855000.0,15,9425000.0,3438000.0,"GENEVA FINANCIAL, LLC",,,0.13921993499458288,0.12416034669555796,550714.2857142857,8665390000.0,8012585000.0,34593165000.0,0.00044487322555591843,0.00042907501137273425
2024,Seattle/Puget Sound,549300Y5Y88FQLI7VE83,16,13870000.0,3,3725000.0,3,3725000.0,3381000.0,DEEPHAVEN MORTGAGE LLC,,,0.2685652487382841,0.2437635183850036,1241666.6666666667,8665390000.0,8012585000.0,34593165000.0,0.0004298710156149925,0.00042196120228365754
2024,Seattle/Puget Sound,549300BX448ALT10FI43,107,62595000.0,6,3660000.0,20,10810000.0,3357500.0,The Federal Savings Bank,,,0.05847112389168464,0.053638469526319996,610000.0,8665390000.0,8012585000.0,34593165000.0,0.0004223699106445296,0.00041902831608026624
2024,Seattle/Puget Sound,254900TG14TB8RKS3U42,34,19370000.0,7,3985000.0,10,5470000.0,3306000.0,"Filo Mortgage, L.L.C.",,,0.2057305110996386,0.1706763035622096,569285.7142857143,8665390000.0,8012585000.0,34593165000.0,0.00045987543549684437,0.00041260092716645125
2024,Seattle/Puget Sound,549300HCNXMTNGIMAR91,3,3635000.0,2,2990000.0,3,3635000.0,3248000.0,United Nations Federal Credit Union,,,0.8225584594222833,0.89353507565337,1495000.0,8665390000.0,8012585000.0,34593165000.0,0.000345050828641296,0.00040536231440914513
2024,Seattle/Puget Sound,549300JYXTZDSPJEPI44,67,39425000.0,7,3765000.0,14,7780000.0,3227500.0,"PLAZA HOME MORTGAGE, INC.",,,0.09549778059606849,0.08186429930247305,537857.1428571428,8665390000.0,8012585000.0,34593165000.0,0.0004344870802122005,0.00040280383921044205
2024,Seattle/Puget Sound,549300QKL5FUBZ8LSF50,91,45295000.0,9,3845000.0,17,7095000.0,3143500.0,"NATIONS DIRECT MORTGAGE, LLC",,,0.08488795672811568,0.06940059609228391,427222.22222222225,8665390000.0,8012585000.0,34593165000.0,0.0004437192094066164,0.00039232033107917106
2024,Seattle/Puget Sound,5493001WHVQBGRSWEU75,38,20160000.0,5,3825000.0,11,5995000.0,3060000.0,"HOMEBRIDGE FINANCIAL SERVICES, INC.",,,0.18973214285714285,0.15178571428571427,765000.0,8665390000.0,8012585000.0,34593165000.0,0.00044141117710801245,0.0003818992247820148
2024,Seattle/Puget Sound,5493006TY8FGNLX44X28,24,13470000.0,6,3700000.0,8,4580000.0,3010500.0,"AXIA FINANCIAL, LLC",,,0.2746844840386043,0.22349665924276169,616666.6666666666,8665390000.0,8012585000.0,34593165000.0,0.0004269859752417375,0.00037572144320465866
2024,Seattle/Puget Sound,549300SBA6BX8HZZF585,1,2985000.0,1,2985000.0,1,2985000.0,2985000.0,"FIDELITY LENDING SOLUTIONS, INC.",,,1.0,1.0,2985000.0,8665390000.0,8012585000.0,34593165000.0,0.000344473820566645,0.00037253894966480855
2024,Seattle/Puget Sound,549300LLESTPOVRG3X73,27,17485000.0,6,3560000.0,7,3945000.0,2886500.0,Farmers Bank & Trust,,,0.20360308836145266,0.165084358021161,593333.3333333334,8665390000.0,8012585000.0,34593165000.0,0.00041082974915150963,0.000360245788344211
2024,Seattle/Puget Sound,549300RN01LBYR8ZVX74,30,15100000.0,6,3410000.0,8,4250000.0,2885000.0,"LOWER, LLC",,,0.22582781456953643,0.19105960264900662,568333.3333333334,8665390000.0,8012585000.0,34593165000.0,0.00039351950691197973,0.0003600585828418669
2024,Seattle/Puget Sound,549300PC4MFWQBNVKG88,23,14305000.0,3,3345000.0,7,5535000.0,2884500.0,"V.I.P. MORTGAGE, INC.",,,0.23383432366305487,0.20164278224397064,1115000.0,8665390000.0,8012585000.0,34593165000.0,0.00038601840194151676,0.0003599961810077522
2024,Seattle/Puget Sound,5493001JT9MT3Z3Y3M39,8,7780000.0,3,3225000.0,3,3225000.0,2883000.0,"RBC Bank, (Georgia) National Association",,,0.41452442159383035,0.3705655526992288,1075000.0,8665390000.0,8012585000.0,34593165000.0,0.00037217020814989284,0.00035980897550540804
2024,Seattle/Puget Sound,549300F6Y1YO2YXN6135,8,10720000.0,3,3595000.0,3,3595000.0,2876000.0,REDWOOD RESIDENTIAL ACQUISITION CORPORATION,,,0.3353544776119403,0.2682835820895522,1198333.3333333333,8665390000.0,8012585000.0,34593165000.0,0.0004148688056740666,0.00035893534982780215
2024,Seattle/Puget Sound,549300JOD3S8ZGZLHP53,7,4105000.0,6,3110000.0,6,3110000.0,2843000.0,"GOOGAIN, INC.",,,0.7576126674786845,0.6925700365408038,518333.3333333333,8665390000.0,8012585000.0,34593165000.0,0.0003588990224329199,0.0003548168287762314
2024,Seattle/Puget Sound,549300O2EZG72LO2FX38,12,8310000.0,4,3470000.0,5,3985000.0,2827500.0,SUMMIT MORTGAGE CORPORATION,,,0.4175691937424789,0.34025270758122744,867500.0,8665390000.0,8012585000.0,34593165000.0,0.0004004436038077917,0.00035288237191867544
2024,Seattle/Puget Sound,ZXMJHJK466PBZTM5F379,10,10820000.0,3,3165000.0,4,4050000.0,2733000.0,Raymond James Bank,,,0.29251386321626616,0.25258780036968576,1055000.0,8665390000.0,8012585000.0,34593165000.0,0.0003652461112540809,0.0003410884252709956
2024,Seattle/Puget Sound,4EP6JBYBTPTQ47LZOB67,3,4405000.0,2,3400000.0,2,3400000.0,2720000.0,"BNY Mellon, National Association",,,0.771850170261067,0.6174801362088536,1700000.0,8665390000.0,8012585000.0,34593165000.0,0.0003923654907626777,0.00033946597758401315
2024,Seattle/Puget Sound,54930048P8RWCQHQM310,17,18975000.0,3,3175000.0,3,3175000.0,2540000.0,ARC HOME LLC,,,0.1673254281949934,0.13386034255599474,1058333.3333333333,8665390000.0,8012585000.0,34593165000.0,0.0003664001274033829,0.00031700131730271814
2024,Seattle/Puget Sound,5493009B17HXCVXTD608,12,8920000.0,3,2915000.0,4,3770000.0,2514000.0,"JMAC LENDING, INC.",,,0.3267937219730942,0.28183856502242155,971666.6666666666,8665390000.0,8012585000.0,34593165000.0,0.0003363957075215311,0.0003137564219287533
2024,Seattle/Puget Sound,2549005Q4HZ55QX7YC64,12,7180000.0,5,2965000.0,5,2965000.0,2489000.0,"Watermark Capital, Inc.",,,0.4129526462395543,0.3466573816155989,593000.0,8665390000.0,8012585000.0,34593165000.0,0.000342165788268041,0.0003106363302230179
2024,Seattle/Puget Sound,549300NFPC3Y4W3Y7R87,50,27400000.0,4,2490000.0,7,3725000.0,2456500.0,CALCON MUTUAL MORTGAGE LLC,,,0.09087591240875913,0.08965328467153284,622500.0,8665390000.0,8012585000.0,34593165000.0,0.00028735002117619634,0.00030658021100556185
2024,Seattle/Puget Sound,QFROUN1UWUYU0DVIWD51,6,4530000.0,2,2540000.0,3,3305000.0,2433000.0,"Fifth Third Bank, National Association",,,0.5607064017660044,0.5370860927152318,1270000.0,8665390000.0,8012585000.0,34593165000.0,0.0002931201019227063,0.0003036473248021706
2024,Seattle/Puget Sound,549300KX4S1573HISS22,11,8795000.0,3,3035000.0,5,3695000.0,2428000.0,OAKTREE FUNDING CORP.,,,0.3450824332006822,0.2760659465605458,1011666.6666666666,8665390000.0,8012585000.0,34593165000.0,0.000350243901313155,0.0003030233064610235
2024,Seattle/Puget Sound,5493000FSLMV0FBEQY36,1,3005000.0,1,3005000.0,1,3005000.0,2404000.0,5493000FSLMV0FBEQY36,,,1.0,0.8,3005000.0,8665390000.0,8012585000.0,34593165000.0,0.000346781852865249,0.0003000280184235175
2024,Seattle/Puget Sound,549300UXY7OP0IC38293,21,13725000.0,4,2470000.0,6,3540000.0,2404000.0,Northpointe Bank,,,0.17996357012750455,0.17515482695810564,617500.0,8665390000.0,8012585000.0,34593165000.0,0.00028504198887759237,0.0003000280184235175
2024,Seattle/Puget Sound,254900O28OG3UMHXQY81,18,10560000.0,4,2820000.0,5,3185000.0,2397000.0,"Strong Home Mortgage, LLC",,,0.26704545454545453,0.22698863636363636,705000.0,8665390000.0,8012585000.0,34593165000.0,0.00032543255410316213,0.0002991543927459116
2024,Seattle/Puget Sound,C398JSK21YCXWM603F55,27,17855000.0,5,2875000.0,6,3270000.0,2349000.0,"Barrington Bank & Trust Company, National Association",,,0.16101932231867824,0.13155978717446093,575000.0,8665390000.0,8012585000.0,34593165000.0,0.0003317796429243231,0.00029316381667089956
2024,Seattle/Puget Sound,254900HEJ9F73IMPX887,14,8860000.0,4,2740000.0,4,2740000.0,2333000.0,"Tomo Mortgage, LLC",,,0.309255079006772,0.2633182844243792,685000.0,8665390000.0,8012585000.0,34593165000.0,0.0003162004249087462,0.0002911669579792289
2024,Seattle/Puget Sound,549300FWQNRPTKXB8G79,22,12800000.0,3,2485000.0,5,3195000.0,2322500.0,"Wallick & Volk, Inc.",,,0.194140625,0.1814453125,828333.3333333334,8665390000.0,8012585000.0,34593165000.0,0.00028677301310154533,0.00028985651946282005
2024,Seattle/Puget Sound,549300HIVO8XPBPNVG69,185,87275000.0,5,2895000.0,34,15990000.0,2316000.0,NOVA FINANCIAL & INVESTMENT CORPORATION,,,0.033171011171584074,0.02653680893726726,579000.0,8665390000.0,8012585000.0,34593165000.0,0.00033408767522292705,0.00028904529561932886
2024,Seattle/Puget Sound,2549009X2AG1P20YAJ63,12,21770000.0,2,2710000.0,3,3095000.0,2168000.0,Axos Bank,,,0.12448323380799264,0.09958658704639411,1355000.0,8665390000.0,8012585000.0,34593165000.0,0.0003127383764608402,0.0002705743527213752
2024,Seattle/Puget Sound,549300UBGGLZLZEY0M18,54,22170000.0,3,2645000.0,6,4020000.0,2116000.0,TWINSTAR,,,0.11930536761389265,0.09544429409111412,881666.6666666666,8665390000.0,8012585000.0,34593165000.0,0.00030523727149037725,0.0002640845619734455
2024,Seattle/Puget Sound,549300UT4EN6IH579Q63,66,32900000.0,5,2565000.0,12,5330000.0,2103000.0,"RIGHT START MORTGAGE, INC.",,,0.07796352583586626,0.0639209726443769,513000.0,8665390000.0,8012585000.0,34593165000.0,0.00029600514229596126,0.0002624621142864631
2024,Seattle/Puget Sound,549300N3JBQ15RQ7AV97,14,8810000.0,3,2015000.0,5,3465000.0,2097000.0,"MORIA DEVELOPMENT, INC.",,,0.22871736662883088,0.2380249716231555,671666.6666666666,8665390000.0,8012585000.0,34593165000.0,0.00023253425408435166,0.0002617132922770866
2024,Seattle/Puget Sound,5493002GI63WHHUTUD85,16,9150000.0,4,2610000.0,5,3605000.0,2088000.0,"KEYSTONE FUNDING, INC.",,,0.28524590163934427,0.22819672131147542,652500.0,8665390000.0,8012585000.0,34593165000.0,0.00030119821496782026,0.00026059005926302184
2024,Seattle/Puget Sound,254900V6GCDMRQZ34D96,3,3405000.0,1,2005000.0,1,2005000.0,2005000.0,LUXURY MORTGAGE CORP.,,,0.5888399412628488,0.5888399412628488,2005000.0,8665390000.0,8012585000.0,34593165000.0,0.00023138023793504967,0.00025023135479998026
2024,Seattle/Puget Sound,549300KJ8PAJ7E52HG32,68,35000000.0,3,1685000.0,10,5040000.0,1998500.0,Plains Commerce Bank,,,0.04814285714285714,0.0571,561666.6666666666,8665390000.0,8012585000.0,34593165000.0,0.00019445172115738587,0.00024942013095648907
2024,Seattle/Puget Sound,549300ISCZS1R0CJMO47,27,17135000.0,3,1965000.0,6,3930000.0,1989000.0,"Premia Mortgage, LLC DBA Premia Relocation Mortgage",,,0.11467756054858477,0.11607820250948352,655000.0,8665390000.0,8012585000.0,34593165000.0,0.00022676417333784168,0.0002482344961083096
2024,Seattle/Puget Sound,549300TMY3OACQC9U777,4,3990000.0,1,2455000.0,1,2455000.0,1964000.0,"Greenbox Loans, Inc.",,,0.6152882205513784,0.49223057644110274,2455000.0,8665390000.0,8012585000.0,34593165000.0,0.00028331096465363935,0.0002451144044025742
2024,Seattle/Puget Sound,549300BXWU32AYWT1A56,18,13480000.0,1,845000.0,4,4020000.0,1912500.0,UIF CORPORATION,,,0.06268545994065282,0.14187685459940652,845000.0,8665390000.0,8012585000.0,34593165000.0,9.751436461601844e-05,0.00023868701548875924
2024,Seattle/Puget Sound,COINQMNIM6RBU631DD85,9,4795000.0,4,2390000.0,6,3140000.0,1912000.0,Arvest Bank,,,0.4984358706986444,0.39874869655891554,597500.0,8665390000.0,8012585000.0,34593165000.0,0.0002758098596831764,0.00023862461365464454
2024,Seattle/Puget Sound,549300FK3AFCFVAPH234,9,6235000.0,3,2305000.0,4,2720000.0,1885500.0,"Leader Bank, National Association",,,0.3696872493985565,0.3024057738572574,768333.3333333334,8665390000.0,8012585000.0,34593165000.0,0.00026600072241410945,0.000235317316446565
2024,Seattle/Puget Sound,5493003Q3L1PO9NBVK64,13,7735000.0,3,2225000.0,5,3455000.0,1847500.0,WHATCOM EDUCATIONAL CREDIT UNION,,,0.28765352294764057,0.23884938590820945,741666.6666666666,8665390000.0,8012585000.0,34593165000.0,0.0002567685932196935,0.00023057477705384718
2024,Seattle/Puget Sound,549300KW3HYVC06WS898,7,4365000.0,1,1785000.0,2,2070000.0,1785000.0,Paramount Bank,,,0.40893470790378006,0.40893470790378006,1785000.0,8665390000.0,8012585000.0,34593165000.0,0.00020599188265040582,0.00022277454778950862
2024,Seattle/Puget Sound,5493002Y5XYV7DV1ZV88,48,27750000.0,4,2170000.0,5,2315000.0,1750500.0,"GOLD STAR MORTGAGE FINANCIAL GROUP, CORPORATION",,,0.0781981981981982,0.06308108108108108,542500.0,8665390000.0,8012585000.0,34593165000.0,0.00025042150439853256,0.00021846882123559375
2024,Seattle/Puget Sound,549300J7I82PNDVU8H22,36,19250000.0,3,1955000.0,5,2885000.0,1734000.0,"OCMBC, INC.",,,0.10155844155844156,0.09007792207792208,651666.6666666666,8665390000.0,8012585000.0,34593165000.0,0.0002256101571885397,0.00021640956070980837
2024,Seattle/Puget Sound,549300UV5JQXLGVWIP44,14,9470000.0,2,1720000.0,2,1720000.0,1720000.0,Devon Bank,,,0.1816261879619852,0.1816261879619852,860000.0,8665390000.0,8012585000.0,34593165000.0,0.00019849077767994285,0.00021466230935459656
2024,Seattle/Puget Sound,549300RPOGWJRH63HS39,46,23460000.0,2,2120000.0,3,2475000.0,1696000.0,UNION HOME MORTGAGE CORP.,,,0.09036658141517477,0.07229326513213981,1060000.0,8665390000.0,8012585000.0,34593165000.0,0.00024465142365202256,0.00021166702131709055
2024,Seattle/Puget Sound,5493000BAKE4VAHVCU55,19,6405000.0,6,2040000.0,8,2850000.0,1664500.0,SALAL Credit Union,,,0.3185011709601874,0.2598750975800156,340000.0,8665390000.0,8012585000.0,34593165000.0,0.00023541929445760663,0.00020773570576786393
2024,Seattle/Puget Sound,549300NOCASXPA34X033,124,61090000.0,3,1685000.0,14,7270000.0,1603500.0,"LAKEVIEW LOAN SERVICING, LLC",,,0.027582255688328696,0.02624815845473891,561666.6666666666,8665390000.0,8012585000.0,34593165000.0,0.00019445172115738587,0.0002001226820058695
2024,Seattle/Puget Sound,2549004FXPNKCLIN8250,57,30405000.0,3,1955000.0,13,5785000.0,1564000.0,"Synergy One Lending, Inc.",,,0.06429863509291235,0.05143890807432988,651666.6666666666,8665390000.0,8012585000.0,34593165000.0,0.0002256101571885397,0.00019519293711080756
2024,Seattle/Puget Sound,549300C4J510S9L1RF98,2,1680000.0,2,1680000.0,2,1680000.0,1561000.0,549300C4J510S9L1RF98,,,1.0,0.9291666666666667,840000.0,8665390000.0,8012585000.0,34593165000.0,0.0001938747130827349,0.0001948185261061193
2024,Seattle/Puget Sound,7DMUJTL9FFTVIAG9H788,4,5310000.0,1,605000.0,2,3270000.0,1550000.0,Commerce Bank,,,0.11393596986817325,0.2919020715630885,605000.0,8665390000.0,8012585000.0,34593165000.0,6.981797703277059e-05,0.00019344568575559572
2024,Seattle/Puget Sound,54930002O9LLXKR6TF11,11,5375000.0,3,1735000.0,6,2890000.0,1539000.0,BAY-VALLEY MORTGAGE GROUP,,,0.3227906976744186,0.28632558139534886,578333.3333333334,8665390000.0,8012585000.0,34593165000.0,0.00020022180190389585,0.00019207284540507215
2024,Seattle/Puget Sound,549300RIPPSJXAQKZ383,1,1525000.0,1,1525000.0,1,1525000.0,1525000.0,549300RIPPSJXAQKZ383,,,1.0,1.0,1525000.0,8665390000.0,8012585000.0,34593165000.0,0.00017598746276855398,0.0001903255940498603
2024,Seattle/Puget Sound,549300UF3FPC7U6RFC59,12,6230000.0,3,1865000.0,3,1865000.0,1492000.0,The Central Trust Bank,,,0.29935794542536115,0.23948635634028892,621666.6666666666,8665390000.0,8012585000.0,34593165000.0,0.00021522401184482175,0.00018620707299828957
2024,Seattle/Puget Sound,5493009Y8ROUG903AQ21,4,3450000.0,2,1860000.0,2,1860000.0,1488000.0,STANFORD Federal Credit Union,,,0.5391304347826087,0.43130434782608695,930000.0,8665390000.0,8012585000.0,34593165000.0,0.00021464700377017075,0.0001857078583253719
2024,Seattle/Puget Sound,549300OPB0G5OMY0SM65,13,4705000.0,4,1480000.0,7,2545000.0,1481000.0,NEW WAVE LENDING GROUP INC,,,0.3145589798087141,0.3147715196599362,370000.0,8665390000.0,8012585000.0,34593165000.0,0.000170794390096695,0.00018483423264776597
2024,Seattle/Puget Sound,549300B4IYL7TZT8FA34,93,43965000.0,4,1770000.0,15,6405000.0,1480500.0,"PREMIER MORTGAGE RESOURCES, L.L.C.",,,0.04025929716820198,0.03367451381780962,442500.0,8665390000.0,8012585000.0,34593165000.0,0.00020426085842645283,0.00018477183081365127
2024,Seattle/Puget Sound,549300XHF3PMRO08N352,10,2740000.0,8,1820000.0,8,1820000.0,1456000.0,VERITY,,,0.6642335766423357,0.5313868613138686,227500.0,8665390000.0,8012585000.0,34593165000.0,0.00021003093917296278,0.00018171414094203056
2024,Seattle/Puget Sound,549300KTR1JGH3K6LU06,7,8555000.0,1,1015000.0,2,2480000.0,1398000.0,Bethpage Federal Credit Union,,,0.11864406779661017,0.16341320864991232,1015000.0,8665390000.0,8012585000.0,34593165000.0,0.00011713263915415232,0.00017447552818472442
2024,Seattle/Puget Sound,2549007ZL90U2M5ZNA78,24,16050000.0,3,1735000.0,3,1735000.0,1388000.0,United Fidelity Funding Corp.,,,0.10809968847352025,0.0864797507788162,578333.3333333334,8665390000.0,8012585000.0,34593165000.0,0.00020022180190389585,0.00017322749150243023
2024,Seattle/Puget Sound,549300YIQ7S7Z8PIHE53,59,20465000.0,3,1395000.0,9,3385000.0,1371500.0,AMERISAVE MORTGAGE CORPORATION,,,0.06816516002931834,0.06701685805032984,465000.0,8665390000.0,8012585000.0,34593165000.0,0.00016098525282762807,0.00017116823097664487
2024,Seattle/Puget Sound,549300RA3E0BUFO7YZ21,6,3420000.0,2,1700000.0,2,1700000.0,1360000.0,"Hometown Equity Mortgage, LLC",,,0.49707602339181284,0.39766081871345027,850000.0,8665390000.0,8012585000.0,34593165000.0,0.00019618274538133886,0.00016973298879200657
2024,Seattle/Puget Sound,549300JPGMCMBEJEK584,9,7825000.0,1,1065000.0,2,2190000.0,1302000.0,DIGITAL,,,0.13610223642172525,0.16638977635782748,1065000.0,8665390000.0,8012585000.0,34593165000.0,0.00012290271990066229,0.0001624943760347004
2024,Seattle/Puget Sound,549300MUXFVZKH4XLG17,15,7595000.0,3,1625000.0,3,1625000.0,1300000.0,"RESIDENTIAL WHOLESALE MORTGAGE, INC.",,,0.2139565503620803,0.17116524028966426,541666.6666666666,8665390000.0,8012585000.0,34593165000.0,0.0001875276242615739,0.0001622447686982416
2024,Seattle/Puget Sound,54930072OCHTUJOZQB56,1,1605000.0,1,1605000.0,1,1605000.0,1284000.0,Liberty,,,1.0,0.8,1605000.0,8665390000.0,8012585000.0,34593165000.0,0.00018521959196296994,0.0001602479100065709
2024,Seattle/Puget Sound,254900QPRPHIXEAX3L37,19,9465000.0,2,1600000.0,3,1945000.0,1280000.0,QUALSTAR CREDIT UNION,,,0.16904384574749076,0.1352350765979926,800000.0,8665390000.0,8012585000.0,34593165000.0,0.00018464258388831893,0.00015974869533365323
2024,Seattle/Puget Sound,WWB2V0FCW3A0EE3ZJN75,27,11875000.0,2,1000000.0,6,3000000.0,1274000.0,Manufacturers and Traders Trust Company,,,0.08421052631578947,0.10728421052631579,500000.0,8665390000.0,8012585000.0,34593165000.0,0.00011540161493019933,0.00015899987332427675
2024,Seattle/Puget Sound,549300VQUTI5IU7GXT57,25,14945000.0,2,1220000.0,6,3740000.0,1228000.0,SECURITYNATIONAL MORTGAGE COMPANY,,,0.08163265306122448,0.08216794914687187,610000.0,8665390000.0,8012585000.0,34593165000.0,0.0001407899702148432,0.00015325890458572358
2024,Seattle/Puget Sound,549300ZPSJZO10ZAX556,6,4890000.0,2,1530000.0,2,1530000.0,1224000.0,"AMERICAN HERITAGE LENDING, LLC",,,0.3128834355828221,0.25030674846625767,765000.0,8665390000.0,8012585000.0,34593165000.0,0.00017656447084320499,0.00015275968991280593
2024,Seattle/Puget Sound,549300Z2B4FHRYOXTS09,21,10725000.0,2,1510000.0,3,1875000.0,1208000.0,Heritage Bank,,,0.1407925407925408,0.11263403263403264,755000.0,8665390000.0,8012585000.0,34593165000.0,0.000174256438544601,0.00015076283122113525
2024,Seattle/Puget Sound,JJKC32MCHWDI71265Z06,10,5970000.0,2,1300000.0,3,2065000.0,1207000.0,Truist Bank,,,0.21775544388609716,0.20217755443886098,650000.0,8665390000.0,8012585000.0,34593165000.0,0.00015002209940925913,0.00015063802755290584
2024,Seattle/Puget Sound,984500F6E6940CCB6A60,2,2370000.0,1,1505000.0,1,1505000.0,1204000.0,984500F6E6940CCB6A60,,,0.6350210970464135,0.5080168776371308,1505000.0,8665390000.0,8012585000.0,34593165000.0,0.00017367943046994998,0.0001502636165482176
2024,Seattle/Puget Sound,549300A5HHOL2ED18C72,5,2845000.0,2,1270000.0,3,1375000.0,1181000.0,AMERITRUST MORTGAGE CORPORATION,,,0.44639718804920914,0.4151142355008787,635000.0,8665390000.0,8012585000.0,34593165000.0,0.00014656005096135314,0.000147393132178941
2024,Seattle/Puget Sound,549300R4F5COFJE0DN81,8,5040000.0,3,1325000.0,3,1325000.0,1165000.0,"ONY GLO, INC.",,,0.2628968253968254,0.23115079365079366,441666.6666666667,8665390000.0,8012585000.0,34593165000.0,0.00015290713978251413,0.00014539627348727035
2024,Seattle/Puget Sound,549300U7UH8QCS8WQ406,1,1445000.0,1,1445000.0,1,1445000.0,1156000.0,PURDUE,,,1.0,0.8,1445000.0,8665390000.0,8012585000.0,34593165000.0,0.00016675533357413802,0.0001442730404732056
2024,Seattle/Puget Sound,549300AG10BX85DF5S49,110,51880000.0,3,1435000.0,10,3990000.0,1148000.0,MLD MORTGAGE INC.,,,0.027659984579799537,0.02212798766383963,478333.3333333333,8665390000.0,8012585000.0,34593165000.0,0.00016560131742483604,0.00014327461112737026
2024,Seattle/Puget Sound,549300BOXNV8VLRBDT24,9,4375000.0,2,1380000.0,3,1585000.0,1104000.0,"AMERICAN INTERNET MORTGAGE, INC.",,,0.31542857142857145,0.25234285714285715,690000.0,8665390000.0,8012585000.0,34593165000.0,0.00015925422860367508,0.00013778324972527593
2024,Seattle/Puget Sound,5493006S869XKIESMV41,8,4310000.0,2,1350000.0,2,1350000.0,1080000.0,Mountain America Federal Credit Union,,,0.31322505800464034,0.2505800464037123,675000.0,8665390000.0,8012585000.0,34593165000.0,0.0001557921801557691,0.00013478796168776993
2024,Seattle/Puget Sound,5493003V40VGM7YDFM54,41,19935000.0,2,880000.0,8,3940000.0,1069500.0,FIRST COLONY MORTGAGE CORPORATION,,,0.044143466265362426,0.05364936042136945,440000.0,8665390000.0,8012585000.0,34593165000.0,0.00010155342113857541,0.00013347752317136106
2024,Seattle/Puget Sound,549300Q6YL1SFVPEGV90,24,12070000.0,2,1120000.0,7,3525000.0,1069500.0,"INTELLILOAN, INC.",,,0.0927920463960232,0.08860811930405965,560000.0,8665390000.0,8012585000.0,34593165000.0,0.00012924980872182324,0.00013347752317136106
2024,Seattle/Puget Sound,549300YEI60WAHWQ3110,66,17940000.0,2,1320000.0,4,2310000.0,1056000.0,KITSAP Credit Union,,,0.07357859531772576,0.0588628762541806,660000.0,8665390000.0,8012585000.0,34593165000.0,0.00015233013170786312,0.00013179267365026392
2024,Seattle/Puget Sound,PAOOWF3GUFM46FBSP561,29,12345000.0,3,1235000.0,6,2480000.0,1047500.0,PHH Mortgage Corporation,,,0.10004050222762252,0.0848521668691778,411666.6666666667,8665390000.0,8012585000.0,34593165000.0,0.00014252099443879619,0.0001307318424703139
2024,Seattle/Puget Sound,2549004CU9LAM5CYA280,2,1730000.0,1,965000.0,1,965000.0,965000.0,KWIK MORTGAGE CORPORATION,,,0.5578034682080925,0.5578034682080925,965000.0,8665390000.0,8012585000.0,34593165000.0,0.00011136255840764236,0.00012043553984138701
2024,Seattle/Puget Sound,549300R9S3MVDV4MGF56,92,36360000.0,2,910000.0,11,4255000.0,918500.0,"CARRINGTON MORTGAGE SERVICES, LLC",,,0.025027502750275026,0.02526127612761276,455000.0,8665390000.0,8012585000.0,34593165000.0,0.00010501546958648139,0.00011463216926871914
2024,Seattle/Puget Sound,5493001GDRY0EL7VG372,40,22790000.0,2,1070000.0,5,2305000.0,916500.0,"ARK-LA-TEX FINANCIAL SERVICES, LLC.",,,0.04695041684949539,0.04021500658183414,535000.0,8665390000.0,8012585000.0,34593165000.0,0.0001234797279753133,0.00011438256193226032
2024,Seattle/Puget Sound,549300GRGZDEH4ZGQS06,10,5170000.0,2,1000000.0,2,1000000.0,895000.0,Waterstone Mortgage Corporation,,,0.19342359767891681,0.17311411992263057,500000.0,8665390000.0,8012585000.0,34593165000.0,0.00011540161493019933,0.00011169928306532785
2024,Seattle/Puget Sound,549300I1HK1BBZLKOB84,8,5920000.0,2,550000.0,3,1605000.0,862000.0,ADVANCIAL CREDIT UNION,,,0.0929054054054054,0.14560810810810812,275000.0,8665390000.0,8012585000.0,34593165000.0,6.347088821160964e-05,0.0001075807620137571
2024,Seattle/Puget Sound,254900KI7219LQKCI772,3,2255000.0,1,1005000.0,1,1005000.0,804000.0,First Western Trust Bank,,,0.44567627494456763,0.3565410199556541,1005000.0,8665390000.0,8012585000.0,34593165000.0,0.00011597862300485032,0.00010034214925645094
2024,Seattle/Puget Sound,54930052M48FOD3CWA54,25,12195000.0,2,1000000.0,3,1675000.0,800000.0,"PRIMARY RESIDENTIAL MORTGAGE, INC.",,,0.08200082000820008,0.06560065600656007,500000.0,8665390000.0,8012585000.0,34593165000.0,0.00011540161493019933,9.984293458353328e-05
2024,Seattle/Puget Sound,549300OZ550X4QD5PC74,1,975000.0,1,975000.0,1,975000.0,780000.0,549300OZ550X4QD5PC74,,,1.0,0.8,975000.0,8665390000.0,8012585000.0,34593165000.0,0.00011251657455694434,9.734686121894495e-05
2024,Seattle/Puget Sound,254900ZX1UPIG2E7TH11,1,965000.0,1,965000.0,1,965000.0,772000.0,"Assurance Financial Group, L.L.C.",,,1.0,0.8,965000.0,8665390000.0,8012585000.0,34593165000.0,0.00011136255840764236,9.634843187310961e-05
2024,Seattle/Puget Sound,54930049L5WINET09Q97,66,27880000.0,1,965000.0,8,3810000.0,772000.0,"Click n' Close, Inc.",,,0.03461262553802009,0.02769010043041607,965000.0,8665390000.0,8012585000.0,34593165000.0,0.00011136255840764236,9.634843187310961e-05
2024,Seattle/Puget Sound,549300RYBJHWWDENV610,2,1480000.0,1,955000.0,1,955000.0,764000.0,549300RYBJHWWDENV610,,,0.6452702702702703,0.5162162162162162,955000.0,8665390000.0,8012585000.0,34593165000.0,0.00011020854225834036,9.535000252727427e-05
2024,Seattle/Puget Sound,2549008LK3474E9U2888,10,4660000.0,2,950000.0,3,1395000.0,760000.0,ONPOINT COMMUNITY CREDIT UNION,,,0.20386266094420602,0.1630901287553648,475000.0,8665390000.0,8012585000.0,34593165000.0,0.00010963153418368937,9.485078785435661e-05
2024,Seattle/Puget Sound,549300VCMRO4ST680C11,140,69880000.0,2,820000.0,20,9400000.0,751000.0,VILLAGE CAPITAL & INVESTMENT LLC,,,0.011734401831711505,0.010746994848311391,410000.0,8665390000.0,8012585000.0,34593165000.0,9.462932424276345e-05,9.372755484029187e-05
2024,Seattle/Puget Sound,5493004RLLKTQS8K7U51,3,1695000.0,1,925000.0,1,925000.0,740000.0,American Airlines Federal Credit Union,,,0.5457227138643068,0.4365781710914454,925000.0,8665390000.0,8012585000.0,34593165000.0,0.00010674649381043438,9.235471448976828e-05
2024,Seattle/Puget Sound,54930030Z1JWTP3SVD16,9,4065000.0,1,815000.0,3,1565000.0,727000.0,"TOP FLITE FINANCIAL, INC.",,,0.2004920049200492,0.17884378843788437,815000.0,8665390000.0,8012585000.0,34593165000.0,9.405231616811246e-05,9.073226680278586e-05
2024,Seattle/Puget Sound,5493002RF1ERFA2XR050,1,885000.0,1,885000.0,1,885000.0,708000.0,Renasant Bank,,,1.0,0.8,885000.0,8665390000.0,8012585000.0,34593165000.0,0.00010213042921322642,8.836099710642695e-05
2024,Seattle/Puget Sound,549300LLQD0X2OTG0Y27,2,1890000.0,1,885000.0,1,885000.0,708000.0,"Home Loan Investment Bank, F.S.B.",,,0.46825396825396826,0.3746031746031746,885000.0,8665390000.0,8012585000.0,34593165000.0,0.00010213042921322642,8.836099710642695e-05
2024,Seattle/Puget Sound,549300DNWSJUNAWUM003,1,875000.0,1,875000.0,1,875000.0,700000.0,"CREDIT UNION MORTGAGE ASSOCIATION, INC.",,,1.0,0.8,875000.0,8665390000.0,8012585000.0,34593165000.0,0.00010097641306392442,8.736256776059161e-05
2024,Seattle/Puget Sound,FDXQ75GPEQKRPWABYN63,2,2380000.0,1,875000.0,1,875000.0,700000.0,CIBC Bank USA,,,0.36764705882352944,0.29411764705882354,875000.0,8665390000.0,8012585000.0,34593165000.0,0.00010097641306392442,8.736256776059161e-05
2024,Seattle/Puget Sound,54930065B0NVUO52TY13,5,2455000.0,1,805000.0,2,1240000.0,687500.0,AmRes Corporation,,,0.32790224032586557,0.280040733197556,805000.0,8665390000.0,8012585000.0,34593165000.0,9.289830001881046e-05,8.580252190772391e-05
2024,Seattle/Puget Sound,549300WYBPIWKK6SQC06,3,2185000.0,1,855000.0,1,855000.0,684000.0,Bell Bank,,,0.391304347826087,0.3130434782608696,855000.0,8665390000.0,8012585000.0,34593165000.0,9.866838076532044e-05,8.536570906892095e-05
2024,Seattle/Puget Sound,549300HVW3AI97UKTO72,4,1960000.0,1,835000.0,2,1180000.0,668000.0,Wings Financial Credit Union,,,0.4260204081632653,0.3408163265306122,835000.0,8665390000.0,8012585000.0,34593165000.0,9.636034846671644e-05,8.336885037725028e-05
2024,Seattle/Puget Sound,5493004WMLN60ZJ2ON46,148,76120000.0,1,525000.0,2,1140000.0,666000.0,PULTE MORTGAGE LLC,,,0.006897004729374672,0.008749343142406727,525000.0,8665390000.0,8012585000.0,34593165000.0,6.058584783835465e-05,8.311924304079146e-05
2024,Seattle/Puget Sound,5493006RIR31ORKYB608,7,3025000.0,1,485000.0,3,1385000.0,658000.0,"LAND HOME FINANCIAL SERVICES, INC.",,,0.16033057851239668,0.21752066115702479,485000.0,8665390000.0,8012585000.0,34593165000.0,5.5969783241146676e-05,8.212081369495612e-05
2024,Seattle/Puget Sound,2549002VH9C0PKB8K153,6,3760000.0,2,820000.0,2,820000.0,656000.0,Logan Finance Corporation,,,0.21808510638297873,0.17446808510638298,410000.0,8665390000.0,8012585000.0,34593165000.0,9.462932424276345e-05,8.187120635849728e-05
2024,Seattle/Puget Sound,549300JRDGV1559XM376,1,805000.0,1,805000.0,1,805000.0,644000.0,"CASTLE & COOKE MORTGAGE, LLC",,,1.0,0.8,805000.0,8665390000.0,8012585000.0,34593165000.0,9.289830001881046e-05,8.03735623397443e-05
2024,Seattle/Puget Sound,549300VVH8HHFMWL8536,4,2440000.0,1,795000.0,1,795000.0,636000.0,CHEVRON Federal Credit Union,,,0.32581967213114754,0.260655737704918,795000.0,8665390000.0,8012585000.0,34593165000.0,9.174428386950847e-05,7.937513299390895e-05
2024,Seattle/Puget Sound,549300ML3H1LUVR1FP75,45,16995000.0,2,790000.0,4,1770000.0,632000.0,O Bee Credit Union,,,0.04648426007649309,0.03718740806119447,395000.0,8665390000.0,8012585000.0,34593165000.0,9.116727579485747e-05,7.887591832099129e-05
2024,Seattle/Puget Sound,6PTKHDJ8HDUF78PFWH30,1,775000.0,1,775000.0,1,775000.0,620000.0,The Northern Trust Company,,,1.0,0.8,775000.0,8665390000.0,8012585000.0,34593165000.0,8.943625157090448e-05,7.737827430223829e-05
2024,Seattle/Puget Sound,549300AT7EB9FJAF0E61,1,765000.0,1,765000.0,1,765000.0,612000.0,Old National Bank,,,1.0,0.8,765000.0,8665390000.0,8012585000.0,34593165000.0,8.828223542160249e-05,7.637984495640296e-05
2024,Seattle/Puget Sound,549300S8SHBRCI7UU819,3,2075000.0,1,765000.0,1,765000.0,612000.0,Baxter Credit Union,,,0.3686746987951807,0.29493975903614456,765000.0,8665390000.0,8012585000.0,34593165000.0,8.828223542160249e-05,7.637984495640296e-05
2024,Seattle/Puget Sound,R7JQ9JTCFHXBQU4XIT26,1,765000.0,1,765000.0,1,765000.0,612000.0,R7JQ9JTCFHXBQU4XIT26,,,1.0,0.8,765000.0,8665390000.0,8012585000.0,34593165000.0,8.828223542160249e-05,7.637984495640296e-05
2024,Seattle/Puget Sound,549300SCFWZXMDMZPE93,26,12300000.0,1,755000.0,2,1210000.0,604000.0,"RESIDENTIAL MORTGAGE, LLC",,,0.06138211382113821,0.049105691056910566,755000.0,8665390000.0,8012585000.0,34593165000.0,8.71282192723005e-05,7.538141561056762e-05
2024,Seattle/Puget Sound,549300XWUSRVVOHPRY47,5,3155000.0,1,755000.0,1,755000.0,604000.0,"EVERETT FINANCIAL, INC.",,,0.2393026941362916,0.19144215530903327,755000.0,8665390000.0,8012585000.0,34593165000.0,8.71282192723005e-05,7.538141561056762e-05
2024,Seattle/Puget Sound,549300PBTV7FCWLSMM53,96,46470000.0,1,675000.0,10,4710000.0,602500.0,"MORTGAGE SOLUTIONS OF COLORADO, LLC",,,0.014525500322788897,0.012965353991822682,675000.0,8665390000.0,8012585000.0,34593165000.0,7.789609007788455e-05,7.51942101082235e-05
2024,Seattle/Puget Sound,2549008TT6UNYR7AXF54,55,25635000.0,1,465000.0,12,5490000.0,602000.0,"Sunflower Bank, National Association",,,0.018139262726740785,0.023483518626877316,465000.0,8665390000.0,8012585000.0,34593165000.0,5.366175094254269e-05,7.51318082741088e-05
2024,Seattle/Puget Sound,5493008SP1FN4D81IS17,2,3290000.0,0,0.0,1,1505000.0,602000.0,Toyota Financial Savings Bank,,,0.0,0.1829787234042553,,8665390000.0,8012585000.0,34593165000.0,0.0,7.51318082741088e-05
2024,Seattle/Puget Sound,5493004F7BXDIUFVPV87,7,2875000.0,2,750000.0,2,750000.0,600000.0,STAR ONE Credit Union,,,0.2608695652173913,0.20869565217391303,375000.0,8665390000.0,8012585000.0,34593165000.0,8.65512111976495e-05,7.488220093764996e-05
2024,Seattle/Puget Sound,254900QRD0ZXHH08TX87,1,745000.0,1,745000.0,1,745000.0,596000.0,"NETWORK FUNDING, L.P.",,,1.0,0.8,745000.0,8665390000.0,8012585000.0,34593165000.0,8.59742031229985e-05,7.43829862647323e-05
2024,Seattle/Puget Sound,549300SK2GVCQXPD4S58,45,21585000.0,2,670000.0,5,2265000.0,577500.0,"SUN WEST MORTGAGE COMPANY, INC.",,,0.03104007412555015,0.026754690757470466,335000.0,8665390000.0,8012585000.0,34593165000.0,7.731908200323356e-05,7.207411840248809e-05
2024,Seattle/Puget Sound,254900YPPMV9UM5FUW09,1,715000.0,1,715000.0,1,715000.0,572000.0,254900YPPMV9UM5FUW09,,,1.0,0.8,715000.0,8665390000.0,8012585000.0,34593165000.0,8.251215467509253e-05,7.13876982272263e-05
2024,Seattle/Puget Sound,5493008GYZEYGLI3NQ97,13,6885000.0,2,710000.0,3,1355000.0,568000.0,PENRITH HOME LOANS LLC,,,0.10312273057371096,0.08249818445896877,355000.0,8665390000.0,8012585000.0,34593165000.0,8.193514660044152e-05,7.088848355430863e-05
2024,Seattle/Puget Sound,5493000OM9RKJW8W5K82,1,695000.0,1,695000.0,1,695000.0,556000.0,ALAMEDA MORTGAGE CORPORATION,,,1.0,0.8,695000.0,8665390000.0,8012585000.0,34593165000.0,8.020412237648853e-05,6.939083953555563e-05
2024,Seattle/Puget Sound,549300KQHWNSVCE2MY88,3,2545000.0,1,695000.0,1,695000.0,556000.0,"SIRVA MORTGAGE, INC.",,,0.2730844793713163,0.21846758349705306,695000.0,8665390000.0,8012585000.0,34593165000.0,8.020412237648853e-05,6.939083953555563e-05
2024,Seattle/Puget Sound,5493001PXRJMPLXPG540,11,3945000.0,2,690000.0,2,690000.0,552000.0,IDAHO CENTRAL CREDIT UNION,,,0.17490494296577946,0.1399239543726236,345000.0,8665390000.0,8012585000.0,34593165000.0,7.962711430183754e-05,6.889162486263797e-05
2024,Seattle/Puget Sound,254900TTZ395IC926125,31,15705000.0,1,685000.0,3,1835000.0,548000.0,"Sierra Pacific Mortgage Company, Inc.",,,0.04361668258516396,0.034893346068131166,685000.0,8665390000.0,8012585000.0,34593165000.0,7.905010622718655e-05,6.83924101897203e-05
2024,Seattle/Puget Sound,549300W4FT4H1UWPGU95,4,2970000.0,1,545000.0,1,545000.0,545000.0,GREENSTATE Credit Union,,,0.1835016835016835,0.1835016835016835,545000.0,8665390000.0,8012585000.0,34593165000.0,6.289388013695863e-05,6.801799918503205e-05
2024,Seattle/Puget Sound,549300P1347BFCBHJV60,1,675000.0,1,675000.0,1,675000.0,540000.0,MASS. INSTITUTE OF TECH. FEDERAL CREDIT UNION,,,1.0,0.8,675000.0,8665390000.0,8012585000.0,34593165000.0,7.789609007788455e-05,6.739398084388496e-05
2024,Seattle/Puget Sound,549300XRXBA38J60S618,4,2620000.0,1,675000.0,1,675000.0,540000.0,JMJ FINANCIAL GROUP,,,0.25763358778625955,0.20610687022900764,675000.0,8665390000.0,8012585000.0,34593165000.0,7.789609007788455e-05,6.739398084388496e-05
2024,Seattle/Puget Sound,549300PQLK8E48ILXV41,4,1130000.0,2,660000.0,2,660000.0,528000.0,549300PQLK8E48ILXV41,,,0.584070796460177,0.4672566371681416,330000.0,8665390000.0,8012585000.0,34593165000.0,7.616506585393156e-05,6.589633682513196e-05
2024,Seattle/Puget Sound,54930034MNPILHP25H80,3,2215000.0,1,655000.0,1,655000.0,524000.0,Gateway First Bank,,,0.29571106094808125,0.236568848758465,655000.0,8665390000.0,8012585000.0,34593165000.0,7.558805777928057e-05,6.53971221522143e-05
2024,Seattle/Puget Sound,549300RYWXR8TL5LIK35,6,2910000.0,1,645000.0,2,1010000.0,516000.0,"ALLIED MORTGAGE GROUP, INC.",,,0.22164948453608246,0.177319587628866,645000.0,8665390000.0,8012585000.0,34593165000.0,7.443404162997857e-05,6.439869280637896e-05
2024,Seattle/Puget Sound,254900T37KTTXKCK3416,1,635000.0,1,635000.0,1,635000.0,508000.0,Rivermark Community,,,1.0,0.8,635000.0,8665390000.0,8012585000.0,34593165000.0,7.328002548067657e-05,6.340026346054363e-05
2024,Seattle/Puget Sound,549300C6TQAJABMFOR79,1,625000.0,1,625000.0,1,625000.0,500000.0,549300C6TQAJABMFOR79,,,1.0,0.8,625000.0,8665390000.0,8012585000.0,34593165000.0,7.212600933137459e-05,6.24018341147083e-05
2024,Seattle/Puget Sound,254900RM3T6WAVE6SA24,2,1170000.0,1,605000.0,1,605000.0,484000.0,AML FUNDING LLC,,,0.5170940170940171,0.41367521367521365,605000.0,8665390000.0,8012585000.0,34593165000.0,6.981797703277059e-05,6.0404975423037636e-05
2024,Seattle/Puget Sound,549300SUCQ1358EGVE89,41,18135000.0,1,465000.0,6,2520000.0,465000.0,"NEW DAY FINANCIAL, LLC",,,0.02564102564102564,0.02564102564102564,465000.0,8665390000.0,8012585000.0,34593165000.0,5.366175094254269e-05,5.803370572667872e-05
2024,Seattle/Puget Sound,549300K4ZLGS7SRDTL86,39,16385000.0,1,545000.0,4,1410000.0,461500.0,Equity Prime Mortgage LLC,,,0.03326212999694843,0.028166005492828806,545000.0,8665390000.0,8012585000.0,34593165000.0,6.289388013695863e-05,5.759689288787576e-05
2024,Seattle/Puget Sound,549300GQDT484LGI9C04,14,5880000.0,1,575000.0,2,910000.0,460000.0,NETWORK CAPITAL FUNDING CORPORATION,,,0.0977891156462585,0.0782312925170068,575000.0,8665390000.0,8012585000.0,34593165000.0,6.635592858486461e-05,5.740968738553164e-05
2024,Seattle/Puget Sound,54930053SM8COVIPIY54,3,1595000.0,1,565000.0,1,565000.0,452000.0,MICHIGAN STATE UNIVERSITY Federal Credit Union,,,0.3542319749216301,0.28338557993730407,565000.0,8665390000.0,8012585000.0,34593165000.0,6.520191243556263e-05,5.6411258039696306e-05
2024,Seattle/Puget Sound,254900WTZC5SSKIN2M11,62,26560000.0,1,455000.0,5,2025000.0,445000.0,First National Bank of America,,,0.017131024096385544,0.016754518072289157,455000.0,8665390000.0,8012585000.0,34593165000.0,5.2507734793240695e-05,5.5537632362090385e-05
2024,Seattle/Puget Sound,254900LTD432L5CHIZ48,37,23335000.0,1,555000.0,1,555000.0,444000.0,Home Mortgage Alliance Corporation (HMAC),,,0.023784015427469468,0.019027212341975575,555000.0,8665390000.0,8012585000.0,34593165000.0,6.404789628626063e-05,5.541282869386097e-05
2024,Seattle/Puget Sound,254900VHUBSJJKOMBF27,1,555000.0,1,555000.0,1,555000.0,444000.0,"GOLDEN EMPIRE MORTGAGE, INC.",,,1.0,0.8,555000.0,8665390000.0,8012585000.0,34593165000.0,6.404789628626063e-05,5.541282869386097e-05
2024,Seattle/Puget Sound,5493000JFVFQFL816N45,1,545000.0,1,545000.0,1,545000.0,436000.0,ENCORE BANK,,,1.0,0.8,545000.0,8665390000.0,8012585000.0,34593165000.0,6.289388013695863e-05,5.4414399348025634e-05
2024,Seattle/Puget Sound,2549007E9BI08H1N1T92,2,990000.0,1,535000.0,1,535000.0,428000.0,AAFMAA Mortgage Services LLC,,,0.5404040404040404,0.43232323232323233,535000.0,8665390000.0,8012585000.0,34593165000.0,6.173986398765665e-05,5.34159700021903e-05
2024,Seattle/Puget Sound,549300NLJI4QKZ3D0G94,5,2855000.0,1,535000.0,1,535000.0,428000.0,"5TH STREET CAPITAL, INC.",,,0.18739054290718038,0.1499124343257443,535000.0,8665390000.0,8012585000.0,34593165000.0,6.173986398765665e-05,5.34159700021903e-05
2024,Seattle/Puget Sound,549300P55E0GN57DEV03,3,1835000.0,0,0.0,1,1055000.0,422000.0,"GEO-CORP, INC.",,,0.0,0.22997275204359674,,8665390000.0,8012585000.0,34593165000.0,0.0,5.266714799281381e-05
2024,Seattle/Puget Sound,549300T5QSL6MC8M4D04,5,1825000.0,1,325000.0,2,700000.0,410000.0,"NORWICH COMMERCIAL GROUP, INC.",,,0.1780821917808219,0.22465753424657534,325000.0,8665390000.0,8012585000.0,34593165000.0,3.750552485231478e-05,5.1169503974060805e-05
2024,Seattle/Puget Sound,549300GE8KIGZVQV1223,1,505000.0,1,505000.0,1,505000.0,404000.0,MORTGAGE EQUITY PARTNERS LLC,,,1.0,0.8,505000.0,8665390000.0,8012585000.0,34593165000.0,5.8277815539750665e-05,5.0420681964684304e-05
2024,Seattle/Puget Sound,S0Q3AHZRL5K6VQE35M07,1,495000.0,1,495000.0,1,495000.0,396000.0,First Merchants Bank,,,1.0,0.8,495000.0,8665390000.0,8012585000.0,34593165000.0,5.712379939044867e-05,4.942225261884897e-05
2024,Seattle/Puget Sound,549300G4JDIJPBEO8J84,2,1010000.0,1,485000.0,1,485000.0,388000.0,GENHOME MORTGAGE CORPORATION,,,0.4801980198019802,0.38415841584158417,485000.0,8665390000.0,8012585000.0,34593165000.0,5.5969783241146676e-05,4.842382327301364e-05
2024,Seattle/Puget Sound,549300LLKEKXL2RM1F61,1,455000.0,1,455000.0,1,455000.0,364000.0,CONTOUR MORTGAGE CORPORATION,,,1.0,0.8,455000.0,8665390000.0,8012585000.0,34593165000.0,5.2507734793240695e-05,4.542853523550764e-05
2024,Seattle/Puget Sound,549300ZIXM1VUXPG4D03,3,1185000.0,1,455000.0,1,455000.0,364000.0,"Florida Capital Bank, National Association",,,0.38396624472573837,0.3071729957805907,455000.0,8665390000.0,8012585000.0,34593165000.0,5.2507734793240695e-05,4.542853523550764e-05
2024,Seattle/Puget Sound,549300TTPRGSP8DGY569,1,445000.0,1,445000.0,1,445000.0,356000.0,WRIGHT PATMAN CONGRESSIONAL FEDERAL CREDIT UNION,,,1.0,0.8,445000.0,8665390000.0,8012585000.0,34593165000.0,5.1353718643938704e-05,4.443010588967231e-05
2024,Seattle/Puget Sound,5493005JPZ3LXXMB0S24,2,2370000.0,0,0.0,1,885000.0,354000.0,"FBC MORTGAGE, LLC",,,0.0,0.14936708860759493,,8665390000.0,8012585000.0,34593165000.0,0.0,4.418049855321348e-05
2024,Seattle/Puget Sound,54930078TNN7GKZ7NU89,2,1190000.0,1,435000.0,1,435000.0,348000.0,54930078TNN7GKZ7NU89,,,0.36554621848739494,0.292436974789916,435000.0,8665390000.0,8012585000.0,34593165000.0,5.019970249463671e-05,4.3431676543836976e-05
2024,Seattle/Puget Sound,5493007VGBHF6SRXRR53,1,435000.0,1,435000.0,1,435000.0,348000.0,TECHNOLOGY CREDIT UNION,,,1.0,0.8,435000.0,8665390000.0,8012585000.0,34593165000.0,5.019970249463671e-05,4.3431676543836976e-05
2024,Seattle/Puget Sound,549300YPBBHUEKV1YC68,7,3695000.0,1,425000.0,1,425000.0,340000.0,"CITY FIRST MORTGAGE SERVICES, L.L.C.",,,0.11502029769959404,0.09201623815967523,425000.0,8665390000.0,8012585000.0,34593165000.0,4.9045686345334715e-05,4.243324719800164e-05
2024,Seattle/Puget Sound,549300N1YEXP02MHBR47,1,415000.0,1,415000.0,1,415000.0,332000.0,"WRIGHT-PATT CREDIT UNION, INC.",,,1.0,0.8,415000.0,8665390000.0,8012585000.0,34593165000.0,4.789167019603272e-05,4.143481785216631e-05
2024,Seattle/Puget Sound,5493004T9SQFCNRQ2L76,1,765000.0,0,0.0,1,765000.0,306000.0,DELMAR FINANCIAL COMPANY,,,0.0,0.4,,8665390000.0,8012585000.0,34593165000.0,0.0,3.818992247820148e-05
2024,Seattle/Puget Sound,HIDXEG9BLUJZKBGUT764,2,1480000.0,1,365000.0,1,365000.0,292000.0,Bank-Fund Staff Federal Credit Union,,,0.24662162162162163,0.1972972972972973,365000.0,8665390000.0,8012585000.0,34593165000.0,4.212158944952275e-05,3.644267112298965e-05
2024,Seattle/Puget Sound,5493002G4JO4BZ22MC13,1,725000.0,0,0.0,1,725000.0,290000.0,"IVY MORTGAGE, INC.",,,0.0,0.4,,8665390000.0,8012585000.0,34593165000.0,0.0,3.6193063786530817e-05
2024,Seattle/Puget Sound,549300Q50XCC0473FG63,4,1760000.0,1,345000.0,1,345000.0,276000.0,QUORUM FEDERAL CREDIT UNION,,,0.19602272727272727,0.15681818181818183,345000.0,8665390000.0,8012585000.0,34593165000.0,3.981355715091877e-05,3.444581243131898e-05
2024,Seattle/Puget Sound,X05BVSK68TQ7YTOSNR22,8,1590000.0,1,305000.0,4,1010000.0,274500.0,Discover Bank,,,0.1918238993710692,0.17264150943396225,305000.0,8665390000.0,8012585000.0,34593165000.0,3.51974925537108e-05,3.4258606928974854e-05
2024,Seattle/Puget Sound,549300Q3ROEQU3D1IW91,100,13030000.0,0,0.0,6,990000.0,265500.0,CREDIT HUMAN FEDERAL CREDIT UNION,,,0.0,0.020376055257099002,,8665390000.0,8012585000.0,34593165000.0,0.0,3.313537391491011e-05
2024,Seattle/Puget Sound,549300CK7U1WMTIG6687,3,1465000.0,1,265000.0,1,265000.0,265000.0,HIGHTECHLENDING INC,,,0.18088737201365188,0.18088737201365188,265000.0,8665390000.0,8012585000.0,34593165000.0,3.058142795650282e-05,3.30729720807954e-05
2024,Seattle/Puget Sound,5493000IIYWBLONJVJ30,7,3045000.0,1,255000.0,2,760000.0,254500.0,ROUNDPOINT MORTGAGE SERVICING LLC,,,0.08374384236453201,0.08357963875205254,255000.0,8665390000.0,8012585000.0,34593165000.0,2.942741180720083e-05,3.1762533564386526e-05
2024,Seattle/Puget Sound,5493008CPTDVOS570626,3,645000.0,1,305000.0,2,430000.0,244000.0,Third Federal Savings and Loan Association of Cleveland,,,0.4728682170542636,0.37829457364341085,305000.0,8665390000.0,8012585000.0,34593165000.0,3.51974925537108e-05,3.045209504797765e-05
2024,Seattle/Puget Sound,5493008JECR4UE0WVR04,11,5985000.0,1,295000.0,3,1345000.0,236000.0,"MORTGAGE EXPRESS, LLC",,,0.04928989139515455,0.039431913116123644,295000.0,8665390000.0,8012585000.0,34593165000.0,3.40434764044088e-05,2.9453665702142317e-05
2024,Seattle/Puget Sound,5493002QRULT2T40BH09,4,2500000.0,1,285000.0,1,285000.0,228000.0,COMMUNITYAMERICA CREDIT UNION,,,0.114,0.0912,285000.0,8665390000.0,8012585000.0,34593165000.0,3.288946025510681e-05,2.8455236356306984e-05
2024,Seattle/Puget Sound,549300PL267CW8182203,39,19435000.0,1,225000.0,5,1975000.0,225000.0,"LoanUnited.com, LLC",,,0.011577051710830975,0.011577051710830975,225000.0,8665390000.0,8012585000.0,34593165000.0,2.596536335929485e-05,2.8080825351618734e-05
2024,Seattle/Puget Sound,549300CB67L6KPJLHE19,203,25085000.0,0,0.0,6,1140000.0,217500.0,"TRIAD FINANCIAL SERVICES, INC.",,,0.0,0.008670520231213872,,8665390000.0,8012585000.0,34593165000.0,0.0,2.714479783989811e-05
2024,Seattle/Puget Sound,54930059GZZ7G4G40O53,34,16530000.0,0,0.0,6,3010000.0,202000.0,Primis Mortgage Company,,,0.0,0.012220205686630368,,8665390000.0,8012585000.0,34593165000.0,0.0,2.5210340982342152e-05
2024,Seattle/Puget Sound,5493001X0T84TYRJ5Y59,2,1020000.0,0,0.0,1,495000.0,198000.0,"VISTA POINT MORTGAGE, LLC",,,0.0,0.19411764705882353,,8665390000.0,8012585000.0,34593165000.0,0.0,2.4711126309424486e-05
2024,Seattle/Puget Sound,5493002B2WMHY23GFK92,20,8220000.0,1,235000.0,1,235000.0,188000.0,"AMERICAN FINANCIAL RESOURCES, INC.",,,0.028588807785888078,0.022871046228710463,235000.0,8665390000.0,8012585000.0,34593165000.0,2.7119379508596843e-05,2.346308962713032e-05
2024,Seattle/Puget Sound,549300K6K2IS7FRS7S09,6,5440000.0,1,225000.0,1,225000.0,180000.0,"North American Savings Bank, F.S.B.",,,0.04136029411764706,0.03308823529411765,225000.0,8665390000.0,8012585000.0,34593165000.0,2.596536335929485e-05,2.246466028129499e-05
2024,Seattle/Puget Sound,549300YN94MOAVYW0F52,69,19075000.0,1,155000.0,18,4460000.0,178000.0,"GoodLeap, LLC",,,0.008125819134993446,0.009331585845347313,155000.0,8665390000.0,8012585000.0,34593165000.0,1.7887250314180896e-05,2.2215052944836154e-05
2024,Seattle/Puget Sound,549300T7HRS5DVBUPQ06,4,2080000.0,0,0.0,1,425000.0,170000.0,549300T7HRS5DVBUPQ06,,,0.0,0.08173076923076923,,8665390000.0,8012585000.0,34593165000.0,0.0,2.121662359900082e-05
2024,Seattle/Puget Sound,549300UG7QXKM7KGV847,8,1160000.0,2,160000.0,3,205000.0,149000.0,ROYAL UNITED MORTGAGE LLC,,,0.13793103448275862,0.12844827586206897,80000.0,8665390000.0,8012585000.0,34593165000.0,1.8464258388831895e-05,1.8595746566183075e-05
2024,Seattle/Puget Sound,549300XCVBRR56D08F03,1,325000.0,0,0.0,1,325000.0,130000.0,"MISSION LOANS, LLC",,,0.0,0.4,,8665390000.0,8012585000.0,34593165000.0,0.0,1.622447686982416e-05
2024,Seattle/Puget Sound,549300WHVRE44NRBU558,26,11910000.0,0,0.0,6,2460000.0,91000.0,549300WHVRE44NRBU558,,,0.0,0.00764063811922754,,8665390000.0,8012585000.0,34593165000.0,0.0,1.135713380887691e-05
2024,Seattle/Puget Sound,549300ALNLUNS3Y53T24,10,4190000.0,0,0.0,2,400000.0,86000.0,AMERICAN FINANCING CORPORATION,,,0.0,0.02052505966587112,,8665390000.0,8012585000.0,34593165000.0,0.0,1.0733115467729828e-05
2024,Seattle/Puget Sound,5493005EYZOUVJUXAX38,35,18175000.0,0,0.0,7,2625000.0,69000.0,"Lakeview Community Capital, LLC",,,0.0,0.003796423658872077,,8665390000.0,8012585000.0,34593165000.0,0.0,8.611453107829746e-06
2024,Seattle/Puget Sound,549300TK6RZQSFXZHV09,8,4560000.0,0,0.0,2,830000.0,58500.0,"MICHIGAN MUTUAL, INC.",,,0.0,0.012828947368421053,,8665390000.0,8012585000.0,34593165000.0,0.0,7.301014591420871e-06
2024,Seattle/Puget Sound,254900JZN2V0PWFMW808,3,1615000.0,0,0.0,1,555000.0,55500.0,AHL FUNDING,,,0.0,0.03436532507739938,,8665390000.0,8012585000.0,34593165000.0,0.0,6.926603586732622e-06
2024,Seattle/Puget Sound,IUGPUX5LWRZ3B6KIZ697,10,6340000.0,0,0.0,2,1080000.0,54500.0,Ameris Bank,,,0.0,0.00859621451104101,,8665390000.0,8012585000.0,34593165000.0,0.0,6.801799918503204e-06
2024,Seattle/Puget Sound,54930021DZJ9CEN11D61,8,3530000.0,0,0.0,2,1160000.0,52500.0,"TJC Mortgage, Inc.",,,0.0,0.014872521246458924,,8665390000.0,8012585000.0,34593165000.0,0.0,6.552192582044371e-06
2024,Seattle/Puget Sound,549300OHLAHJ10DFF198,4,1780000.0,0,0.0,1,495000.0,49500.0,BELEM SERVICING LLC,,,0.0,0.027808988764044945,,8665390000.0,8012585000.0,34593165000.0,0.0,6.177781577356121e-06
2024,Seattle/Puget Sound,549300NJVKCDJA5YC939,8,4670000.0,0,0.0,1,475000.0,47500.0,"HOMEOWNERS FINANCIAL GROUP USA, LLC",,,0.0,0.010171306209850108,,8665390000.0,8012585000.0,34593165000.0,0.0,5.928174240897288e-06
2024,Seattle/Puget Sound,549300JD1162QW84ZO34,3,265000.0,0,0.0,1,105000.0,42000.0,GREENWOOD CREDIT UNION,,,0.0,0.15849056603773584,,8665390000.0,8012585000.0,34593165000.0,0.0,5.2417540656354976e-06
2024,Seattle/Puget Sound,549300TUSRLWD8ETNR90,6,2620000.0,0,0.0,1,415000.0,41500.0,SPOKANE TEACHERS,,,0.0,0.01583969465648855,,8665390000.0,8012585000.0,34593165000.0,0.0,5.179352231520789e-06
2024,Seattle/Puget Sound,5493002QI2ILHHZH8D20,194,121330000.0,0,0.0,1,345000.0,34500.0,"KBHS HOME LOANS, LLC",,,0.0,0.00028434847111184373,,8665390000.0,8012585000.0,34593165000.0,0.0,4.305726553914873e-06
2024,Seattle/Puget Sound,549300F8C5JA44WNMI75,6,2990000.0,0,0.0,1,315000.0,31500.0,AMERICAN NEIGHBORHOOD MORTGAGE ACCEPTANCE COMPANY LLC,,,0.0,0.010535117056856187,,8665390000.0,8012585000.0,34593165000.0,0.0,3.931315549226623e-06
2024,Seattle/Puget Sound,549300DKYWYDD1KM2515,4,2210000.0,0,0.0,1,255000.0,25500.0,SI Mortgage Company,,,0.0,0.011538461538461539,,8665390000.0,8012585000.0,34593165000.0,0.0,3.1824935398501233e-06
2024,Seattle/Puget Sound,549300F570XAWYN8Z237,5,2215000.0,0,0.0,1,225000.0,22500.0,Bank of Hope,,,0.0,0.010158013544018058,,8665390000.0,8012585000.0,34593165000.0,0.0,2.8080825351618736e-06
2024,Seattle/Puget Sound,254900IHSG9OOX0DZH92,6,1650000.0,0,0.0,1,155000.0,15500.0,NorthWest Plus Credit Union,,,0.0,0.009393939393939394,,8665390000.0,8012585000.0,34593165000.0,0.0,1.9344568575559572e-06
2024,Seattle/Puget Sound,2549001IK7UDPADKAG34,2,220000.0,0,0.0,0,0.0,0.0,Unitus Community Credit Union,,,0.0,0.0,,8665390000.0,8012585000.0,34593165000.0,0.0,0.0
2024,Seattle/Puget Sound,2549004XJQQPBYQSMT39,4,5130000.0,0,0.0,0,0.0,0.0,Quontic Bank,,,0.0,0.0,,8665390000.0,8012585000.0,34593165000.0,0.0,0.0
2024,Seattle/Puget Sound,2549007AU24FVDMNUB40,1,1105000.0,0,0.0,0,0.0,0.0,Connexus Credit Union,,,0.0,0.0,,8665390000.0,8012585000.0,34593165000.0,0.0,0.0
2024,Seattle/Puget Sound,2549007IU6SKFLLNKZ07,4,2090000.0,0,0.0,0,0.0,0.0,2549007IU6SKFLLNKZ07,,,0.0,0.0,,8665390000.0,8012585000.0,34593165000.0,0.0,0.0
2024,Seattle/Puget Sound,2549007JZSAICH4GZJ60,1,805000.0,0,0.0,0,0.0,0.0,POINT MORTGAGE CORPORATION,,,0.0,0.0,,8665390000.0,8012585000.0,34593165000.0,0.0,0.0
2024,Seattle/Puget Sound,2549007LQQOUAPFNHY39,3,1445000.0,0,0.0,1,365000.0,0.0,OPTIONWIDE FINANCIAL CORPORATION,,,0.0,0.0,,8665390000.0,8012585000.0,34593165000.0,0.0,0.0
2024,Seattle/Puget Sound,2549007NTZZX7VJJPB03,1,535000.0,0,0.0,1,535000.0,0.0,TexasBank,,,0.0,0.0,,8665390000.0,8012585000.0,34593165000.0,0.0,0.0
2024,Seattle/Puget Sound,2549008GIE3QVYB2FT28,90,38690000.0,0,0.0,0,0.0,0.0,Olympia Federal Savings & Loan Association,,,0.0,0.0,,8665390000.0,8012585000.0,34593165000.0,0.0,0.0
2024,Seattle/Puget Sound,254900F9ZTVTX763V835,1,365000.0,0,0.0,0,0.0,0.0,"Advisors Mortgage Group, L.L.C.",,,0.0,0.0,,8665390000.0,8012585000.0,34593165000.0,0.0,0.0
2024,Seattle/Puget Sound,254900FMBXF85WQYV433,1,1055000.0,0,0.0,0,0.0,0.0,Amalgamated Bank,,,0.0,0.0,,8665390000.0,8012585000.0,34593165000.0,0.0,0.0
2024,Seattle/Puget Sound,254900HA4DQWAE0W3342,14,7400000.0,0,0.0,0,0.0,0.0,"AMERIHOME MORTGAGE COMPANY, LLC",,,0.0,0.0,,8665390000.0,8012585000.0,34593165000.0,0.0,0.0
2024,Seattle/Puget Sound,254900HIDMT4ZG09RP47,10,5200000.0,0,0.0,0,0.0,0.0,CREDENCE FUNDING CORPORATION,,,0.0,0.0,,8665390000.0,8012585000.0,34593165000.0,0.0,0.0
2024,Seattle/Puget Sound,254900HO9WPE4LTLQU96,6,3620000.0,0,0.0,0,0.0,0.0,Valley West Corporation,,,0.0,0.0,,8665390000.0,8012585000.0,34593165000.0,0.0,0.0
2024,Seattle/Puget Sound,254900I68BOSEM149Q58,1,475000.0,0,0.0,0,0.0,0.0,"ENCOMPASS LENDING GROUP, LP",,,0.0,0.0,,8665390000.0,8012585000.0,34593165000.0,0.0,0.0
2024,Seattle/Puget Sound,254900JH11ROOV921P96,1,585000.0,0,0.0,0,0.0,0.0,ML Mortgage Corp.,,,0.0,0.0,,8665390000.0,8012585000.0,34593165000.0,0.0,0.0
2024,Seattle/Puget Sound,254900MKY47WU65N1J56,80,50210000.0,0,0.0,1,285000.0,0.0,Timberland Bank,,,0.0,0.0,,8665390000.0,8012585000.0,34593165000.0,0.0,0.0
2024,Seattle/Puget Sound,254900N49YI2HHKDPS92,2,870000.0,0,0.0,0,0.0,0.0,iQ Credit Union,,,0.0,0.0,,8665390000.0,8012585000.0,34593165000.0,0.0,0.0
2024,Seattle/Puget Sound,254900O723MCLR701H50,1,465000.0,0,0.0,0,0.0,0.0,"Neighborhood Loans, Inc.",,,0.0,0.0,,8665390000.0,8012585000.0,34593165000.0,0.0,0.0
2024,Seattle/Puget Sound,254900P7WLDQD9IUL038,1,775000.0,0,0.0,0,0.0,0.0,Service Federal Credit Union,,,0.0,0.0,,8665390000.0,8012585000.0,34593165000.0,0.0,0.0
2024,Seattle/Puget Sound,254900QNIR86GUIRYH95,1,495000.0,0,0.0,0,0.0,0.0,"FlexPoint, Inc.",,,0.0,0.0,,8665390000.0,8012585000.0,34593165000.0,0.0,0.0
2024,Seattle/Puget Sound,254900R9A6TW85BTVS20,40,18290000.0,0,0.0,0,0.0,0.0,Shea Mortgage Inc.,,,0.0,0.0,,8665390000.0,8012585000.0,34593165000.0,0.0,0.0
2024,Seattle/Puget Sound,254900RFZH9I62FGU045,1,665000.0,0,0.0,0,0.0,0.0,254900RFZH9I62FGU045,,,0.0,0.0,,8665390000.0,8012585000.0,34593165000.0,0.0,0.0
2024,Seattle/Puget Sound,254900RQX8N4HXJIDK44,2,1050000.0,0,0.0,0,0.0,0.0,FRANKLIN LOAN CORPORATION,,,0.0,0.0,,8665390000.0,8012585000.0,34593165000.0,0.0,0.0
2024,Seattle/Puget Sound,254900VX7NAZSPBPUE16,1,395000.0,0,0.0,0,0.0,0.0,"Constant Investments, Inc.",,,0.0,0.0,,8665390000.0,8012585000.0,34593165000.0,0.0,0.0
2024,Seattle/Puget Sound,254900WEP08K7U7S3A80,17,6035000.0,0,0.0,1,405000.0,0.0,Nations Lending Corporation,,,0.0,0.0,,8665390000.0,8012585000.0,34593165000.0,0.0,0.0
2024,Seattle/Puget Sound,54930007KK7ZS3IJVC25,7,2205000.0,0,0.0,1,415000.0,0.0,RED CANOE CREDIT UNION,,,0.0,0.0,,8665390000.0,8012585000.0,34593165000.0,0.0,0.0
2024,Seattle/Puget Sound,5493000EUC3MM52PJV85,9,4245000.0,0,0.0,0,0.0,0.0,CAKE MORTGAGE CORP.,,,0.0,0.0,,8665390000.0,8012585000.0,34593165000.0,0.0,0.0
2024,Seattle/Puget Sound,5493000H6DFDDJRORG89,24,10000000.0,0,0.0,2,520000.0,0.0,"LADERA LENDING, INC.",,,0.0,0.0,,8665390000.0,8012585000.0,34593165000.0,0.0,0.0
2024,Seattle/Puget Sound,5493000WAJ1FMTFL5D75,3,1595000.0,0,0.0,0,0.0,0.0,HomePromise Corporation,,,0.0,0.0,,8665390000.0,8012585000.0,34593165000.0,0.0,0.0
2024,Seattle/Puget Sound,5493000YNV8IX4VD3X12,7,1045000.0,0,0.0,0,0.0,0.0,"VANDERBILT MORTGAGE AND FINANCE, INC.",,,0.0,0.0,,8665390000.0,8012585000.0,34593165000.0,0.0,0.0
2024,Seattle/Puget Sound,54930016ZSB1QWXLRJ13,2,1430000.0,0,0.0,0,0.0,0.0,54930016ZSB1QWXLRJ13,,,0.0,0.0,,8665390000.0,8012585000.0,34593165000.0,0.0,0.0
2024,Seattle/Puget Sound,5493001GCBD5XGNIC815,3,1485000.0,0,0.0,0,0.0,0.0,Coastal Community Bank,,,0.0,0.0,,8665390000.0,8012585000.0,34593165000.0,0.0,0.0
2024,Seattle/Puget Sound,5493001HHBUTXHS7TZ96,259,148785000.0,0,0.0,0,0.0,0.0,HOMEAMERICAN MORTGAGE CORPORATION,,,0.0,0.0,,8665390000.0,8012585000.0,34593165000.0,0.0,0.0
2024,Seattle/Puget Sound,5493001I7Z53NDBE4X59,2,940000.0,0,0.0,0,0.0,0.0,5493001I7Z53NDBE4X59,,,0.0,0.0,,8665390000.0,8012585000.0,34593165000.0,0.0,0.0
2024,Seattle/Puget Sound,5493001K7B4W8IPMZ254,1,595000.0,0,0.0,1,595000.0,0.0,FIRST STANDARD FINANCIAL CORP.,,,0.0,0.0,,8665390000.0,8012585000.0,34593165000.0,0.0,0.0
2024,Seattle/Puget Sound,5493001YIUWLFRXQUO81,1,835000.0,0,0.0,0,0.0,0.0,Summit Mortgage Corporation,,,0.0,0.0,,8665390000.0,8012585000.0,34593165000.0,0.0,0.0
2024,Seattle/Puget Sound,54930022CQGV47Q8PM03,3,1285000.0,0,0.0,1,395000.0,0.0,"SERVIS ONE, INC.",,,0.0,0.0,,8665390000.0,8012585000.0,34593165000.0,0.0,0.0
2024,Seattle/Puget Sound,54930028J11BWKUVGX50,29,11905000.0,0,0.0,5,1565000.0,0.0,HARBORSTONE,,,0.0,0.0,,8665390000.0,8012585000.0,34593165000.0,0.0,0.0
2024,Seattle/Puget Sound,5493002DRIX59V47NM65,1,295000.0,0,0.0,0,0.0,0.0,LOS ANGELES POLICE Federal Credit Union,,,0.0,0.0,,8665390000.0,8012585000.0,34593165000.0,0.0,0.0
2024,Seattle/Puget Sound,5493002TJKC8NLH1ZP82,4,1940000.0,0,0.0,0,0.0,0.0,"MORTGAGEONE, INC.",,,0.0,0.0,,8665390000.0,8012585000.0,34593165000.0,0.0,0.0
2024,Seattle/Puget Sound,5493002WVA17MT4UFH84,1,975000.0,0,0.0,0,0.0,0.0,5493002WVA17MT4UFH84,,,0.0,0.0,,8665390000.0,8012585000.0,34593165000.0,0.0,0.0
2024,Seattle/Puget Sound,5493003B2LEGQHDWRN55,1,725000.0,0,0.0,0,0.0,0.0,Hanscom Federal Credit Union,,,0.0,0.0,,8665390000.0,8012585000.0,34593165000.0,0.0,0.0
2024,Seattle/Puget Sound,5493003BXKRGHQHRJV38,1,1055000.0,0,0.0,0,0.0,0.0,ITHINK FINANCIAL Credit Union,,,0.0,0.0,,8665390000.0,8012585000.0,34593165000.0,0.0,0.0
2024,Seattle/Puget Sound,5493003NV9L53LK1XI52,2,930000.0,0,0.0,1,385000.0,0.0,ROYAL PACIFIC FUNDING CORP.,,,0.0,0.0,,8665390000.0,8012585000.0,34593165000.0,0.0,0.0
2024,Seattle/Puget Sound,5493005ICQ3QGEIWV618,6,1960000.0,0,0.0,2,660000.0,0.0,UNITED MORTGAGE CORP.,,,0.0,0.0,,8665390000.0,8012585000.0,34593165000.0,0.0,0.0
2024,Seattle/Puget Sound,5493005ZSV53K4M63M18,1,55000.0,0,0.0,1,55000.0,0.0,5493005ZSV53K4M63M18,,,0.0,0.0,,8665390000.0,8012585000.0,34593165000.0,0.0,0.0
2024,Seattle/Puget Sound,5493006KXUHSYFT7SD10,1,695000.0,0,0.0,0,0.0,0.0,"LPMC, LLC",,,0.0,0.0,,8665390000.0,8012585000.0,34593165000.0,0.0,0.0
2024,Seattle/Puget Sound,5493006P5IHSK77SZ855,6,3090000.0,0,0.0,1,405000.0,0.0,5493006P5IHSK77SZ855,,,0.0,0.0,,8665390000.0,8012585000.0,34593165000.0,0.0,0.0
2024,Seattle/Puget Sound,549300715JT4HMT74E48,1,185000.0,0,0.0,0,0.0,0.0,Horizon Federally Insured State-Chartered Credit Union,,,0.0,0.0,,8665390000.0,8012585000.0,34593165000.0,0.0,0.0
2024,Seattle/Puget Sound,549300748YYU6VG08N83,27,12465000.0,0,0.0,2,910000.0,0.0,"Loan Simple, Inc.",,,0.0,0.0,,8665390000.0,8012585000.0,34593165000.0,0.0,0.0
2024,Seattle/Puget Sound,5493007CLWQN2S6IZK91,24,14250000.0,0,0.0,1,825000.0,0.0,"Armed Forces Bank, National Association",,,0.0,0.0,,8665390000.0,8012585000.0,34593165000.0,0.0,0.0
2024,Seattle/Puget Sound,5493007VW2EU20PZYU97,246,154550000.0,0,0.0,0,0.0,0.0,INSPIRE HOME LOANS INC.,,,0.0,0.0,,8665390000.0,8012585000.0,34593165000.0,0.0,0.0
2024,Seattle/Puget Sound,5493007ZF78YQRSXQG49,5,3145000.0,0,0.0,0,0.0,0.0,Opportunity Bank of Montana,,,0.0,0.0,,8665390000.0,8012585000.0,34593165000.0,0.0,0.0
2024,Seattle/Puget Sound,54930083D8Q8RK84Y448,22,13170000.0,0,0.0,2,1040000.0,0.0,"AMERICA'S CREDIT UNION, A",,,0.0,0.0,,8665390000.0,8012585000.0,34593165000.0,0.0,0.0
2024,Seattle/Puget Sound,5493008VVXQIDO1EZ460,12,7590000.0,0,0.0,0,0.0,0.0,"SUMMIT FUNDING, INC.",,,0.0,0.0,,8665390000.0,8012585000.0,34593165000.0,0.0,0.0
2024,Seattle/Puget Sound,54930097J3TUZXBXXE75,3,805000.0,0,0.0,0,0.0,0.0,HAPO COMMUNITY CREDIT UNION,,,0.0,0.0,,8665390000.0,8012585000.0,34593165000.0,0.0,0.0
2024,Seattle/Puget Sound,5493009D2COWW65B8673,1,205000.0,0,0.0,1,205000.0,0.0,NORTHROP GRUMMAN Federal Credit Union,,,0.0,0.0,,8665390000.0,8012585000.0,34593165000.0,0.0,0.0
2024,Seattle/Puget Sound,5493009QYNVEZ9VDJU57,1,155000.0,0,0.0,0,0.0,0.0,5493009QYNVEZ9VDJU57,,,0.0,0.0,,8665390000.0,8012585000.0,34593165000.0,0.0,0.0
2024,Seattle/Puget Sound,549300B0HNWBV7RX2661,1,545000.0,0,0.0,0,0.0,0.0,Financial Partners Credit Union,,,0.0,0.0,,8665390000.0,8012585000.0,34593165000.0,0.0,0.0
2024,Seattle/Puget Sound,549300B2JJHSM77T5Y41,4,1240000.0,0,0.0,0,0.0,0.0,LIBERTY HOME MORTGAGE CORPORATION,,,0.0,0.0,,8665390000.0,8012585000.0,34593165000.0,0.0,0.0
2024,Seattle/Puget Sound,549300C1ICNCM0V37Y02,2,1180000.0,0,0.0,0,0.0,0.0,"First State Bank of St. Charles, Missouri",,,0.0,0.0,,8665390000.0,8012585000.0,34593165000.0,0.0,0.0
2024,Seattle/Puget Sound,549300C20KZIWPASBC15,22,13200000.0,0,0.0,0,0.0,0.0,"FIRST CONTINENTAL MORTGAGE, LTD.",,,0.0,0.0,,8665390000.0,8012585000.0,34593165000.0,0.0,0.0
2024,Seattle/Puget Sound,549300C232ZWY1I57C16,1,995000.0,0,0.0,0,0.0,0.0,WESCOM CENTRAL CREDIT UNION,,,0.0,0.0,,8665390000.0,8012585000.0,34593165000.0,0.0,0.0
2024,Seattle/Puget Sound,549300C4RD3C53QCM649,1,305000.0,0,0.0,0,0.0,0.0,"STARBOARD FINANCIAL MANAGEMENT, LLC",,,0.0,0.0,,8665390000.0,8012585000.0,34593165000.0,0.0,0.0
2024,Seattle/Puget Sound,549300CLRXFVF83ZL806,5,1985000.0,0,0.0,0,0.0,0.0,"NATIONWIDE MORTGAGE BANKERS, INC.",,,0.0,0.0,,8665390000.0,8012585000.0,34593165000.0,0.0,0.0
2024,Seattle/Puget Sound,549300CR5XDK0TP7I727,2,980000.0,0,0.0,0,0.0,0.0,"OPEN MORTGAGE, LLC",,,0.0,0.0,,8665390000.0,8012585000.0,34593165000.0,0.0,0.0
2024,Seattle/Puget Sound,549300CXZHD5OTAISA91,4,2330000.0,0,0.0,1,825000.0,0.0,MK LENDING CORP.,,,0.0,0.0,,8665390000.0,8012585000.0,34593165000.0,0.0,0.0
2024,Seattle/Puget Sound,549300DRA4BDXW23LD45,1,485000.0,0,0.0,0,0.0,0.0,"Servion, Inc.",,,0.0,0.0,,8665390000.0,8012585000.0,34593165000.0,0.0,0.0
2024,Seattle/Puget Sound,549300DW87L2IZ7ZHF47,3,1325000.0,0,0.0,0,0.0,0.0,549300DW87L2IZ7ZHF47,,,0.0,0.0,,8665390000.0,8012585000.0,34593165000.0,0.0,0.0
2024,Seattle/Puget Sound,549300EFCZM6KD6B8K69,3,1685000.0,0,0.0,0,0.0,0.0,MORTGAGE ACCESS CORP.,,,0.0,0.0,,8665390000.0,8012585000.0,34593165000.0,0.0,0.0
2024,Seattle/Puget Sound,549300EHWBP6UP4Y8J37,2,1040000.0,0,0.0,0,0.0,0.0,"PLUS RELOCATION MORTGAGE, LLC",,,0.0,0.0,,8665390000.0,8012585000.0,34593165000.0,0.0,0.0
2024,Seattle/Puget Sound,549300ESRQ6OLBB56N04,3,1325000.0,0,0.0,0,0.0,0.0,Glacier Bank,,,0.0,0.0,,8665390000.0,8012585000.0,34593165000.0,0.0,0.0
2024,Seattle/Puget Sound,549300FVD3YHE65PKH97,8,3690000.0,0,0.0,0,0.0,0.0,"PANORAMA MORTGAGE GROUP, LLC",,,0.0,0.0,,8665390000.0,8012585000.0,34593165000.0,0.0,0.0
2024,Seattle/Puget Sound,549300G5DVGM0ZHRQC33,1,555000.0,0,0.0,0,0.0,0.0,CLEARPATH LENDING,,,0.0,0.0,,8665390000.0,8012585000.0,34593165000.0,0.0,0.0
2024,Seattle/Puget Sound,549300GS6ONO04ORI292,3,1775000.0,0,0.0,1,645000.0,0.0,Willamette Valley Bank,,,0.0,0.0,,8665390000.0,8012585000.0,34593165000.0,0.0,0.0
2024,Seattle/Puget Sound,549300GY4NTTEM7WWB64,5,2495000.0,0,0.0,1,365000.0,0.0,Bank of England,,,0.0,0.0,,8665390000.0,8012585000.0,34593165000.0,0.0,0.0
2024,Seattle/Puget Sound,549300H3IZO24NSOO931,492,281090000.0,0,0.0,0,0.0,0.0,"LENNAR MORTGAGE, LLC",,,0.0,0.0,,8665390000.0,8012585000.0,34593165000.0,0.0,0.0
2024,Seattle/Puget Sound,549300HVFLWKU7133506,1,105000.0,0,0.0,0,0.0,0.0,PREMIER AMERICA,,,0.0,0.0,,8665390000.0,8012585000.0,34593165000.0,0.0,0.0
2024,Seattle/Puget Sound,549300I0ICF6REKHOC74,3,1285000.0,0,0.0,0,0.0,0.0,"DIRECT MORTGAGE LOANS, LLC",,,0.0,0.0,,8665390000.0,8012585000.0,34593165000.0,0.0,0.0
2024,Seattle/Puget Sound,549300I43FC7P0IJMR13,2,920000.0,0,0.0,0,0.0,0.0,"LOANLEADERS OF AMERICA, INC.",,,0.0,0.0,,8665390000.0,8012585000.0,34593165000.0,0.0,0.0
2024,Seattle/Puget Sound,549300IEP77RKJ87Z176,1,395000.0,0,0.0,1,395000.0,0.0,OREGON COMMUNITY,,,0.0,0.0,,8665390000.0,8012585000.0,34593165000.0,0.0,0.0
2024,Seattle/Puget Sound,549300IJO7NO6VDZPD35,3,1645000.0,0,0.0,0,0.0,0.0,"THE MORTGAGE LINK, INC.",,,0.0,0.0,,8665390000.0,8012585000.0,34593165000.0,0.0,0.0
2024,Seattle/Puget Sound,549300IRXW9RSZM2B951,1,695000.0,0,0.0,0,0.0,0.0,Evolve Bank & Trust,,,0.0,0.0,,8665390000.0,8012585000.0,34593165000.0,0.0,0.0
2024,Seattle/Puget Sound,549300JZD4L02YZI3Z50,2,1180000.0,0,0.0,0,0.0,0.0,NJ LENDERS CORP.,,,0.0,0.0,,8665390000.0,8012585000.0,34593165000.0,0.0,0.0
2024,Seattle/Puget Sound,549300KDR80I1ELW8D36,9,4855000.0,0,0.0,0,0.0,0.0,"AgWest Farm Credit, FLCA",,,0.0,0.0,,8665390000.0,8012585000.0,34593165000.0,0.0,0.0
2024,Seattle/Puget Sound,549300KPBZCTMM3Y0061,1,635000.0,0,0.0,0,0.0,0.0,NASA Federal Credit Union,,,0.0,0.0,,8665390000.0,8012585000.0,34593165000.0,0.0,0.0
2024,Seattle/Puget Sound,549300KX6E1IE2LM5E30,1,395000.0,0,0.0,0,0.0,0.0,"FLYHOMES MORTGAGE, LLC",,,0.0,0.0,,8665390000.0,8012585000.0,34593165000.0,0.0,0.0
2024,Seattle/Puget Sound,549300KZVCKCUN23YY80,1,255000.0,0,0.0,0,0.0,0.0,Consolidated Federal Credit Union,,,0.0,0.0,,8665390000.0,8012585000.0,34593165000.0,0.0,0.0
2024,Seattle/Puget Sound,549300L44U62O7WHRR78,1,435000.0,0,0.0,0,0.0,0.0,549300L44U62O7WHRR78,,,0.0,0.0,,8665390000.0,8012585000.0,34593165000.0,0.0,0.0
2024,Seattle/Puget Sound,549300L9MOPDT0NKE883,1,505000.0,0,0.0,0,0.0,0.0,"Fidelity Bank, National Association",,,0.0,0.0,,8665390000.0,8012585000.0,34593165000.0,0.0,0.0
2024,Seattle/Puget Sound,549300LI3FDGO7UKFF39,2,1100000.0,0,0.0,1,595000.0,0.0,EAST COAST CAPITAL CORP.,,,0.0,0.0,,8665390000.0,8012585000.0,34593165000.0,0.0,0.0
2024,Seattle/Puget Sound,549300LIZH7VW4DFJK44,2,1520000.0,0,0.0,0,0.0,0.0,Chickasaw Community Bank,,,0.0,0.0,,8665390000.0,8012585000.0,34593165000.0,0.0,0.0
2024,Seattle/Puget Sound,549300LO3MP4RAI32X70,1,565000.0,0,0.0,0,0.0,0.0,First Bank,,,0.0,0.0,,8665390000.0,8012585000.0,34593165000.0,0.0,0.0
2024,Seattle/Puget Sound,549300LP0CV2MNC1GV68,3,2075000.0,0,0.0,0,0.0,0.0,"Academy Bank, National Association",,,0.0,0.0,,8665390000.0,8012585000.0,34593165000.0,0.0,0.0
2024,Seattle/Puget Sound,549300LXKO1O7CSK5J52,2,1040000.0,0,0.0,0,0.0,0.0,"FLAT BRANCH MORTGAGE, INC.",,,0.0,0.0,,8665390000.0,8012585000.0,34593165000.0,0.0,0.0
2024,Seattle/Puget Sound,549300M2Z8GR3VL0QQ74,1,365000.0,0,0.0,1,365000.0,0.0,549300M2Z8GR3VL0QQ74,,,0.0,0.0,,8665390000.0,8012585000.0,34593165000.0,0.0,0.0
2024,Seattle/Puget Sound,549300M8WGW2D17CZD19,2,1040000.0,0,0.0,1,515000.0,0.0,"GARDNER FINANCIAL SERVICES, LTD.",,,0.0,0.0,,8665390000.0,8012585000.0,34593165000.0,0.0,0.0
2024,Seattle/Puget Sound,549300MP3KK77THHQT36,10,5320000.0,0,0.0,0,0.0,0.0,Bank of the Pacific,,,0.0,0.0,,8665390000.0,8012585000.0,34593165000.0,0.0,0.0
2024,Seattle/Puget Sound,549300N2GMOJ61XHEL06,1,785000.0,0,0.0,0,0.0,0.0,549300N2GMOJ61XHEL06,,,0.0,0.0,,8665390000.0,8012585000.0,34593165000.0,0.0,0.0
2024,Seattle/Puget Sound,549300N52O6FKUCU5G62,4,1760000.0,0,0.0,0,0.0,0.0,NUMERICA CREDIT UNION,,,0.0,0.0,,8665390000.0,8012585000.0,34593165000.0,0.0,0.0
2024,Seattle/Puget Sound,549300NN0PRX3I4QGG46,4,1560000.0,0,0.0,0,0.0,0.0,"Mid-Continent Funding, Inc.",,,0.0,0.0,,8665390000.0,8012585000.0,34593165000.0,0.0,0.0
2024,Seattle/Puget Sound,549300O5WDIJU8S7OI05,1,575000.0,0,0.0,0,0.0,0.0,"Stride Bank, National Association",,,0.0,0.0,,8665390000.0,8012585000.0,34593165000.0,0.0,0.0
2024,Seattle/Puget Sound,549300ON2ILGPUVKZT28,1,485000.0,0,0.0,0,0.0,0.0,549300ON2ILGPUVKZT28,,,0.0,0.0,,8665390000.0,8012585000.0,34593165000.0,0.0,0.0
2024,Seattle/Puget Sound,549300OSY236S7MBKO83,2,270000.0,0,0.0,0,0.0,0.0,"CIS Financial Services, Inc.",,,0.0,0.0,,8665390000.0,8012585000.0,34593165000.0,0.0,0.0
2024,Seattle/Puget Sound,549300OYEKEORA1GI088,15,7655000.0,0,0.0,1,405000.0,0.0,"GoPrime Mortgage, Inc.",,,0.0,0.0,,8665390000.0,8012585000.0,34593165000.0,0.0,0.0
2024,Seattle/Puget Sound,549300PKEQ3Q9S0IXW76,2,670000.0,0,0.0,1,445000.0,0.0,UNITED FEDERAL CREDIT UNION,,,0.0,0.0,,8665390000.0,8012585000.0,34593165000.0,0.0,0.0
2024,Seattle/Puget Sound,549300PRAPL43XPYR044,1,845000.0,0,0.0,0,0.0,0.0,"EMET LENDING GROUP, INC.",,,0.0,0.0,,8665390000.0,8012585000.0,34593165000.0,0.0,0.0
2024,Seattle/Puget Sound,549300Q4JBLTKDC7J303,1,635000.0,0,0.0,0,0.0,0.0,"Bank of Whittier, National Association",,,0.0,0.0,,8665390000.0,8012585000.0,34593165000.0,0.0,0.0
2024,Seattle/Puget Sound,549300QD23LICPXTPB55,10,5330000.0,0,0.0,2,870000.0,0.0,"DIGNIFIED HOME LOANS, LLC",,,0.0,0.0,,8665390000.0,8012585000.0,34593165000.0,0.0,0.0
2024,Seattle/Puget Sound,549300R0SXC1JU7ZU290,1,655000.0,0,0.0,0,0.0,0.0,"FIRST COMMUNITY MORTGAGE, INC.",,,0.0,0.0,,8665390000.0,8012585000.0,34593165000.0,0.0,0.0
2024,Seattle/Puget Sound,549300REENMLD2RN3W58,4,1530000.0,0,0.0,0,0.0,0.0,"Magnolia Bank, Incorporated",,,0.0,0.0,,8665390000.0,8012585000.0,34593165000.0,0.0,0.0
2024,Seattle/Puget Sound,549300RFSMIRUODUVW59,1,815000.0,0,0.0,0,0.0,0.0,First Interstate Bank,,,0.0,0.0,,8665390000.0,8012585000.0,34593165000.0,0.0,0.0
2024,Seattle/Puget Sound,549300RM1IZYGQDSNL85,2,900000.0,0,0.0,0,0.0,0.0,"Texana Bank, National Association",,,0.0,0.0,,8665390000.0,8012585000.0,34593165000.0,0.0,0.0
2024,Seattle/Puget Sound,549300RU0T31BIA8UR19,1,435000.0,0,0.0,0,0.0,0.0,549300RU0T31BIA8UR19,,,0.0,0.0,,8665390000.0,8012585000.0,34593165000.0,0.0,0.0
2024,Seattle/Puget Sound,549300S5FVOSK5DQJN30,3,2075000.0,0,0.0,0,0.0,0.0,INTERCAP LENDING INC.,,,0.0,0.0,,8665390000.0,8012585000.0,34593165000.0,0.0,0.0
2024,Seattle/Puget Sound,549300S93XI20FLTGK89,1,685000.0,0,0.0,0,0.0,0.0,549300S93XI20FLTGK89,,,0.0,0.0,,8665390000.0,8012585000.0,34593165000.0,0.0,0.0
2024,Seattle/Puget Sound,549300SQRR7T3EUSDD87,1,925000.0,0,0.0,0,0.0,0.0,"Orchard Mortgage, LLC",,,0.0,0.0,,8665390000.0,8012585000.0,34593165000.0,0.0,0.0
2024,Seattle/Puget Sound,549300T3F9S1MKFKHC53,5,2685000.0,0,0.0,0,0.0,0.0,HOMESTEAD FUNDING CORP.,,,0.0,0.0,,8665390000.0,8012585000.0,34593165000.0,0.0,0.0
2024,Seattle/Puget Sound,549300T9P3WXNMXX0I34,14,7030000.0,0,0.0,0,0.0,0.0,Ixonia Bank,,,0.0,0.0,,8665390000.0,8012585000.0,34593165000.0,0.0,0.0
2024,Seattle/Puget Sound,549300TDBTRK89DZRC13,1,345000.0,0,0.0,0,0.0,0.0,FIBRE,,,0.0,0.0,,8665390000.0,8012585000.0,34593165000.0,0.0,0.0
2024,Seattle/Puget Sound,549300TEBV514KLDE180,4,1070000.0,0,0.0,0,0.0,0.0,PENINSULA COMMUNITY,,,0.0,0.0,,8665390000.0,8012585000.0,34593165000.0,0.0,0.0
2024,Seattle/Puget Sound,549300TQVOMKNKFOH392,1,565000.0,0,0.0,0,0.0,0.0,Gate City Bank,,,0.0,0.0,,8665390000.0,8012585000.0,34593165000.0,0.0,0.0
2024,Seattle/Puget Sound,549300TUQC6OYE8A0Y96,2,1030000.0,0,0.0,0,0.0,0.0,"PACIFIC RESIDENTIAL MORTGAGE, LLC",,,0.0,0.0,,8665390000.0,8012585000.0,34593165000.0,0.0,0.0
2024,Seattle/Puget Sound,549300V3N91EH05UWL23,1,475000.0,0,0.0,0,0.0,0.0,SKYONE Federal Credit Union,,,0.0,0.0,,8665390000.0,8012585000.0,34593165000.0,0.0,0.0
2024,Seattle/Puget Sound,549300V8CF81JGIV7038,1,635000.0,0,0.0,0,0.0,0.0,549300V8CF81JGIV7038,,,0.0,0.0,,8665390000.0,8012585000.0,34593165000.0,0.0,0.0
2024,Seattle/Puget Sound,549300VBY3NBKUNMKL64,1,365000.0,0,0.0,0,0.0,0.0,HONDA Federal Credit Union,,,0.0,0.0,,8665390000.0,8012585000.0,34593165000.0,0.0,0.0
2024,Seattle/Puget Sound,549300VJQJVZKJBDWS17,1,515000.0,0,0.0,0,0.0,0.0,"TOTAL MORTGAGE SERVICES, LLC",,,0.0,0.0,,8665390000.0,8012585000.0,34593165000.0,0.0,0.0
2024,Seattle/Puget Sound,549300VMX06UV1F7NS76,1,485000.0,0,0.0,0,0.0,0.0,"SUCCESS MORTGAGE PARTNERS, INC.",,,0.0,0.0,,8665390000.0,8012585000.0,34593165000.0,0.0,0.0
2024,Seattle/Puget Sound,549300W1HU6IVVIEJ389,3,825000.0,0,0.0,0,0.0,0.0,"RANLIFE, INC.",,,0.0,0.0,,8665390000.0,8012585000.0,34593165000.0,0.0,0.0
2024,Seattle/Puget Sound,549300W45D2J6BT4LX65,10,5030000.0,0,0.0,1,365000.0,0.0,"ALL CREDIT CONSIDERED MORTGAGE, INC.",,,0.0,0.0,,8665390000.0,8012585000.0,34593165000.0,0.0,0.0
2024,Seattle/Puget Sound,549300WEOD0TL2O6EU67,9,4355000.0,0,0.0,1,425000.0,0.0,"MOUNTAIN WEST FINANCIAL, INC.",,,0.0,0.0,,8665390000.0,8012585000.0,34593165000.0,0.0,0.0
2024,Seattle/Puget Sound,549300WRDGBHKR1BXL98,2,1410000.0,0,0.0,0,0.0,0.0,Merchants Bank of Indiana,,,0.0,0.0,,8665390000.0,8012585000.0,34593165000.0,0.0,0.0
2024,Seattle/Puget Sound,549300X08QKYUH256I80,2,1090000.0,0,0.0,0,0.0,0.0,"Goldwater Bank, N.A.",,,0.0,0.0,,8665390000.0,8012585000.0,34593165000.0,0.0,0.0
2024,Seattle/Puget Sound,549300XQ7B5FIVUNFE29,1,645000.0,0,0.0,0,0.0,0.0,VAN DYK MORTGAGE CORPORATION,,,0.0,0.0,,8665390000.0,8012585000.0,34593165000.0,0.0,0.0
2024,Seattle/Puget Sound,549300XQVJ1XBNFA5536,53,6865000.0,0,0.0,1,75000.0,0.0,21ST MORTGAGE CORPORATION,,,0.0,0.0,,8665390000.0,8012585000.0,34593165000.0,0.0,0.0
2024,Seattle/Puget Sound,549300YD7XJM19TH5O82,1,915000.0,0,0.0,1,915000.0,0.0,CITIZENS EQUITY FIRST,,,0.0,0.0,,8665390000.0,8012585000.0,34593165000.0,0.0,0.0
2024,Seattle/Puget Sound,549300YW2UBCMDRMBT48,2,760000.0,0,0.0,0,0.0,0.0,"RELIANCE FIRST CAPITAL, LLC",,,0.0,0.0,,8665390000.0,8012585000.0,34593165000.0,0.0,0.0
2024,Seattle/Puget Sound,549300ZCR1XCLNEEI724,6,4250000.0,0,0.0,0,0.0,0.0,FOUNDATION MORTGAGE CORPORATION,,,0.0,0.0,,8665390000.0,8012585000.0,34593165000.0,0.0,0.0
2024,Seattle/Puget Sound,549300ZS1TR1B4LHX377,4,2570000.0,0,0.0,0,0.0,0.0,Firefighters First Federal Credit Union,,,0.0,0.0,,8665390000.0,8012585000.0,34593165000.0,0.0,0.0
2024,Seattle/Puget Sound,549300ZZME37MXI1EF14,20,12930000.0,0,0.0,2,1200000.0,0.0,"DAS Acquisition Company, LLC",,,0.0,0.0,,8665390000.0,8012585000.0,34593165000.0,0.0,0.0
2024,Seattle/Puget Sound,8I3UVGYULPJQIP7FQV10,1,205000.0,0,0.0,0,0.0,0.0,8I3UVGYULPJQIP7FQV10,,,0.0,0.0,,8665390000.0,8012585000.0,34593165000.0,0.0,0.0
2024,Seattle/Puget Sound,9845006YE04B346EC919,1,565000.0,0,0.0,0,0.0,0.0,9845006YE04B346EC919,,,0.0,0.0,,8665390000.0,8012585000.0,34593165000.0,0.0,0.0
2024,Seattle/Puget Sound,984500CD6F0743B8F530,3,1225000.0,0,0.0,0,0.0,0.0,984500CD6F0743B8F530,,,0.0,0.0,,8665390000.0,8012585000.0,34593165000.0,0.0,0.0
2024,Seattle/Puget Sound,984500P059VACEAAFA22,1,535000.0,0,0.0,0,0.0,0.0,"SUCCESS LENDING, LLC",,,0.0,0.0,,8665390000.0,8012585000.0,34593165000.0,0.0,0.0
2024,Seattle/Puget Sound,984500U2F9A83N391A91,6,3790000.0,0,0.0,0,0.0,0.0,"CHAMPIONS FUNDING, LLC",,,0.0,0.0,,8665390000.0,8012585000.0,34593165000.0,0.0,0.0
2024,Seattle/Puget Sound,COOWI3L2W9TPYR3WJX37,3,2345000.0,0,0.0,0,0.0,0.0,First Horizon Bank,,,0.0,0.0,,8665390000.0,8012585000.0,34593165000.0,0.0,0.0
2024,Seattle/Puget Sound,DRMSV1Q0EKMEXLAU1P80,4,2040000.0,0,0.0,1,335000.0,0.0,"Citizens Bank, National Association",,,0.0,0.0,,8665390000.0,8012585000.0,34593165000.0,0.0,0.0
2024,Seattle/Puget Sound,LDVFX8JEECFFE8HRWA73,1,615000.0,0,0.0,0,0.0,0.0,First National Bank of Omaha,,,0.0,0.0,,8665390000.0,8012585000.0,34593165000.0,0.0,0.0
2024,Seattle/Puget Sound,WKN6AF1FCL7BBYGTGI83,2,1170000.0,0,0.0,0,0.0,0.0,First Savings Bank,,,0.0,0.0,,8665390000.0,8012585000.0,34593165000.0,0.0,0.0
2025,Bay Area,KB1H1DSPRFMYMCUFXT09,5317,7790435000.0,1337,2166025000.0,1484,2302720000.0,2007267500.0,"Wells Fargo Bank, National Association",,,0.2780364639458516,0.25765794849709933,1620063.5751682871,12138370000.0,11266735500.0,65214870000.0,0.17844446989175647,0.17815874882302865
2025,Bay Area,B4TYDEB6GKMZO031MB27,3967,5272345000.0,838,1310390000.0,945,1405195000.0,1229787000.0,"Bank of America, National Association",,,0.24854026054820008,0.2332523763145242,1563711.2171837708,12138370000.0,11266735500.0,65214870000.0,0.10795436290045533,0.10915202544694512
2025,Bay Area,E57ODZWZ7FF32TWEFA76,2782,3767250000.0,588,911570000.0,701,1013565000.0,842211500.0,"Citibank, National Association",,,0.24197226093304133,0.22356135111818967,1550289.1156462585,12138370000.0,11266735500.0,65214870000.0,0.07509822158988398,0.07475204330482418
2025,Bay Area,7H6GLXDRUGQFU57RNE97,3120,3612610000.0,748,961470000.0,918,1107620000.0,826640500.0,"JPMorgan Chase Bank, National Association",,,0.2661427610508746,0.2288208525138335,1285387.7005347593,12138370000.0,11266735500.0,65214870000.0,0.07920915246445775,0.07337001032819133
2025,Bay Area,6BYL5QZYBDK8S7L73M02,3310,3989060000.0,602,781190000.0,776,946410000.0,717365500.0,U.S. Bank National Association,,,0.1958331035381769,0.17983321885356449,1297657.80730897,12138370000.0,11266735500.0,65214870000.0,0.06435707595006579,0.06367110508629585
2025,Bay Area,1IE8VN30JCEQV1H4R804,1102,1593950000.0,366,589840000.0,379,601655000.0,557815000.0,"HSBC BANK USA, NATIONAL ASSOCIATION",,,0.37004924872172906,0.34995765237303555,1611584.699453552,12138370000.0,11266735500.0,65214870000.0,0.04859301537191567,0.0495099046214407
2025,Bay Area,549300FGXN1K3HLB1R50,4936,3560200000.0,424,350190000.0,796,625830000.0,346819000.0,"ROCKET MORTGAGE, LLC",,,0.09836245154766586,0.0974155946295152,825919.8113207547,12138370000.0,11266735500.0,65214870000.0,0.02884983733400778,0.03078256341422056
2025,Bay Area,549300HW662MN1WU8550,6065,4232995000.0,373,332265000.0,843,644685000.0,342173000.0,"UNITED WHOLESALE MORTGAGE, LLC",,,0.07849406862044486,0.0808347281298466,890790.8847184987,12138370000.0,11266735500.0,65214870000.0,0.02737311517114736,0.03037019906964178
2025,Bay Area,3Y4U8VZURTYWI1W2K376,878,1202530000.0,155,282365000.0,184,310530000.0,269383000.0,BMO Bank National Association,,,0.23480911079141475,0.22401353812378902,1821709.677419355,12138370000.0,11266735500.0,65214870000.0,0.023262184296573594,0.023909587652963006
2025,Bay Area,5493001WRXQTCKCA6205,847,698095000.0,337,330565000.0,348,341380000.0,235097000.0,REDWOOD,,,0.47352437705469885,0.3367693508763134,980905.0445103857,12138370000.0,11266735500.0,65214870000.0,0.02723306341790537,0.0208664701501158
2025,Bay Area,549300INFJ8TYNZ1G568,607,890775000.0,158,267780000.0,191,301335000.0,231788000.0,"Charles Schwab Bank, SSB",,,0.30061463332491367,0.26020936824675145,1694810.1265822784,12138370000.0,11266735500.0,65214870000.0,0.02206062263714156,0.020572773719592513
2025,Bay Area,549300VZVN841I2ILS84,2221,1914305000.0,123,133735000.0,495,460885000.0,192302000.0,"CROSSCOUNTRY MORTGAGE, LLC",,,0.06986086334204843,0.1004552566074894,1087276.4227642277,12138370000.0,11266735500.0,65214870000.0,0.01101754189401048,0.017068120574943824
2025,Bay Area,AD6GFRVSDT01YPT1CS68,704,930970000.0,130,200160000.0,179,241345000.0,189956000.0,"PNC Bank, National Association",,,0.21500155751527977,0.2040409465396307,1539692.3076923077,12138370000.0,11266735500.0,65214870000.0,0.016489858193480672,0.016859896995008002
2025,Bay Area,549300GS0W0TEUQS8571,478,726320000.0,128,211020000.0,150,231670000.0,171029500.0,"Morgan Stanley Private Bank, National Association",,,0.2905330983588501,0.23547403348386386,1648593.75,12138370000.0,11266735500.0,65214870000.0,0.017384541746544222,0.015180040394131912
2025,Bay Area,593C3GZG957YOJPS2Z63,401,623595000.0,84,148540000.0,93,160085000.0,137480500.0,City National Bank,,,0.23819947241398665,0.22046440398014738,1768333.3333333333,12138370000.0,11266735500.0,65214870000.0,0.012237227897979713,0.012202336692824643
2025,Bay Area,549300U3721PJGQZYY68,1016,912950000.0,156,142320000.0,245,215115000.0,128727500.0,"GUARANTEED RATE, INC.",,,0.1558902459061285,0.14100169779286928,912307.6923076923,12138370000.0,11266735500.0,65214870000.0,0.011724803247882542,0.011425447948076886
2025,Bay Area,DRMSV1Q0EKMEXLAU1P80,117,300715000.0,52,154950000.0,57,163225000.0,120313000.0,"Citizens Bank, National Association",,,0.5152719352210565,0.4000897860100095,2979807.6923076925,12138370000.0,11266735500.0,65214870000.0,0.012765305391086283,0.01067860339847332
2025,Bay Area,549300G4ESSS6M0MEG51,461,547165000.0,110,139550000.0,136,161350000.0,116130000.0,"OriginPoint, LLC",,,0.25504189778220465,0.21223945245035775,1268636.3636363635,12138370000.0,11266735500.0,65214870000.0,0.011496601273482353,0.010307333477385707
2025,Bay Area,RVDPPPGHCGZ40J4VQ731,1164,1040110000.0,89,106205000.0,205,204945000.0,112708000.0,"PENNYMAC LOAN SERVICES, LLC",,,0.10210939227581699,0.10836161559835017,1193314.606741573,12138370000.0,11266735500.0,65214870000.0,0.008749527325332808,0.010003607522338658
2025,Bay Area,254900VELJPWWT51WN03,545,449115000.0,131,110885000.0,150,124190000.0,92026000.0,General Mortgage Capital Corporation,,,0.24689667457110095,0.20490520245371452,846450.3816793893,12138370000.0,11266735500.0,65214870000.0,0.009135081563669586,0.00816793826392747
2025,Bay Area,549300JOD3S8ZGZLHP53,473,423455000.0,99,93005000.0,114,103180000.0,87484000.0,"GOOGAIN, INC.",,,0.2196337273145907,0.20659574216858934,939444.4444444445,12138370000.0,11266735500.0,65214870000.0,0.00766206665310087,0.007764804632184718
2025,Bay Area,549300GKFNPRWNS0GF29,995,788965000.0,30,29710000.0,238,209930000.0,76159500.0,"CMG MORTGAGE, INC.",,,0.03765693028207842,0.09653089807532654,990333.3333333334,12138370000.0,11266735500.0,65214870000.0,0.0024476103463644625,0.00675967763688071
2025,Bay Area,5493009Y8ROUG903AQ21,246,235280000.0,81,76275000.0,97,89045000.0,69736000.0,STANFORD Federal Credit Union,,,0.32418820129207754,0.2963957837470248,941666.6666666666,12138370000.0,11266735500.0,65214870000.0,0.006283792634431147,0.006189547983974595
2025,Bay Area,549300ZJIC4LOLZH0M42,810,918870000.0,60,71840000.0,89,99915000.0,67898000.0,THE GOLDEN 1,,,0.07818298562364644,0.07389293371205938,1197333.3333333333,12138370000.0,11266735500.0,65214870000.0,0.005918422325238067,0.006026412885968611
2025,Bay Area,549300O6Z0I6KYMESL47,615,471565000.0,88,79580000.0,115,97845000.0,64777500.0,AMWEST FUNDING CORP.,,,0.168757223288412,0.13736706498573897,904318.1818181818,12138370000.0,11266735500.0,65214870000.0,0.006556069719410432,0.005749447122460628
2025,Bay Area,54930001NSTOD85LT125,505,475955000.0,61,70375000.0,81,86875000.0,62387000.0,"GUARANTEED RATE AFFINITY, LLC",,,0.14786061707514367,0.1310775178325682,1153688.524590164,12138370000.0,11266735500.0,65214870000.0,0.005797730667297174,0.005537273862513237
2025,Bay Area,549300E2UX99HKDBR481,835,643065000.0,59,54635000.0,146,112260000.0,58645500.0,"NEW AMERICAN FUNDING, LLC",,,0.08496030727842442,0.09119684635301252,926016.9491525424,12138370000.0,11266735500.0,65214870000.0,0.004501016199044847,0.005205190092551653
2025,Bay Area,L9VVX1KT5TFTKS0MLF66,176,161340000.0,108,77770000.0,108,77770000.0,58252500.0,First-Citizens Bank & Trust Company,,,0.4820255361348705,0.3610542952770547,720092.5925925926,12138370000.0,11266735500.0,65214870000.0,0.00640695579389984,0.005170308648853965
2025,Bay Area,5493004F7BXDIUFVPV87,480,505500000.0,47,54155000.0,68,73570000.0,54200500.0,STAR ONE Credit Union,,,0.10713155291790306,0.1072215628090999,1152234.0425531915,12138370000.0,11266735500.0,65214870000.0,0.004461472174600049,0.004810665875665582
2025,Bay Area,549300OPB0G5OMY0SM65,330,276120000.0,58,60000000.0,75,70445000.0,52938500.0,NEW WAVE LENDING GROUP INC,,,0.21729682746631898,0.1917228016804288,1034482.7586206896,12138370000.0,11266735500.0,65214870000.0,0.004943003055599722,0.004698654725674531
2025,Bay Area,549300KIOYNU323LVJ37,619,437785000.0,61,52665000.0,117,91735000.0,49727500.0,AMERICAN PACIFIC MORTGAGE CORPORATION,,,0.12029877679682949,0.11358886211268088,863360.655737705,12138370000.0,11266735500.0,65214870000.0,0.004338720932052656,0.004413656466862118
2025,Bay Area,5493004AS1SPBQOFDR49,409,355825000.0,32,40540000.0,67,68565000.0,41088000.0,"Commerce Home Mortgage, Inc.",,,0.1139324105950959,0.11547249350101876,1266875.0,12138370000.0,11266735500.0,65214870000.0,0.0033398223979002124,0.0036468416250652197
2025,Bay Area,549300FNXYY540N23N64,617,415385000.0,43,36895000.0,87,71105000.0,38842000.0,NEWREZ LLC,,,0.08882121405443143,0.09350843193663709,858023.2558139535,12138370000.0,11266735500.0,65214870000.0,0.003039534962272529,0.003447493730548658
2025,Bay Area,549300K5R2UQGSNVT989,140,143830000.0,44,48130000.0,55,56075000.0,37568500.0,SAN FRANCISCO FEDERAL CREDIT UNION,,,0.3346311617882222,0.26120072307585346,1093863.6363636365,12138370000.0,11266735500.0,65214870000.0,0.003965112284433577,0.003334461876734392
2025,Bay Area,549300AG64NHILB7ZP05,947,683845000.0,39,37975000.0,77,65155000.0,36590500.0,"LOANDEPOT.COM, LLC",,,0.055531589760837614,0.0535070081670554,973717.9487179487,12138370000.0,11266735500.0,65214870000.0,0.003128509017273324,0.003247657673334037
2025,Bay Area,5493001GAASLCSP1PB64,84,54870000.0,74,50970000.0,74,50970000.0,35679000.0,"NATIONAL COOPERATIVE BANK, N.A.",,,0.928922908693275,0.6502460360852925,688783.7837837838,12138370000.0,11266735500.0,65214870000.0,0.004199081095731964,0.0031667558007374896
2025,Bay Area,5493007VGBHF6SRXRR53,147,162665000.0,33,37205000.0,34,38570000.0,34419000.0,TECHNOLOGY CREDIT UNION,,,0.22872160575415731,0.2115943810899702,1127424.2424242424,12138370000.0,11266735500.0,65214870000.0,0.003065073811393128,0.0030549221644548237
2025,Bay Area,549300GWD9H4FQ2VR805,71,168545000.0,14,46340000.0,15,47535000.0,33993500.0,UBS Bank USA,,,0.27494141030585306,0.201687976504791,3310000.0,12138370000.0,11266735500.0,65214870000.0,0.0038176460266081853,0.0030171561229958756
2025,Bay Area,5493004WMLN60ZJ2ON46,153,141415000.0,35,30835000.0,35,30835000.0,30835000.0,PULTE MORTGAGE LLC,,,0.21804617614821625,0.21804617614821625,881000.0,12138370000.0,11266735500.0,65214870000.0,0.002540291653656957,0.002736817599028574
2025,Bay Area,SS1TRMSN6BRNMOREEV51,180,174290000.0,26,33270000.0,39,41295000.0,30472000.0,"Flagstar Bank, N.A.",,,0.1908887486373286,0.17483504503987607,1279615.3846153845,12138370000.0,11266735500.0,65214870000.0,0.002740895194330046,0.002704598860956663
2025,Bay Area,549300TF1E42EUFBSL45,200,259230000.0,23,31425000.0,41,46875000.0,30143000.0,Mechanics Bank,,,0.12122439532461521,0.11627898005632065,1366304.347826087,12138370000.0,11266735500.0,65214870000.0,0.0025888978503703546,0.0026753978559273003
2025,Bay Area,549300NWBS6MQJX15N44,221,214815000.0,28,31310000.0,43,44015000.0,29784500.0,NexBank,,,0.14575332262644602,0.1386518632311524,1118214.2857142857,12138370000.0,11266735500.0,65214870000.0,0.002579423761180455,0.002643578523699256
2025,Bay Area,F28JOQ8OBWCFUYM0UX93,210,168780000.0,41,31445000.0,68,46270000.0,29714500.0,East West Bank,EWBC,East West Bancorp,0.1863076193861832,0.1760546273255125,766951.2195121951,12138370000.0,11266735500.0,65214870000.0,0.0025905455180555543,0.0026373655439057746
2025,Bay Area,254900P2JMSUZCYLE858,256,258990000.0,24,29340000.0,37,38315000.0,29540000.0,Provident Credit Union,,,0.11328622726746207,0.11405845785551566,1222500.0,12138370000.0,11266735500.0,65214870000.0,0.0024171284941882643,0.0026218774728491673
2025,Bay Area,549300EKFFG3BU8DNX74,165,182945000.0,24,31620000.0,44,46030000.0,28004500.0,NEXERA HOLDING LLC,,,0.1728388313427533,0.15307606111126296,1317500.0,12138370000.0,11266735500.0,65214870000.0,0.0026049626103010538,0.0024855913232364425
2025,Bay Area,549300EM6UG8HE3P8U74,431,382275000.0,31,26795000.0,57,44785000.0,27624500.0,Patelco Credit Union,,,0.0700935190635014,0.07226342292852005,864354.8387096775,12138370000.0,11266735500.0,65214870000.0,0.002207462781246576,0.002451863718643257
2025,Bay Area,549300GAX7IKJUKCJE72,239,199445000.0,25,34255000.0,37,42895000.0,27328500.0,TRAVIS CREDIT UNION,,,0.1717516107197473,0.13702273809822257,1370200.0,12138370000.0,11266735500.0,65214870000.0,0.0028220428278261413,0.00242559168980225
2025,Bay Area,549300IPUHFA5O769M51,362,261840000.0,12,9810000.0,115,87515000.0,27011000.0,"Vellum Mortgage, Inc.",,,0.03746562786434464,0.10315841735410938,817500.0,12138370000.0,11266735500.0,65214870000.0,0.0008081809995905546,0.0023974113885961022
2025,Bay Area,254900E6AIE4Z8YQM970,182,155450000.0,30,31540000.0,45,37335000.0,25553500.0,Citadel Servicing Corporation,,,0.20289482148600838,0.1643840463171438,1051333.3333333333,12138370000.0,11266735500.0,65214870000.0,0.002598371939560254,0.0022680482736103995
2025,Bay Area,254900HA4DQWAE0W3342,105,107245000.0,26,27890000.0,36,35050000.0,23589000.0,"AMERIHOME MORTGAGE COMPANY, LLC",,,0.26005874399738915,0.21995431022425288,1072692.3076923077,12138370000.0,11266735500.0,65214870000.0,0.002297672587011271,0.0020936854335490526
2025,Bay Area,2549004FXPNKCLIN8250,204,180540000.0,14,24930000.0,22,31330000.0,22495500.0,"Synergy One Lending, Inc.",,,0.13808574277168495,0.1246011964107677,1780714.2857142857,12138370000.0,11266735500.0,65214870000.0,0.0020538177696016848,0.001996629813489453
2025,Bay Area,IUGPUX5LWRZ3B6KIZ697,203,124625000.0,36,24820000.0,50,33770000.0,21649500.0,Ameris Bank,,,0.19915747241725176,0.1737171514543631,689444.4444444445,12138370000.0,11266735500.0,65214870000.0,0.002044755597333085,0.0019215415148425203
2025,Bay Area,549300DCGBXW5FJMV921,313,244325000.0,31,25895000.0,40,31520000.0,21446500.0,"NMSI, INC.",,,0.10598587946382891,0.08777857362120127,835322.5806451613,12138370000.0,11266735500.0,65214870000.0,0.0021333177354125803,0.001903523873441424
2025,Bay Area,549300R8VPSFM828B312,74,95310000.0,14,23670000.0,15,25455000.0,21225000.0,TEACHERS FEDERAL CREDIT UNION,,,0.24834749763928235,0.22269436575385584,1690714.2857142857,12138370000.0,11266735500.0,65214870000.0,0.0019500147054340904,0.001883864230237765
2025,Bay Area,KD3XUN7C6T14HNAYLU02,50,118380000.0,15,27475000.0,17,29685000.0,20043000.0,Goldman Sachs Bank USA,,,0.2320915695218787,0.16931069437404966,1831666.6666666667,12138370000.0,11266735500.0,65214870000.0,0.0022634834825433726,0.0017789536285821213
2025,Bay Area,549300XWUSRVVOHPRY47,480,300820000.0,20,16520000.0,63,40635000.0,19325000.0,"EVERETT FINANCIAL, INC.",,,0.05491656139884316,0.06424107439664915,826000.0,12138370000.0,11266735500.0,65214870000.0,0.0013609735079751235,0.0017152262072718401
2025,Bay Area,8WH0EE09O9V05QJZ3V89,142,154550000.0,11,16915000.0,35,34885000.0,19246000.0,"Zions Bancorporation, N.A.",,,0.10944678097703009,0.12452927855063087,1537727.2727272727,12138370000.0,11266735500.0,65214870000.0,0.0013935149447578217,0.0017082144157906255
2025,Bay Area,254900DTLHVWQ7NP7R34,439,286055000.0,17,16805000.0,59,43605000.0,19068000.0,"THE LOAN STORE, INC.",,,0.05874744367341945,0.06665850972715037,988529.4117647059,12138370000.0,11266735500.0,65214870000.0,0.001384452772489222,0.0016924156957443441
2025,Bay Area,549300UI36AJZ0WZ4U93,98,84110000.0,19,18635000.0,19,18635000.0,18635000.0,"Taylor Morrison Home Funding, Inc.",,,0.2215551064082749,0.2215551064082749,980789.4736842106,12138370000.0,11266735500.0,65214870000.0,0.0015352143656850138,0.0016539839778789518
2025,Bay Area,549300QNPOF1WCRKLZ94,127,90525000.0,25,20295000.0,31,24395000.0,18632000.0,San Mateo Credit Union,,,0.22419221209610604,0.20582159624413146,811800.0,12138370000.0,11266735500.0,65214870000.0,0.001671970783556606,0.001653717707316374
2025,Bay Area,C398JSK21YCXWM603F55,90,79000000.0,17,20835000.0,21,22925000.0,18566000.0,"Barrington Bank & Trust Company, National Association",,,0.2637341772151899,0.23501265822784811,1225588.2352941176,12138370000.0,11266735500.0,65214870000.0,0.0017164578110570035,0.0016478597549396629
2025,Bay Area,CKVBED0S4DMLKJJ5XH28,49,82945000.0,11,22645000.0,17,29735000.0,18433500.0,Stifel Bank and Trust,,,0.2730122370245343,0.22223762734342034,2058636.3636363635,12138370000.0,11266735500.0,65214870000.0,0.0018655717365675952,0.0016360994717591444
2025,Bay Area,2549001SI0EMFPT39035,134,141990000.0,12,17060000.0,31,35445000.0,18376000.0,"Cornerstone First Mortgage, Inc",,,0.12014930628917529,0.12941756461722656,1421666.6666666667,12138370000.0,11266735500.0,65214870000.0,0.001405460535475521,0.0016309959526430704
2025,Bay Area,549300LROQOOQU77WS20,134,94910000.0,23,17255000.0,36,27010000.0,16086000.0,LENOX FINANCIAL MORTGAGE CORPORATION,,,0.1818038141397113,0.1694868823095564,750217.3913043478,12138370000.0,11266735500.0,65214870000.0,0.0014215252954062202,0.0014277427565420348
2025,Bay Area,2549009X2AG1P20YAJ63,30,74380000.0,4,14730000.0,6,16560000.0,15279000.0,Axos Bank,,,0.1980371067491261,0.20541812315138477,3682500.0,12138370000.0,11266735500.0,65214870000.0,0.0012135072501497318,0.001356115975208613
2025,Bay Area,549300A4ZI1DF2OO1B51,75,64875000.0,24,19100000.0,25,19635000.0,14969000.0,MERIWEST,,,0.29441233140655104,0.23073603082851638,795833.3333333334,12138370000.0,11266735500.0,65214870000.0,0.0015735226393659115,0.0013286013504089096
2025,Bay Area,549300SK2GVCQXPD4S58,207,127775000.0,22,14440000.0,33,20485000.0,14757500.0,"SUN WEST MORTGAGE COMPANY, INC.",,,0.11301115241635688,0.11549598904324007,656363.6363636364,12138370000.0,11266735500.0,65214870000.0,0.0011896160687143332,0.0013098292757471764
2025,Bay Area,549300CB67L6KPJLHE19,292,63630000.0,55,14585000.0,55,14585000.0,14379000.0,"TRIAD FINANCIAL SERVICES, INC.",,,0.2292157787207292,0.22597831211692598,265181.8181818182,12138370000.0,11266735500.0,65214870000.0,0.0012015616594320325,0.00127623480643528
2025,Bay Area,549300UB5TJ0YPVPT503,176,119720000.0,12,14800000.0,22,22640000.0,14050000.0,MASON MCDUFFIE MORTGAGE CORPORATION,,,0.12362178416304712,0.11735716672235215,1233333.3333333333,12138370000.0,11266735500.0,65214870000.0,0.0012192740870479314,0.0012470338014059174
2025,Bay Area,54930052M48FOD3CWA54,94,64540000.0,18,18810000.0,22,21110000.0,13857000.0,"PRIMARY RESIDENTIAL MORTGAGE, INC.",,,0.29144716454911684,0.21470405949798574,1045000.0,12138370000.0,11266735500.0,65214870000.0,0.0015496314579305128,0.001229903728546747
2025,Bay Area,254900ZFWS2106HWPH46,306,205200000.0,11,11005000.0,31,24105000.0,13325500.0,"Paramount Residential Mortgage Group, Inc.",,,0.05363060428849903,0.06493908382066277,1000454.5454545454,12138370000.0,11266735500.0,65214870000.0,0.000906629143781249,0.0011827294605433844
2025,Bay Area,5493003GQDUH26DNNH17,153,106395000.0,16,14830000.0,23,20275000.0,12990500.0,NAVY FEDERAL CREDIT UNION,,,0.13938624935382302,0.12209690304995535,926875.0,12138370000.0,11266735500.0,65214870000.0,0.0012217455885757313,0.0011529959143888662
2025,Bay Area,549300J7I82PNDVU8H22,293,186455000.0,13,13705000.0,31,23305000.0,12882000.0,"OCMBC, INC.",,,0.07350298999758655,0.06908905634067201,1054230.7692307692,12138370000.0,11266735500.0,65214870000.0,0.0011290642812832364,0.00114336579570897
2025,Bay Area,5493009BD405QQTMXO12,28,21440000.0,18,12870000.0,18,12870000.0,12870000.0,TOLL BROTHERS MORTGAGE COMPANY,,,0.6002798507462687,0.6002798507462687,715000.0,12138370000.0,11266735500.0,65214870000.0,0.0010602741554261404,0.0011423007134586589
2025,Bay Area,549300323EON4W3CCM44,181,124345000.0,14,13650000.0,29,22735000.0,12821000.0,"RESICENTRAL, LLC",,,0.1097752221641401,0.10310828742611283,975000.0,12138370000.0,11266735500.0,65214870000.0,0.0011245331951489368,0.0011379516276032219
2025,Bay Area,549300A5HHOL2ED18C72,170,131720000.0,12,12630000.0,36,25530000.0,12758000.0,AMERITRUST MORTGAGE CORPORATION,,,0.09588521105375038,0.09685696932887944,1052500.0,12138370000.0,11266735500.0,65214870000.0,0.0010405021432037416,0.0011323599457890886
2025,Bay Area,254900IEGKUDRDS23V26,84,71100000.0,13,14925000.0,15,16065000.0,12709500.0,"AAA CAPITAL INVESTMENT, INC.",,,0.20991561181434598,0.17875527426160337,1148076.923076923,12138370000.0,11266735500.0,65214870000.0,0.0012295720100804308,0.0011280552383607478
2025,Bay Area,2549005SIVTHG14U2905,214,134610000.0,18,12900000.0,43,25405000.0,12563000.0,A&D Mortgage LLC,,,0.09583240472476041,0.09332887601218334,716666.6666666666,12138370000.0,11266735500.0,65214870000.0,0.0010627456569539402,0.0011150523592215332
2025,Bay Area,549300AQ3T62GXDU7D76,466,282070000.0,20,13500000.0,38,23420000.0,12249000.0,GUILD MORTGAGE COMPANY LLC,,,0.04786046016946148,0.04342539086042472,675000.0,12138370000.0,11266735500.0,65214870000.0,0.0011121756875099374,0.0010871827070050592
2025,Bay Area,549300MZ8VZJOVC63092,381,244045000.0,13,11145000.0,33,25345000.0,12227500.0,"KIND LENDING, LLC",,,0.04566780716671106,0.050103464524985146,857307.6923076923,12138370000.0,11266735500.0,65214870000.0,0.0009181628175776484,0.0010852744346399185
2025,Bay Area,5493005PKOSG7MYX0B34,80,69920000.0,11,12655000.0,13,13555000.0,12148000.0,"Prosperity Home Mortgage, LLC",,,0.1809925629290618,0.17374141876430205,1150454.5454545454,12138370000.0,11266735500.0,65214870000.0,0.0010425617278102413,0.0010782182647316074
2025,Bay Area,5493006F1N8E3EEF3W63,251,172315000.0,18,11340000.0,38,25570000.0,11856500.0,Fremont Bank,,,0.06580970896323593,0.06880712648347503,630000.0,12138370000.0,11266735500.0,65214870000.0,0.0009342275775083475,0.0010523456417344669
2025,Bay Area,549300LBCBNR1OT00651,223,121155000.0,21,13235000.0,35,20835000.0,11852000.0,NATIONSTAR MORTGAGE LLC,,,0.10924022945813215,0.09782510007841196,630238.0952380953,12138370000.0,11266735500.0,65214870000.0,0.0010903440906810387,0.0010519462358906002
2025,Bay Area,549300MGPZBLQDIL7538,144,99220000.0,11,10285000.0,36,25000000.0,11826500.0,FAIRWAY INDEPENDENT MORTGAGE CORPORATION,,,0.10365853658536585,0.1191947188066922,935000.0,12138370000.0,11266735500.0,65214870000.0,0.0008473131071140524,0.0010496829361086892
2025,Bay Area,549300LYRWPSYPK6S325,286,175050000.0,13,11735000.0,24,19730000.0,11698000.0,FREEDOM MORTGAGE CORPORATION,,,0.0670379891459583,0.06682662096543844,902692.3076923077,12138370000.0,11266735500.0,65214870000.0,0.0009667690142910457,0.0010382776803449412
2025,Bay Area,549300W0YBCUV18HSR42,59,61755000.0,12,15780000.0,13,16895000.0,11380500.0,Tri Counties Bank,,,0.2555258683507408,0.1842846733058052,1315000.0,12138370000.0,11266735500.0,65214870000.0,0.001300009803622727,0.0010100973791387932
2025,Bay Area,549300Q02LGIN9AXKP98,112,130570000.0,10,11560000.0,10,11560000.0,11092000.0,FIRST TECHNOLOGY FEDERAL CREDIT UNION,,,0.08853488550202956,0.08495060121007889,1156000.0,12138370000.0,11266735500.0,65214870000.0,0.0009523519220455465,0.0009844910267042303
2025,Bay Area,549300XY701IELCE5Q08,165,123185000.0,14,11390000.0,25,18095000.0,10373000.0,BETTER MORTGAGE CORPORATION,,,0.0924625563177335,0.08420668100823964,813571.4285714285,12138370000.0,11266735500.0,65214870000.0,0.0009383467467213472,0.0009206748485397567
2025,Bay Area,FT6J43S06X6CLJ0R0B48,55,49065000.0,13,11715000.0,14,11970000.0,9761500.0,Cathay Bank,,,0.23876490369917455,0.19895037195556914,901153.8461538461,12138370000.0,11266735500.0,65214870000.0,0.0009651213466058458,0.0008664000322009867
2025,Bay Area,549300QIUZLVR1OLDH55,16,27270000.0,7,12495000.0,9,14985000.0,9493500.0,Genisys Credit Union,,,0.4581958195819582,0.34812981298129814,1785000.0,12138370000.0,11266735500.0,65214870000.0,0.0010293803863286421,0.000842613195277372
2025,Bay Area,213800XR2TCBQJSF1X93,67,49945000.0,12,10910000.0,20,16270000.0,9401500.0,NBKC BANK,,,0.218440284312744,0.18823706076684352,909166.6666666666,12138370000.0,11266735500.0,65214870000.0,0.0008988027222765495,0.0008344475646916536
2025,Bay Area,549300370QILXLFUWD20,108,72760000.0,10,8710000.0,25,17205000.0,9063000.0,"ZILLOW HOME LOANS, LLC",,,0.1197086311159978,0.12456019791094007,871000.0,12138370000.0,11266735500.0,65214870000.0,0.0007175592769045597,0.0008044033695474612
2025,Bay Area,549300PL8ER6H23P0Z91,85,64545000.0,8,8750000.0,20,15620000.0,8588000.0,BAY EQUITY LLC,,,0.13556433496010536,0.13305445812998684,1093750.0,12138370000.0,11266735500.0,65214870000.0,0.0007208546122749595,0.00076224386380598
2025,Bay Area,5493000349C5XXDRQX28,162,140370000.0,6,7550000.0,15,15695000.0,8463000.0,STG MORTGAGE INC,,,0.05378642160005699,0.06029066039752084,1258333.3333333333,12138370000.0,11266735500.0,65214870000.0,0.000621994551162965,0.000751149257031906
2025,Bay Area,5493000EUC3MM52PJV85,45,57405000.0,6,9160000.0,9,11585000.0,8171000.0,CAKE MORTGAGE CORP.,,,0.15956798188311122,0.14233951746363557,1526666.6666666667,12138370000.0,11266735500.0,65214870000.0,0.0007546317998215576,0.0007252322556076692
2025,Bay Area,54930043BMDE130FJ617,236,138600000.0,13,7165000.0,23,13435000.0,7696500.0,"PROVIDENT FUNDING ASSOCIATES, L.P.",,,0.0516955266955267,0.05553030303030303,551153.8461538461,12138370000.0,11266735500.0,65214870000.0,0.0005902769482228668,0.0006831171282932842
2025,Bay Area,54930054ET8KM4O1D485,70,58850000.0,10,9710000.0,14,12720000.0,7676000.0,"SOFI BANK, NATIONAL ASSOCIATION",,,0.16499575191163976,0.13043330501274428,971000.0,12138370000.0,11266735500.0,65214870000.0,0.0007999426611645551,0.0006812976127823361
2025,Bay Area,549300HRLROF7PLJ6735,55,72025000.0,7,9175000.0,9,10765000.0,7122500.0,CLEAREDGE LENDING LLC,,,0.12738632419298854,0.09888927455744533,1310714.2857142857,12138370000.0,11266735500.0,65214870000.0,0.0007558675505854576,0.0006321706939867364
2025,Bay Area,549300NLJI4QKZ3D0G94,22,19060000.0,7,8445000.0,11,10255000.0,6891500.0,"5TH STREET CAPITAL, INC.",,,0.44307450157397693,0.3615687303252886,1206428.5714285714,12138370000.0,11266735500.0,65214870000.0,0.0006957276800756609,0.0006116678606682477
2025,Bay Area,549300SBA6BX8HZZF585,45,41675000.0,13,9225000.0,15,10495000.0,6838500.0,"FIDELITY LENDING SOLUTIONS, INC.",,,0.22135572885422916,0.16409118176364726,709615.3846153846,12138370000.0,11266735500.0,65214870000.0,0.0007599867197984573,0.0006069637473960403
2025,Bay Area,254900TTZ395IC926125,190,111630000.0,10,6930000.0,19,12445000.0,6827500.0,"Sierra Pacific Mortgage Company, Inc.",,,0.06208008599838753,0.06116187404819493,693000.0,12138370000.0,11266735500.0,65214870000.0,0.0005709168529217679,0.0006059874219999218
2025,Bay Area,549300T94GSH3C4U5M59,85,84675000.0,5,6085000.0,15,15155000.0,6699000.0,ALLIANT CREDIT UNION,,,0.07186300560968409,0.07911426040744021,1217000.0,12138370000.0,11266735500.0,65214870000.0,0.0005013028932220718,0.0005945821662361738
2025,Bay Area,549300121SF0K2LN2804,73,58095000.0,6,5440000.0,15,12295000.0,6665000.0,"PRIMELENDING, A PLAINSCAPITAL COMPANY",,,0.09363972803167227,0.11472588002409846,906666.6666666666,12138370000.0,11266735500.0,65214870000.0,0.00044816561037437484,0.0005915644331936257
2025,Bay Area,ZXMJHJK466PBZTM5F379,12,21030000.0,4,7360000.0,5,8035000.0,6256000.0,Raymond James Bank,,,0.34997622444127435,0.29747979077508324,1840000.0,12138370000.0,11266735500.0,65214870000.0,0.0006063417081535659,0.0005552628798288554
2025,Bay Area,984500U2F9A83N391A91,98,78710000.0,7,6225000.0,11,9245000.0,6252000.0,"CHAMPIONS FUNDING, LLC",,,0.07908779062380891,0.07943082200482784,889285.7142857143,12138370000.0,11266735500.0,65214870000.0,0.0005128365670184712,0.0005549078524120851
2025,Bay Area,2549002VH9C0PKB8K153,40,54250000.0,4,5950000.0,9,12365000.0,6121000.0,Logan Finance Corporation,,,0.10967741935483871,0.1128294930875576,1487500.0,12138370000.0,11266735500.0,65214870000.0,0.0004901811363469725,0.0005432807045128555
2025,Bay Area,54930048P8RWCQHQM310,53,63605000.0,4,6080000.0,7,9145000.0,6074500.0,ARC HOME LLC,,,0.09558996934203286,0.09550349815266096,1520000.0,12138370000.0,11266735500.0,65214870000.0,0.0005008909763007718,0.0005391535107929001
2025,Bay Area,549300ESNLIWVN3TK065,5,8265000.0,4,6780000.0,4,6780000.0,5951000.0,CBC Federal Credit Union,,,0.8203266787658802,0.7200241984271022,1695000.0,12138370000.0,11266735500.0,65214870000.0,0.0005585593452827687,0.000528192039300115
2025,Bay Area,549300DD4R4SYK5RAQ92,45,48435000.0,4,5210000.0,9,10335000.0,5848500.0,"MOVEMENT MORTGAGE, LLC",,,0.10756684215959533,0.12074945803654383,1302500.0,12138370000.0,11266735500.0,65214870000.0,0.0004292174319945759,0.0005190944617453743
2025,Bay Area,549300DD5QQUHO6PCH70,251,168155000.0,5,3925000.0,15,12785000.0,5753000.0,"Mortgage Research Center, LLC",,,0.023341559870357707,0.034212482530998185,785000.0,12138370000.0,11266735500.0,65214870000.0,0.00032335478322048183,0.0005106181821699817
2025,Bay Area,549300VVH8HHFMWL8536,120,124030000.0,3,4675000.0,16,17230000.0,5702000.0,CHEVRON Federal Credit Union,,,0.03769249375151173,0.0459727485285818,1558333.3333333333,12138370000.0,11266735500.0,65214870000.0,0.00038514232141547837,0.0005060915826061596
2025,Bay Area,549300H3IZO24NSOO931,196,142470000.0,15,8035000.0,15,8035000.0,5624500.0,"LENNAR MORTGAGE, LLC",,,0.056397838141363094,0.039478486698954166,535666.6666666666,12138370000.0,11266735500.0,65214870000.0,0.0006619504925290628,0.0004992129264062336
2025,Bay Area,5493008NWHQT1R22C024,84,67550000.0,4,5930000.0,11,10825000.0,5458500.0,"AMERICAN FINANCIAL NETWORK, INC.",,,0.08778682457438934,0.08080680977054035,1482500.0,12138370000.0,11266735500.0,65214870000.0,0.0004885334686617726,0.00048447928861026335
2025,Bay Area,549300NOCASXPA34X033,112,73000000.0,6,5750000.0,13,10205000.0,5443500.0,"LAKEVIEW LOAN SERVICING, LLC",,,0.07876712328767123,0.07456849315068494,958333.3333333334,12138370000.0,11266735500.0,65214870000.0,0.00047370445949497335,0.0004831479357973745
2025,Bay Area,549300UR5AOWTJJ7KZ64,39,35535000.0,5,6645000.0,8,8770000.0,5289000.0,LENDSURE MORTGAGE CORP.,,,0.1869987336428873,0.14883917264668636,1329000.0,12138370000.0,11266735500.0,65214870000.0,0.0005474375884076693,0.00046943500182461905
2025,Bay Area,549300OPCWU6E72WUT29,90,59150000.0,8,4520000.0,17,9965000.0,5285000.0,"MUTUAL OF OMAHA MORTGAGE, INC.",,,0.07641589180050719,0.0893491124260355,565000.0,12138370000.0,11266735500.0,65214870000.0,0.0003723728968551791,0.00046907997440784864
2025,Bay Area,5493001NJEVHTZW7FG34,52,43900000.0,5,4075000.0,14,10840000.0,5271500.0,SCHOOLSFIRST,,,0.0928246013667426,0.12007972665148063,815000.0,12138370000.0,11266735500.0,65214870000.0,0.00033571229085948114,0.00046788175687624865
2025,Bay Area,549300A68YW07V5R5G22,11,19465000.0,4,6350000.0,4,6350000.0,5205500.0,FUNDLOANS CAPITAL,,,0.32622656049319293,0.2674287182121757,1587500.0,12138370000.0,11266735500.0,65214870000.0,0.0005231344900509706,0.0004620238044995376
2025,Bay Area,5493001WHVQBGRSWEU75,41,27975000.0,5,5555000.0,7,6845000.0,5087000.0,"HOMEBRIDGE FINANCIAL SERVICES, INC.",,,0.19857015192135835,0.18184092940125113,1111000.0,12138370000.0,11266735500.0,65214870000.0,0.00045763969956427427,0.00045150611727771544
2025,Bay Area,5493001X0T84TYRJ5Y59,21,27565000.0,2,4210000.0,4,6980000.0,5041000.0,"VISTA POINT MORTGAGE, LLC",,,0.15272991111917286,0.18287683656811174,2105000.0,12138370000.0,11266735500.0,65214870000.0,0.0003468340477345805,0.0004474233019848562
2025,Bay Area,5493003B20KZ3DEZGB43,24,24910000.0,5,5245000.0,5,5245000.0,5021500.0,Royal Business Bank,,,0.21055800883179446,0.2015857085507828,1049000.0,12138370000.0,11266735500.0,65214870000.0,0.0004321008504436757,0.0004456925433281007
2025,Bay Area,549300J6N77Q8OHYNF23,136,82820000.0,6,3840000.0,21,11995000.0,4994500.0,"ENVOY MORTGAGE, LTD",,,0.046365612170973194,0.06030548176768896,640000.0,12138370000.0,11266735500.0,65214870000.0,0.0003163521955583822,0.0004432961082649007
2025,Bay Area,5493005NIBYLNJC10826,39,27115000.0,9,6115000.0,9,6115000.0,4904000.0,"T. J. FINANCIAL, INC.",,,0.22552092937488474,0.18085930296883643,679444.4444444445,12138370000.0,11266735500.0,65214870000.0,0.0005037743947498717,0.00043526361296047114
2025,Bay Area,549300R77W0P105C3S50,93,77835000.0,5,3105000.0,26,15070000.0,4900500.0,HOMEXPRESS MORTGAGE CORP.,,,0.039892079398728075,0.06296010792060128,621000.0,12138370000.0,11266735500.0,65214870000.0,0.00025580040812728564,0.000434952963970797
2025,Bay Area,549300KM40FP4MSQU941,15,17415000.0,3,4635000.0,5,7055000.0,4846000.0,Boeing Employees Credit Union,,,0.2661498708010336,0.2782658627619868,1545000.0,12138370000.0,11266735500.0,65214870000.0,0.0003818469860450785,0.00043011571541730077
2025,Bay Area,FDXQ75GPEQKRPWABYN63,22,14810000.0,19,6845000.0,19,6845000.0,4791500.0,CIBC Bank USA,,,0.462187711006077,0.3235313977042539,360263.15789473685,12138370000.0,11266735500.0,65214870000.0,0.0005639142652596683,0.0004252784668638045
2025,Bay Area,549300PRAPL43XPYR044,48,38270000.0,7,4975000.0,13,8185000.0,4744000.0,"EMET LENDING GROUP, INC.",,,0.12999738698719623,0.12396132741050431,710714.2857142857,12138370000.0,11266735500.0,65214870000.0,0.000409857336693477,0.0004210625162896564
2025,Bay Area,5493009B17HXCVXTD608,124,108600000.0,3,5665000.0,7,8015000.0,4670500.0,"JMAC LENDING, INC.",,,0.05216390423572744,0.04300644567219153,1888333.3333333333,12138370000.0,11266735500.0,65214870000.0,0.0004667018718328738,0.0004145388875065009
2025,Bay Area,549300AG10BX85DF5S49,185,105205000.0,1,475000.0,28,15260000.0,4590000.0,MLD MORTGAGE INC.,,,0.004514994534480301,0.04362910508055701,475000.0,12138370000.0,11266735500.0,65214870000.0,3.91321075234978e-05,0.00040739396074399725
2025,Bay Area,549300Y5Y88FQLI7VE83,40,44810000.0,5,4775000.0,8,6220000.0,4563000.0,DEEPHAVEN MORTGAGE LLC,,,0.10656103548315109,0.10182994867217139,955000.0,12138370000.0,11266735500.0,65214870000.0,0.0003933806598414779,0.00040499752568079727
2025,Bay Area,549300XQVJ1XBNFA5536,115,23885000.0,21,4615000.0,21,4615000.0,4548500.0,21ST MORTGAGE CORPORATION,,,0.193217500523341,0.1904333263554532,219761.90476190476,12138370000.0,11266735500.0,65214870000.0,0.0003801993183598786,0.00040371055129500465
2025,Bay Area,549300RPOGWJRH63HS39,152,91630000.0,5,3115000.0,18,10680000.0,4433500.0,UNION HOME MORTGAGE CORP.,,,0.033995416348357524,0.048384808468842085,623000.0,12138370000.0,11266735500.0,65214870000.0,0.0002566242419698856,0.0003935035130628566
2025,Bay Area,5493001SDQVS1NWYH012,61,42895000.0,3,4885000.0,4,5520000.0,4252000.0,"PREMIER LENDING, INC.",,,0.11388273691572444,0.09912577223452616,1628333.3333333333,12138370000.0,11266735500.0,65214870000.0,0.0004024428321100774,0.00037739414402690116
2025,Bay Area,549300F6Y1YO2YXN6135,7,14795000.0,3,4715000.0,3,4715000.0,4052000.0,REDWOOD RESIDENTIAL ACQUISITION CORPORATION,,,0.3186887461980399,0.2738763095640419,1571666.6666666667,12138370000.0,11266735500.0,65214870000.0,0.0003884376567858782,0.00035964277318838275
2025,Bay Area,WWB2V0FCW3A0EE3ZJN75,21,19105000.0,4,3830000.0,6,6690000.0,3963500.0,Manufacturers and Traders Trust Company,,,0.2004710808688825,0.20745878042397278,957500.0,12138370000.0,11266735500.0,65214870000.0,0.00031552836171578225,0.00035178779159233833
2025,Bay Area,54930002O9LLXKR6TF11,40,29980000.0,4,3850000.0,7,5185000.0,3940000.0,BAY-VALLEY MORTGAGE GROUP,,,0.128418945963976,0.1314209472981988,962500.0,12138370000.0,11266735500.0,65214870000.0,0.00031717602940098215,0.0003497020055188124
2025,Bay Area,5493003NV9L53LK1XI52,39,30525000.0,3,3915000.0,6,5600000.0,3816500.0,ROYAL PACIFIC FUNDING CORP.,,,0.12825552825552824,0.12502866502866503,1305000.0,12138370000.0,11266735500.0,65214870000.0,0.0003225309493778819,0.0003387405340260273
2025,Bay Area,549300F6NSBOJBM9ED39,28,25720000.0,3,4165000.0,6,4640000.0,3766000.0,NuVision Federal Credit Union,,,0.1619362363919129,0.14642301710730948,1388333.3333333333,12138370000.0,11266735500.0,65214870000.0,0.0003431267954428807,0.0003342583128893014
2025,Bay Area,549300KSOOZZVXCMA627,47,43645000.0,4,4030000.0,10,6140000.0,3751500.0,ANGEL OAK MORTGAGE SOLUTIONS LLC,,,0.09233589185473709,0.08595486310001145,1007500.0,12138370000.0,11266735500.0,65214870000.0,0.00033200503856778136,0.00033297133850350885
2025,Bay Area,549300FX7K8PTEQUU487,31,18245000.0,4,3460000.0,6,5150000.0,3688500.0,PENTAGON FEDERAL CREDIT UNION,,,0.18964099753357083,0.20216497670594683,865000.0,12138370000.0,11266735500.0,65214870000.0,0.000285046509539584,0.00032737965668937555
2025,Bay Area,549300UXY7OP0IC38293,32,23790000.0,6,3960000.0,10,6300000.0,3673500.0,Northpointe Bank,,,0.1664564943253468,0.15441361916771754,660000.0,12138370000.0,11266735500.0,65214870000.0,0.00032623820166958166,0.0003260483038764867
2025,Bay Area,5493000OM9RKJW8W5K82,158,95650000.0,2,2470000.0,15,10825000.0,3421500.0,ALAMEDA MORTGAGE CORPORATION,,,0.02582331416623105,0.03577104025091479,1235000.0,12138370000.0,11266735500.0,65214870000.0,0.00020348695912218855,0.0003036815766199535
2025,Bay Area,549300KTR1JGH3K6LU06,24,25840000.0,4,4220000.0,5,4725000.0,3411000.0,Bethpage Federal Credit Union,,,0.163312693498452,0.1320046439628483,1055000.0,12138370000.0,11266735500.0,65214870000.0,0.0003476578815771805,0.00030274962965093127
2025,Bay Area,4EP6JBYBTPTQ47LZOB67,11,16245000.0,3,4335000.0,5,5575000.0,3406500.0,"BNY Mellon, National Association",,,0.26685133887349954,0.20969529085872576,1445000.0,12138370000.0,11266735500.0,65214870000.0,0.00035713197076707996,0.00030235022380706463
2025,Bay Area,549300R4F5COFJE0DN81,36,33810000.0,3,2755000.0,5,4495000.0,3277000.0,"ONY GLO, INC.",,,0.08148476782017154,0.09692398698609879,918333.3333333334,12138370000.0,11266735500.0,65214870000.0,0.00022696622363628725,0.00029085621118912395
2025,Bay Area,549300FK3AFCFVAPH234,10,7840000.0,5,3805000.0,5,3805000.0,3275000.0,"Leader Bank, National Association",,,0.48533163265306123,0.4177295918367347,761000.0,12138370000.0,11266735500.0,65214870000.0,0.0003134687771092824,0.00029067869748073874
2025,Bay Area,254900HEJ9F73IMPX887,35,27095000.0,2,2180000.0,9,7895000.0,3240500.0,"Tomo Mortgage, LLC",,,0.08045764901273297,0.11959771175493633,1090000.0,12138370000.0,11266735500.0,65214870000.0,0.00017959577768678992,0.00028761658601109434
2025,Bay Area,549300B4IYL7TZT8FA34,55,33875000.0,2,1420000.0,15,8795000.0,3160500.0,"PREMIER MORTGAGE RESOURCES, L.L.C.",,,0.04191881918819188,0.09329889298892989,710000.0,12138370000.0,11266735500.0,65214870000.0,0.00011698440564919342,0.000280516037675687
2025,Bay Area,549300R9S3MVDV4MGF56,51,31535000.0,2,3030000.0,5,4475000.0,3160500.0,"CARRINGTON MORTGAGE SERVICES, LLC",,,0.09608371650547011,0.1002219755826859,1515000.0,12138370000.0,11266735500.0,65214870000.0,0.00024962165430778596,0.000280516037675687
2025,Bay Area,549300LLESTPOVRG3X73,22,17140000.0,4,3660000.0,5,4465000.0,3114000.0,Farmers Bank & Trust,,,0.21353558926487748,0.18168028004667444,915000.0,12138370000.0,11266735500.0,65214870000.0,0.00030152318639158304,0.00027638884395573144
2025,Bay Area,IFQSIUC9AGQV2NE8CN25,54,42730000.0,3,3735000.0,7,5355000.0,3079500.0,Umpqua Bank,COLB,Columbia Banking System,0.0874093142990873,0.07206880411888603,1245000.0,12138370000.0,11266735500.0,65214870000.0,0.0003077019402110827,0.00027332673248608704
2025,Bay Area,549300XRXBA38J60S618,5,4455000.0,4,4020000.0,4,4020000.0,3079000.0,JMJ FINANCIAL GROUP,,,0.9023569023569024,0.6911335578002245,1005000.0,12138370000.0,11266735500.0,65214870000.0,0.0003311812047251814,0.00027328235405899075
2025,Bay Area,549300Q3ROEQU3D1IW91,86,15800000.0,16,3080000.0,16,3080000.0,3075500.0,CREDIT HUMAN FEDERAL CREDIT UNION,,,0.1949367088607595,0.1946518987341772,192500.0,12138370000.0,11266735500.0,65214870000.0,0.00025374082352078576,0.0002729717050693167
2025,Bay Area,2549004Z576VEJBK3N72,30,20830000.0,3,3665000.0,5,4505000.0,2998500.0,"NP, INC.",,,0.1759481517042727,0.14395103216514643,1221666.6666666667,12138370000.0,11266735500.0,65214870000.0,0.000301935103312883,0.0002661374272964871
2025,Bay Area,5493003V40VGM7YDFM54,68,38910000.0,3,2805000.0,11,6745000.0,2941500.0,FIRST COLONY MORTGAGE CORPORATION,,,0.07208943716268311,0.07559753276792598,935000.0,12138370000.0,11266735500.0,65214870000.0,0.00023108539284928702,0.00026107828660750936
2025,Bay Area,254900TG14TB8RKS3U42,15,9275000.0,5,3545000.0,7,4595000.0,2941000.0,"Filo Mortgage, L.L.C.",,,0.38221024258760106,0.317088948787062,709000.0,12138370000.0,11266735500.0,65214870000.0,0.0002920490972016836,0.000261033908180413
2025,Bay Area,254900QNIR86GUIRYH95,61,41035000.0,4,2570000.0,10,5660000.0,2799000.0,"FlexPoint, Inc.",,,0.0626294626538321,0.06821006457901792,642500.0,12138370000.0,11266735500.0,65214870000.0,0.0002117252975481881,0.000248430434885065
2025,Bay Area,337KMNHEWWWR6B7Q7W10,7,14705000.0,2,3940000.0,2,3940000.0,2758000.0,MidFirst Bank,,,0.2679360761645699,0.1875552533151989,1970000.0,12138370000.0,11266735500.0,65214870000.0,0.00032459053398438176,0.0002447914038631687
2025,Bay Area,2549005Q4HZ55QX7YC64,30,20180000.0,2,2190000.0,4,4450000.0,2725500.0,"Watermark Capital, Inc.",,,0.10852329038652131,0.13505946481665015,1095000.0,12138370000.0,11266735500.0,65214870000.0,0.00018041961152938987,0.00024190680610190946
2025,Bay Area,549300E4YLQ3BVQ4GW30,27,28325000.0,3,2715000.0,4,3450000.0,2679000.0,"WALL STREET MORTGAGE BANKERS, LTD.",,,0.09585172109443954,0.09458075904677847,905000.0,12138370000.0,11266735500.0,65214870000.0,0.00022367088826588742,0.00023777961238195393
2025,Bay Area,549300DT7CCDCC7O6Z60,48,33090000.0,3,2485000.0,4,2960000.0,2627500.0,KEYPOINT Credit Union,,,0.07509821698398307,0.07940465397401028,828333.3333333334,12138370000.0,11266735500.0,65214870000.0,0.0002047227098860885,0.00023320863439103544
2025,Bay Area,54930091CYUK2SDZ6D37,15,16085000.0,2,3400000.0,3,3775000.0,2595500.0,"PFN Lending Group, Inc.",,,0.21137705937208578,0.16136151694124962,1700000.0,12138370000.0,11266735500.0,65214870000.0,0.0002801035064839843,0.0002303684150568725
2025,Bay Area,549300KQHWNSVCE2MY88,16,12820000.0,5,3685000.0,5,3685000.0,2579500.0,"SIRVA MORTGAGE, INC.",,,0.2874414976599064,0.20120904836193448,737000.0,12138370000.0,11266735500.0,65214870000.0,0.0003035827709980829,0.00022894830538979104
2025,Bay Area,549300TMY3OACQC9U777,16,14180000.0,2,2910000.0,2,2910000.0,2578500.0,"Greenbox Loans, Inc.",,,0.20521861777150915,0.18184062059238365,1455000.0,12138370000.0,11266735500.0,65214870000.0,0.00023973564819658653,0.00022885954853559844
2025,Bay Area,549300ZIXM1VUXPG4D03,14,11080000.0,3,2815000.0,4,3670000.0,2565000.0,"Florida Capital Bank, National Association",,,0.25406137184115524,0.23149819494584836,938333.3333333334,12138370000.0,11266735500.0,65214870000.0,0.00023190922669188697,0.00022766133100399845
2025,Bay Area,Q708HHR4LD2B7XIZNO92,18,15180000.0,3,2435000.0,5,5025000.0,2516000.0,First Federal Bank,,,0.1604084321475626,0.16574440052700923,811666.6666666666,12138370000.0,11266735500.0,65214870000.0,0.00020060354067308873,0.00022331224514856145
2025,Bay Area,549300NFPC3Y4W3Y7R87,19,12495000.0,3,3175000.0,3,3175000.0,2499500.0,CALCON MUTUAL MORTGAGE LLC,,,0.2541016406562625,0.20004001600640256,1058333.3333333333,12138370000.0,11266735500.0,65214870000.0,0.0002615672450254853,0.00022184775705438368
2025,Bay Area,549300NJVKCDJA5YC939,95,58355000.0,2,1260000.0,9,6385000.0,2493000.0,"HOMEOWNERS FINANCIAL GROUP USA, LLC",,,0.021591980121669095,0.04272127495501671,630000.0,12138370000.0,11266735500.0,65214870000.0,0.00010380306416759417,0.00022127083750213183
2025,Bay Area,549300KJ8PAJ7E52HG32,54,33200000.0,1,2005000.0,4,3630000.0,2492500.0,Plains Commerce Bank,,,0.06039156626506024,0.07507530120481928,2005000.0,12138370000.0,11266735500.0,65214870000.0,0.0001651786854412907,0.00022122645907503554
2025,Bay Area,5493001U0HWKEN6OLT59,4,3720000.0,2,2410000.0,2,2410000.0,2410000.0,CRESTLINE FUNDING CORPORATION,,,0.6478494623655914,0.6478494623655914,1205000.0,12138370000.0,11266735500.0,65214870000.0,0.00019854395606658885,0.00021390401860414668
2025,Bay Area,5493006RIR31ORKYB608,85,53125000.0,1,1435000.0,7,4655000.0,2257500.0,"LAND HOME FINANCIAL SERVICES, INC.",,,0.027011764705882353,0.04249411764705882,1435000.0,12138370000.0,11266735500.0,65214870000.0,0.00011822015641309335,0.0002003685983397764
2025,Bay Area,9845007CY0EC0F59W414,29,24155000.0,5,3035000.0,6,3470000.0,2255000.0,9845007CY0EC0F59W414,,,0.12564686400331193,0.09335541295797971,607000.0,12138370000.0,11266735500.0,65214870000.0,0.00025003357122908593,0.00020014670620429494
2025,Bay Area,5493002TJKC8NLH1ZP82,84,53970000.0,2,1590000.0,7,5265000.0,2215500.0,"MORTGAGEONE, INC.",,,0.029460811561978877,0.04105058365758755,795000.0,12138370000.0,11266735500.0,65214870000.0,0.00013098958097339263,0.00019664081046368755
2025,Bay Area,254900RQX8N4HXJIDK44,46,33050000.0,1,1375000.0,6,4280000.0,2187500.0,FRANKLIN LOAN CORPORATION,,,0.0416036308623298,0.0661875945537065,1375000.0,12138370000.0,11266735500.0,65214870000.0,0.00011327715335749364,0.00019415561854629497
2025,Bay Area,549300D3LYUX1NJVC329,7,5485000.0,2,2170000.0,4,3410000.0,2052000.0,"MORTGAGE CAPITAL PARTNERS, INC.",,,0.39562443026435734,0.3741112123974476,1085000.0,12138370000.0,11266735500.0,65214870000.0,0.00017877194384418997,0.00018212906480319875
2025,Bay Area,549300RA3E0BUFO7YZ21,51,32945000.0,1,645000.0,10,6710000.0,2040500.0,"Hometown Equity Mortgage, LLC",,,0.019578084686598878,0.061936560934891485,645000.0,12138370000.0,11266735500.0,65214870000.0,5.3137282847697015e-05,0.00018110836097998394
2025,Bay Area,549300HCNXMTNGIMAR91,28,28770000.0,3,2365000.0,5,4015000.0,1935500.0,United Nations Federal Credit Union,,,0.08220368439346541,0.06727493917274939,788333.3333333334,12138370000.0,11266735500.0,65214870000.0,0.00019483670377488905,0.0001717888912897618
2025,Bay Area,549300VRYDYOPWK5MO08,41,35655000.0,3,2015000.0,4,2950000.0,1872500.0,"Provident Savings Bank, F.S.B.",,,0.056513812929462906,0.05251717851633712,671666.6666666666,12138370000.0,11266735500.0,65214870000.0,0.00016600251928389068,0.0001661972094756285
2025,Bay Area,5493006MA7WP1WL8U431,13,12135000.0,2,2580000.0,2,2580000.0,1806000.0,VALLEY STRONG CREDIT UNION,,,0.2126081582200247,0.1488257107540173,1290000.0,12138370000.0,11266735500.0,65214870000.0,0.00021254913139078806,0.00016029487867182113
2025,Bay Area,549300DLBRGR2O0VNZ96,7,6735000.0,1,2005000.0,1,2005000.0,1804500.0,549300DLBRGR2O0VNZ96,,,0.29769858945805494,0.26792873051224947,2005000.0,12138370000.0,11266735500.0,65214870000.0,0.0001651786854412907,0.00016016174339053224
2025,Bay Area,549300QKL5FUBZ8LSF50,23,16285000.0,2,1330000.0,4,2790000.0,1768000.0,"NATIONS DIRECT MORTGAGE, LLC",,,0.08167024869511821,0.10856616518268346,665000.0,12138370000.0,11266735500.0,65214870000.0,0.00010956990106579385,0.00015692211821250263
2025,Bay Area,549300JYXTZDSPJEPI44,66,41160000.0,3,1295000.0,8,3820000.0,1752000.0,"PLAZA HOME MORTGAGE, INC.",,,0.031462585034013606,0.04256559766763848,431666.6666666667,12138370000.0,11266735500.0,65214870000.0,0.000106686482616694,0.00015550200854542117
2025,Bay Area,549300RD5IG88VPO6P22,40,34410000.0,3,1715000.0,3,1715000.0,1715000.0,"GUIDANCE RESIDENTIAL, LLC",,,0.04984016274338855,0.04984016274338855,571666.6666666666,12138370000.0,11266735500.0,65214870000.0,0.00014128750400589207,0.00015221800494029527
2025,Bay Area,549300RYWXR8TL5LIK35,41,22075000.0,1,505000.0,10,4930000.0,1681000.0,"ALLIED MORTGAGE GROUP, INC.",,,0.02287655719139298,0.07614949037372594,505000.0,12138370000.0,11266735500.0,65214870000.0,4.1603609051297664e-05,0.00014920027189774712
2025,Bay Area,549300CY7WNAHKHYSJ73,12,8350000.0,2,1460000.0,3,2595000.0,1559000.0,"CORNERSTONE CAPITAL BANK, SSB",,,0.17485029940119762,0.1867065868263473,730000.0,12138370000.0,11266735500.0,65214870000.0,0.00012027974101959324,0.0001383719356862509
2025,Bay Area,254900V6GCDMRQZ34D96,19,19795000.0,2,1620000.0,4,2980000.0,1542000.0,LUXURY MORTGAGE CORP.,,,0.08183884819398839,0.07789845920687043,810000.0,12138370000.0,11266735500.0,65214870000.0,0.0001334610825011925,0.00013686306916497684
2025,Bay Area,549300DMHEHNYZ2OLB41,1,1705000.0,1,1705000.0,1,1705000.0,1534500.0,First United Bank and Trust Company,,,1.0,0.9,1705000.0,12138370000.0,11266735500.0,65214870000.0,0.00014046367016329212,0.0001361973927585324
2025,Bay Area,549300CIQ950OK0BS407,118,111080000.0,0,0.0,7,5095000.0,1528500.0,Sunward Federal Credit Union,,,0.0,0.013760352898811667,,12138370000.0,11266735500.0,65214870000.0,0.0,0.00013566485163337685
2025,Bay Area,549300U7F7T8UG5AI038,10,8260000.0,2,1230000.0,4,3290000.0,1479000.0,"COASTAL FUNDING SLC, INC.",,,0.14891041162227603,0.17905569007263922,615000.0,12138370000.0,11266735500.0,65214870000.0,0.0001013315626397943,0.00013127138735084356
2025,Bay Area,549300QPD4M26VIOFU53,19,17265000.0,1,1475000.0,1,1475000.0,1475000.0,SUMMIT MORTGAGE BANKERS INC.,,,0.08543295684911671,0.08543295684911671,1475000.0,12138370000.0,11266735500.0,65214870000.0,0.00012151549178349316,0.00013091635993407318
2025,Bay Area,254900VHUBSJJKOMBF27,46,34840000.0,2,1440000.0,4,2980000.0,1471500.0,"GOLDEN EMPIRE MORTGAGE, INC.",,,0.04133180252583238,0.04223593570608496,720000.0,12138370000.0,11266735500.0,65214870000.0,0.00011863207333439334,0.0001306057109443991
2025,Bay Area,549300PUF6BDR1QRB167,62,38040000.0,0,0.0,10,7400000.0,1460000.0,1ST NORTHERN CALIFORNIA,,,0.0,0.03838065194532071,,12138370000.0,11266735500.0,65214870000.0,0.0,0.0001295850071211843
2025,Bay Area,5493000NYUJT9UC6G261,18,13840000.0,1,1445000.0,1,1445000.0,1445000.0,LEADERONE FINANCIAL CORPORATION,,,0.10440751445086706,0.10440751445086706,1445000.0,12138370000.0,11266735500.0,65214870000.0,0.00011904399025569331,0.00012825365430829542
2025,Bay Area,549300T9P3WXNMXX0I34,3,2985000.0,1,1355000.0,3,2985000.0,1437500.0,Ixonia Bank,,,0.4539363484087102,0.4815745393634841,1355000.0,12138370000.0,11266735500.0,65214870000.0,0.00011162948567229372,0.000127587977901851
2025,Bay Area,549300MUXFVZKH4XLG17,31,19615000.0,1,1195000.0,3,2275000.0,1432000.0,"RESIDENTIAL WHOLESALE MORTGAGE, INC.",,,0.06092276319143513,0.07300535304613816,1195000.0,12138370000.0,11266735500.0,65214870000.0,9.844814419069446e-05,0.00012709981520379172
2025,Bay Area,549300I1HK1BBZLKOB84,16,16660000.0,4,1270000.0,6,3040000.0,1420000.0,ADVANCIAL CREDIT UNION,,,0.07623049219687875,0.08523409363745499,317500.0,12138370000.0,11266735500.0,65214870000.0,0.00010462689801019412,0.00012603473295348062
2025,Bay Area,549300S8SHBRCI7UU819,8,7930000.0,1,1615000.0,2,2570000.0,1417000.0,Baxter Credit Union,,,0.20365699873896595,0.17868852459016393,1615000.0,12138370000.0,11266735500.0,65214870000.0,0.00013304916557989254,0.00012576846239090284
2025,Bay Area,2549004XJQQPBYQSMT39,35,9465000.0,2,890000.0,33,8595000.0,1393500.0,Quontic Bank,,,0.09403063919704173,0.14722662440570522,445000.0,12138370000.0,11266735500.0,65214870000.0,7.332121199139588e-05,0.00012368267631737692
2025,Bay Area,5493008P6YO2KM3EO556,37,30375000.0,1,475000.0,5,3885000.0,1355500.0,5493008P6YO2KM3EO556,,,0.015637860082304528,0.04462551440329218,475000.0,12138370000.0,11266735500.0,65214870000.0,3.91321075234978e-05,0.00012030991585805844
2025,Bay Area,5493001K7B4W8IPMZ254,10,7300000.0,2,1210000.0,3,2565000.0,1352500.0,FIRST STANDARD FINANCIAL CORP.,,,0.16575342465753426,0.18527397260273973,605000.0,12138370000.0,11266735500.0,65214870000.0,9.96838949545944e-05,0.00012004364529548067
2025,Bay Area,5493001JT9MT3Z3Y3M39,6,5770000.0,1,1495000.0,1,1495000.0,1345500.0,"RBC Bank, (Georgia) National Association",,,0.25909878682842286,0.23318890814558058,1495000.0,12138370000.0,11266735500.0,65214870000.0,0.00012316315946869308,0.00011942234731613252
2025,Bay Area,JJKC32MCHWDI71265Z06,11,9065000.0,2,1410000.0,3,2325000.0,1336500.0,Truist Bank,,,0.15554329840044126,0.14743519029233315,705000.0,12138370000.0,11266735500.0,65214870000.0,0.00011616057180659347,0.0001186235356283992
2025,Bay Area,549300YIQ7S7Z8PIHE53,54,21050000.0,4,1370000.0,8,2540000.0,1320500.0,AMERISAVE MORTGAGE CORPORATION,,,0.065083135391924,0.06273159144893112,342500.0,12138370000.0,11266735500.0,65214870000.0,0.00011286523643619366,0.00011720342596131773
2025,Bay Area,PAOOWF3GUFM46FBSP561,50,29370000.0,2,1470000.0,3,1535000.0,1266000.0,PHH Mortgage Corporation,,,0.05005107252298264,0.043105209397344225,735000.0,12138370000.0,11266735500.0,65214870000.0,0.00012110357486219319,0.00011236617740782145
2025,Bay Area,70WY0ID1N53Q4254VH70,23,19465000.0,2,1370000.0,5,4125000.0,1255500.0,Comerica Bank,,,0.07038273824813768,0.06450038530696121,685000.0,12138370000.0,11266735500.0,65214870000.0,0.00011286523643619366,0.00011143423043879924
2025,Bay Area,549300T61O0X0RJMQ375,9,6895000.0,2,1150000.0,4,2610000.0,1243000.0,Bison State Bank,,,0.16678752719361856,0.18027556200145034,575000.0,12138370000.0,11266735500.0,65214870000.0,9.474089189899467e-05,0.00011032476976139184
2025,Bay Area,549300KX6E1IE2LM5E30,5,6025000.0,1,955000.0,2,1860000.0,1226500.0,"FLYHOMES MORTGAGE, LLC",,,0.15850622406639003,0.20356846473029044,955000.0,12138370000.0,11266735500.0,65214870000.0,7.867613196829558e-05,0.00010886028166721407
2025,Bay Area,549300XR3B6372SESA46,27,11435000.0,2,980000.0,4,2370000.0,1220000.0,PACIFIC SERVICE CREDIT UNION,,,0.08570179274158286,0.10668998688237866,490000.0,12138370000.0,11266735500.0,65214870000.0,8.073571657479546e-05,0.00010828336211496222
2025,Bay Area,254900FMBXF85WQYV433,4,2670000.0,3,1025000.0,4,2670000.0,1211000.0,Amalgamated Bank,,,0.3838951310861423,0.4535580524344569,341666.6666666667,12138370000.0,11266735500.0,65214870000.0,8.444296886649525e-05,0.0001074845504272289
2025,Bay Area,549300W45D2J6BT4LX65,22,12470000.0,2,1700000.0,2,1700000.0,1190000.0,"ALL CREDIT CONSIDERED MORTGAGE, INC.",,,0.136327185244587,0.0954290296712109,850000.0,12138370000.0,11266735500.0,65214870000.0,0.00014005175324199214,0.00010562065648918446
2025,Bay Area,549300XCVBRR56D08F03,23,11345000.0,2,1230000.0,2,1230000.0,1177500.0,"MISSION LOANS, LLC",,,0.10841780520052886,0.10379021595416484,615000.0,12138370000.0,11266735500.0,65214870000.0,0.0001013315626397943,0.00010451119581177706
2025,Bay Area,549300ZCR1XCLNEEI724,7,4225000.0,2,980000.0,4,2050000.0,1147500.0,FOUNDATION MORTGAGE CORPORATION,,,0.2319526627218935,0.2715976331360947,490000.0,12138370000.0,11266735500.0,65214870000.0,8.073571657479546e-05,0.00010184849018599931
2025,Bay Area,549300DNWSJUNAWUM003,6,5220000.0,2,1630000.0,2,1630000.0,1141000.0,"CREDIT UNION MORTGAGE ASSOCIATION, INC.",,,0.31226053639846746,0.2185823754789272,815000.0,12138370000.0,11266735500.0,65214870000.0,0.00013428491634379246,0.00010127157063374746
2025,Bay Area,549300PQLK8E48ILXV41,15,8405000.0,2,1440000.0,3,1665000.0,1140500.0,549300PQLK8E48ILXV41,,,0.17132659131469363,0.13569303985722783,720000.0,12138370000.0,11266735500.0,65214870000.0,0.00011863207333439334,0.00010122719220665116
2025,Bay Area,549300WYBPIWKK6SQC06,4,3870000.0,2,1600000.0,2,1600000.0,1120000.0,Bell Bank,,,0.4134366925064599,0.28940568475452194,800000.0,12138370000.0,11266735500.0,65214870000.0,0.00013181341481599258,9.940767669570303e-05
2025,Bay Area,549300UF3FPC7U6RFC59,6,7520000.0,1,1445000.0,2,2140000.0,1081000.0,The Central Trust Bank,,,0.19215425531914893,0.14375,1445000.0,12138370000.0,11266735500.0,65214870000.0,0.00011904399025569331,9.594615938219194e-05
2025,Bay Area,2549001EL4XFDHGNJO24,4,3090000.0,2,1510000.0,2,1510000.0,1057000.0,USC Credit Union,,,0.4886731391585761,0.3420711974110032,755000.0,12138370000.0,11266735500.0,65214870000.0,0.000124398910232593,9.381599488156973e-05
2025,Bay Area,549300TK6RZQSFXZHV09,11,7945000.0,1,1505000.0,1,1505000.0,1053500.0,"MICHIGAN MUTUAL, INC.",,,0.1894273127753304,0.13259911894273127,1505000.0,12138370000.0,11266735500.0,65214870000.0,0.00012398699331129303,9.350534589189566e-05
2025,Bay Area,5493008ZTV4S0W9DCX64,21,18995000.0,1,675000.0,4,1930000.0,1051500.0,"GENWAY HOME MORTGAGE, INC.",,,0.03553566728086339,0.05535667280863385,675000.0,12138370000.0,11266735500.0,65214870000.0,5.560878437549687e-05,9.332783218351048e-05
2025,Bay Area,5493006YSC5JOGNPMH78,4,3700000.0,1,995000.0,2,1420000.0,1037500.0,SOUTHLAND CREDIT UNION,,,0.2689189189189189,0.28040540540540543,995000.0,12138370000.0,11266735500.0,65214870000.0,8.197146733869539e-05,9.208523622481419e-05
2025,Bay Area,C5654JQHZUHN0772B561,33,22125000.0,2,660000.0,5,2565000.0,1033500.0,USAA Federal Savings Bank,,,0.029830508474576273,0.046711864406779664,330000.0,12138370000.0,11266735500.0,65214870000.0,5.437303361159695e-05,9.173020880804382e-05
2025,Bay Area,549300PC4MFWQBNVKG88,8,6580000.0,1,1265000.0,2,1750000.0,1031000.0,"V.I.P. MORTGAGE, INC.",,,0.19224924012158054,0.15668693009118542,1265000.0,12138370000.0,11266735500.0,65214870000.0,0.00010421498108889414,9.150831667256234e-05
2025,Bay Area,549300F6S4S7QMOUVG59,2,3150000.0,1,1445000.0,1,1445000.0,1011499.9999999999,FIRST ENTERTAINMENT,,,0.4587301587301587,0.32111111111111107,1445000.0,12138370000.0,11266735500.0,65214870000.0,0.00011904399025569331,8.977755801580678e-05
2025,Bay Area,25490051DLR50J3F0F68,1,1005000.0,1,1005000.0,1,1005000.0,1005000.0,25490051DLR50J3F0F68,,,1.0,1.0,1005000.0,12138370000.0,11266735500.0,65214870000.0,8.279530118129535e-05,8.920063846355495e-05
2025,Bay Area,549300BOXNV8VLRBDT24,21,11885000.0,1,615000.0,4,2790000.0,973500.0,"AMERICAN INTERNET MORTGAGE, INC.",,,0.05174589819099706,0.08190997055111485,615000.0,12138370000.0,11266735500.0,65214870000.0,5.066578131989715e-05,8.64047975564883e-05
2025,Bay Area,549300P7QM2ETZZY0323,2,1350000.0,2,1350000.0,2,1350000.0,945000.0,HERITAGE COMMUNITY CREDIT UNION,,,1.0,0.7,675000.0,12138370000.0,11266735500.0,65214870000.0,0.00011121756875099375,8.387522721199942e-05
2025,Bay Area,549300K4ZLGS7SRDTL86,81,48085000.0,1,895000.0,4,1950000.0,943000.0,Equity Prime Mortgage LLC,,,0.018612873037329728,0.01961110533430384,895000.0,12138370000.0,11266735500.0,65214870000.0,7.373312891269586e-05,8.369771350361425e-05
2025,Bay Area,984500F6E6940CCB6A60,25,28365000.0,1,755000.0,2,2110000.0,935000.0,984500F6E6940CCB6A60,,,0.026617310065221222,0.03296315882249251,755000.0,12138370000.0,11266735500.0,65214870000.0,6.21994551162965e-05,8.29876586700735e-05
2025,Bay Area,254900M2C4Q6DATP2889,40,23650000.0,3,1185000.0,3,1185000.0,928500.0,254900M2C4Q6DATP2889,,,0.05010570824524313,0.039260042283298095,395000.0,12138370000.0,11266735500.0,65214870000.0,9.762431034809451e-05,8.241073911782167e-05
2025,Bay Area,254900P7WLDQD9IUL038,13,12485000.0,1,915000.0,1,915000.0,915000.0,Service Federal Credit Union,,,0.07328794553464157,0.07328794553464157,915000.0,12138370000.0,11266735500.0,65214870000.0,7.538079659789576e-05,8.121252158622168e-05
2025,Bay Area,549300ID4RCRD8BXYH30,2,3190000.0,1,905000.0,1,905000.0,905000.0,"ResMac, Inc.",,,0.2836990595611285,0.2836990595611285,905000.0,12138370000.0,11266735500.0,65214870000.0,7.455696275529581e-05,8.032495304429576e-05
2025,Bay Area,549300KX4S1573HISS22,18,26430000.0,0,0.0,1,3005000.0,901500.0,OAKTREE FUNDING CORP.,,,0.0,0.03410896708286039,,12138370000.0,11266735500.0,65214870000.0,0.0,8.001430405462167e-05
2025,Bay Area,HUX2X73FUCYHUVH1BK78,5,4145000.0,1,1165000.0,2,1970000.0,896000.0,KeyBank National Association,,,0.2810615199034982,0.21616405307599518,1165000.0,12138370000.0,11266735500.0,65214870000.0,9.597664266289461e-05,7.952614135656243e-05
2025,Bay Area,54930021WPEXNHYZUL09,75,55505000.0,1,645000.0,4,2400000.0,887000.0,"PLANET HOME LENDING, LLC",,,0.011620574722997929,0.015980542293487072,645000.0,12138370000.0,11266735500.0,65214870000.0,5.3137282847697015e-05,7.87273296688291e-05
2025,Bay Area,5493001GDRY0EL7VG372,40,25470000.0,1,915000.0,3,2235000.0,865500.0,"ARK-LA-TEX FINANCIAL SERVICES, LLC.",,,0.035924617196702,0.0339811542991755,915000.0,12138370000.0,11266735500.0,65214870000.0,7.538079659789576e-05,7.681905730368836e-05
2025,Bay Area,5493002WVA17MT4UFH84,2,1770000.0,1,1225000.0,1,1225000.0,857500.0,5493002WVA17MT4UFH84,,,0.692090395480226,0.4844632768361582,1225000.0,12138370000.0,11266735500.0,65214870000.0,0.00010091964571849433,7.610900247014763e-05
2025,Bay Area,549300MCIFZSDHUT8X63,28,23430000.0,1,1205000.0,1,1205000.0,843500.0,"NFM, INC.",,,0.051429790866410585,0.03600085360648741,1205000.0,12138370000.0,11266735500.0,65214870000.0,9.927197803329443e-05,7.486640651145134e-05
2025,Bay Area,254900MHHOS58M9D0445,5,2915000.0,1,1195000.0,1,1195000.0,836500.0,Operating Engineers Local Union #3,,,0.4099485420240137,0.2869639794168096,1195000.0,12138370000.0,11266735500.0,65214870000.0,9.844814419069446e-05,7.42451085321032e-05
2025,Bay Area,2WHM8VNJH63UN14OL754,8,10660000.0,1,1195000.0,1,1195000.0,836500.0,The Huntington National Bank,,,0.11210131332082551,0.07847091932457786,1195000.0,12138370000.0,11266735500.0,65214870000.0,9.844814419069446e-05,7.42451085321032e-05
2025,Bay Area,549300ZZME37MXI1EF14,17,10695000.0,1,705000.0,2,1710000.0,795000.0,"DAS Acquisition Company, LLC",,,0.06591865357643759,0.07433380084151472,705000.0,12138370000.0,11266735500.0,65214870000.0,5.808028590329674e-05,7.056169908311063e-05
2025,Bay Area,5493005LWLLN6G3XQP35,5,3935000.0,1,785000.0,1,785000.0,785000.0,CTBC Bank Corp. (USA),,,0.19949174078780177,0.19949174078780177,785000.0,12138370000.0,11266735500.0,65214870000.0,6.467095664409637e-05,6.967413054118471e-05
2025,Bay Area,254900NZOY3XB2DNSZ34,3,1815000.0,1,1005000.0,3,1815000.0,784500.0,USALLIANCE FEDERAL CREDIT UNION,,,0.5537190082644629,0.4322314049586777,1005000.0,12138370000.0,11266735500.0,65214870000.0,8.279530118129535e-05,6.962975211408841e-05
2025,Bay Area,549300GTVXJ2PGXNLM73,4,3390000.0,1,775000.0,1,775000.0,775000.0,T2 FINANCIAL LLC,,,0.22861356932153393,0.22861356932153393,775000.0,12138370000.0,11266735500.0,65214870000.0,6.384712280149642e-05,6.878656199925879e-05
2025,Bay Area,984500P059VACEAAFA22,13,7835000.0,1,1065000.0,1,1065000.0,745500.0,"SUCCESS LENDING, LLC",,,0.13592852584556478,0.09514996809189534,1065000.0,12138370000.0,11266735500.0,65214870000.0,8.773830423689507e-05,6.616823480057733e-05
2025,Bay Area,549300730ZNSQK9EBT50,4,1880000.0,1,735000.0,3,1485000.0,739500.0,BluPeak Credit Union,,,0.39095744680851063,0.39335106382978724,735000.0,12138370000.0,11266735500.0,65214870000.0,6.0551787431096595e-05,6.563569367542178e-05
2025,Bay Area,549300BX448ALT10FI43,23,17275000.0,1,1055000.0,1,1055000.0,738500.0,The Federal Savings Bank,,,0.061070911722141824,0.04274963820549928,1055000.0,12138370000.0,11266735500.0,65214870000.0,8.691447039429512e-05,6.554693682122918e-05
2025,Bay Area,549300D4ZYLSQ5LMTV35,1,1055000.0,1,1055000.0,1,1055000.0,738500.0,ABSOLUTE HOME MORTGAGE CORPORATION,,,1.0,0.7,1055000.0,12138370000.0,11266735500.0,65214870000.0,8.691447039429512e-05,6.554693682122918e-05
2025,Bay Area,549300ZWNETGFXTBBY03,9,5385000.0,1,735000.0,1,735000.0,735000.0,"CANOPY MORTGAGE, LLC",,,0.13649025069637882,0.13649025069637882,735000.0,12138370000.0,11266735500.0,65214870000.0,6.0551787431096595e-05,6.523628783155511e-05
2025,Bay Area,549300INKSPQCTELMO58,1,725000.0,1,725000.0,1,725000.0,725000.0,549300INKSPQCTELMO58,,,1.0,1.0,725000.0,12138370000.0,11266735500.0,65214870000.0,5.9727953588496645e-05,6.434871928962919e-05
2025,Bay Area,549300UKYJZO6CZXIX60,1,1025000.0,1,1025000.0,1,1025000.0,717500.0,549300UKYJZO6CZXIX60,,,1.0,0.7,1025000.0,12138370000.0,11266735500.0,65214870000.0,8.444296886649525e-05,6.368304288318475e-05
2025,Bay Area,5493001141Z7CINOSB62,2,1520000.0,1,795000.0,1,795000.0,715500.0,5493001141Z7CINOSB62,,,0.5230263157894737,0.4707236842105263,795000.0,12138370000.0,11266735500.0,65214870000.0,6.549479048669632e-05,6.350552917479957e-05
2025,Bay Area,549300WXO2FZYE7KAW26,2,1720000.0,1,1005000.0,1,1005000.0,703500.0,CERTIFIED CREDIT UNION,,,0.5843023255813954,0.40901162790697676,1005000.0,12138370000.0,11266735500.0,65214870000.0,8.279530118129535e-05,6.244044692448847e-05
2025,Bay Area,984500F03B9034CQB904,4,2720000.0,1,695000.0,1,695000.0,695000.0,"Beeline Loans, Inc.",,,0.2555147058823529,0.2555147058823529,695000.0,12138370000.0,11266735500.0,65214870000.0,5.725645206069678e-05,6.168601366385143e-05
2025,Bay Area,254900WTZC5SSKIN2M11,24,10970000.0,1,765000.0,2,1290000.0,693000.0,First National Bank of America,,,0.06973564266180492,0.06317228805834094,765000.0,12138370000.0,11266735500.0,65214870000.0,6.302328895889645e-05,6.150849995546625e-05
2025,Bay Area,54930072OCHTUJOZQB56,4,4760000.0,1,985000.0,1,985000.0,689500.0,Liberty,,,0.20693277310924368,0.1448529411764706,985000.0,12138370000.0,11266735500.0,65214870000.0,8.114763349609544e-05,6.119785096579218e-05
2025,Bay Area,549300ZS1TR1B4LHX377,14,8950000.0,1,955000.0,1,955000.0,668500.0,Firefighters First Federal Credit Union,,,0.10670391061452514,0.07469273743016759,955000.0,12138370000.0,11266735500.0,65214870000.0,7.867613196829558e-05,5.933395702774774e-05
2025,Bay Area,254900YPPMV9UM5FUW09,3,1635000.0,1,755000.0,2,1210000.0,665000.0,254900YPPMV9UM5FUW09,,,0.4617737003058104,0.40672782874617736,755000.0,12138370000.0,11266735500.0,65214870000.0,6.21994551162965e-05,5.902330803807367e-05
2025,Bay Area,549300WJIJV987NXVC31,14,8220000.0,1,625000.0,3,1275000.0,632500.0,"SCENIC OAKS FUNDING, LLC",,,0.07603406326034064,0.07694647201946472,625000.0,12138370000.0,11266735500.0,65214870000.0,5.148961516249711e-05,5.613871027681443e-05
2025,Bay Area,549300UT4EN6IH579Q63,23,12745000.0,1,805000.0,2,960000.0,610000.0,"RIGHT START MORTGAGE, INC.",,,0.06316202432326402,0.047861906630051,805000.0,12138370000.0,11266735500.0,65214870000.0,6.631862432929627e-05,5.414168105748111e-05
2025,Bay Area,5493008VVXQIDO1EZ460,26,17090000.0,1,425000.0,3,1425000.0,597500.0,"SUMMIT FUNDING, INC.",,,0.0248683440608543,0.03496196606202458,425000.0,12138370000.0,11266735500.0,65214870000.0,3.5012938310498035e-05,5.303222038007371e-05
2025,Bay Area,549300LMP5T3UBHAEI68,3,2025000.0,1,805000.0,1,805000.0,563500.0,VICTORIA FINANCIAL CORP.,,,0.39753086419753086,0.2782716049382716,805000.0,12138370000.0,11266735500.0,65214870000.0,6.631862432929627e-05,5.0014487337525585e-05
2025,Bay Area,2549006VWQC6XCFQO747,10,5380000.0,2,560000.0,2,560000.0,560000.0,2549006VWQC6XCFQO747,,,0.10408921933085502,0.10408921933085502,280000.0,12138370000.0,11266735500.0,65214870000.0,4.6134695185597404e-05,4.9703838347851516e-05
2025,Bay Area,549300K6K2IS7FRS7S09,3,3255000.0,0,0.0,1,1835000.0,550500.0,"North American Savings Bank, F.S.B.",,,0.0,0.16912442396313365,,12138370000.0,11266735500.0,65214870000.0,0.0,4.886064823302189e-05
2025,Bay Area,54930022CQGV47Q8PM03,1,765000.0,1,765000.0,1,765000.0,535500.0,"SERVIS ONE, INC.",,,1.0,0.7,765000.0,12138370000.0,11266735500.0,65214870000.0,6.302328895889645e-05,4.752929542013301e-05
2025,Bay Area,549300VCMRO4ST680C11,30,19220000.0,0,0.0,3,1715000.0,514500.0,VILLAGE CAPITAL & INVESTMENT LLC,,,0.0,0.026768990634755463,,12138370000.0,11266735500.0,65214870000.0,0.0,4.566540148208858e-05
2025,Bay Area,549300Q50XCC0473FG63,15,5535000.0,1,405000.0,2,1160000.0,510000.0,QUORUM FEDERAL CREDIT UNION,,,0.07317073170731707,0.0921409214092141,405000.0,12138370000.0,11266735500.0,65214870000.0,3.336527062529813e-05,4.5265995638221914e-05
2025,Bay Area,549300Q6YL1SFVPEGV90,13,7115000.0,1,725000.0,1,725000.0,507499.99999999994,"INTELLILOAN, INC.",,,0.10189739985945186,0.0713281799016163,725000.0,12138370000.0,11266735500.0,65214870000.0,5.9727953588496645e-05,4.504410350274043e-05
2025,Bay Area,254900URXOKFMBYQ0V69,2,1080000.0,1,655000.0,1,655000.0,458500.0,254900URXOKFMBYQ0V69,,,0.6064814814814815,0.42453703703703705,655000.0,12138370000.0,11266735500.0,65214870000.0,5.3961116690296966e-05,4.069501764730343e-05
2025,Bay Area,549300YAYQAARPBTRA72,2,1100000.0,1,655000.0,1,655000.0,458500.0,"PROPER RATE, LLC",,,0.5954545454545455,0.4168181818181818,655000.0,12138370000.0,11266735500.0,65214870000.0,5.3961116690296966e-05,4.069501764730343e-05
2025,Bay Area,254900YVV9JOGMYFZO90,3,1905000.0,1,645000.0,1,645000.0,451500.0,254900YVV9JOGMYFZO90,,,0.33858267716535434,0.23700787401574802,645000.0,12138370000.0,11266735500.0,65214870000.0,5.3137282847697015e-05,4.007371966795528e-05
2025,Bay Area,9845005BP6974AE5D838,19,11865000.0,0,0.0,2,1490000.0,447000.0,9845005BP6974AE5D838,,,0.0,0.037673830594184575,,12138370000.0,11266735500.0,65214870000.0,0.0,3.9674313824088617e-05
2025,Bay Area,549300XED7IBK9VVQH70,12,6900000.0,1,455000.0,2,790000.0,419000.0,549300XED7IBK9VVQH70,,,0.06594202898550725,0.06072463768115942,455000.0,12138370000.0,11266735500.0,65214870000.0,3.748443983829789e-05,3.718912190669604e-05
2025,Bay Area,549300GQDT484LGI9C04,24,13320000.0,0,0.0,2,1800000.0,417000.0,NETWORK CAPITAL FUNDING CORPORATION,,,0.0,0.031306306306306306,,12138370000.0,11266735500.0,65214870000.0,0.0,3.701160819831086e-05
2025,Bay Area,QFROUN1UWUYU0DVIWD51,9,12445000.0,1,565000.0,1,565000.0,395500.0,"Fifth Third Bank, National Association",,,0.04539975893933307,0.03177983125753315,565000.0,12138370000.0,11266735500.0,65214870000.0,4.6546612106897386e-05,3.510333583317013e-05
2025,Bay Area,549300IKS3MMB5YK6T18,10,7360000.0,1,395000.0,1,395000.0,395000.0,KINECTA,,,0.05366847826086957,0.05366847826086957,395000.0,12138370000.0,11266735500.0,65214870000.0,3.254143678269817e-05,3.5058957406073836e-05
2025,Bay Area,COINQMNIM6RBU631DD85,2,1090000.0,1,555000.0,1,555000.0,388500.0,Arvest Bank,,,0.5091743119266054,0.35642201834862386,555000.0,12138370000.0,11266735500.0,65214870000.0,4.572277826429743e-05,3.4482037853821985e-05
2025,Bay Area,549300JPGMCMBEJEK584,15,12465000.0,0,0.0,2,1810000.0,382000.0,DIGITAL,,,0.0,0.030645808263136783,,12138370000.0,11266735500.0,65214870000.0,0.0,3.390511830157014e-05
2025,Bay Area,5493000H6DFDDJRORG89,15,7755000.0,0,0.0,2,1260000.0,378000.0,"LADERA LENDING, INC.",,,0.0,0.04874274661508704,,12138370000.0,11266735500.0,65214870000.0,0.0,3.355009088479977e-05
2025,Bay Area,549300S5FVOSK5DQJN30,14,10170000.0,0,0.0,2,1240000.0,372000.0,INTERCAP LENDING INC.,,,0.0,0.03657817109144543,,12138370000.0,11266735500.0,65214870000.0,0.0,3.301754975964422e-05
2025,Bay Area,549300YPSRX7HBRJSR08,12,7910000.0,0,0.0,3,1235000.0,370500.0,1ST UNITED SERVICES CREDIT UNION,,,0.0,0.046839443742098606,,12138370000.0,11266735500.0,65214870000.0,0.0,3.288441447835533e-05
2025,Bay Area,5493002B2WMHY23GFK92,24,11410000.0,1,335000.0,2,760000.0,362000.0,"AMERICAN FINANCIAL RESOURCES, INC.",,,0.029360210341805432,0.03172655565293602,335000.0,12138370000.0,11266735500.0,65214870000.0,2.759843372709845e-05,3.21299812177183e-05
2025,Bay Area,5493000EO85W8IS2FR22,2,2150000.0,0,0.0,1,1205000.0,361500.0,LOGIX FEDERAL CREDIT UNION,,,0.0,0.16813953488372094,,12138370000.0,11266735500.0,65214870000.0,0.0,3.2085602790622005e-05
2025,Bay Area,549300Y4BSP3BSFW7J29,3,3485000.0,0,0.0,1,1205000.0,361500.0,DELTA COMMUNITY CREDIT UNION,,,0.0,0.10373027259684361,,12138370000.0,11266735500.0,65214870000.0,0.0,3.2085602790622005e-05
2025,Bay Area,5493000IIYWBLONJVJ30,7,3695000.0,0,0.0,2,1200000.0,360000.0,ROUNDPOINT MORTGAGE SERVICING LLC,,,0.0,0.09742895805142084,,12138370000.0,11266735500.0,65214870000.0,0.0,3.1952467509333114e-05
2025,Bay Area,8945004XZN3PZQZJW178,25,20655000.0,0,0.0,2,1790000.0,354000.0,UNCLE Credit Union,,,0.0,0.017138707334785765,,12138370000.0,11266735500.0,65214870000.0,0.0,3.1419926384177565e-05
2025,Bay Area,5493004T9SQFCNRQ2L76,3,1755000.0,0,0.0,2,1170000.0,351000.0,DELMAR FINANCIAL COMPANY,,,0.0,0.2,,12138370000.0,11266735500.0,65214870000.0,0.0,3.115365582159979e-05
2025,Bay Area,549300T7HRS5DVBUPQ06,17,10165000.0,1,485000.0,1,485000.0,339500.0,549300T7HRS5DVBUPQ06,,,0.04771273979340875,0.03339891785538613,485000.0,12138370000.0,11266735500.0,65214870000.0,3.995594136609776e-05,3.013295199838498e-05
2025,Bay Area,254900JH11ROOV921P96,7,4285000.0,0,0.0,2,1130000.0,339000.0,ML Mortgage Corp.,,,0.0,0.07911318553092182,,12138370000.0,11266735500.0,65214870000.0,0.0,3.0088573571288684e-05
2025,Bay Area,254900JZN2V0PWFMW808,45,30495000.0,0,0.0,3,1445000.0,338500.0,AHL FUNDING,,,0.0,0.011100180357435645,,12138370000.0,11266735500.0,65214870000.0,0.0,3.004419514419239e-05
2025,Bay Area,549300DDLYW49R2HCV81,1,475000.0,1,475000.0,1,475000.0,332500.0,EASTMAN CREDIT UNION,,,1.0,0.7,475000.0,12138370000.0,11266735500.0,65214870000.0,3.91321075234978e-05,2.9511654019036837e-05
2025,Bay Area,549300RU0T31BIA8UR19,1,1105000.0,0,0.0,1,1105000.0,331500.0,549300RU0T31BIA8UR19,,,0.0,0.3,,12138370000.0,11266735500.0,65214870000.0,0.0,2.9422897164844244e-05
2025,Bay Area,549300HIVO8XPBPNVG69,12,7580000.0,0,0.0,2,1460000.0,327000.0,NOVA FINANCIAL & INVESTMENT CORPORATION,,,0.0,0.043139841688654354,,12138370000.0,11266735500.0,65214870000.0,0.0,2.9023491320977582e-05
2025,Bay Area,549300PL267CW8182203,31,17995000.0,0,0.0,3,1075000.0,322500.0,"LoanUnited.com, LLC",,,0.0,0.01792164490136149,,12138370000.0,11266735500.0,65214870000.0,0.0,2.8624085477110916e-05
2025,Bay Area,549300VORTI31GZTJL53,13,8535000.0,0,0.0,1,1065000.0,319500.0,"CARDINAL FINANCIAL COMPANY, LIMITED PARTNERSHIP",,,0.0,0.03743409490333919,,12138370000.0,11266735500.0,65214870000.0,0.0,2.835781491453314e-05
2025,Bay Area,549300C04BJ0G297NC13,7,3745000.0,0,0.0,2,1060000.0,318000.0,Ally Bank,,,0.0,0.084913217623498,,12138370000.0,11266735500.0,65214870000.0,0.0,2.8224679633244254e-05
2025,Bay Area,549300G5ZQEXZC4Y5G44,3,3265000.0,0,0.0,1,1005000.0,301500.0,UNIVERSITY CREDIT UNION,,,0.0,0.09234303215926493,,12138370000.0,11266735500.0,65214870000.0,0.0,2.6760191539066486e-05
2025,Bay Area,5493000RV6UQ52SVTV40,4,3760000.0,0,0.0,2,1680000.0,287000.0,5493000RV6UQ52SVTV40,,,0.0,0.07632978723404256,,12138370000.0,11266735500.0,65214870000.0,0.0,2.54732171532739e-05
2025,Bay Area,2549007IU6SKFLLNKZ07,1,955000.0,0,0.0,1,955000.0,286500.0,2549007IU6SKFLLNKZ07,,,0.0,0.3,,12138370000.0,11266735500.0,65214870000.0,0.0,2.5428838726177605e-05
2025,Bay Area,254900LTD432L5CHIZ48,16,11870000.0,0,0.0,1,955000.0,286500.0,Home Mortgage Alliance Corporation (HMAC),,,0.0,0.02413647851727043,,12138370000.0,11266735500.0,65214870000.0,0.0,2.5428838726177605e-05
2025,Bay Area,549300THBFHMP4WJ0323,2,850000.0,1,405000.0,1,405000.0,283500.0,I.L.W.U.,,,0.4764705882352941,0.3335294117647059,405000.0,12138370000.0,11266735500.0,65214870000.0,3.336527062529813e-05,2.5162568163599827e-05
2025,Bay Area,549300FVD3YHE65PKH97,11,5555000.0,0,0.0,1,915000.0,274500.0,"PANORAMA MORTGAGE GROUP, LLC",,,0.0,0.04941494149414941,,12138370000.0,11266735500.0,65214870000.0,0.0,2.43637564758665e-05
2025,Bay Area,549300BXWU32AYWT1A56,25,20425000.0,0,0.0,2,1350000.0,266000.0,UIF CORPORATION,,,0.0,0.013023255813953489,,12138370000.0,11266735500.0,65214870000.0,0.0,2.360932321522947e-05
2025,Bay Area,549300R7HGHP2I754087,9,4215000.0,0,0.0,2,860000.0,258000.0,TOWNE MORTGAGE COMPANY,,,0.0,0.06120996441281139,,12138370000.0,11266735500.0,65214870000.0,0.0,2.289926838168873e-05
2025,Bay Area,549300T3F9S1MKFKHC53,3,1815000.0,0,0.0,2,860000.0,258000.0,HOMESTEAD FUNDING CORP.,,,0.0,0.14214876033057852,,12138370000.0,11266735500.0,65214870000.0,0.0,2.289926838168873e-05
2025,Bay Area,54930098QK48NVYBZC62,3,1985000.0,0,0.0,1,855000.0,256500.0,EZ FUNDINGS INC.,,,0.0,0.1292191435768262,,12138370000.0,11266735500.0,65214870000.0,0.0,2.2766133100399844e-05
2025,Bay Area,549300HVW3AI97UKTO72,1,835000.0,0,0.0,1,835000.0,250500.0,Wings Financial Credit Union,,,0.0,0.3,,12138370000.0,11266735500.0,65214870000.0,0.0,2.2233591975244295e-05
2025,Bay Area,549300UM5S3HZLZHVP89,12,6950000.0,1,355000.0,1,355000.0,248499.99999999997,"SNAPFI, INC.",,,0.05107913669064748,0.035755395683453234,355000.0,12138370000.0,11266735500.0,65214870000.0,2.9246101412298356e-05,2.2056078266859106e-05
2025,Bay Area,54930035U7Q80J7HTS79,1,805000.0,0,0.0,1,805000.0,241500.0,CAMPOS FINANCIAL CORP.,,,0.0,0.3,,12138370000.0,11266735500.0,65214870000.0,0.0,2.1434780287510967e-05
2025,Bay Area,5493004RLLKTQS8K7U51,2,1490000.0,0,0.0,1,805000.0,241500.0,American Airlines Federal Credit Union,,,0.0,0.16208053691275168,,12138370000.0,11266735500.0,65214870000.0,0.0,2.1434780287510967e-05
2025,Bay Area,549300GS6ONO04ORI292,1,805000.0,0,0.0,1,805000.0,241500.0,Willamette Valley Bank,,,0.0,0.3,,12138370000.0,11266735500.0,65214870000.0,0.0,2.1434780287510967e-05
2025,Bay Area,5493008E4KBJCB6UKR64,3,2145000.0,0,0.0,1,795000.0,238500.0,"DATA MORTGAGE, INC.",,,0.0,0.11118881118881119,,12138370000.0,11266735500.0,65214870000.0,0.0,2.116850972493319e-05
2025,Bay Area,2549008G9SP4WM32NN96,1,745000.0,0,0.0,1,745000.0,223500.0,2549008G9SP4WM32NN96,,,0.0,0.3,,12138370000.0,11266735500.0,65214870000.0,0.0,1.9837156912044308e-05
2025,Bay Area,5493000XC2Y1SLXRQP11,19,11305000.0,1,305000.0,1,305000.0,213500.0,"INFINITY EQUITY GROUP, INC.",,,0.02697921273772667,0.01888544891640867,305000.0,12138370000.0,11266735500.0,65214870000.0,2.5126932199298588e-05,1.894958837011839e-05
2025,Bay Area,549300DT7WZ1SOTNFJ62,29,25115000.0,1,305000.0,1,305000.0,213500.0,First Bank,,,0.012144136969938284,0.0085008958789568,305000.0,12138370000.0,11266735500.0,65214870000.0,2.5126932199298588e-05,1.894958837011839e-05
2025,Bay Area,549300YW2UBCMDRMBT48,1,705000.0,0,0.0,1,705000.0,211500.0,"RELIANCE FIRST CAPITAL, LLC",,,0.0,0.3,,12138370000.0,11266735500.0,65214870000.0,0.0,1.8772074661733206e-05
2025,Bay Area,5493005JPZ3LXXMB0S24,4,2870000.0,0,0.0,1,675000.0,202500.0,"FBC MORTGAGE, LLC",,,0.0,0.07055749128919861,,12138370000.0,11266735500.0,65214870000.0,0.0,1.7973262973999878e-05
2025,Bay Area,549300G5DVGM0ZHRQC33,4,2170000.0,0,0.0,1,575000.0,172500.0,CLEARPATH LENDING,,,0.0,0.07949308755760369,,12138370000.0,11266735500.0,65214870000.0,0.0,1.5310557348222117e-05
2025,Bay Area,9845006YE04B346EC919,9,5145000.0,0,0.0,1,565000.0,169500.0,9845006YE04B346EC919,,,0.0,0.03294460641399417,,12138370000.0,11266735500.0,65214870000.0,0.0,1.5044286785644342e-05
2025,Bay Area,549300UPB8ITF7B1GI03,3,1225000.0,0,0.0,1,525000.0,157500.0,CATALYST MORTGAGE,,,0.0,0.12857142857142856,,12138370000.0,11266735500.0,65214870000.0,0.0,1.3979204535333238e-05
2025,Bay Area,5493002GI63WHHUTUD85,5,3065000.0,0,0.0,1,485000.0,145500.0,"KEYSTONE FUNDING, INC.",,,0.0,0.047471451876019574,,12138370000.0,11266735500.0,65214870000.0,0.0,1.2914122285022134e-05
2025,Bay Area,549300UVOSI4XZZGUE14,3,1095000.0,0,0.0,1,485000.0,145500.0,"VERITAS FUNDING, LLC",,,0.0,0.13287671232876713,,12138370000.0,11266735500.0,65214870000.0,0.0,1.2914122285022134e-05
2025,Bay Area,549300P55E0GN57DEV03,1,205000.0,1,205000.0,1,205000.0,143500.0,"GEO-CORP, INC.",,,1.0,0.7,205000.0,12138370000.0,11266735500.0,65214870000.0,1.688859377329905e-05,1.273660857663695e-05
2025,Bay Area,5493007CLWQN2S6IZK91,2,1090000.0,0,0.0,1,445000.0,133500.0,"Armed Forces Bank, National Association",,,0.0,0.12247706422018349,,12138370000.0,11266735500.0,65214870000.0,0.0,1.1849040034711031e-05
2025,Bay Area,254900O28OG3UMHXQY81,7,5245000.0,1,185000.0,1,185000.0,129499.99999999999,"Strong Home Mortgage, LLC",,,0.03527168732125834,0.024690181124880837,185000.0,12138370000.0,11266735500.0,65214870000.0,1.5240926088099144e-05,1.149401261794066e-05
2025,Bay Area,549300QD5CQZ9PPP5B09,4,3470000.0,0,0.0,1,415000.0,124500.0,PARTNERS Federal Credit Union,,,0.0,0.03587896253602305,,12138370000.0,11266735500.0,65214870000.0,0.0,1.1050228346977702e-05
2025,Bay Area,549300C232ZWY1I57C16,2,1020000.0,0,0.0,1,405000.0,121500.0,WESCOM CENTRAL CREDIT UNION,,,0.0,0.11911764705882352,,12138370000.0,11266735500.0,65214870000.0,0.0,1.0783957784399927e-05
2025,Bay Area,549300PXIFIEPL7D7R86,1,395000.0,0,0.0,1,395000.0,118500.0,Brighton Bank,,,0.0,0.3,,12138370000.0,11266735500.0,65214870000.0,0.0,1.051768722182215e-05
2025,Bay Area,549300H83ZXQ4TDSXI83,1,375000.0,0,0.0,1,375000.0,112500.0,WHEELHOUSE CREDIT UNION,,,0.0,0.3,,12138370000.0,11266735500.0,65214870000.0,0.0,9.9851460966666e-06
2025,Bay Area,GDN5JXQ4P5NZE28ZRC90,1,1015000.0,0,0.0,1,1015000.0,101500.0,City National Bank of Florida,,,0.0,0.1,,12138370000.0,11266735500.0,65214870000.0,0.0,9.008820700548086e-06
2025,Bay Area,549300VQUTI5IU7GXT57,50,30000000.0,0,0.0,1,295000.0,88500.0,SECURITYNATIONAL MORTGAGE COMPANY,,,0.0,0.00295,,12138370000.0,11266735500.0,65214870000.0,0.0,7.854981596044391e-06
2025,Bay Area,2549005FUF02T1IFCA22,2,820000.0,0,0.0,1,285000.0,85500.0,2549005FUF02T1IFCA22,,,0.0,0.10426829268292682,,12138370000.0,11266735500.0,65214870000.0,0.0,7.588711033466615e-06
2025,Bay Area,549300BLL6VL7AXWYP56,7,4975000.0,0,0.0,1,805000.0,80500.0,CHURCHILL MORTGAGE CORPORATION,,,0.0,0.016180904522613067,,12138370000.0,11266735500.0,65214870000.0,0.0,7.144926762503655e-06
2025,Bay Area,549300XBOKNEE2CQJL92,9,5435000.0,0,0.0,1,255000.0,76500.0,"AUGUSTA FINANCIAL, INC.",,,0.0,0.014075436982520699,,12138370000.0,11266735500.0,65214870000.0,0.0,6.789899345733287e-06
2025,Bay Area,549300I43FC7P0IJMR13,2,1750000.0,0,0.0,1,735000.0,73500.0,"LOANLEADERS OF AMERICA, INC.",,,0.0,0.042,,12138370000.0,11266735500.0,65214870000.0,0.0,6.5236287831555114e-06
2025,Bay Area,549300UHEEV73TKCZY62,15,5775000.0,0,0.0,1,245000.0,73500.0,Self-Help Federal Credit Union,,,0.0,0.012727272727272728,,12138370000.0,11266735500.0,65214870000.0,0.0,6.5236287831555114e-06
2025,Bay Area,549300B0HNWBV7RX2661,7,6265000.0,0,0.0,1,715000.0,71500.0,Financial Partners Credit Union,,,0.0,0.011412609736632082,,12138370000.0,11266735500.0,65214870000.0,0.0,6.346115074770327e-06
2025,Bay Area,549300YN94MOAVYW0F52,23,7715000.0,0,0.0,1,205000.0,61500.0,"GoodLeap, LLC",,,0.0,0.00797148412184057,,12138370000.0,11266735500.0,65214870000.0,0.0,5.458546532844407e-06
2025,Bay Area,X05BVSK68TQ7YTOSNR22,3,575000.0,1,85000.0,1,85000.0,59499.99999999999,Discover Bank,,,0.14782608695652175,0.1034782608695652,85000.0,12138370000.0,11266735500.0,65214870000.0,7.002587662099607e-06,5.281032824459223e-06
2025,Bay Area,549300OGIGNKGO2DX942,1,385000.0,0,0.0,1,385000.0,38500.0,FEDEX EMPLOYEES CREDIT ASSOCIATION,,,0.0,0.1,,12138370000.0,11266735500.0,65214870000.0,0.0,3.4171388864147917e-06
2025,Bay Area,549300UG7QXKM7KGV847,6,580000.0,0,0.0,1,95000.0,28500.0,ROYAL UNITED MORTGAGE LLC,,,0.0,0.04913793103448276,,12138370000.0,11266735500.0,65214870000.0,0.0,2.5295703444888717e-06
2025,Bay Area,01KWVG908KE7RKPTNP46,1,705000.0,0,0.0,0,0.0,0.0,HomeStreet Bank,HMST,"HomeStreet, Inc.",0.0,0.0,,12138370000.0,11266735500.0,65214870000.0,0.0,0.0
2025,Bay Area,213800QUAI2VH5YM6310,2,1860000.0,0,0.0,0,0.0,0.0,"EMBRACE HOME LOANS, INC.",,,0.0,0.0,,12138370000.0,11266735500.0,65214870000.0,0.0,0.0
2025,Bay Area,25490018IFQOT83Q7H49,6,2550000.0,0,0.0,0,0.0,0.0,"GO MORTGAGE, LLC",,,0.0,0.0,,12138370000.0,11266735500.0,65214870000.0,0.0,0.0
2025,Bay Area,254900378RFGMBEKAF12,1,445000.0,0,0.0,0,0.0,0.0,Empeople Credit Union,,,0.0,0.0,,12138370000.0,11266735500.0,65214870000.0,0.0,0.0
2025,Bay Area,2549004CU9LAM5CYA280,4,3880000.0,0,0.0,0,0.0,0.0,KWIK MORTGAGE CORPORATION,,,0.0,0.0,,12138370000.0,11266735500.0,65214870000.0,0.0,0.0
2025,Bay Area,2549004OC91L41W9XR37,2,1840000.0,0,0.0,0,0.0,0.0,EDUCATIONAL EMPLOYEES CREDIT UNION,,,0.0,0.0,,12138370000.0,11266735500.0,65214870000.0,0.0,0.0
2025,Bay Area,2549004W7ZN0N715U578,3,765000.0,0,0.0,0,0.0,0.0,CommonWealth Central Credit Union,,,0.0,0.0,,12138370000.0,11266735500.0,65214870000.0,0.0,0.0
2025,Bay Area,2549007M6CTUCB5K0R54,2,1270000.0,0,0.0,0,0.0,0.0,San Joaquin Power Employees Credit Union,,,0.0,0.0,,12138370000.0,11266735500.0,65214870000.0,0.0,0.0
2025,Bay Area,2549007UO49TL9LEDN58,4,2530000.0,0,0.0,0,0.0,0.0,2549007UO49TL9LEDN58,,,0.0,0.0,,12138370000.0,11266735500.0,65214870000.0,0.0,0.0
2025,Bay Area,2549008LUH7QKMXQ8N53,1,1605000.0,0,0.0,0,0.0,0.0,2549008LUH7QKMXQ8N53,,,0.0,0.0,,12138370000.0,11266735500.0,65214870000.0,0.0,0.0
2025,Bay Area,2549008TT6UNYR7AXF54,7,5925000.0,0,0.0,0,0.0,0.0,"Sunflower Bank, National Association",,,0.0,0.0,,12138370000.0,11266735500.0,65214870000.0,0.0,0.0
2025,Bay Area,254900BBEPZS8MDE1S61,3,1145000.0,0,0.0,0,0.0,0.0,F&A Federal Credit Union,,,0.0,0.0,,12138370000.0,11266735500.0,65214870000.0,0.0,0.0
2025,Bay Area,254900EZRN0CBEP77K34,1,455000.0,0,0.0,0,0.0,0.0,State Department Federal Credit Union,,,0.0,0.0,,12138370000.0,11266735500.0,65214870000.0,0.0,0.0
2025,Bay Area,254900HO9WPE4LTLQU96,2,1640000.0,0,0.0,0,0.0,0.0,Valley West Corporation,,,0.0,0.0,,12138370000.0,11266735500.0,65214870000.0,0.0,0.0
2025,Bay Area,254900I68BOSEM149Q58,1,455000.0,0,0.0,0,0.0,0.0,"ENCOMPASS LENDING GROUP, LP",,,0.0,0.0,,12138370000.0,11266735500.0,65214870000.0,0.0,0.0
2025,Bay Area,254900J2RKTTDJSUWD76,2,1420000.0,0,0.0,0,0.0,0.0,254900J2RKTTDJSUWD76,,,0.0,0.0,,12138370000.0,11266735500.0,65214870000.0,0.0,0.0
2025,Bay Area,254900KD58MIT0K3NP70,1,585000.0,0,0.0,0,0.0,0.0,Los Angeles Federal Credit Union,,,0.0,0.0,,12138370000.0,11266735500.0,65214870000.0,0.0,0.0
2025,Bay Area,254900KI7219LQKCI772,3,3065000.0,0,0.0,0,0.0,0.0,First Western Trust Bank,,,0.0,0.0,,12138370000.0,11266735500.0,65214870000.0,0.0,0.0
2025,Bay Area,254900LNRKOG7TRURB32,1,305000.0,0,0.0,0,0.0,0.0,Ukrainian Federal Credit Union,,,0.0,0.0,,12138370000.0,11266735500.0,65214870000.0,0.0,0.0
2025,Bay Area,254900R9A6TW85BTVS20,10,5450000.0,0,0.0,0,0.0,0.0,Shea Mortgage Inc.,,,0.0,0.0,,12138370000.0,11266735500.0,65214870000.0,0.0,0.0
2025,Bay Area,254900RM3T6WAVE6SA24,1,1105000.0,0,0.0,0,0.0,0.0,AML FUNDING LLC,,,0.0,0.0,,12138370000.0,11266735500.0,65214870000.0,0.0,0.0
2025,Bay Area,254900U1OBL1MC6M6518,1,445000.0,0,0.0,0,0.0,0.0,"MortgageCountry, LLC",,,0.0,0.0,,12138370000.0,11266735500.0,65214870000.0,0.0,0.0
2025,Bay Area,254900VX7NAZSPBPUE16,2,1110000.0,0,0.0,0,0.0,0.0,"Constant Investments, Inc.",,,0.0,0.0,,12138370000.0,11266735500.0,65214870000.0,0.0,0.0
2025,Bay Area,254900WEP08K7U7S3A80,5,2615000.0,0,0.0,0,0.0,0.0,Nations Lending Corporation,,,0.0,0.0,,12138370000.0,11266735500.0,65214870000.0,0.0,0.0
2025,Bay Area,254900WZ3RTY75P7HO83,4,700000.0,0,0.0,0,0.0,0.0,254900WZ3RTY75P7HO83,,,0.0,0.0,,12138370000.0,11266735500.0,65214870000.0,0.0,0.0
2025,Bay Area,254900YZ174H294JW398,86,65450000.0,0,0.0,0,0.0,0.0,"Tri Pointe Connect, LLC",,,0.0,0.0,,12138370000.0,11266735500.0,65214870000.0,0.0,0.0
2025,Bay Area,5493000YNV8IX4VD3X12,8,1630000.0,0,0.0,0,0.0,0.0,"VANDERBILT MORTGAGE AND FINANCE, INC.",,,0.0,0.0,,12138370000.0,11266735500.0,65214870000.0,0.0,0.0
2025,Bay Area,54930015645SYPOM7220,2,1170000.0,0,0.0,0,0.0,0.0,"ISERVE RESIDENTIAL LENDING, LLC",,,0.0,0.0,,12138370000.0,11266735500.0,65214870000.0,0.0,0.0
2025,Bay Area,5493001HHBUTXHS7TZ96,16,9650000.0,0,0.0,0,0.0,0.0,HOMEAMERICAN MORTGAGE CORPORATION,,,0.0,0.0,,12138370000.0,11266735500.0,65214870000.0,0.0,0.0
2025,Bay Area,5493001P38O8QXGI6503,1,385000.0,0,0.0,0,0.0,0.0,SEA WEST COAST GUARD FEDERAL CREDIT UNION,,,0.0,0.0,,12138370000.0,11266735500.0,65214870000.0,0.0,0.0
2025,Bay Area,5493001SXWZ4OFP8Z903,148,100810000.0,0,0.0,0,0.0,0.0,"DHI MORTGAGE COMPANY, LTD.",,,0.0,0.0,,12138370000.0,11266735500.0,65214870000.0,0.0,0.0
2025,Bay Area,5493001XKL0FTNOJ0866,18,8810000.0,0,0.0,0,0.0,0.0,"GENEVA FINANCIAL, LLC",,,0.0,0.0,,12138370000.0,11266735500.0,65214870000.0,0.0,0.0
2025,Bay Area,54930021DZJ9CEN11D61,2,1220000.0,0,0.0,0,0.0,0.0,"TJC Mortgage, Inc.",,,0.0,0.0,,12138370000.0,11266735500.0,65214870000.0,0.0,0.0
2025,Bay Area,54930025XJJO3T0M1A92,2,2380000.0,0,0.0,0,0.0,0.0,GEORGIA'S OWN,,,0.0,0.0,,12138370000.0,11266735500.0,65214870000.0,0.0,0.0
2025,Bay Area,5493002LW7G8E8SHWC88,2,1320000.0,0,0.0,0,0.0,0.0,SESLOC,,,0.0,0.0,,12138370000.0,11266735500.0,65214870000.0,0.0,0.0
2025,Bay Area,5493002QI2ILHHZH8D20,184,120830000.0,0,0.0,0,0.0,0.0,"KBHS HOME LOANS, LLC",,,0.0,0.0,,12138370000.0,11266735500.0,65214870000.0,0.0,0.0
2025,Bay Area,5493002QRULT2T40BH09,3,1755000.0,0,0.0,0,0.0,0.0,COMMUNITYAMERICA CREDIT UNION,,,0.0,0.0,,12138370000.0,11266735500.0,65214870000.0,0.0,0.0
2025,Bay Area,5493002Y5XYV7DV1ZV88,6,4710000.0,0,0.0,0,0.0,0.0,"GOLD STAR MORTGAGE FINANCIAL GROUP, CORPORATION",,,0.0,0.0,,12138370000.0,11266735500.0,65214870000.0,0.0,0.0
2025,Bay Area,54930030Z1JWTP3SVD16,6,2810000.0,0,0.0,0,0.0,0.0,"TOP FLITE FINANCIAL, INC.",,,0.0,0.0,,12138370000.0,11266735500.0,65214870000.0,0.0,0.0
2025,Bay Area,5493003B2LEGQHDWRN55,1,505000.0,0,0.0,0,0.0,0.0,Hanscom Federal Credit Union,,,0.0,0.0,,12138370000.0,11266735500.0,65214870000.0,0.0,0.0
2025,Bay Area,5493003BXKRGHQHRJV38,2,2270000.0,0,0.0,0,0.0,0.0,ITHINK FINANCIAL Credit Union,,,0.0,0.0,,12138370000.0,11266735500.0,65214870000.0,0.0,0.0
2025,Bay Area,54930044OSTKOJMHF287,1,665000.0,0,0.0,0,0.0,0.0,54930044OSTKOJMHF287,,,0.0,0.0,,12138370000.0,11266735500.0,65214870000.0,0.0,0.0
2025,Bay Area,54930049L5WINET09Q97,12,7760000.0,0,0.0,0,0.0,0.0,"Click n' Close, Inc.",,,0.0,0.0,,12138370000.0,11266735500.0,65214870000.0,0.0,0.0
2025,Bay Area,5493004N9PMBSLEZOF16,50,20770000.0,0,0.0,0,0.0,0.0,"K. HOVNANIAN AMERICAN MORTGAGE, L.L.C.",,,0.0,0.0,,12138370000.0,11266735500.0,65214870000.0,0.0,0.0
2025,Bay Area,5493004UNRG4PWDF2K60,5,4735000.0,0,0.0,0,0.0,0.0,AFFINITY,,,0.0,0.0,,12138370000.0,11266735500.0,65214870000.0,0.0,0.0
2025,Bay Area,5493005I7R041I8VOW18,1,605000.0,0,0.0,0,0.0,0.0,"LENDING 3, INC.",,,0.0,0.0,,12138370000.0,11266735500.0,65214870000.0,0.0,0.0
2025,Bay Area,5493005LE3FE2MIPPW66,7,3045000.0,0,0.0,0,0.0,0.0,"COAST 2 COAST FUNDING GROUP, INC.",,,0.0,0.0,,12138370000.0,11266735500.0,65214870000.0,0.0,0.0
2025,Bay Area,5493005PT09Z02WXW551,1,695000.0,0,0.0,0,0.0,0.0,5493005PT09Z02WXW551,,,0.0,0.0,,12138370000.0,11266735500.0,65214870000.0,0.0,0.0
2025,Bay Area,54930060G4MDPWHISD89,5,2565000.0,0,0.0,0,0.0,0.0,EVERGREEN MONEYSOURCE MORTGAGE COMPANY,,,0.0,0.0,,12138370000.0,11266735500.0,65214870000.0,0.0,0.0
2025,Bay Area,5493006JISETNI0GLE61,2,1780000.0,0,0.0,0,0.0,0.0,5493006JISETNI0GLE61,,,0.0,0.0,,12138370000.0,11266735500.0,65214870000.0,0.0,0.0
2025,Bay Area,5493006LCVYJR3AYGA52,1,325000.0,0,0.0,0,0.0,0.0,5493006LCVYJR3AYGA52,,,0.0,0.0,,12138370000.0,11266735500.0,65214870000.0,0.0,0.0
2025,Bay Area,549300748YYU6VG08N83,1,955000.0,0,0.0,0,0.0,0.0,"Loan Simple, Inc.",,,0.0,0.0,,12138370000.0,11266735500.0,65214870000.0,0.0,0.0
2025,Bay Area,54930074FI0I2Q6G5S43,2,130000.0,0,0.0,0,0.0,0.0,54930074FI0I2Q6G5S43,,,0.0,0.0,,12138370000.0,11266735500.0,65214870000.0,0.0,0.0
2025,Bay Area,549300767F7CDUJR8Q67,45,9085000.0,0,0.0,0,0.0,0.0,COMMUNITY FIRST CREDIT UNION,,,0.0,0.0,,12138370000.0,11266735500.0,65214870000.0,0.0,0.0
2025,Bay Area,5493007L4GYNO2PUBS09,3,2515000.0,0,0.0,0,0.0,0.0,"MEMBER FIRST MORTGAGE, LLC",,,0.0,0.0,,12138370000.0,11266735500.0,65214870000.0,0.0,0.0
2025,Bay Area,5493007VDE1SMI6Z0Q04,2,850000.0,0,0.0,0,0.0,0.0,"VISION ONE MORTGAGE, INC.",,,0.0,0.0,,12138370000.0,11266735500.0,65214870000.0,0.0,0.0
2025,Bay Area,5493007VW2EU20PZYU97,44,24440000.0,0,0.0,0,0.0,0.0,INSPIRE HOME LOANS INC.,,,0.0,0.0,,12138370000.0,11266735500.0,65214870000.0,0.0,0.0
2025,Bay Area,549300850R07HZO8MY41,4,2820000.0,0,0.0,0,0.0,0.0,BNB FINANCIAL INC.,,,0.0,0.0,,12138370000.0,11266735500.0,65214870000.0,0.0,0.0
2025,Bay Area,5493008CPTDVOS570626,7,2115000.0,0,0.0,0,0.0,0.0,Third Federal Savings and Loan Association of Cleveland,,,0.0,0.0,,12138370000.0,11266735500.0,65214870000.0,0.0,0.0
2025,Bay Area,5493008JUW0FLRMO0W64,1,615000.0,0,0.0,0,0.0,0.0,M SQUARED FINANCIAL LLC,,,0.0,0.0,,12138370000.0,11266735500.0,65214870000.0,0.0,0.0
2025,Bay Area,5493009CYWXD5RBPIX14,5,3435000.0,0,0.0,0,0.0,0.0,CALTECH EMPLOYEES FEDERAL CREDIT UNION,,,0.0,0.0,,12138370000.0,11266735500.0,65214870000.0,0.0,0.0
2025,Bay Area,5493009D2COWW65B8673,1,205000.0,0,0.0,0,0.0,0.0,NORTHROP GRUMMAN Federal Credit Union,,,0.0,0.0,,12138370000.0,11266735500.0,65214870000.0,0.0,0.0
2025,Bay Area,5493009QYNVEZ9VDJU57,5,2735000.0,0,0.0,0,0.0,0.0,5493009QYNVEZ9VDJU57,,,0.0,0.0,,12138370000.0,11266735500.0,65214870000.0,0.0,0.0
2025,Bay Area,5493009RSCJ6Y7LUWJ31,1,1305000.0,0,0.0,0,0.0,0.0,FEDERATED MORTGAGE CORP.,,,0.0,0.0,,12138370000.0,11266735500.0,65214870000.0,0.0,0.0
2025,Bay Area,549300AENO88GEUWCZ39,3,2535000.0,0,0.0,0,0.0,0.0,"Luminate Home Loans, Inc.",,,0.0,0.0,,12138370000.0,11266735500.0,65214870000.0,0.0,0.0
2025,Bay Area,549300ALNLUNS3Y53T24,11,5455000.0,0,0.0,0,0.0,0.0,AMERICAN FINANCING CORPORATION,,,0.0,0.0,,12138370000.0,11266735500.0,65214870000.0,0.0,0.0
2025,Bay Area,549300ANF834QIIFUE57,1,625000.0,0,0.0,0,0.0,0.0,"A & N MORTGAGE SERVICES, INC.",,,0.0,0.0,,12138370000.0,11266735500.0,65214870000.0,0.0,0.0
2025,Bay Area,549300AT7EB9FJAF0E61,1,535000.0,0,0.0,0,0.0,0.0,Old National Bank,,,0.0,0.0,,12138370000.0,11266735500.0,65214870000.0,0.0,0.0
2025,Bay Area,549300BBKMRS6J0CB539,1,705000.0,0,0.0,0,0.0,0.0,AMERICAN PORTFOLIO MORTGAGE CORPORATION,,,0.0,0.0,,12138370000.0,11266735500.0,65214870000.0,0.0,0.0
2025,Bay Area,549300C4J510S9L1RF98,1,805000.0,0,0.0,0,0.0,0.0,549300C4J510S9L1RF98,,,0.0,0.0,,12138370000.0,11266735500.0,65214870000.0,0.0,0.0
2025,Bay Area,549300C4RD3C53QCM649,5,3275000.0,0,0.0,0,0.0,0.0,"STARBOARD FINANCIAL MANAGEMENT, LLC",,,0.0,0.0,,12138370000.0,11266735500.0,65214870000.0,0.0,0.0
2025,Bay Area,549300CDOC4F7XSRG390,1,405000.0,0,0.0,0,0.0,0.0,Pinnacle Bank,,,0.0,0.0,,12138370000.0,11266735500.0,65214870000.0,0.0,0.0
2025,Bay Area,549300CK7U1WMTIG6687,9,10025000.0,0,0.0,0,0.0,0.0,HIGHTECHLENDING INC,,,0.0,0.0,,12138370000.0,11266735500.0,65214870000.0,0.0,0.0
2025,Bay Area,549300CLRXFVF83ZL806,1,545000.0,0,0.0,0,0.0,0.0,"NATIONWIDE MORTGAGE BANKERS, INC.",,,0.0,0.0,,12138370000.0,11266735500.0,65214870000.0,0.0,0.0
2025,Bay Area,549300D0H09HSURFXA20,1,725000.0,0,0.0,0,0.0,0.0,"FAY SERVICING, LLC",,,0.0,0.0,,12138370000.0,11266735500.0,65214870000.0,0.0,0.0
2025,Bay Area,549300D2OYT7VTDY6Z20,1,395000.0,0,0.0,0,0.0,0.0,ANDREWS FEDERAL CREDIT UNION,,,0.0,0.0,,12138370000.0,11266735500.0,65214870000.0,0.0,0.0
2025,Bay Area,549300DFCG6GF21KOW34,11,8435000.0,0,0.0,0,0.0,0.0,EXCITE Credit Union,,,0.0,0.0,,12138370000.0,11266735500.0,65214870000.0,0.0,0.0
2025,Bay Area,549300DQLGJ1YQRRHH73,1,455000.0,0,0.0,0,0.0,0.0,Southwest Airlines Federal Credit Union,,,0.0,0.0,,12138370000.0,11266735500.0,65214870000.0,0.0,0.0
2025,Bay Area,549300EFCZM6KD6B8K69,1,1155000.0,0,0.0,0,0.0,0.0,MORTGAGE ACCESS CORP.,,,0.0,0.0,,12138370000.0,11266735500.0,65214870000.0,0.0,0.0
2025,Bay Area,549300ELLMUEKP1JHB70,7,5335000.0,0,0.0,0,0.0,0.0,INSTAMORTGAGE INC.,,,0.0,0.0,,12138370000.0,11266735500.0,65214870000.0,0.0,0.0
2025,Bay Area,549300EMNDEK4BA8WB53,1,665000.0,0,0.0,0,0.0,0.0,EMM LOANS LLC,,,0.0,0.0,,12138370000.0,11266735500.0,65214870000.0,0.0,0.0
2025,Bay Area,549300F570XAWYN8Z237,3,2715000.0,0,0.0,0,0.0,0.0,Bank of Hope,,,0.0,0.0,,12138370000.0,11266735500.0,65214870000.0,0.0,0.0
2025,Bay Area,549300F8C5JA44WNMI75,2,1240000.0,0,0.0,0,0.0,0.0,AMERICAN NEIGHBORHOOD MORTGAGE ACCEPTANCE COMPANY LLC,,,0.0,0.0,,12138370000.0,11266735500.0,65214870000.0,0.0,0.0
2025,Bay Area,549300FHWDJMELT59Z22,2,960000.0,0,0.0,0,0.0,0.0,549300FHWDJMELT59Z22,,,0.0,0.0,,12138370000.0,11266735500.0,65214870000.0,0.0,0.0
2025,Bay Area,549300GIVX5W7UETD809,1,175000.0,0,0.0,0,0.0,0.0,AMERICAN FIRST CREDIT UNION,,,0.0,0.0,,12138370000.0,11266735500.0,65214870000.0,0.0,0.0
2025,Bay Area,549300GRGZDEH4ZGQS06,2,560000.0,0,0.0,0,0.0,0.0,Waterstone Mortgage Corporation,,,0.0,0.0,,12138370000.0,11266735500.0,65214870000.0,0.0,0.0
2025,Bay Area,549300H12E7AUMUHP294,2,950000.0,0,0.0,0,0.0,0.0,"FIRST ALLIANCE HOME MORTGAGE, LLC",,,0.0,0.0,,12138370000.0,11266735500.0,65214870000.0,0.0,0.0
2025,Bay Area,549300I0HE5X0T5OI648,2,2210000.0,0,0.0,0,0.0,0.0,CALIFORNIA CREDIT UNION,,,0.0,0.0,,12138370000.0,11266735500.0,65214870000.0,0.0,0.0
2025,Bay Area,549300I3HDJ5QJNFPZ87,4,3260000.0,0,0.0,0,0.0,0.0,AMERICAN FINANCE HOUSE LARIBA,,,0.0,0.0,,12138370000.0,11266735500.0,65214870000.0,0.0,0.0
2025,Bay Area,549300IFOE4SCP384147,14,8170000.0,0,0.0,0,0.0,0.0,University Bank,,,0.0,0.0,,12138370000.0,11266735500.0,65214870000.0,0.0,0.0
2025,Bay Area,549300ISCZS1R0CJMO47,7,6325000.0,0,0.0,0,0.0,0.0,"Premia Mortgage, LLC DBA Premia Relocation Mortgage",,,0.0,0.0,,12138370000.0,11266735500.0,65214870000.0,0.0,0.0
2025,Bay Area,549300KDR80I1ELW8D36,3,1865000.0,0,0.0,0,0.0,0.0,"AgWest Farm Credit, FLCA",,,0.0,0.0,,12138370000.0,11266735500.0,65214870000.0,0.0,0.0
2025,Bay Area,549300KHXD7JSQUZIJ22,1,595000.0,0,0.0,0,0.0,0.0,"HIGHLANDS RESIDENTIAL MORTGAGE, LTD.",,,0.0,0.0,,12138370000.0,11266735500.0,65214870000.0,0.0,0.0
2025,Bay Area,549300KPHGEE40YQXO21,4,5090000.0,0,0.0,0,0.0,0.0,FARMERS INSURANCE GROUP FEDERAL CREDIT UNION,,,0.0,0.0,,12138370000.0,11266735500.0,65214870000.0,0.0,0.0
2025,Bay Area,549300KZC4KKV3F7W494,5,2365000.0,0,0.0,0,0.0,0.0,BAY,,,0.0,0.0,,12138370000.0,11266735500.0,65214870000.0,0.0,0.0
2025,Bay Area,549300LE3ZOZXUS7W648,1,1195000.0,0,0.0,0,0.0,0.0,549300LE3ZOZXUS7W648,,,0.0,0.0,,12138370000.0,11266735500.0,65214870000.0,0.0,0.0
2025,Bay Area,549300LU20D3H1812W20,4,3650000.0,0,0.0,0,0.0,0.0,"WALL FINANCIAL, INC.",,,0.0,0.0,,12138370000.0,11266735500.0,65214870000.0,0.0,0.0
2025,Bay Area,549300M8WGW2D17CZD19,1,755000.0,0,0.0,0,0.0,0.0,"GARDNER FINANCIAL SERVICES, LTD.",,,0.0,0.0,,12138370000.0,11266735500.0,65214870000.0,0.0,0.0
2025,Bay Area,549300MD3D3OC2CSGX39,11,5235000.0,0,0.0,0,0.0,0.0,SANTA CLARA COUNTY FEDERAL CREDIT UNION,,,0.0,0.0,,12138370000.0,11266735500.0,65214870000.0,0.0,0.0
2025,Bay Area,549300MPZDD9EFQ1E963,1,695000.0,0,0.0,0,0.0,0.0,549300MPZDD9EFQ1E963,,,0.0,0.0,,12138370000.0,11266735500.0,65214870000.0,0.0,0.0
2025,Bay Area,549300MU2YI0HXIT3257,1,155000.0,0,0.0,0,0.0,0.0,"Liberty Savings Bank, F.S.B.",,,0.0,0.0,,12138370000.0,11266735500.0,65214870000.0,0.0,0.0
2025,Bay Area,549300N3JBQ15RQ7AV97,3,1745000.0,0,0.0,0,0.0,0.0,"MORIA DEVELOPMENT, INC.",,,0.0,0.0,,12138370000.0,11266735500.0,65214870000.0,0.0,0.0
2025,Bay Area,549300NW5S24O35U1962,1,665000.0,0,0.0,0,0.0,0.0,NOBLE,,,0.0,0.0,,12138370000.0,11266735500.0,65214870000.0,0.0,0.0
2025,Bay Area,549300OBO7DOF2KOP535,1,905000.0,0,0.0,0,0.0,0.0,FirstBank,,,0.0,0.0,,12138370000.0,11266735500.0,65214870000.0,0.0,0.0
2025,Bay Area,549300OLJQ30ZT21BC55,1,555000.0,0,0.0,0,0.0,0.0,BANC ONE MORTGAGE CORPORATION,,,0.0,0.0,,12138370000.0,11266735500.0,65214870000.0,0.0,0.0
2025,Bay Area,549300OSXT524OFE8M55,2,1150000.0,0,0.0,0,0.0,0.0,"CENTRAL COAST LENDING, INC.",,,0.0,0.0,,12138370000.0,11266735500.0,65214870000.0,0.0,0.0
2025,Bay Area,549300P1347BFCBHJV60,2,530000.0,0,0.0,0,0.0,0.0,MASS. INSTITUTE OF TECH. FEDERAL CREDIT UNION,,,0.0,0.0,,12138370000.0,11266735500.0,65214870000.0,0.0,0.0
2025,Bay Area,549300PBTV7FCWLSMM53,5,2415000.0,0,0.0,0,0.0,0.0,"MORTGAGE SOLUTIONS OF COLORADO, LLC",,,0.0,0.0,,12138370000.0,11266735500.0,65214870000.0,0.0,0.0
2025,Bay Area,549300PFJ7GCGDLB2E65,1,1295000.0,0,0.0,0,0.0,0.0,"First Option Mortgage, LLC",,,0.0,0.0,,12138370000.0,11266735500.0,65214870000.0,0.0,0.0
2025,Bay Area,549300PIL8LFAQ04XC20,1,495000.0,0,0.0,0,0.0,0.0,"SPRING EQ, LLC",,,0.0,0.0,,12138370000.0,11266735500.0,65214870000.0,0.0,0.0
2025,Bay Area,549300R0DP2GXAIMGB41,1,815000.0,0,0.0,0,0.0,0.0,Bank of Colorado,,,0.0,0.0,,12138370000.0,11266735500.0,65214870000.0,0.0,0.0
2025,Bay Area,549300R0SXC1JU7ZU290,10,6280000.0,0,0.0,0,0.0,0.0,"FIRST COMMUNITY MORTGAGE, INC.",,,0.0,0.0,,12138370000.0,11266735500.0,65214870000.0,0.0,0.0
2025,Bay Area,549300REENMLD2RN3W58,5,2635000.0,0,0.0,0,0.0,0.0,"Magnolia Bank, Incorporated",,,0.0,0.0,,12138370000.0,11266735500.0,65214870000.0,0.0,0.0
2025,Bay Area,549300REPZK0JXAZ6D94,2,1000000.0,0,0.0,0,0.0,0.0,"FISHER FINANCIAL GROUP, INCORPORATED",,,0.0,0.0,,12138370000.0,11266735500.0,65214870000.0,0.0,0.0
2025,Bay Area,549300RFLICNI75BG067,1,1985000.0,0,0.0,0,0.0,0.0,Luminate Bank,,,0.0,0.0,,12138370000.0,11266735500.0,65214870000.0,0.0,0.0
2025,Bay Area,549300RM1IZYGQDSNL85,5,2815000.0,0,0.0,0,0.0,0.0,"Texana Bank, National Association",,,0.0,0.0,,12138370000.0,11266735500.0,65214870000.0,0.0,0.0
2025,Bay Area,549300RN01LBYR8ZVX74,12,7750000.0,0,0.0,0,0.0,0.0,"LOWER, LLC",,,0.0,0.0,,12138370000.0,11266735500.0,65214870000.0,0.0,0.0
2025,Bay Area,549300S7EJRY2DY1UR88,1,1055000.0,0,0.0,0,0.0,0.0,549300S7EJRY2DY1UR88,,,0.0,0.0,,12138370000.0,11266735500.0,65214870000.0,0.0,0.0
2025,Bay Area,549300SCFWZXMDMZPE93,1,1055000.0,0,0.0,0,0.0,0.0,"RESIDENTIAL MORTGAGE, LLC",,,0.0,0.0,,12138370000.0,11266735500.0,65214870000.0,0.0,0.0
2025,Bay Area,549300SGD2RNJOEDDS24,9,6675000.0,0,0.0,0,0.0,0.0,SAFE Credit Union,,,0.0,0.0,,12138370000.0,11266735500.0,65214870000.0,0.0,0.0
2025,Bay Area,549300SI3EZ7U02L5E39,1,665000.0,0,0.0,0,0.0,0.0,PROPONENT Federal Credit Union,,,0.0,0.0,,12138370000.0,11266735500.0,65214870000.0,0.0,0.0
2025,Bay Area,549300SUCQ1358EGVE89,12,4300000.0,0,0.0,0,0.0,0.0,"NEW DAY FINANCIAL, LLC",,,0.0,0.0,,12138370000.0,11266735500.0,65214870000.0,0.0,0.0
2025,Bay Area,549300T5QSL6MC8M4D04,4,2280000.0,0,0.0,0,0.0,0.0,"NORWICH COMMERCIAL GROUP, INC.",,,0.0,0.0,,12138370000.0,11266735500.0,65214870000.0,0.0,0.0
2025,Bay Area,549300TG5MQ8D4SYP955,1,615000.0,0,0.0,0,0.0,0.0,The Tax Lady,,,0.0,0.0,,12138370000.0,11266735500.0,65214870000.0,0.0,0.0
2025,Bay Area,549300TTPRGSP8DGY569,1,1015000.0,0,0.0,0,0.0,0.0,WRIGHT PATMAN CONGRESSIONAL FEDERAL CREDIT UNION,,,0.0,0.0,,12138370000.0,11266735500.0,65214870000.0,0.0,0.0
2025,Bay Area,549300TUQC6OYE8A0Y96,1,805000.0,0,0.0,0,0.0,0.0,"PACIFIC RESIDENTIAL MORTGAGE, LLC",,,0.0,0.0,,12138370000.0,11266735500.0,65214870000.0,0.0,0.0
2025,Bay Area,549300U4FBW37LFHW771,1,1175000.0,0,0.0,0,0.0,0.0,JET DIRECT FUNDING CORP,,,0.0,0.0,,12138370000.0,11266735500.0,65214870000.0,0.0,0.0
2025,Bay Area,549300U7UH8QCS8WQ406,1,1385000.0,0,0.0,0,0.0,0.0,PURDUE,,,0.0,0.0,,12138370000.0,11266735500.0,65214870000.0,0.0,0.0
2025,Bay Area,549300ULXKJUJDK2RQ54,1,735000.0,0,0.0,0,0.0,0.0,MONARCH FUNDING CORP.,,,0.0,0.0,,12138370000.0,11266735500.0,65214870000.0,0.0,0.0
2025,Bay Area,549300US45HOXL30J494,4,4500000.0,0,0.0,0,0.0,0.0,FINANCIAL RESOURCES FEDERAL CREDIT UNION,,,0.0,0.0,,12138370000.0,11266735500.0,65214870000.0,0.0,0.0
2025,Bay Area,549300V3N91EH05UWL23,1,305000.0,0,0.0,0,0.0,0.0,SKYONE Federal Credit Union,,,0.0,0.0,,12138370000.0,11266735500.0,65214870000.0,0.0,0.0
2025,Bay Area,549300V8CF81JGIV7038,1,1065000.0,0,0.0,0,0.0,0.0,549300V8CF81JGIV7038,,,0.0,0.0,,12138370000.0,11266735500.0,65214870000.0,0.0,0.0
2025,Bay Area,549300VJQJVZKJBDWS17,1,455000.0,0,0.0,0,0.0,0.0,"TOTAL MORTGAGE SERVICES, LLC",,,0.0,0.0,,12138370000.0,11266735500.0,65214870000.0,0.0,0.0
2025,Bay Area,549300VMX06UV1F7NS76,6,2830000.0,0,0.0,0,0.0,0.0,"SUCCESS MORTGAGE PARTNERS, INC.",,,0.0,0.0,,12138370000.0,11266735500.0,65214870000.0,0.0,0.0
2025,Bay Area,549300W1HU6IVVIEJ389,1,325000.0,0,0.0,0,0.0,0.0,"RANLIFE, INC.",,,0.0,0.0,,12138370000.0,11266735500.0,65214870000.0,0.0,0.0
2025,Bay Area,549300W4FT4H1UWPGU95,1,435000.0,0,0.0,0,0.0,0.0,GREENSTATE Credit Union,,,0.0,0.0,,12138370000.0,11266735500.0,65214870000.0,0.0,0.0
2025,Bay Area,549300YD7XJM19TH5O82,24,18180000.0,0,0.0,0,0.0,0.0,CITIZENS EQUITY FIRST,,,0.0,0.0,,12138370000.0,11266735500.0,65214870000.0,0.0,0.0
2025,Bay Area,549300YS7PW1Y7DQZG40,1,755000.0,0,0.0,0,0.0,0.0,549300YS7PW1Y7DQZG40,,,0.0,0.0,,12138370000.0,11266735500.0,65214870000.0,0.0,0.0
2025,Bay Area,549300YT2WUQF1W74119,1,785000.0,0,0.0,0,0.0,0.0,549300YT2WUQF1W74119,,,0.0,0.0,,12138370000.0,11266735500.0,65214870000.0,0.0,0.0
2025,Bay Area,549300Z66NI4HM439O26,4,3140000.0,0,0.0,0,0.0,0.0,SACRAMENTO Credit Union,,,0.0,0.0,,12138370000.0,11266735500.0,65214870000.0,0.0,0.0
2025,Bay Area,549300ZBXINP1Y94CN02,5,2615000.0,0,0.0,0,0.0,0.0,"DIRECTORS MORTGAGE, INC.",,,0.0,0.0,,12138370000.0,11266735500.0,65214870000.0,0.0,0.0
2025,Bay Area,549300ZPP46PTHQ2RF22,9,1845000.0,0,0.0,0,0.0,0.0,NORTH BAY Credit Union,,,0.0,0.0,,12138370000.0,11266735500.0,65214870000.0,0.0,0.0
2025,Bay Area,549300ZPSJZO10ZAX556,12,11790000.0,0,0.0,0,0.0,0.0,"AMERICAN HERITAGE LENDING, LLC",,,0.0,0.0,,12138370000.0,11266735500.0,65214870000.0,0.0,0.0
2025,Bay Area,984500FAD1FB7FEGTE82,4,2760000.0,0,0.0,0,0.0,0.0,REAL GENIUS LLC,,,0.0,0.0,,12138370000.0,11266735500.0,65214870000.0,0.0,0.0
2025,Bay Area,D38AC76TAMYI50NBPX33,2,1970000.0,0,0.0,0,0.0,0.0,WASHINGTON FEDERAL BANK,WAFD,"WaFd, Inc.",0.0,0.0,,12138370000.0,11266735500.0,65214870000.0,0.0,0.0
2025,Bay Area,FU7RSW4CQQY98A2O7J66,1,155000.0,0,0.0,0,0.0,0.0,"BOKF, National Association",,,0.0,0.0,,12138370000.0,11266735500.0,65214870000.0,0.0,0.0
2025,Bay Area,HIDXEG9BLUJZKBGUT764,2,1720000.0,0,0.0,0,0.0,0.0,Bank-Fund Staff Federal Credit Union,,,0.0,0.0,,12138370000.0,11266735500.0,65214870000.0,0.0,0.0
2025,Bay Area,VNOO6EITDJ2YUEBMSZ83,1,2955000.0,0,0.0,0,0.0,0.0,"UMB Bank, National Association",,,0.0,0.0,,12138370000.0,11266735500.0,65214870000.0,0.0,0.0
2025,Bay Area,WE0I402RW25AU38DTI13,5,7385000.0,0,0.0,0,0.0,0.0,Banner Bank,,,0.0,0.0,,12138370000.0,11266735500.0,65214870000.0,0.0,0.0
2025,Bay Area,WKN6AF1FCL7BBYGTGI83,4,2990000.0,0,0.0,0,0.0,0.0,First Savings Bank,,,0.0,0.0,,12138370000.0,11266735500.0,65214870000.0,0.0,0.0
2025,Seattle/Puget Sound,7H6GLXDRUGQFU57RNE97,1723,1526925000.0,702,708660000.0,877,860785000.0,671603500.0,"JPMorgan Chase Bank, National Association",,,0.46410923915712954,0.4398405291680993,1009487.1794871795,10913690000.0,10001854500.0,40617710000.0,0.06493312527660214,0.06714789742242301
2025,Seattle/Puget Sound,KB1H1DSPRFMYMCUFXT09,1135,1257225000.0,494,661680000.0,645,812455000.0,658257000.0,"Wells Fargo Bank, National Association",,,0.5263019745868878,0.523579311579073,1339433.198380567,10913690000.0,10001854500.0,40617710000.0,0.060628440060144645,0.06581349488737313
2025,Seattle/Puget Sound,B4TYDEB6GKMZO031MB27,1245,1292085000.0,468,591550000.0,614,745970000.0,588661500.0,"Bank of America, National Association",,,0.4578259170255827,0.4555903829856395,1263995.7264957265,10913690000.0,10001854500.0,40617710000.0,0.05420256576831484,0.058855235296614246
2025,Seattle/Puget Sound,549300KM40FP4MSQU941,2716,1756570000.0,690,568030000.0,1003,784485000.0,560850000.0,Boeing Employees Credit Union,,,0.3233745310463005,0.31928701958931327,823231.8840579711,10913690000.0,10001854500.0,40617710000.0,0.0520474743189517,0.05607460096525099
2025,Seattle/Puget Sound,6BYL5QZYBDK8S7L73M02,1435,1452745000.0,423,526995000.0,590,691820000.0,523246500.0,U.S. Bank National Association,,,0.36275808899703665,0.3601778013347146,1245851.0638297873,10913690000.0,10001854500.0,40617710000.0,0.04828751778729284,0.05231494819285763
2025,Seattle/Puget Sound,549300DD4R4SYK5RAQ92,3332,2033020000.0,766,565740000.0,1073,718855000.0,481109500.0,"MOVEMENT MORTGAGE, LLC",,,0.2782756687096044,0.236647696530285,738563.9686684073,10913690000.0,10001854500.0,40617710000.0,0.051837646112359796,0.048102029478633186
2025,Seattle/Puget Sound,549300HW662MN1WU8550,5229,3021135000.0,646,466890000.0,1131,712045000.0,416233500.0,"UNITED WHOLESALE MORTGAGE, LLC",,,0.15454125684552328,0.13777388299430512,722739.9380804953,10913690000.0,10001854500.0,40617710000.0,0.04278021457453895,0.041615632380974946
2025,Seattle/Puget Sound,549300FGXN1K3HLB1R50,4022,2208000000.0,674,457420000.0,1078,650960000.0,402903000.0,"ROCKET MORTGAGE, LLC",,,0.20716485507246377,0.18247418478260868,678664.6884272997,10913690000.0,10001854500.0,40617710000.0,0.04191249705644928,0.04028282954926009
2025,Seattle/Puget Sound,549300GKFNPRWNS0GF29,2196,1444230000.0,600,471430000.0,768,573030000.0,393936500.0,"CMG MORTGAGE, INC.",,,0.3264230766567652,0.2727657644558,785716.6666666666,10913690000.0,10001854500.0,40617710000.0,0.04319620586621024,0.039386345802170986
2025,Seattle/Puget Sound,549300VZVN841I2ILS84,2962,1828440000.0,551,417105000.0,879,593715000.0,357430500.0,"CROSSCOUNTRY MORTGAGE, LLC",,,0.22812069304981294,0.19548385508958457,756996.3702359346,10913690000.0,10001854500.0,40617710000.0,0.038218512712015824,0.035736422680413917
2025,Seattle/Puget Sound,549300G4ESSS6M0MEG51,740,595850000.0,318,290580000.0,371,329365000.0,249905500.0,"OriginPoint, LLC",,,0.4876730720818998,0.4194100864311488,913773.5849056604,10913690000.0,10001854500.0,40617710000.0,0.02662527522771858,0.024985916361810703
2025,Seattle/Puget Sound,1IE8VN30JCEQV1H4R804,322,389730000.0,164,212900000.0,207,260355000.0,214990000.0,"HSBC BANK USA, NATIONAL ASSOCIATION",,,0.5462756267159316,0.5516383137043595,1298170.731707317,10913690000.0,10001854500.0,40617710000.0,0.019507609250400185,0.02149501374970012
2025,Seattle/Puget Sound,RVDPPPGHCGZ40J4VQ731,1244,856940000.0,253,233195000.0,376,310900000.0,209602500.0,"PENNYMAC LOAN SERVICES, LLC",,,0.2721252363059257,0.24459413727915608,921719.3675889329,10913690000.0,10001854500.0,40617710000.0,0.02136720027781621,0.020956363642362523
2025,Seattle/Puget Sound,549300AQ3T62GXDU7D76,2309,1314115000.0,298,224170000.0,488,324740000.0,196949000.0,GUILD MORTGAGE COMPANY LLC,,,0.1705862881102491,0.1498719670652873,752248.322147651,10913690000.0,10001854500.0,40617710000.0,0.020540257236553356,0.019691248258010552
2025,Seattle/Puget Sound,549300CY7WNAHKHYSJ73,730,500640000.0,277,216045000.0,317,238065000.0,177734000.0,"CORNERSTONE CAPITAL BANK, SSB",,,0.431537631831256,0.35501358261425375,779945.8483754513,10913690000.0,10001854500.0,40617710000.0,0.019795779429322254,0.017770104534114147
2025,Seattle/Puget Sound,549300U3721PJGQZYY68,947,629495000.0,242,200160000.0,325,252695000.0,173897500.0,"GUARANTEED RATE, INC.",,,0.3179691657598551,0.27624921564110916,827107.438016529,10913690000.0,10001854500.0,40617710000.0,0.018340268048661817,0.01738652566881472
2025,Seattle/Puget Sound,5493009HUMWCHFRDKF12,639,413775000.0,245,177485000.0,282,200190000.0,149232500.0,SAMMAMISH MORTGAGE COMPANY,,,0.42894084949549877,0.36066098725152557,724428.5714285715,10913690000.0,10001854500.0,40617710000.0,0.016262602291250712,0.014920482996428312
2025,Seattle/Puget Sound,E57ODZWZ7FF32TWEFA76,265,321715000.0,113,144505000.0,151,188245000.0,147403000.0,"Citibank, National Association",,,0.44917084997591034,0.4581788228711748,1278805.3097345133,10913690000.0,10001854500.0,40617710000.0,0.013240709604176039,0.014737566918215017
2025,Seattle/Puget Sound,549300FNXYY540N23N64,1420,832590000.0,209,162165000.0,316,217360000.0,137615000.0,NEWREZ LLC,,,0.19477173638885886,0.16528543460767003,775909.0909090909,10913690000.0,10001854500.0,40617710000.0,0.014858860751954655,0.01375894840301866
2025,Seattle/Puget Sound,549300MGPZBLQDIL7538,1225,733725000.0,198,154430000.0,310,213920000.0,136915500.0,FAIRWAY INDEPENDENT MORTGAGE CORPORATION,,,0.21047395141231387,0.1866032914238986,779949.494949495,10913690000.0,10001854500.0,40617710000.0,0.014150117879470646,0.013689011372840907
2025,Seattle/Puget Sound,549300DK7QID2ZON6Q55,430,343340000.0,142,137520000.0,176,165770000.0,131982000.0,Global Federal Credit Union,,,0.4005359119240403,0.3844061280363488,968450.7042253522,10913690000.0,10001854500.0,40617710000.0,0.012600687760051825,0.013195752847634407
2025,Seattle/Puget Sound,AD6GFRVSDT01YPT1CS68,203,234505000.0,91,123125000.0,114,144270000.0,122308500.0,"PNC Bank, National Association",,,0.5250421099763332,0.5215603078825611,1353021.978021978,10913690000.0,10001854500.0,40617710000.0,0.011281702155732846,0.012228582209429262
2025,Seattle/Puget Sound,549300AG64NHILB7ZP05,788,508560000.0,154,130520000.0,236,174800000.0,118773000.0,"LOANDEPOT.COM, LLC",,,0.25664621676891614,0.23354766399244928,847532.4675324676,10913690000.0,10001854500.0,40617710000.0,0.011959291495360415,0.011875097763119829
2025,Seattle/Puget Sound,549300INFJ8TYNZ1G568,154,211950000.0,84,122750000.0,97,141245000.0,111353000.0,"Charles Schwab Bank, SSB",,,0.5791460250058976,0.525373908940788,1461309.5238095238,10913690000.0,10001854500.0,40617710000.0,0.011247341641552949,0.011133235341505917
2025,Seattle/Puget Sound,549300MCIFZSDHUT8X63,675,443915000.0,156,128990000.0,212,162070000.0,110098500.0,"NFM, INC.",,,0.2905736458556255,0.24801707534099995,826858.9743589744,10913690000.0,10001854500.0,40617710000.0,0.011819100597506434,0.011007808601894778
2025,Seattle/Puget Sound,593C3GZG957YOJPS2Z63,159,219935000.0,89,116475000.0,101,129725000.0,109729500.0,City National Bank,,,0.5295882874485643,0.49891786209561917,1308707.8651685393,10913690000.0,10001854500.0,40617710000.0,0.010672375704276005,0.01097091544373096
2025,Seattle/Puget Sound,549300Q02LGIN9AXKP98,269,257635000.0,108,100130000.0,142,136980000.0,101813000.0,FIRST TECHNOLOGY FEDERAL CREDIT UNION,,,0.3886506103596173,0.3951831078851864,927129.6296296297,10913690000.0,10001854500.0,40617710000.0,0.009174715426221561,0.010179412228002317
2025,Seattle/Puget Sound,5493003T5D4N1CM46J77,498,321900000.0,135,110765000.0,161,126975000.0,93421000.0,1st Security Bank of Washington,FSBW,FS Bancorp,0.3440975458216837,0.2902174588381485,820481.4814814815,10913690000.0,10001854500.0,40617710000.0,0.01014917960836344,0.009340367828786151
2025,Seattle/Puget Sound,549300GS0W0TEUQS8571,175,225495000.0,76,105010000.0,84,110910000.0,91448000.0,"Morgan Stanley Private Bank, National Association",,,0.46568660058981354,0.40554336016319653,1381710.5263157894,10913690000.0,10001854500.0,40617710000.0,0.009621860250749289,0.009143104411286927
2025,Seattle/Puget Sound,HUX2X73FUCYHUVH1BK78,378,282850000.0,90,86770000.0,137,120975000.0,86850500.0,KeyBank National Association,,,0.3067703729892169,0.307054976135761,964111.1111111111,10913690000.0,10001854500.0,40617710000.0,0.007950564841039098,0.008683439656115774
2025,Seattle/Puget Sound,54930060G4MDPWHISD89,1161,641755000.0,134,92410000.0,231,141335000.0,80028500.0,EVERGREEN MONEYSOURCE MORTGAGE COMPANY,,,0.143995761622426,0.12470257341197186,689626.8656716418,10913690000.0,10001854500.0,40617710000.0,0.008467346974304749,0.008001366146648104
2025,Seattle/Puget Sound,549300KIOYNU323LVJ37,820,455670000.0,114,75160000.0,203,117465000.0,64799500.0,AMERICAN PACIFIC MORTGAGE CORPORATION,,,0.16494392872034586,0.14220707968485966,659298.245614035,10913690000.0,10001854500.0,40617710000.0,0.006886763322029488,0.006478748516087691
2025,Seattle/Puget Sound,254900VELJPWWT51WN03,241,143595000.0,101,61175000.0,131,79155000.0,60053500.0,General Mortgage Capital Corporation,,,0.426024583028657,0.4182144225077475,605693.0693069306,10913690000.0,10001854500.0,40617710000.0,0.005605345213213863,0.006004236514338416
2025,Seattle/Puget Sound,IFQSIUC9AGQV2NE8CN25,272,176030000.0,66,61960000.0,87,72305000.0,54761500.0,Umpqua Bank,COLB,Columbia Banking System,0.35198545702437084,0.3110918593421576,938787.8787878788,10913690000.0,10001854500.0,40617710000.0,0.005677273222897114,0.005475134636281701
2025,Seattle/Puget Sound,549300E2UX99HKDBR481,691,391715000.0,70,53870000.0,144,90660000.0,49578500.0,"NEW AMERICAN FUNDING, LLC",,,0.13752345455241693,0.12656778525203272,769571.4285714285,10913690000.0,10001854500.0,40617710000.0,0.004936002396989469,0.004956930737194787
2025,Seattle/Puget Sound,254900DTLHVWQ7NP7R34,420,244710000.0,73,49865000.0,122,74780000.0,42935500.0,"THE LOAN STORE, INC.",,,0.20377181153201748,0.1754546197539945,683082.1917808219,10913690000.0,10001854500.0,40617710000.0,0.004569032105548169,0.004292753908787615
2025,Seattle/Puget Sound,54930043BMDE130FJ617,385,221785000.0,79,47315000.0,113,65405000.0,42334000.0,"PROVIDENT FUNDING ASSOCIATES, L.P.",,,0.21333724102171023,0.19087855355411773,598924.0506329114,10913690000.0,10001854500.0,40617710000.0,0.00433538060912487,0.004232615061536838
2025,Seattle/Puget Sound,549300WJIJV987NXVC31,251,153795000.0,63,44005000.0,91,62985000.0,39816500.0,"SCENIC OAKS FUNDING, LLC",,,0.28612763743944863,0.25889333203290094,698492.0634920635,10913690000.0,10001854500.0,40617710000.0,0.0040320918039636455,0.003980911739917832
2025,Seattle/Puget Sound,549300370QILXLFUWD20,244,130310000.0,80,43730000.0,108,56930000.0,38624500.0,"ZILLOW HOME LOANS, LLC",,,0.3355843757194383,0.29640472718901084,546625.0,10913690000.0,10001854500.0,40617710000.0,0.004006894093565055,0.0038617338414591016
2025,Seattle/Puget Sound,549300GWD9H4FQ2VR805,73,86855000.0,37,44625000.0,46,51530000.0,38591500.0,UBS Bank USA,,,0.5137873467273041,0.4443209947613839,1206081.0810810812,10913690000.0,10001854500.0,40617710000.0,0.004088901187407742,0.00385843445333063
2025,Seattle/Puget Sound,8WH0EE09O9V05QJZ3V89,95,103675000.0,26,36420000.0,45,56285000.0,38432500.0,"Zions Bancorporation, N.A.",,,0.3512900892211237,0.3707017120810224,1400769.2307692308,10913690000.0,10001854500.0,40617710000.0,0.003337093137151596,0.003842537401438903
2025,Seattle/Puget Sound,549300NWBS6MQJX15N44,157,121795000.0,43,41395000.0,64,54360000.0,38187000.0,NexBank,,,0.33987437907960094,0.31353503838417013,962674.4186046511,10913690000.0,10001854500.0,40617710000.0,0.0037929426252715625,0.0038179919533922434
2025,Seattle/Puget Sound,549300LROQOOQU77WS20,221,141145000.0,68,42810000.0,85,52955000.0,37141500.0,LENOX FINANCIAL MORTGAGE CORPORATION,,,0.3033051117644975,0.26314428424669667,629558.8235294118,10913690000.0,10001854500.0,40617710000.0,0.003922596298777041,0.0037134613385947576
2025,Seattle/Puget Sound,3Y4U8VZURTYWI1W2K376,76,92940000.0,34,40430000.0,42,49610000.0,36608000.0,BMO Bank National Association,,,0.4350118355928556,0.39388853023455994,1189117.6470588236,10913690000.0,10001854500.0,40617710000.0,0.003704521568781961,0.0036601212305178003
2025,Seattle/Puget Sound,549300XY701IELCE5Q08,166,117720000.0,52,43620000.0,65,51975000.0,36330500.0,BETTER MORTGAGE CORPORATION,,,0.3705402650356779,0.3086179068977234,838846.1538461539,10913690000.0,10001854500.0,40617710000.0,0.003996815009405618,0.0036323763758011078
2025,Seattle/Puget Sound,549300UI36AJZ0WZ4U93,79,49835000.0,54,38870000.0,54,38870000.0,35457000.0,"Taylor Morrison Home Funding, Inc.",,,0.7799739139159225,0.711487910103341,719814.8148148148,10913690000.0,10001854500.0,40617710000.0,0.0035615818297935896,0.0035450425718550494
2025,Seattle/Puget Sound,01KWVG908KE7RKPTNP46,276,163050000.0,60,40800000.0,117,72375000.0,35049000.0,HomeStreet Bank,HMST,"HomeStreet, Inc.",0.250229990800368,0.21495860165593375,680000.0,10913690000.0,10001854500.0,40617710000.0,0.003738423942772793,0.003504250136812128
2025,Seattle/Puget Sound,549300PL8ER6H23P0Z91,354,197190000.0,55,36925000.0,104,62220000.0,33764000.0,BAY EQUITY LLC,,,0.18725594604188853,0.1712257213854658,671363.6363636364,10913690000.0,10001854500.0,40617710000.0,0.0033833652962471906,0.003375773962718614
2025,Seattle/Puget Sound,254900YZ174H294JW398,172,128990000.0,35,27745000.0,54,42570000.0,33675000.0,"Tri Pointe Connect, LLC",,,0.21509419334832158,0.2610667493604155,792714.2857142857,10913690000.0,10001854500.0,40617710000.0,0.0025422199091233123,0.0033668756129175844
2025,Seattle/Puget Sound,5493003GQDUH26DNNH17,611,323795000.0,54,36790000.0,92,54020000.0,31329000.0,NAVY FEDERAL CREDIT UNION,,,0.11362127271884989,0.0967556633054865,681296.2962962963,10913690000.0,10001854500.0,40617710000.0,0.0033709955111424273,0.003132319111420787
2025,Seattle/Puget Sound,549300LYRWPSYPK6S325,800,410180000.0,51,33495000.0,107,59275000.0,29725500.0,FREEDOM MORTGAGE CORPORATION,,,0.0816592715393242,0.07246940367643473,656764.7058823529,10913690000.0,10001854500.0,40617710000.0,0.0030690811265483993,0.0029719988428146002
2025,Seattle/Puget Sound,5493001SXWZ4OFP8Z903,735,494385000.0,18,23960000.0,47,48205000.0,29331000.0,"DHI MORTGAGE COMPANY, LTD.",,,0.04846425356756374,0.059328256318456264,1331111.111111111,10913690000.0,10001854500.0,40617710000.0,0.002195407786000885,0.002932556157460599
2025,Seattle/Puget Sound,549300MZ8VZJOVC63092,289,174885000.0,37,31215000.0,66,46810000.0,27948000.0,"KIND LENDING, LLC",,,0.17848872115961917,0.15980787374560426,843648.6486486486,10913690000.0,10001854500.0,40617710000.0,0.0028601692003346257,0.0027942818004401083
2025,Seattle/Puget Sound,549300P2GEYNMH5OQA71,87,61755000.0,35,32715000.0,43,34895000.0,27448000.0,Washington Trust Bank,,,0.5297546757347583,0.44446603513885513,934714.2857142857,10913690000.0,10001854500.0,40617710000.0,0.0029976112570542137,0.002744291071220842
2025,Seattle/Puget Sound,213800XR2TCBQJSF1X93,238,145700000.0,43,30095000.0,62,39360000.0,25471500.0,NBKC BANK,,,0.20655456417295814,0.17482155113246398,699883.7209302326,10913690000.0,10001854500.0,40617710000.0,0.0027575457979839998,0.0025466777186170823
2025,Seattle/Puget Sound,254900ZFWS2106HWPH46,389,220015000.0,40,26870000.0,71,42785000.0,23361500.0,"Paramount Residential Mortgage Group, Inc.",,,0.12212803672476877,0.10618139672295071,671750.0,10913690000.0,10001854500.0,40617710000.0,0.0024620453760368856,0.0023357168413117788
2025,Seattle/Puget Sound,F28JOQ8OBWCFUYM0UX93,98,66940000.0,19,23845000.0,31,29495000.0,23163500.0,East West Bank,EWBC,East West Bancorp,0.35621452046608904,0.34603376157753213,1255000.0,10913690000.0,10001854500.0,40617710000.0,0.0021848705616523832,0.0023159205125409493
2025,Seattle/Puget Sound,FT6J43S06X6CLJ0R0B48,56,46790000.0,23,22175000.0,26,24210000.0,21622000.0,Cathay Bank,,,0.4739260525753366,0.4621072878820261,964130.4347826086,10913690000.0,10001854500.0,40617710000.0,0.0020318517385045755,0.0021617990943579514
2025,Seattle/Puget Sound,549300OPCWU6E72WUT29,245,137205000.0,35,23325000.0,59,35575000.0,20339500.0,"MUTUAL OF OMAHA MORTGAGE, INC.",,,0.170001093254619,0.14824168215444045,666428.5714285715,10913690000.0,10001854500.0,40617710000.0,0.002137223981989593,0.0020335728739105333
2025,Seattle/Puget Sound,5493009BD405QQTMXO12,82,60020000.0,24,20410000.0,30,25720000.0,19880000.0,TOLL BROTHERS MORTGAGE COMPANY,,,0.3400533155614795,0.3312229256914362,850416.6666666666,10913690000.0,10001854500.0,40617710000.0,0.001870128251764527,0.0019876313937580276
2025,Seattle/Puget Sound,549300O6Z0I6KYMESL47,93,68145000.0,25,20725000.0,30,23830000.0,19789000.0,AMWEST FUNDING CORP.,,,0.30413089735123633,0.2903954802259887,829000.0,10913690000.0,10001854500.0,40617710000.0,0.0018989910836756405,0.001978533081040121
2025,Seattle/Puget Sound,549300EKFFG3BU8DNX74,66,70520000.0,13,22435000.0,14,23730000.0,19781000.0,NEXERA HOLDING LLC,,,0.31813669880884854,0.28050198525241066,1725769.2307692308,10913690000.0,10001854500.0,40617710000.0,0.0020556750283359706,0.0019777332293726127
2025,Seattle/Puget Sound,549300DD5QQUHO6PCH70,791,417115000.0,32,21180000.0,94,50670000.0,18588500.0,"Mortgage Research Center, LLC",,,0.05077736355681287,0.04456444865324911,661875.0,10913690000.0,10001854500.0,40617710000.0,0.001940681840880582,0.0018585053401846627
2025,Seattle/Puget Sound,549300TF1E42EUFBSL45,69,47065000.0,29,20255000.0,36,24340000.0,18154500.0,Mechanics Bank,,,0.43036226495272495,0.38573249760968875,698448.275862069,10913690000.0,10001854500.0,40617710000.0,0.0018559259059035028,0.0018151133872223396
2025,Seattle/Puget Sound,549300KHXD7JSQUZIJ22,130,77590000.0,32,19830000.0,46,28160000.0,17984000.0,"HIGHLANDS RESIDENTIAL MORTGAGE, LTD.",,,0.2555741719293723,0.23178244619151953,619687.5,10913690000.0,10001854500.0,40617710000.0,0.001816983989832953,0.0017980665485585697
2025,Seattle/Puget Sound,549300XHPPLC0TBRV021,190,103870000.0,32,19900000.0,49,29855000.0,17860500.0,"PRIORITY HOME LENDING, LLC",,,0.19158563589101762,0.17195051506691056,621875.0,10913690000.0,10001854500.0,40617710000.0,0.001823397952479867,0.001785718838441411
2025,Seattle/Puget Sound,54930054ET8KM4O1D485,88,56110000.0,24,19320000.0,31,24185000.0,17228500.0,"SOFI BANK, NATIONAL ASSOCIATION",,,0.3443236499732668,0.3070486544288006,805000.0,10913690000.0,10001854500.0,40617710000.0,0.001770253690548293,0.0017225305567082584
2025,Seattle/Puget Sound,WE0I402RW25AU38DTI13,208,122220000.0,27,16125000.0,48,28850000.0,16464500.0,Banner Bank,,,0.13193421698576338,0.13471199476354115,597222.2222222222,10913690000.0,10001854500.0,40617710000.0,0.0014775021097355706,0.0016461447224612195
2025,Seattle/Puget Sound,5493000FWM3I2HHQY149,230,93650000.0,30,19640000.0,52,27850000.0,16462500.0,WASHINGTON STATE EMPLOYEES CREDIT UNION,,,0.20971703150026696,0.17578750667378537,654666.6666666666,10913690000.0,10001854500.0,40617710000.0,0.0017995746626484719,0.0016459447595443424
2025,Seattle/Puget Sound,L9VVX1KT5TFTKS0MLF66,24,34260000.0,8,17720000.0,8,17720000.0,16297000.0,First-Citizens Bank & Trust Company,,,0.517221249270286,0.4756859311150029,2215000.0,10913690000.0,10001854500.0,40617710000.0,0.0016236488300473992,0.0016293978281727653
2025,Seattle/Puget Sound,549300LBCBNR1OT00651,275,129415000.0,32,18010000.0,53,27775000.0,16049000.0,NATIONSTAR MORTGAGE LLC,,,0.1391647027006143,0.12401189970250744,562812.5,10913690000.0,10001854500.0,40617710000.0,0.0016502209610131861,0.0016046024264800092
2025,Seattle/Puget Sound,CKVBED0S4DMLKJJ5XH28,28,30610000.0,13,18665000.0,16,20920000.0,16047500.0,Stifel Bank and Trust,,,0.6097680496569748,0.5242567788304475,1435769.2307692308,10913690000.0,10001854500.0,40617710000.0,0.0017102373257807397,0.0016044524542923515
2025,Seattle/Puget Sound,254900HEJ9F73IMPX887,59,39255000.0,26,18600000.0,30,20910000.0,15518000.0,"Tomo Mortgage, LLC",,,0.4738249904470768,0.3953126990192332,715384.6153846154,10913690000.0,10001854500.0,40617710000.0,0.0017042815033228907,0.0015515122720491485
2025,Seattle/Puget Sound,54930001NSTOD85LT125,55,38985000.0,21,16435000.0,24,18160000.0,14173000.0,"GUARANTEED RATE AFFINITY, LLC",,,0.4215723996408875,0.36355008336539696,782619.0476190476,10913690000.0,10001854500.0,40617710000.0,0.0015059068014576188,0.0014170372104493221
2025,Seattle/Puget Sound,5493008NWHQT1R22C024,100,65400000.0,15,15795000.0,23,20195000.0,14028000.0,"AMERICAN FINANCIAL NETWORK, INC.",,,0.24151376146788991,0.2144954128440367,1053000.0,10913690000.0,10001854500.0,40617710000.0,0.0014472648572572612,0.001402539898975735
2025,Seattle/Puget Sound,ZXMJHJK466PBZTM5F379,17,19905000.0,14,17140000.0,14,17140000.0,13929000.0,Raymond James Bank,,,0.861090178347149,0.6997739261492087,1224285.7142857143,10913690000.0,10001854500.0,40617710000.0,0.0015705045681158251,0.0013926417345903202
2025,Seattle/Puget Sound,549300UR5AOWTJJ7KZ64,45,37545000.0,13,15205000.0,16,17040000.0,13655000.0,LENDSURE MORTGAGE CORP.,,,0.40498068983886004,0.3636968970568651,1169615.3846153845,10913690000.0,10001854500.0,40617710000.0,0.0013932043149475566,0.0013652468149781623
2025,Seattle/Puget Sound,549300UXY7OP0IC38293,63,41865000.0,21,14915000.0,29,19505000.0,13124500.0,Northpointe Bank,,,0.35626418249134123,0.3134957601815359,710238.0952380953,10913690000.0,10001854500.0,40617710000.0,0.0013666321839817697,0.0013122066512765208
2025,Seattle/Puget Sound,549300ZBXINP1Y94CN02,119,73855000.0,17,13915000.0,29,20145000.0,12827000.0,"DIRECTORS MORTGAGE, INC.",,,0.1884097217520818,0.17367815313790536,818529.4117647059,10913690000.0,10001854500.0,40617710000.0,0.001275004146168711,0.0012824621673910572
2025,Seattle/Puget Sound,5493007L4GYNO2PUBS09,61,42205000.0,21,14825000.0,27,18245000.0,12637000.0,"MEMBER FIRST MORTGAGE, LLC",,,0.35126169885084707,0.2994195000592347,705952.380952381,10913690000.0,10001854500.0,40617710000.0,0.0013583856605785944,0.0012634656902877361
2025,Seattle/Puget Sound,549300RD5IG88VPO6P22,100,61540000.0,18,13070000.0,24,16070000.0,12453000.0,"GUIDANCE RESIDENTIAL, LLC",,,0.21238219044523887,0.20235619109522263,726111.1111111111,10913690000.0,10001854500.0,40617710000.0,0.0011975784542166766,0.0012450691019350462
2025,Seattle/Puget Sound,549300RN01LBYR8ZVX74,113,65135000.0,19,14675000.0,25,17895000.0,12434500.0,"LOWER, LLC",,,0.22530129730559606,0.19090350809856452,772368.4210526316,10913690000.0,10001854500.0,40617710000.0,0.0013446414549066355,0.0012432194449539333
2025,Seattle/Puget Sound,2WHM8VNJH63UN14OL754,37,42135000.0,10,14030000.0,13,16475000.0,12381000.0,The Huntington National Bank,,,0.33297733475732766,0.2938412246351015,1403000.0,10913690000.0,10001854500.0,40617710000.0,0.0012855413705172127,0.0012378704369274717
2025,Seattle/Puget Sound,5493005PKOSG7MYX0B34,92,52040000.0,23,14205000.0,32,18440000.0,11938500.0,"Prosperity Home Mortgage, LLC",,,0.2729631053036126,0.22941006917755571,617608.695652174,10913690000.0,10001854500.0,40617710000.0,0.0013015762771344981,0.0011936286415684212
2025,Seattle/Puget Sound,549300323EON4W3CCM44,119,66705000.0,23,13855000.0,33,18825000.0,11604000.0,"RESICENTRAL, LLC",,,0.20770556929765385,0.17395997301551608,602391.304347826,10913690000.0,10001854500.0,40617710000.0,0.0012695064638999275,0.001160184843720732
2025,Seattle/Puget Sound,5493004AS1SPBQOFDR49,29,27995000.0,9,12485000.0,9,12485000.0,11433000.0,"Commerce Home Mortgage, Inc.",,,0.44597249508840864,0.4083943561350241,1387222.2222222222,10913690000.0,10001854500.0,40617710000.0,0.0011439760520960372,0.001143088014327743
2025,Seattle/Puget Sound,549300T94GSH3C4U5M59,36,29510000.0,12,11420000.0,15,15245000.0,10432000.0,ALLIANT CREDIT UNION,,,0.38698746187732974,0.35350728566587597,951666.6666666666,10913690000.0,10001854500.0,40617710000.0,0.0010463921918251297,0.0010430065744307718
2025,Seattle/Puget Sound,549300LLESTPOVRG3X73,52,40140000.0,16,12430000.0,20,15280000.0,10421000.0,Farmers Bank & Trust,,,0.30966616841056305,0.2596163428001993,776875.0,10913690000.0,10001854500.0,40617710000.0,0.001138936510016319,0.001041906778387948
2025,Seattle/Puget Sound,549300J6N77Q8OHYNF23,114,61850000.0,18,12070000.0,37,21175000.0,10371500.0,"ENVOY MORTGAGE, LTD",,,0.19514955537590944,0.16768795472918352,670555.5555555555,10913690000.0,10001854500.0,40617710000.0,0.0011059504164036178,0.0010369576961952406
2025,Seattle/Puget Sound,54930021WPEXNHYZUL09,156,83150000.0,15,11755000.0,34,20670000.0,10071500.0,"PLANET HOME LENDING, LLC",,,0.14137101623571857,0.1211244738424534,783666.6666666666,10913690000.0,10001854500.0,40617710000.0,0.0010770875844925043,0.0010069632586636808
2025,Seattle/Puget Sound,549300HCNXMTNGIMAR91,21,21575000.0,9,8125000.0,12,13250000.0,9650000.0,United Nations Federal Credit Union,,,0.3765932792584009,0.44727694090382386,902777.7777777778,10913690000.0,10001854500.0,40617710000.0,0.0007444778072311015,0.0009648210739318393
2025,Seattle/Puget Sound,54930021QRU8VXNS6152,133,64365000.0,16,10930000.0,35,17695000.0,9548000.0,Sound Credit Union,,,0.16981278645226444,0.1483414899401849,683125.0,10913690000.0,10001854500.0,40617710000.0,0.001001494453296731,0.000954622965171109
2025,Seattle/Puget Sound,549300HIVO8XPBPNVG69,205,107505000.0,16,10580000.0,45,25345000.0,9046500.0,NOVA FINANCIAL & INVESTMENT CORPORATION,,,0.0984140272545463,0.08414957443839821,661250.0,10913690000.0,10001854500.0,40617710000.0,0.0009694246400621605,0.0009044822637641849
2025,Seattle/Puget Sound,5493000EUC3MM52PJV85,19,20185000.0,5,9855000.0,6,10620000.0,8885000.0,CAKE MORTGAGE CORP.,,,0.488233837007679,0.4401783502600941,1971000.0,10913690000.0,10001854500.0,40617710000.0,0.000902994312647693,0.0008883352582263619
2025,Seattle/Puget Sound,2549004FXPNKCLIN8250,135,71345000.0,14,10370000.0,35,20095000.0,8768500.0,"Synergy One Lending, Inc.",,,0.14535005956969654,0.12290279627163782,740714.2857142857,10913690000.0,10001854500.0,40617710000.0,0.0009501827521214181,0.0008766874183182728
2025,Seattle/Puget Sound,KD3XUN7C6T14HNAYLU02,13,28435000.0,6,10960000.0,6,10960000.0,8768000.0,Goldman Sachs Bank USA,,,0.3854404782838052,0.3083523826270441,1826666.6666666667,10913690000.0,10001854500.0,40617710000.0,0.0010042432944311226,0.0008766374275890536
2025,Seattle/Puget Sound,5493009B17HXCVXTD608,58,36140000.0,11,10375000.0,19,13735000.0,8733000.0,"JMAC LENDING, INC.",,,0.2870780298837853,0.24164360819037078,943181.8181818182,10913690000.0,10001854500.0,40617710000.0,0.0009506408923104834,0.0008731380765437049
2025,Seattle/Puget Sound,5493004WMLN60ZJ2ON46,156,83800000.0,0,0.0,27,20665000.0,8266000.0,PULTE MORTGAGE LLC,,,0.0,0.09863961813842483,,10913690000.0,10001854500.0,40617710000.0,0.0,0.0008264467354529103
2025,Seattle/Puget Sound,2549005SIVTHG14U2905,72,46070000.0,10,9420000.0,17,13795000.0,8229000.0,A&D Mortgage LLC,,,0.20447145647927067,0.1786194920772737,942000.0,10913690000.0,10001854500.0,40617710000.0,0.0008631361161990125,0.0008227474214906846
2025,Seattle/Puget Sound,C5654JQHZUHN0772B561,143,78575000.0,17,10095000.0,29,15985000.0,8213000.0,USAA Federal Savings Bank,,,0.1284759783646198,0.10452433980273623,593823.5294117647,10913690000.0,10001854500.0,40617710000.0,0.000924985041722827,0.000821147718155668
2025,Seattle/Puget Sound,D38AC76TAMYI50NBPX33,21,17245000.0,8,8460000.0,10,9960000.0,8181500.0,WASHINGTON FEDERAL BANK,WAFD,"WaFd, Inc.",0.4905769788344448,0.474427370252247,1057500.0,10913690000.0,10001854500.0,40617710000.0,0.0007751731998984761,0.0008179983022148543
2025,Seattle/Puget Sound,549300J7I82PNDVU8H22,58,38350000.0,15,8365000.0,23,12735000.0,7987500.0,"OCMBC, INC.",,,0.218122555410691,0.20827900912646674,557666.6666666666,10913690000.0,10001854500.0,40617710000.0,0.0007664685363062356,0.0007986018992777789
2025,Seattle/Puget Sound,549300DCGBXW5FJMV921,63,37085000.0,14,7710000.0,20,11390000.0,7863000.0,"NMSI, INC.",,,0.2079007685047863,0.2120264257786167,550714.2857142857,10913690000.0,10001854500.0,40617710000.0,0.0007064521715386821,0.0007861542077021816
2025,Seattle/Puget Sound,Q708HHR4LD2B7XIZNO92,45,30135000.0,13,9795000.0,16,10980000.0,7836000.0,First Federal Bank,,,0.3250373320059731,0.2600298656047785,753461.5384615385,10913690000.0,10001854500.0,40617710000.0,0.0008974966303789095,0.0007834547083243413
2025,Seattle/Puget Sound,254900P7WLDQD9IUL038,15,18605000.0,5,7245000.0,8,11340000.0,7747000.0,Service Federal Credit Union,,,0.38941144853534,0.4163934426229508,1449000.0,10913690000.0,10001854500.0,40617710000.0,0.0006638451339556099,0.0007745563585233119
2025,Seattle/Puget Sound,JJKC32MCHWDI71265Z06,13,13295000.0,7,9145000.0,8,9570000.0,7547000.0,Truist Bank,,,0.6878525761564498,0.5676570139150057,1306428.5714285714,10913690000.0,10001854500.0,40617710000.0,0.0008379384058004214,0.0007545600668356053
2025,Seattle/Puget Sound,254900TG14TB8RKS3U42,37,22315000.0,12,8710000.0,15,10535000.0,7337500.0,"Filo Mortgage, L.L.C.",,,0.39032041227873626,0.32881469863320634,725833.3333333334,10913690000.0,10001854500.0,40617710000.0,0.0007980802093517408,0.0007336139512927328
2025,Seattle/Puget Sound,2549001SI0EMFPT39035,421,208605000.0,14,7840000.0,59,28535000.0,6914000.0,"Cornerstone First Mortgage, Inc",,,0.03758299177872055,0.03314398024975432,560000.0,10913690000.0,10001854500.0,40617710000.0,0.0007183638164543798,0.0006912718036440142
2025,Seattle/Puget Sound,549300NFPC3Y4W3Y7R87,35,20645000.0,14,7980000.0,16,8950000.0,6669000.0,CALCON MUTUAL MORTGAGE LLC,,,0.3865342697989828,0.32303221118914993,570000.0,10913690000.0,10001854500.0,40617710000.0,0.000731191741748208,0.0006667763463265738
2025,Seattle/Puget Sound,549300Y5Y88FQLI7VE83,24,22990000.0,7,7275000.0,11,10965000.0,6542000.0,DEEPHAVEN MORTGAGE LLC,,,0.3164419312744672,0.28455850369725966,1039285.7142857143,10913690000.0,10001854500.0,40617710000.0,0.0006665939750900016,0.0006540787011048801
2025,Seattle/Puget Sound,254900E6AIE4Z8YQM970,39,24245000.0,12,7320000.0,16,8640000.0,6456500.0,Citadel Servicing Corporation,,,0.3019179212208703,0.2663023303773974,610000.0,10913690000.0,10001854500.0,40617710000.0,0.0006707172367915893,0.0006455302864083856
2025,Seattle/Puget Sound,549300NOCASXPA34X033,168,85050000.0,13,6935000.0,30,14530000.0,6136500.0,"LAKEVIEW LOAN SERVICING, LLC",,,0.08154027042915932,0.07215167548500882,533461.5384615385,10913690000.0,10001854500.0,40617710000.0,0.0006354404422335616,0.0006135362197080552
2025,Seattle/Puget Sound,5493000NYUJT9UC6G261,86,48300000.0,7,7585000.0,13,10085000.0,6111500.0,LEADERONE FINANCIAL CORPORATION,,,0.15703933747412008,0.12653209109730848,1083571.4285714286,10913690000.0,10001854500.0,40617710000.0,0.0006949986668120499,0.0006110366832470918
2025,Seattle/Puget Sound,549300BLL6VL7AXWYP56,135,63545000.0,13,6675000.0,24,11740000.0,6102500.0,CHURCHILL MORTGAGE CORPORATION,,,0.10504366984027068,0.09603430639704147,513461.53846153844,10913690000.0,10001854500.0,40617710000.0,0.0006116171524021665,0.0006101368501211451
2025,Seattle/Puget Sound,DRMSV1Q0EKMEXLAU1P80,16,19510000.0,6,7250000.0,6,7250000.0,5931000.0,"Citizens Bank, National Association",,,0.371604305484367,0.3039979497693491,1208333.3333333333,10913690000.0,10001854500.0,40617710000.0,0.0006643032741446752,0.0005929900299989367
2025,Seattle/Puget Sound,549300VORTI31GZTJL53,47,25215000.0,13,7015000.0,19,10515000.0,5884500.0,"CARDINAL FINANCIAL COMPANY, LIMITED PARTNERSHIP",,,0.27820741622050366,0.23337299226650804,539615.3846153846,10913690000.0,10001854500.0,40617710000.0,0.0006427706852586063,0.0005883408921815449
2025,Seattle/Puget Sound,2549009X2AG1P20YAJ63,8,14620000.0,3,7315000.0,3,7315000.0,5852000.0,Axos Bank,,,0.5003419972640218,0.4002735978112175,2438333.3333333335,10913690000.0,10001854500.0,40617710000.0,0.000670259096602524,0.0005850914947822927
2025,Seattle/Puget Sound,549300R77W0P105C3S50,42,30810000.0,8,6550000.0,16,11110000.0,5749000.0,HOMEXPRESS MORTGAGE CORP.,,,0.21259331385913666,0.18659526127880557,818750.0,10913690000.0,10001854500.0,40617710000.0,0.0006001636476755341,0.0005747934045631238
2025,Seattle/Puget Sound,549300WKFR15017V9850,18,11140000.0,10,6800000.0,10,6800000.0,5581000.0,MEGASTAR FINANCIAL CORP.,,,0.6104129263913824,0.5009874326750449,680000.0,10913690000.0,10001854500.0,40617710000.0,0.0006230706571287987,0.0005579965195454503
2025,Seattle/Puget Sound,549300JYXTZDSPJEPI44,77,40525000.0,6,5990000.0,16,10280000.0,5419500.0,"PLAZA HOME MORTGAGE, INC.",,,0.14780999383096854,0.13373226403454658,998333.3333333334,10913690000.0,10001854500.0,40617710000.0,0.0005488519465002212,0.0005418495140076273
2025,Seattle/Puget Sound,549300U8DCOOTG96YM89,73,16875000.0,5,5725000.0,10,6760000.0,5091500.0,Sound Community Bank,,,0.33925925925925926,0.3017185185185185,1145000.0,10913690000.0,10001854500.0,40617710000.0,0.0005245705164797608,0.0005090555956397886
2025,Seattle/Puget Sound,549300B4IYL7TZT8FA34,143,76985000.0,8,5410000.0,23,12955000.0,4972000.0,"PREMIER MORTGAGE RESOURCES, L.L.C.",,,0.0702734298889394,0.064584009872053,676250.0,10913690000.0,10001854500.0,40617710000.0,0.0004957076845686473,0.000497107811356384
2025,Seattle/Puget Sound,549300QIUZLVR1OLDH55,11,13175000.0,4,5710000.0,5,6715000.0,4955000.0,Genisys Credit Union,,,0.4333965844402277,0.3760910815939279,1427500.0,10913690000.0,10001854500.0,40617710000.0,0.0005231960959125649,0.0004954081265629289
2025,Seattle/Puget Sound,549300121SF0K2LN2804,147,79755000.0,8,5390000.0,15,9375000.0,4928000.0,"PRIMELENDING, A PLAINSCAPITAL COMPANY",,,0.06758196978245878,0.061789229515390884,673750.0,10913690000.0,10001854500.0,40617710000.0,0.0004938751238123861,0.0004927086271850885
2025,Seattle/Puget Sound,549300KJ8PAJ7E52HG32,94,52720000.0,6,5750000.0,19,12165000.0,4848500.0,Plains Commerce Bank,,,0.10906676783004553,0.09196699544764796,958333.3333333334,10913690000.0,10001854500.0,40617710000.0,0.0005268612174250872,0.00048476010123922516
2025,Seattle/Puget Sound,549300ZWNETGFXTBBY03,240,129590000.0,6,5010000.0,38,21110000.0,4749500.0,"CANOPY MORTGAGE, LLC",,,0.03866039046222702,0.036650204491087274,835000.0,10913690000.0,10001854500.0,40617710000.0,0.0004590564694434238,0.00047486193685381044
2025,Seattle/Puget Sound,2549008TT6UNYR7AXF54,47,27805000.0,5,5225000.0,12,8120000.0,4696500.0,"Sunflower Bank, National Association",,,0.18791584247437512,0.1689084696996943,1045000.0,10913690000.0,10001854500.0,40617710000.0,0.0004787564975732314,0.00046956291955656823
2025,Seattle/Puget Sound,5493000349C5XXDRQX28,33,21335000.0,9,5645000.0,9,5645000.0,4516000.0,STG MORTGAGE INC,,,0.2645887040074994,0.21167096320599954,627222.2222222222,10913690000.0,10001854500.0,40617710000.0,0.0005172402734547161,0.0004515162663084131
2025,Seattle/Puget Sound,549300RPOGWJRH63HS39,102,52670000.0,8,5460000.0,19,9815000.0,4512500.0,UNION HOME MORTGAGE CORP.,,,0.10366432504271882,0.08567495728118474,682500.0,10913690000.0,10001854500.0,40617710000.0,0.0005002890864593002,0.00045116633120387826
2025,Seattle/Puget Sound,4EP6JBYBTPTQ47LZOB67,9,12225000.0,4,5520000.0,4,5520000.0,4416000.0,"BNY Mellon, National Association",,,0.45153374233128835,0.36122699386503065,1380000.0,10913690000.0,10001854500.0,40617710000.0,0.0005057867687280837,0.00044151812046455983
2025,Seattle/Puget Sound,5493001GAASLCSP1PB64,22,5840000.0,21,5415000.0,21,5415000.0,4410000.0,"NATIONAL COOPERATIVE BANK, N.A.",,,0.9272260273972602,0.7551369863013698,257857.14285714287,10913690000.0,10001854500.0,40617710000.0,0.0004961658247577126,0.00044091823171392864
2025,Seattle/Puget Sound,549300XWUSRVVOHPRY47,27,18345000.0,6,4010000.0,9,6035000.0,4179000.0,"EVERETT FINANCIAL, INC.",,,0.21858817116380486,0.2278004905968929,668333.3333333334,10913690000.0,10001854500.0,40617710000.0,0.0003674284316303652,0.00041782251481462765
2025,Seattle/Puget Sound,5493002Y5XYV7DV1ZV88,89,47145000.0,10,4730000.0,16,7610000.0,4133000.0,"GOLD STAR MORTGAGE FINANCIAL GROUP, CORPORATION",,,0.10032877293456358,0.08766571216459858,473000.0,10913690000.0,10001854500.0,40617710000.0,0.0004334006188557674,0.00041322336772645513
2025,Seattle/Puget Sound,PAOOWF3GUFM46FBSP561,84,47120000.0,7,4225000.0,12,7100000.0,3805500.0,PHH Mortgage Corporation,,,0.08966468590831919,0.08076188455008489,603571.4285714285,10913690000.0,10001854500.0,40617710000.0,0.0003871284597601728,0.0003804794400878357
2025,Seattle/Puget Sound,549300GTVXJ2PGXNLM73,131,66055000.0,7,3955000.0,18,9100000.0,3761500.0,T2 FINANCIAL LLC,,,0.059874347134963285,0.05694497010067368,565000.0,10913690000.0,10001854500.0,40617710000.0,0.00036238888955064696,0.0003760802559165403
2025,Seattle/Puget Sound,549300ZPSJZO10ZAX556,18,15730000.0,6,3800000.0,6,3800000.0,3650000.0,"AMERICAN HERITAGE LENDING, LLC",,,0.24157660521296884,0.23204068658614113,633333.3333333334,10913690000.0,10001854500.0,40617710000.0,0.00034818654368962284,0.0003649323233006439
2025,Seattle/Puget Sound,54930048P8RWCQHQM310,10,8100000.0,4,4100000.0,5,4995000.0,3638000.0,ARC HOME LLC,,,0.5061728395061729,0.4491358024691358,1025000.0,10913690000.0,10001854500.0,40617710000.0,0.0003756749550335404,0.0003637325457993815
2025,Seattle/Puget Sound,549300SBA6BX8HZZF585,8,5780000.0,3,3575000.0,3,3575000.0,3575000.0,"FIDELITY LENDING SOLUTIONS, INC.",,,0.6185121107266436,0.6185121107266436,1191666.6666666667,10913690000.0,10001854500.0,40617710000.0,0.00032757023518168463,0.00035743371391775395
2025,Seattle/Puget Sound,549300KQHWNSVCE2MY88,8,5880000.0,4,3800000.0,5,4335000.0,3555000.0,"SIRVA MORTGAGE, INC.",,,0.6462585034013606,0.6045918367346939,950000.0,10913690000.0,10001854500.0,40617710000.0,0.00034818654368962284,0.0003554340847489833
2025,Seattle/Puget Sound,549300AG10BX85DF5S49,178,88660000.0,7,4165000.0,19,9795000.0,3554000.0,MLD MORTGAGE INC.,,,0.04697721633205504,0.04008572073088202,595000.0,10913690000.0,10001854500.0,40617710000.0,0.00038163077749138924,0.00035533410329054475
2025,Seattle/Puget Sound,549300WRDGBHKR1BXL98,5,6075000.0,4,4440000.0,4,4440000.0,3552000.0,Merchants Bank of Indiana,,,0.7308641975308642,0.5846913580246914,1110000.0,10913690000.0,10001854500.0,40617710000.0,0.0004068284878899804,0.0003551341403736677
2025,Seattle/Puget Sound,2549002VH9C0PKB8K153,11,10195000.0,3,3595000.0,4,4440000.0,3509500.0,Logan Finance Corporation,,,0.3526238352133399,0.34423737126042175,1198333.3333333333,10913690000.0,10001854500.0,40617710000.0,0.00032940279593794583,0.0003508849283900301
2025,Seattle/Puget Sound,549300BXWU32AYWT1A56,22,12880000.0,6,3440000.0,7,3855000.0,3501000.0,UIF CORPORATION,,,0.2670807453416149,0.2718167701863354,573333.3333333334,10913690000.0,10001854500.0,40617710000.0,0.0003152004500769217,0.00035003508599330254
2025,Seattle/Puget Sound,5493003Q3L1PO9NBVK64,26,15500000.0,6,3080000.0,9,5715000.0,3404000.0,WHATCOM EDUCATIONAL CREDIT UNION,,,0.19870967741935483,0.21961290322580646,513333.3333333333,10913690000.0,10001854500.0,40617710000.0,0.00028221435646422064,0.0003403368845247649
2025,Seattle/Puget Sound,549300QKL5FUBZ8LSF50,82,44030000.0,6,4130000.0,14,7810000.0,3382500.0,"NATIONS DIRECT MORTGAGE, LLC",,,0.09379968203497616,0.076822620940268,688333.3333333334,10913690000.0,10001854500.0,40617710000.0,0.0003784237961679322,0.00033818728316833643
2025,Seattle/Puget Sound,549300SK2GVCQXPD4S58,86,42490000.0,7,3785000.0,9,4905000.0,3375000.0,"SUN WEST MORTGAGE COMPANY, INC.",,,0.08907978347846553,0.07943045422452341,540714.2857142857,10913690000.0,10001854500.0,40617710000.0,0.00034681212312242697,0.0003374374222300474
2025,Seattle/Puget Sound,549300UB5TJ0YPVPT503,159,85385000.0,6,3750000.0,18,10180000.0,3313500.0,MASON MCDUFFIE MORTGAGE CORPORATION,,,0.04391872108684195,0.038806581952333545,625000.0,10913690000.0,10001854500.0,40617710000.0,0.0003436051417989699,0.0003312885625360777
2025,Seattle/Puget Sound,549300F6NSBOJBM9ED39,13,10295000.0,3,3975000.0,4,4280000.0,3302000.0,NuVision Federal Credit Union,,,0.38610976202039826,0.32073822243807676,1325000.0,10913690000.0,10001854500.0,40617710000.0,0.0003642214503069081,0.00033013877576403456
2025,Seattle/Puget Sound,549300S5FVOSK5DQJN30,15,9235000.0,5,4075000.0,7,4805000.0,3260000.0,INTERCAP LENDING INC.,,,0.44125609095831075,0.3530048727666486,815000.0,10913690000.0,10001854500.0,40617710000.0,0.000373384254088214,0.0003259395545096162
2025,Seattle/Puget Sound,549300FK3AFCFVAPH234,17,12755000.0,6,3640000.0,7,4205000.0,3252000.0,"Leader Bank, National Association",,,0.2853782830262642,0.25495883967071736,606666.6666666666,10913690000.0,10001854500.0,40617710000.0,0.00033352605763953345,0.0003251397028421079
2025,Seattle/Puget Sound,549300OPB0G5OMY0SM65,11,7665000.0,3,3245000.0,4,3590000.0,3191000.0,NEW WAVE LENDING GROUP INC,,,0.4233529028049576,0.4163078930202218,1081666.6666666667,10913690000.0,10001854500.0,40617710000.0,0.0002973329827033753,0.00031904083387735745
2025,Seattle/Puget Sound,549300KX4S1573HISS22,4,5060000.0,3,3935000.0,3,3935000.0,3148000.0,OAKTREE FUNDING CORP.,,,0.7776679841897233,0.6221343873517786,1311666.6666666667,10913690000.0,10001854500.0,40617710000.0,0.00036055632879438576,0.00031474163116450055
2025,Seattle/Puget Sound,5493001VH4ZJNSI25781,15,10635000.0,3,3605000.0,3,3605000.0,3085000.0,Peoples Bank,,,0.3389750822755054,0.29007992477668076,1201666.6666666667,10913690000.0,10001854500.0,40617710000.0,0.00033031907631607643,0.000308442799282873
2025,Seattle/Puget Sound,549300F6Y1YO2YXN6135,10,9400000.0,4,3600000.0,4,3600000.0,3067000.0,REDWOOD RESIDENTIAL ACQUISITION CORPORATION,,,0.3829787234042553,0.3262765957446809,900000.0,10913690000.0,10001854500.0,40617710000.0,0.0003298609361270111,0.0003066431330309794
2025,Seattle/Puget Sound,549300R8VPSFM828B312,10,12570000.0,2,3570000.0,2,3570000.0,3033000.0,TEACHERS FEDERAL CREDIT UNION,,,0.2840095465393795,0.24128878281622912,1785000.0,10913690000.0,10001854500.0,40617710000.0,0.00032711209499261936,0.00030324376344406927
2025,Seattle/Puget Sound,254900IEGKUDRDS23V26,22,13020000.0,3,2885000.0,4,3110000.0,2975000.0,"AAA CAPITAL INVESTMENT, INC.",,,0.2215821812596006,0.22849462365591397,961666.6666666666,10913690000.0,10001854500.0,40617710000.0,0.0002643468890906742,0.0002974448388546344
2025,Seattle/Puget Sound,54930052M48FOD3CWA54,22,13490000.0,4,3360000.0,5,3855000.0,2971000.0,"PRIMARY RESIDENTIAL MORTGAGE, INC.",,,0.2490733876945886,0.22023721275018532,840000.0,10913690000.0,10001854500.0,40617710000.0,0.00030787020705187707,0.00029704491302088025
2025,Seattle/Puget Sound,549300MUXFVZKH4XLG17,23,10485000.0,6,3650000.0,10,4780000.0,2956000.0,"RESIDENTIAL WHOLESALE MORTGAGE, INC.",,,0.3481163567000477,0.28192656175488795,608333.3333333334,10913690000.0,10001854500.0,40617710000.0,0.00033444233801766405,0.0002955451911443023
2025,Seattle/Puget Sound,SS1TRMSN6BRNMOREEV51,23,17715000.0,3,3585000.0,3,3585000.0,2868000.0,"Flagstar Bank, N.A.",,,0.20237087214225233,0.16189669771380186,1195000.0,10913690000.0,10001854500.0,40617710000.0,0.00032848651555981523,0.0002867468228017114
2025,Seattle/Puget Sound,5493004F7BXDIUFVPV87,5,4785000.0,3,2995000.0,4,3980000.0,2790000.0,STAR ONE Credit Union,,,0.625914315569488,0.5830721003134797,998333.3333333334,10913690000.0,10001854500.0,40617710000.0,0.0002744259732501106,0.0002789482690435059
2025,Seattle/Puget Sound,QFROUN1UWUYU0DVIWD51,3,4975000.0,1,2365000.0,2,4370000.0,2694000.0,"Fifth Third Bank, National Association",,,0.47537688442211057,0.5415075376884422,2365000.0,10913690000.0,10001854500.0,40617710000.0,0.0002167003094278837,0.00026935004903340674
2025,Seattle/Puget Sound,549300T61O0X0RJMQ375,19,11955000.0,5,3115000.0,6,3880000.0,2689500.0,Bison State Bank,,,0.26056043496445,0.22496863237139272,623000.0,10913690000.0,10001854500.0,40617710000.0,0.00028542133778767766,0.00026890013247043336
2025,Seattle/Puget Sound,549300S8SHBRCI7UU819,6,6290000.0,2,3360000.0,2,3360000.0,2688000.0,Baxter Credit Union,,,0.534181240063593,0.4273449920508744,1680000.0,10913690000.0,10001854500.0,40617710000.0,0.00030787020705187707,0.00026875016028277555
2025,Seattle/Puget Sound,549300DNWSJUNAWUM003,7,4415000.0,5,3175000.0,6,3480000.0,2662000.0,"CREDIT UNION MORTGAGE ASSOCIATION, INC.",,,0.7191392978482446,0.6029445073612684,635000.0,10913690000.0,10001854500.0,40617710000.0,0.0002909190200564612,0.0002661506423633737
2025,Seattle/Puget Sound,5493001XKL0FTNOJ0866,43,24505000.0,6,3150000.0,13,6485000.0,2626500.0,"GENEVA FINANCIAL, LLC",,,0.1285451948581922,0.1071822077127117,525000.0,10913690000.0,10001854500.0,40617710000.0,0.00028862831911113474,0.0002626013005888058
2025,Seattle/Puget Sound,549300BOXNV8VLRBDT24,19,8655000.0,8,3130000.0,9,3465000.0,2504000.0,"AMERICAN INTERNET MORTGAGE, INC.",,,0.36164067013287116,0.2893125361062969,391250.0,10913690000.0,10001854500.0,40617710000.0,0.00028679575835487353,0.0002503535719300856
2025,Seattle/Puget Sound,549300SCFWZXMDMZPE93,27,16615000.0,3,2825000.0,7,4845000.0,2502000.0,"RESIDENTIAL MORTGAGE, LLC",,,0.17002708396027685,0.15058681913933192,941666.6666666666,10913690000.0,10001854500.0,40617710000.0,0.0002588492068218907,0.0002501536090132085
2025,Seattle/Puget Sound,5493002G4JO4BZ22MC13,4,2730000.0,4,2730000.0,4,2730000.0,2478000.0,"IVY MORTGAGE, INC.",,,1.0,0.9076923076923077,682500.0,10913690000.0,10001854500.0,40617710000.0,0.0002501445432296501,0.0002477540540106837
2025,Seattle/Puget Sound,5493009Y8ROUG903AQ21,6,4820000.0,3,2465000.0,4,3200000.0,2467000.0,STANFORD Federal Credit Union,,,0.5114107883817427,0.5118257261410788,821666.6666666666,10913690000.0,10001854500.0,40617710000.0,0.00022586311320918956,0.00024665425796785987
2025,Seattle/Puget Sound,549300E4YLQ3BVQ4GW30,6,7560000.0,2,2750000.0,2,2750000.0,2467000.0,"WALL STREET MORTGAGE BANKERS, LTD.",,,0.3637566137566138,0.32632275132275135,1375000.0,10913690000.0,10001854500.0,40617710000.0,0.00025197710398591126,0.00024665425796785987
2025,Seattle/Puget Sound,549300A68YW07V5R5G22,8,11050000.0,2,3080000.0,2,3080000.0,2464000.0,FUNDLOANS CAPITAL,,,0.27873303167420815,0.22298642533936652,1540000.0,10913690000.0,10001854500.0,40617710000.0,0.00028221435646422064,0.00024635431359254425
2025,Seattle/Puget Sound,254900TTZ395IC926125,64,33950000.0,5,2775000.0,18,8510000.0,2423000.0,"Sierra Pacific Mortgage Company, Inc.",,,0.0817378497790869,0.07136966126656848,555000.0,10913690000.0,10001854500.0,40617710000.0,0.00025426780493123774,0.00024225507379656443
2025,Seattle/Puget Sound,5493001B4U37VT2ML818,33,16115000.0,5,2835000.0,5,2835000.0,2268000.0,GESA,,,0.17592305305615885,0.1407384424449271,567000.0,10913690000.0,10001854500.0,40617710000.0,0.0002597654872000213,0.00022675794773859188
2025,Seattle/Puget Sound,5493001WHVQBGRSWEU75,30,16960000.0,5,2485000.0,8,4690000.0,2260000.0,"HOMEBRIDGE FINANCIAL SERVICES, INC.",,,0.14652122641509435,0.1332547169811321,497000.0,10913690000.0,10001854500.0,40617710000.0,0.00022769567396545073,0.0002259580960710836
2025,Seattle/Puget Sound,2549004Z576VEJBK3N72,15,9315000.0,3,2415000.0,5,3335000.0,2259500.0,"NP, INC.",,,0.25925925925925924,0.24256575415995707,805000.0,10913690000.0,10001854500.0,40617710000.0,0.00022128171131853664,0.00022590810534186436
2025,Seattle/Puget Sound,5493000OM9RKJW8W5K82,11,6955000.0,4,2760000.0,4,2760000.0,2208000.0,ALAMEDA MORTGAGE CORPORATION,,,0.3968368080517613,0.31746944644140906,690000.0,10913690000.0,10001854500.0,40617710000.0,0.00025289338436404186,0.00022075906023227992
2025,Seattle/Puget Sound,254900IRE136HFEI2562,1,2585000.0,1,2585000.0,1,2585000.0,2068000.0,254900IRE136HFEI2562,,,1.0,0.8,2585000.0,10913690000.0,10001854500.0,40617710000.0,0.0002368584777467566,0.00020676165605088535
2025,Seattle/Puget Sound,54930028J11BWKUVGX50,23,12085000.0,3,2335000.0,9,4905000.0,2030000.0,HARBORSTONE,,,0.19321472900289616,0.1679768307819611,778333.3333333334,10913690000.0,10001854500.0,40617710000.0,0.00021395146829349194,0.00020296236063022113
2025,Seattle/Puget Sound,549300R9S3MVDV4MGF56,94,40830000.0,3,2515000.0,9,5235000.0,2012000.0,"CARRINGTON MORTGAGE SERVICES, LLC",,,0.06159686505020818,0.04927749204016654,838333.3333333334,10913690000.0,10001854500.0,40617710000.0,0.0002304445150998425,0.00020116269437832755
2025,Seattle/Puget Sound,FDXQ75GPEQKRPWABYN63,1,2005000.0,1,2005000.0,1,2005000.0,2005000.0,CIBC Bank USA,,,1.0,1.0,2005000.0,10913690000.0,10001854500.0,40617710000.0,0.0001837142158151826,0.00020046282416925782
2025,Seattle/Puget Sound,549300A5HHOL2ED18C72,10,7480000.0,1,2505000.0,1,2505000.0,2004000.0,AMERITRUST MORTGAGE CORPORATION,,,0.33489304812834225,0.2679144385026738,2505000.0,10913690000.0,10001854500.0,40617710000.0,0.0002295282347217119,0.00020036284271081928
2025,Seattle/Puget Sound,549300VCMRO4ST680C11,110,58190000.0,2,2010000.0,17,9335000.0,1956000.0,VILLAGE CAPITAL & INVESTMENT LLC,,,0.03454201752878502,0.03361402302801168,1005000.0,10913690000.0,10001854500.0,40617710000.0,0.0001841723560042479,0.00019556373270576973
2025,Seattle/Puget Sound,549300FX7K8PTEQUU487,35,18755000.0,1,595000.0,7,4825000.0,1836500.0,PENTAGON FEDERAL CREDIT UNION,,,0.031724873367102106,0.09792055451879499,595000.0,10913690000.0,10001854500.0,40617710000.0,5.451868249876989e-05,0.00018361594842236507
2025,Seattle/Puget Sound,5493000BAKE4VAHVCU55,19,11355000.0,5,2225000.0,6,2850000.0,1819000.0,SALAL Credit Union,,,0.19594892118009688,0.1601937472479084,445000.0,10913690000.0,10001854500.0,40617710000.0,0.00020387238413405547,0.00018186627289969076
2025,Seattle/Puget Sound,254900O28OG3UMHXQY81,23,14235000.0,3,1695000.0,6,3380000.0,1777000.0,"Strong Home Mortgage, LLC",,,0.11907270811380401,0.12483315770987004,565000.0,10913690000.0,10001854500.0,40617710000.0,0.0001553095240931344,0.00017766705164527237
2025,Seattle/Puget Sound,549300HVW3AI97UKTO72,6,5040000.0,3,2145000.0,3,2145000.0,1716000.0,Wings Financial Credit Union,,,0.4255952380952381,0.3404761904761905,715000.0,10913690000.0,10001854500.0,40617710000.0,0.0001965421411090108,0.0001715681826805219
2025,Seattle/Puget Sound,549300WYBPIWKK6SQC06,3,2695000.0,2,2130000.0,2,2130000.0,1704000.0,Bell Bank,,,0.7903525046382189,0.6322820037105752,1065000.0,10913690000.0,10001854500.0,40617710000.0,0.0001951677205418149,0.0001703684051792595
2025,Seattle/Puget Sound,254900LTD432L5CHIZ48,12,8040000.0,2,2120000.0,2,2120000.0,1696000.0,Home Mortgage Alliance Corporation (HMAC),,,0.263681592039801,0.2109452736318408,1060000.0,10913690000.0,10001854500.0,40617710000.0,0.00019425144016368433,0.00016956855351175126
2025,Seattle/Puget Sound,254900HA4DQWAE0W3342,24,17280000.0,1,1175000.0,2,2360000.0,1649000.0,"AMERIHOME MORTGAGE COMPANY, LLC",,,0.06799768518518519,0.09542824074074074,1175000.0,10913690000.0,10001854500.0,40617710000.0,0.00010766294443034391,0.00016486942496514022
2025,Seattle/Puget Sound,549300AENO88GEUWCZ39,20,10350000.0,2,1680000.0,3,2085000.0,1635000.0,"Luminate Home Loans, Inc.",,,0.16231884057971013,0.15797101449275364,840000.0,10913690000.0,10001854500.0,40617710000.0,0.00015393510352593854,0.00016346968454700075
2025,Seattle/Puget Sound,549300R0SXC1JU7ZU290,3,2545000.0,2,1690000.0,2,1690000.0,1629000.0,"FIRST COMMUNITY MORTGAGE, INC.",,,0.6640471512770137,0.6400785854616896,845000.0,10913690000.0,10001854500.0,40617710000.0,0.0001548513839040691,0.00016286979579636956
2025,Seattle/Puget Sound,54930049L5WINET09Q97,80,37520000.0,4,2030000.0,9,4045000.0,1624000.0,"Click n' Close, Inc.",,,0.054104477611940295,0.04328358208955224,507500.0,10913690000.0,10001854500.0,40617710000.0,0.00018600491676050904,0.0001623698885041769
2025,Seattle/Puget Sound,5493002GI63WHHUTUD85,14,9750000.0,3,2025000.0,4,2850000.0,1620000.0,"KEYSTONE FUNDING, INC.",,,0.2076923076923077,0.16615384615384615,675000.0,10913690000.0,10001854500.0,40617710000.0,0.00018554677657144376,0.00016196996267042277
2025,Seattle/Puget Sound,549300CK7U1WMTIG6687,2,2420000.0,1,1995000.0,1,1995000.0,1596000.0,HIGHTECHLENDING INC,,,0.8243801652892562,0.6595041322314049,1995000.0,10913690000.0,10001854500.0,40617710000.0,0.000182797935437052,0.000159570407667898
2025,Seattle/Puget Sound,5493001GDRY0EL7VG372,29,18235000.0,3,1635000.0,7,4415000.0,1546500.0,"ARK-LA-TEX FINANCIAL SERVICES, LLC.",,,0.08966273649574993,0.08480943241020017,545000.0,10913690000.0,10001854500.0,40617710000.0,0.0001498118418243509,0.00015462132547519063
2025,Seattle/Puget Sound,549300JOD3S8ZGZLHP53,5,2685000.0,4,1880000.0,4,1880000.0,1504000.0,"GOOGAIN, INC.",,,0.7001862197392924,0.5601489757914339,470000.0,10913690000.0,10001854500.0,40617710000.0,0.00017226071108855025,0.000150372113491553
2025,Seattle/Puget Sound,5493000IIYWBLONJVJ30,13,7085000.0,2,1530000.0,3,2025000.0,1422000.0,ROUNDPOINT MORTGAGE SERVICING LLC,,,0.21594918842625266,0.2007057163020466,765000.0,10913690000.0,10001854500.0,40617710000.0,0.00014019089785397972,0.00014217363389959332
2025,Seattle/Puget Sound,54930078TNN7GKZ7NU89,9,4795000.0,2,1560000.0,3,1975000.0,1414000.0,54930078TNN7GKZ7NU89,,,0.32533889468196037,0.2948905109489051,780000.0,10913690000.0,10001854500.0,40617710000.0,0.0001429397389883715,0.00014137378223208507
2025,Seattle/Puget Sound,2549004CU9LAM5CYA280,3,2105000.0,2,1530000.0,2,1530000.0,1373000.0,KWIK MORTGAGE CORPORATION,,,0.7268408551068883,0.6522565320665084,765000.0,10913690000.0,10001854500.0,40617710000.0,0.00014019089785397972,0.00013727454243610523
2025,Seattle/Puget Sound,254900QPRPHIXEAX3L37,41,14115000.0,3,1625000.0,11,3685000.0,1364000.0,QUALSTAR CREDIT UNION,,,0.11512575274530641,0.09663478568898336,541666.6666666666,10913690000.0,10001854500.0,40617710000.0,0.0001488955614462203,0.00013637470931015844
2025,Seattle/Puget Sound,5493006RIR31ORKYB608,5,2955000.0,2,1500000.0,2,1500000.0,1361000.0,"LAND HOME FINANCIAL SERVICES, INC.",,,0.5076142131979695,0.460575296108291,750000.0,10913690000.0,10001854500.0,40617710000.0,0.00013744205671958797,0.00013607476493484284
2025,Seattle/Puget Sound,549300GRGZDEH4ZGQS06,14,7550000.0,2,1480000.0,4,2410000.0,1335000.0,Waterstone Mortgage Corporation,,,0.19602649006622516,0.17682119205298014,740000.0,10913690000.0,10001854500.0,40617710000.0,0.0001356094959633268,0.00013347524701544098
2025,Seattle/Puget Sound,549300UF3FPC7U6RFC59,7,4765000.0,2,1080000.0,3,2025000.0,1313000.0,The Central Trust Bank,,,0.2266526757607555,0.27555089192025184,540000.0,10913690000.0,10001854500.0,40617710000.0,9.895828083810334e-05,0.00013127565492979327
2025,Seattle/Puget Sound,549300K4ZLGS7SRDTL86,66,32520000.0,2,1580000.0,9,4575000.0,1294500.0,Equity Prime Mortgage LLC,,,0.04858548585485855,0.03980627306273063,790000.0,10913690000.0,10001854500.0,40617710000.0,0.00014477229974463267,0.0001294259979486804
2025,Seattle/Puget Sound,984500U2F9A83N391A91,23,13365000.0,2,970000.0,5,2745000.0,1281500.0,"CHAMPIONS FUNDING, LLC",,,0.07257762813318369,0.09588477366255144,485000.0,10913690000.0,10001854500.0,40617710000.0,8.887919667866688e-05,0.00012812623898897948
2025,Seattle/Puget Sound,549300KX6E1IE2LM5E30,9,6435000.0,2,1500000.0,2,1500000.0,1233000.0,"FLYHOMES MORTGAGE, LLC",,,0.2331002331002331,0.1916083916083916,750000.0,10913690000.0,10001854500.0,40617710000.0,0.00013744205671958797,0.00012327713825471066
2025,Seattle/Puget Sound,5493004T9SQFCNRQ2L76,3,2245000.0,2,1520000.0,2,1520000.0,1216000.0,DELMAR FINANCIAL COMPANY,,,0.6770601336302895,0.5416481069042316,760000.0,10913690000.0,10001854500.0,40617710000.0,0.00013927461747584915,0.00012157745346125561
2025,Seattle/Puget Sound,549300KSOOZZVXCMA627,18,16510000.0,2,1400000.0,4,2700000.0,1205500.0,ANGEL OAK MORTGAGE SOLUTIONS LLC,,,0.08479709267110842,0.07301635372501514,700000.0,10913690000.0,10001854500.0,40617710000.0,0.0001282792529382821,0.00012052764814765102
2025,Seattle/Puget Sound,5493001JT9MT3Z3Y3M39,7,5655000.0,2,1490000.0,2,1490000.0,1192000.0,"RBC Bank, (Georgia) National Association",,,0.2634836427939876,0.2107869142351901,745000.0,10913690000.0,10001854500.0,40617710000.0,0.00013652577634145737,0.00011917789845873082
2025,Seattle/Puget Sound,549300UT4EN6IH579Q63,70,35350000.0,2,1060000.0,9,4395000.0,1170000.0,"RIGHT START MORTGAGE, INC.",,,0.029985855728429985,0.0330975954738331,530000.0,10913690000.0,10001854500.0,40617710000.0,9.712572008184217e-05,0.00011697830637308312
2025,Seattle/Puget Sound,54930095UWUUXAWASB02,2,1460000.0,2,1460000.0,2,1460000.0,1168000.0,54930095UWUUXAWASB02,,,1.0,0.8,730000.0,10913690000.0,10001854500.0,40617710000.0,0.00013377693520706563,0.00011677834345620605
2025,Seattle/Puget Sound,549300YIQ7S7Z8PIHE53,83,32165000.0,2,1270000.0,8,3040000.0,1163000.0,AMERISAVE MORTGAGE CORPORATION,,,0.03948391108347583,0.036157313850458575,635000.0,10913690000.0,10001854500.0,40617710000.0,0.00011636760802258448,0.00011627843616401338
2025,Seattle/Puget Sound,2549005Q4HZ55QX7YC64,12,6350000.0,3,1265000.0,4,1460000.0,1133000.0,"Watermark Capital, Inc.",,,0.19921259842519684,0.1784251968503937,421666.6666666667,10913690000.0,10001854500.0,40617710000.0,0.00011590946783351919,0.00011327899241085741
2025,Seattle/Puget Sound,549300K6K2IS7FRS7S09,6,3530000.0,2,1130000.0,3,1675000.0,1122000.0,"North American Savings Bank, F.S.B.",,,0.32011331444759206,0.3178470254957507,565000.0,10913690000.0,10001854500.0,40617710000.0,0.00010353968272875627,0.00011217919636803355
2025,Seattle/Puget Sound,5493002B2WMHY23GFK92,72,33160000.0,2,1100000.0,8,3520000.0,1106500.0,"AMERICAN FINANCIAL RESOURCES, INC.",,,0.033172496984318456,0.033368516284680336,550000.0,10913690000.0,10001854500.0,40617710000.0,0.00010079084159436451,0.0001106294837622363
2025,Seattle/Puget Sound,549300R4F5COFJE0DN81,7,4735000.0,2,1380000.0,2,1380000.0,1104000.0,"ONY GLO, INC.",,,0.2914466737064414,0.23315733896515312,690000.0,10913690000.0,10001854500.0,40617710000.0,0.00012644669218202093,0.00011037953011613996
2025,Seattle/Puget Sound,549300C4J510S9L1RF98,1,1085000.0,1,1085000.0,1,1085000.0,1085000.0,549300C4J510S9L1RF98,,,1.0,1.0,1085000.0,10913690000.0,10001854500.0,40617710000.0,9.941642102716863e-05,0.00010847988240580785
2025,Seattle/Puget Sound,549300QD23LICPXTPB55,13,8635000.0,2,1350000.0,5,2925000.0,1080000.0,"DIGNIFIED HOME LOANS, LLC",,,0.1563404748118124,0.1250723798494499,675000.0,10913690000.0,10001854500.0,40617710000.0,0.00012369785104762916,0.00010797997511361518
2025,Seattle/Puget Sound,549300ZIXM1VUXPG4D03,6,4490000.0,1,385000.0,2,2250000.0,1054000.0,"Florida Capital Bank, National Association",,,0.08574610244988864,0.23474387527839644,385000.0,10913690000.0,10001854500.0,40617710000.0,3.527679455802758e-05,0.00010538045719421334
2025,Seattle/Puget Sound,5493007QERYQSQ3QNH02,21,9555000.0,2,1120000.0,4,1870000.0,1038000.0,Seattle Metropolitan Credit Union,,,0.11721611721611722,0.10863422291993721,560000.0,10913690000.0,10001854500.0,40617710000.0,0.00010262340235062569,0.00010378075385919681
2025,Seattle/Puget Sound,549300VQUTI5IU7GXT57,70,33890000.0,2,1210000.0,12,5960000.0,1024500.0,SECURITYNATIONAL MORTGAGE COMPANY,,,0.03570374741811744,0.030230156388315138,605000.0,10913690000.0,10001854500.0,40617710000.0,0.00011086992575380095,0.00010243100417027663
2025,Seattle/Puget Sound,5493001PXRJMPLXPG540,15,8865000.0,2,1270000.0,2,1270000.0,1016000.0,IDAHO CENTRAL CREDIT UNION,,,0.14326001128031585,0.11460800902425268,635000.0,10913690000.0,10001854500.0,40617710000.0,0.00011636760802258448,0.0001015811617735491
2025,Seattle/Puget Sound,549300Q50XCC0473FG63,7,3035000.0,2,1270000.0,3,1625000.0,1016000.0,QUORUM FEDERAL CREDIT UNION,,,0.4184514003294893,0.33476112026359145,635000.0,10913690000.0,10001854500.0,40617710000.0,0.00011636760802258448,0.0001015811617735491
2025,Seattle/Puget Sound,549300I0ICF6REKHOC74,9,5815000.0,3,1265000.0,3,1265000.0,1012000.0,"DIRECT MORTGAGE LOANS, LLC",,,0.2175408426483233,0.17403267411865864,421666.6666666667,10913690000.0,10001854500.0,40617710000.0,0.00011590946783351919,0.00010118123593979497
2025,Seattle/Puget Sound,549300VVH8HHFMWL8536,3,1875000.0,2,1220000.0,2,1220000.0,976000.0,CHEVRON Federal Credit Union,,,0.6506666666666666,0.5205333333333333,610000.0,10913690000.0,10001854500.0,40617710000.0,0.00011178620613193154,9.75819034360078e-05
2025,Seattle/Puget Sound,549300D3LYUX1NJVC329,1,965000.0,1,965000.0,1,965000.0,965000.0,"MORTGAGE CAPITAL PARTNERS, INC.",,,1.0,1.0,965000.0,10913690000.0,10001854500.0,40617710000.0,8.84210564896016e-05,9.648210739318393e-05
2025,Seattle/Puget Sound,5493002WVA17MT4UFH84,1,1205000.0,1,1205000.0,1,1205000.0,964000.0,5493002WVA17MT4UFH84,,,1.0,0.8,1205000.0,10913690000.0,10001854500.0,40617710000.0,0.00011041178556473567,9.63821259347454e-05
2025,Seattle/Puget Sound,549300PC4MFWQBNVKG88,18,10010000.0,2,1160000.0,3,1485000.0,960500.0,"V.I.P. MORTGAGE, INC.",,,0.11588411588411589,0.09595404595404596,580000.0,10913690000.0,10001854500.0,40617710000.0,0.00010628852386314803,9.603219083021054e-05
2025,Seattle/Puget Sound,254900NZOY3XB2DNSZ34,2,1100000.0,2,1100000.0,2,1100000.0,939000.0,USALLIANCE FEDERAL CREDIT UNION,,,1.0,0.8536363636363636,550000.0,10913690000.0,10001854500.0,40617710000.0,0.00010079084159436451,9.388258947378209e-05
2025,Seattle/Puget Sound,54930030S6J5KOL5LJ73,4,3530000.0,1,1135000.0,2,1990000.0,908000.0,54930030S6J5KOL5LJ73,,,0.32152974504249293,0.2572237960339943,1135000.0,10913690000.0,10001854500.0,40617710000.0,0.00010399782291782156,9.078316426218758e-05
2025,Seattle/Puget Sound,549300ZCR1XCLNEEI724,5,4545000.0,1,1035000.0,2,1660000.0,890500.0,FOUNDATION MORTGAGE CORPORATION,,,0.22772277227722773,0.19592959295929593,1035000.0,10913690000.0,10001854500.0,40617710000.0,9.483501913651569e-05,8.903348873951326e-05
2025,Seattle/Puget Sound,5493005JPZ3LXXMB0S24,8,6880000.0,1,805000.0,2,1400000.0,882000.0,"FBC MORTGAGE, LLC",,,0.11700581395348837,0.12819767441860466,805000.0,10913690000.0,10001854500.0,40617710000.0,7.376057043951221e-05,8.818364634278574e-05
2025,Seattle/Puget Sound,2549008LK3474E9U2888,10,4000000.0,3,1085000.0,3,1085000.0,868000.0,ONPOINT COMMUNITY CREDIT UNION,,,0.27125,0.217,361666.6666666667,10913690000.0,10001854500.0,40617710000.0,9.941642102716863e-05,8.678390592464628e-05
2025,Seattle/Puget Sound,549300KTR1JGH3K6LU06,6,4170000.0,2,1060000.0,2,1060000.0,848000.0,Bethpage Federal Credit Union,,,0.2541966426858513,0.20335731414868105,530000.0,10913690000.0,10001854500.0,40617710000.0,9.712572008184217e-05,8.478427675587563e-05
2025,Seattle/Puget Sound,549300HRLROF7PLJ6735,21,19235000.0,2,1050000.0,3,1235000.0,840000.0,CLEAREDGE LENDING LLC,,,0.05458799064205875,0.043670392513646995,525000.0,10913690000.0,10001854500.0,40617710000.0,9.620943970371158e-05,8.398442508836737e-05
2025,Seattle/Puget Sound,HIDXEG9BLUJZKBGUT764,1,1045000.0,1,1045000.0,1,1045000.0,836000.0,Bank-Fund Staff Federal Credit Union,,,1.0,0.8,1045000.0,10913690000.0,10001854500.0,40617710000.0,9.575129951464628e-05,8.358449925461323e-05
2025,Seattle/Puget Sound,5493002QRULT2T40BH09,2,1680000.0,1,1035000.0,1,1035000.0,828000.0,COMMUNITYAMERICA CREDIT UNION,,,0.6160714285714286,0.4928571428571429,1035000.0,10913690000.0,10001854500.0,40617710000.0,9.483501913651569e-05,8.278464758710497e-05
2025,Seattle/Puget Sound,549300GE8KIGZVQV1223,2,1700000.0,1,825000.0,1,825000.0,825000.0,MORTGAGE EQUITY PARTNERS LLC,,,0.4852941176470588,0.4852941176470588,825000.0,10913690000.0,10001854500.0,40617710000.0,7.559313119577338e-05,8.248470321178937e-05
2025,Seattle/Puget Sound,549300F570XAWYN8Z237,13,7375000.0,1,495000.0,3,1865000.0,810500.0,Bank of Hope,,,0.0671186440677966,0.10989830508474577,495000.0,10913690000.0,10001854500.0,40617710000.0,4.535587871746403e-05,8.103497206443065e-05
2025,Seattle/Puget Sound,549300RYWXR8TL5LIK35,6,3510000.0,1,925000.0,3,2105000.0,808500.0,"ALLIED MORTGAGE GROUP, INC.",,,0.26353276353276356,0.23034188034188033,925000.0,10913690000.0,10001854500.0,40617710000.0,8.475593497707925e-05,8.083500914755359e-05
2025,Seattle/Puget Sound,25490018IFQOT83Q7H49,4,2090000.0,1,1005000.0,1,1005000.0,804000.0,"GO MORTGAGE, LLC",,,0.48086124401913877,0.384688995215311,1005000.0,10913690000.0,10001854500.0,40617710000.0,9.208617800212394e-05,8.038509258458019e-05
2025,Seattle/Puget Sound,9845005BP6974AE5D838,4,2170000.0,1,935000.0,3,1705000.0,802500.0,9845005BP6974AE5D838,,,0.4308755760368664,0.36981566820276496,935000.0,10913690000.0,10001854500.0,40617710000.0,8.567221535520984e-05,8.023512039692239e-05
2025,Seattle/Puget Sound,5493005DKMV1IHIM8E20,1,995000.0,1,995000.0,1,995000.0,796000.0,"Wilmington Savings Fund Society, FSB",,,1.0,0.8,995000.0,10913690000.0,10001854500.0,40617710000.0,9.116989762399336e-05,7.958524091707193e-05
2025,Seattle/Puget Sound,549300T9P3WXNMXX0I34,6,3640000.0,1,775000.0,2,1440000.0,775000.0,Ixonia Bank,,,0.2129120879120879,0.2129120879120879,775000.0,10913690000.0,10001854500.0,40617710000.0,7.101172930512045e-05,7.748563028986275e-05
2025,Seattle/Puget Sound,549300ZS1TR1B4LHX377,4,3110000.0,1,965000.0,1,965000.0,772000.0,Firefighters First Federal Credit Union,,,0.3102893890675241,0.2482315112540193,965000.0,10913690000.0,10001854500.0,40617710000.0,8.84210564896016e-05,7.718568591454715e-05
2025,Seattle/Puget Sound,5493008ZTV4S0W9DCX64,13,6745000.0,1,695000.0,2,1300000.0,755500.0,"GENWAY HOME MORTGAGE, INC.",,,0.10303928836174944,0.11200889547813195,695000.0,10913690000.0,10001854500.0,40617710000.0,6.368148628007575e-05,7.553599185031136e-05
2025,Seattle/Puget Sound,254900EZRN0CBEP77K34,3,1515000.0,1,585000.0,3,1515000.0,730000.0,State Department Federal Credit Union,,,0.38613861386138615,0.48184818481848185,585000.0,10913690000.0,10001854500.0,40617710000.0,5.360240212063931e-05,7.298646466012878e-05
2025,Seattle/Puget Sound,VNOO6EITDJ2YUEBMSZ83,1,885000.0,1,885000.0,1,885000.0,708000.0,"UMB Bank, National Association",,,1.0,0.8,885000.0,10913690000.0,10001854500.0,40617710000.0,8.10908134645569e-05,7.078687257448106e-05
2025,Seattle/Puget Sound,COINQMNIM6RBU631DD85,6,3450000.0,1,875000.0,1,875000.0,700000.0,Arvest Bank,,,0.2536231884057971,0.2028985507246377,875000.0,10913690000.0,10001854500.0,40617710000.0,8.017453308642632e-05,6.99870209069728e-05
2025,Seattle/Puget Sound,549300TUSRLWD8ETNR90,11,3745000.0,2,860000.0,5,1885000.0,688000.0,SPOKANE TEACHERS,,,0.22963951935914553,0.18371161548731643,430000.0,10913690000.0,10001854500.0,40617710000.0,7.880011251923043e-05,6.878724340571041e-05
2025,Seattle/Puget Sound,IUGPUX5LWRZ3B6KIZ697,20,12320000.0,1,775000.0,2,1290000.0,671500.0,Ameris Bank,,,0.06290584415584416,0.05450487012987013,775000.0,10913690000.0,10001854500.0,40617710000.0,7.101172930512045e-05,6.713754934147462e-05
2025,Seattle/Puget Sound,549300RM1IZYGQDSNL85,6,3950000.0,1,805000.0,1,805000.0,644000.0,"Texana Bank, National Association",,,0.20379746835443038,0.1630379746835443,805000.0,10913690000.0,10001854500.0,40617710000.0,7.376057043951221e-05,6.438805923441497e-05
2025,Seattle/Puget Sound,549300XHF3PMRO08N352,3,945000.0,2,790000.0,2,790000.0,632000.0,VERITY,,,0.8359788359788359,0.6687830687830688,395000.0,10913690000.0,10001854500.0,40617710000.0,7.238614987231633e-05,6.318828173315259e-05
2025,Seattle/Puget Sound,54930016ZSB1QWXLRJ13,1,765000.0,1,765000.0,1,765000.0,612000.0,54930016ZSB1QWXLRJ13,,,1.0,0.8,765000.0,10913690000.0,10001854500.0,40617710000.0,7.009544892698986e-05,6.118865256438194e-05
2025,Seattle/Puget Sound,984500F5665613E36549,7,3395000.0,1,755000.0,2,1160000.0,604000.0,984500F5665613E36549,,,0.22238586156111928,0.17790868924889544,755000.0,10913690000.0,10001854500.0,40617710000.0,6.917916854885927e-05,6.0388800896873674e-05
2025,Seattle/Puget Sound,WKN6AF1FCL7BBYGTGI83,3,2265000.0,0,0.0,2,1750000.0,574000.0,First Savings Bank,,,0.0,0.25342163355408387,,10913690000.0,10001854500.0,40617710000.0,0.0,5.73893571437177e-05
2025,Seattle/Puget Sound,549300T3F9S1MKFKHC53,5,1615000.0,2,710000.0,2,710000.0,568000.0,HOMESTEAD FUNDING CORP.,,,0.43962848297213625,0.35170278637770896,355000.0,10913690000.0,10001854500.0,40617710000.0,6.505590684727164e-05,5.6789468393086505e-05
2025,Seattle/Puget Sound,549300IFOE4SCP384147,2,990000.0,1,705000.0,1,705000.0,564000.0,University Bank,,,0.7121212121212122,0.5696969696969697,705000.0,10913690000.0,10001854500.0,40617710000.0,6.459776665820634e-05,5.638954255933237e-05
2025,Seattle/Puget Sound,5493007CLWQN2S6IZK91,31,16355000.0,1,685000.0,4,1740000.0,548000.0,"Armed Forces Bank, National Association",,,0.04188321614185264,0.033506572913482115,685000.0,10913690000.0,10001854500.0,40617710000.0,6.276520590194517e-05,5.478983922431585e-05
2025,Seattle/Puget Sound,549300NLJI4QKZ3D0G94,3,1905000.0,1,675000.0,1,675000.0,540000.0,"5TH STREET CAPITAL, INC.",,,0.3543307086614173,0.28346456692913385,675000.0,10913690000.0,10001854500.0,40617710000.0,6.184892552381458e-05,5.398998755680759e-05
2025,Seattle/Puget Sound,549300RFLICNI75BG067,183,98025000.0,1,405000.0,19,8365000.0,536500.0,Luminate Bank,,,0.004131599081866871,0.005473093598571793,405000.0,10913690000.0,10001854500.0,40617710000.0,3.7109355314288754e-05,5.3640052452272724e-05
2025,Seattle/Puget Sound,549300S93XI20FLTGK89,1,665000.0,1,665000.0,1,665000.0,532000.0,549300S93XI20FLTGK89,,,1.0,0.8,665000.0,10913690000.0,10001854500.0,40617710000.0,6.0932645145684e-05,5.319013588929933e-05
2025,Seattle/Puget Sound,549300IJO7NO6VDZPD35,2,1210000.0,1,655000.0,1,655000.0,524000.0,"THE MORTGAGE LINK, INC.",,,0.5413223140495868,0.43305785123966944,655000.0,10913690000.0,10001854500.0,40617710000.0,6.001636476755341e-05,5.2390284221791066e-05
2025,Seattle/Puget Sound,C398JSK21YCXWM603F55,16,8070000.0,1,645000.0,3,1225000.0,516000.0,"Barrington Bank & Trust Company, National Association",,,0.07992565055762081,0.06394052044609666,645000.0,10913690000.0,10001854500.0,40617710000.0,5.9100084389422825e-05,5.159043255428281e-05
2025,Seattle/Puget Sound,2549004XJQQPBYQSMT39,5,1745000.0,2,560000.0,2,560000.0,509000.0,Quontic Bank,,,0.3209169054441261,0.29169054441260744,280000.0,10913690000.0,10001854500.0,40617710000.0,5.131170117531284e-05,5.089056234521308e-05
2025,Seattle/Puget Sound,549300T7HRS5DVBUPQ06,11,5525000.0,1,635000.0,3,1385000.0,508000.0,549300T7HRS5DVBUPQ06,,,0.11493212669683257,0.09194570135746606,635000.0,10913690000.0,10001854500.0,40617710000.0,5.818380401129224e-05,5.079058088677455e-05
2025,Seattle/Puget Sound,549300O2EZG72LO2FX38,4,2110000.0,1,625000.0,2,1160000.0,500000.0,SUMMIT MORTGAGE CORPORATION,,,0.2962085308056872,0.23696682464454977,625000.0,10913690000.0,10001854500.0,40617710000.0,5.726752363316165e-05,4.9990729219266284e-05
2025,Seattle/Puget Sound,549300W45D2J6BT4LX65,23,12205000.0,1,615000.0,3,1505000.0,492000.0,"ALL CREDIT CONSIDERED MORTGAGE, INC.",,,0.050389184760344125,0.0403113478082753,615000.0,10913690000.0,10001854500.0,40617710000.0,5.6351243255031064e-05,4.919087755175803e-05
2025,Seattle/Puget Sound,54930039IUN6515TBG78,1,605000.0,1,605000.0,1,605000.0,484000.0,US MORTGAGE CORPORATION,,,1.0,0.8,605000.0,10913690000.0,10001854500.0,40617710000.0,5.543496287690048e-05,4.8391025884249765e-05
2025,Seattle/Puget Sound,549300SUCQ1358EGVE89,50,22860000.0,1,475000.0,7,3545000.0,475000.0,"NEW DAY FINANCIAL, LLC",,,0.02077865266841645,0.02077865266841645,475000.0,10913690000.0,10001854500.0,40617710000.0,4.3523317961202855e-05,4.7491192758302975e-05
2025,Seattle/Puget Sound,5493008JECR4UE0WVR04,10,4940000.0,1,585000.0,2,990000.0,468000.0,"MORTGAGE EXPRESS, LLC",,,0.11842105263157894,0.09473684210526316,585000.0,10913690000.0,10001854500.0,40617710000.0,5.360240212063931e-05,4.6791322549233247e-05
2025,Seattle/Puget Sound,5493003NV9L53LK1XI52,5,3215000.0,1,565000.0,1,565000.0,452000.0,ROYAL PACIFIC FUNDING CORP.,,,0.17573872472783825,0.14059097978227061,565000.0,10913690000.0,10001854500.0,40617710000.0,5.176984136437814e-05,4.519161921421672e-05
2025,Seattle/Puget Sound,549300YN94MOAVYW0F52,53,15945000.0,2,490000.0,11,2515000.0,436500.0,"GoodLeap, LLC",,,0.03073063656318595,0.02737535277516463,245000.0,10913690000.0,10001854500.0,40617710000.0,4.4897738528398735e-05,4.3641906608419466e-05
2025,Seattle/Puget Sound,WWB2V0FCW3A0EE3ZJN75,25,11285000.0,1,535000.0,2,950000.0,428000.0,Manufacturers and Traders Trust Company,,,0.047408063801506424,0.037926451041205136,535000.0,10913690000.0,10001854500.0,40617710000.0,4.9021000229986376e-05,4.279206421169194e-05
2025,Seattle/Puget Sound,549300JZD4L02YZI3Z50,1,525000.0,1,525000.0,1,525000.0,420000.0,NJ LENDERS CORP.,,,1.0,0.8,525000.0,10913690000.0,10001854500.0,40617710000.0,4.810471985185579e-05,4.199221254418368e-05
2025,Seattle/Puget Sound,549300YS7PW1Y7DQZG40,1,515000.0,1,515000.0,1,515000.0,412000.0,549300YS7PW1Y7DQZG40,,,1.0,0.8,515000.0,10913690000.0,10001854500.0,40617710000.0,4.71884394737252e-05,4.119236087667542e-05
2025,Seattle/Puget Sound,5493001X0T84TYRJ5Y59,6,5280000.0,1,505000.0,3,2045000.0,404000.0,"VISTA POINT MORTGAGE, LLC",,,0.09564393939393939,0.07651515151515151,505000.0,10913690000.0,10001854500.0,40617710000.0,4.6272159095594616e-05,4.039250920916716e-05
2025,Seattle/Puget Sound,2549008GIE3QVYB2FT28,116,52800000.0,1,495000.0,2,1030000.0,396000.0,Olympia Federal Savings & Loan Association,,,0.009375,0.0075,495000.0,10913690000.0,10001854500.0,40617710000.0,4.535587871746403e-05,3.95926575416589e-05
2025,Seattle/Puget Sound,549300PL267CW8182203,71,37765000.0,0,0.0,3,1535000.0,396000.0,"LoanUnited.com, LLC",,,0.0,0.010485899642526149,,10913690000.0,10001854500.0,40617710000.0,0.0,3.95926575416589e-05
2025,Seattle/Puget Sound,5493000H6DFDDJRORG89,11,5195000.0,1,475000.0,1,475000.0,380000.0,"LADERA LENDING, INC.",,,0.09143407122232916,0.07314725697786333,475000.0,10913690000.0,10001854500.0,40617710000.0,4.3523317961202855e-05,3.7992954206642376e-05
2025,Seattle/Puget Sound,54930034MNPILHP25H80,2,1210000.0,1,455000.0,1,455000.0,364000.0,Gateway First Bank,,,0.3760330578512397,0.30082644628099175,455000.0,10913690000.0,10001854500.0,40617710000.0,4.169075720494168e-05,3.639325087162586e-05
2025,Seattle/Puget Sound,5493003X6Y6JGJKHPA25,1,455000.0,1,455000.0,1,455000.0,364000.0,"INTERSTATE HOME LOAN CENTER, INC.",,,1.0,0.8,455000.0,10913690000.0,10001854500.0,40617710000.0,4.169075720494168e-05,3.639325087162586e-05
2025,Seattle/Puget Sound,549300PBTV7FCWLSMM53,70,35770000.0,1,265000.0,7,3145000.0,357000.0,"MORTGAGE SOLUTIONS OF COLORADO, LLC",,,0.007408442829186469,0.009980430528375734,265000.0,10913690000.0,10001854500.0,40617710000.0,2.428143002046054e-05,3.569338066255613e-05
2025,Seattle/Puget Sound,549300IEP77RKJ87Z176,2,810000.0,1,435000.0,1,435000.0,348000.0,OREGON COMMUNITY,,,0.5370370370370371,0.42962962962962964,435000.0,10913690000.0,10001854500.0,40617710000.0,3.985819644868051e-05,3.479354753660934e-05
2025,Seattle/Puget Sound,549300T7AIY7RU1YDP31,1,435000.0,1,435000.0,1,435000.0,348000.0,NBH Bank,,,1.0,0.8,435000.0,10913690000.0,10001854500.0,40617710000.0,3.985819644868051e-05,3.479354753660934e-05
2025,Seattle/Puget Sound,254900V6GCDMRQZ34D96,5,2515000.0,1,425000.0,1,425000.0,340000.0,LUXURY MORTGAGE CORP.,,,0.16898608349900596,0.13518886679920478,425000.0,10913690000.0,10001854500.0,40617710000.0,3.894191607054992e-05,3.3993695869101075e-05
2025,Seattle/Puget Sound,254900WTZC5SSKIN2M11,59,24635000.0,1,425000.0,6,2080000.0,340000.0,First National Bank of America,,,0.017251877410188757,0.013801501928151005,425000.0,10913690000.0,10001854500.0,40617710000.0,3.894191607054992e-05,3.3993695869101075e-05
2025,Seattle/Puget Sound,549300BX448ALT10FI43,110,58590000.0,0,0.0,14,7180000.0,330000.0,The Federal Savings Bank,,,0.0,0.0056323604710701485,,10913690000.0,10001854500.0,40617710000.0,0.0,3.299388128471575e-05
2025,Seattle/Puget Sound,549300CB67L6KPJLHE19,268,34810000.0,1,85000.0,10,1650000.0,321000.0,"TRIAD FINANCIAL SERVICES, INC.",,,0.0024418270611893133,0.009221488078138466,85000.0,10913690000.0,10001854500.0,40617710000.0,7.788383214109985e-06,3.209404815876896e-05
2025,Seattle/Puget Sound,549300C04BJ0G297NC13,2,790000.0,1,385000.0,2,790000.0,308000.0,Ally Bank,,,0.4873417721518987,0.389873417721519,385000.0,10913690000.0,10001854500.0,40617710000.0,3.527679455802758e-05,3.079428919906803e-05
2025,Seattle/Puget Sound,549300PRAPL43XPYR044,2,1000000.0,1,305000.0,1,305000.0,305000.0,"EMET LENDING GROUP, INC.",,,0.305,0.305,305000.0,10913690000.0,10001854500.0,40617710000.0,2.7946551532982885e-05,3.0494344823752434e-05
2025,Seattle/Puget Sound,549300XCVBRR56D08F03,11,4035000.0,1,285000.0,3,1045000.0,304000.0,"MISSION LOANS, LLC",,,0.07063197026022305,0.07534076827757125,285000.0,10913690000.0,10001854500.0,40617710000.0,2.6113990776721715e-05,3.0394363365313903e-05
2025,Seattle/Puget Sound,984500P059VACEAAFA22,6,2800000.0,1,365000.0,1,365000.0,292000.0,"SUCCESS LENDING, LLC",,,0.13035714285714287,0.10428571428571429,365000.0,10913690000.0,10001854500.0,40617710000.0,3.3444233801766406e-05,2.9194585864051512e-05
2025,Seattle/Puget Sound,549300Q3ROEQU3D1IW91,67,9625000.0,1,165000.0,3,645000.0,289500.0,CREDIT HUMAN FEDERAL CREDIT UNION,,,0.017142857142857144,0.03007792207792208,165000.0,10913690000.0,10001854500.0,40617710000.0,1.5118626239154676e-05,2.894463221795518e-05
2025,Seattle/Puget Sound,54930025XJJO3T0M1A92,6,3670000.0,0,0.0,1,705000.0,282000.0,GEORGIA'S OWN,,,0.0,0.0768392370572207,,10913690000.0,10001854500.0,40617710000.0,0.0,2.8194771279666187e-05
2025,Seattle/Puget Sound,549300D2OYT7VTDY6Z20,1,325000.0,1,325000.0,1,325000.0,260000.0,ANDREWS FEDERAL CREDIT UNION,,,1.0,0.8,325000.0,10913690000.0,10001854500.0,40617710000.0,2.977911228924406e-05,2.599517919401847e-05
2025,Seattle/Puget Sound,5493008P6YO2KM3EO556,2,1690000.0,0,0.0,1,635000.0,254000.0,5493008P6YO2KM3EO556,,,0.0,0.1502958579881657,,10913690000.0,10001854500.0,40617710000.0,0.0,2.5395290443387274e-05
2025,Seattle/Puget Sound,549300N52O6FKUCU5G62,1,315000.0,1,315000.0,1,315000.0,252000.0,NUMERICA CREDIT UNION,,,1.0,0.8,315000.0,10913690000.0,10001854500.0,40617710000.0,2.8862831911113472e-05,2.5195327526510208e-05
2025,Seattle/Puget Sound,549300GQDT484LGI9C04,20,10570000.0,1,275000.0,2,520000.0,244500.0,NETWORK CAPITAL FUNDING CORPORATION,,,0.026017029328287606,0.023131504257332073,275000.0,10913690000.0,10001854500.0,40617710000.0,2.5197710398591128e-05,2.4445466588221216e-05
2025,Seattle/Puget Sound,549300H3IZO24NSOO931,438,268140000.0,1,305000.0,1,305000.0,244000.0,"LENNAR MORTGAGE, LLC",,,0.0011374655030953979,0.0009099724024763183,305000.0,10913690000.0,10001854500.0,40617710000.0,2.7946551532982885e-05,2.439547585900195e-05
2025,Seattle/Puget Sound,549300P1347BFCBHJV60,1,295000.0,1,295000.0,1,295000.0,236000.0,MASS. INSTITUTE OF TECH. FEDERAL CREDIT UNION,,,1.0,0.8,295000.0,10913690000.0,10001854500.0,40617710000.0,2.70302711548523e-05,2.359562419149369e-05
2025,Seattle/Puget Sound,549300RA3E0BUFO7YZ21,13,7245000.0,1,295000.0,2,900000.0,236000.0,"Hometown Equity Mortgage, LLC",,,0.04071773636991028,0.03257418909592823,295000.0,10913690000.0,10001854500.0,40617710000.0,2.70302711548523e-05,2.359562419149369e-05
2025,Seattle/Puget Sound,549300ESRQ6OLBB56N04,7,4205000.0,0,0.0,1,515000.0,206000.0,Glacier Bank,,,0.0,0.04898929845422117,,10913690000.0,10001854500.0,40617710000.0,0.0,2.059618043833771e-05
2025,Seattle/Puget Sound,549300YW2UBCMDRMBT48,2,560000.0,1,255000.0,1,255000.0,204000.0,"RELIANCE FIRST CAPITAL, LLC",,,0.45535714285714285,0.36428571428571427,255000.0,10913690000.0,10001854500.0,40617710000.0,2.3365149642329954e-05,2.0396217521460644e-05
2025,Seattle/Puget Sound,549300Z2B4FHRYOXTS09,24,10210000.0,1,255000.0,4,840000.0,204000.0,Heritage Bank,,,0.02497551420176298,0.01998041136141038,255000.0,10913690000.0,10001854500.0,40617710000.0,2.3365149642329954e-05,2.0396217521460644e-05
2025,Seattle/Puget Sound,5493008CPTDVOS570626,8,2470000.0,1,205000.0,1,205000.0,164000.0,Third Federal Savings and Loan Association of Cleveland,,,0.08299595141700405,0.06639676113360324,205000.0,10913690000.0,10001854500.0,40617710000.0,1.8783747751677024e-05,1.639695918391934e-05
2025,Seattle/Puget Sound,549300O5WDIJU8S7OI05,2,660000.0,1,205000.0,1,205000.0,164000.0,"Stride Bank, National Association",,,0.3106060606060606,0.24848484848484848,205000.0,10913690000.0,10001854500.0,40617710000.0,1.8783747751677024e-05,1.639695918391934e-05
2025,Seattle/Puget Sound,549300T5QSL6MC8M4D04,6,3550000.0,0,0.0,2,1200000.0,120000.0,"NORWICH COMMERCIAL GROUP, INC.",,,0.0,0.03380281690140845,,10913690000.0,10001854500.0,40617710000.0,0.0,1.1997775012623909e-05
2025,Seattle/Puget Sound,549300ALNLUNS3Y53T24,21,8255000.0,1,115000.0,5,1045000.0,114000.0,AMERICAN FINANCING CORPORATION,,,0.013930950938824955,0.013809812235009085,115000.0,10913690000.0,10001854500.0,40617710000.0,1.0537224348501744e-05,1.1397886261992713e-05
2025,Seattle/Puget Sound,54930030Z1JWTP3SVD16,11,4965000.0,0,0.0,2,990000.0,99000.0,"TOP FLITE FINANCIAL, INC.",,,0.0,0.019939577039274924,,10913690000.0,10001854500.0,40617710000.0,0.0,9.898164385414725e-06
2025,Seattle/Puget Sound,549300IKS3MMB5YK6T18,2,330000.0,1,105000.0,1,105000.0,84000.0,KINECTA,,,0.3181818181818182,0.2545454545454545,105000.0,10913690000.0,10001854500.0,40617710000.0,9.620943970371159e-06,8.398442508836736e-06
2025,Seattle/Puget Sound,254900QNIR86GUIRYH95,6,5010000.0,0,0.0,3,1765000.0,83500.0,"FlexPoint, Inc.",,,0.0,0.016666666666666666,,10913690000.0,10001854500.0,40617710000.0,0.0,8.34845177961747e-06
2025,Seattle/Puget Sound,549300Q6YL1SFVPEGV90,32,15640000.0,0,0.0,6,3100000.0,78500.0,"INTELLILOAN, INC.",,,0.0,0.0050191815856777495,,10913690000.0,10001854500.0,40617710000.0,0.0,7.848544487424808e-06
2025,Seattle/Puget Sound,549300JD1162QW84ZO34,8,1070000.0,0,0.0,1,155000.0,62000.0,GREENWOOD CREDIT UNION,,,0.0,0.05794392523364486,,10913690000.0,10001854500.0,40617710000.0,0.0,6.19885042318902e-06
2025,Seattle/Puget Sound,254900IHSG9OOX0DZH92,6,2030000.0,0,0.0,1,595000.0,59500.0,NorthWest Plus Credit Union,,,0.0,0.029310344827586206,,10913690000.0,10001854500.0,40617710000.0,0.0,5.948896777092688e-06
2025,Seattle/Puget Sound,254900QRD0ZXHH08TX87,2,1320000.0,0,0.0,1,595000.0,59500.0,"NETWORK FUNDING, L.P.",,,0.0,0.045075757575757575,,10913690000.0,10001854500.0,40617710000.0,0.0,5.948896777092688e-06
2025,Seattle/Puget Sound,549300F8C5JA44WNMI75,8,3520000.0,0,0.0,1,545000.0,54500.0,AMERICAN NEIGHBORHOOD MORTGAGE ACCEPTANCE COMPANY LLC,,,0.0,0.015482954545454546,,10913690000.0,10001854500.0,40617710000.0,0.0,5.448989484900025e-06
2025,Seattle/Puget Sound,549300JPGMCMBEJEK584,13,10925000.0,0,0.0,1,535000.0,53500.0,DIGITAL,,,0.0,0.004897025171624714,,10913690000.0,10001854500.0,40617710000.0,0.0,5.349008026461492e-06
2025,Seattle/Puget Sound,5493006HFDG31YJ3MM36,2,730000.0,0,0.0,1,475000.0,47500.0,Transcend Credit Union,,,0.0,0.06506849315068493,,10913690000.0,10001854500.0,40617710000.0,0.0,4.749119275830297e-06
2025,Seattle/Puget Sound,549300UG7QXKM7KGV847,10,1380000.0,1,45000.0,1,45000.0,36000.0,ROYAL UNITED MORTGAGE LLC,,,0.03260869565217391,0.02608695652173913,45000.0,10913690000.0,10001854500.0,40617710000.0,4.123261701587639e-06,3.5993325037871726e-06
2025,Seattle/Puget Sound,549300KW705BBINDIZ26,2,890000.0,0,0.0,1,355000.0,35500.0,TIB National Association,,,0.0,0.039887640449438204,,10913690000.0,10001854500.0,40617710000.0,0.0,3.5493417745679065e-06
2025,Seattle/Puget Sound,2549001IK7UDPADKAG34,1,325000.0,0,0.0,0,0.0,0.0,Unitus Community Credit Union,,,0.0,0.0,,10913690000.0,10001854500.0,40617710000.0,0.0,0.0
2025,Seattle/Puget Sound,254900378RFGMBEKAF12,1,1205000.0,0,0.0,1,1205000.0,0.0,Empeople Credit Union,,,0.0,0.0,,10913690000.0,10001854500.0,40617710000.0,0.0,0.0
2025,Seattle/Puget Sound,2549005K0ZG1MFV3R260,1,905000.0,0,0.0,0,0.0,0.0,2549005K0ZG1MFV3R260,,,0.0,0.0,,10913690000.0,10001854500.0,40617710000.0,0.0,0.0
2025,Seattle/Puget Sound,25490066WMF8ZMQXQB18,1,95000.0,0,0.0,0,0.0,0.0,"Lendage, LLC",,,0.0,0.0,,10913690000.0,10001854500.0,40617710000.0,0.0,0.0
2025,Seattle/Puget Sound,2549007E9BI08H1N1T92,3,3105000.0,0,0.0,0,0.0,0.0,AAFMAA Mortgage Services LLC,,,0.0,0.0,,10913690000.0,10001854500.0,40617710000.0,0.0,0.0
2025,Seattle/Puget Sound,2549007IU6SKFLLNKZ07,1,595000.0,0,0.0,0,0.0,0.0,2549007IU6SKFLLNKZ07,,,0.0,0.0,,10913690000.0,10001854500.0,40617710000.0,0.0,0.0
2025,Seattle/Puget Sound,2549007JZSAICH4GZJ60,1,495000.0,0,0.0,0,0.0,0.0,POINT MORTGAGE CORPORATION,,,0.0,0.0,,10913690000.0,10001854500.0,40617710000.0,0.0,0.0
2025,Seattle/Puget Sound,254900BBEPZS8MDE1S61,1,405000.0,0,0.0,0,0.0,0.0,F&A Federal Credit Union,,,0.0,0.0,,10913690000.0,10001854500.0,40617710000.0,0.0,0.0
2025,Seattle/Puget Sound,254900FFZUXK3B729T97,1,455000.0,0,0.0,0,0.0,0.0,Deseret First Credit Union,,,0.0,0.0,,10913690000.0,10001854500.0,40617710000.0,0.0,0.0
2025,Seattle/Puget Sound,254900HIDMT4ZG09RP47,4,2700000.0,0,0.0,0,0.0,0.0,CREDENCE FUNDING CORPORATION,,,0.0,0.0,,10913690000.0,10001854500.0,40617710000.0,0.0,0.0
2025,Seattle/Puget Sound,254900HO9WPE4LTLQU96,4,1540000.0,0,0.0,0,0.0,0.0,Valley West Corporation,,,0.0,0.0,,10913690000.0,10001854500.0,40617710000.0,0.0,0.0
2025,Seattle/Puget Sound,254900I68BOSEM149Q58,2,990000.0,0,0.0,0,0.0,0.0,"ENCOMPASS LENDING GROUP, LP",,,0.0,0.0,,10913690000.0,10001854500.0,40617710000.0,0.0,0.0
2025,Seattle/Puget Sound,254900J2RKTTDJSUWD76,1,525000.0,0,0.0,0,0.0,0.0,254900J2RKTTDJSUWD76,,,0.0,0.0,,10913690000.0,10001854500.0,40617710000.0,0.0,0.0
2025,Seattle/Puget Sound,254900JH11ROOV921P96,14,6750000.0,0,0.0,5,2625000.0,0.0,ML Mortgage Corp.,,,0.0,0.0,,10913690000.0,10001854500.0,40617710000.0,0.0,0.0
2025,Seattle/Puget Sound,254900JZN2V0PWFMW808,2,1290000.0,0,0.0,0,0.0,0.0,AHL FUNDING,,,0.0,0.0,,10913690000.0,10001854500.0,40617710000.0,0.0,0.0
2025,Seattle/Puget Sound,254900LNRKOG7TRURB32,4,2510000.0,0,0.0,0,0.0,0.0,Ukrainian Federal Credit Union,,,0.0,0.0,,10913690000.0,10001854500.0,40617710000.0,0.0,0.0
2025,Seattle/Puget Sound,254900MKY47WU65N1J56,80,49890000.0,0,0.0,2,1000000.0,0.0,Timberland Bank,,,0.0,0.0,,10913690000.0,10001854500.0,40617710000.0,0.0,0.0
2025,Seattle/Puget Sound,254900N49YI2HHKDPS92,2,1020000.0,0,0.0,0,0.0,0.0,iQ Credit Union,,,0.0,0.0,,10913690000.0,10001854500.0,40617710000.0,0.0,0.0
2025,Seattle/Puget Sound,254900R9A6TW85BTVS20,31,14725000.0,0,0.0,0,0.0,0.0,Shea Mortgage Inc.,,,0.0,0.0,,10913690000.0,10001854500.0,40617710000.0,0.0,0.0
2025,Seattle/Puget Sound,254900RFZH9I62FGU045,8,3700000.0,0,0.0,0,0.0,0.0,254900RFZH9I62FGU045,,,0.0,0.0,,10913690000.0,10001854500.0,40617710000.0,0.0,0.0
2025,Seattle/Puget Sound,254900RM3T6WAVE6SA24,2,1310000.0,0,0.0,0,0.0,0.0,AML FUNDING LLC,,,0.0,0.0,,10913690000.0,10001854500.0,40617710000.0,0.0,0.0
2025,Seattle/Puget Sound,254900RNV63A0TIZNK90,1,275000.0,0,0.0,0,0.0,0.0,254900RNV63A0TIZNK90,,,0.0,0.0,,10913690000.0,10001854500.0,40617710000.0,0.0,0.0
2025,Seattle/Puget Sound,254900RQX8N4HXJIDK44,3,1745000.0,0,0.0,0,0.0,0.0,FRANKLIN LOAN CORPORATION,,,0.0,0.0,,10913690000.0,10001854500.0,40617710000.0,0.0,0.0
2025,Seattle/Puget Sound,254900T37KTTXKCK3416,2,1100000.0,0,0.0,0,0.0,0.0,Rivermark Community,,,0.0,0.0,,10913690000.0,10001854500.0,40617710000.0,0.0,0.0
2025,Seattle/Puget Sound,254900U2ZPLWQTSD3158,1,465000.0,0,0.0,0,0.0,0.0,Orion Federal Credit Union,,,0.0,0.0,,10913690000.0,10001854500.0,40617710000.0,0.0,0.0
2025,Seattle/Puget Sound,254900VHUBSJJKOMBF27,3,1295000.0,0,0.0,0,0.0,0.0,"GOLDEN EMPIRE MORTGAGE, INC.",,,0.0,0.0,,10913690000.0,10001854500.0,40617710000.0,0.0,0.0
2025,Seattle/Puget Sound,254900VX7NAZSPBPUE16,1,775000.0,0,0.0,0,0.0,0.0,"Constant Investments, Inc.",,,0.0,0.0,,10913690000.0,10001854500.0,40617710000.0,0.0,0.0
2025,Seattle/Puget Sound,254900WEP08K7U7S3A80,16,6340000.0,0,0.0,0,0.0,0.0,Nations Lending Corporation,,,0.0,0.0,,10913690000.0,10001854500.0,40617710000.0,0.0,0.0
2025,Seattle/Puget Sound,254900YPPMV9UM5FUW09,1,725000.0,0,0.0,0,0.0,0.0,254900YPPMV9UM5FUW09,,,0.0,0.0,,10913690000.0,10001854500.0,40617710000.0,0.0,0.0
2025,Seattle/Puget Sound,254900Z8J5L9POS71X51,1,345000.0,0,0.0,0,0.0,0.0,Oregon State Credit Union,,,0.0,0.0,,10913690000.0,10001854500.0,40617710000.0,0.0,0.0
2025,Seattle/Puget Sound,337KMNHEWWWR6B7Q7W10,2,7170000.0,0,0.0,0,0.0,0.0,MidFirst Bank,,,0.0,0.0,,10913690000.0,10001854500.0,40617710000.0,0.0,0.0
2025,Seattle/Puget Sound,54930002O9LLXKR6TF11,7,2955000.0,0,0.0,2,850000.0,0.0,BAY-VALLEY MORTGAGE GROUP,,,0.0,0.0,,10913690000.0,10001854500.0,40617710000.0,0.0,0.0
2025,Seattle/Puget Sound,54930007KK7ZS3IJVC25,9,4435000.0,0,0.0,0,0.0,0.0,RED CANOE CREDIT UNION,,,0.0,0.0,,10913690000.0,10001854500.0,40617710000.0,0.0,0.0
2025,Seattle/Puget Sound,5493000D6RXLNBZQYA47,1,305000.0,0,0.0,0,0.0,0.0,COLUMBIA COMMUNITY CREDIT UNION,,,0.0,0.0,,10913690000.0,10001854500.0,40617710000.0,0.0,0.0
2025,Seattle/Puget Sound,5493000JFVFQFL816N45,1,1555000.0,0,0.0,0,0.0,0.0,ENCORE BANK,,,0.0,0.0,,10913690000.0,10001854500.0,40617710000.0,0.0,0.0
2025,Seattle/Puget Sound,5493000OIGWIS24A1547,13,11585000.0,0,0.0,0,0.0,0.0,5493000OIGWIS24A1547,,,0.0,0.0,,10913690000.0,10001854500.0,40617710000.0,0.0,0.0
2025,Seattle/Puget Sound,5493000OOREHUZON5E13,1,705000.0,0,0.0,0,0.0,0.0,SPOKANE FIREFIGHTERS CREDIT UNION,,,0.0,0.0,,10913690000.0,10001854500.0,40617710000.0,0.0,0.0
2025,Seattle/Puget Sound,5493000WAJ1FMTFL5D75,1,585000.0,0,0.0,0,0.0,0.0,HomePromise Corporation,,,0.0,0.0,,10913690000.0,10001854500.0,40617710000.0,0.0,0.0
2025,Seattle/Puget Sound,5493000XC2Y1SLXRQP11,2,910000.0,0,0.0,0,0.0,0.0,"INFINITY EQUITY GROUP, INC.",,,0.0,0.0,,10913690000.0,10001854500.0,40617710000.0,0.0,0.0
2025,Seattle/Puget Sound,5493000YNV8IX4VD3X12,5,765000.0,0,0.0,0,0.0,0.0,"VANDERBILT MORTGAGE AND FINANCE, INC.",,,0.0,0.0,,10913690000.0,10001854500.0,40617710000.0,0.0,0.0
2025,Seattle/Puget Sound,5493001GCBD5XGNIC815,5,6385000.0,0,0.0,0,0.0,0.0,Coastal Community Bank,,,0.0,0.0,,10913690000.0,10001854500.0,40617710000.0,0.0,0.0
2025,Seattle/Puget Sound,5493001HHBUTXHS7TZ96,207,134475000.0,0,0.0,0,0.0,0.0,HOMEAMERICAN MORTGAGE CORPORATION,,,0.0,0.0,,10913690000.0,10001854500.0,40617710000.0,0.0,0.0
2025,Seattle/Puget Sound,5493001K7B4W8IPMZ254,2,980000.0,0,0.0,1,585000.0,0.0,FIRST STANDARD FINANCIAL CORP.,,,0.0,0.0,,10913690000.0,10001854500.0,40617710000.0,0.0,0.0
2025,Seattle/Puget Sound,5493001YIUWLFRXQUO81,1,715000.0,0,0.0,0,0.0,0.0,Summit Mortgage Corporation,,,0.0,0.0,,10913690000.0,10001854500.0,40617710000.0,0.0,0.0
2025,Seattle/Puget Sound,54930021DZJ9CEN11D61,3,1615000.0,0,0.0,1,485000.0,0.0,"TJC Mortgage, Inc.",,,0.0,0.0,,10913690000.0,10001854500.0,40617710000.0,0.0,0.0
2025,Seattle/Puget Sound,54930022CQGV47Q8PM03,7,2825000.0,0,0.0,1,405000.0,0.0,"SERVIS ONE, INC.",,,0.0,0.0,,10913690000.0,10001854500.0,40617710000.0,0.0,0.0
2025,Seattle/Puget Sound,5493002QI2ILHHZH8D20,264,159040000.0,0,0.0,0,0.0,0.0,"KBHS HOME LOANS, LLC",,,0.0,0.0,,10913690000.0,10001854500.0,40617710000.0,0.0,0.0
2025,Seattle/Puget Sound,5493002TJKC8NLH1ZP82,13,7495000.0,0,0.0,0,0.0,0.0,"MORTGAGEONE, INC.",,,0.0,0.0,,10913690000.0,10001854500.0,40617710000.0,0.0,0.0
2025,Seattle/Puget Sound,5493003B2LEGQHDWRN55,1,715000.0,0,0.0,0,0.0,0.0,Hanscom Federal Credit Union,,,0.0,0.0,,10913690000.0,10001854500.0,40617710000.0,0.0,0.0
2025,Seattle/Puget Sound,5493003V40VGM7YDFM54,10,7610000.0,0,0.0,1,255000.0,0.0,FIRST COLONY MORTGAGE CORPORATION,,,0.0,0.0,,10913690000.0,10001854500.0,40617710000.0,0.0,0.0
2025,Seattle/Puget Sound,5493004RLLKTQS8K7U51,3,1885000.0,0,0.0,1,595000.0,0.0,American Airlines Federal Credit Union,,,0.0,0.0,,10913690000.0,10001854500.0,40617710000.0,0.0,0.0
2025,Seattle/Puget Sound,5493004UNRG4PWDF2K60,2,1600000.0,0,0.0,0,0.0,0.0,AFFINITY,,,0.0,0.0,,10913690000.0,10001854500.0,40617710000.0,0.0,0.0
2025,Seattle/Puget Sound,54930059GZZ7G4G40O53,1,575000.0,0,0.0,0,0.0,0.0,Primis Mortgage Company,,,0.0,0.0,,10913690000.0,10001854500.0,40617710000.0,0.0,0.0
2025,Seattle/Puget Sound,5493005ICQ3QGEIWV618,7,3065000.0,0,0.0,0,0.0,0.0,UNITED MORTGAGE CORP.,,,0.0,0.0,,10913690000.0,10001854500.0,40617710000.0,0.0,0.0
2025,Seattle/Puget Sound,5493006KQF5UKZ3Y9N07,1,585000.0,0,0.0,0,0.0,0.0,5493006KQF5UKZ3Y9N07,,,0.0,0.0,,10913690000.0,10001854500.0,40617710000.0,0.0,0.0
2025,Seattle/Puget Sound,5493006KXUHSYFT7SD10,2,1160000.0,0,0.0,0,0.0,0.0,"LPMC, LLC",,,0.0,0.0,,10913690000.0,10001854500.0,40617710000.0,0.0,0.0
2025,Seattle/Puget Sound,5493006P5IHSK77SZ855,4,1590000.0,0,0.0,0,0.0,0.0,5493006P5IHSK77SZ855,,,0.0,0.0,,10913690000.0,10001854500.0,40617710000.0,0.0,0.0
2025,Seattle/Puget Sound,5493006S869XKIESMV41,3,1615000.0,0,0.0,0,0.0,0.0,Mountain America Federal Credit Union,,,0.0,0.0,,10913690000.0,10001854500.0,40617710000.0,0.0,0.0
2025,Seattle/Puget Sound,549300748YYU6VG08N83,6,3490000.0,0,0.0,0,0.0,0.0,"Loan Simple, Inc.",,,0.0,0.0,,10913690000.0,10001854500.0,40617710000.0,0.0,0.0
2025,Seattle/Puget Sound,5493007VW2EU20PZYU97,199,123515000.0,0,0.0,0,0.0,0.0,INSPIRE HOME LOANS INC.,,,0.0,0.0,,10913690000.0,10001854500.0,40617710000.0,0.0,0.0
2025,Seattle/Puget Sound,5493007WZXR2YE227I23,1,685000.0,0,0.0,0,0.0,0.0,5493007WZXR2YE227I23,,,0.0,0.0,,10913690000.0,10001854500.0,40617710000.0,0.0,0.0
2025,Seattle/Puget Sound,54930083D8Q8RK84Y448,23,12865000.0,0,0.0,3,1135000.0,0.0,"AMERICA'S CREDIT UNION, A",,,0.0,0.0,,10913690000.0,10001854500.0,40617710000.0,0.0,0.0
2025,Seattle/Puget Sound,5493008E4KBJCB6UKR64,2,920000.0,0,0.0,0,0.0,0.0,"DATA MORTGAGE, INC.",,,0.0,0.0,,10913690000.0,10001854500.0,40617710000.0,0.0,0.0
2025,Seattle/Puget Sound,5493008JUW0FLRMO0W64,1,705000.0,0,0.0,0,0.0,0.0,M SQUARED FINANCIAL LLC,,,0.0,0.0,,10913690000.0,10001854500.0,40617710000.0,0.0,0.0
2025,Seattle/Puget Sound,5493008VVXQIDO1EZ460,9,4385000.0,0,0.0,0,0.0,0.0,"SUMMIT FUNDING, INC.",,,0.0,0.0,,10913690000.0,10001854500.0,40617710000.0,0.0,0.0
2025,Seattle/Puget Sound,54930091CYUK2SDZ6D37,3,1605000.0,0,0.0,1,435000.0,0.0,"PFN Lending Group, Inc.",,,0.0,0.0,,10913690000.0,10001854500.0,40617710000.0,0.0,0.0
2025,Seattle/Puget Sound,5493009D2COWW65B8673,1,335000.0,0,0.0,0,0.0,0.0,NORTHROP GRUMMAN Federal Credit Union,,,0.0,0.0,,10913690000.0,10001854500.0,40617710000.0,0.0,0.0
2025,Seattle/Puget Sound,5493009PLGT79KQ6HO15,1,485000.0,0,0.0,0,0.0,0.0,5493009PLGT79KQ6HO15,,,0.0,0.0,,10913690000.0,10001854500.0,40617710000.0,0.0,0.0
2025,Seattle/Puget Sound,5493009QB0KBU5M6NP90,28,20930000.0,0,0.0,0,0.0,0.0,5493009QB0KBU5M6NP90,,,0.0,0.0,,10913690000.0,10001854500.0,40617710000.0,0.0,0.0
2025,Seattle/Puget Sound,549300ANF834QIIFUE57,1,605000.0,0,0.0,0,0.0,0.0,"A & N MORTGAGE SERVICES, INC.",,,0.0,0.0,,10913690000.0,10001854500.0,40617710000.0,0.0,0.0
2025,Seattle/Puget Sound,549300AT7EB9FJAF0E61,3,1575000.0,0,0.0,1,735000.0,0.0,Old National Bank,,,0.0,0.0,,10913690000.0,10001854500.0,40617710000.0,0.0,0.0
2025,Seattle/Puget Sound,549300B0HNWBV7RX2661,1,645000.0,0,0.0,0,0.0,0.0,Financial Partners Credit Union,,,0.0,0.0,,10913690000.0,10001854500.0,40617710000.0,0.0,0.0
2025,Seattle/Puget Sound,549300BBKMRS6J0CB539,1,435000.0,0,0.0,1,435000.0,0.0,AMERICAN PORTFOLIO MORTGAGE CORPORATION,,,0.0,0.0,,10913690000.0,10001854500.0,40617710000.0,0.0,0.0
2025,Seattle/Puget Sound,549300BEFX6JRSCS5N78,1,425000.0,0,0.0,0,0.0,0.0,549300BEFX6JRSCS5N78,,,0.0,0.0,,10913690000.0,10001854500.0,40617710000.0,0.0,0.0
2025,Seattle/Puget Sound,549300C1ICNCM0V37Y02,2,1510000.0,0,0.0,0,0.0,0.0,"First State Bank of St. Charles, Missouri",,,0.0,0.0,,10913690000.0,10001854500.0,40617710000.0,0.0,0.0
2025,Seattle/Puget Sound,549300C20KZIWPASBC15,11,5615000.0,0,0.0,0,0.0,0.0,"FIRST CONTINENTAL MORTGAGE, LTD.",,,0.0,0.0,,10913690000.0,10001854500.0,40617710000.0,0.0,0.0
2025,Seattle/Puget Sound,549300C232ZWY1I57C16,1,715000.0,0,0.0,0,0.0,0.0,WESCOM CENTRAL CREDIT UNION,,,0.0,0.0,,10913690000.0,10001854500.0,40617710000.0,0.0,0.0
2025,Seattle/Puget Sound,549300C4RD3C53QCM649,1,525000.0,0,0.0,0,0.0,0.0,"STARBOARD FINANCIAL MANAGEMENT, LLC",,,0.0,0.0,,10913690000.0,10001854500.0,40617710000.0,0.0,0.0
2025,Seattle/Puget Sound,549300CLRXFVF83ZL806,7,3355000.0,0,0.0,0,0.0,0.0,"NATIONWIDE MORTGAGE BANKERS, INC.",,,0.0,0.0,,10913690000.0,10001854500.0,40617710000.0,0.0,0.0
2025,Seattle/Puget Sound,549300CM7HYHZ1MEJ624,1,105000.0,0,0.0,0,0.0,0.0,Cache Valley Bank,,,0.0,0.0,,10913690000.0,10001854500.0,40617710000.0,0.0,0.0
2025,Seattle/Puget Sound,549300COIWXM618UBE82,1,495000.0,0,0.0,0,0.0,0.0,HomeTrust Bank,,,0.0,0.0,,10913690000.0,10001854500.0,40617710000.0,0.0,0.0
2025,Seattle/Puget Sound,549300CP7747DCRW6U68,1,545000.0,0,0.0,0,0.0,0.0,Carrollton Bank,,,0.0,0.0,,10913690000.0,10001854500.0,40617710000.0,0.0,0.0
2025,Seattle/Puget Sound,549300DMHEHNYZ2OLB41,1,545000.0,0,0.0,0,0.0,0.0,First United Bank and Trust Company,,,0.0,0.0,,10913690000.0,10001854500.0,40617710000.0,0.0,0.0
2025,Seattle/Puget Sound,549300DMYENRV818D594,1,655000.0,0,0.0,0,0.0,0.0,SWBC MORTGAGE CORPORATION,,,0.0,0.0,,10913690000.0,10001854500.0,40617710000.0,0.0,0.0
2025,Seattle/Puget Sound,549300DT7WZ1SOTNFJ62,1,435000.0,0,0.0,0,0.0,0.0,First Bank,,,0.0,0.0,,10913690000.0,10001854500.0,40617710000.0,0.0,0.0
2025,Seattle/Puget Sound,549300EHWBP6UP4Y8J37,1,665000.0,0,0.0,0,0.0,0.0,"PLUS RELOCATION MORTGAGE, LLC",,,0.0,0.0,,10913690000.0,10001854500.0,40617710000.0,0.0,0.0
2025,Seattle/Puget Sound,549300ELLMUEKP1JHB70,1,265000.0,0,0.0,0,0.0,0.0,INSTAMORTGAGE INC.,,,0.0,0.0,,10913690000.0,10001854500.0,40617710000.0,0.0,0.0
2025,Seattle/Puget Sound,549300ELXS6PBT8OEE44,1,525000.0,0,0.0,0,0.0,0.0,Air Academy Federal Credit Union,,,0.0,0.0,,10913690000.0,10001854500.0,40617710000.0,0.0,0.0
2025,Seattle/Puget Sound,549300FVD3YHE65PKH97,2,830000.0,0,0.0,0,0.0,0.0,"PANORAMA MORTGAGE GROUP, LLC",,,0.0,0.0,,10913690000.0,10001854500.0,40617710000.0,0.0,0.0
2025,Seattle/Puget Sound,549300FWQNRPTKXB8G79,6,3530000.0,0,0.0,0,0.0,0.0,"Wallick & Volk, Inc.",,,0.0,0.0,,10913690000.0,10001854500.0,40617710000.0,0.0,0.0
2025,Seattle/Puget Sound,549300G5DVGM0ZHRQC33,1,315000.0,0,0.0,0,0.0,0.0,CLEARPATH LENDING,,,0.0,0.0,,10913690000.0,10001854500.0,40617710000.0,0.0,0.0
2025,Seattle/Puget Sound,549300G5ZQEXZC4Y5G44,1,1455000.0,0,0.0,0,0.0,0.0,UNIVERSITY CREDIT UNION,,,0.0,0.0,,10913690000.0,10001854500.0,40617710000.0,0.0,0.0
2025,Seattle/Puget Sound,549300GS6ONO04ORI292,1,645000.0,0,0.0,0,0.0,0.0,Willamette Valley Bank,,,0.0,0.0,,10913690000.0,10001854500.0,40617710000.0,0.0,0.0
2025,Seattle/Puget Sound,549300HV02VPA0FYR272,1,475000.0,0,0.0,1,475000.0,0.0,549300HV02VPA0FYR272,,,0.0,0.0,,10913690000.0,10001854500.0,40617710000.0,0.0,0.0
2025,Seattle/Puget Sound,549300I1HK1BBZLKOB84,5,7435000.0,0,0.0,0,0.0,0.0,ADVANCIAL CREDIT UNION,,,0.0,0.0,,10913690000.0,10001854500.0,40617710000.0,0.0,0.0
2025,Seattle/Puget Sound,549300I43FC7P0IJMR13,3,1635000.0,0,0.0,0,0.0,0.0,"LOANLEADERS OF AMERICA, INC.",,,0.0,0.0,,10913690000.0,10001854500.0,40617710000.0,0.0,0.0
2025,Seattle/Puget Sound,549300INKSPQCTELMO58,11,5305000.0,0,0.0,1,465000.0,0.0,549300INKSPQCTELMO58,,,0.0,0.0,,10913690000.0,10001854500.0,40617710000.0,0.0,0.0
2025,Seattle/Puget Sound,549300ISCZS1R0CJMO47,11,7545000.0,0,0.0,0,0.0,0.0,"Premia Mortgage, LLC DBA Premia Relocation Mortgage",,,0.0,0.0,,10913690000.0,10001854500.0,40617710000.0,0.0,0.0
2025,Seattle/Puget Sound,549300KDR80I1ELW8D36,4,3730000.0,0,0.0,0,0.0,0.0,"AgWest Farm Credit, FLCA",,,0.0,0.0,,10913690000.0,10001854500.0,40617710000.0,0.0,0.0
2025,Seattle/Puget Sound,549300KOAKQX3BEWWT56,18,12980000.0,0,0.0,0,0.0,0.0,549300KOAKQX3BEWWT56,,,0.0,0.0,,10913690000.0,10001854500.0,40617710000.0,0.0,0.0
2025,Seattle/Puget Sound,549300KPHGEE40YQXO21,3,1995000.0,0,0.0,0,0.0,0.0,FARMERS INSURANCE GROUP FEDERAL CREDIT UNION,,,0.0,0.0,,10913690000.0,10001854500.0,40617710000.0,0.0,0.0
2025,Seattle/Puget Sound,549300KT5OWPGQKWUN86,1,455000.0,0,0.0,0,0.0,0.0,"SEMPER HOME LOANS, INC",,,0.0,0.0,,10913690000.0,10001854500.0,40617710000.0,0.0,0.0
2025,Seattle/Puget Sound,549300LGE7I6F2K89769,1,305000.0,0,0.0,0,0.0,0.0,549300LGE7I6F2K89769,,,0.0,0.0,,10913690000.0,10001854500.0,40617710000.0,0.0,0.0
2025,Seattle/Puget Sound,549300LLKEKXL2RM1F61,3,1695000.0,0,0.0,0,0.0,0.0,CONTOUR MORTGAGE CORPORATION,,,0.0,0.0,,10913690000.0,10001854500.0,40617710000.0,0.0,0.0
2025,Seattle/Puget Sound,549300LP0CV2MNC1GV68,6,3280000.0,0,0.0,0,0.0,0.0,"Academy Bank, National Association",,,0.0,0.0,,10913690000.0,10001854500.0,40617710000.0,0.0,0.0
2025,Seattle/Puget Sound,549300LXKO1O7CSK5J52,4,1840000.0,0,0.0,0,0.0,0.0,"FLAT BRANCH MORTGAGE, INC.",,,0.0,0.0,,10913690000.0,10001854500.0,40617710000.0,0.0,0.0
2025,Seattle/Puget Sound,549300M16XETIG2Z5N24,1,805000.0,0,0.0,0,0.0,0.0,549300M16XETIG2Z5N24,,,0.0,0.0,,10913690000.0,10001854500.0,40617710000.0,0.0,0.0
2025,Seattle/Puget Sound,549300ML3H1LUVR1FP75,45,16265000.0,0,0.0,1,395000.0,0.0,O Bee Credit Union,,,0.0,0.0,,10913690000.0,10001854500.0,40617710000.0,0.0,0.0
2025,Seattle/Puget Sound,549300N3JBQ15RQ7AV97,8,4350000.0,0,0.0,0,0.0,0.0,"MORIA DEVELOPMENT, INC.",,,0.0,0.0,,10913690000.0,10001854500.0,40617710000.0,0.0,0.0
2025,Seattle/Puget Sound,549300NJVKCDJA5YC939,2,1080000.0,0,0.0,1,555000.0,0.0,"HOMEOWNERS FINANCIAL GROUP USA, LLC",,,0.0,0.0,,10913690000.0,10001854500.0,40617710000.0,0.0,0.0
2025,Seattle/Puget Sound,549300NN0PRX3I4QGG46,6,3530000.0,0,0.0,0,0.0,0.0,"Mid-Continent Funding, Inc.",,,0.0,0.0,,10913690000.0,10001854500.0,40617710000.0,0.0,0.0
2025,Seattle/Puget Sound,549300OHLAHJ10DFF198,1,555000.0,0,0.0,0,0.0,0.0,BELEM SERVICING LLC,,,0.0,0.0,,10913690000.0,10001854500.0,40617710000.0,0.0,0.0
2025,Seattle/Puget Sound,549300OTLWFQPOOSC346,2,130000.0,0,0.0,0,0.0,0.0,BayCoast Bank,,,0.0,0.0,,10913690000.0,10001854500.0,40617710000.0,0.0,0.0
2025,Seattle/Puget Sound,549300OYEKEORA1GI088,11,5755000.0,0,0.0,0,0.0,0.0,"GoPrime Mortgage, Inc.",,,0.0,0.0,,10913690000.0,10001854500.0,40617710000.0,0.0,0.0
2025,Seattle/Puget Sound,549300PIL8LFAQ04XC20,3,785000.0,0,0.0,0,0.0,0.0,"SPRING EQ, LLC",,,0.0,0.0,,10913690000.0,10001854500.0,40617710000.0,0.0,0.0
2025,Seattle/Puget Sound,549300PQLK8E48ILXV41,6,2060000.0,0,0.0,0,0.0,0.0,549300PQLK8E48ILXV41,,,0.0,0.0,,10913690000.0,10001854500.0,40617710000.0,0.0,0.0
2025,Seattle/Puget Sound,549300PXIFIEPL7D7R86,1,515000.0,0,0.0,0,0.0,0.0,Brighton Bank,,,0.0,0.0,,10913690000.0,10001854500.0,40617710000.0,0.0,0.0
2025,Seattle/Puget Sound,549300Q1YFRSB8UEGH03,1,1595000.0,0,0.0,0,0.0,0.0,Truity Federal Credit Union,,,0.0,0.0,,10913690000.0,10001854500.0,40617710000.0,0.0,0.0
2025,Seattle/Puget Sound,549300QCYEU2QLIWN517,1,375000.0,0,0.0,0,0.0,0.0,LEGEND LENDING CORPORATION,,,0.0,0.0,,10913690000.0,10001854500.0,40617710000.0,0.0,0.0
2025,Seattle/Puget Sound,549300R7HGHP2I754087,1,315000.0,0,0.0,0,0.0,0.0,TOWNE MORTGAGE COMPANY,,,0.0,0.0,,10913690000.0,10001854500.0,40617710000.0,0.0,0.0
2025,Seattle/Puget Sound,549300REENMLD2RN3W58,3,1325000.0,0,0.0,0,0.0,0.0,"Magnolia Bank, Incorporated",,,0.0,0.0,,10913690000.0,10001854500.0,40617710000.0,0.0,0.0
2025,Seattle/Puget Sound,549300RU0T31BIA8UR19,1,1715000.0,0,0.0,0,0.0,0.0,549300RU0T31BIA8UR19,,,0.0,0.0,,10913690000.0,10001854500.0,40617710000.0,0.0,0.0
2025,Seattle/Puget Sound,549300RYBJHWWDENV610,1,485000.0,0,0.0,0,0.0,0.0,549300RYBJHWWDENV610,,,0.0,0.0,,10913690000.0,10001854500.0,40617710000.0,0.0,0.0
2025,Seattle/Puget Sound,549300SQRR7T3EUSDD87,1,775000.0,0,0.0,0,0.0,0.0,"Orchard Mortgage, LLC",,,0.0,0.0,,10913690000.0,10001854500.0,40617710000.0,0.0,0.0
2025,Seattle/Puget Sound,549300T03X096VF60C57,1,1545000.0,0,0.0,0,0.0,0.0,549300T03X096VF60C57,,,0.0,0.0,,10913690000.0,10001854500.0,40617710000.0,0.0,0.0
2025,Seattle/Puget Sound,549300TDBTRK89DZRC13,2,800000.0,0,0.0,0,0.0,0.0,FIBRE,,,0.0,0.0,,10913690000.0,10001854500.0,40617710000.0,0.0,0.0
2025,Seattle/Puget Sound,549300TEBV514KLDE180,3,1085000.0,0,0.0,0,0.0,0.0,PENINSULA COMMUNITY,,,0.0,0.0,,10913690000.0,10001854500.0,40617710000.0,0.0,0.0
2025,Seattle/Puget Sound,549300TK6RZQSFXZHV09,3,1045000.0,0,0.0,0,0.0,0.0,"MICHIGAN MUTUAL, INC.",,,0.0,0.0,,10913690000.0,10001854500.0,40617710000.0,0.0,0.0
2025,Seattle/Puget Sound,549300TMY3OACQC9U777,6,3040000.0,0,0.0,0,0.0,0.0,"Greenbox Loans, Inc.",,,0.0,0.0,,10913690000.0,10001854500.0,40617710000.0,0.0,0.0
2025,Seattle/Puget Sound,549300TUQC6OYE8A0Y96,1,805000.0,0,0.0,0,0.0,0.0,"PACIFIC RESIDENTIAL MORTGAGE, LLC",,,0.0,0.0,,10913690000.0,10001854500.0,40617710000.0,0.0,0.0
2025,Seattle/Puget Sound,549300UBGGLZLZEY0M18,53,16305000.0,0,0.0,1,585000.0,0.0,TWINSTAR,,,0.0,0.0,,10913690000.0,10001854500.0,40617710000.0,0.0,0.0
2025,Seattle/Puget Sound,549300V3N91EH05UWL23,2,1640000.0,0,0.0,1,385000.0,0.0,SKYONE Federal Credit Union,,,0.0,0.0,,10913690000.0,10001854500.0,40617710000.0,0.0,0.0
2025,Seattle/Puget Sound,549300V8CF81JGIV7038,2,890000.0,0,0.0,2,890000.0,0.0,549300V8CF81JGIV7038,,,0.0,0.0,,10913690000.0,10001854500.0,40617710000.0,0.0,0.0
2025,Seattle/Puget Sound,549300VJ7C5JB4W87F48,5,3025000.0,0,0.0,0,0.0,0.0,549300VJ7C5JB4W87F48,,,0.0,0.0,,10913690000.0,10001854500.0,40617710000.0,0.0,0.0
2025,Seattle/Puget Sound,549300VJQJVZKJBDWS17,2,1130000.0,0,0.0,0,0.0,0.0,"TOTAL MORTGAGE SERVICES, LLC",,,0.0,0.0,,10913690000.0,10001854500.0,40617710000.0,0.0,0.0
2025,Seattle/Puget Sound,549300VMX06UV1F7NS76,1,555000.0,0,0.0,0,0.0,0.0,"SUCCESS MORTGAGE PARTNERS, INC.",,,0.0,0.0,,10913690000.0,10001854500.0,40617710000.0,0.0,0.0
2025,Seattle/Puget Sound,549300W1HU6IVVIEJ389,5,2145000.0,0,0.0,1,465000.0,0.0,"RANLIFE, INC.",,,0.0,0.0,,10913690000.0,10001854500.0,40617710000.0,0.0,0.0
2025,Seattle/Puget Sound,549300W4FT4H1UWPGU95,1,125000.0,0,0.0,0,0.0,0.0,GREENSTATE Credit Union,,,0.0,0.0,,10913690000.0,10001854500.0,40617710000.0,0.0,0.0
2025,Seattle/Puget Sound,549300WYC8C6REMY4E38,1,645000.0,0,0.0,0,0.0,0.0,549300WYC8C6REMY4E38,,,0.0,0.0,,10913690000.0,10001854500.0,40617710000.0,0.0,0.0
2025,Seattle/Puget Sound,549300X08QKYUH256I80,2,1130000.0,0,0.0,0,0.0,0.0,"Goldwater Bank, N.A.",,,0.0,0.0,,10913690000.0,10001854500.0,40617710000.0,0.0,0.0
2025,Seattle/Puget Sound,549300XBOKNEE2CQJL92,1,515000.0,0,0.0,0,0.0,0.0,"AUGUSTA FINANCIAL, INC.",,,0.0,0.0,,10913690000.0,10001854500.0,40617710000.0,0.0,0.0
2025,Seattle/Puget Sound,549300XED7IBK9VVQH70,4,1690000.0,0,0.0,0,0.0,0.0,549300XED7IBK9VVQH70,,,0.0,0.0,,10913690000.0,10001854500.0,40617710000.0,0.0,0.0
2025,Seattle/Puget Sound,549300XQ7B5FIVUNFE29,1,695000.0,0,0.0,1,695000.0,0.0,VAN DYK MORTGAGE CORPORATION,,,0.0,0.0,,10913690000.0,10001854500.0,40617710000.0,0.0,0.0
2025,Seattle/Puget Sound,549300XQVJ1XBNFA5536,43,6135000.0,0,0.0,0,0.0,0.0,21ST MORTGAGE CORPORATION,,,0.0,0.0,,10913690000.0,10001854500.0,40617710000.0,0.0,0.0
2025,Seattle/Puget Sound,549300XRF9LCZ3RX3Q39,4,1400000.0,0,0.0,0,0.0,0.0,"Allied First Bank,sb",,,0.0,0.0,,10913690000.0,10001854500.0,40617710000.0,0.0,0.0
2025,Seattle/Puget Sound,549300XRXBA38J60S618,1,725000.0,0,0.0,0,0.0,0.0,JMJ FINANCIAL GROUP,,,0.0,0.0,,10913690000.0,10001854500.0,40617710000.0,0.0,0.0
2025,Seattle/Puget Sound,549300YD7XJM19TH5O82,1,645000.0,0,0.0,0,0.0,0.0,CITIZENS EQUITY FIRST,,,0.0,0.0,,10913690000.0,10001854500.0,40617710000.0,0.0,0.0
2025,Seattle/Puget Sound,549300YEI60WAHWQ3110,71,20045000.0,0,0.0,2,510000.0,0.0,KITSAP Credit Union,,,0.0,0.0,,10913690000.0,10001854500.0,40617710000.0,0.0,0.0
2025,Seattle/Puget Sound,549300YPBBHUEKV1YC68,3,2345000.0,0,0.0,0,0.0,0.0,"CITY FIRST MORTGAGE SERVICES, L.L.C.",,,0.0,0.0,,10913690000.0,10001854500.0,40617710000.0,0.0,0.0
2025,Seattle/Puget Sound,549300YVM8B4UQC5DK40,2,1030000.0,0,0.0,0,0.0,0.0,549300YVM8B4UQC5DK40,,,0.0,0.0,,10913690000.0,10001854500.0,40617710000.0,0.0,0.0
2025,Seattle/Puget Sound,549300ZUF2EI6H23YK94,1,595000.0,0,0.0,0,0.0,0.0,BEEHIVE,,,0.0,0.0,,10913690000.0,10001854500.0,40617710000.0,0.0,0.0
2025,Seattle/Puget Sound,549300ZZME37MXI1EF14,10,5510000.0,0,0.0,2,1500000.0,0.0,"DAS Acquisition Company, LLC",,,0.0,0.0,,10913690000.0,10001854500.0,40617710000.0,0.0,0.0
2025,Seattle/Puget Sound,635400IW1QMK3FNFF894,3,1255000.0,0,0.0,0,0.0,0.0,MERIDIAN BANK,,,0.0,0.0,,10913690000.0,10001854500.0,40617710000.0,0.0,0.0
2025,Seattle/Puget Sound,7DMUJTL9FFTVIAG9H788,1,785000.0,0,0.0,1,785000.0,0.0,Commerce Bank,,,0.0,0.0,,10913690000.0,10001854500.0,40617710000.0,0.0,0.0
2025,Seattle/Puget Sound,875500CPQ9Z7QEFE5G90,2,1490000.0,0,0.0,1,455000.0,0.0,875500CPQ9Z7QEFE5G90,,,0.0,0.0,,10913690000.0,10001854500.0,40617710000.0,0.0,0.0
2025,Seattle/Puget Sound,89450088V2BYQUO61B62,1,1265000.0,0,0.0,0,0.0,0.0,89450088V2BYQUO61B62,,,0.0,0.0,,10913690000.0,10001854500.0,40617710000.0,0.0,0.0
2025,Seattle/Puget Sound,9845006YE04B346EC919,1,585000.0,0,0.0,0,0.0,0.0,9845006YE04B346EC919,,,0.0,0.0,,10913690000.0,10001854500.0,40617710000.0,0.0,0.0
2025,Seattle/Puget Sound,984500CD6F0743B8F530,4,2230000.0,0,0.0,0,0.0,0.0,984500CD6F0743B8F530,,,0.0,0.0,,10913690000.0,10001854500.0,40617710000.0,0.0,0.0
2025,Seattle/Puget Sound,984500F6E6940CCB6A60,1,1365000.0,0,0.0,0,0.0,0.0,984500F6E6940CCB6A60,,,0.0,0.0,,10913690000.0,10001854500.0,40617710000.0,0.0,0.0
2025,Seattle/Puget Sound,984500FAD1FB7FEGTE82,6,3220000.0,0,0.0,1,765000.0,0.0,REAL GENIUS LLC,,,0.0,0.0,,10913690000.0,10001854500.0,40617710000.0,0.0,0.0
2025,Seattle/Puget Sound,COOWI3L2W9TPYR3WJX37,2,2380000.0,0,0.0,0,0.0,0.0,First Horizon Bank,,,0.0,0.0,,10913690000.0,10001854500.0,40617710000.0,0.0,0.0
2025,Seattle/Puget Sound,X05BVSK68TQ7YTOSNR22,3,465000.0,0,0.0,2,360000.0,0.0,Discover Bank,,,0.0,0.0,,10913690000.0,10001854500.0,40617710000.0,0.0,0.0
