region,lei,institution,ticker,candidate_parent,loan_count,regional_amount,core_count,core_amount,scored_count,scored_amount,weighted_amount,period,core_share_of_regional,weighted_score,core_avg_loan,region_core_amount,region_weighted_amount,core_market_share,weighted_market_share
Bay Area,KB1H1DSPRFMYMCUFXT09,"Wells Fargo Bank, National Association",,,11868,16332840000.0,2787,4310155000.0,3201,4685195000.0,3942770000.0,2023-2025,0.26389501152279704,0.24140137293942757,1546521.3491209187,28140055000.0,26168084500.0,0.15316796644498384,0.15067094421832825
Bay Area,B4TYDEB6GKMZO031MB27,"Bank of America, National Association",,,9326,11782060000.0,1863,2766625000.0,2180,3036840000.0,2570780500.0,2023-2025,0.2348167468167706,0.21819448381692166,1485037.5738056898,28140055000.0,26168084500.0,0.09831626128662506,0.09824106537106299
Bay Area,E57ODZWZ7FF32TWEFA76,"Citibank, National Association",,,6350,8517880000.0,1343,2042575000.0,1620,2314180000.0,1862736500.0,2023-2025,0.23979851794108392,0.21868545929268784,1520904.6909903202,28140055000.0,26168084500.0,0.07258603439119078,0.0711835251067001
Bay Area,7H6GLXDRUGQFU57RNE97,"JPMorgan Chase Bank, National Association",,,6749,7665425000.0,1589,1995645000.0,1984,2339680000.0,1723386500.0,2023-2025,0.26034368609698744,0.22482595550801163,1255912.5235997483,28140055000.0,26168084500.0,0.07091830488604234,0.06585833594354222
Bay Area,6BYL5QZYBDK8S7L73M02,U.S. Bank National Association,,,8956,10305760000.0,1451,1849945000.0,1918,2292230000.0,1708560500.0,2023-2025,0.1795059267826924,0.1657869482697055,1274944.865609924,28140055000.0,26168084500.0,0.06574063199236817,0.0652917679167537
Bay Area,1IE8VN30JCEQV1H4R804,"HSBC BANK USA, NATIONAL ASSOCIATION",,,3176,4668460000.0,1029,1669255000.0,1072,1714330000.0,1589074000.0,2023-2025,0.3575600947635837,0.34038505203000563,1622210.8843537415,28140055000.0,26168084500.0,0.05931953580048085,0.06072565227309626
Bay Area,3Y4U8VZURTYWI1W2K376,BMO Bank National Association,,,3440,4665910000.0,698,1154260000.0,812,1265450000.0,1099346500.0,2023-2025,0.24738153972108334,0.2356124528762878,1653667.6217765042,28140055000.0,26168084500.0,0.0410183988624045,0.04201096568608222
Bay Area,549300FGXN1K3HLB1R50,"ROCKET MORTGAGE, LLC",,,13351,9231405000.0,1080,845180000.0,2271,1682765000.0,888390000.0,2023-2025,0.0915548608256273,0.09623562177155048,782574.074074074,28140055000.0,26168084500.0,0.030034767167299425,0.03394937065416462
Bay Area,549300HW662MN1WU8550,"UNITED WHOLESALE MORTGAGE, LLC",,,15872,10947170000.0,959,849115000.0,2163,1655855000.0,877415500.0,2023-2025,0.07756479528499147,0.08014998396845943,885417.1011470282,28140055000.0,26168084500.0,0.030174603425615194,0.03352998573510415
Bay Area,AD6GFRVSDT01YPT1CS68,"PNC Bank, National Association",,,2688,3566510000.0,580,863440000.0,719,990705000.0,792069500.0,2023-2025,0.24209661545880987,0.2220853158970534,1488689.6551724137,28140055000.0,26168084500.0,0.03068366426433779,0.030268531882797916
Bay Area,5493001WRXQTCKCA6205,REDWOOD,,,1762,1409880000.0,686,663040000.0,710,686850000.0,472894500.0,2023-2025,0.47028115868017134,0.335414716146055,966530.612244898,28140055000.0,26168084500.0,0.02356214300220806,0.018071422079059703
Bay Area,549300VZVN841I2ILS84,"CROSSCOUNTRY MORTGAGE, LLC",,,5751,4708885000.0,300,324350000.0,1215,1095905000.0,461340000.0,2023-2025,0.06888042498383375,0.09797223758915327,1081166.6666666667,28140055000.0,26168084500.0,0.011526274557743401,0.01762987275587558
Bay Area,549300GS0W0TEUQS8571,"Morgan Stanley Private Bank, National Association",,,1359,2019625000.0,339,534785000.0,423,621925000.0,456927500.0,2023-2025,0.26479420684533017,0.22624373336634276,1577536.8731563422,28140055000.0,26168084500.0,0.01900440493097828,0.017461251319331378
Bay Area,549300INFJ8TYNZ1G568,"Charles Schwab Bank, SSB",,,1252,1776400000.0,315,501155000.0,388,577320000.0,434195000.0,2023-2025,0.28211832920513397,0.24442411619004728,1590968.253968254,28140055000.0,26168084500.0,0.017809311317977167,0.01659254042839857
Bay Area,L9VVX1KT5TFTKS0MLF66,First-Citizens Bank & Trust Company,,,772,844210000.0,430,426990000.0,453,446615000.0,328261500.0,2023-2025,0.5057864749292238,0.38883867758022295,993000.0,28140055000.0,26168084500.0,0.015173744329924018,0.012544345765927193
Bay Area,549300U3721PJGQZYY68,"GUARANTEED RATE, INC.",,,2760,2302920000.0,388,348490000.0,675,575275000.0,327863000.0,2023-2025,0.15132527399996526,0.14236838448578326,898170.1030927835,28140055000.0,26168084500.0,0.012384126470257432,0.012529117291714647
Bay Area,YWC0TIKBQM2JV8L4IV08,First Republic Bank,,,1098,1162590000.0,317,382435000.0,451,491255000.0,320254000.0,2023-2025,0.3289508769213566,0.27546598542908507,1206419.5583596216,28140055000.0,26168084500.0,0.013590414091230454,0.01223834323830619
Bay Area,549300G4ESSS6M0MEG51,"OriginPoint, LLC",,,1049,1157505000.0,255,303905000.0,323,361335000.0,249986000.0,2023-2025,0.26255178163377263,0.21596969343544953,1191784.3137254901,28140055000.0,26168084500.0,0.010799730135566545,0.009553087464235298
Bay Area,5493009Y8ROUG903AQ21,STANFORD Federal Credit Union,,,681,675875000.0,207,217795000.0,240,243730000.0,201242000.0,2023-2025,0.3222415387460699,0.2977503236545219,1052149.7584541063,28140055000.0,26168084500.0,0.007739679257911899,0.007690360370091284
Bay Area,549300ZJIC4LOLZH0M42,THE GOLDEN 1,,,2076,2271610000.0,175,199255000.0,261,275845000.0,191181000.0,2023-2025,0.08771532085173071,0.08416101355426328,1138600.0,28140055000.0,26168084500.0,0.007080831931565165,0.007305884387525575
Bay Area,254900VELJPWWT51WN03,General Mortgage Capital Corporation,,,1272,995480000.0,290,232820000.0,327,256015000.0,190036500.0,2023-2025,0.2338771246032065,0.19089936513038935,802827.5862068966,28140055000.0,26168084500.0,0.008273615669905407,0.007262147903871222
Bay Area,DRMSV1Q0EKMEXLAU1P80,"Citizens Bank, National Association",,,265,534965000.0,86,242850000.0,101,259365000.0,189258500.0,2023-2025,0.4539549316310413,0.35377734992008825,2823837.2093023257,28140055000.0,26168084500.0,0.008630047098344334,0.007232417030753627
Bay Area,RVDPPPGHCGZ40J4VQ731,"PENNYMAC LOAN SERVICES, LLC",,,2013,1701155000.0,149,168165000.0,349,331165000.0,181136500.0,2023-2025,0.09885342605465111,0.10647853958046151,1128624.1610738256,28140055000.0,26168084500.0,0.005976001113004221,0.006922038944042695
Bay Area,549300KIOYNU323LVJ37,AMERICAN PACIFIC MORTGAGE CORPORATION,,,2247,1553955000.0,156,134390000.0,462,357720000.0,163784000.0,2023-2025,0.08648255580116541,0.1053981614654221,861474.358974359,28140055000.0,26168084500.0,0.004775754702682706,0.0062589220086017375
Bay Area,549300JOD3S8ZGZLHP53,"GOOGAIN, INC.",,,1017,835375000.0,184,161620000.0,209,178555000.0,152683500.0,2023-2025,0.19346999850366603,0.18277240760137664,878369.5652173914,28140055000.0,26168084500.0,0.005743414502921192,0.005834722063817854
Bay Area,593C3GZG957YOJPS2Z63,City National Bank,,,441,686655000.0,88,154570000.0,99,171735000.0,143776500.0,2023-2025,0.22510576636010807,0.2093868099700723,1756477.2727272727,28140055000.0,26168084500.0,0.005492881943549861,0.0054943456025602485
Bay Area,5493004F7BXDIUFVPV87,STAR ONE Credit Union,,,1322,1351400000.0,126,143250000.0,164,178800000.0,138969000.0,2023-2025,0.10600118395737754,0.10283335799911203,1136904.761904762,28140055000.0,26168084500.0,0.0050906083872259665,0.005310629442518041
Bay Area,549300O6Z0I6KYMESL47,AMWEST FUNDING CORP.,,,1373,1026455000.0,206,170490000.0,260,201810000.0,134274500.0,2023-2025,0.16609593211587453,0.1308138203817995,827621.3592233009,28140055000.0,26168084500.0,0.006058623552796894,0.00513123151983096
Bay Area,54930001NSTOD85LT125,"GUARANTEED RATE AFFINITY, LLC",,,1194,1036550000.0,126,133860000.0,190,181510000.0,122655500.0,2023-2025,0.1291399353625006,0.11833051951184217,1062380.9523809524,28140055000.0,26168084500.0,0.004756920340063301,0.004687217362050325
Bay Area,549300GKFNPRWNS0GF29,"CMG MORTGAGE, INC.",,,2202,1627960000.0,63,57725000.0,383,312205000.0,116191000.0,2023-2025,0.0354584879235362,0.07137214673579204,916269.8412698413,28140055000.0,26168084500.0,0.0020513463815191547,0.004440179792296222
Bay Area,5493004AS1SPBQOFDR49,"Commerce Home Mortgage, Inc.",,,1434,1119270000.0,112,117500000.0,226,201250000.0,114288500.0,2023-2025,0.10497913818828343,0.102109857317716,1049107.142857143,28140055000.0,26168084500.0,0.0041755426561888385,0.004367476725321642
Bay Area,549300E2UX99HKDBR481,"NEW AMERICAN FUNDING, LLC",,,1939,1406075000.0,115,108535000.0,269,206745000.0,111834500.0,2023-2025,0.07719005031737283,0.07953665345020713,943782.6086956522,28140055000.0,26168084500.0,0.003856957635654941,0.004273698367184652
Bay Area,549300AG64NHILB7ZP05,"LOANDEPOT.COM, LLC",,,2793,1929765000.0,111,101475000.0,248,192090000.0,101446500.0,2023-2025,0.05258412293724884,0.052569354299616795,914189.1891891892,28140055000.0,26168084500.0,0.003606069710951169,0.0038767262464319847
Bay Area,254900HA4DQWAE0W3342,"AMERIHOME MORTGAGE COMPANY, LLC",,,348,368750000.0,93,108165000.0,119,130865000.0,92461500.0,2023-2025,0.29332881355932205,0.2507430508474576,1163064.5161290322,28140055000.0,26168084500.0,0.003843809118354602,0.003533369054964646
Bay Area,254900P2JMSUZCYLE858,Provident Credit Union,,,750,754420000.0,85,93965000.0,123,122655000.0,90677000.0,2023-2025,0.12455263646244798,0.12019432146549668,1105470.5882352942,28140055000.0,26168084500.0,0.003339190346287525,0.003465175297794533
Bay Area,5493001GAASLCSP1PB64,"NATIONAL COOPERATIVE BANK, N.A.",,,224,140370000.0,186,126900000.0,191,128495000.0,89132500.0,2023-2025,0.9040393246420175,0.63498254612809,682258.0645161291,28140055000.0,26168084500.0,0.004509586068683945,0.0034061530181928295
Bay Area,SS1TRMSN6BRNMOREEV51,"Flagstar Bank, N.A.",,,736,592550000.0,87,91045000.0,138,126120000.0,83795500.0,2023-2025,0.15364948105645093,0.14141507045818918,1046494.2528735632,28140055000.0,26168084500.0,0.003235423669214577,0.0032022022857653184
Bay Area,F28JOQ8OBWCFUYM0UX93,East West Bank,EWBC,East West Bancorp,617,485795000.0,109,91855000.0,162,121130000.0,83788000.0,2023-2025,0.1890818143455573,0.17247604442202988,842706.4220183486,28140055000.0,26168084500.0,0.0032642082611423467,0.003201915677091306
Bay Area,549300OPB0G5OMY0SM65,NEW WAVE LENDING GROUP INC,,,660,533380000.0,90,86770000.0,119,105925000.0,77190000.0,2023-2025,0.16267951554239005,0.14471858712362667,964111.1111111111,28140055000.0,26168084500.0,0.0030835049895957915,0.0029497764729397753
Bay Area,549300EM6UG8HE3P8U74,Patelco Credit Union,,,1167,1115955000.0,80,76360000.0,152,128920000.0,76554000.0,2023-2025,0.06842569816883297,0.06859954030404451,954500.0,28140055000.0,26168084500.0,0.0027135696785240823,0.0029254720573834896
Bay Area,549300IPUHFA5O769M51,"Vellum Mortgage, Inc.",,,839,583785000.0,32,25240000.0,276,205220000.0,66126500.0,2023-2025,0.04323509511207037,0.11327200938701748,788750.0,28140055000.0,26168084500.0,0.0008969420990826067,0.0025269904642810214
Bay Area,549300K5R2UQGSNVT989,SAN FRANCISCO FEDERAL CREDIT UNION,,,243,244495000.0,79,82525000.0,101,98515000.0,64850000.0,2023-2025,0.33753246487658234,0.2652405979672386,1044620.2531645569,28140055000.0,26168084500.0,0.002932652405974331,0.002478209667964042
Bay Area,8WH0EE09O9V05QJZ3V89,"Zions Bancorporation, N.A.",,,374,376300000.0,34,58780000.0,76,91130000.0,61183500.0,2023-2025,0.1562051554610683,0.1625923465320223,1728823.5294117648,28140055000.0,26168084500.0,0.002088837424091744,0.0023380962408616496
Bay Area,549300FNXYY540N23N64,NEWREZ LLC,,,1248,808020000.0,61,53975000.0,141,115145000.0,57955000.0,2023-2025,0.06679908913145714,0.07172470978441128,884836.0655737704,28140055000.0,26168084500.0,0.0019180843818535536,0.0022147207603216046
Bay Area,549300UB5TJ0YPVPT503,MASON MCDUFFIE MORTGAGE CORPORATION,,,598,420860000.0,62,65580000.0,97,91785000.0,57265500.0,2023-2025,0.15582378938364302,0.13606781352468755,1057741.935483871,28140055000.0,26168084500.0,0.002330485850152034,0.002188371869557361
Bay Area,549300GWD9H4FQ2VR805,UBS Bank USA,,,160,288730000.0,28,70030000.0,38,78190000.0,54585000.0,2023-2025,0.2425449381775361,0.18905205555363142,2501071.4285714286,28140055000.0,26168084500.0,0.002488623423088548,0.002085937929465185
Bay Area,IUGPUX5LWRZ3B6KIZ697,Ameris Bank,,,546,332700000.0,91,62465000.0,132,88410000.0,54388500.0,2023-2025,0.1877517282837391,0.1634761045987376,686428.5714285715,28140055000.0,26168084500.0,0.0022197895490964747,0.0020784287822060497
Bay Area,549300UI36AJZ0WZ4U93,"Taylor Morrison Home Funding, Inc.",,,343,246575000.0,51,54025000.0,51,54025000.0,54025000.0,2023-2025,0.2191016931967961,0.2191016931967961,1059313.7254901961,28140055000.0,26168084500.0,0.0019198612085157617,0.0020645378151388956
Bay Area,549300DCGBXW5FJMV921,"NMSI, INC.",,,768,558500000.0,78,61960000.0,112,84360000.0,53086000.0,2023-2025,0.11094001790510295,0.09505102954341987,794358.9743589744,28140055000.0,26168084500.0,0.002201843599808174,0.0020286544091524927
Bay Area,549300NWBS6MQJX15N44,NexBank,,,429,414055000.0,50,54020000.0,75,74705000.0,50691000.0,2023-2025,0.13046575937979255,0.12242576469309632,1080400.0,28140055000.0,26168084500.0,0.0019196835258495407,0.0019371307059177373
Bay Area,254900DTLHVWQ7NP7R34,"THE LOAN STORE, INC.",,,977,632995000.0,53,48375000.0,128,97090000.0,49902000.0,2023-2025,0.0764224046003523,0.07883474593006264,912735.8490566037,28140055000.0,26168084500.0,0.0017190797956862557,0.0019069794734115904
Bay Area,5493006F1N8E3EEF3W63,Fremont Bank,,,690,453420000.0,58,49760000.0,106,79900000.0,46159000.0,2023-2025,0.10974372546424949,0.10180186140884831,857931.0344827586,28140055000.0,26168084500.0,0.0017682978942294178,0.001763942637834267
Bay Area,254900E6AIE4Z8YQM970,Citadel Servicing Corporation,,,359,333435000.0,42,51590000.0,68,66350000.0,45891500.0,2023-2025,0.15472280954308937,0.13763252208076537,1228333.3333333333,28140055000.0,26168084500.0,0.0018333297500662312,0.0017537202617944772
Bay Area,549300EKFFG3BU8DNX74,NEXERA HOLDING LLC,,,316,333830000.0,33,48765000.0,63,68895000.0,45105000.0,2023-2025,0.1460773447563131,0.13511368061588233,1477727.2727272727,28140055000.0,26168084500.0,0.0017329390436514782,0.0017236645655130012
Bay Area,KD3XUN7C6T14HNAYLU02,Goldman Sachs Bank USA,,,103,272605000.0,28,51540000.0,35,67735000.0,43572500.0,2023-2025,0.18906476403587608,0.1598374938097247,1840714.2857142857,28140055000.0,26168084500.0,0.0018315529234040231,0.0016651008597897182
Bay Area,549300XWUSRVVOHPRY47,"EVERETT FINANCIAL, INC.",,,1262,776800000.0,46,35740000.0,157,98025000.0,42791500.0,2023-2025,0.046009268795056645,0.055086894953656027,776956.5217391305,28140055000.0,26168084500.0,0.00127007569814629,0.0016352553432025182
Bay Area,549300QNPOF1WCRKLZ94,San Mateo Credit Union,,,276,222560000.0,52,46990000.0,64,57190000.0,41497000.0,2023-2025,0.21113407620416966,0.18645309130122215,903653.8461538461,28140055000.0,26168084500.0,0.0016698616971430938,0.0015857866860679085
Bay Area,5493007VGBHF6SRXRR53,TECHNOLOGY CREDIT UNION,,,219,215295000.0,40,41960000.0,45,45325000.0,39487000.0,2023-2025,0.19489537611184654,0.18340881116607446,1049000.0,28140055000.0,26168084500.0,0.0014911129349249673,0.001508975561432477
Bay Area,549300TF1E42EUFBSL45,Mechanics Bank,,,264,316330000.0,32,41800000.0,57,61275000.0,38948500.0,2023-2025,0.1321404862011191,0.12312616571302121,1306250.0,28140055000.0,26168084500.0,0.0014854270896059016,0.0014883970586383577
Bay Area,5493004WMLN60ZJ2ON46,PULTE MORTGAGE LLC,,,501,428075000.0,41,38375000.0,41,38375000.0,38375000.0,2023-2025,0.08964550604450154,0.08964550604450154,935975.6097560975,28140055000.0,26168084500.0,0.0013637144632446525,0.0014664810486988453
Bay Area,549300CB67L6KPJLHE19,"TRIAD FINANCIAL SERVICES, INC.",,,848,184200000.0,150,38400000.0,150,38400000.0,38032500.0,2023-2025,0.20846905537459284,0.20647394136807817,256000.0,28140055000.0,26168084500.0,0.0013646028765757566,0.0014533925859189273
Bay Area,549300Q02LGIN9AXKP98,FIRST TECHNOLOGY FEDERAL CREDIT UNION,,,313,328395000.0,38,37990000.0,40,39820000.0,36492500.0,2023-2025,0.11568385633155194,0.11112379908342088,999736.8421052631,28140055000.0,26168084500.0,0.0013500328979456507,0.0013945422715216317
Bay Area,5493003GQDUH26DNNH17,NAVY FEDERAL CREDIT UNION,,,426,312050000.0,39,37985000.0,66,57830000.0,34939500.0,2023-2025,0.12172728729370293,0.1119676333920846,973974.358974359,28140055000.0,26168084500.0,0.00134985521527943,0.001335195168756047
Bay Area,2549009X2AG1P20YAJ63,Axos Bank,,,105,235515000.0,14,36060000.0,19,41615000.0,34836500.0,2023-2025,0.1531112667982931,0.14791626860284907,2575714.285714286,28140055000.0,26168084500.0,0.0012814473887844213,0.0013312590762996047
Bay Area,54930052M48FOD3CWA54,"PRIMARY RESIDENTIAL MORTGAGE, INC.",,,335,208835000.0,41,38695000.0,82,62750000.0,34515500.0,2023-2025,0.18528982210836306,0.16527641439413893,943780.487804878,28140055000.0,26168084500.0,0.0013750861538827839,0.0013189922250518567
Bay Area,549300W0YBCUV18HSR42,Tri Counties Bank,,,138,149190000.0,30,38900000.0,31,40015000.0,32801000.0,2023-2025,0.26074133655070714,0.21986058046785978,1296666.6666666667,28140055000.0,26168084500.0,0.0013823711431978367,0.0012534734821725297
Bay Area,549300AQ3T62GXDU7D76,GUILD MORTGAGE COMPANY LLC,,,1349,789885000.0,48,32750000.0,106,68040000.0,32347000.0,2023-2025,0.0414617317710806,0.04095153091905784,682291.6666666666,28140055000.0,26168084500.0,0.0011638214637462506,0.001236124103772288
Bay Area,549300PL8ER6H23P0Z91,BAY EQUITY LLC,,,389,288985000.0,30,28630000.0,75,59665000.0,32229000.0,2023-2025,0.099070886032147,0.1115248196273163,954333.3333333334,28140055000.0,26168084500.0,0.00101741094678031,0.0012316147939678199
Bay Area,549300MZ8VZJOVC63092,"KIND LENDING, LLC",,,877,574345000.0,30,27730000.0,88,66080000.0,32121000.0,2023-2025,0.048281085410336995,0.05592631606438639,924333.3333333334,28140055000.0,26168084500.0,0.000985428066860566,0.0012274876290620355
Bay Area,C398JSK21YCXWM603F55,"Barrington Bank & Trust Company, National Association",,,231,195245000.0,33,35565000.0,42,40730000.0,32076000.0,2023-2025,0.18215575302824658,0.16428589720607442,1077727.2727272727,28140055000.0,26168084500.0,0.001263856804828562,0.0012257679770179587
Bay Area,549300A5HHOL2ED18C72,AMERITRUST MORTGAGE CORPORATION,,,371,292375000.0,39,34965000.0,82,60090000.0,31859500.0,2023-2025,0.11958956819153485,0.10896793501496366,896538.4615384615,28140055000.0,26168084500.0,0.0012425348848820658,0.0012174945399614557
Bay Area,5493005PKOSG7MYX0B34,"Prosperity Home Mortgage, LLC",,,280,230890000.0,34,33700000.0,37,35655000.0,31784000.0,2023-2025,0.1459569491965871,0.13765862531941617,991176.4705882353,28140055000.0,26168084500.0,0.001197581170328203,0.0012146093459763935
Bay Area,549300MGPZBLQDIL7538,FAIRWAY INDEPENDENT MORTGAGE CORPORATION,,,586,376530000.0,27,22225000.0,104,69060000.0,30963000.0,2023-2025,0.05902584123443019,0.08223249143494542,823148.1481481482,28140055000.0,26168084500.0,0.0007897994513514632,0.0011832352497944585
Bay Area,2549004FXPNKCLIN8250,"Synergy One Lending, Inc.",,,350,292360000.0,25,33195000.0,43,46745000.0,30955500.0,2023-2025,0.1135415241483103,0.10588144753044192,1327800.0,28140055000.0,26168084500.0,0.001179635221039902,0.0011829486411204459
Bay Area,549300GAX7IKJUKCJE72,TRAVIS CREDIT UNION,,,411,282605000.0,29,37985000.0,44,48930000.0,30571000.0,2023-2025,0.1344102192105589,0.10817572229790698,1309827.5862068965,28140055000.0,26168084500.0,0.00134985521527943,0.001168255169766056
Bay Area,CKVBED0S4DMLKJJ5XH28,Stifel Bank and Trust,,,109,149325000.0,22,36090000.0,36,51370000.0,30101000.0,2023-2025,0.24168759417378202,0.20158044533735142,1640454.5454545454,28140055000.0,26168084500.0,0.001282513484781746,0.0011502943595279203
Bay Area,549300SKHHL7A2K8YV94,"MERIWEST MORTGAGE COMPANY, LLC",,,93,77025000.0,50,39680000.0,55,41895000.0,29271500.0,2023-2025,0.5151574164232392,0.3800259655955858,793600.0,28140055000.0,26168084500.0,0.0014100896391282818,0.0011185954401821043
Bay Area,549300IKS3MMB5YK6T18,KINECTA,,,97,161865000.0,17,29875000.0,22,38500000.0,29003000.0,2023-2025,0.1845673864022488,0.1791801810150434,1757352.9411764706,28140055000.0,26168084500.0,0.0010616539306692898,0.001108334849652446
Bay Area,549300323EON4W3CCM44,"RESICENTRAL, LLC",,,451,305905000.0,37,29685000.0,63,47055000.0,28518500.0,2023-2025,0.09703993069743874,0.09322665533417238,802297.2972972973,28140055000.0,26168084500.0,0.0010549019893528993,0.0010898199293112188
Bay Area,549300LBCBNR1OT00651,NATIONSTAR MORTGAGE LLC,,,573,300655000.0,46,30150000.0,71,42255000.0,26511500.0,2023-2025,0.10028105303420864,0.08817914220618317,655434.7826086957,28140055000.0,26168084500.0,0.0010714264773114338,0.0010131234481453924
Bay Area,54930043BMDE130FJ617,"PROVIDENT FUNDING ASSOCIATES, L.P.",,,647,360405000.0,46,26320000.0,80,44260000.0,26226000.0,2023-2025,0.07302895353838043,0.07276813584717193,572173.9130434783,28140055000.0,26168084500.0,0.0009353215549862998,0.0010022132112879718
Bay Area,2549001SI0EMFPT39035,"Cornerstone First Mortgage, Inc",,,254,244690000.0,19,24685000.0,51,55295000.0,26022000.0,2023-2025,0.10088274960153663,0.1063468061629,1299210.5263157894,28140055000.0,26168084500.0,0.0008772193231320976,0.0009944174553548236
Bay Area,254900ZFWS2106HWPH46,"Paramount Residential Mortgage Group, Inc.",,,800,522840000.0,20,19040000.0,72,53760000.0,25704000.0,2023-2025,0.0364164945298753,0.04916226761533165,952000.0,28140055000.0,26168084500.0,0.0006766155929688126,0.0009822652475766807
Bay Area,549300J7I82PNDVU8H22,"OCMBC, INC.",,,639,386735000.0,26,22240000.0,79,48855000.0,24857500.0,2023-2025,0.05750707849043919,0.06427527893777393,855384.6153846154,28140055000.0,26168084500.0,0.0007903324993501256,0.0009499166819031022
Bay Area,549300LYRWPSYPK6S325,FREEDOM MORTGAGE CORPORATION,,,584,353520000.0,29,25175000.0,56,42250000.0,24475000.0,2023-2025,0.07121237836614619,0.06923229237384024,868103.448275862,28140055000.0,26168084500.0,0.0008946322244217362,0.0009352996395284492
Bay Area,549300XY701IELCE5Q08,BETTER MORTGAGE CORPORATION,,,318,228710000.0,35,26865000.0,57,42195000.0,24259500.0,2023-2025,0.11746316295745704,0.10607100695203533,767571.4285714285,28140055000.0,26168084500.0,0.0009546889656043672,0.0009270644169618147
Bay Area,549300R8VPSFM828B312,TEACHERS FEDERAL CREDIT UNION,,,109,142735000.0,15,25025000.0,17,27265000.0,22716500.0,2023-2025,0.17532490279188706,0.15915157459627982,1668333.3333333333,28140055000.0,26168084500.0,0.0008893017444351122,0.0008680994590949139
Bay Area,549300DD4R4SYK5RAQ92,"MOVEMENT MORTGAGE, LLC",,,259,219375000.0,15,20825000.0,33,36435000.0,22522500.0,2023-2025,0.09492877492877493,0.10266666666666667,1388333.3333333333,28140055000.0,26168084500.0,0.0007400483048096388,0.0008606858480604494
Bay Area,FT6J43S06X6CLJ0R0B48,Cathay Bank,,,123,111265000.0,26,25740000.0,28,26560000.0,22216500.0,2023-2025,0.23133959466139398,0.19967195434323462,990000.0,28140055000.0,26168084500.0,0.0009147103657046868,0.0008489922141607269
Bay Area,54930054ET8KM4O1D485,"SOFI BANK, NATIONAL ASSOCIATION",,,168,128360000.0,27,25115000.0,42,37500000.0,22093500.0,2023-2025,0.195660641944531,0.17212137737612965,930185.1851851852,28140055000.0,26168084500.0,0.0008925000324270866,0.000844291831906917
Bay Area,254900TTZ395IC926125,"Sierra Pacific Mortgage Company, Inc.",,,608,341080000.0,32,20530000.0,68,40740000.0,21475500.0,2023-2025,0.06019115749970681,0.06296323443180485,641562.5,28140055000.0,26168084500.0,0.0007295650275026115,0.000820675277168262
Bay Area,5493000ZB0IHPJ66BJ32,Luther Burbank Savings,,,57,77995000.0,16,23530000.0,19,26995000.0,20540000.0,2023-2025,0.3016860055131739,0.26335021475735626,1470625.0,28140055000.0,26168084500.0,0.0008361746272350925,0.0007849256218963982
Bay Area,5493000349C5XXDRQX28,STG MORTGAGE INC,,,384,302720000.0,17,18365000.0,43,39695000.0,19602500.0,2023-2025,0.060666622621564484,0.06475455866807611,1080294.1176470588,28140055000.0,26168084500.0,0.0006526284330290044,0.0007490995376447979
Bay Area,549300LROQOOQU77WS20,LENOX FINANCIAL MORTGAGE CORPORATION,,,173,123235000.0,28,19620000.0,46,33580000.0,19003000.0,2023-2025,0.159208017202905,0.15420132267618777,700714.2857142857,28140055000.0,26168084500.0,0.0006972267822504256,0.0007261899509687077
Bay Area,213800XR2TCBQJSF1X93,NBKC BANK,,,192,132500000.0,26,20870000.0,46,34590000.0,18898500.0,2023-2025,0.15750943396226416,0.1426301886792453,802692.3076923077,28140055000.0,26168084500.0,0.000741647448805626,0.0007221965367774627
Bay Area,549300121SF0K2LN2804,"PRIMELENDING, A PLAINSCAPITAL COMPANY",,,206,169960000.0,18,16740000.0,38,34560000.0,18788000.0,2023-2025,0.09849376323840904,0.11054365733113673,930000.0,28140055000.0,26168084500.0,0.0005948815665072439,0.0007179738356470073
Bay Area,5493009BD405QQTMXO12,TOLL BROTHERS MORTGAGE COMPANY,,,86,59820000.0,25,18515000.0,25,18515000.0,18515000.0,2023-2025,0.3095118689401538,0.3095118689401538,740600.0,28140055000.0,26168084500.0,0.0006579589130156284,0.0007075412799129412
Bay Area,254900IEGKUDRDS23V26,"AAA CAPITAL INVESTMENT, INC.",,,145,121645000.0,20,20760000.0,27,25795000.0,18456000.0,2023-2025,0.17066052858728267,0.15172016934522586,1038000.0,28140055000.0,26168084500.0,0.0007377384301487683,0.0007052866250107072
Bay Area,2549005SIVTHG14U2905,A&D Mortgage LLC,,,273,178685000.0,22,17970000.0,50,31870000.0,16530500.0,2023-2025,0.1005680387273694,0.09251196239191874,816818.1818181818,28140055000.0,26168084500.0,0.000638591502397561,0.0006317046247691535
Bay Area,549300SK2GVCQXPD4S58,"SUN WEST MORTGAGE COMPANY, INC.",,,313,186925000.0,24,15610000.0,40,23970000.0,16491500.0,2023-2025,0.08350942891534038,0.08822522402032901,650416.6666666666,28140055000.0,26168084500.0,0.0005547252839413427,0.0006302142596642869
Bay Area,549300370QILXLFUWD20,"ZILLOW HOME LOANS, LLC",,,229,146635000.0,22,16780000.0,46,29910000.0,16343500.0,2023-2025,0.11443379820643093,0.11145701912913016,762727.2727272727,28140055000.0,26168084500.0,0.0005963030278370102,0.0006245585151637675
Bay Area,984500U2F9A83N391A91,"CHAMPIONS FUNDING, LLC",,,195,152185000.0,17,15395000.0,29,27095000.0,15926000.0,2023-2025,0.10115977264513586,0.10464894700528961,905588.2352941176,28140055000.0,26168084500.0,0.0005470849292938482,0.0006086039656437214
Bay Area,549300R77W0P105C3S50,HOMEXPRESS MORTGAGE CORP.,,,229,194245000.0,13,12795000.0,55,39325000.0,15076000.0,2023-2025,0.06587042137506757,0.07761332338026719,984230.7692307692,28140055000.0,26168084500.0,0.0004546899428590314,0.0005761216492556037
Bay Area,549300A4ZI1DF2OO1B51,MERIWEST,,,84,67280000.0,25,19155000.0,26,19690000.0,15024000.0,2023-2025,0.28470570749108204,0.22330558858501784,766200.0,28140055000.0,26168084500.0,0.000680702294291891,0.0005741344957824483
Bay Area,549300NLJI4QKZ3D0G94,"5TH STREET CAPITAL, INC.",,,64,63760000.0,17,18175000.0,24,23000000.0,14903500.0,2023-2025,0.2850533249686324,0.23374372647427855,1069117.6470588236,28140055000.0,26168084500.0,0.000645876491712614,0.0005695296497533092
Bay Area,549300KTR1JGH3K6LU06,Bethpage Federal Credit Union,,,90,86720000.0,16,16750000.0,27,24415000.0,14736500.0,2023-2025,0.19315036900369004,0.16993196494464943,1046875.0,28140055000.0,26168084500.0,0.0005952369318396855,0.0005631478299452908
Bay Area,549300H3IZO24NSOO931,"LENNAR MORTGAGE, LLC",,,796,588180000.0,40,20960000.0,40,20960000.0,14672000.0,2023-2025,0.03563534972287395,0.024944744806011766,524000.0,28140055000.0,26168084500.0,0.0007448457367976004,0.0005606829953487807
Bay Area,549300VVH8HHFMWL8536,CHEVRON Federal Credit Union,,,247,225045000.0,13,14565000.0,34,33600000.0,14226000.0,2023-2025,0.06472038925548224,0.06321402386189429,1120384.6153846155,28140055000.0,26168084500.0,0.0005175896067011952,0.0005436393328674859
Bay Area,549300T94GSH3C4U5M59,ALLIANT CREDIT UNION,,,184,178340000.0,11,12725000.0,32,27940000.0,14047500.0,2023-2025,0.07135247280475496,0.07876808343613323,1156818.1818181819,28140055000.0,26168084500.0,0.00045220238553194016,0.0005368180464259812
Bay Area,5493001WHVQBGRSWEU75,"HOMEBRIDGE FINANCIAL SERVICES, INC.",,,229,145615000.0,13,14675000.0,30,22380000.0,14034500.0,2023-2025,0.10077945266627751,0.09638086735569824,1128846.1538461538,28140055000.0,26168084500.0,0.0005214986253580528,0.0005363212580576924
Bay Area,549300J6N77Q8OHYNF23,"ENVOY MORTGAGE, LTD",,,336,210070000.0,12,9580000.0,54,34500000.0,13987000.0,2023-2025,0.04560384633693531,0.0665825677155234,798333.3333333334,28140055000.0,26168084500.0,0.00034043998847905593,0.0005345060697889446
Bay Area,549300DD5QQUHO6PCH70,"Mortgage Research Center, LLC",,,566,373620000.0,14,10660000.0,38,28770000.0,13949000.0,2023-2025,0.028531663187195546,0.03733472512178149,761428.5714285715,28140055000.0,26168084500.0,0.0003788194443827491,0.0005330539191739464
Bay Area,2549002VH9C0PKB8K153,Logan Finance Corporation,,,84,111330000.0,11,15525000.0,20,24590000.0,13659500.0,2023-2025,0.13945028294260306,0.12269379322734214,1411363.6363636365,28140055000.0,26168084500.0,0.000551704678615589,0.0005219908243570522
Bay Area,549300KX6E1IE2LM5E30,"FLYHOMES MORTGAGE, LLC",,,42,58520000.0,7,13505000.0,8,14410000.0,13508000.0,2023-2025,0.2307758031442242,0.23082706766917294,1929285.7142857143,28140055000.0,26168084500.0,0.0004799208814623852,0.0005162013291419936
Bay Area,5493009B17HXCVXTD608,"JMAC LENDING, INC.",,,256,215050000.0,13,16295000.0,23,21745000.0,13428000.0,2023-2025,0.0757730760288305,0.062441292722622645,1253461.5384615385,28140055000.0,26168084500.0,0.0005790678092135925,0.0005131441699525236
Bay Area,549300Y5Y88FQLI7VE83,DEEPHAVEN MORTGAGE LLC,,,107,117525000.0,12,14030000.0,22,19100000.0,13266000.0,2023-2025,0.11937885556264624,0.11287811104020422,1169166.6666666667,28140055000.0,26168084500.0,0.0004985775614155694,0.000506953422593847
Bay Area,54930048P8RWCQHQM310,ARC HOME LLC,,,117,136735000.0,14,15010000.0,20,20820000.0,13165500.0,2023-2025,0.10977438110213186,0.09628478443704977,1072142.857142857,28140055000.0,26168084500.0,0.0005334033639948465,0.0005031128663620755
Bay Area,4EP6JBYBTPTQ47LZOB67,"BNY Mellon, National Association",,,31,49685000.0,9,15955000.0,12,18360000.0,13116500.0,2023-2025,0.3211230753748616,0.2639931568883969,1772777.7777777778,28140055000.0,26168084500.0,0.000566985387910578,0.0005012403563585252
Bay Area,549300R4F5COFJE0DN81,"ONY GLO, INC.",,,108,98510000.0,14,12170000.0,19,15875000.0,12407000.0,2023-2025,0.12354075728352451,0.1259466044056441,869285.7142857143,28140055000.0,26168084500.0,0.00043247960958143117,0.000474127175796914
Bay Area,549300XQVJ1XBNFA5536,21ST MORTGAGE CORPORATION,,,416,81990000.0,54,12430000.0,54,12430000.0,12348000.0,2023-2025,0.15160385412855226,0.15060373216245884,230185.1851851852,28140055000.0,26168084500.0,0.00044171910822491284,0.00047187252089467995
Bay Area,549300PRAPL43XPYR044,"EMET LENDING GROUP, INC.",,,149,112825000.0,18,14190000.0,29,19205000.0,12251500.0,2023-2025,0.12576999778417905,0.10858852204741856,788333.3333333334,28140055000.0,26168084500.0,0.000504263406734635,0.00046818482262238185
Bay Area,ZXMJHJK466PBZTM5F379,Raymond James Bank,,,41,60995000.0,11,15485000.0,13,17015000.0,12029000.0,2023-2025,0.2538732683006804,0.19721288630215592,1407727.2727272727,28140055000.0,26168084500.0,0.0005502832172858226,0.0004596820986266687
Bay Area,QOT5WN9RBKQTFRVKEV31,Bank of the West,,,34,37100000.0,9,12085000.0,10,12680000.0,11506500.0,2023-2025,0.3257412398921833,0.31014824797843665,1342777.7777777778,28140055000.0,26168084500.0,0.00042945900425567755,0.0004397150276704434
Bay Area,5493003B20KZ3DEZGB43,Royal Business Bank,,,40,46190000.0,10,12420000.0,10,12420000.0,11329500.0,2023-2025,0.2688893699935051,0.24528036371508985,1242000.0,28140055000.0,26168084500.0,0.00044136374289247124,0.0004329510629637412
Bay Area,549300DT7WZ1SOTNFJ62,First Bank,,,133,103475000.0,13,12165000.0,17,15175000.0,11293000.0,2023-2025,0.11756462913747281,0.10913747281952163,935769.2307692308,28140055000.0,26168084500.0,0.00043230192691521034,0.00043155623408354556
Bay Area,549300CXZHD5OTAISA91,MK LENDING CORP.,,,94,59670000.0,17,12985000.0,21,15125000.0,10352500.0,2023-2025,0.21761354114295292,0.17349589408412938,763823.5294117647,28140055000.0,26168084500.0,0.00046144188417542183,0.00039561550636233996
Bay Area,5493000EUC3MM52PJV85,CAKE MORTGAGE CORP.,,,60,68730000.0,8,11630000.0,13,15465000.0,10323000.0,2023-2025,0.16921286192346865,0.1501964207769533,1453750.0,28140055000.0,26168084500.0,0.0004132898816295846,0.00039448817891122294
Bay Area,549300SBA6BX8HZZF585,"FIDELITY LENDING SOLUTIONS, INC.",,,90,79690000.0,20,13740000.0,23,15925000.0,10090500.0,2023-2025,0.17241812021583636,0.12662190990086586,687000.0,28140055000.0,26168084500.0,0.00048827196677476287,0.00038560331001682605
Bay Area,549300HRLROF7PLJ6735,CLEAREDGE LENDING LLC,,,121,144035000.0,9,12375000.0,14,16200000.0,9735000.0,2023-2025,0.0859166174888048,0.06758773909119312,1375000.0,28140055000.0,26168084500.0,0.00043976459889648404,0.00037201805886861913
Bay Area,5493008NWHQT1R22C024,"AMERICAN FINANCIAL NETWORK, INC.",,,217,158895000.0,6,8220000.0,30,24350000.0,9617000.0,2023-2025,0.05173227603134145,0.06052424557097454,1370000.0,28140055000.0,26168084500.0,0.0002921103032669979,0.00036750874906415104
Bay Area,549300A68YW07V5R5G22,FUNDLOANS CAPITAL,,,39,57925000.0,7,10545000.0,10,14280000.0,9604500.0,2023-2025,0.1820457488131204,0.1658092360811394,1506428.5714285714,28140055000.0,26168084500.0,0.0003747327430596706,0.00036703106794079636
Bay Area,549300QIUZLVR1OLDH55,Genisys Credit Union,,,18,29810000.0,7,12495000.0,9,14985000.0,9493500.0,2023-2025,0.41915464609191544,0.3184669573968467,1785000.0,28140055000.0,26168084500.0,0.00044402898288578325,0.00036278925956540685
Bay Area,2549004Z576VEJBK3N72,"NP, INC.",,,79,68945000.0,6,11980000.0,10,13710000.0,9448000.0,2023-2025,0.17376169410399595,0.13703676843861048,1996666.6666666667,28140055000.0,26168084500.0,0.00042572766826504073,0.00036105050027639585
Bay Area,5493000OM9RKJW8W5K82,ALAMEDA MORTGAGE CORPORATION,,,465,280885000.0,8,5940000.0,44,27360000.0,9274500.0,2023-2025,0.021147444683767377,0.033018851131245884,742500.0,28140055000.0,26168084500.0,0.00021108700747031234,0.000354420286284233
Bay Area,549300KSOOZZVXCMA627,ANGEL OAK MORTGAGE SOLUTIONS LLC,,,97,97375000.0,11,10615000.0,18,13320000.0,9263500.0,2023-2025,0.10901155327342747,0.09513222079589218,965000.0,28140055000.0,26168084500.0,0.00037722030038676185,0.0003539999268956809
Bay Area,549300FX7K8PTEQUU487,PENTAGON FEDERAL CREDIT UNION,,,82,55000000.0,9,9525000.0,13,12805000.0,9233000.0,2023-2025,0.1731818181818182,0.16787272727272728,1058333.3333333333,28140055000.0,26168084500.0,0.00033848547915062713,0.00035283438495469546
Bay Area,5493001NJEVHTZW7FG34,SCHOOLSFIRST,,,126,101540000.0,10,7460000.0,25,19215000.0,9199500.0,2023-2025,0.07346858380933623,0.09059976363994485,746000.0,28140055000.0,26168084500.0,0.000265102538001436,0.00035155419954410494
Bay Area,549300CIQ950OK0BS407,Sunward Federal Credit Union,,,218,220860000.0,5,6345000.0,17,17875000.0,9095500.0,2023-2025,0.028728606356968216,0.04118219686679345,1269000.0,28140055000.0,26168084500.0,0.00022547930343419726,0.00034757989259779406
Bay Area,549300Q3ROEQU3D1IW91,CREDIT HUMAN FEDERAL CREDIT UNION,,,230,40960000.0,42,8830000.0,42,8830000.0,8803000.0,2023-2025,0.215576171875,0.2149169921875,210238.09523809524,28140055000.0,26168084500.0,0.00031378758854593567,0.0003364021543112947
Bay Area,549300OPCWU6E72WUT29,"MUTUAL OF OMAHA MORTGAGE, INC.",,,190,119570000.0,11,6715000.0,30,18660000.0,8702500.0,2023-2025,0.05615957179894623,0.0727816341891779,610454.5454545454,28140055000.0,26168084500.0,0.00023862782073453658,0.0003325615980795232
Bay Area,549300UR5AOWTJJ7KZ64,LENDSURE MORTGAGE CORP.,,,91,83575000.0,8,11250000.0,13,14325000.0,8607500.0,2023-2025,0.13460963206700569,0.10299132515704457,1406250.0,28140055000.0,26168084500.0,0.0003997859989968037,0.00032893122154202764
Bay Area,549300QKL5FUBZ8LSF50,"NATIONS DIRECT MORTGAGE, LLC",,,97,70545000.0,8,7970000.0,15,12905000.0,8535500.0,2023-2025,0.11297753207172727,0.12099369196966475,996250.0,28140055000.0,26168084500.0,0.0002832261699559578,0.00032617977827150476
Bay Area,549300I1HK1BBZLKOB84,ADVANCIAL CREDIT UNION,,,44,53840000.0,12,9700000.0,15,12735000.0,8188000.0,2023-2025,0.1801634472511144,0.15208023774145615,808333.3333333334,28140055000.0,26168084500.0,0.00034470437246835513,0.0003129002430422448
Bay Area,549300KM40FP4MSQU941,Boeing Employees Credit Union,,,35,37335000.0,5,8015000.0,8,11140000.0,8100000.0,2023-2025,0.21467791616445694,0.21695460024106067,1603000.0,28140055000.0,26168084500.0,0.000284825313951945,0.00030953736793382796
Bay Area,549300C04BJ0G297NC13,Ally Bank,,,68,52350000.0,7,7045000.0,18,13150000.0,7879500.0,2023-2025,0.13457497612225405,0.15051575931232092,1006428.5714285715,28140055000.0,26168084500.0,0.0002503548767051095,0.0003011110729178515
Bay Area,549300AG10BX85DF5S49,MLD MORTGAGE INC.,,,377,215425000.0,2,1240000.0,46,25880000.0,7751000.0,2023-2025,0.005756063595218753,0.03598003945688755,620000.0,28140055000.0,26168084500.0,4.4065301222758805e-05,0.00029620051096976546
Bay Area,549300RPOGWJRH63HS39,UNION HOME MORTGAGE CORP.,,,264,160270000.0,7,4965000.0,32,20240000.0,7731500.0,2023-2025,0.030978972983091033,0.048240469208211144,709285.7142857143,28140055000.0,26168084500.0,0.00017643888755725602,0.0002954553284173322
Bay Area,5493000NYUJT9UC6G261,LEADERONE FINANCIAL CORPORATION,,,70,52410000.0,5,7205000.0,11,12745000.0,7572500.0,2023-2025,0.13747376454875024,0.14448578515550467,1441000.0,28140055000.0,26168084500.0,0.00025604072202417517,0.00028937922452826077
Bay Area,549300JYXTZDSPJEPI44,"PLAZA HOME MORTGAGE, INC.",,,265,136165000.0,5,2205000.0,117,43185000.0,7571500.0,2023-2025,0.01619358866081592,0.05560533176660669,441000.0,28140055000.0,26168084500.0,7.835805580337352e-05,0.00028934101003839235
Bay Area,IFQSIUC9AGQV2NE8CN25,Umpqua Bank,COLB,Columbia Banking System,164,122950000.0,8,8470000.0,18,13430000.0,7396000.0,2023-2025,0.06888979259861733,0.060154534363562426,1058750.0,28140055000.0,26168084500.0,0.00030099443657803795,0.0002826343670664928
Bay Area,549300NJVKCDJA5YC939,"HOMEOWNERS FINANCIAL GROUP USA, LLC",,,285,170045000.0,7,4625000.0,27,18915000.0,7329000.0,2023-2025,0.027198682701637802,0.04310035578817372,660714.2857142857,28140055000.0,26168084500.0,0.0001643564662542415,0.0002800739962453117
Bay Area,549300B4IYL7TZT8FA34,"PREMIER MORTGAGE RESOURCES, L.L.C.",,,144,88280000.0,5,3895000.0,29,17155000.0,7129500.0,2023-2025,0.044120978704123244,0.08076008155867694,779000.0,28140055000.0,26168084500.0,0.00013841479698600446,0.00027245020551657114
Bay Area,549300YAYQAARPBTRA72,"PROPER RATE, LLC",,,39,38445000.0,5,7175000.0,6,8260000.0,7068500.0,2023-2025,0.1866302510079334,0.18386005982572506,1435000.0,28140055000.0,26168084500.0,0.00025497462602685036,0.0002701191216346003
Bay Area,5493005DKMV1IHIM8E20,"Wilmington Savings Fund Society, FSB",,,3,8245000.0,1,7035000.0,1,7035000.0,7035000.0,2023-2025,0.853244390539721,0.853244390539721,7035000.0,28140055000.0,26168084500.0,0.0002499995113726679,0.0002688389362240098
Bay Area,549300ESNLIWVN3TK065,CBC Federal Credit Union,,,16,20310000.0,6,8050000.0,6,8050000.0,6991500.0,2023-2025,0.396356474643033,0.3442392909896603,1341666.6666666667,28140055000.0,26168084500.0,0.00028606909261549065,0.0002671766059147356
Bay Area,549300R9S3MVDV4MGF56,"CARRINGTON MORTGAGE SERVICES, LLC",,,120,73150000.0,4,6240000.0,12,9730000.0,6984000.0,2023-2025,0.08530416951469583,0.09547505126452495,1560000.0,28140055000.0,26168084500.0,0.00022174796744356043,0.00026688999724072275
Bay Area,FDXQ75GPEQKRPWABYN63,CIBC Bank USA,,,28,22620000.0,22,8910000.0,23,11365000.0,6973500.0,2023-2025,0.39389920424403185,0.308289124668435,405000.0,28140055000.0,26168084500.0,0.0003166305112054685,0.00026648874509710484
Bay Area,549300UXY7OP0IC38293,Northpointe Bank,,,85,68705000.0,12,7570000.0,21,13275000.0,6949000.0,2023-2025,0.11018120951895786,0.1011425660432283,630833.3333333334,28140055000.0,26168084500.0,0.00026901155665829367,0.00026555249009532967
Bay Area,5493001SDQVS1NWYH012,"PREMIER LENDING, INC.",,,150,101700000.0,8,7880000.0,11,9485000.0,6945500.0,2023-2025,0.07748279252704031,0.06829400196656833,985000.0,28140055000.0,26168084500.0,0.00028002788196398337,0.0002654187393807904
Bay Area,5493001X0T84TYRJ5Y59,"VISTA POINT MORTGAGE, LLC",,,37,45045000.0,3,5805000.0,6,9570000.0,6934500.0,2023-2025,0.12887112887112886,0.15394605394605396,1935000.0,28140055000.0,26168084500.0,0.0002062895754823507,0.00026499837999223826
Bay Area,54930002O9LLXKR6TF11,BAY-VALLEY MORTGAGE GROUP,,,123,82325000.0,9,7195000.0,14,9590000.0,6892000.0,2023-2025,0.08739750986941998,0.08371697540236867,799444.4444444445,28140055000.0,26168084500.0,0.00025568535669173357,0.00026337426417283235
Bay Area,549300VRYDYOPWK5MO08,"Provident Savings Bank, F.S.B.",,,99,88935000.0,8,6320000.0,16,13490000.0,6803500.0,2023-2025,0.07106313599820094,0.07649969078540507,790000.0,28140055000.0,26168084500.0,0.00022459089010309327,0.0002599922818194813
Bay Area,5493008H68QG2A0MK376,First Commercial Bank (USA),,,33,20955000.0,12,8810000.0,13,9145000.0,6688000.0,2023-2025,0.4204247196373181,0.31916010498687664,734166.6666666666,28140055000.0,26168084500.0,0.00031307685788105246,0.00025557850823968413
Bay Area,WWB2V0FCW3A0EE3ZJN75,Manufacturers and Traders Trust Company,,,42,34000000.0,6,6810000.0,10,11550000.0,6613500.0,2023-2025,0.20029411764705882,0.19451470588235295,1135000.0,28140055000.0,26168084500.0,0.00024200379139273183,0.00025273152874449027
Bay Area,549300LLESTPOVRG3X73,Farmers Bank & Trust,,,50,39120000.0,7,6795000.0,12,10900000.0,6463500.0,2023-2025,0.1736963190184049,0.1652223926380368,970714.2857142857,28140055000.0,26168084500.0,0.00024147074339406942,0.0002469993552642342
Bay Area,5493006RIR31ORKYB608,"LAND HOME FINANCIAL SERVICES, INC.",,,222,130530000.0,3,2855000.0,24,15530000.0,6363500.0,2023-2025,0.02187236650578411,0.04875124492453842,951666.6666666666,28140055000.0,26168084500.0,0.00010145680241207773,0.00024317790627739682
Bay Area,254900QNIR86GUIRYH95,"FlexPoint, Inc.",,,121,85245000.0,8,5600000.0,21,13475000.0,6355500.0,2023-2025,0.06569300252214207,0.07455569241597748,700000.0,28140055000.0,26168084500.0,0.00019900458616729783,0.0002428721903584498
Bay Area,254900HEJ9F73IMPX887,"Tomo Mortgage, LLC",,,50,39220000.0,7,5345000.0,17,13155000.0,6191000.0,2023-2025,0.13628250892401836,0.15785313615502294,763571.4285714285,28140055000.0,26168084500.0,0.00018994277019003693,0.0002365859067751023
Bay Area,549300ZIXM1VUXPG4D03,"Florida Capital Bank, National Association",,,31,25285000.0,7,6535000.0,9,8345000.0,6160500.0,2023-2025,0.25845362863357724,0.24364247577615186,933571.4285714285,28140055000.0,26168084500.0,0.00023223124475058772,0.00023542036483411693
Bay Area,8945004XZN3PZQZJW178,UNCLE Credit Union,,,83,67395000.0,3,5525000.0,8,9300000.0,6156000.0,2023-2025,0.08197937532457897,0.09134208769196528,1841666.6666666667,28140055000.0,26168084500.0,0.0001963393461739858,0.00023524839962970923
Bay Area,549300YIQ7S7Z8PIHE53,AMERISAVE MORTGAGE CORPORATION,,,177,77785000.0,13,6495000.0,22,10610000.0,6138500.0,2023-2025,0.0834993893424182,0.07891624349167577,499615.3846153846,28140055000.0,26168084500.0,0.0002308097834208213,0.0002345796460570127
Bay Area,549300MCIFZSDHUT8X63,"NFM, INC.",,,141,93535000.0,6,5700000.0,10,8630000.0,5874000.0,2023-2025,0.0609397551718608,0.06280002138237023,950000.0,28140055000.0,26168084500.0,0.00020255823949171385,0.0002244719134868278
Bay Area,549300NFPC3Y4W3Y7R87,CALCON MUTUAL MORTGAGE LLC,,,72,53480000.0,5,5325000.0,13,10385000.0,5824000.0,2023-2025,0.09956993268511594,0.10890052356020942,1065000.0,28140055000.0,26168084500.0,0.00018923203952515375,0.00022256118899340914
Bay Area,549300F6NSBOJBM9ED39,NuVision Federal Credit Union,,,43,43395000.0,4,5890000.0,8,7290000.0,5768500.0,2023-2025,0.13572992280216614,0.1329300610669432,1472500.0,28140055000.0,26168084500.0,0.00020931018080810431,0.00022044028480571438
Bay Area,5493003NV9L53LK1XI52,ROYAL PACIFIC FUNDING CORP.,,,101,73965000.0,4,4390000.0,13,11705000.0,5631000.0,2023-2025,0.059352396403704454,0.07613060231190429,1097500.0,28140055000.0,26168084500.0,0.00015600538094186382,0.00021518579244881298
Bay Area,549300NOCASXPA34X033,"LAKEVIEW LOAN SERVICING, LLC",,,167,103935000.0,6,5750000.0,14,10710000.0,5595000.0,2023-2025,0.05532303843748497,0.053831721749170156,958333.3333333334,28140055000.0,26168084500.0,0.00020433506615392187,0.00021381007081355152
Bay Area,5493005NIBYLNJC10826,"T. J. FINANCIAL, INC.",,,56,38050000.0,11,7005000.0,11,7005000.0,5527000.0,2023-2025,0.18409986859395533,0.1452562417871222,636818.1818181818,28140055000.0,26168084500.0,0.00024893341537534307,0.0002112114855025021
Bay Area,549300S5FVOSK5DQJN30,INTERCAP LENDING INC.,,,49,38135000.0,4,4160000.0,13,12255000.0,5433500.0,2023-2025,0.1090861413399764,0.14248066081027927,1040000.0,28140055000.0,26168084500.0,0.00014783197829570696,0.00020763843069980916
Bay Area,337KMNHEWWWR6B7Q7W10,MidFirst Bank,,,18,34620000.0,4,7750000.0,4,7750000.0,5425000.0,2023-2025,0.22385904101675333,0.15670132871172732,1937500.0,28140055000.0,26168084500.0,0.0002754081326422425,0.00020731360753592796
Bay Area,5493006L4FQIQFVFNS72,5493006L4FQIQFVFNS72,,,118,70390000.0,8,4660000.0,19,11975000.0,5364500.0,2023-2025,0.06620258559454469,0.07621110953260406,582500.0,28140055000.0,26168084500.0,0.00016560024491778713,0.00020500163089889135
Bay Area,2549005Q4HZ55QX7YC64,"Watermark Capital, Inc.",,,74,51330000.0,5,4695000.0,11,9885000.0,5358000.0,2023-2025,0.09146697837521917,0.1043834015195792,939000.0,28140055000.0,26168084500.0,0.00016684402358133272,0.00020475323671474693
Bay Area,549300QPD4M26VIOFU53,SUMMIT MORTGAGE BANKERS INC.,,,49,41875000.0,5,5135000.0,7,6415000.0,5272000.0,2023-2025,0.12262686567164179,0.12589850746268658,1027000.0,28140055000.0,26168084500.0,0.00018248009820876328,0.00020146679058606677
Bay Area,549300F6Y1YO2YXN6135,REDWOOD RESIDENTIAL ACQUISITION CORPORATION,,,14,24760000.0,4,6220000.0,4,6220000.0,5105500.0,2023-2025,0.25121163166397414,0.2061995153473344,1555000.0,28140055000.0,26168084500.0,0.00022103723677867722,0.00019510407802298253
Bay Area,254900TG14TB8RKS3U42,"Filo Mortgage, L.L.C.",,,41,25815000.0,7,4895000.0,14,9280000.0,5095000.0,2023-2025,0.189618438892117,0.19736587255471624,699285.7142857143,28140055000.0,26168084500.0,0.0001739513302301648,0.00019470282587936462
Bay Area,549300FK3AFCFVAPH234,"Leader Bank, National Association",,,17,13915000.0,6,5430000.0,7,6075000.0,5093500.0,2023-2025,0.39022637441609775,0.36604383758533954,905000.0,28140055000.0,26168084500.0,0.00019296337551579057,0.00019464550414456205
Bay Area,549300RD5IG88VPO6P22,"GUIDANCE RESIDENTIAL, LLC",,,98,78810000.0,8,4560000.0,11,6575000.0,5089500.0,2023-2025,0.05786067757898744,0.06457936810049486,570000.0,28140055000.0,26168084500.0,0.00016204659159337108,0.00019449264618508856
Bay Area,5493003V40VGM7YDFM54,FIRST COLONY MORTGAGE CORPORATION,,,117,68385000.0,6,4900000.0,16,10370000.0,5039500.0,2023-2025,0.07165314030854719,0.07369306134386196,816666.6666666666,28140055000.0,26168084500.0,0.0001741290128963856,0.00019258192169166986
Bay Area,70WY0ID1N53Q4254VH70,Comerica Bank,,,63,57395000.0,7,5735000.0,12,9000000.0,4889000.0,2023-2025,0.09992159595783605,0.08518163603101316,819285.7142857143,28140055000.0,26168084500.0,0.00020380201815525947,0.0001868306409664796
Bay Area,549300DT7CCDCC7O6Z60,KEYPOINT Credit Union,,,96,61080000.0,10,4920000.0,13,6155000.0,4830000.0,2023-2025,0.08055009823182711,0.07907662082514735,492000.0,28140055000.0,26168084500.0,0.0001748397435612688,0.00018457598606424556
Bay Area,549300TUQC6OYE8A0Y96,"PACIFIC RESIDENTIAL MORTGAGE, LLC",,,143,77405000.0,8,5170000.0,15,8185000.0,4718000.0,2023-2025,0.06679155093340224,0.06095213487500807,646250.0,28140055000.0,26168084500.0,0.0001837238768723089,0.00018029596319898769
Bay Area,549300AENO88GEUWCZ39,"Luminate Home Loans, Inc.",,,121,83645000.0,7,4675000.0,15,9625000.0,4624500.0,2023-2025,0.05589096778050093,0.05528722577559926,667857.1428571428,28140055000.0,26168084500.0,0.00016613329291644954,0.00017672290839629474
Bay Area,549300KQHWNSVCE2MY88,"SIRVA MORTGAGE, INC.",,,40,28860000.0,8,5910000.0,10,7140000.0,4540500.0,2023-2025,0.2047817047817048,0.15732848232848232,738750.0,28140055000.0,26168084500.0,0.00021002091147298752,0.00017351289124735133
Bay Area,984500F6E6940CCB6A60,984500F6E6940CCB6A60,,,74,79400000.0,5,4425000.0,8,6500000.0,4476000.0,2023-2025,0.05573047858942066,0.0563727959697733,885000.0,28140055000.0,26168084500.0,0.00015724915960540944,0.00017104805665084122
Bay Area,254900V6GCDMRQZ34D96,LUXURY MORTGAGE CORP.,,,39,44495000.0,3,4125000.0,6,6550000.0,4366500.0,2023-2025,0.09270704573547589,0.09813462186762557,1375000.0,28140055000.0,26168084500.0,0.00014658819963216135,0.00016686357001025428
Bay Area,PAOOWF3GUFM46FBSP561,PHH Mortgage Corporation,,,90,47570000.0,8,4270000.0,12,5210000.0,4328500.0,2023-2025,0.08976245532898885,0.09099222198864831,533750.0,28140055000.0,26168084500.0,0.0001517409969525646,0.0001654114193952561
Bay Area,549300VORTI31GZTJL53,"CARDINAL FINANCIAL COMPANY, LIMITED PARTNERSHIP",,,145,90065000.0,2,1050000.0,19,12705000.0,4248000.0,2023-2025,0.011658246821739854,0.047165935713096095,525000.0,28140055000.0,26168084500.0,3.731335990636834e-05,0.000162335152960852
Bay Area,549300U7F7T8UG5AI038,"COASTAL FUNDING SLC, INC.",,,30,23380000.0,5,4575000.0,8,7420000.0,4235000.0,2023-2025,0.19568006843455946,0.18113772455089822,915000.0,28140055000.0,26168084500.0,0.00016257963959203349,0.00016183836459256312
Bay Area,5493001R92DY5DI1DI85,DRAPER AND KRAMER MORTGAGE CORP.,,,45,32525000.0,3,3735000.0,10,9000000.0,4129000.0,2023-2025,0.1148347425057648,0.12694850115295928,1245000.0,28140055000.0,26168084500.0,0.0001327289516669388,0.0001577876286665155
Bay Area,549300ZCR1XCLNEEI724,FOUNDATION MORTGAGE CORPORATION,,,22,20350000.0,5,4205000.0,8,6640000.0,4115500.0,2023-2025,0.20663390663390663,0.20223587223587225,841000.0,28140055000.0,26168084500.0,0.00014943112229169416,0.00015727173305329244
Bay Area,549300IRXW9RSZM2B951,Evolve Bank & Trust,,,25,20925000.0,5,5005000.0,7,7005000.0,4103500.0,2023-2025,0.23918757467144564,0.19610513739545998,1001000.0,28140055000.0,26168084500.0,0.00017786034888702244,0.00015681315917487196
Bay Area,549300K4ZLGS7SRDTL86,Equity Prime Mortgage LLC,,,170,96990000.0,8,4960000.0,12,6620000.0,3970000.0,2023-2025,0.05113929271058872,0.040932054851015566,620000.0,28140055000.0,26168084500.0,0.00017626120489103522,0.00015171152477744406
Bay Area,5493002TJKC8NLH1ZP82,"MORTGAGEONE, INC.",,,156,100620000.0,3,4045000.0,8,7720000.0,3934000.0,2023-2025,0.04020075531703439,0.0390975949115484,1348333.3333333333,28140055000.0,26168084500.0,0.0001437452769726285,0.00015033580314218262
Bay Area,JJKC32MCHWDI71265Z06,Truist Bank,,,40,36350000.0,4,3420000.0,9,8315000.0,3796500.0,2023-2025,0.09408528198074279,0.10444291609353508,855000.0,28140055000.0,26168084500.0,0.00012153494369502831,0.00014508131078528122
Bay Area,549300E4YLQ3BVQ4GW30,"WALL STREET MORTGAGE BANKERS, LTD.",,,40,43040000.0,5,4025000.0,6,4760000.0,3786500.0,2023-2025,0.09351765799256506,0.08797630111524164,805000.0,28140055000.0,26168084500.0,0.00014303454630774532,0.00014469916588659746
Bay Area,Q708HHR4LD2B7XIZNO92,First Federal Bank,,,37,30115000.0,4,2740000.0,9,8305000.0,3683000.0,2023-2025,0.09098455918977254,0.12229785821019426,685000.0,28140055000.0,26168084500.0,9.73701010889993e-05,0.00014074396618522078
Bay Area,549300KJ8PAJ7E52HG32,Plains Commerce Bank,,,117,69605000.0,3,3005000.0,10,6280000.0,3626500.0,2023-2025,0.0431721859061849,0.05210114215932764,1001666.6666666666,28140055000.0,26168084500.0,0.00010678728239870177,0.00013858484750765767
Bay Area,984500P059VACEAAFA22,"SUCCESS LENDING, LLC",,,36,24810000.0,5,4725000.0,6,5010000.0,3479000.0,2023-2025,0.19044740024183796,0.14022571543732365,945000.0,28140055000.0,26168084500.0,0.00016791011957865753,0.0001329482102520725
Bay Area,254900I445780YG38U05,"North Coast Financial, Inc.",,,7,10875000.0,2,3560000.0,2,3560000.0,3384500.0,2023-2025,0.3273563218390805,0.3112183908045977,1780000.0,28140055000.0,26168084500.0,0.00012651005834921075,0.0001293369409595112
Bay Area,549300RYWXR8TL5LIK35,"ALLIED MORTGAGE GROUP, INC.",,,112,59580000.0,1,505000.0,22,10540000.0,3275000.0,2023-2025,0.00847599865726754,0.05496811010406177,505000.0,28140055000.0,26168084500.0,1.7945949288300963e-05,0.00012515245431892426
Bay Area,549300D3LYUX1NJVC329,"MORTGAGE CAPITAL PARTNERS, INC.",,,13,9125000.0,4,3600000.0,7,5535000.0,3261500.0,2023-2025,0.39452054794520547,0.35742465753424657,900000.0,28140055000.0,26168084500.0,0.00012793151967897717,0.00012463655870570121
Bay Area,5493001GDRY0EL7VG372,"ARK-LA-TEX FINANCIAL SERVICES, LLC.",,,119,74705000.0,5,3775000.0,8,5590000.0,3203000.0,2023-2025,0.050532092898735025,0.04287530955090021,755000.0,28140055000.0,26168084500.0,0.00013415041299670523,0.00012240101104840135
Bay Area,549300HCNXMTNGIMAR91,United Nations Federal Credit Union,,,33,34825000.0,4,3520000.0,6,5170000.0,3090500.0,2023-2025,0.10107681263460158,0.08874371859296483,880000.0,28140055000.0,26168084500.0,0.00012508859701944436,0.00011810188093820929
Bay Area,549300XRXBA38J60S618,JMJ FINANCIAL GROUP,,,9,9025000.0,4,4020000.0,4,4020000.0,3079000.0,2023-2025,0.4454293628808864,0.34116343490304707,1005000.0,28140055000.0,26168084500.0,0.00014285686364152452,0.00011766241430472299
Bay Area,549300RA3E0BUFO7YZ21,"Hometown Equity Mortgage, LLC",,,107,69825000.0,3,1485000.0,14,8930000.0,3073500.0,2023-2025,0.021267454350161117,0.0440171858216971,495000.0,28140055000.0,26168084500.0,5.2771751867578085e-05,0.00011745223461044694
Bay Area,6PTKHDJ8HDUF78PFWH30,The Northern Trust Company,,,5,9025000.0,4,4020000.0,4,4020000.0,3055000.0,2023-2025,0.4454293628808864,0.33850415512465376,1005000.0,28140055000.0,26168084500.0,0.00014285686364152452,0.00011674526654788201
Bay Area,C5654JQHZUHN0772B561,USAA Federal Savings Bank,,,92,58320000.0,4,2480000.0,10,6720000.0,3008000.0,2023-2025,0.04252400548696845,0.051577503429355284,620000.0,28140055000.0,26168084500.0,8.813060244551761e-05,0.00011494918552406845
Bay Area,HUX2X73FUCYHUVH1BK78,KeyBank National Association,,,21,18755000.0,3,4035000.0,4,4840000.0,2905000.0,2023-2025,0.2151426286323647,0.15489202879232206,1345000.0,28140055000.0,26168084500.0,0.0001433899116401869,0.00011101309306762594
Bay Area,254900FMBXF85WQYV433,Amalgamated Bank,,,11,6535000.0,8,2950000.0,11,6535000.0,2891500.0,2023-2025,0.45141545524100996,0.4424636572302984,368750.0,28140055000.0,26168084500.0,0.00010483277307027296,0.0001104971974544029
Bay Area,HIDXEG9BLUJZKBGUT764,Bank-Fund Staff Federal Credit Union,,,11,11005000.0,3,2625000.0,6,6050000.0,2865000.0,2023-2025,0.2385279418446161,0.2603362108132667,875000.0,28140055000.0,26168084500.0,9.328339976592085e-05,0.000109484513472891
Bay Area,549300SGD2RNJOEDDS24,SAFE Credit Union,,,60,53710000.0,1,1495000.0,7,7535000.0,2858500.0,2023-2025,0.027834667659653697,0.05322100167566561,1495000.0,28140055000.0,26168084500.0,5.312711720001969e-05,0.00010923611928874656
Bay Area,25490051DLR50J3F0F68,25490051DLR50J3F0F68,,,5,4425000.0,4,3460000.0,4,3460000.0,2854500.0,2023-2025,0.7819209039548023,0.6450847457627119,865000.0,28140055000.0,26168084500.0,0.00012295640502479473,0.00010908326132927307
Bay Area,54930021WPEXNHYZUL09,"PLANET HOME LENDING, LLC",,,154,99200000.0,2,1540000.0,12,7010000.0,2807000.0,2023-2025,0.015524193548387097,0.028296370967741936,770000.0,28140055000.0,26168084500.0,5.4726261196006905e-05,0.00010726807306052531
Bay Area,549300WJIJV987NXVC31,"SCENIC OAKS FUNDING, LLC",,,36,22510000.0,4,3720000.0,6,4370000.0,2799000.0,2023-2025,0.16525988449577966,0.12434473567303421,930000.0,28140055000.0,26168084500.0,0.0001321959036682764,0.00010696235714157832
Bay Area,254900RQX8N4HXJIDK44,FRANKLIN LOAN CORPORATION,,,91,57585000.0,1,1375000.0,10,6440000.0,2752500.0,2023-2025,0.02387774594078319,0.047798905965095076,1375000.0,28140055000.0,26168084500.0,4.886273321072045e-05,0.00010518538336269894
Bay Area,213800QUAI2VH5YM6310,"EMBRACE HOME LOANS, INC.",,,25,23895000.0,2,1490000.0,9,7325000.0,2741500.0,2023-2025,0.06235614145218665,0.11473111529608705,745000.0,28140055000.0,26168084500.0,5.294943453379889e-05,0.00010476502397414682
Bay Area,5493008VVXQIDO1EZ460,"SUMMIT FUNDING, INC.",,,179,114865000.0,3,1305000.0,11,7375000.0,2734500.0,2023-2025,0.011361163104513995,0.023806207286814957,435000.0,28140055000.0,26168084500.0,4.6375175883629224e-05,0.00010449752254506821
Bay Area,5493005LWLLN6G3XQP35,CTBC Bank Corp. (USA),,,15,13255000.0,3,2795000.0,3,2795000.0,2718500.0,2023-2025,0.2108638249717088,0.2050924179554885,931666.6666666666,28140055000.0,26168084500.0,9.932461041742811e-05,0.00010388609070717424
Bay Area,549300DNWSJUNAWUM003,"CREDIT UNION MORTGAGE ASSOCIATION, INC.",,,12,8990000.0,5,3675000.0,6,4120000.0,2706000.0,2023-2025,0.40878754171301446,0.3010011123470523,735000.0,28140055000.0,26168084500.0,0.0001305967596722892,0.00010340840958381956
Bay Area,549300W45D2J6BT4LX65,"ALL CREDIT CONSIDERED MORTGAGE, INC.",,,58,35410000.0,3,2605000.0,8,5540000.0,2704000.0,2023-2025,0.07356678904264333,0.07636260943236374,868333.3333333334,28140055000.0,26168084500.0,9.257266910103764e-05,0.00010333198060408281
Bay Area,549300TMY3OACQC9U777,"Greenbox Loans, Inc.",,,46,40520000.0,2,2910000.0,3,3165000.0,2655000.0,2023-2025,0.07181638696939782,0.06552319842053307,1455000.0,28140055000.0,26168084500.0,0.00010341131174050655,0.00010145947060053249
Bay Area,54930091CYUK2SDZ6D37,"PFN Lending Group, Inc.",,,24,21110000.0,2,3400000.0,3,3775000.0,2595500.0,2023-2025,0.16106110847939364,0.1229512079583136,1700000.0,28140055000.0,26168084500.0,0.00012082421303014511,9.918570845336424e-05
Bay Area,549300RN01LBYR8ZVX74,"LOWER, LLC",,,43,25885000.0,3,2445000.0,10,5780000.0,2581000.0,2023-2025,0.0944562487927371,0.09971025690554375,815000.0,28140055000.0,26168084500.0,8.6886823781972e-05,9.863159835027282e-05
Bay Area,5493005JPZ3LXXMB0S24,"FBC MORTGAGE, LLC",,,11,8385000.0,4,3310000.0,5,3985000.0,2519500.0,2023-2025,0.394752534287418,0.30047704233750744,827500.0,28140055000.0,26168084500.0,0.00011762592503817068,9.628140722336784e-05
Bay Area,5493006TY8FGNLX44X28,"AXIA FINANCIAL, LLC",,,66,41320000.0,4,2420000.0,7,5005000.0,2469500.0,2023-2025,0.05856727976766699,0.05976524685382381,605000.0,28140055000.0,26168084500.0,8.5998410450868e-05,9.437068272994915e-05
Bay Area,5493001XKL0FTNOJ0866,"GENEVA FINANCIAL, LLC",,,51,27995000.0,2,2910000.0,2,2910000.0,2461500.0,2023-2025,0.10394713341668155,0.08792641543132702,1455000.0,28140055000.0,26168084500.0,0.00010341131174050655,9.406496681100216e-05
Bay Area,5493001U0HWKEN6OLT59,CRESTLINE FUNDING CORPORATION,,,4,3720000.0,2,2410000.0,2,2410000.0,2410000.0,2023-2025,0.6478494623655914,0.6478494623655914,1205000.0,28140055000.0,26168084500.0,8.564304511842639e-05,9.209692058278091e-05
Bay Area,254900VHUBSJJKOMBF27,"GOLDEN EMPIRE MORTGAGE, INC.",,,141,88855000.0,3,1735000.0,10,6290000.0,2403500.0,2023-2025,0.01952619436160036,0.027049687693433123,578333.3333333334,28140055000.0,26168084500.0,6.165588517861817e-05,9.184852639863648e-05
Bay Area,549300KX4S1573HISS22,OAKTREE FUNDING CORP.,,,40,46490000.0,1,1355000.0,3,5185000.0,2368500.0,2023-2025,0.029146052914605293,0.05094644009464401,1355000.0,28140055000.0,26168084500.0,4.815200254583724e-05,9.05110192532434e-05
Bay Area,549300BX448ALT10FI43,The Federal Savings Bank,,,63,44475000.0,2,1510000.0,7,5835000.0,2354500.0,2023-2025,0.03395165823496346,0.052939853850477794,755000.0,28140055000.0,26168084500.0,5.366016519868209e-05,8.997601639508616e-05
Bay Area,254900O723MCLR701H50,"Neighborhood Loans, Inc.",,,6,4210000.0,2,2350000.0,3,2655000.0,2302000.0,2023-2025,0.5581947743467933,0.5467933491686461,1175000.0,28140055000.0,26168084500.0,8.351085312377676e-05,8.796975567699653e-05
Bay Area,549300ISCZS1R0CJMO47,"Premia Mortgage, LLC DBA Premia Relocation Mortgage",,,25,19775000.0,1,1755000.0,4,4700000.0,2272500.0,2023-2025,0.08874841972187104,0.11491782553729456,1755000.0,28140055000.0,26168084500.0,6.236661584350138e-05,8.68424282258795e-05
Bay Area,9845007CY0EC0F59W414,9845007CY0EC0F59W414,,,29,24155000.0,5,3035000.0,6,3470000.0,2255000.0,2023-2025,0.12564686400331193,0.09335541295797971,607000.0,28140055000.0,26168084500.0,0.00010785337839602659,8.617367465318296e-05
Bay Area,549300JZD4L02YZI3Z50,NJ LENDERS CORP.,,,8,8140000.0,1,2505000.0,1,2505000.0,2254500.0,2023-2025,0.30773955773955775,0.276965601965602,2505000.0,28140055000.0,26168084500.0,8.901901577662162e-05,8.615456740824878e-05
Bay Area,549300WTZMQSET2VY242,ACADEMY MORTGAGE CORPORATION,,,28,19440000.0,4,3210000.0,4,3210000.0,2247000.0,2023-2025,0.16512345679012347,0.11558641975308642,802500.0,28140055000.0,26168084500.0,0.00011407227171375465,8.586795873423597e-05
Bay Area,549300YD7XJM19TH5O82,CITIZENS EQUITY FIRST,,,73,60125000.0,2,2740000.0,3,3265000.0,2075500.0,2023-2025,0.04557172557172557,0.03451975051975052,1370000.0,28140055000.0,26168084500.0,9.73701010889993e-05,7.931417372180987e-05
Bay Area,5493005LE3FE2MIPPW66,"COAST 2 COAST FUNDING GROUP, INC.",,,42,21340000.0,2,1630000.0,6,3360000.0,2068000.0,2023-2025,0.07638238050609185,0.09690721649484536,815000.0,28140055000.0,26168084500.0,5.792454918798133e-05,7.902756504779706e-05
Bay Area,549300BOXNV8VLRBDT24,"AMERICAN INTERNET MORTGAGE, INC.",,,48,24470000.0,4,1890000.0,8,4680000.0,2050500.0,2023-2025,0.07723743359215365,0.08379648549243972,472500.0,28140055000.0,26168084500.0,6.716404783146302e-05,7.835881147510052e-05
Bay Area,549300TK6RZQSFXZHV09,"MICHIGAN MUTUAL, INC.",,,37,23085000.0,3,2435000.0,3,2435000.0,1983500.0,2023-2025,0.10547974875460256,0.08592159410872861,811666.6666666666,28140055000.0,26168084500.0,8.653145844953039e-05,7.579844065391948e-05
Bay Area,549300SVKVT1EF3U0N48,"ON Q FINANCIAL, LLC",,,23,12135000.0,0,0.0,13,6565000.0,1969500.0,2023-2025,0.0,0.1622991347342398,,28140055000.0,26168084500.0,0.0,7.526343779576224e-05
Bay Area,549300XCVBRR56D08F03,"MISSION LOANS, LLC",,,63,33785000.0,3,1555000.0,6,3100000.0,1933500.0,2023-2025,0.04602634305165014,0.05722953973656948,518333.3333333333,28140055000.0,26168084500.0,5.5259309194669306e-05,7.388771616050078e-05
Bay Area,254900O28OG3UMHXQY81,"Strong Home Mortgage, LLC",,,20,13400000.0,3,2215000.0,4,2620000.0,1928500.0,2023-2025,0.16529850746268657,0.1439179104477612,738333.3333333334,28140055000.0,26168084500.0,7.871342113581512e-05,7.369664371115891e-05
Bay Area,COOWI3L2W9TPYR3WJX37,First Horizon Bank,,,1,2695000.0,1,2695000.0,1,2695000.0,1886499.9999999998,2023-2025,1.0,0.7,2695000.0,28140055000.0,26168084500.0,9.577095709301208e-05,7.20916351366872e-05
Bay Area,549300XR3B6372SESA46,PACIFIC SERVICE CREDIT UNION,,,63,27925000.0,2,980000.0,8,5130000.0,1878000.0,2023-2025,0.035094001790510296,0.0672515666965085,490000.0,28140055000.0,26168084500.0,3.482580257927712e-05,7.176681197280604e-05
Bay Area,549300JPGMCMBEJEK584,DIGITAL,,,62,57730000.0,1,1905000.0,4,4160000.0,1849000.0,2023-2025,0.03299844101853456,0.03202840810670362,1905000.0,28140055000.0,26168084500.0,6.769709583012542e-05,7.06585917666232e-05
Bay Area,54930061FQ5XDACCBW12,"PACIFIC HORIZON BANCORP, INC.",,,3,3505000.0,1,1845000.0,1,1845000.0,1845000.0,2023-2025,0.5263908701854494,0.5263908701854494,1845000.0,28140055000.0,26168084500.0,6.556490383547581e-05,7.050573380714969e-05
Bay Area,549300PUF6BDR1QRB167,1ST NORTHERN CALIFORNIA,,,98,46640000.0,0,0.0,15,8755000.0,1824500.0,2023-2025,0.0,0.03911878216123499,,28140055000.0,26168084500.0,0.0,6.972233676484803e-05
Bay Area,549300GQDT484LGI9C04,NETWORK CAPITAL FUNDING CORPORATION,,,62,32000000.0,2,1320000.0,6,3980000.0,1819500.0,2023-2025,0.04125,0.056859375,660000.0,28140055000.0,26168084500.0,4.690822388229163e-05,6.953126431550616e-05
Bay Area,5493006MA7WP1WL8U431,VALLEY STRONG CREDIT UNION,,,15,13445000.0,2,2580000.0,2,2580000.0,1806000.0,2023-2025,0.19189289698772777,0.13432502789140946,1290000.0,28140055000.0,26168084500.0,9.168425576993365e-05,6.901536870228312e-05
Bay Area,549300DLBRGR2O0VNZ96,549300DLBRGR2O0VNZ96,,,7,6735000.0,1,2005000.0,1,2005000.0,1804500.0,2023-2025,0.29769858945805494,0.26792873051224947,2005000.0,28140055000.0,26168084500.0,7.125074915454146e-05,6.895804696748056e-05
Bay Area,549300ZZME37MXI1EF14,"DAS Acquisition Company, LLC",,,44,23610000.0,1,705000.0,9,4935000.0,1762500.0,2023-2025,0.02986022871664549,0.07465057179161372,705000.0,28140055000.0,26168084500.0,2.505325593713303e-05,6.735303839300886e-05
Bay Area,254900JZN2V0PWFMW808,AHL FUNDING,,,110,68390000.0,2,1660000.0,7,3905000.0,1740500.0,2023-2025,0.024272554467027342,0.025449627138470536,830000.0,28140055000.0,26168084500.0,5.8990645185306144e-05,6.651231961590463e-05
Bay Area,5493001JT9MT3Z3Y3M39,"RBC Bank, (Georgia) National Association",,,12,12650000.0,2,2030000.0,2,2030000.0,1720000.0,2023-2025,0.16047430830039525,0.1359683794466403,1015000.0,28140055000.0,26168084500.0,7.213916248564546e-05,6.572892257360297e-05
Bay Area,5493000H6DFDDJRORG89,"LADERA LENDING, INC.",,,39,23905000.0,2,1450000.0,4,2710000.0,1683000.0,2023-2025,0.060656766366868856,0.07040368123823468,725000.0,28140055000.0,26168084500.0,5.1527973204032474e-05,6.431498644847314e-05
Bay Area,5493004RLLKTQS8K7U51,American Airlines Federal Credit Union,,,11,6865000.0,2,1170000.0,5,2875000.0,1681500.0,2023-2025,0.1704297159504734,0.24493809176984704,585000.0,28140055000.0,26168084500.0,4.1577743895667584e-05,6.425766471367057e-05
Bay Area,2549004XJQQPBYQSMT39,Quontic Bank,,,48,20280000.0,3,1195000.0,36,9630000.0,1680000.0,2023-2025,0.0589250493096647,0.08284023668639054,398333.3333333333,28140055000.0,26168084500.0,4.246615722677159e-05,6.420034297886802e-05
Bay Area,5493001K7B4W8IPMZ254,FIRST STANDARD FINANCIAL CORP.,,,16,10740000.0,3,1515000.0,4,2870000.0,1657500.0,2023-2025,0.14106145251396648,0.1543296089385475,505000.0,28140055000.0,26168084500.0,5.383784786490289e-05,6.334051695682961e-05
Bay Area,549300Z66NI4HM439O26,SACRAMENTO Credit Union,,,17,20385000.0,1,1925000.0,2,2950000.0,1655000.0,2023-2025,0.09443218052489576,0.08118714741231298,1925000.0,28140055000.0,26168084500.0,6.840782649500863e-05,6.324498073215867e-05
Bay Area,549300S8SHBRCI7UU819,Baxter Credit Union,,,18,17040000.0,1,1615000.0,3,3185000.0,1601500.0,2023-2025,0.09477699530516431,0.09398474178403755,1615000.0,28140055000.0,26168084500.0,5.739150118931893e-05,6.120050552420068e-05
Bay Area,549300CY7WNAHKHYSJ73,"CORNERSTONE CAPITAL BANK, SSB",,,28,18040000.0,2,1460000.0,3,2595000.0,1559000.0,2023-2025,0.08093126385809313,0.08641906873614191,730000.0,28140055000.0,26168084500.0,5.188333853647407e-05,5.957638970479479e-05
Bay Area,254900WTZC5SSKIN2M11,First National Bank of America,,,68,30610000.0,2,1070000.0,8,3700000.0,1538000.0,2023-2025,0.03495589676576282,0.05024501796798432,535000.0,28140055000.0,26168084500.0,3.802409057125155e-05,5.8773885417558934e-05
Bay Area,549300DMHEHNYZ2OLB41,First United Bank and Trust Company,,,2,2430000.0,1,1705000.0,1,1705000.0,1534500.0,2023-2025,0.7016460905349794,0.6314814814814815,1705000.0,28140055000.0,26168084500.0,6.058978918129336e-05,5.864013470301963e-05
Bay Area,254900LTD432L5CHIZ48,Home Mortgage Alliance Corporation (HMAC),,,71,48595000.0,2,1450000.0,4,3050000.0,1495000.0,2023-2025,0.029838460746990432,0.030764481942586686,725000.0,28140055000.0,26168084500.0,5.1527973204032474e-05,5.713066235321886e-05
Bay Area,549300730ZNSQK9EBT50,BluPeak Credit Union,,,11,5975000.0,1,735000.0,7,3915000.0,1468500.0,2023-2025,0.12301255230125523,0.24577405857740586,735000.0,28140055000.0,26168084500.0,2.611935193445784e-05,5.611797837170695e-05
Bay Area,549300VCMRO4ST680C11,VILLAGE CAPITAL & INVESTMENT LLC,,,74,46180000.0,0,0.0,7,4835000.0,1450500.0,2023-2025,0.0,0.031409701169337376,,28140055000.0,26168084500.0,0.0,5.5430117554076224e-05
Bay Area,QFROUN1UWUYU0DVIWD51,"Fifth Third Bank, National Association",,,23,26355000.0,2,2070000.0,2,2070000.0,1449000.0,2023-2025,0.07854297097324986,0.0549800796812749,1035000.0,28140055000.0,26168084500.0,7.356062381541188e-05,5.5372795819273664e-05
Bay Area,549300YPSRX7HBRJSR08,1ST UNITED SERVICES CREDIT UNION,,,36,19820000.0,1,355000.0,8,4340000.0,1444000.0,2023-2025,0.01791120080726539,0.07285570131180626,355000.0,28140055000.0,26168084500.0,1.2615469301676915e-05,5.51817233699318e-05
Bay Area,549300T9P3WXNMXX0I34,Ixonia Bank,,,7,5005000.0,1,1355000.0,3,2985000.0,1437500.0,2023-2025,0.2707292707292707,0.2872127872127872,1355000.0,28140055000.0,26168084500.0,4.815200254583724e-05,5.4933329185787364e-05
Bay Area,549300VQUTI5IU7GXT57,SECURITYNATIONAL MORTGAGE COMPANY,,,88,52900000.0,2,1790000.0,4,2390000.0,1433000.0,2023-2025,0.03383742911153119,0.02708884688090737,895000.0,28140055000.0,26168084500.0,6.361039450704698e-05,5.4761363981379684e-05
Bay Area,549300MUXFVZKH4XLG17,"RESIDENTIAL WHOLESALE MORTGAGE, INC.",,,55,34565000.0,1,1195000.0,3,2275000.0,1432000.0,2023-2025,0.03457254448141183,0.04142919137856213,1195000.0,28140055000.0,26168084500.0,4.246615722677159e-05,5.472314949151131e-05
Bay Area,54930072OCHTUJOZQB56,Liberty,,,6,6890000.0,2,2040000.0,2,2040000.0,1428000.0,2023-2025,0.2960812772133527,0.20725689404934688,1020000.0,28140055000.0,26168084500.0,7.249452781808706e-05,5.457029153203782e-05
Bay Area,5493003BXKRGHQHRJV38,ITHINK FINANCIAL Credit Union,,,7,5705000.0,2,2000000.0,3,2275000.0,1427500.0,2023-2025,0.35056967572305,0.2502191060473269,1000000.0,28140055000.0,26168084500.0,7.107306648832066e-05,5.455118428710363e-05
Bay Area,549300F570XAWYN8Z237,Bank of Hope,,,5,5375000.0,1,2005000.0,1,2005000.0,1403500.0,2023-2025,0.3730232558139535,0.2611162790697674,2005000.0,28140055000.0,26168084500.0,7.125074915454146e-05,5.3634036530262656e-05
Bay Area,549300ID4RCRD8BXYH30,"ResMac, Inc.",,,4,4630000.0,2,1390000.0,2,1390000.0,1390000.0,2023-2025,0.3002159827213823,0.3002159827213823,695000.0,28140055000.0,26168084500.0,4.939578120938285e-05,5.311814091703961e-05
Bay Area,549300UM5S3HZLZHVP89,"SNAPFI, INC.",,,30,17700000.0,4,1960000.0,4,1960000.0,1372000.0,2023-2025,0.11073446327683616,0.0775141242937853,490000.0,28140055000.0,26168084500.0,6.965160515855424e-05,5.243028009940888e-05
Bay Area,5493008P6YO2KM3EO556,5493008P6YO2KM3EO556,,,37,30375000.0,1,475000.0,5,3885000.0,1355500.0,2023-2025,0.015637860082304528,0.04462551440329218,475000.0,28140055000.0,26168084500.0,1.6879853290976155e-05,5.1799741016580714e-05
Bay Area,549300PC4MFWQBNVKG88,"V.I.P. MORTGAGE, INC.",,,13,9685000.0,1,1265000.0,3,2795000.0,1344500.0,2023-2025,0.13061435209086217,0.13882292204439856,1265000.0,28140055000.0,26168084500.0,4.495371455386281e-05,5.13793816280286e-05
Bay Area,549300WYBPIWKK6SQC06,Bell Bank,,,5,4565000.0,2,1600000.0,3,2295000.0,1328500.0,2023-2025,0.35049288061336253,0.2910186199342826,800000.0,28140055000.0,26168084500.0,5.685845319065652e-05,5.076794979013462e-05
Bay Area,2WHM8VNJH63UN14OL754,The Huntington National Bank,,,16,18920000.0,1,1195000.0,2,2620000.0,1264000.0,2023-2025,0.06316067653276955,0.0668076109936575,1195000.0,28140055000.0,26168084500.0,4.246615722677159e-05,4.830311519362451e-05
Bay Area,549300UF3FPC7U6RFC59,The Central Trust Bank,,,13,12765000.0,1,1445000.0,3,2745000.0,1262500.0,2023-2025,0.11320015667841755,0.09890325107716412,1445000.0,28140055000.0,26168084500.0,5.135029053781167e-05,4.824579345882195e-05
Bay Area,549300T61O0X0RJMQ375,Bison State Bank,,,9,6895000.0,2,1150000.0,4,2610000.0,1243000.0,2023-2025,0.16678752719361856,0.18027556200145034,575000.0,28140055000.0,26168084500.0,4.0867013230784375e-05,4.750061090638866e-05
Bay Area,549300UPB8ITF7B1GI03,CATALYST MORTGAGE,,,16,9510000.0,2,1540000.0,3,2065000.0,1235500.0,2023-2025,0.1619348054679285,0.12991587802313354,770000.0,28140055000.0,26168084500.0,5.4726261196006905e-05,4.721400223237586e-05
Bay Area,549300LU20D3H1812W20,"WALL FINANCIAL, INC.",,,8,6520000.0,2,1720000.0,2,1720000.0,1204000.0,2023-2025,0.26380368098159507,0.18466257668711655,860000.0,28140055000.0,26168084500.0,6.112283717995576e-05,4.601024580152208e-05
Bay Area,549300D4ZYLSQ5LMTV35,ABSOLUTE HOME MORTGAGE CORPORATION,,,2,1660000.0,2,1660000.0,2,1660000.0,1162000.0,2023-2025,1.0,0.7,830000.0,28140055000.0,26168084500.0,5.8990645185306144e-05,4.440523722705038e-05
Bay Area,549300OSY236S7MBKO83,"CIS Financial Services, Inc.",,,19,3365000.0,5,1155000.0,5,1155000.0,1155000.0,2023-2025,0.34323922734026746,0.34323922734026746,231000.0,28140055000.0,26168084500.0,4.104469589700518e-05,4.413773579797176e-05
Bay Area,549300ZPSJZO10ZAX556,"AMERICAN HERITAGE LENDING, LLC",,,23,24645000.0,1,1155000.0,1,1155000.0,1155000.0,2023-2025,0.04686548995739501,0.04686548995739501,1155000.0,28140055000.0,26168084500.0,4.104469589700518e-05,4.413773579797176e-05
Bay Area,549300PQLK8E48ILXV41,549300PQLK8E48ILXV41,,,20,10640000.0,2,1440000.0,3,1665000.0,1140500.0,2023-2025,0.13533834586466165,0.10718984962406015,720000.0,28140055000.0,26168084500.0,5.117260787159087e-05,4.358362569488034e-05
Bay Area,549300I0HE5X0T5OI648,CALIFORNIA CREDIT UNION,,,28,25600000.0,2,1290000.0,3,2025000.0,1123500.0,2023-2025,0.050390625,0.04388671875,645000.0,28140055000.0,26168084500.0,4.584212788496682e-05,4.2933979367117986e-05
Bay Area,549300FVD3YHE65PKH97,"PANORAMA MORTGAGE GROUP, LLC",,,44,22330000.0,0,0.0,7,3675000.0,1102500.0,2023-2025,0.0,0.0493730407523511,,28140055000.0,26168084500.0,0.0,4.213147507988214e-05
Bay Area,2549009I5SQ5XN6WFU76,Residential First Capital,,,2,1330000.0,1,1205000.0,2,1330000.0,1097000.0,2023-2025,0.9060150375939849,0.824812030075188,1205000.0,28140055000.0,26168084500.0,4.2821522559213195e-05,4.192129538560608e-05
Bay Area,549300F6S4S7QMOUVG59,FIRST ENTERTAINMENT,,,4,4570000.0,1,1445000.0,2,1650000.0,1073000.0,2023-2025,0.3161925601750547,0.2347921225382932,1445000.0,28140055000.0,26168084500.0,5.135029053781167e-05,4.100414762876511e-05
Bay Area,01KWVG908KE7RKPTNP46,HomeStreet Bank,HMST,"HomeStreet, Inc.",7,4815000.0,1,1045000.0,2,2180000.0,1072000.0,2023-2025,0.21703011422637591,0.22263759086188992,1045000.0,28140055000.0,26168084500.0,3.7135677240147543e-05,4.096593313889674e-05
Bay Area,2549001EL4XFDHGNJO24,USC Credit Union,,,7,5945000.0,2,1510000.0,2,1510000.0,1057000.0,2023-2025,0.25399495374264086,0.1777964676198486,755000.0,28140055000.0,26168084500.0,5.366016519868209e-05,4.039271579087113e-05
Bay Area,5493000BAKE4VAHVCU55,SALAL Credit Union,,,1,1505000.0,1,1505000.0,1,1505000.0,1053500.0,2023-2025,1.0,0.7,1505000.0,28140055000.0,26168084500.0,5.348248253246129e-05,4.025896507633182e-05
Bay Area,5493008ZTV4S0W9DCX64,"GENWAY HOME MORTGAGE, INC.",,,26,21780000.0,1,675000.0,4,1930000.0,1051500.0,2023-2025,0.030991735537190084,0.04827823691460055,675000.0,28140055000.0,26168084500.0,2.398715993980822e-05,4.018253609659507e-05
Bay Area,549300Q50XCC0473FG63,QUORUM FEDERAL CREDIT UNION,,,20,7580000.0,3,1025000.0,4,1780000.0,1045000.0,2023-2025,0.13522427440633245,0.1378627968337731,341666.6666666667,28140055000.0,26168084500.0,3.6424946575264334e-05,3.993414191245064e-05
Bay Area,5493006YSC5JOGNPMH78,SOUTHLAND CREDIT UNION,,,4,3700000.0,1,995000.0,2,1420000.0,1037500.0,2023-2025,0.2689189189189189,0.28040540540540543,995000.0,28140055000.0,26168084500.0,3.5358850577939526e-05,3.9647533238437836e-05
Bay Area,549300LI3FDGO7UKFF39,EAST COAST CAPITAL CORP.,,,3,3825000.0,2,1470000.0,2,1470000.0,1029000.0,2023-2025,0.3843137254901961,0.2690196078431373,735000.0,28140055000.0,26168084500.0,5.223870386891568e-05,3.932271007455666e-05
Bay Area,COINQMNIM6RBU631DD85,Arvest Bank,,,8,3990000.0,2,1470000.0,2,1470000.0,1029000.0,2023-2025,0.3684210526315789,0.2578947368421053,735000.0,28140055000.0,26168084500.0,5.223870386891568e-05,3.932271007455666e-05
Bay Area,549300UT4EN6IH579Q63,"RIGHT START MORTGAGE, INC.",,,43,23795000.0,1,805000.0,6,2880000.0,1028000.0,2023-2025,0.03383063668837991,0.04320235343559571,805000.0,28140055000.0,26168084500.0,2.8606909261549063e-05,3.928449558468829e-05
Bay Area,549300G4JDIJPBEO8J84,GENHOME MORTGAGE CORPORATION,,,14,10540000.0,1,635000.0,3,2565000.0,1023500.0,2023-2025,0.06024667931688805,0.09710626185958254,635000.0,28140055000.0,26168084500.0,2.2565698610041807e-05,3.91125303802806e-05
Bay Area,549300YIOSILVWW8FH16,BRIDGELOCK CAPITAL,,,7,6855000.0,1,705000.0,3,2415000.0,1006500.0,2023-2025,0.10284463894967177,0.14682713347921225,705000.0,28140055000.0,26168084500.0,2.505325593713303e-05,3.846288405251825e-05
Bay Area,549300QD5CQZ9PPP5B09,PARTNERS Federal Credit Union,,,9,7465000.0,1,1225000.0,2,1640000.0,982000.0,2023-2025,0.1640991292699263,0.13154722036168787,1225000.0,28140055000.0,26168084500.0,4.35322532240964e-05,3.7526629050743095e-05
Bay Area,5493002WVA17MT4UFH84,5493002WVA17MT4UFH84,,,3,2175000.0,1,1225000.0,2,1630000.0,979000.0,2023-2025,0.5632183908045977,0.45011494252873563,1225000.0,28140055000.0,26168084500.0,4.35322532240964e-05,3.741198558113797e-05
Bay Area,549300UHEEV73TKCZY62,Self-Help Federal Credit Union,,,38,15150000.0,1,735000.0,5,2225000.0,961500.0,2023-2025,0.048514851485148516,0.06346534653465347,735000.0,28140055000.0,26168084500.0,2.611935193445784e-05,3.674323200844143e-05
Bay Area,549300SELI3XCH3UZW80,FIRST CENTENNIAL MORTGAGE CORPORATION,,,3,2565000.0,1,1365000.0,1,1365000.0,955499.9999999999,2023-2025,0.5321637426900585,0.3725146198830409,1365000.0,28140055000.0,26168084500.0,4.8507367878278846e-05,3.651394506923118e-05
Bay Area,549300W4FT4H1UWPGU95,GREENSTATE Credit Union,,,3,2505000.0,1,1365000.0,1,1365000.0,955499.9999999999,2023-2025,0.5449101796407185,0.38143712574850297,1365000.0,28140055000.0,26168084500.0,4.8507367878278846e-05,3.651394506923118e-05
Bay Area,549300P7QM2ETZZY0323,HERITAGE COMMUNITY CREDIT UNION,,,2,1350000.0,2,1350000.0,2,1350000.0,945000.0,2023-2025,1.0,0.7,675000.0,28140055000.0,26168084500.0,4.797431987961644e-05,3.611269292561326e-05
Bay Area,549300CLB0CCSJV6S044,SAN FRANCISCO FIRE CREDIT UNION,,,17,2325000.0,10,1130000.0,12,1490000.0,930500.0,2023-2025,0.4860215053763441,0.40021505376344085,113000.0,28140055000.0,26168084500.0,4.015628256590117e-05,3.555858282252184e-05
Bay Area,254900M2C4Q6DATP2889,254900M2C4Q6DATP2889,,,40,23650000.0,3,1185000.0,3,1185000.0,928500.0,2023-2025,0.05010570824524313,0.039260042283298095,395000.0,28140055000.0,26168084500.0,4.2110791894329985e-05,3.548215384278509e-05
Bay Area,254900P7WLDQD9IUL038,Service Federal Credit Union,,,21,22335000.0,1,915000.0,1,915000.0,915000.0,2023-2025,0.0409670920080591,0.0409670920080591,915000.0,28140055000.0,26168084500.0,3.25159279184067e-05,3.4966258229562045e-05
Bay Area,549300T5QSL6MC8M4D04,"NORWICH COMMERCIAL GROUP, INC.",,,11,7365000.0,1,1015000.0,2,1680000.0,910000.0,2023-2025,0.13781398506449424,0.12355736591989137,1015000.0,28140055000.0,26168084500.0,3.606958124282273e-05,3.477518578022018e-05
Bay Area,5493000EO85W8IS2FR22,LOGIX FEDERAL CREDIT UNION,,,11,11645000.0,0,0.0,4,3970000.0,906000.0,2023-2025,0.0,0.07780163160154573,,28140055000.0,26168084500.0,0.0,3.462232782074668e-05
Bay Area,5493002GI63WHHUTUD85,"KEYSTONE FUNDING, INC.",,,17,9875000.0,1,445000.0,4,1930000.0,890500.0,2023-2025,0.045063291139240506,0.09017721518987341,445000.0,28140055000.0,26168084500.0,1.5813757293651344e-05,3.4030003227786885e-05
Bay Area,5493002B2WMHY23GFK92,"AMERICAN FINANCIAL RESOURCES, INC.",,,41,17685000.0,1,335000.0,5,2505000.0,885500.0,2023-2025,0.01894260672886627,0.050070681368391295,335000.0,28140055000.0,26168084500.0,1.1904738636793709e-05,3.383893077844502e-05
Bay Area,2549007LQQOUAPFNHY39,OPTIONWIDE FINANCIAL CORPORATION,,,10,9240000.0,1,625000.0,3,2575000.0,884500.0,2023-2025,0.06764069264069264,0.09572510822510823,625000.0,28140055000.0,26168084500.0,2.2210333277600205e-05,3.3800716288576644e-05
Bay Area,254900MHHOS58M9D0445,Operating Engineers Local Union #3,,,26,11450000.0,1,1195000.0,2,1260000.0,856000.0,2023-2025,0.10436681222707424,0.07475982532751092,1195000.0,28140055000.0,26168084500.0,4.246615722677159e-05,3.271160332732799e-05
Bay Area,549300GTVXJ2PGXNLM73,T2 FINANCIAL LLC,,,8,7170000.0,1,775000.0,2,1540000.0,851500.0,2023-2025,0.10808926080892609,0.11875871687587168,775000.0,28140055000.0,26168084500.0,2.754081326422425e-05,3.253963812292031e-05
Bay Area,5493005EYZOUVJUXAX38,"Lakeview Community Capital, LLC",,,30,17920000.0,1,1115000.0,2,1280000.0,830000.0,2023-2025,0.062220982142857144,0.04631696428571429,1115000.0,28140055000.0,26168084500.0,3.9623234567238764e-05,3.171802659075027e-05
Bay Area,549300HVW3AI97UKTO72,Wings Financial Credit Union,,,3,2115000.0,1,465000.0,3,2115000.0,820500.0,2023-2025,0.2198581560283688,0.3879432624113475,465000.0,28140055000.0,26168084500.0,1.652448795853455e-05,3.135498893700072e-05
Bay Area,549300IIYO1S63GOQ040,"PCMA, INC.",,,2,3150000.0,1,1155000.0,1,1155000.0,808500.0,2023-2025,0.36666666666666664,0.25666666666666665,1155000.0,28140055000.0,26168084500.0,4.104469589700518e-05,3.0896415058580235e-05
Bay Area,254900HQK1GFTN5BRG15,Chicago Mortgage Solutions LLC,,,7,4345000.0,1,975000.0,2,1320000.0,786000.0,2023-2025,0.2243958573072497,0.180897583429229,975000.0,28140055000.0,26168084500.0,3.4648119913056316e-05,3.003658903654182e-05
Bay Area,254900NZOY3XB2DNSZ34,USALLIANCE FEDERAL CREDIT UNION,,,3,1815000.0,1,1005000.0,3,1815000.0,784500.0,2023-2025,0.5537190082644629,0.4322314049586777,1005000.0,28140055000.0,26168084500.0,3.571421591038113e-05,2.997926730173926e-05
Bay Area,549300KW3HYVC06WS898,Paramount Bank,,,18,10370000.0,1,775000.0,1,775000.0,775000.0,2023-2025,0.07473481195756991,0.07473481195756991,775000.0,28140055000.0,26168084500.0,2.754081326422425e-05,2.961622964798971e-05
Bay Area,549300LHJR6FIWIU8E25,FIRST NATIONS HOME FINANCE CORPORATION,,,3,2375000.0,1,1085000.0,1,1085000.0,759500.0,2023-2025,0.4568421052631579,0.3197894736842105,1085000.0,28140055000.0,26168084500.0,3.8557138569913956e-05,2.9023905055029917e-05
Bay Area,549300S5YL3OH0IVCS62,FINANCE OF AMERICA REVERSE LLC,,,1,1085000.0,1,1085000.0,1,1085000.0,759500.0,2023-2025,1.0,0.7,1085000.0,28140055000.0,26168084500.0,3.8557138569913956e-05,2.9023905055029917e-05
Bay Area,549300ZS1TR1B4LHX377,Firefighters First Federal Credit Union,,,26,16500000.0,1,955000.0,2,1780000.0,751000.0,2023-2025,0.05787878787878788,0.045515151515151515,955000.0,28140055000.0,26168084500.0,3.393738924817311e-05,2.869908189114874e-05
Bay Area,2549007UO49TL9LEDN58,2549007UO49TL9LEDN58,,,24,13890000.0,1,745000.0,1,745000.0,745000.0,2023-2025,0.05363570914326854,0.05363570914326854,745000.0,28140055000.0,26168084500.0,2.6474717266899444e-05,2.8469794951938496e-05
Bay Area,549300ZWNETGFXTBBY03,"CANOPY MORTGAGE, LLC",,,19,13575000.0,1,735000.0,1,735000.0,735000.0,2023-2025,0.05414364640883978,0.05414364640883978,735000.0,28140055000.0,26168084500.0,2.611935193445784e-05,2.808765005325476e-05
Bay Area,549300YN94MOAVYW0F52,"GoodLeap, LLC",,,64,20460000.0,1,405000.0,5,1475000.0,726000.0,2023-2025,0.019794721407624633,0.035483870967741936,405000.0,28140055000.0,26168084500.0,1.4392295963884933e-05,2.7743719644439392e-05
Bay Area,549300INKSPQCTELMO58,549300INKSPQCTELMO58,,,1,725000.0,1,725000.0,1,725000.0,725000.0,2023-2025,1.0,1.0,725000.0,28140055000.0,26168084500.0,2.5763986602016237e-05,2.770550515457102e-05
Bay Area,549300B81YWV4GBENI49,First Internet Bank of Indiana,,,2,1590000.0,1,805000.0,1,805000.0,724500.0,2023-2025,0.5062893081761006,0.4556603773584906,805000.0,28140055000.0,26168084500.0,2.8606909261549063e-05,2.7686397909636832e-05
Bay Area,549300UKYJZO6CZXIX60,549300UKYJZO6CZXIX60,,,1,1025000.0,1,1025000.0,1,1025000.0,717500.0,2023-2025,1.0,0.7,1025000.0,28140055000.0,26168084500.0,3.6424946575264334e-05,2.7418896480558215e-05
Bay Area,5493001141Z7CINOSB62,5493001141Z7CINOSB62,,,3,2285000.0,1,795000.0,1,795000.0,715500.0,2023-2025,0.3479212253829322,0.31312910284463896,795000.0,28140055000.0,26168084500.0,2.8251543929107458e-05,2.734246750082147e-05
Bay Area,549300GRGZDEH4ZGQS06,Waterstone Mortgage Corporation,,,7,3535000.0,1,1005000.0,1,1005000.0,703500.0,2023-2025,0.2842998585572843,0.19900990099009902,1005000.0,28140055000.0,26168084500.0,3.571421591038113e-05,2.688389362240098e-05
Bay Area,549300WXO2FZYE7KAW26,CERTIFIED CREDIT UNION,,,3,2445000.0,1,1005000.0,1,1005000.0,703500.0,2023-2025,0.4110429447852761,0.28773006134969326,1005000.0,28140055000.0,26168084500.0,3.571421591038113e-05,2.688389362240098e-05
Bay Area,984500F03B9034CQB904,"Beeline Loans, Inc.",,,4,2720000.0,1,695000.0,1,695000.0,695000.0,2023-2025,0.2555147058823529,0.2555147058823529,695000.0,28140055000.0,26168084500.0,2.4697890604691426e-05,2.6559070458519804e-05
Bay Area,254900YPPMV9UM5FUW09,254900YPPMV9UM5FUW09,,,3,1635000.0,1,755000.0,2,1210000.0,665000.0,2023-2025,0.4617737003058104,0.40672782874617736,755000.0,28140055000.0,26168084500.0,2.6830082599341045e-05,2.541263576246859e-05
Bay Area,54930015645SYPOM7220,"ISERVE RESIDENTIAL LENDING, LLC",,,9,4055000.0,0,0.0,5,2165000.0,649500.0,2023-2025,0.0,0.16017262638717633,,28140055000.0,26168084500.0,0.0,2.4820311169508796e-05
Bay Area,549300RU0T31BIA8UR19,549300RU0T31BIA8UR19,,,2,2160000.0,0,0.0,2,2160000.0,648000.0,2023-2025,0.0,0.3,,28140055000.0,26168084500.0,0.0,2.4762989434706236e-05
Bay Area,254900VX7NAZSPBPUE16,"Constant Investments, Inc.",,,12,7510000.0,1,915000.0,1,915000.0,640500.0,2023-2025,0.1218375499334221,0.08528628495339548,915000.0,28140055000.0,26168084500.0,3.25159279184067e-05,2.4476380760693432e-05
Bay Area,549300BXWU32AYWT1A56,UIF CORPORATION,,,61,48795000.0,1,525000.0,3,1875000.0,633500.0,2023-2025,0.010759299108515216,0.012982887590941695,525000.0,28140055000.0,26168084500.0,1.865667995318417e-05,2.4208879331614816e-05
Bay Area,549300HIVO8XPBPNVG69,NOVA FINANCIAL & INVESTMENT CORPORATION,,,16,9380000.0,0,0.0,3,2415000.0,613500.0,2023-2025,0.0,0.06540511727078892,,28140055000.0,26168084500.0,0.0,2.3444589534247338e-05
Bay Area,549300GH41JLTHV1SQ41,"WELCOME HOME FUNDING, LLC",,,14,7050000.0,1,615000.0,3,1455000.0,601500.0,2023-2025,0.08723404255319149,0.08531914893617021,615000.0,28140055000.0,26168084500.0,2.18549679451586e-05,2.298601565582685e-05
Bay Area,254900EZO02JGHXM3V19,254900EZO02JGHXM3V19,,,1,855000.0,1,855000.0,1,855000.0,598500.0,2023-2025,1.0,0.7,855000.0,28140055000.0,26168084500.0,3.0383735923757077e-05,2.287137218622173e-05
Bay Area,549300PL267CW8182203,"LoanUnited.com, LLC",,,47,26215000.0,1,205000.0,5,1715000.0,596500.0,2023-2025,0.00781995041007057,0.022754148388327292,205000.0,28140055000.0,26168084500.0,7.284989315052867e-06,2.2794943206484984e-05
Bay Area,5493002G4JO4BZ22MC13,"IVY MORTGAGE, INC.",,,2,1830000.0,1,835000.0,1,835000.0,584500.0,2023-2025,0.4562841530054645,0.3193989071038251,835000.0,28140055000.0,26168084500.0,2.967300525887387e-05,2.2336369328064497e-05
Bay Area,549300R7HGHP2I754087,TOWNE MORTGAGE COMPANY,,,22,11950000.0,0,0.0,4,1930000.0,579000.0,2023-2025,0.0,0.04845188284518828,,28140055000.0,26168084500.0,0.0,2.212618963378844e-05
Bay Area,5493000IIYWBLONJVJ30,ROUNDPOINT MORTGAGE SERVICING LLC,,,11,6075000.0,0,0.0,3,1895000.0,568500.0,2023-2025,0.0,0.09358024691358025,,28140055000.0,26168084500.0,0.0,2.1724937490170517e-05
Bay Area,549300LMP5T3UBHAEI68,VICTORIA FINANCIAL CORP.,,,4,2510000.0,1,805000.0,1,805000.0,563500.0,2023-2025,0.3207171314741036,0.22450199203187252,805000.0,28140055000.0,26168084500.0,2.8606909261549063e-05,2.1533865040828646e-05
Bay Area,2549006VWQC6XCFQO747,2549006VWQC6XCFQO747,,,17,7685000.0,2,560000.0,2,560000.0,560000.0,2023-2025,0.07286922576447626,0.07286922576447626,280000.0,28140055000.0,26168084500.0,1.9900458616729783e-05,2.140011432628934e-05
Bay Area,549300K6K2IS7FRS7S09,"North American Savings Bank, F.S.B.",,,13,10475000.0,0,0.0,1,1835000.0,550500.0,2023-2025,0.0,0.05255369928400955,,28140055000.0,26168084500.0,0.0,2.103707667253979e-05
Bay Area,549300U7UH8QCS8WQ406,PURDUE,,,4,4140000.0,1,545000.0,1,545000.0,545000.0,2023-2025,0.1316425120772947,0.1316425120772947,545000.0,28140055000.0,26168084500.0,1.9367410618067376e-05,2.0826896978263732e-05
Bay Area,549300ZEHLZ064G58146,"Sterling Bank and Trust, FSB",,,1,775000.0,1,775000.0,1,775000.0,542500.0,2023-2025,1.0,0.7,775000.0,28140055000.0,26168084500.0,2.754081326422425e-05,2.0731360753592796e-05
Bay Area,54930022CQGV47Q8PM03,"SERVIS ONE, INC.",,,3,1585000.0,1,765000.0,1,765000.0,535500.0,2023-2025,0.48264984227129337,0.33785488958990534,765000.0,28140055000.0,26168084500.0,2.718544793178265e-05,2.0463859324514182e-05
Bay Area,X05BVSK68TQ7YTOSNR22,Discover Bank,,,9,1645000.0,4,700000.0,4,700000.0,531000.0,2023-2025,0.425531914893617,0.32279635258358663,175000.0,28140055000.0,26168084500.0,2.487557327091223e-05,2.02918941201065e-05
Bay Area,5493008SP1FN4D81IS17,Toyota Financial Savings Bank,,,9,12525000.0,0,0.0,2,1740000.0,522000.0,2023-2025,0.0,0.04167664670658683,,28140055000.0,26168084500.0,0.0,1.9947963711291135e-05
Bay Area,549300KDDWLC5I8K6C44,ORANGE COUNTY'S CREDIT UNION,,,5,2945000.0,0,0.0,2,1720000.0,516000.0,2023-2025,0.0,0.17521222410865875,,28140055000.0,26168084500.0,0.0,1.971867677208089e-05
Bay Area,549300JRDGV1559XM376,"CASTLE & COOKE MORTGAGE, LLC",,,8,4640000.0,0,0.0,3,1715000.0,514500.0,2023-2025,0.0,0.11088362068965517,,28140055000.0,26168084500.0,0.0,1.966135503727833e-05
Bay Area,549300P1347BFCBHJV60,MASS. INSTITUTE OF TECH. FEDERAL CREDIT UNION,,,4,1910000.0,1,725000.0,1,725000.0,507499.99999999994,2023-2025,0.3795811518324607,0.2657068062827225,725000.0,28140055000.0,26168084500.0,2.5763986602016237e-05,1.939385360819971e-05
Bay Area,549300Q6YL1SFVPEGV90,"INTELLILOAN, INC.",,,31,16595000.0,1,725000.0,1,725000.0,507499.99999999994,2023-2025,0.04368785778849051,0.030581500451943352,725000.0,28140055000.0,26168084500.0,2.5763986602016237e-05,1.939385360819971e-05
Bay Area,549300ALNLUNS3Y53T24,AMERICAN FINANCING CORPORATION,,,20,9310000.0,1,185000.0,3,1435000.0,504500.0,2023-2025,0.01987110633727175,0.0541890440386681,185000.0,28140055000.0,26168084500.0,6.57425865016966e-06,1.927921013859459e-05
Bay Area,5493009CYWXD5RBPIX14,CALTECH EMPLOYEES FEDERAL CREDIT UNION,,,9,7845000.0,0,0.0,1,1655000.0,496500.0,2023-2025,0.0,0.0632887189292543,,28140055000.0,26168084500.0,0.0,1.89734942196476e-05
Bay Area,549300NZWZUYUWEOA562,549300NZWZUYUWEOA562,,,1,685000.0,1,685000.0,1,685000.0,479499.99999999994,2023-2025,1.0,0.7,685000.0,28140055000.0,26168084500.0,2.4342525272249824e-05,1.8323847891885243e-05
Bay Area,2549008G9SP4WM32NN96,2549008G9SP4WM32NN96,,,7,4695000.0,0,0.0,3,2035000.0,477500.0,2023-2025,0.0,0.10170394036208733,,28140055000.0,26168084500.0,0.0,1.82474189121485e-05
Bay Area,549300R0SXC1JU7ZU290,"FIRST COMMUNITY MORTGAGE, INC.",,,24,13250000.0,1,465000.0,1,465000.0,465000.0,2023-2025,0.03509433962264151,0.03509433962264151,465000.0,28140055000.0,26168084500.0,1.652448795853455e-05,1.7769737788793826e-05
Bay Area,549300YPBBHUEKV1YC68,"CITY FIRST MORTGAGE SERVICES, L.L.C.",,,9,4915000.0,0,0.0,2,1540000.0,462000.0,2023-2025,0.0,0.09399796541200407,,28140055000.0,26168084500.0,0.0,1.7655094319188706e-05
Bay Area,254900URXOKFMBYQ0V69,254900URXOKFMBYQ0V69,,,2,1080000.0,1,655000.0,1,655000.0,458500.0,2023-2025,0.6064814814814815,0.42453703703703705,655000.0,28140055000.0,26168084500.0,2.3276429274925013e-05,1.7521343604649396e-05
Bay Area,254900YVV9JOGMYFZO90,254900YVV9JOGMYFZO90,,,4,2310000.0,1,645000.0,1,645000.0,451500.0,2023-2025,0.2792207792207792,0.19545454545454546,645000.0,28140055000.0,26168084500.0,2.292106394248341e-05,1.725384217557078e-05
Bay Area,9845005BP6974AE5D838,9845005BP6974AE5D838,,,19,11865000.0,0,0.0,2,1490000.0,447000.0,2023-2025,0.0,0.037673830594184575,,28140055000.0,26168084500.0,0.0,1.70818769711631e-05
Bay Area,254900RM3T6WAVE6SA24,AML FUNDING LLC,,,4,3930000.0,1,355000.0,2,1000000.0,442000.0,2023-2025,0.09033078880407125,0.11246819338422392,355000.0,28140055000.0,26168084500.0,1.2615469301676915e-05,1.689080452182123e-05
Bay Area,5493002Y5XYV7DV1ZV88,"GOLD STAR MORTGAGE FINANCIAL GROUP, CORPORATION",,,10,7130000.0,1,625000.0,1,625000.0,437500.0,2023-2025,0.0876577840112202,0.061360448807854136,625000.0,28140055000.0,26168084500.0,2.2210333277600205e-05,1.6718839317413545e-05
Bay Area,5493008BSTI0PQR0IL08,Superior Choice Credit Union,,,6,1080000.0,2,420000.0,2,420000.0,420000.0,2023-2025,0.3888888888888889,0.3888888888888889,210000.0,28140055000.0,26168084500.0,1.4925343962547337e-05,1.6050085744717005e-05
Bay Area,549300XED7IBK9VVQH70,549300XED7IBK9VVQH70,,,12,6900000.0,1,455000.0,2,790000.0,419000.0,2023-2025,0.06594202898550725,0.06072463768115942,455000.0,28140055000.0,26168084500.0,1.616912262609295e-05,1.601187125484863e-05
Bay Area,5493002DRIX59V47NM65,LOS ANGELES POLICE Federal Credit Union,,,1,595000.0,1,595000.0,1,595000.0,416500.0,2023-2025,1.0,0.7,595000.0,28140055000.0,26168084500.0,2.1144237280275394e-05,1.5916335030177695e-05
Bay Area,2549004CU9LAM5CYA280,KWIK MORTGAGE CORPORATION,,,7,6605000.0,1,585000.0,1,585000.0,409500.0,2023-2025,0.08856926570779712,0.061998485995457986,585000.0,28140055000.0,26168084500.0,2.0788871947833792e-05,1.5648833601099078e-05
Bay Area,549300F8C5JA44WNMI75,AMERICAN NEIGHBORHOOD MORTGAGE ACCEPTANCE COMPANY LLC,,,12,5690000.0,1,585000.0,1,585000.0,409500.0,2023-2025,0.10281195079086115,0.07196836555360281,585000.0,28140055000.0,26168084500.0,2.0788871947833792e-05,1.5648833601099078e-05
Bay Area,54930060G4MDPWHISD89,EVERGREEN MONEYSOURCE MORTGAGE COMPANY,,,12,6580000.0,0,0.0,2,1360000.0,408000.0,2023-2025,0.0,0.06200607902735562,,28140055000.0,26168084500.0,0.0,1.5591511866296518e-05
Bay Area,549300J7XKT2BI5WX213,"CALIBER HOME LOANS, INC.",,,125,68405000.0,0,0.0,2,1350000.0,405000.0,2023-2025,0.0,0.00592061983773116,,28140055000.0,26168084500.0,0.0,1.5476868396691398e-05
Bay Area,549300ZBXINP1Y94CN02,"DIRECTORS MORTGAGE, INC.",,,15,10715000.0,0,0.0,2,1350000.0,405000.0,2023-2025,0.0,0.0377974801679888,,28140055000.0,26168084500.0,0.0,1.5476868396691398e-05
Bay Area,549300O1ESL3X18LPG95,California Coast Credit Union,,,6,6380000.0,0,0.0,2,1930000.0,402000.0,2023-2025,0.0,0.06300940438871473,,28140055000.0,26168084500.0,0.0,1.5362224927086274e-05
Bay Area,549300J1354ZHZC8JP58,549300J1354ZHZC8JP58,,,1,565000.0,1,565000.0,1,565000.0,395500.0,2023-2025,1.0,0.7,565000.0,28140055000.0,26168084500.0,2.0078141282950586e-05,1.5113830742941846e-05
Bay Area,5493008CPTDVOS570626,Third Federal Savings and Loan Association of Cleveland,,,18,6150000.0,2,560000.0,2,560000.0,392000.0,2023-2025,0.0910569105691057,0.06373983739837398,280000.0,28140055000.0,26168084500.0,1.9900458616729783e-05,1.4980080028402537e-05
Bay Area,549300Y4BSP3BSFW7J29,DELTA COMMUNITY CREDIT UNION,,,4,3740000.0,0,0.0,1,1205000.0,361500.0,2023-2025,0.0,0.0966577540106952,,28140055000.0,26168084500.0,0.0,1.3814538087417136e-05
Bay Area,5493004T9SQFCNRQ2L76,DELMAR FINANCIAL COMPANY,,,3,1755000.0,0,0.0,2,1170000.0,351000.0,2023-2025,0.0,0.2,,28140055000.0,26168084500.0,0.0,1.341328594379921e-05
Bay Area,549300NW5S24O35U1962,NOBLE,,,2,1150000.0,1,485000.0,1,485000.0,339500.0,2023-2025,0.4217391304347826,0.2952173913043478,485000.0,28140055000.0,26168084500.0,1.7235218623417757e-05,1.2973819310312912e-05
Bay Area,549300T7HRS5DVBUPQ06,549300T7HRS5DVBUPQ06,,,19,11635000.0,1,485000.0,1,485000.0,339500.0,2023-2025,0.041684572410829394,0.029179200687580575,485000.0,28140055000.0,26168084500.0,1.7235218623417757e-05,1.2973819310312912e-05
Bay Area,254900JH11ROOV921P96,ML Mortgage Corp.,,,11,5915000.0,0,0.0,2,1130000.0,339000.0,2023-2025,0.0,0.05731191885038039,,28140055000.0,26168084500.0,0.0,1.2954712065378725e-05
Bay Area,549300DDLYW49R2HCV81,EASTMAN CREDIT UNION,,,1,475000.0,1,475000.0,1,475000.0,332500.0,2023-2025,1.0,0.7,475000.0,28140055000.0,26168084500.0,1.6879853290976155e-05,1.2706317881234295e-05
Bay Area,549300ONBM4MGXXBTA44,"AMCAP MORTGAGE, LTD.",,,19,11895000.0,0,0.0,1,1105000.0,331500.0,2023-2025,0.0,0.027868852459016394,,28140055000.0,26168084500.0,0.0,1.2668103391365922e-05
Bay Area,549300P55E0GN57DEV03,"GEO-CORP, INC.",,,7,4255000.0,1,205000.0,2,820000.0,328000.0,2023-2025,0.0481786133960047,0.07708578143360752,205000.0,28140055000.0,26168084500.0,7.284989315052867e-06,1.2534352676826613e-05
Bay Area,549300XBOKNEE2CQJL92,"AUGUSTA FINANCIAL, INC.",,,15,10005000.0,0,0.0,2,1090000.0,327000.0,2023-2025,0.0,0.032683658170914544,,28140055000.0,26168084500.0,0.0,1.249613818695824e-05
Bay Area,54930098QK48NVYBZC62,EZ FUNDINGS INC.,,,10,6040000.0,0,0.0,2,1070000.0,321000.0,2023-2025,0.0,0.05314569536423841,,28140055000.0,26168084500.0,0.0,1.2266851247747996e-05
Bay Area,549300LH06ZZHKPX5U83,BNC National Bank,,,11,7365000.0,0,0.0,2,1040000.0,312000.0,2023-2025,0.0,0.04236252545824847,,28140055000.0,26168084500.0,0.0,1.1922920838932633e-05
Bay Area,549300BLL6VL7AXWYP56,CHURCHILL MORTGAGE CORPORATION,,,22,12160000.0,0,0.0,2,1570000.0,310000.0,2023-2025,0.0,0.02549342105263158,,28140055000.0,26168084500.0,0.0,1.1846491859195884e-05
Bay Area,549300THBFHMP4WJ0323,I.L.W.U.,,,4,1290000.0,1,405000.0,2,490000.0,309000.0,2023-2025,0.313953488372093,0.23953488372093024,405000.0,28140055000.0,26168084500.0,1.4392295963884933e-05,1.180827736932751e-05
Bay Area,254900AD895KKZTSFT42,"MORTGAGE ASSURANCE, INC.",,,1,1025000.0,0,0.0,1,1025000.0,307500.0,2023-2025,0.0,0.3,,28140055000.0,26168084500.0,0.0,1.1750955634524949e-05
Bay Area,549300LF0MZUT1N6QL28,"PACIFIC HOME LOANS, INC.",,,1,305000.0,1,305000.0,1,305000.0,305000.0,2023-2025,1.0,1.0,305000.0,28140055000.0,26168084500.0,1.0838642639468899e-05,1.1655419409854016e-05
Bay Area,549300CP7747DCRW6U68,Carrollton Bank,,,1,1005000.0,0,0.0,1,1005000.0,301500.0,2023-2025,0.0,0.3,,28140055000.0,26168084500.0,0.0,1.1521668695314707e-05
Bay Area,549300G5ZQEXZC4Y5G44,UNIVERSITY CREDIT UNION,,,4,4030000.0,0,0.0,1,1005000.0,301500.0,2023-2025,0.0,0.07481389578163772,,28140055000.0,26168084500.0,0.0,1.1521668695314707e-05
Bay Area,WKN6AF1FCL7BBYGTGI83,First Savings Bank,,,14,7680000.0,0,0.0,2,990000.0,297000.0,2023-2025,0.0,0.038671875,,28140055000.0,26168084500.0,0.0,1.1349703490907024e-05
Bay Area,549300SCFWZXMDMZPE93,"RESIDENTIAL MORTGAGE, LLC",,,2,2040000.0,0,0.0,1,985000.0,295500.0,2023-2025,0.0,0.1448529411764706,,28140055000.0,26168084500.0,0.0,1.1292381756104464e-05
Bay Area,5493000RV6UQ52SVTV40,5493000RV6UQ52SVTV40,,,4,3760000.0,0,0.0,2,1680000.0,287000.0,2023-2025,0.0,0.07632978723404256,,28140055000.0,26168084500.0,0.0,1.0967558592223287e-05
Bay Area,2549007IU6SKFLLNKZ07,2549007IU6SKFLLNKZ07,,,3,2185000.0,0,0.0,1,955000.0,286500.0,2023-2025,0.0,0.1311212814645309,,28140055000.0,26168084500.0,0.0,1.09484513472891e-05
Bay Area,549300ELXS6PBT8OEE44,Air Academy Federal Credit Union,,,1,935000.0,0,0.0,1,935000.0,280500.0,2023-2025,0.0,0.3,,28140055000.0,26168084500.0,0.0,1.0719164408078857e-05
Bay Area,549300S1ULK3TJQ8I652,FIRST CITY,,,1,395000.0,1,395000.0,1,395000.0,276500.0,2023-2025,1.0,0.7,395000.0,28140055000.0,26168084500.0,1.403693063144333e-05,1.0566306448605361e-05
Bay Area,549300T3F9S1MKFKHC53,HOMESTEAD FUNDING CORP.,,,5,3215000.0,0,0.0,2,860000.0,258000.0,2023-2025,0.0,0.080248833592535,,28140055000.0,26168084500.0,0.0,9.859338386040446e-06
Bay Area,54930035U7Q80J7HTS79,CAMPOS FINANCIAL CORP.,,,2,1110000.0,0,0.0,1,805000.0,241500.0,2023-2025,0.0,0.21756756756756757,,28140055000.0,26168084500.0,0.0,9.228799303212277e-06
Bay Area,549300GS6ONO04ORI292,Willamette Valley Bank,,,2,1060000.0,0,0.0,1,805000.0,241500.0,2023-2025,0.0,0.2278301886792453,,28140055000.0,26168084500.0,0.0,9.228799303212277e-06
Bay Area,549300QSUEE20YO86W39,SPECIALIZED LOAN SERVICING LLC,,,1,345000.0,1,345000.0,1,345000.0,241499.99999999997,2023-2025,1.0,0.7,345000.0,28140055000.0,26168084500.0,1.2260103969235312e-05,9.228799303212277e-06
Bay Area,5493008E4KBJCB6UKR64,"DATA MORTGAGE, INC.",,,8,4980000.0,0,0.0,1,795000.0,238500.0,2023-2025,0.0,0.04789156626506024,,28140055000.0,26168084500.0,0.0,9.114155833607157e-06
Bay Area,5493003B2LEGQHDWRN55,Hanscom Federal Credit Union,,,3,1395000.0,1,235000.0,1,235000.0,235000.0,2023-2025,0.16845878136200718,0.16845878136200718,235000.0,28140055000.0,26168084500.0,8.351085312377676e-06,8.980405119067848e-06
Bay Area,5493001P38O8QXGI6503,SEA WEST COAST GUARD FEDERAL CREDIT UNION,,,8,3120000.0,1,335000.0,1,335000.0,234499.99999999997,2023-2025,0.10737179487179487,0.0751602564102564,335000.0,28140055000.0,26168084500.0,1.1904738636793709e-05,8.96129787413366e-06
Bay Area,54930021DZJ9CEN11D61,"TJC Mortgage, Inc.",,,14,7250000.0,0,0.0,1,765000.0,229500.0,2023-2025,0.0,0.031655172413793106,,28140055000.0,26168084500.0,0.0,8.770225424791791e-06
Bay Area,549300LP0CV2MNC1GV68,"Academy Bank, National Association",,,1,755000.0,0,0.0,1,755000.0,226500.0,2023-2025,0.0,0.3,,28140055000.0,26168084500.0,0.0,8.65558195518667e-06
Bay Area,54930039IUN6515TBG78,US MORTGAGE CORPORATION,,,2,1230000.0,0,0.0,1,725000.0,217500.0,2023-2025,0.0,0.17682926829268292,,28140055000.0,26168084500.0,0.0,8.311651546371306e-06
Bay Area,5493000XC2Y1SLXRQP11,"INFINITY EQUITY GROUP, INC.",,,23,13445000.0,1,305000.0,1,305000.0,213500.0,2023-2025,0.022685013015991073,0.015879509111193752,305000.0,28140055000.0,26168084500.0,1.0838642639468899e-05,8.15879358689781e-06
Bay Area,254900HO9WPE4LTLQU96,Valley West Corporation,,,7,5215000.0,0,0.0,1,705000.0,211500.0,2023-2025,0.0,0.04055608820709492,,28140055000.0,26168084500.0,0.0,8.082364607161062e-06
Bay Area,5493002QI2ILHHZH8D20,"KBHS HOME LOANS, LLC",,,550,367150000.0,0,0.0,1,705000.0,211500.0,2023-2025,0.0,0.0005760588315402424,,28140055000.0,26168084500.0,0.0,8.082364607161062e-06
Bay Area,549300YW2UBCMDRMBT48,"RELIANCE FIRST CAPITAL, LLC",,,1,705000.0,0,0.0,1,705000.0,211500.0,2023-2025,0.0,0.3,,28140055000.0,26168084500.0,0.0,8.082364607161062e-06
Bay Area,549300RIPPSJXAQKZ383,549300RIPPSJXAQKZ383,,,1,685000.0,0,0.0,1,685000.0,205500.0,2023-2025,0.0,0.3,,28140055000.0,26168084500.0,0.0,7.85307766795082e-06
Bay Area,5493000YNV8IX4VD3X12,"VANDERBILT MORTGAGE AND FINANCE, INC.",,,17,3725000.0,1,205000.0,1,205000.0,205000.0,2023-2025,0.05503355704697987,0.05503355704697987,205000.0,28140055000.0,26168084500.0,7.284989315052867e-06,7.833970423016634e-06
Bay Area,2549004OC91L41W9XR37,EDUCATIONAL EMPLOYEES CREDIT UNION,,,10,7010000.0,0,0.0,2,680000.0,204000.0,2023-2025,0.0,0.029101283880171185,,28140055000.0,26168084500.0,0.0,7.795755933148259e-06
Bay Area,549300REPZK0JXAZ6D94,"FISHER FINANCIAL GROUP, INCORPORATED",,,5,2655000.0,0,0.0,1,655000.0,196500.0,2023-2025,0.0,0.07401129943502825,,28140055000.0,26168084500.0,0.0,7.509147259135455e-06
Bay Area,549300PIL8LFAQ04XC20,"SPRING EQ, LLC",,,2,770000.0,1,275000.0,1,275000.0,192500.0,2023-2025,0.35714285714285715,0.25,275000.0,28140055000.0,26168084500.0,9.77254664214409e-06,7.35628929966196e-06
Bay Area,549300I43FC7P0IJMR13,"LOANLEADERS OF AMERICA, INC.",,,3,2145000.0,0,0.0,2,1130000.0,192000.0,2023-2025,0.0,0.08951048951048951,,28140055000.0,26168084500.0,0.0,7.337182054727773e-06
Bay Area,549300OLJQ30ZT21BC55,BANC ONE MORTGAGE CORPORATION,,,3,1695000.0,0,0.0,1,635000.0,190500.0,2023-2025,0.0,0.11238938053097346,,28140055000.0,26168084500.0,0.0,7.2798603199252125e-06
Bay Area,549300KZC4KKV3F7W494,BAY,,,18,11750000.0,0,0.0,1,615000.0,184500.0,2023-2025,0.0,0.015702127659574468,,28140055000.0,26168084500.0,0.0,7.05057338071497e-06
Bay Area,549300EFCZM6KD6B8K69,MORTGAGE ACCESS CORP.,,,3,3835000.0,0,0.0,1,1825000.0,182500.0,2023-2025,0.0,0.04758800521512386,,28140055000.0,26168084500.0,0.0,6.974144400978222e-06
Bay Area,549300FTR6GEUX8QTI81,"HOME APPROVALS DIRECT, INC.",,,2,1130000.0,0,0.0,1,605000.0,181500.0,2023-2025,0.0,0.16061946902654867,,28140055000.0,26168084500.0,0.0,6.935929911109848e-06
Bay Area,549300TTPRGSP8DGY569,WRIGHT PATMAN CONGRESSIONAL FEDERAL CREDIT UNION,,,3,2255000.0,0,0.0,1,605000.0,181500.0,2023-2025,0.0,0.08048780487804878,,28140055000.0,26168084500.0,0.0,6.935929911109848e-06
Bay Area,549300CK7U1WMTIG6687,HIGHTECHLENDING INC,,,13,12875000.0,0,0.0,1,595000.0,178500.0,2023-2025,0.0,0.013864077669902913,,28140055000.0,26168084500.0,0.0,6.821286441504727e-06
Bay Area,549300G5DVGM0ZHRQC33,CLEARPATH LENDING,,,9,5275000.0,0,0.0,1,575000.0,172500.0,2023-2025,0.0,0.032701421800947865,,28140055000.0,26168084500.0,0.0,6.5919995022944835e-06
Bay Area,54930030Z1JWTP3SVD16,"TOP FLITE FINANCIAL, INC.",,,23,12105000.0,0,0.0,1,565000.0,169500.0,2023-2025,0.0,0.014002478314745973,,28140055000.0,26168084500.0,0.0,6.477356032689363e-06
Bay Area,9845006YE04B346EC919,9845006YE04B346EC919,,,9,5145000.0,0,0.0,1,565000.0,169500.0,2023-2025,0.0,0.03294460641399417,,28140055000.0,26168084500.0,0.0,6.477356032689363e-06
Bay Area,2549009RNMXHS9AICA61,Kaiperm Federal Credit Union,,,4,4200000.0,0,0.0,1,1605000.0,160500.0,2023-2025,0.0,0.038214285714285715,,28140055000.0,26168084500.0,0.0,6.133425623873998e-06
Bay Area,549300B2JJHSM77T5Y41,LIBERTY HOME MORTGAGE CORPORATION,,,3,1955000.0,0,0.0,1,525000.0,157500.0,2023-2025,0.0,0.08056265984654731,,28140055000.0,26168084500.0,0.0,6.018782154268876e-06
Bay Area,549300VMX06UV1F7NS76,"SUCCESS MORTGAGE PARTNERS, INC.",,,13,7155000.0,1,225000.0,1,225000.0,157500.0,2023-2025,0.031446540880503145,0.0220125786163522,225000.0,28140055000.0,26168084500.0,7.995719979936073e-06,6.018782154268876e-06
Bay Area,549300UVOSI4XZZGUE14,"VERITAS FUNDING, LLC",,,10,4900000.0,0,0.0,1,485000.0,145500.0,2023-2025,0.0,0.029693877551020407,,28140055000.0,26168084500.0,0.0,5.560208275848391e-06
Bay Area,549300W1HU6IVVIEJ389,"RANLIFE, INC.",,,4,1830000.0,0,0.0,1,485000.0,145500.0,2023-2025,0.0,0.07950819672131147,,28140055000.0,26168084500.0,0.0,5.560208275848391e-06
Bay Area,549300C4RD3C53QCM649,"STARBOARD FINANCIAL MANAGEMENT, LLC",,,7,4315000.0,0,0.0,1,475000.0,142500.0,2023-2025,0.0,0.03302433371958285,,28140055000.0,26168084500.0,0.0,5.445564806243269e-06
Bay Area,5493007CLWQN2S6IZK91,"Armed Forces Bank, National Association",,,9,6955000.0,0,0.0,1,445000.0,133500.0,2023-2025,0.0,0.019194823867721065,,28140055000.0,26168084500.0,0.0,5.101634397427905e-06
Bay Area,254900WEQ8ITQNQ9AQ74,"TOTAL QUALITY FINANCIAL, INC.",,,6,2830000.0,0,0.0,1,435000.0,130500.0,2023-2025,0.0,0.046113074204946994,,28140055000.0,26168084500.0,0.0,4.986990927822784e-06
Bay Area,549300DFCG6GF21KOW34,EXCITE Credit Union,,,13,8905000.0,0,0.0,1,415000.0,124500.0,2023-2025,0.0,0.013980909601347558,,28140055000.0,26168084500.0,0.0,4.75770398861254e-06
Bay Area,549300C232ZWY1I57C16,WESCOM CENTRAL CREDIT UNION,,,2,1020000.0,0,0.0,1,405000.0,121500.0,2023-2025,0.0,0.11911764705882352,,28140055000.0,26168084500.0,0.0,4.643060519007419e-06
Bay Area,549300PXIFIEPL7D7R86,Brighton Bank,,,1,395000.0,0,0.0,1,395000.0,118500.0,2023-2025,0.0,0.3,,28140055000.0,26168084500.0,0.0,4.5284170494022975e-06
Bay Area,549300H83ZXQ4TDSXI83,WHEELHOUSE CREDIT UNION,,,1,375000.0,0,0.0,1,375000.0,112500.0,2023-2025,0.0,0.3,,28140055000.0,26168084500.0,0.0,4.299130110192055e-06
Bay Area,5493005HCI0Y8LUK5S48,GUARANTY HOME MORTGAGE CORPORATION,,,12,8580000.0,0,0.0,1,1085000.0,108500.0,2023-2025,0.0,0.012645687645687645,,28140055000.0,26168084500.0,0.0,4.14627215071856e-06
Bay Area,54930049L5WINET09Q97,"Click n' Close, Inc.",,,31,17525000.0,0,0.0,1,355000.0,106500.0,2023-2025,0.0,0.006077032810271042,,28140055000.0,26168084500.0,0.0,4.069843170981812e-06
Bay Area,GDN5JXQ4P5NZE28ZRC90,City National Bank of Florida,,,3,3205000.0,0,0.0,1,1015000.0,101500.0,2023-2025,0.0,0.03166926677067083,,28140055000.0,26168084500.0,0.0,3.878770721639943e-06
Bay Area,549300UG7QXKM7KGV847,ROYAL UNITED MORTGAGE LLC,,,22,2380000.0,1,95000.0,2,190000.0,95000.0,2023-2025,0.03991596638655462,0.03991596638655462,95000.0,28140055000.0,26168084500.0,3.375970658195231e-06,3.630376537495513e-06
Bay Area,2549005FUF02T1IFCA22,2549005FUF02T1IFCA22,,,2,820000.0,0,0.0,1,285000.0,85500.0,2023-2025,0.0,0.10426829268292682,,28140055000.0,26168084500.0,0.0,3.2673388837459618e-06
Bay Area,549300PBTV7FCWLSMM53,"MORTGAGE SOLUTIONS OF COLORADO, LLC",,,11,6005000.0,0,0.0,1,245000.0,73500.0,2023-2025,0.0,0.012239800166527894,,28140055000.0,26168084500.0,0.0,2.808765005325476e-06
Bay Area,549300B0HNWBV7RX2661,Financial Partners Credit Union,,,11,9265000.0,0,0.0,1,715000.0,71500.0,2023-2025,0.0,0.0077172153264975715,,28140055000.0,26168084500.0,0.0,2.732336025588728e-06
Bay Area,254900I68BOSEM149Q58,"ENCOMPASS LENDING GROUP, LP",,,2,650000.0,0,0.0,1,195000.0,58500.0,2023-2025,0.0,0.09,,28140055000.0,26168084500.0,0.0,2.2355476572998683e-06
Bay Area,549300QVGK8WC4HQ3C28,PRINCETON MORTGAGE CORPORATION,,,1,575000.0,0,0.0,1,575000.0,57500.0,2023-2025,0.0,0.1,,28140055000.0,26168084500.0,0.0,2.1973331674314945e-06
Bay Area,549300MD3D3OC2CSGX39,SANTA CLARA COUNTY FEDERAL CREDIT UNION,,,36,16810000.0,1,45000.0,1,45000.0,45000.0,2023-2025,0.002676977989292088,0.002676977989292088,45000.0,28140055000.0,26168084500.0,1.5991439959872147e-06,1.719652044076822e-06
Bay Area,549300OGIGNKGO2DX942,FEDEX EMPLOYEES CREDIT ASSOCIATION,,,1,385000.0,0,0.0,1,385000.0,38500.0,2023-2025,0.0,0.1,,28140055000.0,26168084500.0,0.0,1.471257859932392e-06
Bay Area,254900FSIRD1E5MR0U30,RMS & ASSOCIATES,,,1,125000.0,0,0.0,1,125000.0,37500.0,2023-2025,0.0,0.3,,28140055000.0,26168084500.0,0.0,1.4330433700640182e-06
Bay Area,1TMVIO1SD0RLIPEIW803,Great Southern Bank,,,1,685000.0,0,0.0,0,0.0,0.0,2023-2025,0.0,0.0,,28140055000.0,26168084500.0,0.0,0.0
Bay Area,25490018IFQOT83Q7H49,"GO MORTGAGE, LLC",,,10,5030000.0,0,0.0,0,0.0,0.0,2023-2025,0.0,0.0,,28140055000.0,26168084500.0,0.0,0.0
Bay Area,254900378RFGMBEKAF12,Empeople Credit Union,,,1,445000.0,0,0.0,0,0.0,0.0,2023-2025,0.0,0.0,,28140055000.0,26168084500.0,0.0,0.0
Bay Area,2549004W7ZN0N715U578,CommonWealth Central Credit Union,,,3,765000.0,0,0.0,0,0.0,0.0,2023-2025,0.0,0.0,,28140055000.0,26168084500.0,0.0,0.0
Bay Area,2549005DO6VPVH5MOS59,CREDIT UNION OF SOUTHERN CALIFORNIA,,,1,795000.0,0,0.0,0,0.0,0.0,2023-2025,0.0,0.0,,28140055000.0,26168084500.0,0.0,0.0
Bay Area,2549007AU24FVDMNUB40,Connexus Credit Union,,,3,2365000.0,0,0.0,0,0.0,0.0,2023-2025,0.0,0.0,,28140055000.0,26168084500.0,0.0,0.0
Bay Area,2549007E9BI08H1N1T92,AAFMAA Mortgage Services LLC,,,1,505000.0,0,0.0,0,0.0,0.0,2023-2025,0.0,0.0,,28140055000.0,26168084500.0,0.0,0.0
Bay Area,2549007JZSAICH4GZJ60,POINT MORTGAGE CORPORATION,,,3,1415000.0,0,0.0,0,0.0,0.0,2023-2025,0.0,0.0,,28140055000.0,26168084500.0,0.0,0.0
Bay Area,2549007M6CTUCB5K0R54,San Joaquin Power Employees Credit Union,,,2,1270000.0,0,0.0,0,0.0,0.0,2023-2025,0.0,0.0,,28140055000.0,26168084500.0,0.0,0.0
Bay Area,2549007ZL90U2M5ZNA78,United Fidelity Funding Corp.,,,4,2850000.0,0,0.0,0,0.0,0.0,2023-2025,0.0,0.0,,28140055000.0,26168084500.0,0.0,0.0
Bay Area,2549008LUH7QKMXQ8N53,2549008LUH7QKMXQ8N53,,,3,2825000.0,0,0.0,0,0.0,0.0,2023-2025,0.0,0.0,,28140055000.0,26168084500.0,0.0,0.0
Bay Area,2549008TT6UNYR7AXF54,"Sunflower Bank, National Association",,,12,8810000.0,0,0.0,0,0.0,0.0,2023-2025,0.0,0.0,,28140055000.0,26168084500.0,0.0,0.0
Bay Area,254900AX110CHF6FVV28,"TOWN SQUARE MORTGAGE & INVESTMENTS, LLC",,,1,245000.0,0,0.0,0,0.0,0.0,2023-2025,0.0,0.0,,28140055000.0,26168084500.0,0.0,0.0
Bay Area,254900BBEPZS8MDE1S61,F&A Federal Credit Union,,,5,2685000.0,0,0.0,0,0.0,0.0,2023-2025,0.0,0.0,,28140055000.0,26168084500.0,0.0,0.0
Bay Area,254900D8UVDBN0LNLV64,Platinum Home Mortgage Corporation,,,11,5935000.0,0,0.0,0,0.0,0.0,2023-2025,0.0,0.0,,28140055000.0,26168084500.0,0.0,0.0
Bay Area,254900EZRN0CBEP77K34,State Department Federal Credit Union,,,1,455000.0,0,0.0,0,0.0,0.0,2023-2025,0.0,0.0,,28140055000.0,26168084500.0,0.0,0.0
Bay Area,254900F9ZTVTX763V835,"Advisors Mortgage Group, L.L.C.",,,1,675000.0,0,0.0,0,0.0,0.0,2023-2025,0.0,0.0,,28140055000.0,26168084500.0,0.0,0.0
Bay Area,254900HIDMT4ZG09RP47,CREDENCE FUNDING CORPORATION,,,1,705000.0,0,0.0,0,0.0,0.0,2023-2025,0.0,0.0,,28140055000.0,26168084500.0,0.0,0.0
Bay Area,254900J2RKTTDJSUWD76,254900J2RKTTDJSUWD76,,,2,1420000.0,0,0.0,0,0.0,0.0,2023-2025,0.0,0.0,,28140055000.0,26168084500.0,0.0,0.0
Bay Area,254900KD58MIT0K3NP70,Los Angeles Federal Credit Union,,,1,585000.0,0,0.0,0,0.0,0.0,2023-2025,0.0,0.0,,28140055000.0,26168084500.0,0.0,0.0
Bay Area,254900KI7219LQKCI772,First Western Trust Bank,,,6,6430000.0,0,0.0,0,0.0,0.0,2023-2025,0.0,0.0,,28140055000.0,26168084500.0,0.0,0.0
Bay Area,254900LNRKOG7TRURB32,Ukrainian Federal Credit Union,,,1,305000.0,0,0.0,0,0.0,0.0,2023-2025,0.0,0.0,,28140055000.0,26168084500.0,0.0,0.0
Bay Area,254900P6Q7UI8DAKYX49,GuardHill Financial Corp.,,,2,2800000.0,0,0.0,0,0.0,0.0,2023-2025,0.0,0.0,,28140055000.0,26168084500.0,0.0,0.0
Bay Area,254900PBEMOERRZO9E31,"iCore Lending, Inc.",,,2,750000.0,0,0.0,0,0.0,0.0,2023-2025,0.0,0.0,,28140055000.0,26168084500.0,0.0,0.0
Bay Area,254900R9A6TW85BTVS20,Shea Mortgage Inc.,,,48,29090000.0,0,0.0,0,0.0,0.0,2023-2025,0.0,0.0,,28140055000.0,26168084500.0,0.0,0.0
Bay Area,254900TM81D0YC1B9584,Metro City Bank,,,2,770000.0,0,0.0,0,0.0,0.0,2023-2025,0.0,0.0,,28140055000.0,26168084500.0,0.0,0.0
Bay Area,254900U1OBL1MC6M6518,"MortgageCountry, LLC",,,1,445000.0,0,0.0,0,0.0,0.0,2023-2025,0.0,0.0,,28140055000.0,26168084500.0,0.0,0.0
Bay Area,254900WEP08K7U7S3A80,Nations Lending Corporation,,,15,7545000.0,0,0.0,0,0.0,0.0,2023-2025,0.0,0.0,,28140055000.0,26168084500.0,0.0,0.0
Bay Area,254900WZ3RTY75P7HO83,254900WZ3RTY75P7HO83,,,4,700000.0,0,0.0,0,0.0,0.0,2023-2025,0.0,0.0,,28140055000.0,26168084500.0,0.0,0.0
Bay Area,254900YZ174H294JW398,"Tri Pointe Connect, LLC",,,86,65450000.0,0,0.0,0,0.0,0.0,2023-2025,0.0,0.0,,28140055000.0,26168084500.0,0.0,0.0
Bay Area,254900ZX1UPIG2E7TH11,"Assurance Financial Group, L.L.C.",,,1,725000.0,0,0.0,0,0.0,0.0,2023-2025,0.0,0.0,,28140055000.0,26168084500.0,0.0,0.0
Bay Area,54930004MLYQ2HKUPN66,"TRISTAR FINANCE, INC.",,,1,955000.0,0,0.0,0,0.0,0.0,2023-2025,0.0,0.0,,28140055000.0,26168084500.0,0.0,0.0
Bay Area,5493000JFVFQFL816N45,ENCORE BANK,,,3,3325000.0,0,0.0,0,0.0,0.0,2023-2025,0.0,0.0,,28140055000.0,26168084500.0,0.0,0.0
Bay Area,5493001HHBUTXHS7TZ96,HOMEAMERICAN MORTGAGE CORPORATION,,,216,137600000.0,0,0.0,0,0.0,0.0,2023-2025,0.0,0.0,,28140055000.0,26168084500.0,0.0,0.0
Bay Area,5493001SXWZ4OFP8Z903,"DHI MORTGAGE COMPANY, LTD.",,,572,374270000.0,0,0.0,0,0.0,0.0,2023-2025,0.0,0.0,,28140055000.0,26168084500.0,0.0,0.0
Bay Area,5493001YIUWLFRXQUO81,Summit Mortgage Corporation,,,1,1005000.0,0,0.0,0,0.0,0.0,2023-2025,0.0,0.0,,28140055000.0,26168084500.0,0.0,0.0
Bay Area,54930025XJJO3T0M1A92,GEORGIA'S OWN,,,2,2380000.0,0,0.0,0,0.0,0.0,2023-2025,0.0,0.0,,28140055000.0,26168084500.0,0.0,0.0
Bay Area,5493002LW7G8E8SHWC88,SESLOC,,,3,1595000.0,0,0.0,0,0.0,0.0,2023-2025,0.0,0.0,,28140055000.0,26168084500.0,0.0,0.0
Bay Area,5493002QRULT2T40BH09,COMMUNITYAMERICA CREDIT UNION,,,3,1755000.0,0,0.0,0,0.0,0.0,2023-2025,0.0,0.0,,28140055000.0,26168084500.0,0.0,0.0
Bay Area,5493002UTIS7AQUDFF80,"BEST FINANCE CAPITAL, INC.",,,3,2925000.0,0,0.0,0,0.0,0.0,2023-2025,0.0,0.0,,28140055000.0,26168084500.0,0.0,0.0
Bay Area,5493003DVQUF5HAI1O03,CORPORATE AMERICA FAMILY,,,1,55000.0,0,0.0,0,0.0,0.0,2023-2025,0.0,0.0,,28140055000.0,26168084500.0,0.0,0.0
Bay Area,5493003T5D4N1CM46J77,1st Security Bank of Washington,FSBW,FS Bancorp,3,2535000.0,0,0.0,0,0.0,0.0,2023-2025,0.0,0.0,,28140055000.0,26168084500.0,0.0,0.0
Bay Area,54930044OSTKOJMHF287,54930044OSTKOJMHF287,,,2,1290000.0,0,0.0,0,0.0,0.0,2023-2025,0.0,0.0,,28140055000.0,26168084500.0,0.0,0.0
Bay Area,54930047YAX7UHRKN043,NIZARI PROGRESSIVE FCU,,,1,855000.0,0,0.0,0,0.0,0.0,2023-2025,0.0,0.0,,28140055000.0,26168084500.0,0.0,0.0
Bay Area,5493004N9PMBSLEZOF16,"K. HOVNANIAN AMERICAN MORTGAGE, L.L.C.",,,128,51190000.0,0,0.0,0,0.0,0.0,2023-2025,0.0,0.0,,28140055000.0,26168084500.0,0.0,0.0
Bay Area,5493004UNRG4PWDF2K60,AFFINITY,,,7,6395000.0,0,0.0,0,0.0,0.0,2023-2025,0.0,0.0,,28140055000.0,26168084500.0,0.0,0.0
Bay Area,54930059GZZ7G4G40O53,Primis Mortgage Company,,,1,675000.0,0,0.0,0,0.0,0.0,2023-2025,0.0,0.0,,28140055000.0,26168084500.0,0.0,0.0
Bay Area,5493005I7R041I8VOW18,"LENDING 3, INC.",,,1,605000.0,0,0.0,0,0.0,0.0,2023-2025,0.0,0.0,,28140055000.0,26168084500.0,0.0,0.0
Bay Area,5493005ICQ3QGEIWV618,UNITED MORTGAGE CORP.,,,1,845000.0,0,0.0,0,0.0,0.0,2023-2025,0.0,0.0,,28140055000.0,26168084500.0,0.0,0.0
Bay Area,5493005JF6BKCN6OY689,FineMark National Bank & Trust,,,1,1405000.0,0,0.0,0,0.0,0.0,2023-2025,0.0,0.0,,28140055000.0,26168084500.0,0.0,0.0
Bay Area,5493005MZZDC38IUOJ34,WATER AND POWER COMMUNITY Credit Union,,,1,765000.0,0,0.0,0,0.0,0.0,2023-2025,0.0,0.0,,28140055000.0,26168084500.0,0.0,0.0
Bay Area,5493005PT09Z02WXW551,5493005PT09Z02WXW551,,,1,695000.0,0,0.0,0,0.0,0.0,2023-2025,0.0,0.0,,28140055000.0,26168084500.0,0.0,0.0
Bay Area,5493005T6ET3508ZXP66,"PINNACLE LENDING GROUP, INC.",,,1,875000.0,0,0.0,0,0.0,0.0,2023-2025,0.0,0.0,,28140055000.0,26168084500.0,0.0,0.0
Bay Area,5493005T71YXBHEO2093,CREDIT UNION 1,,,1,305000.0,0,0.0,0,0.0,0.0,2023-2025,0.0,0.0,,28140055000.0,26168084500.0,0.0,0.0
Bay Area,54930065B0NVUO52TY13,AmRes Corporation,,,3,1735000.0,0,0.0,0,0.0,0.0,2023-2025,0.0,0.0,,28140055000.0,26168084500.0,0.0,0.0
Bay Area,5493006JISETNI0GLE61,5493006JISETNI0GLE61,,,4,4290000.0,0,0.0,0,0.0,0.0,2023-2025,0.0,0.0,,28140055000.0,26168084500.0,0.0,0.0
Bay Area,5493006LCVYJR3AYGA52,5493006LCVYJR3AYGA52,,,2,880000.0,0,0.0,0,0.0,0.0,2023-2025,0.0,0.0,,28140055000.0,26168084500.0,0.0,0.0
Bay Area,54930072YJBZ4YV3DY74,"MID VALLEY SERVICES, INC.",,,1,275000.0,0,0.0,0,0.0,0.0,2023-2025,0.0,0.0,,28140055000.0,26168084500.0,0.0,0.0
Bay Area,549300748YYU6VG08N83,"Loan Simple, Inc.",,,4,2990000.0,0,0.0,0,0.0,0.0,2023-2025,0.0,0.0,,28140055000.0,26168084500.0,0.0,0.0
Bay Area,54930074FI0I2Q6G5S43,54930074FI0I2Q6G5S43,,,2,130000.0,0,0.0,0,0.0,0.0,2023-2025,0.0,0.0,,28140055000.0,26168084500.0,0.0,0.0
Bay Area,549300767F7CDUJR8Q67,COMMUNITY FIRST CREDIT UNION,,,129,21955000.0,0,0.0,0,0.0,0.0,2023-2025,0.0,0.0,,28140055000.0,26168084500.0,0.0,0.0
Bay Area,5493007ABXGXVK31KE79,PRIMUS LENDING CORP.,,,1,365000.0,0,0.0,0,0.0,0.0,2023-2025,0.0,0.0,,28140055000.0,26168084500.0,0.0,0.0
Bay Area,5493007L4GYNO2PUBS09,"MEMBER FIRST MORTGAGE, LLC",,,13,9235000.0,0,0.0,0,0.0,0.0,2023-2025,0.0,0.0,,28140055000.0,26168084500.0,0.0,0.0
Bay Area,5493007VDE1SMI6Z0Q04,"VISION ONE MORTGAGE, INC.",,,2,850000.0,0,0.0,0,0.0,0.0,2023-2025,0.0,0.0,,28140055000.0,26168084500.0,0.0,0.0
Bay Area,5493007VW2EU20PZYU97,INSPIRE HOME LOANS INC.,,,146,87840000.0,0,0.0,0,0.0,0.0,2023-2025,0.0,0.0,,28140055000.0,26168084500.0,0.0,0.0
Bay Area,549300850R07HZO8MY41,BNB FINANCIAL INC.,,,5,3465000.0,0,0.0,0,0.0,0.0,2023-2025,0.0,0.0,,28140055000.0,26168084500.0,0.0,0.0
Bay Area,5493008JECR4UE0WVR04,"MORTGAGE EXPRESS, LLC",,,2,900000.0,0,0.0,0,0.0,0.0,2023-2025,0.0,0.0,,28140055000.0,26168084500.0,0.0,0.0
Bay Area,5493008JUW0FLRMO0W64,M SQUARED FINANCIAL LLC,,,3,1715000.0,0,0.0,0,0.0,0.0,2023-2025,0.0,0.0,,28140055000.0,26168084500.0,0.0,0.0
Bay Area,5493009D2COWW65B8673,NORTHROP GRUMMAN Federal Credit Union,,,2,1460000.0,0,0.0,0,0.0,0.0,2023-2025,0.0,0.0,,28140055000.0,26168084500.0,0.0,0.0
Bay Area,5493009HUMWCHFRDKF12,SAMMAMISH MORTGAGE COMPANY,,,5,2775000.0,0,0.0,0,0.0,0.0,2023-2025,0.0,0.0,,28140055000.0,26168084500.0,0.0,0.0
Bay Area,5493009QYNVEZ9VDJU57,5493009QYNVEZ9VDJU57,,,13,7185000.0,0,0.0,0,0.0,0.0,2023-2025,0.0,0.0,,28140055000.0,26168084500.0,0.0,0.0
Bay Area,5493009RSCJ6Y7LUWJ31,FEDERATED MORTGAGE CORP.,,,1,1305000.0,0,0.0,0,0.0,0.0,2023-2025,0.0,0.0,,28140055000.0,26168084500.0,0.0,0.0
Bay Area,549300ANF834QIIFUE57,"A & N MORTGAGE SERVICES, INC.",,,1,625000.0,0,0.0,0,0.0,0.0,2023-2025,0.0,0.0,,28140055000.0,26168084500.0,0.0,0.0
Bay Area,549300AOB4S7B0DB7863,JUSTICE Federal Credit Union,,,1,765000.0,0,0.0,0,0.0,0.0,2023-2025,0.0,0.0,,28140055000.0,26168084500.0,0.0,0.0
Bay Area,549300AT7EB9FJAF0E61,Old National Bank,,,2,780000.0,0,0.0,0,0.0,0.0,2023-2025,0.0,0.0,,28140055000.0,26168084500.0,0.0,0.0
Bay Area,549300B4JDSKWJR1NR35,HOME FUNDING CORPORATION,,,1,525000.0,0,0.0,0,0.0,0.0,2023-2025,0.0,0.0,,28140055000.0,26168084500.0,0.0,0.0
Bay Area,549300BBKMRS6J0CB539,AMERICAN PORTFOLIO MORTGAGE CORPORATION,,,6,4520000.0,0,0.0,0,0.0,0.0,2023-2025,0.0,0.0,,28140055000.0,26168084500.0,0.0,0.0
Bay Area,549300BFJ8COFCPOMU05,SOVEREIGN LENDING GROUP INCORPORATED,,,2,1310000.0,0,0.0,0,0.0,0.0,2023-2025,0.0,0.0,,28140055000.0,26168084500.0,0.0,0.0
Bay Area,549300C1ICNCM0V37Y02,"First State Bank of St. Charles, Missouri",,,2,1380000.0,0,0.0,0,0.0,0.0,2023-2025,0.0,0.0,,28140055000.0,26168084500.0,0.0,0.0
Bay Area,549300C4J510S9L1RF98,549300C4J510S9L1RF98,,,3,1515000.0,0,0.0,0,0.0,0.0,2023-2025,0.0,0.0,,28140055000.0,26168084500.0,0.0,0.0
Bay Area,549300CDOC4F7XSRG390,Pinnacle Bank,,,2,590000.0,0,0.0,0,0.0,0.0,2023-2025,0.0,0.0,,28140055000.0,26168084500.0,0.0,0.0
Bay Area,549300CLRXFVF83ZL806,"NATIONWIDE MORTGAGE BANKERS, INC.",,,11,6085000.0,0,0.0,0,0.0,0.0,2023-2025,0.0,0.0,,28140055000.0,26168084500.0,0.0,0.0
Bay Area,549300CM7HYHZ1MEJ624,Cache Valley Bank,,,1,565000.0,0,0.0,0,0.0,0.0,2023-2025,0.0,0.0,,28140055000.0,26168084500.0,0.0,0.0
Bay Area,549300CR5XDK0TP7I727,"OPEN MORTGAGE, LLC",,,10,5670000.0,0,0.0,0,0.0,0.0,2023-2025,0.0,0.0,,28140055000.0,26168084500.0,0.0,0.0
Bay Area,549300D0H09HSURFXA20,"FAY SERVICING, LLC",,,1,725000.0,0,0.0,0,0.0,0.0,2023-2025,0.0,0.0,,28140055000.0,26168084500.0,0.0,0.0
Bay Area,549300D2OYT7VTDY6Z20,ANDREWS FEDERAL CREDIT UNION,,,1,395000.0,0,0.0,0,0.0,0.0,2023-2025,0.0,0.0,,28140055000.0,26168084500.0,0.0,0.0
Bay Area,549300DKYWYDD1KM2515,SI Mortgage Company,,,7,3665000.0,0,0.0,0,0.0,0.0,2023-2025,0.0,0.0,,28140055000.0,26168084500.0,0.0,0.0
Bay Area,549300DMYENRV818D594,SWBC MORTGAGE CORPORATION,,,1,725000.0,0,0.0,0,0.0,0.0,2023-2025,0.0,0.0,,28140055000.0,26168084500.0,0.0,0.0
Bay Area,549300DQLGJ1YQRRHH73,Southwest Airlines Federal Credit Union,,,1,455000.0,0,0.0,0,0.0,0.0,2023-2025,0.0,0.0,,28140055000.0,26168084500.0,0.0,0.0
Bay Area,549300DRA4BDXW23LD45,"Servion, Inc.",,,4,2620000.0,0,0.0,0,0.0,0.0,2023-2025,0.0,0.0,,28140055000.0,26168084500.0,0.0,0.0
Bay Area,549300E51HYVR7T2SU19,SAN DIEGO COUNTY CREDIT UNION,,,2,310000.0,0,0.0,0,0.0,0.0,2023-2025,0.0,0.0,,28140055000.0,26168084500.0,0.0,0.0
Bay Area,549300EBW60Q23TUJN89,KD CAPITAL MORTGAGE CORPORATION,,,3,1785000.0,0,0.0,0,0.0,0.0,2023-2025,0.0,0.0,,28140055000.0,26168084500.0,0.0,0.0
Bay Area,549300EHWBP6UP4Y8J37,"PLUS RELOCATION MORTGAGE, LLC",,,5,5555000.0,0,0.0,0,0.0,0.0,2023-2025,0.0,0.0,,28140055000.0,26168084500.0,0.0,0.0
Bay Area,549300ELLMUEKP1JHB70,INSTAMORTGAGE INC.,,,17,12615000.0,0,0.0,0,0.0,0.0,2023-2025,0.0,0.0,,28140055000.0,26168084500.0,0.0,0.0
Bay Area,549300EMNDEK4BA8WB53,EMM LOANS LLC,,,5,2315000.0,0,0.0,0,0.0,0.0,2023-2025,0.0,0.0,,28140055000.0,26168084500.0,0.0,0.0
Bay Area,549300FHWDJMELT59Z22,549300FHWDJMELT59Z22,,,3,1385000.0,0,0.0,0,0.0,0.0,2023-2025,0.0,0.0,,28140055000.0,26168084500.0,0.0,0.0
Bay Area,549300FWYXJ79KO49290,UNIFY FINANCIAL Credit Union,,,1,585000.0,0,0.0,0,0.0,0.0,2023-2025,0.0,0.0,,28140055000.0,26168084500.0,0.0,0.0
Bay Area,549300GE8KIGZVQV1223,MORTGAGE EQUITY PARTNERS LLC,,,2,1500000.0,0,0.0,0,0.0,0.0,2023-2025,0.0,0.0,,28140055000.0,26168084500.0,0.0,0.0
Bay Area,549300GIVX5W7UETD809,AMERICAN FIRST CREDIT UNION,,,1,175000.0,0,0.0,0,0.0,0.0,2023-2025,0.0,0.0,,28140055000.0,26168084500.0,0.0,0.0
Bay Area,549300GUS13Z72B6KD63,"KELLER MORTGAGE, LLC",,,1,705000.0,0,0.0,0,0.0,0.0,2023-2025,0.0,0.0,,28140055000.0,26168084500.0,0.0,0.0
Bay Area,549300GY4NTTEM7WWB64,Bank of England,,,1,345000.0,0,0.0,0,0.0,0.0,2023-2025,0.0,0.0,,28140055000.0,26168084500.0,0.0,0.0
Bay Area,549300H12E7AUMUHP294,"FIRST ALLIANCE HOME MORTGAGE, LLC",,,4,1720000.0,0,0.0,0,0.0,0.0,2023-2025,0.0,0.0,,28140055000.0,26168084500.0,0.0,0.0
Bay Area,549300HFBEONQN2CK447,Union Savings Bank,,,1,3005000.0,0,0.0,0,0.0,0.0,2023-2025,0.0,0.0,,28140055000.0,26168084500.0,0.0,0.0
Bay Area,549300HH0V8LECLNPQ26,ROGUE CREDIT UNION,,,2,420000.0,0,0.0,0,0.0,0.0,2023-2025,0.0,0.0,,28140055000.0,26168084500.0,0.0,0.0
Bay Area,549300HN58ONH5KNJJ12,549300HN58ONH5KNJJ12,,,1,215000.0,0,0.0,0,0.0,0.0,2023-2025,0.0,0.0,,28140055000.0,26168084500.0,0.0,0.0
Bay Area,549300HVFLWKU7133506,PREMIER AMERICA,,,1,1005000.0,0,0.0,0,0.0,0.0,2023-2025,0.0,0.0,,28140055000.0,26168084500.0,0.0,0.0
Bay Area,549300I3HDJ5QJNFPZ87,AMERICAN FINANCE HOUSE LARIBA,,,7,4865000.0,0,0.0,0,0.0,0.0,2023-2025,0.0,0.0,,28140055000.0,26168084500.0,0.0,0.0
Bay Area,549300IFOE4SCP384147,University Bank,,,28,15920000.0,0,0.0,0,0.0,0.0,2023-2025,0.0,0.0,,28140055000.0,26168084500.0,0.0,0.0
Bay Area,549300ILIUB22RTQKQ27,"BKCO MORTGAGE, LLC",,,1,415000.0,0,0.0,0,0.0,0.0,2023-2025,0.0,0.0,,28140055000.0,26168084500.0,0.0,0.0
Bay Area,549300IS603VHWV5ZJ45,549300IS603VHWV5ZJ45,,,1,505000.0,0,0.0,0,0.0,0.0,2023-2025,0.0,0.0,,28140055000.0,26168084500.0,0.0,0.0
Bay Area,549300JKR164SLNO6Y85,"NATIONS RELIABLE LENDING, LLC",,,4,2810000.0,0,0.0,0,0.0,0.0,2023-2025,0.0,0.0,,28140055000.0,26168084500.0,0.0,0.0
Bay Area,549300JLXD89NGKXMS84,"NextMortgage, LLC",,,25,12935000.0,0,0.0,0,0.0,0.0,2023-2025,0.0,0.0,,28140055000.0,26168084500.0,0.0,0.0
Bay Area,549300KDR80I1ELW8D36,"AgWest Farm Credit, FLCA",,,4,2440000.0,0,0.0,0,0.0,0.0,2023-2025,0.0,0.0,,28140055000.0,26168084500.0,0.0,0.0
Bay Area,549300KHXD7JSQUZIJ22,"HIGHLANDS RESIDENTIAL MORTGAGE, LTD.",,,2,1260000.0,0,0.0,0,0.0,0.0,2023-2025,0.0,0.0,,28140055000.0,26168084500.0,0.0,0.0
Bay Area,549300KOAKQX3BEWWT56,549300KOAKQX3BEWWT56,,,1,565000.0,0,0.0,0,0.0,0.0,2023-2025,0.0,0.0,,28140055000.0,26168084500.0,0.0,0.0
Bay Area,549300KPHGEE40YQXO21,FARMERS INSURANCE GROUP FEDERAL CREDIT UNION,,,4,5090000.0,0,0.0,0,0.0,0.0,2023-2025,0.0,0.0,,28140055000.0,26168084500.0,0.0,0.0
Bay Area,549300KR4ZW8KJC82O47,Community First National Bank,,,1,655000.0,0,0.0,0,0.0,0.0,2023-2025,0.0,0.0,,28140055000.0,26168084500.0,0.0,0.0
Bay Area,549300KT5OWPGQKWUN86,"SEMPER HOME LOANS, INC",,,1,255000.0,0,0.0,0,0.0,0.0,2023-2025,0.0,0.0,,28140055000.0,26168084500.0,0.0,0.0
Bay Area,549300L9MOPDT0NKE883,"Fidelity Bank, National Association",,,2,2330000.0,0,0.0,0,0.0,0.0,2023-2025,0.0,0.0,,28140055000.0,26168084500.0,0.0,0.0
Bay Area,549300LE3ZOZXUS7W648,549300LE3ZOZXUS7W648,,,1,1195000.0,0,0.0,0,0.0,0.0,2023-2025,0.0,0.0,,28140055000.0,26168084500.0,0.0,0.0
Bay Area,549300LLQD0X2OTG0Y27,"Home Loan Investment Bank, F.S.B.",,,1,775000.0,0,0.0,0,0.0,0.0,2023-2025,0.0,0.0,,28140055000.0,26168084500.0,0.0,0.0
Bay Area,549300M8WGW2D17CZD19,"GARDNER FINANCIAL SERVICES, LTD.",,,1,755000.0,0,0.0,0,0.0,0.0,2023-2025,0.0,0.0,,28140055000.0,26168084500.0,0.0,0.0
Bay Area,549300MFY0P4D234OB91,HOMESPIRE MORTGAGE CORPORATION,,,1,585000.0,0,0.0,0,0.0,0.0,2023-2025,0.0,0.0,,28140055000.0,26168084500.0,0.0,0.0
Bay Area,549300MPZDD9EFQ1E963,549300MPZDD9EFQ1E963,,,1,695000.0,0,0.0,0,0.0,0.0,2023-2025,0.0,0.0,,28140055000.0,26168084500.0,0.0,0.0
Bay Area,549300MQDQ3TUIDR0R90,CASTLE MORTGAGE CORPORATION,,,14,13600000.0,0,0.0,0,0.0,0.0,2023-2025,0.0,0.0,,28140055000.0,26168084500.0,0.0,0.0
Bay Area,549300MU2YI0HXIT3257,"Liberty Savings Bank, F.S.B.",,,1,155000.0,0,0.0,0,0.0,0.0,2023-2025,0.0,0.0,,28140055000.0,26168084500.0,0.0,0.0
Bay Area,549300N3JBQ15RQ7AV97,"MORIA DEVELOPMENT, INC.",,,9,6855000.0,0,0.0,0,0.0,0.0,2023-2025,0.0,0.0,,28140055000.0,26168084500.0,0.0,0.0
Bay Area,549300NT030LXB2A8T82,"MY MORTGAGE, INC.",,,1,255000.0,0,0.0,0,0.0,0.0,2023-2025,0.0,0.0,,28140055000.0,26168084500.0,0.0,0.0
Bay Area,549300O2EZG72LO2FX38,SUMMIT MORTGAGE CORPORATION,,,1,655000.0,0,0.0,0,0.0,0.0,2023-2025,0.0,0.0,,28140055000.0,26168084500.0,0.0,0.0
Bay Area,549300OBO7DOF2KOP535,FirstBank,,,1,905000.0,0,0.0,0,0.0,0.0,2023-2025,0.0,0.0,,28140055000.0,26168084500.0,0.0,0.0
Bay Area,549300OSXT524OFE8M55,"CENTRAL COAST LENDING, INC.",,,2,1150000.0,0,0.0,0,0.0,0.0,2023-2025,0.0,0.0,,28140055000.0,26168084500.0,0.0,0.0
Bay Area,549300OYEKEORA1GI088,"GoPrime Mortgage, Inc.",,,2,1630000.0,0,0.0,0,0.0,0.0,2023-2025,0.0,0.0,,28140055000.0,26168084500.0,0.0,0.0
Bay Area,549300OZ550X4QD5PC74,549300OZ550X4QD5PC74,,,1,1265000.0,0,0.0,0,0.0,0.0,2023-2025,0.0,0.0,,28140055000.0,26168084500.0,0.0,0.0
Bay Area,549300P2GEYNMH5OQA71,Washington Trust Bank,,,2,1690000.0,0,0.0,0,0.0,0.0,2023-2025,0.0,0.0,,28140055000.0,26168084500.0,0.0,0.0
Bay Area,549300PEQH6YK4DH0490,FRONTWAVE,,,1,535000.0,0,0.0,0,0.0,0.0,2023-2025,0.0,0.0,,28140055000.0,26168084500.0,0.0,0.0
Bay Area,549300PFJ7GCGDLB2E65,"First Option Mortgage, LLC",,,2,1750000.0,0,0.0,0,0.0,0.0,2023-2025,0.0,0.0,,28140055000.0,26168084500.0,0.0,0.0
Bay Area,549300PK4T5VBRY4TE47,"CALLISTO GROUP, INC.",,,2,3910000.0,0,0.0,0,0.0,0.0,2023-2025,0.0,0.0,,28140055000.0,26168084500.0,0.0,0.0
Bay Area,549300QD23LICPXTPB55,"DIGNIFIED HOME LOANS, LLC",,,4,2950000.0,0,0.0,0,0.0,0.0,2023-2025,0.0,0.0,,28140055000.0,26168084500.0,0.0,0.0
Bay Area,549300QZED00YTPAWQ69,GREATER NEVADA LLC,,,1,165000.0,0,0.0,0,0.0,0.0,2023-2025,0.0,0.0,,28140055000.0,26168084500.0,0.0,0.0
Bay Area,549300R0DP2GXAIMGB41,Bank of Colorado,,,1,815000.0,0,0.0,0,0.0,0.0,2023-2025,0.0,0.0,,28140055000.0,26168084500.0,0.0,0.0
Bay Area,549300R0QZYJMOBCNI97,ST FIN CORP,,,4,2840000.0,0,0.0,0,0.0,0.0,2023-2025,0.0,0.0,,28140055000.0,26168084500.0,0.0,0.0
Bay Area,549300RBX56T2MW5HO19,"CHERRY CREEK MORTGAGE, LLC",,,2,1830000.0,0,0.0,0,0.0,0.0,2023-2025,0.0,0.0,,28140055000.0,26168084500.0,0.0,0.0
Bay Area,549300REENMLD2RN3W58,"Magnolia Bank, Incorporated",,,16,9290000.0,0,0.0,0,0.0,0.0,2023-2025,0.0,0.0,,28140055000.0,26168084500.0,0.0,0.0
Bay Area,549300RFLICNI75BG067,Luminate Bank,,,1,1985000.0,0,0.0,0,0.0,0.0,2023-2025,0.0,0.0,,28140055000.0,26168084500.0,0.0,0.0
Bay Area,549300RM1IZYGQDSNL85,"Texana Bank, National Association",,,6,3320000.0,0,0.0,0,0.0,0.0,2023-2025,0.0,0.0,,28140055000.0,26168084500.0,0.0,0.0
Bay Area,549300S7EJRY2DY1UR88,549300S7EJRY2DY1UR88,,,1,1055000.0,0,0.0,0,0.0,0.0,2023-2025,0.0,0.0,,28140055000.0,26168084500.0,0.0,0.0
Bay Area,549300SI3EZ7U02L5E39,PROPONENT Federal Credit Union,,,1,665000.0,0,0.0,0,0.0,0.0,2023-2025,0.0,0.0,,28140055000.0,26168084500.0,0.0,0.0
Bay Area,549300SQH6MBVMMRRA85,INOVA,,,1,205000.0,0,0.0,0,0.0,0.0,2023-2025,0.0,0.0,,28140055000.0,26168084500.0,0.0,0.0
Bay Area,549300SQRR7T3EUSDD87,"Orchard Mortgage, LLC",,,1,235000.0,0,0.0,0,0.0,0.0,2023-2025,0.0,0.0,,28140055000.0,26168084500.0,0.0,0.0
Bay Area,549300SUCQ1358EGVE89,"NEW DAY FINANCIAL, LLC",,,29,11925000.0,0,0.0,0,0.0,0.0,2023-2025,0.0,0.0,,28140055000.0,26168084500.0,0.0,0.0
Bay Area,549300SWHFQY2F7RN335,"COMMUNITY MORTGAGE FUNDING, LLC",,,8,7000000.0,0,0.0,0,0.0,0.0,2023-2025,0.0,0.0,,28140055000.0,26168084500.0,0.0,0.0
Bay Area,549300T7AIY7RU1YDP31,NBH Bank,,,1,645000.0,0,0.0,0,0.0,0.0,2023-2025,0.0,0.0,,28140055000.0,26168084500.0,0.0,0.0
Bay Area,549300TG5MQ8D4SYP955,The Tax Lady,,,5,4675000.0,0,0.0,0,0.0,0.0,2023-2025,0.0,0.0,,28140055000.0,26168084500.0,0.0,0.0
Bay Area,549300TM179TSKK3HQ94,"THRIVE MORTGAGE, LLC",,,1,405000.0,0,0.0,0,0.0,0.0,2023-2025,0.0,0.0,,28140055000.0,26168084500.0,0.0,0.0
Bay Area,549300TTK5T7CZ3UJ084,Utah Power Federally Insured State-Chartered Credit Union,,,1,225000.0,0,0.0,0,0.0,0.0,2023-2025,0.0,0.0,,28140055000.0,26168084500.0,0.0,0.0
Bay Area,549300TWPFOYZ33TOU32,MANN FINANCIAL INC.,,,2,1140000.0,0,0.0,0,0.0,0.0,2023-2025,0.0,0.0,,28140055000.0,26168084500.0,0.0,0.0
Bay Area,549300U4FBW37LFHW771,JET DIRECT FUNDING CORP,,,2,1710000.0,0,0.0,0,0.0,0.0,2023-2025,0.0,0.0,,28140055000.0,26168084500.0,0.0,0.0
Bay Area,549300ULXKJUJDK2RQ54,MONARCH FUNDING CORP.,,,3,1815000.0,0,0.0,0,0.0,0.0,2023-2025,0.0,0.0,,28140055000.0,26168084500.0,0.0,0.0
Bay Area,549300US45HOXL30J494,FINANCIAL RESOURCES FEDERAL CREDIT UNION,,,4,4500000.0,0,0.0,0,0.0,0.0,2023-2025,0.0,0.0,,28140055000.0,26168084500.0,0.0,0.0
Bay Area,549300UV5JQXLGVWIP44,Devon Bank,,,7,4295000.0,0,0.0,0,0.0,0.0,2023-2025,0.0,0.0,,28140055000.0,26168084500.0,0.0,0.0
Bay Area,549300UVXY7S004OQL53,"Wyndham Capital Mortgage, Inc.",,,2,1140000.0,0,0.0,0,0.0,0.0,2023-2025,0.0,0.0,,28140055000.0,26168084500.0,0.0,0.0
Bay Area,549300V3N91EH05UWL23,SKYONE Federal Credit Union,,,2,510000.0,0,0.0,0,0.0,0.0,2023-2025,0.0,0.0,,28140055000.0,26168084500.0,0.0,0.0
Bay Area,549300V83GHGVEBS2094,"GRAYTON MORTGAGE, INC.",,,1,405000.0,0,0.0,0,0.0,0.0,2023-2025,0.0,0.0,,28140055000.0,26168084500.0,0.0,0.0
Bay Area,549300V8CF81JGIV7038,549300V8CF81JGIV7038,,,2,1510000.0,0,0.0,0,0.0,0.0,2023-2025,0.0,0.0,,28140055000.0,26168084500.0,0.0,0.0
Bay Area,549300VJQJVZKJBDWS17,"TOTAL MORTGAGE SERVICES, LLC",,,1,455000.0,0,0.0,0,0.0,0.0,2023-2025,0.0,0.0,,28140055000.0,26168084500.0,0.0,0.0
Bay Area,549300W6J23SLH6AR815,Great Lakes Credit Union,,,1,205000.0,0,0.0,0,0.0,0.0,2023-2025,0.0,0.0,,28140055000.0,26168084500.0,0.0,0.0
Bay Area,549300WEOD0TL2O6EU67,"MOUNTAIN WEST FINANCIAL, INC.",,,6,3430000.0,0,0.0,0,0.0,0.0,2023-2025,0.0,0.0,,28140055000.0,26168084500.0,0.0,0.0
Bay Area,549300WHVRE44NRBU558,549300WHVRE44NRBU558,,,1,905000.0,0,0.0,0,0.0,0.0,2023-2025,0.0,0.0,,28140055000.0,26168084500.0,0.0,0.0
Bay Area,549300WKFR15017V9850,MEGASTAR FINANCIAL CORP.,,,2,1100000.0,0,0.0,0,0.0,0.0,2023-2025,0.0,0.0,,28140055000.0,26168084500.0,0.0,0.0
Bay Area,549300WZCZNKQZ3TAU55,CUSTOMER SERVICE MORTGAGE CORPORATION,,,1,475000.0,0,0.0,0,0.0,0.0,2023-2025,0.0,0.0,,28140055000.0,26168084500.0,0.0,0.0
Bay Area,549300X08QKYUH256I80,"Goldwater Bank, N.A.",,,1,245000.0,0,0.0,0,0.0,0.0,2023-2025,0.0,0.0,,28140055000.0,26168084500.0,0.0,0.0
Bay Area,549300X72Q5WKCW2QQ95,R M K FINANCIAL CORP.,,,1,595000.0,0,0.0,0,0.0,0.0,2023-2025,0.0,0.0,,28140055000.0,26168084500.0,0.0,0.0
Bay Area,549300XQ7B5FIVUNFE29,VAN DYK MORTGAGE CORPORATION,,,3,2055000.0,0,0.0,0,0.0,0.0,2023-2025,0.0,0.0,,28140055000.0,26168084500.0,0.0,0.0
Bay Area,549300XYLNCM8KWF7B15,TRUWEST Credit Union,,,1,875000.0,0,0.0,0,0.0,0.0,2023-2025,0.0,0.0,,28140055000.0,26168084500.0,0.0,0.0
Bay Area,549300XYY2S4S7UPJT86,"SK GLOBAL INVESTMENT, INC",,,1,385000.0,0,0.0,0,0.0,0.0,2023-2025,0.0,0.0,,28140055000.0,26168084500.0,0.0,0.0
Bay Area,549300Y01XP7FO81MC08,549300Y01XP7FO81MC08,,,1,405000.0,0,0.0,0,0.0,0.0,2023-2025,0.0,0.0,,28140055000.0,26168084500.0,0.0,0.0
Bay Area,549300YDBNK66R6ZES34,TOGETHER CREDIT UNION,,,1,765000.0,0,0.0,0,0.0,0.0,2023-2025,0.0,0.0,,28140055000.0,26168084500.0,0.0,0.0
Bay Area,549300YKBMBBIIMQJS94,Southern Bank,,,1,655000.0,0,0.0,0,0.0,0.0,2023-2025,0.0,0.0,,28140055000.0,26168084500.0,0.0,0.0
Bay Area,549300YS7PW1Y7DQZG40,549300YS7PW1Y7DQZG40,,,1,755000.0,0,0.0,0,0.0,0.0,2023-2025,0.0,0.0,,28140055000.0,26168084500.0,0.0,0.0
Bay Area,549300YT2WUQF1W74119,549300YT2WUQF1W74119,,,1,785000.0,0,0.0,0,0.0,0.0,2023-2025,0.0,0.0,,28140055000.0,26168084500.0,0.0,0.0
Bay Area,549300ZGTXNHL5BKQZ27,"DIRECTIONS EQUITY, LLC",,,3,1625000.0,0,0.0,0,0.0,0.0,2023-2025,0.0,0.0,,28140055000.0,26168084500.0,0.0,0.0
Bay Area,549300ZPP46PTHQ2RF22,NORTH BAY Credit Union,,,37,8935000.0,0,0.0,0,0.0,0.0,2023-2025,0.0,0.0,,28140055000.0,26168084500.0,0.0,0.0
Bay Area,635400IW1QMK3FNFF894,MERIDIAN BANK,,,2,1340000.0,0,0.0,0,0.0,0.0,2023-2025,0.0,0.0,,28140055000.0,26168084500.0,0.0,0.0
Bay Area,7DMUJTL9FFTVIAG9H788,Commerce Bank,,,1,305000.0,0,0.0,0,0.0,0.0,2023-2025,0.0,0.0,,28140055000.0,26168084500.0,0.0,0.0
Bay Area,984500D61DCEC4E2B661,984500D61DCEC4E2B661,,,1,715000.0,0,0.0,0,0.0,0.0,2023-2025,0.0,0.0,,28140055000.0,26168084500.0,0.0,0.0
Bay Area,984500FAD1FB7FEGTE82,REAL GENIUS LLC,,,4,2760000.0,0,0.0,0,0.0,0.0,2023-2025,0.0,0.0,,28140055000.0,26168084500.0,0.0,0.0
Bay Area,D38AC76TAMYI50NBPX33,WASHINGTON FEDERAL BANK,WAFD,"WaFd, Inc.",21,38225000.0,0,0.0,0,0.0,0.0,2023-2025,0.0,0.0,,28140055000.0,26168084500.0,0.0,0.0
Bay Area,FU7RSW4CQQY98A2O7J66,"BOKF, National Association",,,3,1655000.0,0,0.0,0,0.0,0.0,2023-2025,0.0,0.0,,28140055000.0,26168084500.0,0.0,0.0
Bay Area,VNOO6EITDJ2YUEBMSZ83,"UMB Bank, National Association",,,1,2955000.0,0,0.0,0,0.0,0.0,2023-2025,0.0,0.0,,28140055000.0,26168084500.0,0.0,0.0
Bay Area,WE0I402RW25AU38DTI13,Banner Bank,,,9,12215000.0,0,0.0,0,0.0,0.0,2023-2025,0.0,0.0,,28140055000.0,26168084500.0,0.0,0.0
Seattle/Puget Sound,KB1H1DSPRFMYMCUFXT09,"Wells Fargo Bank, National Association",,,3082,3241510000.0,1227,1548505000.0,1589,1932175000.0,1535918500.0,2023-2025,0.4777110050562855,0.4738280924630805,1262025.2648736755,26492930000.0,24364863500.0,0.05844974489420385,0.06303825588844363
Seattle/Puget Sound,7H6GLXDRUGQFU57RNE97,"JPMorgan Chase Bank, National Association",,,3974,3447620000.0,1557,1556775000.0,1972,1922900000.0,1485489500.0,2023-2025,0.4515506349307638,0.4308739072171527,999855.4913294797,26492930000.0,24364863500.0,0.058761903647501425,0.060968513121364296
Seattle/Puget Sound,549300KM40FP4MSQU941,Boeing Employees Credit Union,,,7357,4746655000.0,1858,1514020000.0,2721,2091015000.0,1481352500.0,2023-2025,0.3189656716150637,0.3120834566657994,814865.4467168999,26492930000.0,24364863500.0,0.057148076864280396,0.06079871943464818
Seattle/Puget Sound,B4TYDEB6GKMZO031MB27,"Bank of America, National Association",,,3000,2854330000.0,1062,1233050000.0,1443,1607935000.0,1234185000.0,2023-2025,0.43199279690855646,0.4323904383865916,1161064.0301318266,26492930000.0,24364863500.0,0.04654260589523318,0.05065429568279749
Seattle/Puget Sound,6BYL5QZYBDK8S7L73M02,U.S. Bank National Association,,,3832,3550190000.0,1110,1220000000.0,1532,1638740000.0,1212867000.0,2023-2025,0.34364357963939957,0.3416343913987702,1099099.0990990992,26492930000.0,24364863500.0,0.046050021647284764,0.049779347214483675
Seattle/Puget Sound,549300DD4R4SYK5RAQ92,"MOVEMENT MORTGAGE, LLC",,,8658,5073360000.0,1887,1345035000.0,2693,1745895000.0,1146031000.0,2023-2025,0.26511720043521453,0.22589191384013751,712790.1430842608,26492930000.0,24364863500.0,0.05076958267734071,0.04703621672249467
Seattle/Puget Sound,549300HW662MN1WU8550,"UNITED WHOLESALE MORTGAGE, LLC",,,12692,7259890000.0,1628,1157640000.0,2828,1786500000.0,1047275000.0,2023-2025,0.15945696146911317,0.14425494050185333,711081.0810810811,26492930000.0,24364863500.0,0.043696186114559624,0.04298300296244221
Seattle/Puget Sound,549300VZVN841I2ILS84,"CROSSCOUNTRY MORTGAGE, LLC",,,7670,4603910000.0,1629,1176305000.0,2433,1599725000.0,1000419000.0,2023-2025,0.25550130215403866,0.21729768826931892,722102.5168815224,26492930000.0,24364863500.0,0.04440071369984369,0.04105990579425984
Seattle/Puget Sound,549300FGXN1K3HLB1R50,"ROCKET MORTGAGE, LLC",,,9769,5134965000.0,1563,1010315000.0,2520,1456460000.0,896324500.0,2023-2025,0.19675207133836356,0.1745531858542366,646394.7536788228,26492930000.0,24364863500.0,0.03813526854145616,0.03678758553274883
Seattle/Puget Sound,549300GKFNPRWNS0GF29,"CMG MORTGAGE, INC.",,,4674,2987390000.0,1237,940025000.0,1601,1143005000.0,790558500.0,2023-2025,0.31466430563133707,0.2646318358165489,759923.201293452,26492930000.0,24364863500.0,0.03548210786802366,0.03244666238331276
Seattle/Puget Sound,AD6GFRVSDT01YPT1CS68,"PNC Bank, National Association",,,1221,1331125000.0,586,707510000.0,714,833430000.0,691310500.0,2023-2025,0.5315128181049864,0.5193430369048737,1207354.9488054607,26492930000.0,24364863500.0,0.02670561542268069,0.028373255610481873
Seattle/Puget Sound,1IE8VN30JCEQV1H4R804,"HSBC BANK USA, NATIONAL ASSOCIATION",,,804,950450000.0,411,516225000.0,528,653770000.0,524587000.0,2023-2025,0.5431374612025882,0.5519353990215161,1256021.897810219,26492930000.0,24364863500.0,0.019485387233499653,0.021530471533320925
Seattle/Puget Sound,549300AQ3T62GXDU7D76,GUILD MORTGAGE COMPANY LLC,,,5574,3099630000.0,833,584385000.0,1342,852460000.0,517052000.0,2023-2025,0.1885337927430048,0.16681087742730583,701542.6170468187,26492930000.0,24364863500.0,0.02205814909864632,0.021221214721765216
Seattle/Puget Sound,549300G4ESSS6M0MEG51,"OriginPoint, LLC",,,1588,1265340000.0,653,576695000.0,766,665320000.0,500156000.0,2023-2025,0.4557628779616546,0.3952739975026475,883147.0137825421,26492930000.0,24364863500.0,0.02176788297859089,0.02052775711220381
Seattle/Puget Sound,549300CY7WNAHKHYSJ73,"CORNERSTONE CAPITAL BANK, SSB",,,2042,1364200000.0,745,574935000.0,873,646025000.0,476819000.0,2023-2025,0.42144480281483654,0.3495227972438059,771724.8322147651,26492930000.0,24364863500.0,0.021701450160476775,0.019569943414622454
Seattle/Puget Sound,549300MGPZBLQDIL7538,FAIRWAY INDEPENDENT MORTGAGE CORPORATION,,,4839,2694755000.0,704,503960000.0,1161,733555000.0,441953500.0,2023-2025,0.18701514608934763,0.16400507652829294,715852.2727272727,26492930000.0,24364863500.0,0.01902243353226691,0.018138968847496315
Seattle/Puget Sound,E57ODZWZ7FF32TWEFA76,"Citibank, National Association",,,664,797710000.0,303,385135000.0,382,477640000.0,376862000.0,2023-2025,0.4828007671960988,0.47242983038948994,1271072.6072607262,26492930000.0,24364863500.0,0.014537274661579523,0.015467437361182015
Seattle/Puget Sound,RVDPPPGHCGZ40J4VQ731,"PENNYMAC LOAN SERVICES, LLC",,,2796,1759680000.0,481,393535000.0,754,551860000.0,356301000.0,2023-2025,0.22364009365339152,0.20248056464811784,818160.0831600832,26492930000.0,24364863500.0,0.014854340384396893,0.014623558223504925
Seattle/Puget Sound,5493009HUMWCHFRDKF12,SAMMAMISH MORTGAGE COMPANY,,,1459,925145000.0,573,391525000.0,672,452240000.0,331971000.0,2023-2025,0.42320393019472624,0.3588313183338828,683289.7033158813,26492930000.0,24364863500.0,0.014778471086437024,0.013624989115986634
Seattle/Puget Sound,549300Q02LGIN9AXKP98,FIRST TECHNOLOGY FEDERAL CREDIT UNION,,,893,825205000.0,335,312345000.0,465,439835000.0,324745000.0,2023-2025,0.3785059470071073,0.3935325161626505,932373.1343283582,26492930000.0,24364863500.0,0.011789749189689476,0.01332841450148079
Seattle/Puget Sound,HUX2X73FUCYHUVH1BK78,KeyBank National Association,,,1271,921105000.0,312,286150000.0,466,410480000.0,295213500.0,2023-2025,0.31065947964672863,0.3204992916117055,917147.4358974359,26492930000.0,24364863500.0,0.010800994831451258,0.012116361743623148
Seattle/Puget Sound,549300GS0W0TEUQS8571,"Morgan Stanley Private Bank, National Association",,,555,656255000.0,254,324510000.0,289,355575000.0,286888500.0,2023-2025,0.494487661046392,0.43716009782782606,1277598.4251968504,26492930000.0,24364863500.0,0.012248928298983918,0.01177468119203705
Seattle/Puget Sound,549300DK7QID2ZON6Q55,Global Federal Credit Union,,,1058,807130000.0,285,268385000.0,401,369335000.0,275118000.0,2023-2025,0.3325176861224338,0.3408595889138057,941701.754385965,26492930000.0,24364863500.0,0.010130438573611903,0.011291587986938651
Seattle/Puget Sound,549300U3721PJGQZYY68,"GUARANTEED RATE, INC.",,,1861,1170335000.0,392,309530000.0,560,407870000.0,271069500.0,2023-2025,0.2644798284251945,0.2316170156408208,789617.3469387755,26492930000.0,24364863500.0,0.011683494426626273,0.011125426579960114
Seattle/Puget Sound,549300FNXYY540N23N64,NEWREZ LLC,,,3075,1739115000.0,441,314565000.0,676,435090000.0,268902000.0,2023-2025,0.18087648027876246,0.1546200222526975,713299.3197278911,26492930000.0,24364863500.0,0.011873545130719781,0.011036466508421031
Seattle/Puget Sound,549300AG64NHILB7ZP05,"LOANDEPOT.COM, LLC",,,2365,1405135000.0,360,275970000.0,591,400825000.0,255570500.0,2023-2025,0.19640105754963047,0.18188323541866083,766583.3333333334,26492930000.0,24364863500.0,0.010416741372132112,0.010489305634730932
Seattle/Puget Sound,5493003T5D4N1CM46J77,1st Security Bank of Washington,FSBW,FS Bancorp,1519,952965000.0,363,275115000.0,481,345605000.0,236767500.0,2023-2025,0.28869370858321136,0.2484535108844501,757892.561983471,26492930000.0,24364863500.0,0.010384468611059629,0.00971757957929869
Seattle/Puget Sound,549300MCIFZSDHUT8X63,"NFM, INC.",,,1764,1083830000.0,347,260365000.0,507,349525000.0,222786500.0,2023-2025,0.24022678833396383,0.20555483793583865,750331.4121037464,26492930000.0,24364863500.0,0.009827716300160081,0.00914376146617854
Seattle/Puget Sound,549300INFJ8TYNZ1G568,"Charles Schwab Bank, SSB",,,334,446410000.0,171,236965000.0,196,273930000.0,215240000.0,2023-2025,0.5308236822651823,0.48215765775856273,1385760.2339181288,26492930000.0,24364863500.0,0.008944461786597406,0.008834032663470492
Seattle/Puget Sound,549300KIOYNU323LVJ37,AMERICAN PACIFIC MORTGAGE CORPORATION,,,2866,1561890000.0,377,240565000.0,695,393045000.0,212317500.0,2023-2025,0.15402173008342457,0.13593626951962046,638103.448275862,26492930000.0,24364863500.0,0.00908034709637628,0.00871408534671249
Seattle/Puget Sound,54930060G4MDPWHISD89,EVERGREEN MONEYSOURCE MORTGAGE COMPANY,,,3261,1735965000.0,361,241855000.0,644,380320000.0,207478500.0,2023-2025,0.13932020518846866,0.11951767460749496,669958.4487534626,26492930000.0,24364863500.0,0.009129039332380375,0.00851547967834911
Seattle/Puget Sound,549300PL8ER6H23P0Z91,BAY EQUITY LLC,,,1954,1044350000.0,344,217080000.0,574,327750000.0,191280500.0,2023-2025,0.20786134916455212,0.18315746636663954,631046.5116279069,26492930000.0,24364863500.0,0.008193884179666046,0.007850669879599367
Seattle/Puget Sound,01KWVG908KE7RKPTNP46,HomeStreet Bank,HMST,"HomeStreet, Inc.",1083,627065000.0,286,194980000.0,459,283495000.0,163088000.0,2023-2025,0.3109406520855095,0.26008149075454695,681748.2517482517,26492930000.0,24364863500.0,0.007359699361301298,0.006693573308957795
Seattle/Puget Sound,3Y4U8VZURTYWI1W2K376,BMO Bank National Association,,,321,376195000.0,139,173255000.0,175,214205000.0,161406000.0,2023-2025,0.46054572761466794,0.42904876460346364,1246438.8489208634,26492930000.0,24364863500.0,0.006539669262705182,0.0066245394725892885
Seattle/Puget Sound,IFQSIUC9AGQV2NE8CN25,Umpqua Bank,COLB,Columbia Banking System,791,519165000.0,193,172865000.0,257,208735000.0,151937000.0,2023-2025,0.3329673610509183,0.29265647722785626,895673.5751295337,26492930000.0,24364863500.0,0.006524948354145804,0.006235906062022469
Seattle/Puget Sound,D38AC76TAMYI50NBPX33,WASHINGTON FEDERAL BANK,WAFD,"WaFd, Inc.",426,432620000.0,130,157830000.0,154,182340000.0,145163500.0,2023-2025,0.36482363274929497,0.33554505108409227,1214076.923076923,26492930000.0,24364863500.0,0.005957438456222094,0.005957903273293528
Seattle/Puget Sound,549300E2UX99HKDBR481,"NEW AMERICAN FUNDING, LLC",,,1968,1076170000.0,203,147355000.0,406,248640000.0,132693500.0,2023-2025,0.13692539282827063,0.12330161591570105,725886.6995073892,26492930000.0,24364863500.0,0.0055620499506849564,0.005446100693320116
Seattle/Puget Sound,593C3GZG957YOJPS2Z63,City National Bank,,,181,245245000.0,102,129900000.0,114,143150000.0,121242500.0,2023-2025,0.5296744072254276,0.4943729739648107,1273529.4117647058,26492930000.0,24364863500.0,0.004903194927854337,0.004976120633715022
Seattle/Puget Sound,54930043BMDE130FJ617,"PROVIDENT FUNDING ASSOCIATES, L.P.",,,935,499025000.0,210,116120000.0,296,159990000.0,105612000.0,2023-2025,0.2326937528179951,0.2116366915485196,552952.380952381,26492930000.0,24364863500.0,0.004383056158756317,0.004334602572265591
Seattle/Puget Sound,549300WTZMQSET2VY242,ACADEMY MORTGAGE CORPORATION,,,822,443800000.0,180,127420000.0,208,140950000.0,103934000.0,2023-2025,0.28711131140153223,0.23419107706173953,707888.8888888889,26492930000.0,24364863500.0,0.0048095850477844464,0.004265732906732681
Seattle/Puget Sound,254900VELJPWWT51WN03,General Mortgage Capital Corporation,,,449,263035000.0,169,97845000.0,221,129475000.0,96645000.0,2023-2025,0.3719847168627749,0.36742258634782443,578964.4970414201,26492930000.0,24364863500.0,0.0036932494820316212,0.0039665726015661856
Seattle/Puget Sound,5493003GQDUH26DNNH17,NAVY FEDERAL CREDIT UNION,,,1597,846535000.0,149,100635000.0,264,154020000.0,87287500.0,2023-2025,0.11887872326601971,0.10311150749821331,675402.6845637584,26492930000.0,24364863500.0,0.003798560597110248,0.003582515453041631
Seattle/Puget Sound,549300XY701IELCE5Q08,BETTER MORTGAGE CORPORATION,,,386,252530000.0,136,99650000.0,159,113185000.0,84593000.0,2023-2025,0.39460658139626975,0.33498198233873205,732720.5882352941,26492930000.0,24364863500.0,0.0037613808665179728,0.003471925873912653
Seattle/Puget Sound,549300UI36AJZ0WZ4U93,"Taylor Morrison Home Funding, Inc.",,,302,177790000.0,103,69865000.0,157,104625000.0,80177000.0,2023-2025,0.3929636087518983,0.4509646211822937,678300.9708737864,26492930000.0,24364863500.0,0.0026371186576947133,0.0032906812714136487
Seattle/Puget Sound,549300GWD9H4FQ2VR805,UBS Bank USA,,,157,193175000.0,71,88325000.0,87,100165000.0,75695000.0,2023-2025,0.45722790216125275,0.3918467710625081,1244014.0845070423,26492930000.0,24364863500.0,0.003333908329505268,0.003106727850127295
Seattle/Puget Sound,549300WJIJV987NXVC31,"SCENIC OAKS FUNDING, LLC",,,470,290690000.0,116,83660000.0,167,115515000.0,73989500.0,2023-2025,0.2877979978671437,0.25453059960782964,721206.8965517242,26492930000.0,24364863500.0,0.0031578236155834784,0.0030367295100996563
Seattle/Puget Sound,549300P2GEYNMH5OQA71,Washington Trust Bank,,,192,166130000.0,90,81300000.0,109,93755000.0,71583000.0,2023-2025,0.4893757900439415,0.4308854511527117,903333.3333333334,26492930000.0,24364863500.0,0.00306874324583955,0.002937960231133657
Seattle/Puget Sound,5493000FWM3I2HHQY149,WASHINGTON STATE EMPLOYEES CREDIT UNION,,,754,366330000.0,118,78580000.0,176,111580000.0,71195500.0,2023-2025,0.21450604646084132,0.1943479922474272,665932.2033898305,26492930000.0,24364863500.0,0.002966074345117735,0.0029220561814352047
Seattle/Puget Sound,254900DTLHVWQ7NP7R34,"THE LOAN STORE, INC.",,,713,407465000.0,111,72365000.0,191,112685000.0,64835500.0,2023-2025,0.17759807590836021,0.15911918815112955,651936.9369369369,26492930000.0,24364863500.0,0.0027314834561522642,0.002661024552836095
Seattle/Puget Sound,549300NWBS6MQJX15N44,NexBank,,,395,264945000.0,77,68645000.0,150,107110000.0,64026500.0,2023-2025,0.2590915095585876,0.24165958972616958,891493.5064935065,26492930000.0,24364863500.0,0.0025910686360474285,0.0026278210013366173
Seattle/Puget Sound,549300370QILXLFUWD20,"ZILLOW HOME LOANS, LLC",,,434,231200000.0,120,68300000.0,173,92685000.0,59444000.0,2023-2025,0.2954152249134948,0.25711072664359863,569166.6666666666,26492930000.0,24364863500.0,0.0025780462938602864,0.0024397427878058912
Seattle/Puget Sound,549300SVKVT1EF3U0N48,"ON Q FINANCIAL, LLC",,,248,161500000.0,88,70720000.0,102,78390000.0,57576000.0,2023-2025,0.4378947368421053,0.3565077399380805,803636.3636363636,26492930000.0,24364863500.0,0.0026693914187671955,0.0023630750075821273
Seattle/Puget Sound,549300MZ8VZJOVC63092,"KIND LENDING, LLC",,,587,352555000.0,91,66335000.0,136,90650000.0,57104500.0,2023-2025,0.18815503963920524,0.16197330912907207,728956.043956044,26492930000.0,24364863500.0,0.0025038755622726516,0.00234372337033614
Seattle/Puget Sound,213800XR2TCBQJSF1X93,NBKC BANK,,,677,389275000.0,101,65865000.0,151,91765000.0,56961000.0,2023-2025,0.16919915227024598,0.146325862179693,652128.7128712871,26492930000.0,24364863500.0,0.002486134980162632,0.0023378337416091
Seattle/Puget Sound,549300J7XKT2BI5WX213,"CALIBER HOME LOANS, INC.",,,520,286760000.0,105,65715000.0,140,82570000.0,55503000.0,2023-2025,0.22916376063607197,0.1935520993165016,625857.1428571428,26492930000.0,24364863500.0,0.002480473092255179,0.0022779934720340215
Seattle/Puget Sound,2WHM8VNJH63UN14OL754,The Huntington National Bank,,,143,156095000.0,51,62415000.0,59,69545000.0,54020500.0,2023-2025,0.39985265383260193,0.3460745059098626,1223823.5294117648,26492930000.0,24364863500.0,0.002355911558291212,0.0022171476560909112
Seattle/Puget Sound,8WH0EE09O9V05QJZ3V89,"Zions Bancorporation, N.A.",,,171,176625000.0,36,47910000.0,66,79510000.0,53225500.0,2023-2025,0.27125265392781317,0.3013474876150035,1330833.3333333333,26492930000.0,24364863500.0,0.0018084069976405026,0.0021845187025160227
Seattle/Puget Sound,F28JOQ8OBWCFUYM0UX93,East West Bank,EWBC,East West Bancorp,286,180810000.0,59,51205000.0,87,65105000.0,50729000.0,2023-2025,0.28319783197831977,0.28056523422377083,867881.3559322034,26492930000.0,24364863500.0,0.0019327798020075545,0.0020820555797490922
Seattle/Puget Sound,5493001SXWZ4OFP8Z903,"DHI MORTGAGE COMPANY, LTD.",,,1984,1297850000.0,28,35350000.0,115,99715000.0,49803000.0,2023-2025,0.027237354085603113,0.03837346380552452,1262500.0,26492930000.0,24364863500.0,0.0013343182501897677,0.0020440500313084046
Seattle/Puget Sound,549300LYRWPSYPK6S325,FREEDOM MORTGAGE CORPORATION,,,1669,829745000.0,85,54625000.0,227,119195000.0,49424000.0,2023-2025,0.0658334789604035,0.05956528813069076,642647.0588235294,26492930000.0,24364863500.0,0.002061870846297484,0.002028494844635596
Seattle/Puget Sound,549300XHPPLC0TBRV021,"PRIORITY HOME LENDING, LLC",,,545,301915000.0,91,54705000.0,141,81135000.0,49137000.0,2023-2025,0.18119338224334663,0.16275110544358512,601153.8461538461,26492930000.0,24364863500.0,0.0020648905198481257,0.0020167155871815166
Seattle/Puget Sound,254900ZFWS2106HWPH46,"Paramount Residential Mortgage Group, Inc.",,,810,439860000.0,74,54890000.0,155,93935000.0,47888000.0,2023-2025,0.12478970581548675,0.10887100441049424,741756.7567567568,26492930000.0,24364863500.0,0.0020718735149339845,0.001965453243766377
Seattle/Puget Sound,5493001WHVQBGRSWEU75,"HOMEBRIDGE FINANCIAL SERVICES, INC.",,,391,228155000.0,81,56685000.0,115,72015000.0,47553500.0,2023-2025,0.24844951896736867,0.208426289145537,699814.8148148148,26492930000.0,24364863500.0,0.0021396274402265057,0.0019517244576395842
Seattle/Puget Sound,549300LROQOOQU77WS20,LENOX FINANCIAL MORTGAGE CORPORATION,,,281,178405000.0,85,53605000.0,106,66030000.0,46519500.0,2023-2025,0.3004680362097475,0.26075222107003726,630647.0588235294,26492930000.0,24364863500.0,0.002023370008526803,0.0019092862966377793
Seattle/Puget Sound,549300OPCWU6E72WUT29,"MUTUAL OF OMAHA MORTGAGE, INC.",,,551,294375000.0,74,49660000.0,145,84625000.0,44217000.0,2023-2025,0.1686963906581741,0.15020636942675158,671081.0810810811,26492930000.0,24364863500.0,0.0018744623565607882,0.0018147854593972997
Seattle/Puget Sound,549300O6Z0I6KYMESL47,AMWEST FUNDING CORP.,,,188,133570000.0,49,46265000.0,64,54670000.0,44127000.0,2023-2025,0.34637268847795166,0.33036610017219437,944183.6734693878,26492930000.0,24364863500.0,0.001746314960255434,0.001811091615596369
Seattle/Puget Sound,KD3XUN7C6T14HNAYLU02,Goldman Sachs Bank USA,,,34,84900000.0,19,53935000.0,20,55830000.0,43906000.0,2023-2025,0.6352767962308599,0.5171495877502945,2838684.210526316,26492930000.0,24364863500.0,0.0020358261619232,0.001802021176929639
Seattle/Puget Sound,549300ZBXINP1Y94CN02,"DIRECTORS MORTGAGE, INC.",,,393,238955000.0,63,49715000.0,90,64170000.0,43609500.0,2023-2025,0.20805172522022974,0.18250088928877822,789126.9841269841,26492930000.0,24364863500.0,0.0018765383821268543,0.0017898520137410168
Seattle/Puget Sound,549300KHXD7JSQUZIJ22,"HIGHLANDS RESIDENTIAL MORTGAGE, LTD.",,,319,189105000.0,80,49050000.0,111,67515000.0,43603500.0,2023-2025,0.2593797096850956,0.23057825017847228,613125.0,26492930000.0,24364863500.0,0.0018514373457371458,0.0017896057574876216
Seattle/Puget Sound,FT6J43S06X6CLJ0R0B48,Cathay Bank,,,132,108850000.0,44,43790000.0,48,47360000.0,42501000.0,2023-2025,0.4022967386311438,0.3904547542489665,995227.2727272727,26492930000.0,24364863500.0,0.0016528938097824589,0.0017443561709262192
Seattle/Puget Sound,L9VVX1KT5TFTKS0MLF66,First-Citizens Bank & Trust Company,,,89,106925000.0,27,45595000.0,30,48530000.0,41117000.0,2023-2025,0.42642038812251576,0.38454056581716156,1688703.7037037036,26492930000.0,24364863500.0,0.0017210251942688106,0.0016875530618096835
Seattle/Puget Sound,549300DD5QQUHO6PCH70,"Mortgage Research Center, LLC",,,2030,1042310000.0,73,46305000.0,249,130505000.0,40686500.0,2023-2025,0.04442536289587551,0.039034932025980754,634315.0684931506,26492930000.0,24364863500.0,0.001747824797030755,0.0016698841756285644
Seattle/Puget Sound,5493008GYZEYGLI3NQ97,PENRITH HOME LOANS LLC,,,240,135130000.0,70,43620000.0,95,57585000.0,38442000.0,2023-2025,0.3228002664101236,0.28448161030119146,623142.8571428572,26492930000.0,24364863500.0,0.0016464770034873455,0.0015777638155042403
Seattle/Puget Sound,5493007L4GYNO2PUBS09,"MEMBER FIRST MORTGAGE, LLC",,,177,118185000.0,61,43565000.0,75,51695000.0,36788000.0,2023-2025,0.36861699877310994,0.31127469645048017,714180.3278688524,26492930000.0,24364863500.0,0.0016444009779212794,0.0015098791749849122
Seattle/Puget Sound,549300VORTI31GZTJL53,"CARDINAL FINANCIAL COMPANY, LIMITED PARTNERSHIP",,,289,161525000.0,65,44855000.0,98,60340000.0,36580500.0,2023-2025,0.2776969509363876,0.2264695867512769,690076.9230769231,26492930000.0,24364863500.0,0.0016930932139253756,0.0015013628128883218
Seattle/Puget Sound,5493005PKOSG7MYX0B34,"Prosperity Home Mortgage, LLC",,,311,171505000.0,69,42425000.0,99,57245000.0,36434000.0,2023-2025,0.24736888137372087,0.21243695519081077,614855.0724637681,26492930000.0,24364863500.0,0.0016013706298246362,0.0014953500560345844
Seattle/Puget Sound,54930054ET8KM4O1D485,"SOFI BANK, NATIONAL ASSOCIATION",,,194,118140000.0,56,40870000.0,70,49450000.0,35831500.0,2023-2025,0.34594548840358896,0.30329693583883527,729821.4285714285,26492930000.0,24364863500.0,0.0015426757251840396,0.0014706218239227977
Seattle/Puget Sound,WE0I402RW25AU38DTI13,Banner Bank,,,603,332235000.0,65,35395000.0,127,65495000.0,34574500.0,2023-2025,0.10653603623940885,0.10406639878399326,544538.4615384615,26492930000.0,24364863500.0,0.0013360168165620035,0.0014190311388364643
Seattle/Puget Sound,254900YZ174H294JW398,"Tri Pointe Connect, LLC",,,172,128990000.0,35,27745000.0,54,42570000.0,33675000.0,2023-2025,0.21509419334832158,0.2610667493604155,792714.2857142857,26492930000.0,24364863500.0,0.0010472605332818982,0.001382113222181606
Seattle/Puget Sound,549300AENO88GEUWCZ39,"Luminate Home Loans, Inc.",,,393,231595000.0,54,39350000.0,85,53275000.0,33329000.0,2023-2025,0.16990867678490468,0.14391070618968457,728703.7037037037,26492930000.0,24364863500.0,0.0014853019277218488,0.001367912444902472
Seattle/Puget Sound,549300DCGBXW5FJMV921,"NMSI, INC.",,,186,111700000.0,56,34250000.0,71,43265000.0,32152500.0,2023-2025,0.30662488809310656,0.2878469113697404,611607.1428571428,26492930000.0,24364863500.0,0.0012927977388684452,0.0013196256978825266
Seattle/Puget Sound,54930001NSTOD85LT125,"GUARANTEED RATE AFFINITY, LLC",,,185,112345000.0,52,36670000.0,74,48930000.0,31904000.0,2023-2025,0.32640526948239795,0.28398237571765544,705192.3076923077,26492930000.0,24364863500.0,0.0013841428637753545,0.0013094265847210676
Seattle/Puget Sound,549300LBCBNR1OT00651,NATIONSTAR MORTGAGE LLC,,,760,334000000.0,62,34220000.0,129,61635000.0,31200000.0,2023-2025,0.10245508982035928,0.09341317365269461,551935.4838709678,26492930000.0,24364863500.0,0.0012916653612869546,0.001280532517656009
Seattle/Puget Sound,CKVBED0S4DMLKJJ5XH28,Stifel Bank and Trust,,,66,66800000.0,25,34525000.0,30,37880000.0,30468500.0,2023-2025,0.5168413173652695,0.45611526946107783,1381000.0,26492930000.0,24364863500.0,0.0013031778666987759,0.0012505097760962215
Seattle/Puget Sound,54930004MLYQ2HKUPN66,"TRISTAR FINANCE, INC.",,,117,90885000.0,46,36340000.0,50,38520000.0,30332500.0,2023-2025,0.3998459591791825,0.33374594267480884,790000.0,26492930000.0,24364863500.0,0.0013716867103789577,0.001244927967685926
Seattle/Puget Sound,5493009BD405QQTMXO12,TOLL BROTHERS MORTGAGE COMPANY,,,188,131490000.0,36,29470000.0,44,37730000.0,30120000.0,2023-2025,0.22412350749106397,0.22906684919005246,818611.1111111111,26492930000.0,24364863500.0,0.0011123722442176083,0.0012362063920448394
Seattle/Puget Sound,549300323EON4W3CCM44,"RESICENTRAL, LLC",,,303,167085000.0,53,32075000.0,96,54100000.0,29383000.0,2023-2025,0.1919681599186043,0.17585659993416525,605188.679245283,26492930000.0,24364863500.0,0.0012107003642103762,0.0012059579155861062
Seattle/Puget Sound,549300EKFFG3BU8DNX74,NEXERA HOLDING LLC,,,131,115435000.0,25,29705000.0,31,34185000.0,26988500.0,2023-2025,0.2573309654784078,0.23379824143457356,1188200.0,26492930000.0,24364863500.0,0.001121242535272618,0.0011076811491268974
Seattle/Puget Sound,254900E6AIE4Z8YQM970,Citadel Servicing Corporation,,,124,85460000.0,36,29640000.0,44,33120000.0,26789000.0,2023-2025,0.346828925813246,0.31346828925813247,823333.3333333334,26492930000.0,24364863500.0,0.0011187890505127216,0.0010994931287015008
Seattle/Puget Sound,ZXMJHJK466PBZTM5F379,Raymond James Bank,,,37,42555000.0,24,30220000.0,25,31105000.0,25751000.0,2023-2025,0.7101398190576901,0.605122782281753,1259166.6666666667,26492930000.0,24364863500.0,0.0011406816837548734,0.001056890796864099
Seattle/Puget Sound,549300T94GSH3C4U5M59,ALLIANT CREDIT UNION,,,78,66140000.0,26,25800000.0,33,34855000.0,24333000.0,2023-2025,0.39008164499546416,0.3679014212276988,992307.6923076923,26492930000.0,24364863500.0,0.0009738447200819237,0.0009986922356449894
Seattle/Puget Sound,549300GTVXJ2PGXNLM73,T2 FINANCIAL LLC,,,508,257460000.0,40,27130000.0,96,52270000.0,23770000.0,2023-2025,0.10537559232502136,0.09232502136254175,678250.0,26492930000.0,24364863500.0,0.0010240467928613408,0.0009755851905347223
Seattle/Puget Sound,54930021QRU8VXNS6152,Sound Credit Union,,,369,158715000.0,46,26440000.0,105,45125000.0,23316000.0,2023-2025,0.16658790914532337,0.14690482941120878,574782.6086956522,26492930000.0,24364863500.0,0.0009980021084870568,0.0009569518006944714
Seattle/Puget Sound,5493004WMLN60ZJ2ON46,PULTE MORTGAGE LLC,,,424,235040000.0,32,18220000.0,60,39500000.0,23088000.0,2023-2025,0.07751872021783526,0.09823008849557523,569375.0,26492930000.0,24364863500.0,0.0006877306511586298,0.0009475940630654467
Seattle/Puget Sound,5493004AS1SPBQOFDR49,"Commerce Home Mortgage, Inc.",,,116,83390000.0,25,24125000.0,32,30640000.0,22972000.0,2023-2025,0.2893032737738338,0.2754766758604149,965000.0,26492930000.0,24364863500.0,0.0009106203051153647,0.0009428331088331359
Seattle/Puget Sound,5493008NWHQT1R22C024,"AMERICAN FINANCIAL NETWORK, INC.",,,237,140935000.0,26,25390000.0,44,34520000.0,22945500.0,2023-2025,0.18015397168907651,0.16280909639195373,976538.4615384615,26492930000.0,24364863500.0,0.0009583688931348854,0.0009417454770473063
Seattle/Puget Sound,549300UR5AOWTJJ7KZ64,LENDSURE MORTGAGE CORP.,,,111,82395000.0,25,24735000.0,30,28530000.0,22101000.0,2023-2025,0.3002002548698343,0.2682322956490078,989400.0,26492930000.0,24364863500.0,0.0009336453159390071,0.0009070849093819057
Seattle/Puget Sound,C5654JQHZUHN0772B561,USAA Federal Savings Bank,,,424,222420000.0,46,25930000.0,82,44680000.0,22071500.0,2023-2025,0.11658124269400234,0.09923343224530168,563695.6521739131,26492930000.0,24364863500.0,0.0009787516896017164,0.0009058741494693783
Seattle/Puget Sound,549300RD5IG88VPO6P22,"GUIDANCE RESIDENTIAL, LLC",,,199,122175000.0,33,22255000.0,47,30735000.0,22049500.0,2023-2025,0.18215674237773685,0.18047472887251892,674393.9393939395,26492930000.0,24364863500.0,0.0008400354358691168,0.0009049712098735952
Seattle/Puget Sound,549300KX6E1IE2LM5E30,"FLYHOMES MORTGAGE, LLC",,,68,61030000.0,21,22295000.0,27,28835000.0,21878500.0,2023-2025,0.3653121415697198,0.3584876290349009,1061666.6666666667,26492930000.0,24364863500.0,0.0008415452726444376,0.0008979529066518267
Seattle/Puget Sound,254900HEJ9F73IMPX887,"Tomo Mortgage, LLC",,,82,53490000.0,34,24680000.0,38,26990000.0,20523000.0,2023-2025,0.46139465320620676,0.38367919237240605,725882.3529411765,26492930000.0,24364863500.0,0.000931569290372941,0.000842319514738919
Seattle/Puget Sound,549300J6N77Q8OHYNF23,"ENVOY MORTGAGE, LTD",,,234,126790000.0,31,21175000.0,79,43595000.0,19254500.0,2023-2025,0.16700843915135263,0.15186134553198202,683064.5161290322,26492930000.0,24364863500.0,0.0007992698429354549,0.0007902568385002444
Seattle/Puget Sound,SS1TRMSN6BRNMOREEV51,"Flagstar Bank, N.A.",,,195,117815000.0,27,21635000.0,40,27850000.0,19240500.0,2023-2025,0.18363536052285362,0.16331112337138734,801296.2962962963,26492930000.0,24364863500.0,0.0008166329658516442,0.0007896822405756552
Seattle/Puget Sound,5493001VH4ZJNSI25781,Peoples Bank,,,110,78780000.0,22,19320000.0,32,26550000.0,18240500.0,2023-2025,0.24523990860624523,0.23153719218075652,878181.8181818182,26492930000.0,24364863500.0,0.0007292511624799522,0.0007486395316764241
Seattle/Puget Sound,5493000NYUJT9UC6G261,LEADERONE FINANCIAL CORPORATION,,,248,127210000.0,32,21620000.0,47,27955000.0,18210000.0,2023-2025,0.1699551922018709,0.14314912349658046,675625.0,26492930000.0,24364863500.0,0.0008160667770608989,0.0007473877290549975
Seattle/Puget Sound,549300TF1E42EUFBSL45,Mechanics Bank,,,69,47065000.0,29,20255000.0,36,24340000.0,18154500.0,2023-2025,0.43036226495272495,0.38573249760968875,698448.275862069,26492930000.0,24364863500.0,0.0007645435971030762,0.0007451098587110903
Seattle/Puget Sound,YWC0TIKBQM2JV8L4IV08,First Republic Bank,,,32,34110000.0,19,20415000.0,20,21120000.0,17980000.0,2023-2025,0.5985048372911169,0.5271181471709177,1074473.6842105263,26492930000.0,24364863500.0,0.0007705829442043595,0.0007379479060081744
Seattle/Puget Sound,549300UXY7OP0IC38293,Northpointe Bank,,,111,68315000.0,30,20000000.0,44,27290000.0,17825500.0,2023-2025,0.29276147259020713,0.26093098148283683,666666.6666666666,26492930000.0,24364863500.0,0.000754918387660406,0.0007316068074832432
Seattle/Puget Sound,254900TG14TB8RKS3U42,"Filo Mortgage, L.L.C.",,,105,60875000.0,31,20415000.0,42,26330000.0,17415000.0,2023-2025,0.3353593429158111,0.28607802874743327,658548.3870967742,26492930000.0,24364863500.0,0.0007705829442043595,0.0007147587754801089
Seattle/Puget Sound,549300RN01LBYR8ZVX74,"LOWER, LLC",,,155,86835000.0,27,19925000.0,38,25400000.0,16853000.0,2023-2025,0.2294581677894858,0.19408072781712443,737962.9629629629,26492930000.0,24364863500.0,0.0007520874437066795,0.000691692773078741
Seattle/Puget Sound,54930021WPEXNHYZUL09,"PLANET HOME LENDING, LLC",,,359,179855000.0,28,18910000.0,64,35570000.0,16337000.0,2023-2025,0.1051402518695616,0.09083428317255567,675357.1428571428,26492930000.0,24364863500.0,0.0007137753355329139,0.0006705147352867378
Seattle/Puget Sound,549300U8DCOOTG96YM89,Sound Community Bank,,,318,61170000.0,21,18575000.0,38,21520000.0,16039500.0,2023-2025,0.3036619257806114,0.2622118685630211,884523.8095238095,26492930000.0,24364863500.0,0.000701130452539602,0.0006583045293892166
Seattle/Puget Sound,2549001SI0EMFPT39035,"Cornerstone First Mortgage, Inc",,,608,306500000.0,29,18635000.0,90,46680000.0,15685000.0,2023-2025,0.060799347471451874,0.05117455138662316,642586.2068965518,26492930000.0,24364863500.0,0.0007033952077025833,0.0006437548890844392
Seattle/Puget Sound,549300WKFR15017V9850,MEGASTAR FINANCIAL CORP.,,,64,37950000.0,24,17640000.0,33,22105000.0,15668500.0,2023-2025,0.46482213438735176,0.41287220026350463,735000.0,26492930000.0,24364863500.0,0.0006658380179164781,0.0006430776843876019
Seattle/Puget Sound,5493006TY8FGNLX44X28,"AXIA FINANCIAL, LLC",,,177,88845000.0,32,17640000.0,46,23920000.0,15300000.0,2023-2025,0.19854803309133884,0.17221002870167146,551250.0,26492930000.0,24364863500.0,0.0006658380179164781,0.0006279534461582352
Seattle/Puget Sound,549300121SF0K2LN2804,"PRIMELENDING, A PLAINSCAPITAL COMPANY",,,450,237370000.0,26,16250000.0,61,33815000.0,15188500.0,2023-2025,0.06845852466613304,0.06398660319332687,625000.0,26492930000.0,24364863500.0,0.0006133711899740799,0.0006233771841159709
Seattle/Puget Sound,549300LLESTPOVRG3X73,Farmers Bank & Trust,,,91,64755000.0,25,17705000.0,31,21475000.0,14830000.0,2023-2025,0.2734151802949579,0.2290170643193576,708200.0,26492930000.0,24364863500.0,0.0006682915026763744,0.0006086633729755967
Seattle/Puget Sound,2549009X2AG1P20YAJ63,Axos Bank,,,28,48630000.0,8,16890000.0,9,17275000.0,14601000.0,2023-2025,0.3473164713140037,0.30024676125848243,2111250.0,26492930000.0,24364863500.0,0.0006375285783792128,0.0005992645926376727
Seattle/Puget Sound,549300H3IZO24NSOO931,"LENNAR MORTGAGE, LLC",,,1407,826845000.0,1,305000.0,35,35865000.0,14468000.0,2023-2025,0.00036887203768541866,0.01749783816797586,305000.0,26492930000.0,24364863500.0,1.1512505411821192e-05,0.000593805912354075
Seattle/Puget Sound,549300IKS3MMB5YK6T18,KINECTA,,,32,47320000.0,12,16780000.0,18,19850000.0,14405000.0,2023-2025,0.35460693153000844,0.3044167371090448,1398333.3333333333,26492930000.0,24364863500.0,0.0006333765272470807,0.0005912202216934234
Seattle/Puget Sound,549300NFPC3Y4W3Y7R87,CALCON MUTUAL MORTGAGE LLC,,,136,75230000.0,25,16115000.0,35,20205000.0,14290500.0,2023-2025,0.214209756745979,0.18995746377774825,644600.0,26492930000.0,24364863500.0,0.0006082754908573721,0.0005865208315244615
Seattle/Puget Sound,Q708HHR4LD2B7XIZNO92,First Federal Bank,,,101,65685000.0,21,16175000.0,29,20845000.0,13633000.0,2023-2025,0.2462510466620994,0.20755119129177133,770238.0952380953,26492930000.0,24364863500.0,0.0006105402460203533,0.000559535250423217
Seattle/Puget Sound,JJKC32MCHWDI71265Z06,Truist Bank,,,53,35485000.0,17,15845000.0,23,18885000.0,13590000.0,2023-2025,0.44652670142313655,0.3829787234042553,932058.8235294118,26492930000.0,24364863500.0,0.0005980840926239566,0.0005577704139405501
Seattle/Puget Sound,2549005SIVTHG14U2905,A&D Mortgage LLC,,,103,65365000.0,15,15255000.0,26,22330000.0,13315000.0,2023-2025,0.23338177923965425,0.20370228715673525,1017000.0,26492930000.0,24364863500.0,0.0005758140001879746,0.0005464836689932616
Seattle/Puget Sound,5493009B17HXCVXTD608,"JMAC LENDING, INC.",,,84,53080000.0,16,15420000.0,26,20120000.0,12999500.0,2023-2025,0.2905048982667671,0.2449039186134137,963750.0,26492930000.0,24364863500.0,0.0005820420768861731,0.0005335346943355541
Seattle/Puget Sound,549300HCNXMTNGIMAR91,United Nations Federal Credit Union,,,24,25210000.0,11,11115000.0,15,16885000.0,12898000.0,2023-2025,0.44089646965489887,0.5116223720745736,1010454.5454545454,26492930000.0,24364863500.0,0.00041954589394227064,0.0005293688593822822
Seattle/Puget Sound,549300HIVO8XPBPNVG69,NOVA FINANCIAL & INVESTMENT CORPORATION,,,569,276735000.0,22,14020000.0,115,56485000.0,12176000.0,2023-2025,0.05066218584566463,0.043998771387789765,637272.7272727273,26492930000.0,24364863500.0,0.0005291977897499446,0.0004997360235570374
Seattle/Puget Sound,549300Y5Y88FQLI7VE83,DEEPHAVEN MORTGAGE LLC,,,54,46380000.0,15,13705000.0,19,17395000.0,12087000.0,2023-2025,0.29549374730487277,0.26060802069857697,913666.6666666666,26492930000.0,24364863500.0,0.0005173078251442932,0.0004960832224650058
Seattle/Puget Sound,549300BLL6VL7AXWYP56,CHURCHILL MORTGAGE CORPORATION,,,291,140525000.0,26,13080000.0,58,27150000.0,12064000.0,2023-2025,0.09307952321650952,0.08584949297278065,503076.92307692306,26492930000.0,24364863500.0,0.0004937166255299055,0.0004951392401603235
Seattle/Puget Sound,549300J7I82PNDVU8H22,"OCMBC, INC.",,,109,68575000.0,20,13030000.0,32,19550000.0,12011500.0,2023-2025,0.19001093693036822,0.17515858549033905,651500.0,26492930000.0,24364863500.0,0.0004918293295607545,0.0004929844979431138
Seattle/Puget Sound,549300R77W0P105C3S50,HOMEXPRESS MORTGAGE CORP.,,,85,61935000.0,15,13165000.0,23,17725000.0,11950000.0,2023-2025,0.21256155647049327,0.19294421571001857,877666.6666666666,26492930000.0,24364863500.0,0.0004969250286774623,0.0004904603713458112
Seattle/Puget Sound,5493001GAASLCSP1PB64,"NATIONAL COOPERATIVE BANK, N.A.",,,57,15745000.0,52,14140000.0,52,14140000.0,11643000.0,2023-2025,0.8980628771038425,0.7394728485233407,271923.07692307694,26492930000.0,24364863500.0,0.0005337273000759071,0.00047786025971374723
Seattle/Puget Sound,549300A68YW07V5R5G22,FUNDLOANS CAPITAL,,,15,22835000.0,7,13645000.0,7,13645000.0,11626000.0,2023-2025,0.5975476242610028,0.5091307203853733,1949285.7142857143,26492930000.0,24364863500.0,0.000515043069981312,0.0004771625336624603
Seattle/Puget Sound,213800QUAI2VH5YM6310,"EMBRACE HOME LOANS, INC.",,,27,20705000.0,13,12435000.0,13,12435000.0,11599000.0,2023-2025,0.6005795701521371,0.5602028495532481,956538.4615384615,26492930000.0,24364863500.0,0.00046937050752785746,0.00047605438052218105
Seattle/Puget Sound,549300UB5TJ0YPVPT503,MASON MCDUFFIE MORTGAGE CORPORATION,,,367,189565000.0,22,12830000.0,52,27080000.0,10679000.0,2023-2025,0.06768127027668609,0.0563342389154116,583181.8181818182,26492930000.0,24364863500.0,0.00048428014568415047,0.00043829508833488845
Seattle/Puget Sound,2549004FXPNKCLIN8250,"Synergy One Lending, Inc.",,,200,106940000.0,17,12325000.0,49,26655000.0,10642500.0,2023-2025,0.11525154292126426,0.09951842154479147,725000.0,26492930000.0,24364863500.0,0.0004652184563957252,0.00043679702946006655
Seattle/Puget Sound,5493007QERYQSQ3QNH02,Seattle Metropolitan Credit Union,,,140,66900000.0,18,12080000.0,33,18415000.0,10577000.0,2023-2025,0.18056801195814648,0.158101644245142,671111.1111111111,26492930000.0,24364863500.0,0.0004559707061468852,0.0004341087320271669
Seattle/Puget Sound,549300C04BJ0G297NC13,Ally Bank,,,71,37635000.0,23,12285000.0,31,15925000.0,10503500.0,2023-2025,0.32642487046632124,0.27908861432177495,534130.4347826086,26492930000.0,24364863500.0,0.00046370861962040437,0.0004310920929230734
Seattle/Puget Sound,549300B4IYL7TZT8FA34,"PREMIER MORTGAGE RESOURCES, L.L.C.",,,627,314675000.0,20,10990000.0,95,45755000.0,10264500.0,2023-2025,0.03492492253912767,0.03261936919043457,549500.0,26492930000.0,24364863500.0,0.0004148276540193931,0.0004212828854961572
Seattle/Puget Sound,549300ZWNETGFXTBBY03,"CANOPY MORTGAGE, LLC",,,537,286475000.0,12,9890000.0,83,47115000.0,10139000.0,2023-2025,0.03452308229339384,0.03539226808622044,824166.6666666666,26492930000.0,24364863500.0,0.0003733071426980708,0.0004161320255293037
Seattle/Puget Sound,549300JYXTZDSPJEPI44,"PLAZA HOME MORTGAGE, INC.",,,169,94635000.0,16,11330000.0,33,19635000.0,9976000.0,2023-2025,0.11972314682728377,0.10541554393194907,708125.0,26492930000.0,24364863500.0,0.00042766126660962,0.00040944206397872904
Seattle/Puget Sound,5493001XKL0FTNOJ0866,"GENEVA FINANCIAL, LLC",,,157,87345000.0,18,10880000.0,47,25445000.0,9798000.0,2023-2025,0.12456351250787108,0.11217585437059935,604444.4444444445,26492930000.0,24364863500.0,0.0004106756028872609,0.0004021364617946659
Seattle/Puget Sound,549300BXWU32AYWT1A56,UIF CORPORATION,,,61,42005000.0,11,7275000.0,18,13380000.0,9264500.0,2023-2025,0.17319366742054518,0.2205570765385073,661363.6363636364,26492930000.0,24364863500.0,0.0002746015635114727,0.00038024017659692616
Seattle/Puget Sound,549300QKL5FUBZ8LSF50,"NATIONS DIRECT MORTGAGE, LLC",,,229,122105000.0,20,10940000.0,41,20095000.0,9254000.0,2023-2025,0.08959502067892387,0.07578723230006962,547000.0,26492930000.0,24364863500.0,0.00041294035805024206,0.0003798092281534842
Seattle/Puget Sound,549300KJ8PAJ7E52HG32,Plains Commerce Bank,,,195,107075000.0,13,9795000.0,40,24130000.0,9050500.0,2023-2025,0.0914779360261499,0.08452486574830727,753461.5384615385,26492930000.0,24364863500.0,0.0003697212803566838,0.0003714570368924907
Seattle/Puget Sound,54930048P8RWCQHQM310,ARC HOME LLC,,,37,33785000.0,9,10125000.0,10,11020000.0,9028000.0,2023-2025,0.2996892111883972,0.26721918010951606,1125000.0,26492930000.0,24364863500.0,0.00038217743375308053,0.000370533575942258
Seattle/Puget Sound,549300XWUSRVVOHPRY47,"EVERETT FINANCIAL, INC.",,,108,65780000.0,14,9550000.0,21,14215000.0,9018500.0,2023-2025,0.14518090605047126,0.13710094253572513,682142.8571428572,26492930000.0,24364863500.0,0.00036047353010784384,0.0003701436702077153
Seattle/Puget Sound,549300F6Y1YO2YXN6135,REDWOOD RESIDENTIAL ACQUISITION CORPORATION,,,22,24280000.0,10,10450000.0,11,11355000.0,8909000.0,2023-2025,0.43039538714991765,0.3669275123558484,1045000.0,26492930000.0,24364863500.0,0.00039444485755256214,0.0003656494935832495
Seattle/Puget Sound,5493000EUC3MM52PJV85,CAKE MORTGAGE CORP.,,,29,25135000.0,5,9855000.0,6,10620000.0,8885000.0,2023-2025,0.3920827531330814,0.3534911478018699,1971000.0,26492930000.0,24364863500.0,0.00037198603551966505,0.00036466446856966793
Seattle/Puget Sound,DRMSV1Q0EKMEXLAU1P80,"Citizens Bank, National Association",,,39,32455000.0,12,10440000.0,15,12015000.0,8804000.0,2023-2025,0.3216761670004622,0.2712679094130334,870000.0,26492930000.0,24364863500.0,0.0003940673983587319,0.0003613400091488302
Seattle/Puget Sound,254900IEGKUDRDS23V26,"AAA CAPITAL INVESTMENT, INC.",,,35,22405000.0,11,9125000.0,12,9350000.0,8691000.0,2023-2025,0.40727516179424234,0.3879044856058915,829545.4545454546,26492930000.0,24364863500.0,0.00034443151437006024,0.0003567021830432171
Seattle/Puget Sound,54930040HIIQWXRS6K39,"LO, INC.",,,42,24500000.0,17,8565000.0,21,10445000.0,8544000.0,2023-2025,0.34959183673469385,0.348734693877551,503823.5294117647,26492930000.0,24364863500.0,0.00032329379951556887,0.00035066890483503014
Seattle/Puget Sound,549300F6NSBOJBM9ED39,NuVision Federal Credit Union,,,30,27150000.0,8,9880000.0,9,10185000.0,8379000.0,2023-2025,0.36390423572744013,0.3086187845303867,1235000.0,26492930000.0,24364863500.0,0.00037292968350424054,0.00034389685786665705
Seattle/Puget Sound,4EP6JBYBTPTQ47LZOB67,"BNY Mellon, National Association",,,16,23000000.0,7,10425000.0,7,10425000.0,8340000.0,2023-2025,0.4532608695652174,0.3626086956521739,1489285.7142857143,26492930000.0,24364863500.0,0.00039350120956798665,0.00034229619221958705
Seattle/Puget Sound,5493000349C5XXDRQX28,STG MORTGAGE INC,,,56,34780000.0,15,10045000.0,18,11620000.0,8160000.0,2023-2025,0.2888154111558367,0.23461759631972398,669666.6666666666,26492930000.0,24364863500.0,0.0003791577602024389,0.00033490850461772545
Seattle/Puget Sound,549300NOCASXPA34X033,"LAKEVIEW LOAN SERVICING, LLC",,,345,165215000.0,17,8935000.0,52,24830000.0,8093500.0,2023-2025,0.05408104590987501,0.04898768271646037,525588.2352941176,26492930000.0,24364863500.0,0.0003372597896872864,0.0003321791644759266
Seattle/Puget Sound,549300KSOOZZVXCMA627,ANGEL OAK MORTGAGE SOLUTIONS LLC,,,40,38000000.0,6,8760000.0,8,10060000.0,8039500.0,2023-2025,0.2305263157894737,0.2115657894736842,1460000.0,26492930000.0,24364863500.0,0.0003306542537952578,0.0003299628581953681
Seattle/Puget Sound,549300HRLROF7PLJ6735,CLEAREDGE LENDING LLC,,,47,40525000.0,8,9930000.0,10,10700000.0,7944000.0,2023-2025,0.24503392967304133,0.19602714373843308,1241250.0,26492930000.0,24364863500.0,0.0003748169794733916,0.0003260432794954915
Seattle/Puget Sound,5493000ZB0IHPJ66BJ32,Luther Burbank Savings,,,15,17385000.0,6,8600000.0,7,9925000.0,7914000.0,2023-2025,0.4946793212539546,0.4552200172562554,1433333.3333333333,26492930000.0,24364863500.0,0.0003246149066939746,0.0003248119982285146
Seattle/Puget Sound,254900P7WLDQD9IUL038,Service Federal Credit Union,,,16,19380000.0,5,7245000.0,8,11340000.0,7747000.0,2023-2025,0.3738390092879257,0.39974200206398347,1449000.0,26492930000.0,24364863500.0,0.00027346918592998206,0.00031795786584234303
Seattle/Puget Sound,2549004Z576VEJBK3N72,"NP, INC.",,,31,24415000.0,9,8415000.0,12,9850000.0,7712000.0,2023-2025,0.34466516485766946,0.3158713905386033,935000.0,26492930000.0,24364863500.0,0.00031763191160811584,0.00031652137103086993
Seattle/Puget Sound,549300YIQ7S7Z8PIHE53,AMERISAVE MORTGAGE CORPORATION,,,275,108075000.0,13,7905000.0,45,19105000.0,7512500.0,2023-2025,0.07314365024288688,0.0695119130233634,608076.9230769231,26492930000.0,24364863500.0,0.00029838149272277546,0.00030833335060547336
Seattle/Puget Sound,549300R8VPSFM828B312,TEACHERS FEDERAL CREDIT UNION,,,16,19650000.0,6,7970000.0,7,9865000.0,7504000.0,2023-2025,0.40559796437659035,0.38188295165394404,1328333.3333333333,26492930000.0,24364863500.0,0.0003008349774826718,0.0003079844875798299
Seattle/Puget Sound,549300FX7K8PTEQUU487,PENTAGON FEDERAL CREDIT UNION,,,106,59190000.0,11,6385000.0,26,15470000.0,7354000.0,2023-2025,0.10787295151207975,0.12424396012840007,580454.5454545454,26492930000.0,24364863500.0,0.00024100769526058462,0.0003018280812449452
Seattle/Puget Sound,5493002Y5XYV7DV1ZV88,"GOLD STAR MORTGAGE FINANCIAL GROUP, CORPORATION",,,176,97860000.0,16,8450000.0,27,13315000.0,7188000.0,2023-2025,0.08634784385857347,0.07345187001839362,528125.0,26492930000.0,24364863500.0,0.0003189530187865215,0.0002950149915676728
Seattle/Puget Sound,549300AG10BX85DF5S49,MLD MORTGAGE INC.,,,406,193540000.0,15,8235000.0,48,22670000.0,7174000.0,2023-2025,0.042549343804898214,0.037067272915159655,549000.0,26492930000.0,24364863500.0,0.00031083764611917217,0.0002944403936430836
Seattle/Puget Sound,549300BX448ALT10FI43,The Federal Savings Bank,,,361,198975000.0,11,7345000.0,55,29935000.0,7096500.0,2023-2025,0.03691418519914562,0.035665284583490386,667727.2727272727,26492930000.0,24364863500.0,0.0002772437778682841,0.0002912595837033932
Seattle/Puget Sound,549300FK3AFCFVAPH234,"Leader Bank, National Association",,,28,21070000.0,11,8025000.0,13,9005000.0,6801500.0,2023-2025,0.3808732795443759,0.3228049359278595,729545.4545454546,26492930000.0,24364863500.0,0.0003029110030487379,0.00027915198457812004
Seattle/Puget Sound,549300RPOGWJRH63HS39,UNION HOME MORTGAGE CORP.,,,178,90920000.0,12,8260000.0,25,13375000.0,6752500.0,2023-2025,0.09084909810822701,0.07426858776946767,688333.3333333334,26492930000.0,24364863500.0,0.00031178129410374766,0.0002771408918420577
Seattle/Puget Sound,549300ZZME37MXI1EF14,"DAS Acquisition Company, LLC",,,102,55140000.0,12,7850000.0,24,13970000.0,6563000.0,2023-2025,0.14236488937250635,0.11902430177729416,654166.6666666666,26492930000.0,24364863500.0,0.00029630546715670933,0.0002693632985056534
Seattle/Puget Sound,549300SBA6BX8HZZF585,"FIDELITY LENDING SOLUTIONS, INC.",,,9,8765000.0,4,6560000.0,4,6560000.0,6560000.0,2023-2025,0.7484312606959498,0.7484312606959498,1640000.0,26492930000.0,24364863500.0,0.00024761323115261315,0.00026924017037895575
Seattle/Puget Sound,549300KX4S1573HISS22,OAKTREE FUNDING CORP.,,,21,19145000.0,7,8155000.0,9,8815000.0,6524000.0,2023-2025,0.4259597806215722,0.3407678244972578,1165000.0,26492930000.0,24364863500.0,0.00030781797256853054,0.0002677626328585834
Seattle/Puget Sound,549300ISCZS1R0CJMO47,"Premia Mortgage, LLC DBA Premia Relocation Mortgage",,,72,45960000.0,10,7360000.0,14,9800000.0,6495000.0,2023-2025,0.16013925152306355,0.14131853785900783,736000.0,26492930000.0,24364863500.0,0.0002778099666590294,0.00026657239430050573
Seattle/Puget Sound,5493001B4U37VT2ML818,GESA,,,72,31550000.0,14,7670000.0,19,9045000.0,6406000.0,2023-2025,0.24310618066561016,0.20304278922345484,547857.1428571428,26492930000.0,24364863500.0,0.0002895112016677657,0.00026291959320847417
Seattle/Puget Sound,54930052M48FOD3CWA54,"PRIMARY RESIDENTIAL MORTGAGE, INC.",,,115,57055000.0,12,7460000.0,23,12515000.0,6342000.0,2023-2025,0.13075102970817631,0.11115590219963194,621666.6666666666,26492930000.0,24364863500.0,0.00028158455859733146,0.0002602928598389234
Seattle/Puget Sound,QFROUN1UWUYU0DVIWD51,"Fifth Third Bank, National Association",,,12,11120000.0,5,6215000.0,7,8985000.0,6244000.0,2023-2025,0.5589028776978417,0.5615107913669065,1243000.0,26492930000.0,24364863500.0,0.00023459088896547116,0.00025627067436679874
Seattle/Puget Sound,254900O28OG3UMHXQY81,"Strong Home Mortgage, LLC",,,52,32630000.0,11,6855000.0,15,8905000.0,6046000.0,2023-2025,0.21008274593931964,0.18528961078761877,623181.8181818182,26492930000.0,24364863500.0,0.0002587482773706042,0.00024814421800475097
Seattle/Puget Sound,5493001JT9MT3Z3Y3M39,"RBC Bank, (Georgia) National Association",,,27,21395000.0,9,6465000.0,10,7650000.0,6014000.0,2023-2025,0.3021734050011685,0.281093713484459,718333.3333333334,26492930000.0,24364863500.0,0.00024402736881122623,0.0002468308513199756
Seattle/Puget Sound,549300Z2B4FHRYOXTS09,Heritage Bank,,,99,53025000.0,9,7415000.0,17,10185000.0,6007500.0,2023-2025,0.13983969825553985,0.11329561527581329,823888.8888888889,26492930000.0,24364863500.0,0.00027988599222509555,0.0002465640737121306
Seattle/Puget Sound,5493003Q3L1PO9NBVK64,WHATCOM EDUCATIONAL CREDIT UNION,,,48,30340000.0,10,6220000.0,15,10085000.0,5983500.0,2023-2025,0.2050098879367172,0.19721489782465393,622000.0,26492930000.0,24364863500.0,0.00023477961856238627,0.00024557904869854905
Seattle/Puget Sound,549300OPB0G5OMY0SM65,NEW WAVE LENDING GROUP INC,,,31,16435000.0,9,6125000.0,13,7535000.0,5969000.0,2023-2025,0.3726802555521752,0.3631883176148464,680555.5555555555,26492930000.0,24364863500.0,0.00023119375622099935,0.0002449839294195102
Seattle/Puget Sound,254900LTD432L5CHIZ48,Home Mortgage Alliance Corporation (HMAC),,,64,45870000.0,6,6200000.0,8,8480000.0,5961000.0,2023-2025,0.13516459559625027,0.12995421844342708,1033333.3333333334,26492930000.0,24364863500.0,0.00023402470017472586,0.00024465558774831636
Seattle/Puget Sound,2549008TT6UNYR7AXF54,"Sunflower Bank, National Association",,,122,63850000.0,7,6345000.0,26,14810000.0,5877000.0,2023-2025,0.09937353171495693,0.09204385277995301,906428.5714285715,26492930000.0,24364863500.0,0.0002394978584852638,0.00024120800020078093
Seattle/Puget Sound,549300TWPFOYZ33TOU32,MANN FINANCIAL INC.,,,104,49760000.0,12,6950000.0,21,10705000.0,5801000.0,2023-2025,0.13967041800643087,0.11657958199356913,579166.6666666666,26492930000.0,24364863500.0,0.0002623341397119911,0.00023808875432443938
Seattle/Puget Sound,5493000BAKE4VAHVCU55,SALAL Credit Union,,,63,26425000.0,17,7055000.0,23,9815000.0,5715500.0,2023-2025,0.26698202459791864,0.21629139072847683,415000.0,26492930000.0,24364863500.0,0.0002662974612472082,0.00023457960271355512
Seattle/Puget Sound,C398JSK21YCXWM603F55,"Barrington Bank & Trust Company, National Association",,,76,43120000.0,10,6390000.0,16,8830000.0,5565000.0,2023-2025,0.14819109461966604,0.12905844155844157,639000.0,26492930000.0,24364863500.0,0.0002411964248574997,0.00022840267502422085
Seattle/Puget Sound,FDXQ75GPEQKRPWABYN63,CIBC Bank USA,,,6,8570000.0,4,6310000.0,5,7065000.0,5449000.0,2023-2025,0.7362893815635939,0.6358226371061844,1577500.0,26492930000.0,24364863500.0,0.00023817675130685808,0.00022364172079191003
Seattle/Puget Sound,PAOOWF3GUFM46FBSP561,PHH Mortgage Corporation,,,127,64125000.0,11,5825000.0,20,10130000.0,5218000.0,2023-2025,0.09083820662768032,0.08137231968810917,529545.4545454546,26492930000.0,24364863500.0,0.00021986998040609326,0.00021416085503618765
Seattle/Puget Sound,549300SK2GVCQXPD4S58,"SUN WEST MORTGAGE COMPANY, INC.",,,169,81665000.0,11,5595000.0,19,9725000.0,5035000.0,2023-2025,0.0685116022775975,0.061654319475907673,508636.36363636365,26492930000.0,24364863500.0,0.0002111884189479986,0.00020665003930762837
Seattle/Puget Sound,549300JPGMCMBEJEK584,DIGITAL,,,43,34835000.0,5,5125000.0,8,7640000.0,5012000.0,2023-2025,0.14712214726568107,0.14387828333572555,1025000.0,26492930000.0,24364863500.0,0.00019344783683797903,0.00020570605700294606
Seattle/Puget Sound,549300PC4MFWQBNVKG88,"V.I.P. MORTGAGE, INC.",,,60,35300000.0,7,5945000.0,12,8460000.0,4997000.0,2023-2025,0.16841359773371103,0.14155807365439094,849285.7142857143,26492930000.0,24364863500.0,0.00022439949073205568,0.0002050904163694576
Seattle/Puget Sound,549300QIUZLVR1OLDH55,Genisys Credit Union,,,12,13760000.0,4,5710000.0,5,6715000.0,4955000.0,2023-2025,0.41497093023255816,0.3601017441860465,1427500.0,26492930000.0,24364863500.0,0.00021552919967704592,0.0002033666225956899
Seattle/Puget Sound,549300ZPSJZO10ZAX556,"AMERICAN HERITAGE LENDING, LLC",,,27,23155000.0,8,5330000.0,8,5330000.0,4874000.0,2023-2025,0.23018786439213992,0.21049449362988557,666250.0,26492930000.0,24364863500.0,0.0002011857503114982,0.00020004216317485218
Seattle/Puget Sound,2549002VH9C0PKB8K153,Logan Finance Corporation,,,21,16525000.0,6,4730000.0,8,6660000.0,4851500.0,2023-2025,0.28623298033282907,0.2935854765506808,788333.3333333334,26492930000.0,24364863500.0,0.00017853819868168602,0.0001991187022246195
Seattle/Puget Sound,5493004F7BXDIUFVPV87,STAR ONE Credit Union,,,20,13550000.0,7,5365000.0,8,6350000.0,4823000.0,2023-2025,0.3959409594095941,0.3559409594095941,766428.5714285715,26492930000.0,24364863500.0,0.0002025068574899039,0.0001979489850209914
Seattle/Puget Sound,549300MUXFVZKH4XLG17,"RESIDENTIAL WHOLESALE MORTGAGE, INC.",,,44,20710000.0,11,5975000.0,15,7105000.0,4816000.0,2023-2025,0.2885079671656205,0.23254466441332688,543181.8181818182,26492930000.0,24364863500.0,0.0002255318683135463,0.00019766168605869677
Seattle/Puget Sound,5493001GDRY0EL7VG372,"ARK-LA-TEX FINANCIAL SERVICES, LLC.",,,101,57025000.0,7,5305000.0,16,9890000.0,4792500.0,2023-2025,0.09302937308198159,0.08404208680403331,757857.1428571428,26492930000.0,24364863500.0,0.0002002421023269227,0.00019669718239956484
Seattle/Puget Sound,549300JOD3S8ZGZLHP53,"GOOGAIN, INC.",,,14,7620000.0,11,5415000.0,11,5415000.0,4687000.0,2023-2025,0.7106299212598425,0.6150918635170604,492272.7272727273,26492930000.0,24364863500.0,0.00020439415345905492,0.00019236717661069597
Seattle/Puget Sound,5493009Y8ROUG903AQ21,STANFORD Federal Credit Union,,,16,13070000.0,6,4980000.0,7,5715000.0,4610000.0,2023-2025,0.38102524866105586,0.3527161438408569,830000.0,26492930000.0,24364863500.0,0.0001879746785274411,0.00018920688802545518
Seattle/Puget Sound,549300BOXNV8VLRBDT24,"AMERICAN INTERNET MORTGAGE, INC.",,,33,14985000.0,12,5320000.0,15,6365000.0,4427500.0,2023-2025,0.3550216883550217,0.29546212879546213,443333.3333333333,26492930000.0,24364863500.0,0.000200808291117668,0.0001817165936513455
Seattle/Puget Sound,549300UF3FPC7U6RFC59,The Central Trust Bank,,,37,22065000.0,8,4590000.0,10,6260000.0,4411000.0,2023-2025,0.2080217539089055,0.19990935871289373,573750.0,26492930000.0,24364863500.0,0.0001732537699680632,0.0001810393889545082
Seattle/Puget Sound,549300CK7U1WMTIG6687,HIGHTECHLENDING INC,,,9,7465000.0,5,5115000.0,5,5115000.0,4386000.0,2023-2025,0.6851975887474883,0.5875418620227729,1023000.0,26492930000.0,24364863500.0,0.00019307037764414883,0.00018001332123202741
Seattle/Puget Sound,5493006S869XKIESMV41,Mountain America Federal Credit Union,,,52,26590000.0,9,5295000.0,12,6560000.0,4266500.0,2023-2025,0.19913501316284318,0.1604550582925912,588333.3333333334,26492930000.0,24364863500.0,0.0001998646431330925,0.00017510871751856932
Seattle/Puget Sound,549300HVW3AI97UKTO72,Wings Financial Credit Union,,,21,12185000.0,8,5230000.0,10,6280000.0,4243000.0,2023-2025,0.42921624948707426,0.3482150184653262,653750.0,26492930000.0,24364863500.0,0.00019741115837319616,0.0001741442138594374
Seattle/Puget Sound,5493006L4FQIQFVFNS72,5493006L4FQIQFVFNS72,,,47,28285000.0,5,4075000.0,12,7620000.0,4120500.0,2023-2025,0.14406929467915858,0.14567792115962525,815000.0,26492930000.0,24364863500.0,0.00015381462148580772,0.00016911648201928158
Seattle/Puget Sound,549300KQHWNSVCE2MY88,"SIRVA MORTGAGE, INC.",,,16,10990000.0,5,4495000.0,6,5030000.0,4111000.0,2023-2025,0.40900818926296634,0.3740673339399454,899000.0,26492930000.0,24364863500.0,0.00016966790762667624,0.00016872657628473888
Seattle/Puget Sound,549300R9S3MVDV4MGF56,"CARRINGTON MORTGAGE SERVICES, LLC",,,244,98750000.0,6,4730000.0,28,12860000.0,4029500.0,2023-2025,0.04789873417721519,0.04080506329113924,788333.3333333334,26492930000.0,24364863500.0,0.00017853819868168602,0.00016538159550945155
Seattle/Puget Sound,549300VCMRO4ST680C11,VILLAGE CAPITAL & INVESTMENT LLC,,,288,145180000.0,7,4205000.0,44,22670000.0,3947000.0,2023-2025,0.028964044634247142,0.027186940349910454,600714.2857142857,26492930000.0,24364863500.0,0.00015872159100560038,0.000161995572025265
Seattle/Puget Sound,254900TTZ395IC926125,"Sierra Pacific Mortgage Company, Inc.",,,120,62760000.0,9,4505000.0,27,13295000.0,3882500.0,2023-2025,0.07178138942001275,0.06186265137029955,500555.55555555556,26492930000.0,24364863500.0,0.00017004536682050644,0.00015934831730126457
Seattle/Puget Sound,549300S8SHBRCI7UU819,Baxter Credit Union,,,12,10080000.0,4,4720000.0,4,4720000.0,3776000.0,2023-2025,0.46825396825396826,0.3746031746031746,1180000.0,26492930000.0,24364863500.0,0.0001781607394878558,0.0001549772688034965
Seattle/Puget Sound,2549005Q4HZ55QX7YC64,"Watermark Capital, Inc.",,,26,14250000.0,9,4385000.0,10,4580000.0,3746000.0,2023-2025,0.30771929824561406,0.26287719298245615,487222.22222222225,26492930000.0,24364863500.0,0.00016551585649454402,0.00015374598753651954
Seattle/Puget Sound,5493002GI63WHHUTUD85,"KEYSTONE FUNDING, INC.",,,33,20285000.0,7,4635000.0,11,7295000.0,3708000.0,2023-2025,0.22849396105496672,0.18279516884397337,662142.8571428572,26492930000.0,24364863500.0,0.0001749523363402991,0.00015218636459834875
Seattle/Puget Sound,COINQMNIM6RBU631DD85,Arvest Bank,,,17,9415000.0,7,4435000.0,9,5185000.0,3649000.0,2023-2025,0.4710568242166755,0.3875730217737653,633571.4285714285,26492930000.0,24364863500.0,0.00016740315246369504,0.00014976484477329413
Seattle/Puget Sound,549300WRDGBHKR1BXL98,Merchants Bank of Indiana,,,7,7485000.0,4,4440000.0,4,4440000.0,3552000.0,2023-2025,0.593186372745491,0.4745490981963928,1110000.0,26492930000.0,24364863500.0,0.00016759188206061013,0.00014578370201006872
Seattle/Puget Sound,254900QPRPHIXEAX3L37,QUALSTAR CREDIT UNION,,,78,30890000.0,7,4255000.0,19,7705000.0,3518500.0,2023-2025,0.13774684363871803,0.11390417610877307,607857.1428571428,26492930000.0,24364863500.0,0.00016060888697475137,0.00014440877126194448
Seattle/Puget Sound,54930002O9LLXKR6TF11,BAY-VALLEY MORTGAGE GROUP,,,27,12835000.0,7,4185000.0,13,6465000.0,3499000.0,2023-2025,0.3260615504479938,0.272613946240748,597857.1428571428,26492930000.0,24364863500.0,0.00015796667261793997,0.00014360843843840948
Seattle/Puget Sound,549300DNWSJUNAWUM003,"CREDIT UNION MORTGAGE ASSOCIATION, INC.",,,9,5555000.0,6,4050000.0,7,4355000.0,3362000.0,2023-2025,0.729072907290729,0.6052205220522052,675000.0,26492930000.0,24364863500.0,0.00015287097350123223,0.00013798558731921483
Seattle/Puget Sound,549300O2EZG72LO2FX38,SUMMIT MORTGAGE CORPORATION,,,19,12035000.0,5,4095000.0,7,5145000.0,3327500.0,2023-2025,0.3402575820523473,0.2764852513502285,819000.0,26492930000.0,24364863500.0,0.00015456953987346813,0.00013656961386219134
Seattle/Puget Sound,549300I1HK1BBZLKOB84,ADVANCIAL CREDIT UNION,,,25,21125000.0,6,2780000.0,10,5700000.0,3291500.0,2023-2025,0.13159763313609468,0.15581065088757395,463333.3333333333,26492930000.0,24364863500.0,0.00010493365588479643,0.00013509207634181903
Seattle/Puget Sound,549300UT4EN6IH579Q63,"RIGHT START MORTGAGE, INC.",,,136,68250000.0,7,3625000.0,21,9725000.0,3273000.0,2023-2025,0.05311355311355311,0.047956043956043956,517857.14285714284,26492930000.0,24364863500.0,0.0001368289577634486,0.00013433278622718327
Seattle/Puget Sound,549300R4F5COFJE0DN81,"ONY GLO, INC.",,,22,14680000.0,7,3805000.0,7,3805000.0,3266000.0,2023-2025,0.25919618528610355,0.22247956403269756,543571.4285714285,26492930000.0,24364863500.0,0.00014362322325239224,0.00013404548726488863
Seattle/Puget Sound,549300S5FVOSK5DQJN30,INTERCAP LENDING INC.,,,18,11310000.0,5,4075000.0,7,4805000.0,3260000.0,2023-2025,0.3603006189213086,0.28824049513704686,815000.0,26492930000.0,24364863500.0,0.00015381462148580772,0.00013379923101149326
Seattle/Puget Sound,549300ONBM4MGXXBTA44,"AMCAP MORTGAGE, LTD.",,,65,27625000.0,7,3625000.0,16,6780000.0,3188000.0,2023-2025,0.13122171945701358,0.1154027149321267,517857.14285714284,26492930000.0,24364863500.0,0.0001368289577634486,0.00013084415597074863
Seattle/Puget Sound,549300A5HHOL2ED18C72,AMERITRUST MORTGAGE CORPORATION,,,16,11040000.0,3,3775000.0,4,3880000.0,3185000.0,2023-2025,0.34193840579710144,0.2884963768115942,1258333.3333333333,26492930000.0,24364863500.0,0.00014249084567090163,0.00013072102784405091
Seattle/Puget Sound,549300XW2H531FLD3I90,FIRST FED BANK,,,16,13910000.0,1,3165000.0,4,4610000.0,3165000.0,2023-2025,0.22753414809489575,0.22753414809489575,3165000.0,26492930000.0,24364863500.0,0.00011946583484725924,0.0001299001736660663
Seattle/Puget Sound,549300KTR1JGH3K6LU06,Bethpage Federal Credit Union,,,23,20215000.0,5,2805000.0,7,5105000.0,3164000.0,2023-2025,0.1387583477615632,0.15651743754637645,561000.0,26492930000.0,24364863500.0,0.00010587730386937194,0.00012985913095716706
Seattle/Puget Sound,549300SCFWZXMDMZPE93,"RESIDENTIAL MORTGAGE, LLC",,,63,34155000.0,4,3580000.0,10,6460000.0,3146500.0,2023-2025,0.10481627872932221,0.0921241399502269,895000.0,26492930000.0,24364863500.0,0.00013513039139121267,0.00012914088355143053
Seattle/Puget Sound,5493000OM9RKJW8W5K82,ALAMEDA MORTGAGE CORPORATION,,,14,8810000.0,5,3455000.0,6,4120000.0,3030000.0,2023-2025,0.39216799091940974,0.3439273552780931,691000.0,26492930000.0,24364863500.0,0.00013041215146833513,0.0001243594079646701
Seattle/Puget Sound,549300VQUTI5IU7GXT57,SECURITYNATIONAL MORTGAGE COMPANY,,,98,50620000.0,5,3265000.0,19,10535000.0,2920500.0,2023-2025,0.06450019755037535,0.05769458711971553,653000.0,26492930000.0,24364863500.0,0.00012324042678556128,0.00011986523134020431
Seattle/Puget Sound,5493002G4JO4BZ22MC13,"IVY MORTGAGE, INC.",,,5,3455000.0,4,2730000.0,5,3455000.0,2768000.0,2023-2025,0.7901591895803184,0.8011577424023155,682500.0,26492930000.0,24364863500.0,0.00010304635991564543,0.00011360621823307157
Seattle/Puget Sound,549300X01FL2VJJGCI54,Seattle Bank,,,5,4175000.0,4,3420000.0,4,3420000.0,2736000.0,2023-2025,0.8191616766467066,0.6553293413173653,855000.0,26492930000.0,24364863500.0,0.00012909104428992943,0.00011229285154829618
Seattle/Puget Sound,25490018IFQOT83Q7H49,"GO MORTGAGE, LLC",,,18,9250000.0,5,3395000.0,6,3820000.0,2716000.0,2023-2025,0.36702702702702705,0.29362162162162164,679000.0,26492930000.0,24364863500.0,0.0001281473963053539,0.00011147199737031156
Seattle/Puget Sound,549300T61O0X0RJMQ375,Bison State Bank,,,20,12360000.0,5,3115000.0,6,3880000.0,2689500.0,2023-2025,0.25202265372168287,0.21759708737864078,623000.0,26492930000.0,24364863500.0,0.00011757853887810824,0.00011038436558448194
Seattle/Puget Sound,549300C4J510S9L1RF98,549300C4J510S9L1RF98,,,3,2765000.0,3,2765000.0,3,2765000.0,2646000.0,2023-2025,1.0,0.9569620253164557,921666.6666666666,26492930000.0,24364863500.0,0.00010436746709405113,0.00010859900774736538
Seattle/Puget Sound,549300E4YLQ3BVQ4GW30,"WALL STREET MORTGAGE BANKERS, LTD.",,,6,7560000.0,2,2750000.0,2,2750000.0,2467000.0,2023-2025,0.3637566137566138,0.32632275132275135,1375000.0,26492930000.0,24364863500.0,0.00010380127830330582,0.00010125236285440302
Seattle/Puget Sound,549300UV5JQXLGVWIP44,Devon Bank,,,35,21905000.0,3,2195000.0,4,3100000.0,2462000.0,2023-2025,0.1002054325496462,0.1123944304953207,731666.6666666666,26492930000.0,24364863500.0,8.285229304572955e-05,0.00010104714930990687
Seattle/Puget Sound,54930049L5WINET09Q97,"Click n' Close, Inc.",,,188,82300000.0,5,2995000.0,20,9180000.0,2435500.0,2023-2025,0.03639125151883354,0.029592952612393683,599000.0,26492930000.0,24364863500.0,0.0001130490285521458,9.995951752407725e-05
Seattle/Puget Sound,5493000FSLMV0FBEQY36,5493000FSLMV0FBEQY36,,,1,3005000.0,1,3005000.0,1,3005000.0,2404000.0,2023-2025,1.0,0.8,3005000.0,26492930000.0,24364863500.0,0.00011342648774597601,9.866667219375146e-05
Seattle/Puget Sound,549300WYBPIWKK6SQC06,Bell Bank,,,9,6455000.0,3,2985000.0,3,2985000.0,2388000.0,2023-2025,0.4624322230828815,0.36994577846630516,995000.0,26492930000.0,24364863500.0,0.0001126715693583156,9.800998885136376e-05
Seattle/Puget Sound,254900KI7219LQKCI772,First Western Trust Bank,,,6,5320000.0,2,2960000.0,2,2960000.0,2368000.0,2023-2025,0.556390977443609,0.44511278195488724,1480000.0,26492930000.0,24364863500.0,0.00011172792137374009,9.718913467337915e-05
Seattle/Puget Sound,549300XHF3PMRO08N352,VERITY,,,17,4455000.0,12,2950000.0,12,2950000.0,2360000.0,2023-2025,0.6621773288439955,0.5297418630751964,245833.33333333334,26492930000.0,24364863500.0,0.00011135046217990989,9.68607930021853e-05
Seattle/Puget Sound,549300FWQNRPTKXB8G79,"Wallick & Volk, Inc.",,,74,37370000.0,3,2485000.0,7,3785000.0,2347000.0,2023-2025,0.06649719025956649,0.06280438854696281,828333.3333333334,26492930000.0,24364863500.0,9.379860966680544e-05,9.632723778649529e-05
Seattle/Puget Sound,254900V6GCDMRQZ34D96,LUXURY MORTGAGE CORP.,,,9,6585000.0,2,2430000.0,2,2430000.0,2345000.0,2023-2025,0.3690205011389522,0.3561123766135156,1215000.0,26492930000.0,24364863500.0,9.172258410073933e-05,9.624515236869683e-05
Seattle/Puget Sound,2549004CU9LAM5CYA280,KWIK MORTGAGE CORPORATION,,,5,3835000.0,3,2495000.0,3,2495000.0,2338000.0,2023-2025,0.6505867014341591,0.6096479791395045,831666.6666666666,26492930000.0,24364863500.0,9.417606886063565e-05,9.595785340640222e-05
Seattle/Puget Sound,5493008ZTV4S0W9DCX64,"GENWAY HOME MORTGAGE, INC.",,,39,19075000.0,4,2580000.0,8,4430000.0,2299000.0,2023-2025,0.13525557011795544,0.12052424639580603,645000.0,26492930000.0,24364863500.0,9.738447200819238e-05,9.43571877593322e-05
Seattle/Puget Sound,549300NJVKCDJA5YC939,"HOMEOWNERS FINANCIAL GROUP USA, LLC",,,32,18360000.0,3,2675000.0,5,3705000.0,2296500.0,2023-2025,0.14569716775599129,0.12508169934640523,891666.6666666666,26492930000.0,24364863500.0,0.0001009703343495793,9.425458098708412e-05
Seattle/Puget Sound,549300VVH8HHFMWL8536,CHEVRON Federal Credit Union,,,9,5545000.0,4,2810000.0,4,2810000.0,2248000.0,2023-2025,0.5067628494138864,0.4054102795311091,702500.0,26492930000.0,24364863500.0,0.00010606603346628704,9.226400960547142e-05
Seattle/Puget Sound,549300EFCZM6KD6B8K69,MORTGAGE ACCESS CORP.,,,8,6360000.0,3,2795000.0,3,2795000.0,2236000.0,2023-2025,0.43946540880503143,0.35157232704402513,931666.6666666666,26492930000.0,24364863500.0,0.00010549984467554174,9.177149709868065e-05
Seattle/Puget Sound,549300GRGZDEH4ZGQS06,Waterstone Mortgage Corporation,,,34,17680000.0,4,2480000.0,7,3925000.0,2230000.0,2023-2025,0.14027149321266968,0.126131221719457,620000.0,26492930000.0,24364863500.0,9.360988006989034e-05,9.152524084528526e-05
Seattle/Puget Sound,549300TMY3OACQC9U777,"Greenbox Loans, Inc.",,,21,13335000.0,1,2455000.0,3,3405000.0,2182000.0,2023-2025,0.18410198725159355,0.16362954630671167,2455000.0,26492930000.0,24364863500.0,9.266623208531483e-05,8.955519081812217e-05
Seattle/Puget Sound,2549008LK3474E9U2888,ONPOINT COMMUNITY CREDIT UNION,,,29,12015000.0,6,2660000.0,7,3105000.0,2128000.0,2023-2025,0.2213899292550978,0.17711194340407824,443333.3333333333,26492930000.0,24364863500.0,0.000100404145558834,8.733888453756369e-05
Seattle/Puget Sound,549300UBGGLZLZEY0M18,TWINSTAR,,,148,53080000.0,3,2645000.0,7,4605000.0,2116000.0,2023-2025,0.049830444611906555,0.03986435568952525,881666.6666666666,26492930000.0,24364863500.0,9.983795676808869e-05,8.684637203077292e-05
Seattle/Puget Sound,549300N3JBQ15RQ7AV97,"MORIA DEVELOPMENT, INC.",,,26,15110000.0,3,2015000.0,5,3465000.0,2097000.0,2023-2025,0.13335539377895433,0.1387822634017207,671666.6666666666,26492930000.0,24364863500.0,7.605802755678591e-05,8.606656056168753e-05
Seattle/Puget Sound,254900IRE136HFEI2562,254900IRE136HFEI2562,,,1,2585000.0,1,2585000.0,1,2585000.0,2068000.0,2023-2025,1.0,0.8,2585000.0,26492930000.0,24364863500.0,9.757320160510748e-05,8.487632200360983e-05
Seattle/Puget Sound,54930028J11BWKUVGX50,HARBORSTONE,,,63,26545000.0,3,2335000.0,15,6675000.0,2030000.0,2023-2025,0.08796383499717461,0.07647391222452439,778333.3333333334,26492930000.0,24364863500.0,8.81367217593524e-05,8.331669906543905e-05
Seattle/Puget Sound,549300GE8KIGZVQV1223,MORTGAGE EQUITY PARTNERS LLC,,,6,4070000.0,4,2320000.0,4,2320000.0,2021000.0,2023-2025,0.5700245700245701,0.49656019656019657,580000.0,26492930000.0,24364863500.0,8.757053296860709e-05,8.294731468534597e-05
Seattle/Puget Sound,5493006RIR31ORKYB608,"LAND HOME FINANCIAL SERVICES, INC.",,,15,6955000.0,3,1985000.0,6,3310000.0,2019000.0,2023-2025,0.28540618260244427,0.29029475197699495,661666.6666666666,26492930000.0,24364863500.0,7.49256499752953e-05,8.28652292675475e-05
Seattle/Puget Sound,549300ILIUB22RTQKQ27,"BKCO MORTGAGE, LLC",,,2,3150000.0,1,2475000.0,1,2475000.0,1980000.0,2023-2025,0.7857142857142857,0.6285714285714286,2475000.0,26492930000.0,24364863500.0,9.342115047297524e-05,8.126456362047749e-05
Seattle/Puget Sound,5493001PXRJMPLXPG540,IDAHO CENTRAL CREDIT UNION,,,32,15880000.0,5,2355000.0,5,2355000.0,1963000.0,2023-2025,0.14829974811083124,0.12361460957178841,471000.0,26492930000.0,24364863500.0,8.88916401470128e-05,8.056683756919057e-05
Seattle/Puget Sound,WWB2V0FCW3A0EE3ZJN75,Manufacturers and Traders Trust Company,,,65,28395000.0,4,1810000.0,10,4590000.0,1922000.0,2023-2025,0.06374361683394963,0.06768797323472442,452500.0,26492930000.0,24364863500.0,6.832011408326674e-05,7.88840865043221e-05
Seattle/Puget Sound,5493005JPZ3LXXMB0S24,"FBC MORTGAGE, LLC",,,14,12680000.0,2,1620000.0,4,3100000.0,1888000.0,2023-2025,0.1277602523659306,0.14889589905362777,810000.0,26492930000.0,24364863500.0,6.114838940049288e-05,7.748863440174824e-05
Seattle/Puget Sound,549300RA3E0BUFO7YZ21,"Hometown Equity Mortgage, LLC",,,24,13130000.0,5,2335000.0,6,2940000.0,1868000.0,2023-2025,0.17783701447067785,0.14226961157654228,467000.0,26492930000.0,24364863500.0,8.81367217593524e-05,7.666778022376361e-05
Seattle/Puget Sound,549300ZIXM1VUXPG4D03,"Florida Capital Bank, National Association",,,11,6545000.0,3,1365000.0,4,3230000.0,1838000.0,2023-2025,0.20855614973262032,0.28082505729564555,455000.0,26492930000.0,24364863500.0,5.152317995782271e-05,7.543649895678668e-05
Seattle/Puget Sound,254900WTZC5SSKIN2M11,First National Bank of America,,,218,90040000.0,3,1485000.0,27,10085000.0,1804500.0,2023-2025,0.01649266992447801,0.020041092847623277,495000.0,26492930000.0,24364863500.0,5.605269028378515e-05,7.406156820866245e-05
Seattle/Puget Sound,549300KW3HYVC06WS898,Paramount Bank,,,7,4365000.0,1,1785000.0,2,2070000.0,1785000.0,2023-2025,0.40893470790378006,0.40893470790378006,1785000.0,26492930000.0,24364863500.0,6.737646609869123e-05,7.326123538512743e-05
Seattle/Puget Sound,2549007ZL90U2M5ZNA78,United Fidelity Funding Corp.,,,40,25880000.0,3,1735000.0,4,2700000.0,1774000.0,2023-2025,0.06704018547140649,0.06854714064914992,578333.3333333334,26492930000.0,24364863500.0,6.548917012954023e-05,7.28097655872359e-05
Seattle/Puget Sound,5493002B2WMHY23GFK92,"AMERICAN FINANCIAL RESOURCES, INC.",,,102,46950000.0,4,1930000.0,11,5855000.0,1770500.0,2023-2025,0.04110756123535676,0.03771033013844515,482500.0,26492930000.0,24364863500.0,7.284962440922918e-05,7.26661161060886e-05
Seattle/Puget Sound,54930078TNN7GKZ7NU89,54930078TNN7GKZ7NU89,,,11,5985000.0,3,1995000.0,4,2410000.0,1762000.0,2023-2025,0.3333333333333333,0.2944026733500418,665000.0,26492930000.0,24364863500.0,7.53031091691255e-05,7.231725308044513e-05
Seattle/Puget Sound,549300K4ZLGS7SRDTL86,Equity Prime Mortgage LLC,,,126,58350000.0,3,2125000.0,15,6915000.0,1756000.0,2023-2025,0.03641816623821765,0.0300942587832048,708333.3333333334,26492930000.0,24364863500.0,8.021007868891814e-05,7.207099682704974e-05
Seattle/Puget Sound,254900HA4DQWAE0W3342,"AMERIHOME MORTGAGE COMPANY, LLC",,,51,30985000.0,1,1175000.0,4,3320000.0,1707500.0,2023-2025,0.03792157495562369,0.05510730998870421,1175000.0,26492930000.0,24364863500.0,4.435145527504885e-05,7.008042544543704e-05
Seattle/Puget Sound,254900MKY47WU65N1J56,Timberland Bank,,,267,166155000.0,2,2040000.0,8,4820000.0,1703000.0,2023-2025,0.012277692516024194,0.010249465860190786,1020000.0,26492930000.0,24364863500.0,7.70016755413614e-05,6.98957332553905e-05
Seattle/Puget Sound,549300GY4NTTEM7WWB64,Bank of England,,,20,10880000.0,3,1955000.0,7,3955000.0,1699500.0,2023-2025,0.1796875,0.15620404411764705,651666.6666666666,26492930000.0,24364863500.0,7.379327239380469e-05,6.975208377424319e-05
Seattle/Puget Sound,5493000IIYWBLONJVJ30,ROUNDPOINT MORTGAGE SERVICING LLC,,,20,10130000.0,3,1785000.0,5,2785000.0,1676500.0,2023-2025,0.17620927936821323,0.1654985192497532,595000.0,26492930000.0,24364863500.0,6.737646609869123e-05,6.880810146956087e-05
Seattle/Puget Sound,54930030Z1JWTP3SVD16,"TOP FLITE FINANCIAL, INC.",,,40,16110000.0,4,1700000.0,12,4760000.0,1669500.0,2023-2025,0.10552451893234016,0.10363128491620112,425000.0,26492930000.0,24364863500.0,6.416806295113451e-05,6.852080250726625e-05
Seattle/Puget Sound,HIDXEG9BLUJZKBGUT764,Bank-Fund Staff Federal Credit Union,,,4,3200000.0,3,2085000.0,3,2085000.0,1668000.0,2023-2025,0.6515625,0.52125,695000.0,26492930000.0,24364863500.0,7.870024191359732e-05,6.84592384439174e-05
Seattle/Puget Sound,549300R0SXC1JU7ZU290,"FIRST COMMUNITY MORTGAGE, INC.",,,6,4890000.0,2,1690000.0,3,2875000.0,1629000.0,2023-2025,0.3456032719836401,0.33312883435582824,845000.0,26492930000.0,24364863500.0,6.379060375730431e-05,6.685857279684739e-05
Seattle/Puget Sound,WKN6AF1FCL7BBYGTGI83,First Savings Bank,,,19,10495000.0,2,1280000.0,6,3650000.0,1624500.0,2023-2025,0.12196283944735588,0.1547879942829919,640000.0,26492930000.0,24364863500.0,4.8314776810265986e-05,6.667388060680085e-05
Seattle/Puget Sound,549300QD23LICPXTPB55,"DIGNIFIED HOME LOANS, LLC",,,25,15125000.0,3,2005000.0,8,4450000.0,1604000.0,2023-2025,0.13256198347107437,0.10604958677685951,668333.3333333334,26492930000.0,24364863500.0,7.56805683629557e-05,6.583250507436662e-05
Seattle/Puget Sound,549300AT7EB9FJAF0E61,Old National Bank,,,5,3545000.0,2,1970000.0,3,2705000.0,1576000.0,2023-2025,0.5557122708039492,0.44456981664315937,985000.0,26492930000.0,24364863500.0,7.435946118454999e-05,6.468330922518814e-05
Seattle/Puget Sound,549300T9P3WXNMXX0I34,Ixonia Bank,,,205,102015000.0,2,1600000.0,20,9910000.0,1557000.0,2023-2025,0.01568396804391511,0.015262461402734892,800000.0,26492930000.0,24364863500.0,6.039347101283248e-05,6.390349775610276e-05
Seattle/Puget Sound,7DMUJTL9FFTVIAG9H788,Commerce Bank,,,5,6095000.0,1,605000.0,3,4055000.0,1550000.0,2023-2025,0.0992616899097621,0.25430680885972107,605000.0,26492930000.0,24364863500.0,2.2836281226727282e-05,6.361619879380814e-05
Seattle/Puget Sound,5493003NV9L53LK1XI52,ROYAL PACIFIC FUNDING CORP.,,,9,6705000.0,2,1650000.0,3,2035000.0,1537000.0,2023-2025,0.24608501118568232,0.22923191648023863,825000.0,26492930000.0,24364863500.0,6.228076698198349e-05,6.308264357811814e-05
Seattle/Puget Sound,549300RIPPSJXAQKZ383,549300RIPPSJXAQKZ383,,,1,1525000.0,1,1525000.0,1,1525000.0,1525000.0,2023-2025,1.0,1.0,1525000.0,26492930000.0,24364863500.0,5.7562527059105956e-05,6.259013107132737e-05
Seattle/Puget Sound,5493004T9SQFCNRQ2L76,DELMAR FINANCIAL COMPANY,,,5,3735000.0,2,1520000.0,3,2285000.0,1522000.0,2023-2025,0.4069611780455154,0.4074966532797858,760000.0,26492930000.0,24364863500.0,5.7373797462190854e-05,6.246700294462967e-05
Seattle/Puget Sound,549300ZCR1XCLNEEI724,FOUNDATION MORTGAGE CORPORATION,,,12,9520000.0,2,1760000.0,3,2385000.0,1470500.0,2023-2025,0.18487394957983194,0.15446428571428572,880000.0,26492930000.0,24364863500.0,6.643281811411572e-05,6.0353303436319273e-05
Seattle/Puget Sound,549300P1347BFCBHJV60,MASS. INSTITUTE OF TECH. FEDERAL CREDIT UNION,,,3,1805000.0,3,1805000.0,3,1805000.0,1444000.0,2023-2025,1.0,0.8,601666.6666666666,26492930000.0,24364863500.0,6.813138448635164e-05,5.926567165048965e-05
Seattle/Puget Sound,254900RM3T6WAVE6SA24,AML FUNDING LLC,,,6,3630000.0,3,1755000.0,3,1755000.0,1404000.0,2023-2025,0.4834710743801653,0.3867768595041322,585000.0,26492930000.0,24364863500.0,6.624408851720062e-05,5.7623963294520404e-05
Seattle/Puget Sound,549300K6K2IS7FRS7S09,"North American Savings Bank, F.S.B.",,,24,15430000.0,3,1355000.0,6,3030000.0,1363500.0,2023-2025,0.08781594296824369,0.08836681788723266,451666.6666666667,26492930000.0,24364863500.0,5.114572076399251e-05,5.596173358410155e-05
Seattle/Puget Sound,549300KJONXRDR2YPQ42,"CU HOME MORTGAGE SOLUTIONS, LLC",,,36,14360000.0,4,1690000.0,6,2530000.0,1352000.0,2023-2025,0.11768802228412256,0.09415041782729805,422500.0,26492930000.0,24364863500.0,6.379060375730431e-05,5.5489742431760394e-05
Seattle/Puget Sound,549300YEI60WAHWQ3110,KITSAP Credit Union,,,191,51915000.0,3,1685000.0,7,3185000.0,1348000.0,2023-2025,0.032456900703072326,0.025965520562457864,561666.6666666666,26492930000.0,24364863500.0,6.36018741603892e-05,5.5325571596163464e-05
Seattle/Puget Sound,54930059GZZ7G4G40O53,Primis Mortgage Company,,,112,54620000.0,2,1070000.0,20,9550000.0,1343000.0,2023-2025,0.019589893811790552,0.02458806298059319,535000.0,26492930000.0,24364863500.0,4.038813373983172e-05,5.512035805166731e-05
Seattle/Puget Sound,549300RYWXR8TL5LIK35,"ALLIED MORTGAGE GROUP, INC.",,,14,7310000.0,2,1570000.0,5,3115000.0,1324500.0,2023-2025,0.21477428180574556,0.18119015047879616,785000.0,26492930000.0,24364863500.0,5.9261093431341874e-05,5.436106793703154e-05
Seattle/Puget Sound,5493001R92DY5DI1DI85,DRAPER AND KRAMER MORTGAGE CORP.,,,12,7880000.0,1,1255000.0,2,1900000.0,1319500.0,2023-2025,0.15926395939086294,0.16744923857868022,1255000.0,26492930000.0,24364863500.0,4.7371128825690476e-05,5.4155854392535385e-05
Seattle/Puget Sound,54930083D8Q8RK84Y448,"AMERICA'S CREDIT UNION, A",,,74,39340000.0,2,1450000.0,8,4020000.0,1305000.0,2023-2025,0.036858159633960344,0.03317234367056431,725000.0,26492930000.0,24364863500.0,5.473158310537943e-05,5.356073511349653e-05
Seattle/Puget Sound,549300Q50XCC0473FG63,QUORUM FEDERAL CREDIT UNION,,,12,5050000.0,3,1615000.0,4,1970000.0,1292000.0,2023-2025,0.3198019801980198,0.25584158415841585,538333.3333333334,26492930000.0,24364863500.0,6.0959659803577785e-05,5.302717989780653e-05
Seattle/Puget Sound,54930072OCHTUJOZQB56,Liberty,,,2,3240000.0,1,1605000.0,1,1605000.0,1284000.0,2023-2025,0.49537037037037035,0.3962962962962963,1605000.0,26492930000.0,24364863500.0,6.058220060974758e-05,5.269883822661268e-05
Seattle/Puget Sound,984500U2F9A83N391A91,"CHAMPIONS FUNDING, LLC",,,31,18185000.0,2,970000.0,5,2745000.0,1281500.0,2023-2025,0.053340665383557875,0.07047016772064889,485000.0,26492930000.0,24364863500.0,3.661354180152969e-05,5.25962314543646e-05
Seattle/Puget Sound,549300KUIZTYQRC0R888,Heritage Bank National Association,,,3,3045000.0,2,1600000.0,2,1600000.0,1280000.0,2023-2025,0.5254515599343186,0.42036124794745483,800000.0,26492930000.0,24364863500.0,6.039347101283248e-05,5.253466739101575e-05
Seattle/Puget Sound,254900WEQ8ITQNQ9AQ74,"TOTAL QUALITY FINANCIAL, INC.",,,9,5125000.0,1,955000.0,3,2175000.0,1252000.0,2023-2025,0.18634146341463415,0.24429268292682926,955000.0,26492930000.0,24364863500.0,3.6047353010784384e-05,5.1385471541837285e-05
Seattle/Puget Sound,5493008JECR4UE0WVR04,"MORTGAGE EXPRESS, LLC",,,28,14140000.0,3,1475000.0,8,3840000.0,1235500.0,2023-2025,0.10431400282885431,0.08737623762376237,491666.6666666667,26492930000.0,24364863500.0,5.567523108995494e-05,5.070826684499997e-05
Seattle/Puget Sound,984500F6E6940CCB6A60,984500F6E6940CCB6A60,,,3,3735000.0,1,1505000.0,1,1505000.0,1204000.0,2023-2025,0.4029451137884873,0.3223560910307898,1505000.0,26492930000.0,24364863500.0,5.6807608671445555e-05,4.941542151467419e-05
Seattle/Puget Sound,5493003V40VGM7YDFM54,FIRST COLONY MORTGAGE CORPORATION,,,60,30730000.0,3,995000.0,10,4310000.0,1184500.0,2023-2025,0.03237878294825903,0.038545395379108366,331666.6666666667,26492930000.0,24364863500.0,3.75571897861052e-05,4.861508869113919e-05
Seattle/Puget Sound,54930095UWUUXAWASB02,54930095UWUUXAWASB02,,,2,1460000.0,2,1460000.0,2,1460000.0,1168000.0,2023-2025,1.0,0.8,730000.0,26492930000.0,24364863500.0,5.510904229920964e-05,4.793788399430188e-05
Seattle/Puget Sound,549300ESRQ6OLBB56N04,Glacier Bank,,,14,7620000.0,1,955000.0,2,1470000.0,1161000.0,2023-2025,0.12532808398950132,0.15236220472440945,955000.0,26492930000.0,24364863500.0,3.6047353010784384e-05,4.765058503200726e-05
Seattle/Puget Sound,549300CB67L6KPJLHE19,"TRIAD FINANCIAL SERVICES, INC.",,,688,88300000.0,2,290000.0,26,4520000.0,1157000.0,2023-2025,0.0032842582106455266,0.013103057757644395,145000.0,26492930000.0,24364863500.0,1.0946316621075886e-05,4.748641419641034e-05
Seattle/Puget Sound,549300U7UH8QCS8WQ406,PURDUE,,,1,1445000.0,1,1445000.0,1,1445000.0,1156000.0,2023-2025,1.0,0.8,1445000.0,26492930000.0,24364863500.0,5.454285350846433e-05,4.7445371487511106e-05
Seattle/Puget Sound,549300Q6YL1SFVPEGV90,"INTELLILOAN, INC.",,,56,27710000.0,2,1120000.0,13,6625000.0,1148000.0,2023-2025,0.040418621436304585,0.0414290869722122,560000.0,26492930000.0,24364863500.0,4.2275429708982736e-05,4.711702981631726e-05
Seattle/Puget Sound,549300KDR80I1ELW8D36,"AgWest Farm Credit, FLCA",,,17,13095000.0,1,1405000.0,1,1405000.0,1124000.0,2023-2025,0.10729285987017946,0.08583428789614357,1405000.0,26492930000.0,24364863500.0,5.303301673314352e-05,4.613200480273571e-05
Seattle/Puget Sound,549300ML3H1LUVR1FP75,O Bee Credit Union,,,132,48330000.0,3,1405000.0,7,3615000.0,1124000.0,2023-2025,0.029070970411752536,0.023256776329402026,468333.3333333333,26492930000.0,24364863500.0,5.303301673314352e-05,4.613200480273571e-05
Seattle/Puget Sound,549300T3F9S1MKFKHC53,HOMESTEAD FUNDING CORP.,,,12,5700000.0,3,1385000.0,3,1385000.0,1108000.0,2023-2025,0.24298245614035088,0.1943859649122807,461666.6666666667,26492930000.0,24364863500.0,5.2278098345483114e-05,4.547532146034801e-05
Seattle/Puget Sound,549300IRXW9RSZM2B951,Evolve Bank & Trust,,,8,4600000.0,2,1380000.0,4,2000000.0,1104000.0,2023-2025,0.3,0.24,690000.0,26492930000.0,24364863500.0,5.208936874856801e-05,4.531115062475109e-05
Seattle/Puget Sound,549300Q3ROEQU3D1IW91,CREDIT HUMAN FEDERAL CREDIT UNION,,,252,33600000.0,2,420000.0,17,2715000.0,1063500.0,2023-2025,0.0125,0.031651785714285716,210000.0,26492930000.0,24364863500.0,1.5853286140868526e-05,4.364892091433223e-05
Seattle/Puget Sound,5493002QRULT2T40BH09,COMMUNITYAMERICA CREDIT UNION,,,9,6215000.0,2,1320000.0,2,1320000.0,1056000.0,2023-2025,0.21238938053097345,0.16991150442477876,660000.0,26492930000.0,24364863500.0,4.9824613585586795e-05,4.3341100597587996e-05
Seattle/Puget Sound,5493007VW2EU20PZYU97,INSPIRE HOME LOANS INC.,,,697,405745000.0,1,1035000.0,1,1035000.0,1035000.0,2023-2025,0.002550863226903597,0.002550863226903597,1035000.0,26492930000.0,24364863500.0,3.906702656142601e-05,4.2479203710704146e-05
Seattle/Puget Sound,254900VHUBSJJKOMBF27,"GOLDEN EMPIRE MORTGAGE, INC.",,,7,3785000.0,2,1280000.0,2,1280000.0,1024000.0,2023-2025,0.3381770145310436,0.27054161162483487,640000.0,26492930000.0,24364863500.0,4.8314776810265986e-05,4.2027733912812605e-05
Seattle/Puget Sound,549300I0ICF6REKHOC74,"DIRECT MORTGAGE LOANS, LLC",,,12,7100000.0,3,1265000.0,3,1265000.0,1012000.0,2023-2025,0.17816901408450705,0.14253521126760563,421666.6666666667,26492930000.0,24364863500.0,4.774858801952068e-05,4.1535221406021834e-05
Seattle/Puget Sound,54930091CYUK2SDZ6D37,"PFN Lending Group, Inc.",,,10,6120000.0,1,1005000.0,3,2065000.0,1005000.0,2023-2025,0.1642156862745098,0.1642156862745098,1005000.0,26492930000.0,24364863500.0,3.7934648979935404e-05,4.124792244372722e-05
Seattle/Puget Sound,549300SUCQ1358EGVE89,"NEW DAY FINANCIAL, LLC",,,131,57545000.0,2,940000.0,18,7890000.0,974500.0,2023-2025,0.016335042140933183,0.01693457294291424,470000.0,26492930000.0,24364863500.0,3.5481164220039085e-05,3.999611982230067e-05
Seattle/Puget Sound,549300NLJI4QKZ3D0G94,"5TH STREET CAPITAL, INC.",,,9,5285000.0,2,1210000.0,2,1210000.0,968000.0,2023-2025,0.22894985808893092,0.18315988647114476,605000.0,26492930000.0,24364863500.0,4.5672562453454565e-05,3.9729342214455665e-05
Seattle/Puget Sound,549300D3LYUX1NJVC329,"MORTGAGE CAPITAL PARTNERS, INC.",,,1,965000.0,1,965000.0,1,965000.0,965000.0,2023-2025,1.0,1.0,965000.0,26492930000.0,24364863500.0,3.642481220461459e-05,3.960621408775797e-05
Seattle/Puget Sound,5493002WVA17MT4UFH84,5493002WVA17MT4UFH84,,,2,2180000.0,1,1205000.0,1,1205000.0,964000.0,2023-2025,0.5527522935779816,0.44220183486238535,1205000.0,26492930000.0,24364863500.0,4.548383285653946e-05,3.956517137885874e-05
Seattle/Puget Sound,549300PBTV7FCWLSMM53,"MORTGAGE SOLUTIONS OF COLORADO, LLC",,,248,120640000.0,2,940000.0,22,10010000.0,959500.0,2023-2025,0.007791777188328912,0.007953415119363396,470000.0,26492930000.0,24364863500.0,3.5481164220039085e-05,3.93804791888122e-05
Seattle/Puget Sound,549300XCVBRR56D08F03,"MISSION LOANS, LLC",,,15,5775000.0,2,940000.0,5,2025000.0,958000.0,2023-2025,0.16277056277056276,0.1658874458874459,470000.0,26492930000.0,24364863500.0,3.5481164220039085e-05,3.9318915125463355e-05
Seattle/Puget Sound,549300IJO7NO6VDZPD35,"THE MORTGAGE LINK, INC.",,,7,4085000.0,2,1190000.0,2,1190000.0,952000.0,2023-2025,0.2913096695226438,0.23304773561811506,595000.0,26492930000.0,24364863500.0,4.491764406579416e-05,3.907265887206797e-05
Seattle/Puget Sound,254900NZOY3XB2DNSZ34,USALLIANCE FEDERAL CREDIT UNION,,,2,1100000.0,2,1100000.0,2,1100000.0,939000.0,2023-2025,1.0,0.8536363636363636,550000.0,26492930000.0,24364863500.0,4.152051132132233e-05,3.853910365637797e-05
Seattle/Puget Sound,54930030S6J5KOL5LJ73,54930030S6J5KOL5LJ73,,,4,3530000.0,1,1135000.0,2,1990000.0,908000.0,2023-2025,0.32152974504249293,0.2572237960339943,1135000.0,26492930000.0,24364863500.0,4.284161849972804e-05,3.72667796805018e-05
Seattle/Puget Sound,549300T7AIY7RU1YDP31,NBH Bank,,,2,1130000.0,2,1130000.0,2,1130000.0,904000.0,2023-2025,1.0,0.8,565000.0,26492930000.0,24364863500.0,4.265288890281294e-05,3.710260884490488e-05
Seattle/Puget Sound,2549004XJQQPBYQSMT39,Quontic Bank,,,13,8605000.0,3,1045000.0,3,1045000.0,897000.0,2023-2025,0.12144102266124346,0.10424171993027309,348333.3333333333,26492930000.0,24364863500.0,3.944448575525621e-05,3.681530988261026e-05
Seattle/Puget Sound,549300WB418SBFX6YI35,MORTGAGE LENDING GROUP LLC,,,13,7755000.0,2,1120000.0,2,1120000.0,896000.0,2023-2025,0.14442295293359123,0.11553836234687298,560000.0,26492930000.0,24364863500.0,4.2275429708982736e-05,3.677426717371103e-05
Seattle/Puget Sound,54930034MNPILHP25H80,Gateway First Bank,,,18,10250000.0,2,1110000.0,2,1110000.0,888000.0,2023-2025,0.10829268292682927,0.08663414634146341,555000.0,26492930000.0,24364863500.0,4.189797051515253e-05,3.644592550251718e-05
Seattle/Puget Sound,COOWI3L2W9TPYR3WJX37,First Horizon Bank,,,7,6315000.0,1,1085000.0,1,1085000.0,868000.0,2023-2025,0.17181314330958036,0.13745051464766428,1085000.0,26492930000.0,24364863500.0,4.095432253057703e-05,3.562507132453256e-05
Seattle/Puget Sound,549300F570XAWYN8Z237,Bank of Hope,,,20,10270000.0,1,495000.0,4,2090000.0,833000.0,2023-2025,0.048198636806231744,0.08111002921129504,495000.0,26492930000.0,24364863500.0,1.868423009459505e-05,3.418857651305947e-05
Seattle/Puget Sound,549300YN94MOAVYW0F52,"GoodLeap, LLC",,,161,47945000.0,4,900000.0,34,8030000.0,818500.0,2023-2025,0.018771509020752947,0.01707164459276254,225000.0,26492930000.0,24364863500.0,3.397132744471827e-05,3.359345723402062e-05
Seattle/Puget Sound,9845005BP6974AE5D838,9845005BP6974AE5D838,,,4,2170000.0,1,935000.0,3,1705000.0,802500.0,2023-2025,0.4308755760368664,0.36981566820276496,935000.0,26492930000.0,24364863500.0,3.529243462312398e-05,3.2936773891632924e-05
Seattle/Puget Sound,549300Q1WJSOIS2FON98,"CITYWIDE HOME LOANS, LLC",,,18,8270000.0,2,520000.0,7,2605000.0,798000.0,2023-2025,0.06287787182587666,0.09649334945586457,260000.0,26492930000.0,24364863500.0,1.9627878079170556e-05,3.275208170158639e-05
Seattle/Puget Sound,5493005DKMV1IHIM8E20,"Wilmington Savings Fund Society, FSB",,,1,995000.0,1,995000.0,1,995000.0,796000.0,2023-2025,1.0,0.8,995000.0,26492930000.0,24364863500.0,3.75571897861052e-05,3.2669996283787926e-05
Seattle/Puget Sound,5493001GCBD5XGNIC815,Coastal Community Bank,,,14,12530000.0,1,785000.0,1,785000.0,785000.0,2023-2025,0.06264964086193137,0.06264964086193137,785000.0,26492930000.0,24364863500.0,2.9630546715670937e-05,3.221852648589638e-05
Seattle/Puget Sound,54930021DZJ9CEN11D61,"TJC Mortgage, Inc.",,,28,13120000.0,2,910000.0,6,2910000.0,780500.0,2023-2025,0.06935975609756098,0.05948932926829268,455000.0,26492930000.0,24364863500.0,3.434878663854847e-05,3.203383429584984e-05
Seattle/Puget Sound,254900WEP08K7U7S3A80,Nations Lending Corporation,,,43,16075000.0,1,975000.0,2,1380000.0,780000.0,2023-2025,0.060653188180404355,0.04852255054432349,975000.0,26492930000.0,24364863500.0,3.680227139844479e-05,3.2013312941400224e-05
Seattle/Puget Sound,549300OZ550X4QD5PC74,549300OZ550X4QD5PC74,,,1,975000.0,1,975000.0,1,975000.0,780000.0,2023-2025,1.0,0.8,975000.0,26492930000.0,24364863500.0,3.680227139844479e-05,3.2013312941400224e-05
Seattle/Puget Sound,254900ZX1UPIG2E7TH11,"Assurance Financial Group, L.L.C.",,,1,965000.0,1,965000.0,1,965000.0,772000.0,2023-2025,1.0,0.8,965000.0,26492930000.0,24364863500.0,3.642481220461459e-05,3.1684971270206376e-05
Seattle/Puget Sound,549300ZS1TR1B4LHX377,Firefighters First Federal Credit Union,,,8,5680000.0,1,965000.0,1,965000.0,772000.0,2023-2025,0.1698943661971831,0.1359154929577465,965000.0,26492930000.0,24364863500.0,3.642481220461459e-05,3.1684971270206376e-05
Seattle/Puget Sound,549300RYBJHWWDENV610,549300RYBJHWWDENV610,,,3,1965000.0,1,955000.0,1,955000.0,764000.0,2023-2025,0.4860050890585242,0.3888040712468193,955000.0,26492930000.0,24364863500.0,3.6047353010784384e-05,3.135662959901253e-05
Seattle/Puget Sound,2549008GIE3QVYB2FT28,Olympia Federal Savings & Loan Association,,,312,136000000.0,2,950000.0,3,1485000.0,760000.0,2023-2025,0.006985294117647059,0.005588235294117647,475000.0,26492930000.0,24364863500.0,3.585862341386928e-05,3.1192458763415605e-05
Seattle/Puget Sound,549300ID4RCRD8BXYH30,"ResMac, Inc.",,,2,940000.0,2,940000.0,2,940000.0,752000.0,2023-2025,1.0,0.8,470000.0,26492930000.0,24364863500.0,3.5481164220039085e-05,3.086411709222176e-05
Seattle/Puget Sound,5493003X6Y6JGJKHPA25,"INTERSTATE HOME LOAN CENTER, INC.",,,2,930000.0,2,930000.0,2,930000.0,744000.0,2023-2025,1.0,0.8,465000.0,26492930000.0,24364863500.0,3.510370502620888e-05,3.053577542102791e-05
Seattle/Puget Sound,5493004RLLKTQS8K7U51,American Airlines Federal Credit Union,,,7,4535000.0,1,925000.0,2,1520000.0,740000.0,2023-2025,0.2039691289966924,0.1631753031973539,925000.0,26492930000.0,24364863500.0,3.491497542929378e-05,3.0371604585430982e-05
Seattle/Puget Sound,5493008CPTDVOS570626,Third Federal Savings and Loan Association of Cleveland,,,14,4240000.0,3,915000.0,4,1040000.0,732000.0,2023-2025,0.21580188679245282,0.17264150943396225,305000.0,26492930000.0,24364863500.0,3.4537516235463575e-05,3.0043262914237134e-05
Seattle/Puget Sound,254900EZRN0CBEP77K34,State Department Federal Credit Union,,,4,1880000.0,1,585000.0,4,1880000.0,730000.0,2023-2025,0.31117021276595747,0.3882978723404255,585000.0,26492930000.0,24364863500.0,2.2081362839066875e-05,2.9961177496438673e-05
Seattle/Puget Sound,549300TUSRLWD8ETNR90,SPOKANE TEACHERS,,,20,7630000.0,2,860000.0,6,2300000.0,729500.0,2023-2025,0.1127129750982962,0.09560943643512451,430000.0,26492930000.0,24364863500.0,3.246149066939746e-05,2.9940656141989057e-05
Seattle/Puget Sound,IUGPUX5LWRZ3B6KIZ697,Ameris Bank,,,39,24215000.0,1,775000.0,5,2795000.0,726000.0,2023-2025,0.03200495560602932,0.029981416477390048,775000.0,26492930000.0,24364863500.0,2.9253087521840733e-05,2.979700666084175e-05
Seattle/Puget Sound,549300GQDT484LGI9C04,NETWORK CAPITAL FUNDING CORPORATION,,,48,21560000.0,2,850000.0,6,2010000.0,725000.0,2023-2025,0.03942486085343228,0.03362708719851577,425000.0,26492930000.0,24364863500.0,3.2084031475567256e-05,2.9755963951942518e-05
Seattle/Puget Sound,5493002RF1ERFA2XR050,Renasant Bank,,,2,1490000.0,1,885000.0,1,885000.0,708000.0,2023-2025,0.5939597315436241,0.47516778523489933,885000.0,26492930000.0,24364863500.0,3.340513865397296e-05,2.9058237900655588e-05
Seattle/Puget Sound,549300LLQD0X2OTG0Y27,"Home Loan Investment Bank, F.S.B.",,,2,1890000.0,1,885000.0,1,885000.0,708000.0,2023-2025,0.46825396825396826,0.3746031746031746,885000.0,26492930000.0,24364863500.0,3.340513865397296e-05,2.9058237900655588e-05
Seattle/Puget Sound,VNOO6EITDJ2YUEBMSZ83,"UMB Bank, National Association",,,1,885000.0,1,885000.0,1,885000.0,708000.0,2023-2025,1.0,0.8,885000.0,26492930000.0,24364863500.0,3.340513865397296e-05,2.9058237900655588e-05
Seattle/Puget Sound,54930065B0NVUO52TY13,AmRes Corporation,,,7,3455000.0,1,805000.0,3,1735000.0,687500.0,2023-2025,0.23299565846599132,0.19898697539797394,805000.0,26492930000.0,24364863500.0,3.038546510333134e-05,2.8216862368221353e-05
Seattle/Puget Sound,549300T7HRS5DVBUPQ06,549300T7HRS5DVBUPQ06,,,15,7605000.0,1,635000.0,4,1810000.0,678000.0,2023-2025,0.08349769888231427,0.08915187376725839,635000.0,26492930000.0,24364863500.0,2.396865880821789e-05,2.782695663367866e-05
Seattle/Puget Sound,254900QRD0ZXHH08TX87,"NETWORK FUNDING, L.P.",,,4,2350000.0,1,745000.0,2,1340000.0,655500.0,2023-2025,0.3170212765957447,0.27893617021276595,745000.0,26492930000.0,24364863500.0,2.8120709940350124e-05,2.690349568344596e-05
Seattle/Puget Sound,549300JRDGV1559XM376,"CASTLE & COOKE MORTGAGE, LLC",,,1,805000.0,1,805000.0,1,805000.0,644000.0,2023-2025,1.0,0.8,805000.0,26492930000.0,24364863500.0,3.038546510333134e-05,2.6431504531104803e-05
Seattle/Puget Sound,549300RM1IZYGQDSNL85,"Texana Bank, National Association",,,8,4850000.0,1,805000.0,1,805000.0,644000.0,2023-2025,0.16597938144329896,0.1327835051546392,805000.0,26492930000.0,24364863500.0,3.038546510333134e-05,2.6431504531104803e-05
Seattle/Puget Sound,549300PL267CW8182203,"LoanUnited.com, LLC",,,116,59990000.0,1,225000.0,9,3875000.0,621000.0,2023-2025,0.003750625104184031,0.010351725287547924,225000.0,26492930000.0,24364863500.0,8.492831861179567e-06,2.5487522226422488e-05
Seattle/Puget Sound,549300GUS13Z72B6KD63,"KELLER MORTGAGE, LLC",,,3,1825000.0,1,775000.0,1,775000.0,620000.0,2023-2025,0.4246575342465753,0.33972602739726027,775000.0,26492930000.0,24364863500.0,2.9253087521840733e-05,2.5446479517523257e-05
Seattle/Puget Sound,6PTKHDJ8HDUF78PFWH30,The Northern Trust Company,,,1,775000.0,1,775000.0,1,775000.0,620000.0,2023-2025,1.0,0.8,775000.0,26492930000.0,24364863500.0,2.9253087521840733e-05,2.5446479517523257e-05
Seattle/Puget Sound,54930016ZSB1QWXLRJ13,54930016ZSB1QWXLRJ13,,,3,2195000.0,1,765000.0,1,765000.0,612000.0,2023-2025,0.34851936218678814,0.27881548974943055,765000.0,26492930000.0,24364863500.0,2.887562832801053e-05,2.511813784632941e-05
Seattle/Puget Sound,R7JQ9JTCFHXBQU4XIT26,R7JQ9JTCFHXBQU4XIT26,,,1,765000.0,1,765000.0,1,765000.0,612000.0,2023-2025,1.0,0.8,765000.0,26492930000.0,24364863500.0,2.887562832801053e-05,2.511813784632941e-05
Seattle/Puget Sound,549300TTPRGSP8DGY569,WRIGHT PATMAN CONGRESSIONAL FEDERAL CREDIT UNION,,,2,760000.0,2,760000.0,2,760000.0,608000.0,2023-2025,1.0,0.8,380000.0,26492930000.0,24364863500.0,2.8686898731095427e-05,2.4953967010732485e-05
Seattle/Puget Sound,984500F5665613E36549,984500F5665613E36549,,,7,3395000.0,1,755000.0,2,1160000.0,604000.0,2023-2025,0.22238586156111928,0.17790868924889544,755000.0,26492930000.0,24364863500.0,2.8498169134180325e-05,2.4789796175135558e-05
Seattle/Puget Sound,5493001X0T84TYRJ5Y59,"VISTA POINT MORTGAGE, LLC",,,8,6300000.0,1,505000.0,4,2540000.0,602000.0,2023-2025,0.08015873015873017,0.09555555555555556,505000.0,26492930000.0,24364863500.0,1.9061689288425253e-05,2.4707710757337096e-05
Seattle/Puget Sound,5493008SP1FN4D81IS17,Toyota Financial Savings Bank,,,3,4225000.0,0,0.0,1,1505000.0,602000.0,2023-2025,0.0,0.1424852071005917,,26492930000.0,24364863500.0,0.0,2.4707710757337096e-05
Seattle/Puget Sound,549300LH06ZZHKPX5U83,BNC National Bank,,,20,11610000.0,1,425000.0,3,1325000.0,602000.0,2023-2025,0.03660637381567614,0.05185185185185185,425000.0,26492930000.0,24364863500.0,1.6042015737783628e-05,2.4707710757337096e-05
Seattle/Puget Sound,549300XRXBA38J60S618,JMJ FINANCIAL GROUP,,,7,4405000.0,1,675000.0,2,1170000.0,589500.0,2023-2025,0.1532349602724177,0.13382519863791145,675000.0,26492930000.0,24364863500.0,2.5478495583538703e-05,2.419467689609671e-05
Seattle/Puget Sound,QOT5WN9RBKQTFRVKEV31,Bank of the West,,,2,1060000.0,1,725000.0,1,725000.0,580000.0,2023-2025,0.6839622641509434,0.5471698113207547,725000.0,26492930000.0,24364863500.0,2.7365791552689717e-05,2.3804771161554015e-05
Seattle/Puget Sound,549300SWHFQY2F7RN335,"COMMUNITY MORTGAGE FUNDING, LLC",,,4,1300000.0,2,720000.0,2,720000.0,576000.0,2023-2025,0.5538461538461539,0.4430769230769231,360000.0,26492930000.0,24364863500.0,2.7177061955774615e-05,2.364060032595709e-05
Seattle/Puget Sound,254900YPPMV9UM5FUW09,254900YPPMV9UM5FUW09,,,2,1440000.0,1,715000.0,1,715000.0,572000.0,2023-2025,0.4965277777777778,0.3972222222222222,715000.0,26492930000.0,24364863500.0,2.6988332358859516e-05,2.3476429490360167e-05
Seattle/Puget Sound,5493008VVXQIDO1EZ460,"SUMMIT FUNDING, INC.",,,44,22040000.0,1,475000.0,6,3120000.0,567500.0,2023-2025,0.021551724137931036,0.025748638838475498,475000.0,26492930000.0,24364863500.0,1.792931170693464e-05,2.3291737300313624e-05
Seattle/Puget Sound,549300IFOE4SCP384147,University Bank,,,2,990000.0,1,705000.0,1,705000.0,564000.0,2023-2025,0.7121212121212122,0.5696969696969697,705000.0,26492930000.0,24364863500.0,2.6610873165029312e-05,2.3148087819166316e-05
Seattle/Puget Sound,5493007CLWQN2S6IZK91,"Armed Forces Bank, National Association",,,72,39800000.0,1,685000.0,6,3270000.0,548000.0,2023-2025,0.01721105527638191,0.013768844221105527,685000.0,26492930000.0,24364863500.0,2.5855954777368904e-05,2.249140447677862e-05
Seattle/Puget Sound,549300W4FT4H1UWPGU95,GREENSTATE Credit Union,,,7,3845000.0,1,545000.0,1,545000.0,545000.0,2023-2025,0.14174252275682706,0.14174252275682706,545000.0,26492930000.0,24364863500.0,2.0571526063746062e-05,2.2368276350080928e-05
Seattle/Puget Sound,549300RFLICNI75BG067,Luminate Bank,,,183,98025000.0,1,405000.0,19,8365000.0,536500.0,2023-2025,0.004131599081866871,0.005473093598571793,405000.0,26492930000.0,24364863500.0,1.528709735012322e-05,2.2019413324437465e-05
Seattle/Puget Sound,549300M8WGW2D17CZD19,"GARDNER FINANCIAL SERVICES, LTD.",,,4,2310000.0,1,665000.0,2,1180000.0,532000.0,2023-2025,0.2878787878787879,0.23030303030303031,665000.0,26492930000.0,24364863500.0,2.51010363897085e-05,2.1834721134390922e-05
Seattle/Puget Sound,549300S93XI20FLTGK89,549300S93XI20FLTGK89,,,2,1350000.0,1,665000.0,1,665000.0,532000.0,2023-2025,0.4925925925925926,0.3940740740740741,665000.0,26492930000.0,24364863500.0,2.51010363897085e-05,2.1834721134390922e-05
Seattle/Puget Sound,549300T5QSL6MC8M4D04,"NORWICH COMMERCIAL GROUP, INC.",,,11,5375000.0,1,325000.0,4,1900000.0,530000.0,2023-2025,0.06046511627906977,0.0986046511627907,325000.0,26492930000.0,24364863500.0,1.2267423799481597e-05,2.175263571659246e-05
Seattle/Puget Sound,549300PQLK8E48ILXV41,549300PQLK8E48ILXV41,,,10,3190000.0,2,660000.0,2,660000.0,528000.0,2023-2025,0.20689655172413793,0.16551724137931034,330000.0,26492930000.0,24364863500.0,2.4912306792793398e-05,2.1670550298793998e-05
Seattle/Puget Sound,549300YCCZTMBHGTNQ79,Independent Bank,,,1,655000.0,1,655000.0,1,655000.0,524000.0,2023-2025,1.0,0.8,655000.0,26492930000.0,24364863500.0,2.4723577195878296e-05,2.1506379463197074e-05
Seattle/Puget Sound,X05BVSK68TQ7YTOSNR22,Discover Bank,,,18,3320000.0,2,600000.0,8,1720000.0,510500.0,2023-2025,0.18072289156626506,0.15376506024096387,300000.0,26492930000.0,24364863500.0,2.264755162981218e-05,2.0952302893057456e-05
Seattle/Puget Sound,254900T37KTTXKCK3416,Rivermark Community,,,3,1735000.0,1,635000.0,1,635000.0,508000.0,2023-2025,0.3659942363112392,0.29279538904899133,635000.0,26492930000.0,24364863500.0,2.396865880821789e-05,2.084969612080938e-05
Seattle/Puget Sound,2549007LQQOUAPFNHY39,OPTIONWIDE FINANCIAL CORPORATION,,,7,3455000.0,1,625000.0,3,1325000.0,500000.0,2023-2025,0.1808972503617945,0.1447178002894356,625000.0,26492930000.0,24364863500.0,2.3591199614387687e-05,2.0521354449615528e-05
Seattle/Puget Sound,549300C6TQAJABMFOR79,549300C6TQAJABMFOR79,,,1,625000.0,1,625000.0,1,625000.0,500000.0,2023-2025,1.0,0.8,625000.0,26492930000.0,24364863500.0,2.3591199614387687e-05,2.0521354449615528e-05
Seattle/Puget Sound,549300RBX56T2MW5HO19,"CHERRY CREEK MORTGAGE, LLC",,,3,1615000.0,1,625000.0,1,625000.0,500000.0,2023-2025,0.38699690402476783,0.30959752321981426,625000.0,26492930000.0,24364863500.0,2.3591199614387687e-05,2.0521354449615528e-05
Seattle/Puget Sound,549300W45D2J6BT4LX65,"ALL CREDIT CONSIDERED MORTGAGE, INC.",,,44,22550000.0,1,615000.0,5,2225000.0,492000.0,2023-2025,0.02727272727272727,0.02181818181818182,615000.0,26492930000.0,24364863500.0,2.3213740420557483e-05,2.019301277842168e-05
Seattle/Puget Sound,54930039IUN6515TBG78,US MORTGAGE CORPORATION,,,1,605000.0,1,605000.0,1,605000.0,484000.0,2023-2025,1.0,0.8,605000.0,26492930000.0,24364863500.0,2.2836281226727282e-05,1.9864671107227832e-05
Seattle/Puget Sound,549300FVD3YHE65PKH97,"PANORAMA MORTGAGE GROUP, LLC",,,21,10185000.0,1,585000.0,2,1010000.0,468000.0,2023-2025,0.05743740795287187,0.0459499263622975,585000.0,26492930000.0,24364863500.0,2.2081362839066875e-05,1.9207987764840137e-05
Seattle/Puget Sound,254900FMBXF85WQYV433,Amalgamated Bank,,,6,4430000.0,1,505000.0,2,1130000.0,466500.0,2023-2025,0.11399548532731377,0.10530474040632054,505000.0,26492930000.0,24364863500.0,1.9061689288425253e-05,1.9146423701491287e-05
Seattle/Puget Sound,54930053SM8COVIPIY54,MICHIGAN STATE UNIVERSITY Federal Credit Union,,,4,2130000.0,1,565000.0,2,1100000.0,452000.0,2023-2025,0.2652582159624413,0.21220657276995306,565000.0,26492930000.0,24364863500.0,2.132644445140647e-05,1.855130442245244e-05
Seattle/Puget Sound,5493007ZF78YQRSXQG49,Opportunity Bank of Montana,,,16,8630000.0,1,315000.0,2,780000.0,438000.0,2023-2025,0.03650057937427578,0.0507531865585168,315000.0,26492930000.0,24364863500.0,1.1889964605651395e-05,1.7976706497863205e-05
Seattle/Puget Sound,5493000JFVFQFL816N45,ENCORE BANK,,,2,2100000.0,1,545000.0,1,545000.0,436000.0,2023-2025,0.25952380952380955,0.20761904761904762,545000.0,26492930000.0,24364863500.0,2.0571526063746062e-05,1.7894621080064743e-05
Seattle/Puget Sound,2549007E9BI08H1N1T92,AAFMAA Mortgage Services LLC,,,5,4095000.0,1,535000.0,1,535000.0,428000.0,2023-2025,0.13064713064713065,0.10451770451770452,535000.0,26492930000.0,24364863500.0,2.019406686991586e-05,1.7566279408870892e-05
Seattle/Puget Sound,549300P55E0GN57DEV03,"GEO-CORP, INC.",,,6,3620000.0,0,0.0,1,1055000.0,422000.0,2023-2025,0.0,0.11657458563535912,,26492930000.0,24364863500.0,0.0,1.7320023155475506e-05
Seattle/Puget Sound,549300JZD4L02YZI3Z50,NJ LENDERS CORP.,,,4,2190000.0,1,525000.0,1,525000.0,420000.0,2023-2025,0.23972602739726026,0.1917808219178082,525000.0,26492930000.0,24364863500.0,1.9816607676085658e-05,1.7237937737677044e-05
Seattle/Puget Sound,5493000XC2Y1SLXRQP11,"INFINITY EQUITY GROUP, INC.",,,5,2375000.0,1,515000.0,1,515000.0,412000.0,2023-2025,0.2168421052631579,0.1734736842105263,515000.0,26492930000.0,24364863500.0,1.9439148482255454e-05,1.6909596066483196e-05
Seattle/Puget Sound,549300YS7PW1Y7DQZG40,549300YS7PW1Y7DQZG40,,,1,515000.0,1,515000.0,1,515000.0,412000.0,2023-2025,1.0,0.8,515000.0,26492930000.0,24364863500.0,1.9439148482255454e-05,1.6909596066483196e-05
Seattle/Puget Sound,54930007KK7ZS3IJVC25,RED CANOE CREDIT UNION,,,35,18515000.0,1,495000.0,2,910000.0,396000.0,2023-2025,0.026735079665136375,0.0213880637321091,495000.0,26492930000.0,24364863500.0,1.868423009459505e-05,1.6252912724095498e-05
Seattle/Puget Sound,S0Q3AHZRL5K6VQE35M07,First Merchants Bank,,,2,1100000.0,1,495000.0,1,495000.0,396000.0,2023-2025,0.45,0.36,495000.0,26492930000.0,24364863500.0,1.868423009459505e-05,1.6252912724095498e-05
Seattle/Puget Sound,549300VJQJVZKJBDWS17,"TOTAL MORTGAGE SERVICES, LLC",,,7,3195000.0,1,445000.0,3,1175000.0,392500.0,2023-2025,0.13928012519561817,0.12284820031298904,445000.0,26492930000.0,24364863500.0,1.6796934125444033e-05,1.610926324294819e-05
Seattle/Puget Sound,549300G4JDIJPBEO8J84,GENHOME MORTGAGE CORPORATION,,,3,1725000.0,1,485000.0,1,485000.0,388000.0,2023-2025,0.2811594202898551,0.22492753623188405,485000.0,26492930000.0,24364863500.0,1.8306770900764845e-05,1.592457105290165e-05
Seattle/Puget Sound,549300Q4JBLTKDC7J303,"Bank of Whittier, National Association",,,2,1600000.0,0,0.0,1,965000.0,386000.0,2023-2025,0.0,0.24125,,26492930000.0,24364863500.0,0.0,1.5842485635103188e-05
Seattle/Puget Sound,254900N49YI2HHKDPS92,iQ Credit Union,,,9,3955000.0,1,475000.0,1,475000.0,380000.0,2023-2025,0.12010113780025285,0.09608091024020228,475000.0,26492930000.0,24364863500.0,1.792931170693464e-05,1.5596229381707802e-05
Seattle/Puget Sound,5493000H6DFDDJRORG89,"LADERA LENDING, INC.",,,57,23705000.0,1,475000.0,6,1900000.0,380000.0,2023-2025,0.020037966673697533,0.016030373338958025,475000.0,26492930000.0,24364863500.0,1.792931170693464e-05,1.5596229381707802e-05
Seattle/Puget Sound,5493000D6RXLNBZQYA47,COLUMBIA COMMUNITY CREDIT UNION,,,3,1535000.0,1,465000.0,1,465000.0,372000.0,2023-2025,0.30293159609120524,0.24234527687296417,465000.0,26492930000.0,24364863500.0,1.755185251310444e-05,1.5267887710513955e-05
Seattle/Puget Sound,549300MP3KK77THHQT36,Bank of the Pacific,,,15,7475000.0,1,465000.0,1,465000.0,372000.0,2023-2025,0.06220735785953177,0.04976588628762542,465000.0,26492930000.0,24364863500.0,1.755185251310444e-05,1.5267887710513955e-05
Seattle/Puget Sound,549300EMNQ2QLOEPQ289,"Colonial Savings, F.A.",,,1,365000.0,1,365000.0,1,365000.0,365000.0,2023-2025,1.0,1.0,365000.0,26492930000.0,24364863500.0,1.377726057480241e-05,1.4980588748219336e-05
Seattle/Puget Sound,549300LLKEKXL2RM1F61,CONTOUR MORTGAGE CORPORATION,,,7,3615000.0,1,455000.0,1,455000.0,364000.0,2023-2025,0.12586445366528354,0.10069156293222684,455000.0,26492930000.0,24364863500.0,1.7174393319274237e-05,1.4939546039320105e-05
Seattle/Puget Sound,549300XQ7B5FIVUNFE29,VAN DYK MORTGAGE CORPORATION,,,6,3930000.0,1,445000.0,3,2115000.0,356000.0,2023-2025,0.11323155216284987,0.0905852417302799,445000.0,26492930000.0,24364863500.0,1.6796934125444033e-05,1.4611204368126258e-05
Seattle/Puget Sound,5493007VGBHF6SRXRR53,TECHNOLOGY CREDIT UNION,,,1,435000.0,1,435000.0,1,435000.0,348000.0,2023-2025,1.0,0.8,435000.0,26492930000.0,24364863500.0,1.6419474931613832e-05,1.4282862696932408e-05
Seattle/Puget Sound,549300IEP77RKJ87Z176,OREGON COMMUNITY,,,4,1750000.0,1,435000.0,2,830000.0,348000.0,2023-2025,0.24857142857142858,0.19885714285714284,435000.0,26492930000.0,24364863500.0,1.6419474931613832e-05,1.4282862696932408e-05
Seattle/Puget Sound,FU7RSW4CQQY98A2O7J66,"BOKF, National Association",,,1,345000.0,1,345000.0,1,345000.0,345000.0,2023-2025,1.0,1.0,345000.0,26492930000.0,24364863500.0,1.3022342187142003e-05,1.4159734570234715e-05
Seattle/Puget Sound,549300YPBBHUEKV1YC68,"CITY FIRST MORTGAGE SERVICES, L.L.C.",,,14,8360000.0,1,425000.0,1,425000.0,340000.0,2023-2025,0.05083732057416268,0.04066985645933014,425000.0,26492930000.0,24364863500.0,1.6042015737783628e-05,1.395452102573856e-05
Seattle/Puget Sound,549300N1YEXP02MHBR47,"WRIGHT-PATT CREDIT UNION, INC.",,,1,415000.0,1,415000.0,1,415000.0,332000.0,2023-2025,1.0,0.8,415000.0,26492930000.0,24364863500.0,1.5664556543953424e-05,1.3626179354544711e-05
Seattle/Puget Sound,549300PRAPL43XPYR044,"EMET LENDING GROUP, INC.",,,3,1845000.0,1,305000.0,1,305000.0,305000.0,2023-2025,0.16531165311653118,0.16531165311653118,305000.0,26492930000.0,24364863500.0,1.1512505411821192e-05,1.2518026214265474e-05
Seattle/Puget Sound,549300OBO7DOF2KOP535,FirstBank,,,2,790000.0,1,375000.0,1,375000.0,300000.0,2023-2025,0.47468354430379744,0.379746835443038,375000.0,26492930000.0,24364863500.0,1.4154719768632613e-05,1.2312812669769317e-05
Seattle/Puget Sound,984500P059VACEAAFA22,"SUCCESS LENDING, LLC",,,8,3880000.0,1,365000.0,2,910000.0,292000.0,2023-2025,0.09407216494845361,0.07525773195876288,365000.0,26492930000.0,24364863500.0,1.377726057480241e-05,1.198447099857547e-05
Seattle/Puget Sound,254900MNIT450KPDA114,ADVANTIS CREDIT UNION,,,1,355000.0,1,355000.0,1,355000.0,284000.0,2023-2025,1.0,0.8,355000.0,26492930000.0,24364863500.0,1.3399801380972207e-05,1.165612932738162e-05
Seattle/Puget Sound,54930025XJJO3T0M1A92,GEORGIA'S OWN,,,6,3670000.0,0,0.0,1,705000.0,282000.0,2023-2025,0.0,0.0768392370572207,,26492930000.0,24364863500.0,0.0,1.1574043909583158e-05
Seattle/Puget Sound,5493000YNV8IX4VD3X12,"VANDERBILT MORTGAGE AND FINANCE, INC.",,,15,2495000.0,1,345000.0,1,345000.0,276000.0,2023-2025,0.13827655310621242,0.11062124248496993,345000.0,26492930000.0,24364863500.0,1.3022342187142003e-05,1.1327787656187772e-05
Seattle/Puget Sound,5493000BR75YQF0VQC27,HOMESTAR FINANCIAL CORPORATION,,,2,870000.0,1,335000.0,1,335000.0,268000.0,2023-2025,0.3850574712643678,0.3080459770114943,335000.0,26492930000.0,24364863500.0,1.26448829933118e-05,1.0999445984993923e-05
Seattle/Puget Sound,549300B2JJHSM77T5Y41,LIBERTY HOME MORTGAGE CORPORATION,,,8,2320000.0,1,335000.0,2,600000.0,268000.0,2023-2025,0.14439655172413793,0.11551724137931034,335000.0,26492930000.0,24364863500.0,1.26448829933118e-05,1.0999445984993923e-05
Seattle/Puget Sound,549300D2OYT7VTDY6Z20,ANDREWS FEDERAL CREDIT UNION,,,1,325000.0,1,325000.0,1,325000.0,260000.0,2023-2025,1.0,0.8,325000.0,26492930000.0,24364863500.0,1.2267423799481597e-05,1.0671104313800075e-05
Seattle/Puget Sound,5493008P6YO2KM3EO556,5493008P6YO2KM3EO556,,,2,1690000.0,0,0.0,1,635000.0,254000.0,2023-2025,0.0,0.1502958579881657,,26492930000.0,24364863500.0,0.0,1.042484806040469e-05
Seattle/Puget Sound,549300N52O6FKUCU5G62,NUMERICA CREDIT UNION,,,8,5460000.0,1,315000.0,1,315000.0,252000.0,2023-2025,0.057692307692307696,0.046153846153846156,315000.0,26492930000.0,24364863500.0,1.1889964605651395e-05,1.0342762642606228e-05
Seattle/Puget Sound,549300TEBV514KLDE180,PENINSULA COMMUNITY,,,10,3070000.0,1,305000.0,1,305000.0,244000.0,2023-2025,0.0993485342019544,0.07947882736156352,305000.0,26492930000.0,24364863500.0,1.1512505411821192e-05,1.0014420971412378e-05
Seattle/Puget Sound,549300O5WDIJU8S7OI05,"Stride Bank, National Association",,,13,6015000.0,1,205000.0,4,1610000.0,224500.0,2023-2025,0.03408146300914381,0.03732335827098919,205000.0,26492930000.0,24364863500.0,7.737913473519161e-06,9.214088147877373e-06
Seattle/Puget Sound,549300XAHXRVSRML8V19,"DIRECT MORTGAGE, CORP.",,,1,255000.0,1,255000.0,1,255000.0,204000.0,2023-2025,1.0,0.8,255000.0,26492930000.0,24364863500.0,9.625209442670176e-06,8.372712615443136e-06
Seattle/Puget Sound,549300YW2UBCMDRMBT48,"RELIANCE FIRST CAPITAL, LLC",,,8,3050000.0,1,255000.0,2,900000.0,204000.0,2023-2025,0.08360655737704918,0.06688524590163934,255000.0,26492930000.0,24364863500.0,9.625209442670176e-06,8.372712615443136e-06
Seattle/Puget Sound,549300ALNLUNS3Y53T24,AMERICAN FINANCING CORPORATION,,,41,15725000.0,1,115000.0,9,1935000.0,200000.0,2023-2025,0.007313195548489666,0.012718600953895072,115000.0,26492930000.0,24364863500.0,4.340780729047335e-06,8.208541779846212e-06
Seattle/Puget Sound,549300UG7QXKM7KGV847,ROYAL UNITED MORTGAGE LLC,,,27,4105000.0,3,205000.0,5,335000.0,185000.0,2023-2025,0.049939098660170524,0.04506699147381242,68333.33333333333,26492930000.0,24364863500.0,7.737913473519161e-06,7.5929011463577455e-06
Seattle/Puget Sound,549300JD1162QW84ZO34,GREENWOOD CREDIT UNION,,,22,2100000.0,0,0.0,4,440000.0,122000.0,2023-2025,0.0,0.058095238095238096,,26492930000.0,24364863500.0,0.0,5.007210485706189e-06
Seattle/Puget Sound,254900IHSG9OOX0DZH92,NorthWest Plus Credit Union,,,21,6285000.0,0,0.0,3,1155000.0,115500.0,2023-2025,0.0,0.01837708830548926,,26492930000.0,24364863500.0,0.0,4.740432877861187e-06
Seattle/Puget Sound,549300UVOSI4XZZGUE14,"VERITAS FUNDING, LLC",,,12,5530000.0,0,0.0,3,1415000.0,105000.0,2023-2025,0.0,0.0189873417721519,,26492930000.0,24364863500.0,0.0,4.309484434419261e-06
Seattle/Puget Sound,549300CM7HYHZ1MEJ624,Cache Valley Bank,,,2,1090000.0,0,0.0,1,985000.0,98500.0,2023-2025,0.0,0.09036697247706423,,26492930000.0,24364863500.0,0.0,4.042706826574259e-06
Seattle/Puget Sound,549300OHLAHJ10DFF198,BELEM SERVICING LLC,,,9,4105000.0,0,0.0,2,980000.0,98000.0,2023-2025,0.0,0.02387332521315469,,26492930000.0,24364863500.0,0.0,4.0221854721246435e-06
Seattle/Puget Sound,549300WHVRE44NRBU558,549300WHVRE44NRBU558,,,26,11910000.0,0,0.0,6,2460000.0,91000.0,2023-2025,0.0,0.00764063811922754,,26492930000.0,24364863500.0,0.0,3.7348865098300263e-06
Seattle/Puget Sound,549300F8C5JA44WNMI75,AMERICAN NEIGHBORHOOD MORTGAGE ACCEPTANCE COMPANY LLC,,,18,8430000.0,0,0.0,3,1225000.0,86000.0,2023-2025,0.0,0.010201660735468564,,26492930000.0,24364863500.0,0.0,3.529672965333871e-06
Seattle/Puget Sound,254900QNIR86GUIRYH95,"FlexPoint, Inc.",,,7,5505000.0,0,0.0,3,1765000.0,83500.0,2023-2025,0.0,0.01516802906448683,,26492930000.0,24364863500.0,0.0,3.4270661930857933e-06
Seattle/Puget Sound,984500FAD1FB7FEGTE82,REAL GENIUS LLC,,,9,4395000.0,0,0.0,3,1545000.0,78000.0,2023-2025,0.0,0.017747440273037544,,26492930000.0,24364863500.0,0.0,3.2013312941400226e-06
Seattle/Puget Sound,5493005EYZOUVJUXAX38,"Lakeview Community Capital, LLC",,,43,20955000.0,0,0.0,7,2625000.0,69000.0,2023-2025,0.0,0.00329277022190408,,26492930000.0,24364863500.0,0.0,2.831946914046943e-06
Seattle/Puget Sound,549300ELLMUEKP1JHB70,INSTAMORTGAGE INC.,,,6,2280000.0,0,0.0,1,645000.0,64500.0,2023-2025,0.0,0.028289473684210528,,26492930000.0,24364863500.0,0.0,2.6472547240004033e-06
Seattle/Puget Sound,549300TK6RZQSFXZHV09,"MICHIGAN MUTUAL, INC.",,,14,7140000.0,0,0.0,2,830000.0,58500.0,2023-2025,0.0,0.00819327731092437,,26492930000.0,24364863500.0,0.0,2.400998470605017e-06
Seattle/Puget Sound,254900JZN2V0PWFMW808,AHL FUNDING,,,8,4930000.0,0,0.0,1,555000.0,55500.0,2023-2025,0.0,0.01125760649087221,,26492930000.0,24364863500.0,0.0,2.277870343907324e-06
Seattle/Puget Sound,Q0IK63NITJD6RJ47SW96,AVISTA CORPORATION,,,2,810000.0,0,0.0,1,525000.0,52500.0,2023-2025,0.0,0.06481481481481481,,26492930000.0,24364863500.0,0.0,2.1547422172096305e-06
Seattle/Puget Sound,5493006HFDG31YJ3MM36,Transcend Credit Union,,,2,730000.0,0,0.0,1,475000.0,47500.0,2023-2025,0.0,0.06506849315068493,,26492930000.0,24364863500.0,0.0,1.9495286727134753e-06
Seattle/Puget Sound,549300KW705BBINDIZ26,TIB National Association,,,3,1595000.0,0,0.0,1,355000.0,35500.0,2023-2025,0.0,0.02225705329153605,,26492930000.0,24364863500.0,0.0,1.4570161659227025e-06
Seattle/Puget Sound,5493002QI2ILHHZH8D20,"KBHS HOME LOANS, LLC",,,633,379625000.0,0,0.0,1,345000.0,34500.0,2023-2025,0.0,9.087915706289101e-05,,26492930000.0,24364863500.0,0.0,1.4159734570234715e-06
Seattle/Puget Sound,549300DKYWYDD1KM2515,SI Mortgage Company,,,6,3780000.0,0,0.0,1,255000.0,25500.0,2023-2025,0.0,0.006746031746031746,,26492930000.0,24364863500.0,0.0,1.046589076930392e-06
Seattle/Puget Sound,549300G5DVGM0ZHRQC33,CLEARPATH LENDING,,,5,2035000.0,0,0.0,1,255000.0,25500.0,2023-2025,0.0,0.01253071253071253,,26492930000.0,24364863500.0,0.0,1.046589076930392e-06
Seattle/Puget Sound,549300YD9NNO7W7TSI64,Wheatland Bank,,,4,2350000.0,0,0.0,1,255000.0,25500.0,2023-2025,0.0,0.010851063829787235,,26492930000.0,24364863500.0,0.0,1.046589076930392e-06
Seattle/Puget Sound,2549001IK7UDPADKAG34,Unitus Community Credit Union,,,3,545000.0,0,0.0,0,0.0,0.0,2023-2025,0.0,0.0,,26492930000.0,24364863500.0,0.0,0.0
Seattle/Puget Sound,254900378RFGMBEKAF12,Empeople Credit Union,,,2,3050000.0,0,0.0,1,1205000.0,0.0,2023-2025,0.0,0.0,,26492930000.0,24364863500.0,0.0,0.0
Seattle/Puget Sound,2549005K0ZG1MFV3R260,2549005K0ZG1MFV3R260,,,1,905000.0,0,0.0,0,0.0,0.0,2023-2025,0.0,0.0,,26492930000.0,24364863500.0,0.0,0.0
Seattle/Puget Sound,25490066WMF8ZMQXQB18,"Lendage, LLC",,,1,95000.0,0,0.0,0,0.0,0.0,2023-2025,0.0,0.0,,26492930000.0,24364863500.0,0.0,0.0
Seattle/Puget Sound,2549007AU24FVDMNUB40,Connexus Credit Union,,,1,1105000.0,0,0.0,0,0.0,0.0,2023-2025,0.0,0.0,,26492930000.0,24364863500.0,0.0,0.0
Seattle/Puget Sound,2549007IU6SKFLLNKZ07,2549007IU6SKFLLNKZ07,,,5,2685000.0,0,0.0,0,0.0,0.0,2023-2025,0.0,0.0,,26492930000.0,24364863500.0,0.0,0.0
Seattle/Puget Sound,2549007JZSAICH4GZJ60,POINT MORTGAGE CORPORATION,,,3,1765000.0,0,0.0,0,0.0,0.0,2023-2025,0.0,0.0,,26492930000.0,24364863500.0,0.0,0.0
Seattle/Puget Sound,2549007NTZZX7VJJPB03,TexasBank,,,1,535000.0,0,0.0,1,535000.0,0.0,2023-2025,0.0,0.0,,26492930000.0,24364863500.0,0.0,0.0
Seattle/Puget Sound,2549009RNMXHS9AICA61,Kaiperm Federal Credit Union,,,1,855000.0,0,0.0,0,0.0,0.0,2023-2025,0.0,0.0,,26492930000.0,24364863500.0,0.0,0.0
Seattle/Puget Sound,254900BBEPZS8MDE1S61,F&A Federal Credit Union,,,2,710000.0,0,0.0,0,0.0,0.0,2023-2025,0.0,0.0,,26492930000.0,24364863500.0,0.0,0.0
Seattle/Puget Sound,254900F9ZTVTX763V835,"Advisors Mortgage Group, L.L.C.",,,2,820000.0,0,0.0,0,0.0,0.0,2023-2025,0.0,0.0,,26492930000.0,24364863500.0,0.0,0.0
Seattle/Puget Sound,254900FFZUXK3B729T97,Deseret First Credit Union,,,2,780000.0,0,0.0,0,0.0,0.0,2023-2025,0.0,0.0,,26492930000.0,24364863500.0,0.0,0.0
Seattle/Puget Sound,254900HD4RROQDXNWI45,PACIFIC N W FEDERAL CREDIT UNION,,,1,355000.0,0,0.0,0,0.0,0.0,2023-2025,0.0,0.0,,26492930000.0,24364863500.0,0.0,0.0
Seattle/Puget Sound,254900HIDMT4ZG09RP47,CREDENCE FUNDING CORPORATION,,,15,8385000.0,0,0.0,0,0.0,0.0,2023-2025,0.0,0.0,,26492930000.0,24364863500.0,0.0,0.0
Seattle/Puget Sound,254900HO9WPE4LTLQU96,Valley West Corporation,,,10,5160000.0,0,0.0,0,0.0,0.0,2023-2025,0.0,0.0,,26492930000.0,24364863500.0,0.0,0.0
Seattle/Puget Sound,254900I68BOSEM149Q58,"ENCOMPASS LENDING GROUP, LP",,,4,1930000.0,0,0.0,0,0.0,0.0,2023-2025,0.0,0.0,,26492930000.0,24364863500.0,0.0,0.0
Seattle/Puget Sound,254900J2RKTTDJSUWD76,254900J2RKTTDJSUWD76,,,1,525000.0,0,0.0,0,0.0,0.0,2023-2025,0.0,0.0,,26492930000.0,24364863500.0,0.0,0.0
Seattle/Puget Sound,254900JH11ROOV921P96,ML Mortgage Corp.,,,15,7335000.0,0,0.0,5,2625000.0,0.0,2023-2025,0.0,0.0,,26492930000.0,24364863500.0,0.0,0.0
Seattle/Puget Sound,254900LNRKOG7TRURB32,Ukrainian Federal Credit Union,,,4,2510000.0,0,0.0,0,0.0,0.0,2023-2025,0.0,0.0,,26492930000.0,24364863500.0,0.0,0.0
Seattle/Puget Sound,254900MHHOS58M9D0445,Operating Engineers Local Union #3,,,2,510000.0,0,0.0,0,0.0,0.0,2023-2025,0.0,0.0,,26492930000.0,24364863500.0,0.0,0.0
Seattle/Puget Sound,254900O723MCLR701H50,"Neighborhood Loans, Inc.",,,2,1030000.0,0,0.0,0,0.0,0.0,2023-2025,0.0,0.0,,26492930000.0,24364863500.0,0.0,0.0
Seattle/Puget Sound,254900R9A6TW85BTVS20,Shea Mortgage Inc.,,,87,37375000.0,0,0.0,0,0.0,0.0,2023-2025,0.0,0.0,,26492930000.0,24364863500.0,0.0,0.0
Seattle/Puget Sound,254900RFZH9I62FGU045,254900RFZH9I62FGU045,,,9,4365000.0,0,0.0,0,0.0,0.0,2023-2025,0.0,0.0,,26492930000.0,24364863500.0,0.0,0.0
Seattle/Puget Sound,254900RNV63A0TIZNK90,254900RNV63A0TIZNK90,,,1,275000.0,0,0.0,0,0.0,0.0,2023-2025,0.0,0.0,,26492930000.0,24364863500.0,0.0,0.0
Seattle/Puget Sound,254900RQX8N4HXJIDK44,FRANKLIN LOAN CORPORATION,,,7,3485000.0,0,0.0,1,305000.0,0.0,2023-2025,0.0,0.0,,26492930000.0,24364863500.0,0.0,0.0
Seattle/Puget Sound,254900U2ZPLWQTSD3158,Orion Federal Credit Union,,,1,465000.0,0,0.0,0,0.0,0.0,2023-2025,0.0,0.0,,26492930000.0,24364863500.0,0.0,0.0
Seattle/Puget Sound,254900VX7NAZSPBPUE16,"Constant Investments, Inc.",,,2,1170000.0,0,0.0,0,0.0,0.0,2023-2025,0.0,0.0,,26492930000.0,24364863500.0,0.0,0.0
Seattle/Puget Sound,254900Z8J5L9POS71X51,Oregon State Credit Union,,,1,345000.0,0,0.0,0,0.0,0.0,2023-2025,0.0,0.0,,26492930000.0,24364863500.0,0.0,0.0
Seattle/Puget Sound,337KMNHEWWWR6B7Q7W10,MidFirst Bank,,,2,7170000.0,0,0.0,0,0.0,0.0,2023-2025,0.0,0.0,,26492930000.0,24364863500.0,0.0,0.0
Seattle/Puget Sound,5493000OIGWIS24A1547,5493000OIGWIS24A1547,,,13,11585000.0,0,0.0,0,0.0,0.0,2023-2025,0.0,0.0,,26492930000.0,24364863500.0,0.0,0.0
Seattle/Puget Sound,5493000OOREHUZON5E13,SPOKANE FIREFIGHTERS CREDIT UNION,,,1,705000.0,0,0.0,0,0.0,0.0,2023-2025,0.0,0.0,,26492930000.0,24364863500.0,0.0,0.0
Seattle/Puget Sound,5493000WAJ1FMTFL5D75,HomePromise Corporation,,,4,2180000.0,0,0.0,0,0.0,0.0,2023-2025,0.0,0.0,,26492930000.0,24364863500.0,0.0,0.0
Seattle/Puget Sound,5493001HHBUTXHS7TZ96,HOMEAMERICAN MORTGAGE CORPORATION,,,605,358925000.0,0,0.0,0,0.0,0.0,2023-2025,0.0,0.0,,26492930000.0,24364863500.0,0.0,0.0
Seattle/Puget Sound,5493001I7Z53NDBE4X59,5493001I7Z53NDBE4X59,,,2,940000.0,0,0.0,0,0.0,0.0,2023-2025,0.0,0.0,,26492930000.0,24364863500.0,0.0,0.0
Seattle/Puget Sound,5493001K7B4W8IPMZ254,FIRST STANDARD FINANCIAL CORP.,,,3,1575000.0,0,0.0,2,1180000.0,0.0,2023-2025,0.0,0.0,,26492930000.0,24364863500.0,0.0,0.0
Seattle/Puget Sound,5493001YIUWLFRXQUO81,Summit Mortgage Corporation,,,7,4715000.0,0,0.0,1,525000.0,0.0,2023-2025,0.0,0.0,,26492930000.0,24364863500.0,0.0,0.0
Seattle/Puget Sound,54930022CQGV47Q8PM03,"SERVIS ONE, INC.",,,10,4110000.0,0,0.0,2,800000.0,0.0,2023-2025,0.0,0.0,,26492930000.0,24364863500.0,0.0,0.0
Seattle/Puget Sound,54930023DLYUOD6GKQ42,Hawthorn Bank,,,1,335000.0,0,0.0,0,0.0,0.0,2023-2025,0.0,0.0,,26492930000.0,24364863500.0,0.0,0.0
Seattle/Puget Sound,549300249G20MDIDRR27,"SOUTHWEST STAGE FUNDING, LLC",,,6,1630000.0,0,0.0,0,0.0,0.0,2023-2025,0.0,0.0,,26492930000.0,24364863500.0,0.0,0.0
Seattle/Puget Sound,5493002DRIX59V47NM65,LOS ANGELES POLICE Federal Credit Union,,,1,295000.0,0,0.0,0,0.0,0.0,2023-2025,0.0,0.0,,26492930000.0,24364863500.0,0.0,0.0
Seattle/Puget Sound,5493002TJKC8NLH1ZP82,"MORTGAGEONE, INC.",,,19,10315000.0,0,0.0,0,0.0,0.0,2023-2025,0.0,0.0,,26492930000.0,24364863500.0,0.0,0.0
Seattle/Puget Sound,5493002XPTKLVFJ8Z103,MOUNTAINCREST CREDIT UNION,,,1,125000.0,0,0.0,0,0.0,0.0,2023-2025,0.0,0.0,,26492930000.0,24364863500.0,0.0,0.0
Seattle/Puget Sound,5493003B2LEGQHDWRN55,Hanscom Federal Credit Union,,,2,1440000.0,0,0.0,0,0.0,0.0,2023-2025,0.0,0.0,,26492930000.0,24364863500.0,0.0,0.0
Seattle/Puget Sound,5493003BXKRGHQHRJV38,ITHINK FINANCIAL Credit Union,,,1,1055000.0,0,0.0,0,0.0,0.0,2023-2025,0.0,0.0,,26492930000.0,24364863500.0,0.0,0.0
Seattle/Puget Sound,5493004UNRG4PWDF2K60,AFFINITY,,,2,1600000.0,0,0.0,0,0.0,0.0,2023-2025,0.0,0.0,,26492930000.0,24364863500.0,0.0,0.0
Seattle/Puget Sound,5493005HCI0Y8LUK5S48,GUARANTY HOME MORTGAGE CORPORATION,,,8,3860000.0,0,0.0,1,425000.0,0.0,2023-2025,0.0,0.0,,26492930000.0,24364863500.0,0.0,0.0
Seattle/Puget Sound,5493005ICQ3QGEIWV618,UNITED MORTGAGE CORP.,,,18,7180000.0,0,0.0,2,660000.0,0.0,2023-2025,0.0,0.0,,26492930000.0,24364863500.0,0.0,0.0
Seattle/Puget Sound,5493005ZSV53K4M63M18,5493005ZSV53K4M63M18,,,1,55000.0,0,0.0,1,55000.0,0.0,2023-2025,0.0,0.0,,26492930000.0,24364863500.0,0.0,0.0
Seattle/Puget Sound,5493006KQF5UKZ3Y9N07,5493006KQF5UKZ3Y9N07,,,1,585000.0,0,0.0,0,0.0,0.0,2023-2025,0.0,0.0,,26492930000.0,24364863500.0,0.0,0.0
Seattle/Puget Sound,5493006KXUHSYFT7SD10,"LPMC, LLC",,,5,2585000.0,0,0.0,0,0.0,0.0,2023-2025,0.0,0.0,,26492930000.0,24364863500.0,0.0,0.0
Seattle/Puget Sound,5493006P5IHSK77SZ855,5493006P5IHSK77SZ855,,,10,4680000.0,0,0.0,1,405000.0,0.0,2023-2025,0.0,0.0,,26492930000.0,24364863500.0,0.0,0.0
Seattle/Puget Sound,549300715JT4HMT74E48,Horizon Federally Insured State-Chartered Credit Union,,,1,185000.0,0,0.0,0,0.0,0.0,2023-2025,0.0,0.0,,26492930000.0,24364863500.0,0.0,0.0
Seattle/Puget Sound,549300748YYU6VG08N83,"Loan Simple, Inc.",,,47,22495000.0,0,0.0,6,2060000.0,0.0,2023-2025,0.0,0.0,,26492930000.0,24364863500.0,0.0,0.0
Seattle/Puget Sound,54930076PACNHY6U9F09,BP Federal Credit Union,,,1,345000.0,0,0.0,0,0.0,0.0,2023-2025,0.0,0.0,,26492930000.0,24364863500.0,0.0,0.0
Seattle/Puget Sound,5493007WZXR2YE227I23,5493007WZXR2YE227I23,,,1,685000.0,0,0.0,0,0.0,0.0,2023-2025,0.0,0.0,,26492930000.0,24364863500.0,0.0,0.0
Seattle/Puget Sound,5493008E4KBJCB6UKR64,"DATA MORTGAGE, INC.",,,3,1245000.0,0,0.0,1,325000.0,0.0,2023-2025,0.0,0.0,,26492930000.0,24364863500.0,0.0,0.0
Seattle/Puget Sound,5493008JUW0FLRMO0W64,M SQUARED FINANCIAL LLC,,,1,705000.0,0,0.0,0,0.0,0.0,2023-2025,0.0,0.0,,26492930000.0,24364863500.0,0.0,0.0
Seattle/Puget Sound,54930097J3TUZXBXXE75,HAPO COMMUNITY CREDIT UNION,,,4,1250000.0,0,0.0,1,445000.0,0.0,2023-2025,0.0,0.0,,26492930000.0,24364863500.0,0.0,0.0
Seattle/Puget Sound,5493009D2COWW65B8673,NORTHROP GRUMMAN Federal Credit Union,,,2,540000.0,0,0.0,1,205000.0,0.0,2023-2025,0.0,0.0,,26492930000.0,24364863500.0,0.0,0.0
Seattle/Puget Sound,5493009PLGT79KQ6HO15,5493009PLGT79KQ6HO15,,,1,485000.0,0,0.0,0,0.0,0.0,2023-2025,0.0,0.0,,26492930000.0,24364863500.0,0.0,0.0
Seattle/Puget Sound,5493009QB0KBU5M6NP90,5493009QB0KBU5M6NP90,,,28,20930000.0,0,0.0,0,0.0,0.0,2023-2025,0.0,0.0,,26492930000.0,24364863500.0,0.0,0.0
Seattle/Puget Sound,5493009QYNVEZ9VDJU57,5493009QYNVEZ9VDJU57,,,1,155000.0,0,0.0,0,0.0,0.0,2023-2025,0.0,0.0,,26492930000.0,24364863500.0,0.0,0.0
Seattle/Puget Sound,549300ANF834QIIFUE57,"A & N MORTGAGE SERVICES, INC.",,,2,1220000.0,0,0.0,0,0.0,0.0,2023-2025,0.0,0.0,,26492930000.0,24364863500.0,0.0,0.0
Seattle/Puget Sound,549300B0HNWBV7RX2661,Financial Partners Credit Union,,,3,1715000.0,0,0.0,0,0.0,0.0,2023-2025,0.0,0.0,,26492930000.0,24364863500.0,0.0,0.0
Seattle/Puget Sound,549300B4JDSKWJR1NR35,HOME FUNDING CORPORATION,,,2,1230000.0,0,0.0,0,0.0,0.0,2023-2025,0.0,0.0,,26492930000.0,24364863500.0,0.0,0.0
Seattle/Puget Sound,549300B81YWV4GBENI49,First Internet Bank of Indiana,,,2,1110000.0,0,0.0,0,0.0,0.0,2023-2025,0.0,0.0,,26492930000.0,24364863500.0,0.0,0.0
Seattle/Puget Sound,549300BBKMRS6J0CB539,AMERICAN PORTFOLIO MORTGAGE CORPORATION,,,1,435000.0,0,0.0,1,435000.0,0.0,2023-2025,0.0,0.0,,26492930000.0,24364863500.0,0.0,0.0
Seattle/Puget Sound,549300BEFX6JRSCS5N78,549300BEFX6JRSCS5N78,,,1,425000.0,0,0.0,0,0.0,0.0,2023-2025,0.0,0.0,,26492930000.0,24364863500.0,0.0,0.0
Seattle/Puget Sound,549300BFJ8COFCPOMU05,SOVEREIGN LENDING GROUP INCORPORATED,,,4,1630000.0,0,0.0,0,0.0,0.0,2023-2025,0.0,0.0,,26492930000.0,24364863500.0,0.0,0.0
Seattle/Puget Sound,549300C1ICNCM0V37Y02,"First State Bank of St. Charles, Missouri",,,4,2690000.0,0,0.0,0,0.0,0.0,2023-2025,0.0,0.0,,26492930000.0,24364863500.0,0.0,0.0
Seattle/Puget Sound,549300C20KZIWPASBC15,"FIRST CONTINENTAL MORTGAGE, LTD.",,,61,32825000.0,0,0.0,0,0.0,0.0,2023-2025,0.0,0.0,,26492930000.0,24364863500.0,0.0,0.0
Seattle/Puget Sound,549300C232ZWY1I57C16,WESCOM CENTRAL CREDIT UNION,,,4,3340000.0,0,0.0,0,0.0,0.0,2023-2025,0.0,0.0,,26492930000.0,24364863500.0,0.0,0.0
Seattle/Puget Sound,549300C4RD3C53QCM649,"STARBOARD FINANCIAL MANAGEMENT, LLC",,,2,830000.0,0,0.0,0,0.0,0.0,2023-2025,0.0,0.0,,26492930000.0,24364863500.0,0.0,0.0
Seattle/Puget Sound,549300CLRXFVF83ZL806,"NATIONWIDE MORTGAGE BANKERS, INC.",,,17,7625000.0,0,0.0,0,0.0,0.0,2023-2025,0.0,0.0,,26492930000.0,24364863500.0,0.0,0.0
Seattle/Puget Sound,549300COIWXM618UBE82,HomeTrust Bank,,,1,495000.0,0,0.0,0,0.0,0.0,2023-2025,0.0,0.0,,26492930000.0,24364863500.0,0.0,0.0
Seattle/Puget Sound,549300CP7747DCRW6U68,Carrollton Bank,,,1,545000.0,0,0.0,0,0.0,0.0,2023-2025,0.0,0.0,,26492930000.0,24364863500.0,0.0,0.0
Seattle/Puget Sound,549300CR5XDK0TP7I727,"OPEN MORTGAGE, LLC",,,2,980000.0,0,0.0,0,0.0,0.0,2023-2025,0.0,0.0,,26492930000.0,24364863500.0,0.0,0.0
Seattle/Puget Sound,549300CXZHD5OTAISA91,MK LENDING CORP.,,,4,2330000.0,0,0.0,1,825000.0,0.0,2023-2025,0.0,0.0,,26492930000.0,24364863500.0,0.0,0.0
Seattle/Puget Sound,549300D214S3L7KZ0515,CRESCENT MORTGAGE COMPANY,,,2,760000.0,0,0.0,0,0.0,0.0,2023-2025,0.0,0.0,,26492930000.0,24364863500.0,0.0,0.0
Seattle/Puget Sound,549300DDLYW49R2HCV81,EASTMAN CREDIT UNION,,,1,575000.0,0,0.0,0,0.0,0.0,2023-2025,0.0,0.0,,26492930000.0,24364863500.0,0.0,0.0
Seattle/Puget Sound,549300DMHEHNYZ2OLB41,First United Bank and Trust Company,,,1,545000.0,0,0.0,0,0.0,0.0,2023-2025,0.0,0.0,,26492930000.0,24364863500.0,0.0,0.0
Seattle/Puget Sound,549300DMYENRV818D594,SWBC MORTGAGE CORPORATION,,,1,655000.0,0,0.0,0,0.0,0.0,2023-2025,0.0,0.0,,26492930000.0,24364863500.0,0.0,0.0
Seattle/Puget Sound,549300DRA4BDXW23LD45,"Servion, Inc.",,,1,485000.0,0,0.0,0,0.0,0.0,2023-2025,0.0,0.0,,26492930000.0,24364863500.0,0.0,0.0
Seattle/Puget Sound,549300DT7WZ1SOTNFJ62,First Bank,,,3,1535000.0,0,0.0,0,0.0,0.0,2023-2025,0.0,0.0,,26492930000.0,24364863500.0,0.0,0.0
Seattle/Puget Sound,549300DW87L2IZ7ZHF47,549300DW87L2IZ7ZHF47,,,3,1325000.0,0,0.0,0,0.0,0.0,2023-2025,0.0,0.0,,26492930000.0,24364863500.0,0.0,0.0
Seattle/Puget Sound,549300EBBK4MF6IWR304,"INTEREST MORTGAGE, L.L.C.",,,2,1230000.0,0,0.0,1,295000.0,0.0,2023-2025,0.0,0.0,,26492930000.0,24364863500.0,0.0,0.0
Seattle/Puget Sound,549300EHWBP6UP4Y8J37,"PLUS RELOCATION MORTGAGE, LLC",,,5,2885000.0,0,0.0,0,0.0,0.0,2023-2025,0.0,0.0,,26492930000.0,24364863500.0,0.0,0.0
Seattle/Puget Sound,549300ELXS6PBT8OEE44,Air Academy Federal Credit Union,,,1,525000.0,0,0.0,0,0.0,0.0,2023-2025,0.0,0.0,,26492930000.0,24364863500.0,0.0,0.0
Seattle/Puget Sound,549300G5ZQEXZC4Y5G44,UNIVERSITY CREDIT UNION,,,1,1455000.0,0,0.0,0,0.0,0.0,2023-2025,0.0,0.0,,26492930000.0,24364863500.0,0.0,0.0
Seattle/Puget Sound,549300GDBIZCOI6TMO49,ANGEL OAK HOME LOANS LLC,,,1,2075000.0,0,0.0,0,0.0,0.0,2023-2025,0.0,0.0,,26492930000.0,24364863500.0,0.0,0.0
Seattle/Puget Sound,549300GS6ONO04ORI292,Willamette Valley Bank,,,12,6720000.0,0,0.0,2,1630000.0,0.0,2023-2025,0.0,0.0,,26492930000.0,24364863500.0,0.0,0.0
Seattle/Puget Sound,549300GSCUJKJINRJ980,"RUOFF MORTGAGE COMPANY, INC.",,,1,205000.0,0,0.0,0,0.0,0.0,2023-2025,0.0,0.0,,26492930000.0,24364863500.0,0.0,0.0
Seattle/Puget Sound,549300HV02VPA0FYR272,549300HV02VPA0FYR272,,,1,475000.0,0,0.0,1,475000.0,0.0,2023-2025,0.0,0.0,,26492930000.0,24364863500.0,0.0,0.0
Seattle/Puget Sound,549300HVFLWKU7133506,PREMIER AMERICA,,,1,105000.0,0,0.0,0,0.0,0.0,2023-2025,0.0,0.0,,26492930000.0,24364863500.0,0.0,0.0
Seattle/Puget Sound,549300I43FC7P0IJMR13,"LOANLEADERS OF AMERICA, INC.",,,8,3710000.0,0,0.0,0,0.0,0.0,2023-2025,0.0,0.0,,26492930000.0,24364863500.0,0.0,0.0
Seattle/Puget Sound,549300INKSPQCTELMO58,549300INKSPQCTELMO58,,,11,5305000.0,0,0.0,1,465000.0,0.0,2023-2025,0.0,0.0,,26492930000.0,24364863500.0,0.0,0.0
Seattle/Puget Sound,549300JKR164SLNO6Y85,"NATIONS RELIABLE LENDING, LLC",,,1,605000.0,0,0.0,0,0.0,0.0,2023-2025,0.0,0.0,,26492930000.0,24364863500.0,0.0,0.0
Seattle/Puget Sound,549300JOT0D4J0SZIK67,THE MONEY SOURCE INC.,,,1,315000.0,0,0.0,0,0.0,0.0,2023-2025,0.0,0.0,,26492930000.0,24364863500.0,0.0,0.0
Seattle/Puget Sound,549300KOAKQX3BEWWT56,549300KOAKQX3BEWWT56,,,18,12980000.0,0,0.0,0,0.0,0.0,2023-2025,0.0,0.0,,26492930000.0,24364863500.0,0.0,0.0
Seattle/Puget Sound,549300KPBZCTMM3Y0061,NASA Federal Credit Union,,,2,1360000.0,0,0.0,0,0.0,0.0,2023-2025,0.0,0.0,,26492930000.0,24364863500.0,0.0,0.0
Seattle/Puget Sound,549300KPHGEE40YQXO21,FARMERS INSURANCE GROUP FEDERAL CREDIT UNION,,,3,1995000.0,0,0.0,0,0.0,0.0,2023-2025,0.0,0.0,,26492930000.0,24364863500.0,0.0,0.0
Seattle/Puget Sound,549300KR4ZW8KJC82O47,Community First National Bank,,,1,435000.0,0,0.0,0,0.0,0.0,2023-2025,0.0,0.0,,26492930000.0,24364863500.0,0.0,0.0
Seattle/Puget Sound,549300KT5OWPGQKWUN86,"SEMPER HOME LOANS, INC",,,1,455000.0,0,0.0,0,0.0,0.0,2023-2025,0.0,0.0,,26492930000.0,24364863500.0,0.0,0.0
Seattle/Puget Sound,549300KZVCKCUN23YY80,Consolidated Federal Credit Union,,,2,730000.0,0,0.0,0,0.0,0.0,2023-2025,0.0,0.0,,26492930000.0,24364863500.0,0.0,0.0
Seattle/Puget Sound,549300L44U62O7WHRR78,549300L44U62O7WHRR78,,,1,435000.0,0,0.0,0,0.0,0.0,2023-2025,0.0,0.0,,26492930000.0,24364863500.0,0.0,0.0
Seattle/Puget Sound,549300L9MOPDT0NKE883,"Fidelity Bank, National Association",,,2,610000.0,0,0.0,0,0.0,0.0,2023-2025,0.0,0.0,,26492930000.0,24364863500.0,0.0,0.0
Seattle/Puget Sound,549300LGE7I6F2K89769,549300LGE7I6F2K89769,,,1,305000.0,0,0.0,0,0.0,0.0,2023-2025,0.0,0.0,,26492930000.0,24364863500.0,0.0,0.0
Seattle/Puget Sound,549300LI3FDGO7UKFF39,EAST COAST CAPITAL CORP.,,,2,1100000.0,0,0.0,1,595000.0,0.0,2023-2025,0.0,0.0,,26492930000.0,24364863500.0,0.0,0.0
Seattle/Puget Sound,549300LIZH7VW4DFJK44,Chickasaw Community Bank,,,3,1875000.0,0,0.0,0,0.0,0.0,2023-2025,0.0,0.0,,26492930000.0,24364863500.0,0.0,0.0
Seattle/Puget Sound,549300LO3MP4RAI32X70,First Bank,,,1,565000.0,0,0.0,0,0.0,0.0,2023-2025,0.0,0.0,,26492930000.0,24364863500.0,0.0,0.0
Seattle/Puget Sound,549300LP0CV2MNC1GV68,"Academy Bank, National Association",,,12,7310000.0,0,0.0,0,0.0,0.0,2023-2025,0.0,0.0,,26492930000.0,24364863500.0,0.0,0.0
Seattle/Puget Sound,549300LXKO1O7CSK5J52,"FLAT BRANCH MORTGAGE, INC.",,,7,3285000.0,0,0.0,0,0.0,0.0,2023-2025,0.0,0.0,,26492930000.0,24364863500.0,0.0,0.0
Seattle/Puget Sound,549300M16XETIG2Z5N24,549300M16XETIG2Z5N24,,,1,805000.0,0,0.0,0,0.0,0.0,2023-2025,0.0,0.0,,26492930000.0,24364863500.0,0.0,0.0
Seattle/Puget Sound,549300M2Z8GR3VL0QQ74,549300M2Z8GR3VL0QQ74,,,1,365000.0,0,0.0,1,365000.0,0.0,2023-2025,0.0,0.0,,26492930000.0,24364863500.0,0.0,0.0
Seattle/Puget Sound,549300MQDQ3TUIDR0R90,CASTLE MORTGAGE CORPORATION,,,1,325000.0,0,0.0,1,325000.0,0.0,2023-2025,0.0,0.0,,26492930000.0,24364863500.0,0.0,0.0
Seattle/Puget Sound,549300N2GMOJ61XHEL06,549300N2GMOJ61XHEL06,,,1,785000.0,0,0.0,0,0.0,0.0,2023-2025,0.0,0.0,,26492930000.0,24364863500.0,0.0,0.0
Seattle/Puget Sound,549300NN0PRX3I4QGG46,"Mid-Continent Funding, Inc.",,,17,8065000.0,0,0.0,2,650000.0,0.0,2023-2025,0.0,0.0,,26492930000.0,24364863500.0,0.0,0.0
Seattle/Puget Sound,549300OBJRCHJ0G6XU24,U S WIDE FINANCIAL LLC,,,3,1775000.0,0,0.0,0,0.0,0.0,2023-2025,0.0,0.0,,26492930000.0,24364863500.0,0.0,0.0
Seattle/Puget Sound,549300ON2ILGPUVKZT28,549300ON2ILGPUVKZT28,,,1,485000.0,0,0.0,0,0.0,0.0,2023-2025,0.0,0.0,,26492930000.0,24364863500.0,0.0,0.0
Seattle/Puget Sound,549300OSY236S7MBKO83,"CIS Financial Services, Inc.",,,2,270000.0,0,0.0,0,0.0,0.0,2023-2025,0.0,0.0,,26492930000.0,24364863500.0,0.0,0.0
Seattle/Puget Sound,549300OSZK2W0WJYS771,Northwest Federal Credit Union,,,1,405000.0,0,0.0,0,0.0,0.0,2023-2025,0.0,0.0,,26492930000.0,24364863500.0,0.0,0.0
Seattle/Puget Sound,549300OTLWFQPOOSC346,BayCoast Bank,,,5,325000.0,0,0.0,0,0.0,0.0,2023-2025,0.0,0.0,,26492930000.0,24364863500.0,0.0,0.0
Seattle/Puget Sound,549300OYEKEORA1GI088,"GoPrime Mortgage, Inc.",,,29,14895000.0,0,0.0,1,405000.0,0.0,2023-2025,0.0,0.0,,26492930000.0,24364863500.0,0.0,0.0
Seattle/Puget Sound,549300PIL8LFAQ04XC20,"SPRING EQ, LLC",,,4,890000.0,0,0.0,0,0.0,0.0,2023-2025,0.0,0.0,,26492930000.0,24364863500.0,0.0,0.0
Seattle/Puget Sound,549300PKEQ3Q9S0IXW76,UNITED FEDERAL CREDIT UNION,,,2,670000.0,0,0.0,1,445000.0,0.0,2023-2025,0.0,0.0,,26492930000.0,24364863500.0,0.0,0.0
Seattle/Puget Sound,549300PXIFIEPL7D7R86,Brighton Bank,,,1,515000.0,0,0.0,0,0.0,0.0,2023-2025,0.0,0.0,,26492930000.0,24364863500.0,0.0,0.0
Seattle/Puget Sound,549300Q1YFRSB8UEGH03,Truity Federal Credit Union,,,2,2230000.0,0,0.0,0,0.0,0.0,2023-2025,0.0,0.0,,26492930000.0,24364863500.0,0.0,0.0
Seattle/Puget Sound,549300QCYEU2QLIWN517,LEGEND LENDING CORPORATION,,,1,375000.0,0,0.0,0,0.0,0.0,2023-2025,0.0,0.0,,26492930000.0,24364863500.0,0.0,0.0
Seattle/Puget Sound,549300R7HGHP2I754087,TOWNE MORTGAGE COMPANY,,,4,1620000.0,0,0.0,1,435000.0,0.0,2023-2025,0.0,0.0,,26492930000.0,24364863500.0,0.0,0.0
Seattle/Puget Sound,549300REENMLD2RN3W58,"Magnolia Bank, Incorporated",,,13,5115000.0,0,0.0,2,730000.0,0.0,2023-2025,0.0,0.0,,26492930000.0,24364863500.0,0.0,0.0
Seattle/Puget Sound,549300RFSMIRUODUVW59,First Interstate Bank,,,1,815000.0,0,0.0,0,0.0,0.0,2023-2025,0.0,0.0,,26492930000.0,24364863500.0,0.0,0.0
Seattle/Puget Sound,549300RU0T31BIA8UR19,549300RU0T31BIA8UR19,,,2,2150000.0,0,0.0,0,0.0,0.0,2023-2025,0.0,0.0,,26492930000.0,24364863500.0,0.0,0.0
Seattle/Puget Sound,549300SELI3XCH3UZW80,FIRST CENTENNIAL MORTGAGE CORPORATION,,,4,1410000.0,0,0.0,1,285000.0,0.0,2023-2025,0.0,0.0,,26492930000.0,24364863500.0,0.0,0.0
Seattle/Puget Sound,549300SQKZC6HESYGO25,Signature Federal Credit Union,,,1,305000.0,0,0.0,0,0.0,0.0,2023-2025,0.0,0.0,,26492930000.0,24364863500.0,0.0,0.0
Seattle/Puget Sound,549300SQRR7T3EUSDD87,"Orchard Mortgage, LLC",,,2,1700000.0,0,0.0,0,0.0,0.0,2023-2025,0.0,0.0,,26492930000.0,24364863500.0,0.0,0.0
Seattle/Puget Sound,549300T03X096VF60C57,549300T03X096VF60C57,,,1,1545000.0,0,0.0,0,0.0,0.0,2023-2025,0.0,0.0,,26492930000.0,24364863500.0,0.0,0.0
Seattle/Puget Sound,549300TDBTRK89DZRC13,FIBRE,,,3,1145000.0,0,0.0,0,0.0,0.0,2023-2025,0.0,0.0,,26492930000.0,24364863500.0,0.0,0.0
Seattle/Puget Sound,549300TM179TSKK3HQ94,"THRIVE MORTGAGE, LLC",,,2,750000.0,0,0.0,0,0.0,0.0,2023-2025,0.0,0.0,,26492930000.0,24364863500.0,0.0,0.0
Seattle/Puget Sound,549300TQVOMKNKFOH392,Gate City Bank,,,2,1230000.0,0,0.0,1,665000.0,0.0,2023-2025,0.0,0.0,,26492930000.0,24364863500.0,0.0,0.0
Seattle/Puget Sound,549300TUQC6OYE8A0Y96,"PACIFIC RESIDENTIAL MORTGAGE, LLC",,,7,3845000.0,0,0.0,1,345000.0,0.0,2023-2025,0.0,0.0,,26492930000.0,24364863500.0,0.0,0.0
Seattle/Puget Sound,549300UPB8ITF7B1GI03,CATALYST MORTGAGE,,,1,725000.0,0,0.0,0,0.0,0.0,2023-2025,0.0,0.0,,26492930000.0,24364863500.0,0.0,0.0
Seattle/Puget Sound,549300V3N91EH05UWL23,SKYONE Federal Credit Union,,,3,2115000.0,0,0.0,1,385000.0,0.0,2023-2025,0.0,0.0,,26492930000.0,24364863500.0,0.0,0.0
Seattle/Puget Sound,549300V8CF81JGIV7038,549300V8CF81JGIV7038,,,3,1525000.0,0,0.0,2,890000.0,0.0,2023-2025,0.0,0.0,,26492930000.0,24364863500.0,0.0,0.0
Seattle/Puget Sound,549300VBY3NBKUNMKL64,HONDA Federal Credit Union,,,1,365000.0,0,0.0,0,0.0,0.0,2023-2025,0.0,0.0,,26492930000.0,24364863500.0,0.0,0.0
Seattle/Puget Sound,549300VJ7C5JB4W87F48,549300VJ7C5JB4W87F48,,,5,3025000.0,0,0.0,0,0.0,0.0,2023-2025,0.0,0.0,,26492930000.0,24364863500.0,0.0,0.0
Seattle/Puget Sound,549300VMX06UV1F7NS76,"SUCCESS MORTGAGE PARTNERS, INC.",,,3,1525000.0,0,0.0,0,0.0,0.0,2023-2025,0.0,0.0,,26492930000.0,24364863500.0,0.0,0.0
Seattle/Puget Sound,549300W1HU6IVVIEJ389,"RANLIFE, INC.",,,10,3980000.0,0,0.0,1,465000.0,0.0,2023-2025,0.0,0.0,,26492930000.0,24364863500.0,0.0,0.0
Seattle/Puget Sound,549300WEOD0TL2O6EU67,"MOUNTAIN WEST FINANCIAL, INC.",,,14,6140000.0,0,0.0,3,1255000.0,0.0,2023-2025,0.0,0.0,,26492930000.0,24364863500.0,0.0,0.0
Seattle/Puget Sound,549300WS8BW0I0BDA390,DIAMOND RESIDENTIAL MORTGAGE CORPORATION,,,3,1505000.0,0,0.0,0,0.0,0.0,2023-2025,0.0,0.0,,26492930000.0,24364863500.0,0.0,0.0
Seattle/Puget Sound,549300WW4OBT30G5DK23,THRIVENT Federal Credit Union,,,3,1325000.0,0,0.0,0,0.0,0.0,2023-2025,0.0,0.0,,26492930000.0,24364863500.0,0.0,0.0
Seattle/Puget Sound,549300WYC8C6REMY4E38,549300WYC8C6REMY4E38,,,1,645000.0,0,0.0,0,0.0,0.0,2023-2025,0.0,0.0,,26492930000.0,24364863500.0,0.0,0.0
Seattle/Puget Sound,549300X08QKYUH256I80,"Goldwater Bank, N.A.",,,5,2915000.0,0,0.0,1,695000.0,0.0,2023-2025,0.0,0.0,,26492930000.0,24364863500.0,0.0,0.0
Seattle/Puget Sound,549300XAJENHWRM32Z86,Bank of Springfield,,,1,435000.0,0,0.0,0,0.0,0.0,2023-2025,0.0,0.0,,26492930000.0,24364863500.0,0.0,0.0
Seattle/Puget Sound,549300XBOKNEE2CQJL92,"AUGUSTA FINANCIAL, INC.",,,1,515000.0,0,0.0,0,0.0,0.0,2023-2025,0.0,0.0,,26492930000.0,24364863500.0,0.0,0.0
Seattle/Puget Sound,549300XED7IBK9VVQH70,549300XED7IBK9VVQH70,,,4,1690000.0,0,0.0,0,0.0,0.0,2023-2025,0.0,0.0,,26492930000.0,24364863500.0,0.0,0.0
Seattle/Puget Sound,549300XQVJ1XBNFA5536,21ST MORTGAGE CORPORATION,,,154,20040000.0,0,0.0,1,75000.0,0.0,2023-2025,0.0,0.0,,26492930000.0,24364863500.0,0.0,0.0
Seattle/Puget Sound,549300XRF9LCZ3RX3Q39,"Allied First Bank,sb",,,4,1400000.0,0,0.0,0,0.0,0.0,2023-2025,0.0,0.0,,26492930000.0,24364863500.0,0.0,0.0
Seattle/Puget Sound,549300XZEU2LB7FLWW04,FOUR POINTS,,,1,925000.0,0,0.0,0,0.0,0.0,2023-2025,0.0,0.0,,26492930000.0,24364863500.0,0.0,0.0
Seattle/Puget Sound,549300Y7G2MW6V1OR474,"VICTORIAN FINANCE, LLC",,,2,1060000.0,0,0.0,0,0.0,0.0,2023-2025,0.0,0.0,,26492930000.0,24364863500.0,0.0,0.0
Seattle/Puget Sound,549300YD7XJM19TH5O82,CITIZENS EQUITY FIRST,,,2,1560000.0,0,0.0,1,915000.0,0.0,2023-2025,0.0,0.0,,26492930000.0,24364863500.0,0.0,0.0
Seattle/Puget Sound,549300YDBNK66R6ZES34,TOGETHER CREDIT UNION,,,2,830000.0,0,0.0,0,0.0,0.0,2023-2025,0.0,0.0,,26492930000.0,24364863500.0,0.0,0.0
Seattle/Puget Sound,549300YVM8B4UQC5DK40,549300YVM8B4UQC5DK40,,,2,1030000.0,0,0.0,0,0.0,0.0,2023-2025,0.0,0.0,,26492930000.0,24364863500.0,0.0,0.0
Seattle/Puget Sound,549300ZTT08EKQRVTR15,Atlantic Union Bank,,,1,405000.0,0,0.0,0,0.0,0.0,2023-2025,0.0,0.0,,26492930000.0,24364863500.0,0.0,0.0
Seattle/Puget Sound,549300ZUF2EI6H23YK94,BEEHIVE,,,2,1180000.0,0,0.0,0,0.0,0.0,2023-2025,0.0,0.0,,26492930000.0,24364863500.0,0.0,0.0
Seattle/Puget Sound,635400IW1QMK3FNFF894,MERIDIAN BANK,,,4,1680000.0,0,0.0,0,0.0,0.0,2023-2025,0.0,0.0,,26492930000.0,24364863500.0,0.0,0.0
Seattle/Puget Sound,875500CPQ9Z7QEFE5G90,875500CPQ9Z7QEFE5G90,,,2,1490000.0,0,0.0,1,455000.0,0.0,2023-2025,0.0,0.0,,26492930000.0,24364863500.0,0.0,0.0
Seattle/Puget Sound,89450088V2BYQUO61B62,89450088V2BYQUO61B62,,,1,1265000.0,0,0.0,0,0.0,0.0,2023-2025,0.0,0.0,,26492930000.0,24364863500.0,0.0,0.0
Seattle/Puget Sound,8I3UVGYULPJQIP7FQV10,8I3UVGYULPJQIP7FQV10,,,1,205000.0,0,0.0,0,0.0,0.0,2023-2025,0.0,0.0,,26492930000.0,24364863500.0,0.0,0.0
Seattle/Puget Sound,9845006YE04B346EC919,9845006YE04B346EC919,,,2,1150000.0,0,0.0,0,0.0,0.0,2023-2025,0.0,0.0,,26492930000.0,24364863500.0,0.0,0.0
Seattle/Puget Sound,984500CD6F0743B8F530,984500CD6F0743B8F530,,,7,3455000.0,0,0.0,0,0.0,0.0,2023-2025,0.0,0.0,,26492930000.0,24364863500.0,0.0,0.0
Seattle/Puget Sound,IWRZQFYIRJ0IMURZBB68,Johnson Bank,,,1,875000.0,0,0.0,0,0.0,0.0,2023-2025,0.0,0.0,,26492930000.0,24364863500.0,0.0,0.0
Seattle/Puget Sound,K0ZDN2CBIQC0EHBKNK35,Enterprise Bank & Trust,,,1,625000.0,0,0.0,0,0.0,0.0,2023-2025,0.0,0.0,,26492930000.0,24364863500.0,0.0,0.0
Seattle/Puget Sound,LDVFX8JEECFFE8HRWA73,First National Bank of Omaha,,,2,1620000.0,0,0.0,1,1005000.0,0.0,2023-2025,0.0,0.0,,26492930000.0,24364863500.0,0.0,0.0
