ticker,form,report_date,keyword,character_offset,snippet,document_url
BCML,10-K,2025-12-31,Bay Area,49972,"our efficiency. We have also grown organically by leveraging the potential within metropolitan and community markets where we operate. These markets have offered significant opportunities to expand our commercial client base, increase interest-earning assets, and enhance market share. We believe our geographic footprint, which now includes the San Francisco Bay area, the metropolitan markets of Los Angeles, California; Seattle, Washington; Denver, Colorado; and Las Vegas, Nevada, and community markets including Albuquerque, New Mexico, and Custer, Delta, and Grand Counties, Colorado, provides us access to low cost, stable core deposits in community markets that we can use to fund commercial loan growth. We strive to pr",https://www.sec.gov/Archives/edgar/data/1730984/000173098426000016/bcml-20251231x10k.htm
BCML,10-K,2025-12-31,Bay Area,57195,"e, Washington; and Central New Mexico. We believe this diverse geographic footprint provides us with access to low cost, stable core deposits that we can use to fund commercial loan growth. 6 Table of ContentsWe generally lend in markets where we have a physical presence through our branch offices. A majority of our branches are located in the San Francisco Bay Area, which includes the counties of Alameda, Contra Costa, Marin, San Francisco, San Joaquin, San Mateo, Santa Clara, Solano, and Sonoma, California. We operate primarily in the San Francisco-Oakland-Hayward, and the San Jose-Sunnyvale-Santa Clara, California Metropolitan Statistical Areas (“MSA”) with additional operations in the Los Angeles-Long Beach-Anaheim",https://www.sec.gov/Archives/edgar/data/1730984/000173098426000016/bcml-20251231x10k.htm
BCML,10-K,2025-12-31,Bay Area,57635,"isco, San Joaquin, San Mateo, Santa Clara, Solano, and Sonoma, California. We operate primarily in the San Francisco-Oakland-Hayward, and the San Jose-Sunnyvale-Santa Clara, California Metropolitan Statistical Areas (“MSA”) with additional operations in the Los Angeles-Long Beach-Anaheim, California MSA, with borrowers or properties located in San Francisco Bay Area comprising 19.5%, Northern California comprising 4.5% and Southern California comprising 29.1% of our loan portfolio as of December 31, 2025. Depositors located in California comprised 51.5% of our total deposits as of December 31, 2025.With a population of approximately 4.6 million, the San Francisco-Oakland-Hayward MSA represents the third most populous a",https://www.sec.gov/Archives/edgar/data/1730984/000173098426000016/bcml-20251231x10k.htm
BCML,10-K,2025-12-31,Bay Area,63694,"cussion and Analysis of Financial Condition and Results of Operations — Comparison of Financial Condition at December 31, 2025 and 2024 — Loans”, contained in this Form 10-K.Concentrations of Credit Risk. The largest portion of our loan portfolio represents lending conducted with businesses and individuals in Northern California, including the San Francisco Bay Area, and Southern California. Our loan portfolio consists primarily of commercial real estate loans (including multifamily) and construction loans, which totaled $1.8 billion and constituted 86.0% of total loans as of December 31, 2025. Commercial and industrial loans totaled $175.4 million and constituted 8.5% of total loans as of December 31, 2025. Our commer",https://www.sec.gov/Archives/edgar/data/1730984/000173098426000016/bcml-20251231x10k.htm
BCML,10-K,2025-12-31,Bay Area,165871,"nited States and other nations could disrupt supply chains, increase costs for businesses, and reduce export opportunities for our customers. These developments may, in turn, negatively impact our customers’ operations and, consequently, our financial performance.A downturn in economic conditions in the market areas we serve, in particular the San Francisco Bay Area, Southern California, Denver, Colorado, Seattle, Washington, Central New Mexico and the agricultural region of the California Central Valley, whether due to inflation, recessionary trends, geopolitical instability or conflicts, or environmental and climate-related events such as wildfires, floods, or other factors, could have a material adverse effect on ou",https://www.sec.gov/Archives/edgar/data/1730984/000173098426000016/bcml-20251231x10k.htm
BCML,10-K,2025-12-31,Bay Area,251796,"mmitted to organic growth, leveraging the potential within metropolitan and community markets where we 46 Table of Contentscurrently operate. These markets offer significant opportunities to expand our commercial client base, increase interest-earning assets, and enhance market share. We believe our geographic footprint, which now includes the San Francisco Bay area, the metropolitan markets of Los Angeles, California; Seattle, Washington; Denver, Colorado; and Las Vegas, Nevada, and community markets including Albuquerque, New Mexico and Custer, Delta and Grand counties, Colorado, provides us access to low cost, stable core deposits that we can use to fund commercial loan growth. We strive to enhance our clients’ bank",https://www.sec.gov/Archives/edgar/data/1730984/000173098426000016/bcml-20251231x10k.htm
BCML,10-K,2025-12-31,Bay Area,279518,", from $1.9 billion at December 31, 2024. The increase was due to $440.4 million of new loan originations and $31.0 million of loan purchases, partially offset by $354.1 million of loan repayments and $5.1 million of loans sold.Loan originations in 2025 were concentrated in California markets, primarily Los Angeles, Irvine/Southern California, San Francisco Bay Area and Sacramento/Northern California, with commercial and multifamily real estate secured loans accounting for the majority of the originations. Loan purchases were concentrated in New Mexico and Colorado.52 Table of ContentsThe following table provides information about our loan portfolio by type of loan, with PCD loans presented as a separate balance, at th",https://www.sec.gov/Archives/edgar/data/1730984/000173098426000016/bcml-20251231x10k.htm
BCML,10-K,2025-12-31,Bellevue,59207,"mall and medium-sized businesses, providing us with a market rich in potential customers. We believe the area’s median household income of $96,405, large concentration of small and medium-sized businesses, and population density, which is the highest in the nation, make the area an attractive market in which to expand operations. We serve the Seattle-Tacoma-Bellevue MSA, which includes King County (which includes the city of Seattle), through one branch office. In Central New Mexico, we serve the Albuquerque MSA, the most populous city in the state of New Mexico, through five branch offices we acquired from FULB and BFC, in 2017 and 2018, respectively. We serve the Denver MSA and the communities of Custer, Delta, and G",https://www.sec.gov/Archives/edgar/data/1730984/000173098426000016/bcml-20251231x10k.htm
BCML,10-K,2025-12-31,King County,59236,"ses, providing us with a market rich in potential customers. We believe the area’s median household income of $96,405, large concentration of small and medium-sized businesses, and population density, which is the highest in the nation, make the area an attractive market in which to expand operations. We serve the Seattle-Tacoma-Bellevue MSA, which includes King County (which includes the city of Seattle), through one branch office. In Central New Mexico, we serve the Albuquerque MSA, the most populous city in the state of New Mexico, through five branch offices we acquired from FULB and BFC, in 2017 and 2018, respectively. We serve the Denver MSA and the communities of Custer, Delta, and Grand Counties, Colorado through ",https://www.sec.gov/Archives/edgar/data/1730984/000173098426000016/bcml-20251231x10k.htm
BCML,10-K,2025-12-31,Marin,57259,"eographic footprint provides us with access to low cost, stable core deposits that we can use to fund commercial loan growth. 6 Table of ContentsWe generally lend in markets where we have a physical presence through our branch offices. A majority of our branches are located in the San Francisco Bay Area, which includes the counties of Alameda, Contra Costa, Marin, San Francisco, San Joaquin, San Mateo, Santa Clara, Solano, and Sonoma, California. We operate primarily in the San Francisco-Oakland-Hayward, and the San Jose-Sunnyvale-Santa Clara, California Metropolitan Statistical Areas (“MSA”) with additional operations in the Los Angeles-Long Beach-Anaheim, California MSA, with borrowers or properties located in San",https://www.sec.gov/Archives/edgar/data/1730984/000173098426000016/bcml-20251231x10k.htm
BCML,10-K,2025-12-31,Marin,282126,"8​ 46.0%Construction and land​​ —​ —%​ 8,408​ 0.9%​ 8,408​ 0.6%​ 550​ 0.1%​ 8,958​ 0.4%Total real estate​​ 371,681​​​​ 835,327​​​​ 1,207,008​​​​ 682,100​​​​ 1,889,108​​​Consumer​​ 43​ 0.0%​ 1​ 0.0% 44​ 0.0%​ 1,131​ 0.1%​ 1,175​ 0.1%Total loans​$ 402,145​​​$ 902,025​​​$ 1,304,170​​​$ 761,522​​​$ 2,065,692​​​(1) Includes Alameda, Contra Costa, Solano, Sonoma, Marin, San Francisco, San Joaquin, San Mateo and Santa Clara Counties.(2) Includes loans located in Sacramento and Northern California counties totaling $92.3 million and loans located in Los Angeles and Orange counties totaling $601.5 million.(3) Includes loans located in the states of Colorado, Nevada, New Mexico, Washington and other states. At December 31, 20",https://www.sec.gov/Archives/edgar/data/1730984/000173098426000016/bcml-20251231x10k.htm
BCML,10-K,2025-12-31,San Francisco Bay Area,49958," and improved our efficiency. We have also grown organically by leveraging the potential within metropolitan and community markets where we operate. These markets have offered significant opportunities to expand our commercial client base, increase interest-earning assets, and enhance market share. We believe our geographic footprint, which now includes the San Francisco Bay area, the metropolitan markets of Los Angeles, California; Seattle, Washington; Denver, Colorado; and Las Vegas, Nevada, and community markets including Albuquerque, New Mexico, and Custer, Delta, and Grand Counties, Colorado, provides us access to low cost, stable core deposits in community markets that we can use to fund commercial loan growth. We strive to pr",https://www.sec.gov/Archives/edgar/data/1730984/000173098426000016/bcml-20251231x10k.htm
BCML,10-K,2025-12-31,San Francisco Bay Area,57181,"lorado; Seattle, Washington; and Central New Mexico. We believe this diverse geographic footprint provides us with access to low cost, stable core deposits that we can use to fund commercial loan growth. 6 Table of ContentsWe generally lend in markets where we have a physical presence through our branch offices. A majority of our branches are located in the San Francisco Bay Area, which includes the counties of Alameda, Contra Costa, Marin, San Francisco, San Joaquin, San Mateo, Santa Clara, Solano, and Sonoma, California. We operate primarily in the San Francisco-Oakland-Hayward, and the San Jose-Sunnyvale-Santa Clara, California Metropolitan Statistical Areas (“MSA”) with additional operations in the Los Angeles-Long Beach-Anaheim",https://www.sec.gov/Archives/edgar/data/1730984/000173098426000016/bcml-20251231x10k.htm
BCML,10-K,2025-12-31,San Francisco Bay Area,57621,"rin, San Francisco, San Joaquin, San Mateo, Santa Clara, Solano, and Sonoma, California. We operate primarily in the San Francisco-Oakland-Hayward, and the San Jose-Sunnyvale-Santa Clara, California Metropolitan Statistical Areas (“MSA”) with additional operations in the Los Angeles-Long Beach-Anaheim, California MSA, with borrowers or properties located in San Francisco Bay Area comprising 19.5%, Northern California comprising 4.5% and Southern California comprising 29.1% of our loan portfolio as of December 31, 2025. Depositors located in California comprised 51.5% of our total deposits as of December 31, 2025.With a population of approximately 4.6 million, the San Francisco-Oakland-Hayward MSA represents the third most populous a",https://www.sec.gov/Archives/edgar/data/1730984/000173098426000016/bcml-20251231x10k.htm
BCML,10-K,2025-12-31,San Francisco Bay Area,63680,"nagement’s Discussion and Analysis of Financial Condition and Results of Operations — Comparison of Financial Condition at December 31, 2025 and 2024 — Loans”, contained in this Form 10-K.Concentrations of Credit Risk. The largest portion of our loan portfolio represents lending conducted with businesses and individuals in Northern California, including the San Francisco Bay Area, and Southern California. Our loan portfolio consists primarily of commercial real estate loans (including multifamily) and construction loans, which totaled $1.8 billion and constituted 86.0% of total loans as of December 31, 2025. Commercial and industrial loans totaled $175.4 million and constituted 8.5% of total loans as of December 31, 2025. Our commer",https://www.sec.gov/Archives/edgar/data/1730984/000173098426000016/bcml-20251231x10k.htm
BCML,10-K,2025-12-31,San Francisco Bay Area,165857," between the United States and other nations could disrupt supply chains, increase costs for businesses, and reduce export opportunities for our customers. These developments may, in turn, negatively impact our customers’ operations and, consequently, our financial performance.A downturn in economic conditions in the market areas we serve, in particular the San Francisco Bay Area, Southern California, Denver, Colorado, Seattle, Washington, Central New Mexico and the agricultural region of the California Central Valley, whether due to inflation, recessionary trends, geopolitical instability or conflicts, or environmental and climate-related events such as wildfires, floods, or other factors, could have a material adverse effect on ou",https://www.sec.gov/Archives/edgar/data/1730984/000173098426000016/bcml-20251231x10k.htm
BCML,10-K,2025-12-31,San Francisco Bay Area,251782,"We are also committed to organic growth, leveraging the potential within metropolitan and community markets where we 46 Table of Contentscurrently operate. These markets offer significant opportunities to expand our commercial client base, increase interest-earning assets, and enhance market share. We believe our geographic footprint, which now includes the San Francisco Bay area, the metropolitan markets of Los Angeles, California; Seattle, Washington; Denver, Colorado; and Las Vegas, Nevada, and community markets including Albuquerque, New Mexico and Custer, Delta and Grand counties, Colorado, provides us access to low cost, stable core deposits that we can use to fund commercial loan growth. We strive to enhance our clients’ bank",https://www.sec.gov/Archives/edgar/data/1730984/000173098426000016/bcml-20251231x10k.htm
BCML,10-K,2025-12-31,San Francisco Bay Area,279504,"ember 31, 2025, from $1.9 billion at December 31, 2024. The increase was due to $440.4 million of new loan originations and $31.0 million of loan purchases, partially offset by $354.1 million of loan repayments and $5.1 million of loans sold.Loan originations in 2025 were concentrated in California markets, primarily Los Angeles, Irvine/Southern California, San Francisco Bay Area and Sacramento/Northern California, with commercial and multifamily real estate secured loans accounting for the majority of the originations. Loan purchases were concentrated in New Mexico and Colorado.52 Table of ContentsThe following table provides information about our loan portfolio by type of loan, with PCD loans presented as a separate balance, at th",https://www.sec.gov/Archives/edgar/data/1730984/000173098426000016/bcml-20251231x10k.htm
BCML,10-K,2025-12-31,San Mateo,57294,"h access to low cost, stable core deposits that we can use to fund commercial loan growth. 6 Table of ContentsWe generally lend in markets where we have a physical presence through our branch offices. A majority of our branches are located in the San Francisco Bay Area, which includes the counties of Alameda, Contra Costa, Marin, San Francisco, San Joaquin, San Mateo, Santa Clara, Solano, and Sonoma, California. We operate primarily in the San Francisco-Oakland-Hayward, and the San Jose-Sunnyvale-Santa Clara, California Metropolitan Statistical Areas (“MSA”) with additional operations in the Los Angeles-Long Beach-Anaheim, California MSA, with borrowers or properties located in San Francisco Bay Area comprising 19.5%, N",https://www.sec.gov/Archives/edgar/data/1730984/000173098426000016/bcml-20251231x10k.htm
BCML,10-K,2025-12-31,San Mateo,282161,"—%​ 8,408​ 0.9%​ 8,408​ 0.6%​ 550​ 0.1%​ 8,958​ 0.4%Total real estate​​ 371,681​​​​ 835,327​​​​ 1,207,008​​​​ 682,100​​​​ 1,889,108​​​Consumer​​ 43​ 0.0%​ 1​ 0.0% 44​ 0.0%​ 1,131​ 0.1%​ 1,175​ 0.1%Total loans​$ 402,145​​​$ 902,025​​​$ 1,304,170​​​$ 761,522​​​$ 2,065,692​​​(1) Includes Alameda, Contra Costa, Solano, Sonoma, Marin, San Francisco, San Joaquin, San Mateo and Santa Clara Counties.(2) Includes loans located in Sacramento and Northern California counties totaling $92.3 million and loans located in Los Angeles and Orange counties totaling $601.5 million.(3) Includes loans located in the states of Colorado, Nevada, New Mexico, Washington and other states. At December 31, 2025, loans in Colorado, New Mexico, Wash",https://www.sec.gov/Archives/edgar/data/1730984/000173098426000016/bcml-20251231x10k.htm
BCML,10-K,2025-12-31,Santa Clara,57305," low cost, stable core deposits that we can use to fund commercial loan growth. 6 Table of ContentsWe generally lend in markets where we have a physical presence through our branch offices. A majority of our branches are located in the San Francisco Bay Area, which includes the counties of Alameda, Contra Costa, Marin, San Francisco, San Joaquin, San Mateo, Santa Clara, Solano, and Sonoma, California. We operate primarily in the San Francisco-Oakland-Hayward, and the San Jose-Sunnyvale-Santa Clara, California Metropolitan Statistical Areas (“MSA”) with additional operations in the Los Angeles-Long Beach-Anaheim, California MSA, with borrowers or properties located in San Francisco Bay Area comprising 19.5%, Northern Calif",https://www.sec.gov/Archives/edgar/data/1730984/000173098426000016/bcml-20251231x10k.htm
BCML,10-K,2025-12-31,Santa Clara,58369," California and the thirteenth largest in the United States. In addition to its current size, the market also demonstrates key characteristics we believe provide the opportunity for additional growth, with a median household income of $135,590 versus a national average of $81,604, and the third highest population density in the nation.The San Jose-Sunnyvale-Santa Clara MSA also demonstrates key characteristics that provide us growth opportunities, including a population of approximately 2.0 million and a median household income of $164,801.The Los Angeles-Long Beach-Anaheim, California MSA, with approximately 12.9 million residents, is the largest MSA in California, the second largest MSA in the United States, and one of ",https://www.sec.gov/Archives/edgar/data/1730984/000173098426000016/bcml-20251231x10k.htm
BCML,10-K,2025-12-31,Santa Clara,282175,"%​ 8,408​ 0.6%​ 550​ 0.1%​ 8,958​ 0.4%Total real estate​​ 371,681​​​​ 835,327​​​​ 1,207,008​​​​ 682,100​​​​ 1,889,108​​​Consumer​​ 43​ 0.0%​ 1​ 0.0% 44​ 0.0%​ 1,131​ 0.1%​ 1,175​ 0.1%Total loans​$ 402,145​​​$ 902,025​​​$ 1,304,170​​​$ 761,522​​​$ 2,065,692​​​(1) Includes Alameda, Contra Costa, Solano, Sonoma, Marin, San Francisco, San Joaquin, San Mateo and Santa Clara Counties.(2) Includes loans located in Sacramento and Northern California counties totaling $92.3 million and loans located in Los Angeles and Orange counties totaling $601.5 million.(3) Includes loans located in the states of Colorado, Nevada, New Mexico, Washington and other states. At December 31, 2025, loans in Colorado, New Mexico, Washington and other",https://www.sec.gov/Archives/edgar/data/1730984/000173098426000016/bcml-20251231x10k.htm
BCML,10-K,2025-12-31,Seattle,50035,"e potential within metropolitan and community markets where we operate. These markets have offered significant opportunities to expand our commercial client base, increase interest-earning assets, and enhance market share. We believe our geographic footprint, which now includes the San Francisco Bay area, the metropolitan markets of Los Angeles, California; Seattle, Washington; Denver, Colorado; and Las Vegas, Nevada, and community markets including Albuquerque, New Mexico, and Custer, Delta, and Grand Counties, Colorado, provides us access to low cost, stable core deposits in community markets that we can use to fund commercial loan growth. We strive to provide an enhanced banking experience for our clients by provid",https://www.sec.gov/Archives/edgar/data/1730984/000173098426000016/bcml-20251231x10k.htm
BCML,10-K,2025-12-31,Seattle,54214,"s acquisition increased our deposits by approximately $428.0 million. At the time of acquisition, United Business Bank, FSB had total assets of approximately $473.1 million, which significantly increased our asset size and provided us with nine full-service banking offices in Long Beach, Oakland, Sacramento, San Francisco, San Jose and Glendale, California; Seattle, Washington and Albuquerque, New Mexico. This acquisition expanded our geographic footprint and added low cost, stable deposits associated with a strong network of relationship with labor unions.In November 2017, we acquired Plaza Bank, with one branch located in Seattle, Washington. At the time of the acquisition, Plaza Bank had approximately $75.8 million",https://www.sec.gov/Archives/edgar/data/1730984/000173098426000016/bcml-20251231x10k.htm
BCML,10-K,2025-12-31,Seattle,56829,"rofit businesses, labor unions and related nonprofit entities and businesses and individual consumers. As of December 31, 2025, including our principal executive offices, we had 34 full-service banking branches, consisting of branch offices in Northern and Southern California; Las Vegas, Nevada; Denver, Colorado; Custer, Delta, and Grand Counties, Colorado; Seattle, Washington; and Central New Mexico. We believe this diverse geographic footprint provides us with access to low cost, stable core deposits that we can use to fund commercial loan growth. 6 Table of ContentsWe generally lend in markets where we have a physical presence through our branch offices. A majority of our branches are located in the San Francisco B",https://www.sec.gov/Archives/edgar/data/1730984/000173098426000016/bcml-20251231x10k.htm
BCML,10-K,2025-12-31,Seattle,59192," dependent on small and medium-sized businesses, providing us with a market rich in potential customers. We believe the area’s median household income of $96,405, large concentration of small and medium-sized businesses, and population density, which is the highest in the nation, make the area an attractive market in which to expand operations. We serve the Seattle-Tacoma-Bellevue MSA, which includes King County (which includes the city of Seattle), through one branch office. In Central New Mexico, we serve the Albuquerque MSA, the most populous city in the state of New Mexico, through five branch offices we acquired from FULB and BFC, in 2017 and 2018, respectively. We serve the Denver MSA and the communities of Cust",https://www.sec.gov/Archives/edgar/data/1730984/000173098426000016/bcml-20251231x10k.htm
BCML,10-K,2025-12-31,Seattle,165920,"ly chains, increase costs for businesses, and reduce export opportunities for our customers. These developments may, in turn, negatively impact our customers’ operations and, consequently, our financial performance.A downturn in economic conditions in the market areas we serve, in particular the San Francisco Bay Area, Southern California, Denver, Colorado, Seattle, Washington, Central New Mexico and the agricultural region of the California Central Valley, whether due to inflation, recessionary trends, geopolitical instability or conflicts, or environmental and climate-related events such as wildfires, floods, or other factors, could have a material adverse effect on our business, financial condition, liquidity, and ",https://www.sec.gov/Archives/edgar/data/1730984/000173098426000016/bcml-20251231x10k.htm
BCML,10-K,2025-12-31,Seattle,244805,"ices are located at 500 Ygnacio Valley Road, Suite 200, Walnut Creek, California 94596. At December 31, 2025, including our principal executive offices, we operated a total of 34 full-service banking branches consisting of branch offices in Northern and Southern California; Las Vegas, Nevada; Denver, Colorado and Custer, Delta, and Grand Counties, Colorado; Seattle, Washington and Central New Mexico. At December 31, 2025, we owned 15 of our banking branches and leased the remaining 19 branches, which leases expire on various dates through 2030. At December 31, 2025, all our leases had an option to renew with renewal periods between three and 12 years. Many of our branches are equipped with automated teller machines an",https://www.sec.gov/Archives/edgar/data/1730984/000173098426000016/bcml-20251231x10k.htm
BCML,10-K,2025-12-31,Seattle,251859,"opolitan and community markets where we 46 Table of Contentscurrently operate. These markets offer significant opportunities to expand our commercial client base, increase interest-earning assets, and enhance market share. We believe our geographic footprint, which now includes the San Francisco Bay area, the metropolitan markets of Los Angeles, California; Seattle, Washington; Denver, Colorado; and Las Vegas, Nevada, and community markets including Albuquerque, New Mexico and Custer, Delta and Grand counties, Colorado, provides us access to low cost, stable core deposits that we can use to fund commercial loan growth. We strive to enhance our clients’ banking experience by providing them with a comprehensive suite of",https://www.sec.gov/Archives/edgar/data/1730984/000173098426000016/bcml-20251231x10k.htm
BCML,10-K,2025-12-31,Seattle,372057," individuals through its 34 full-service banking branches. The main office is located in Walnut Creek, California and branch offices are located in Oakland, Castro Valley, Mountain View, Stockton, Pleasanton, Livermore, San Jose, Long Beach, Sacramento, San Francisco, Buena Park, Los Angeles, Garden Grove, Waterloo and Irvine, California; Las Vegas, Nevada; Seattle, Washington; New Mexico (5); and Colorado (11). The Company is subject to regulation by the Board of Governors of the Federal Reserve System (“Federal Reserve”). The Bank is subject to regulation by the California Department of Financial Protection and Innovation (“DFPI”), which until September 29, 2020 was known as the California Department of Business Ove",https://www.sec.gov/Archives/edgar/data/1730984/000173098426000016/bcml-20251231x10k.htm
BCML,10-K,2025-12-31,Sonoma,57330,"posits that we can use to fund commercial loan growth. 6 Table of ContentsWe generally lend in markets where we have a physical presence through our branch offices. A majority of our branches are located in the San Francisco Bay Area, which includes the counties of Alameda, Contra Costa, Marin, San Francisco, San Joaquin, San Mateo, Santa Clara, Solano, and Sonoma, California. We operate primarily in the San Francisco-Oakland-Hayward, and the San Jose-Sunnyvale-Santa Clara, California Metropolitan Statistical Areas (“MSA”) with additional operations in the Los Angeles-Long Beach-Anaheim, California MSA, with borrowers or properties located in San Francisco Bay Area comprising 19.5%, Northern California comprising 4.5",https://www.sec.gov/Archives/edgar/data/1730984/000173098426000016/bcml-20251231x10k.htm
BCML,10-K,2025-12-31,Sonoma,282118,"​ 950,438​ 46.0%Construction and land​​ —​ —%​ 8,408​ 0.9%​ 8,408​ 0.6%​ 550​ 0.1%​ 8,958​ 0.4%Total real estate​​ 371,681​​​​ 835,327​​​​ 1,207,008​​​​ 682,100​​​​ 1,889,108​​​Consumer​​ 43​ 0.0%​ 1​ 0.0% 44​ 0.0%​ 1,131​ 0.1%​ 1,175​ 0.1%Total loans​$ 402,145​​​$ 902,025​​​$ 1,304,170​​​$ 761,522​​​$ 2,065,692​​​(1) Includes Alameda, Contra Costa, Solano, Sonoma, Marin, San Francisco, San Joaquin, San Mateo and Santa Clara Counties.(2) Includes loans located in Sacramento and Northern California counties totaling $92.3 million and loans located in Los Angeles and Orange counties totaling $601.5 million.(3) Includes loans located in the states of Colorado, Nevada, New Mexico, Washington and other states. At December",https://www.sec.gov/Archives/edgar/data/1730984/000173098426000016/bcml-20251231x10k.htm
BCML,10-K,2025-12-31,Washington,33594,"984srt:ParentCompanyMembersrt:ReportableLegalEntitiesMember2024-01-012024-12-310001730984srt:ParentCompanyMembersrt:ReportableLegalEntitiesMember2023-01-012023-12-31bcml:locationiso4217:USDxbrli:purebcml:securitybcml:employeebcml:contractbcml:loanxbrli:sharesiso4217:USDxbrli:sharesbcml:segmentTable of Contents​​UNITED STATESSECURITIES AND EXCHANGE COMMISSIONWashington, D.C. 20549FORM 10-K​☒ANNUAL REPORT PURSUANT TO SECTION 13 OR 15(d) OF THE SECURITIES EXCHANGE ACT OF 1934​​For the Fiscal Year Ended December 31, 2025​or​☐TRANSITION REPORT PURSUANT TO SECTION 13 OR 15(d) OF THE SECURITIES EXCHANGE ACT OF 1934​​For the transition period from _________ to ​Commission File Number: 001-38483BAYCOM CORP(Exact name of registran",https://www.sec.gov/Archives/edgar/data/1730984/000173098426000016/bcml-20251231x10k.htm
BCML,10-K,2025-12-31,Washington,41470,"nties. Our actual results, performance, or achievements may differ materially from those suggested, expressed, or implied by these forward- looking statements, and from our historical performance, as a result of a wide variety of factors including, but not limited to:●adverse economic conditions in general and in California, Nevada, Colorado, New Mexico and Washington in particular, as well as other markets where the Company has lending relationships;●changes in employment levels, labor supply, persistent inflation, recessionary pressures, or the level of economic growth;​●changes in interest rate levels and volatility, and the timing and pace of such changes, including actions by the Board of Governors of the Federal Re",https://www.sec.gov/Archives/edgar/data/1730984/000173098426000016/bcml-20251231x10k.htm
BCML,10-K,2025-12-31,Washington,48867,"l. BayCom is a bank holding company headquartered in Walnut Creek, California. BayCom’s wholly owned banking subsidiary, United Business Bank, provides a broad range of financial services to businesses and business owners, as well as individual consumers, through its network of 34 full-service branches, with 16 locations in California, one in Nevada, one in Washington, five in New Mexico and 11 in Colorado. The Company’s business activities generally are limited to passive investment activities and the monitoring of its investment in the Bank. Accordingly, the information set forth in this Form 10-K, including the consolidated financial statements and related data, relate primarily to the Bank.Our principal business obje",https://www.sec.gov/Archives/edgar/data/1730984/000173098426000016/bcml-20251231x10k.htm
BCML,10-K,2025-12-31,Washington,50044,"al within metropolitan and community markets where we operate. These markets have offered significant opportunities to expand our commercial client base, increase interest-earning assets, and enhance market share. We believe our geographic footprint, which now includes the San Francisco Bay area, the metropolitan markets of Los Angeles, California; Seattle, Washington; Denver, Colorado; and Las Vegas, Nevada, and community markets including Albuquerque, New Mexico, and Custer, Delta, and Grand Counties, Colorado, provides us access to low cost, stable core deposits in community markets that we can use to fund commercial loan growth. We strive to provide an enhanced banking experience for our clients by providing them wit",https://www.sec.gov/Archives/edgar/data/1730984/000173098426000016/bcml-20251231x10k.htm
BCML,10-K,2025-12-31,Washington,54223,"tion increased our deposits by approximately $428.0 million. At the time of acquisition, United Business Bank, FSB had total assets of approximately $473.1 million, which significantly increased our asset size and provided us with nine full-service banking offices in Long Beach, Oakland, Sacramento, San Francisco, San Jose and Glendale, California; Seattle, Washington and Albuquerque, New Mexico. This acquisition expanded our geographic footprint and added low cost, stable deposits associated with a strong network of relationship with labor unions.In November 2017, we acquired Plaza Bank, with one branch located in Seattle, Washington. At the time of the acquisition, Plaza Bank had approximately $75.8 million in total as",https://www.sec.gov/Archives/edgar/data/1730984/000173098426000016/bcml-20251231x10k.htm
BCML,10-K,2025-12-31,Washington,56838,"inesses, labor unions and related nonprofit entities and businesses and individual consumers. As of December 31, 2025, including our principal executive offices, we had 34 full-service banking branches, consisting of branch offices in Northern and Southern California; Las Vegas, Nevada; Denver, Colorado; Custer, Delta, and Grand Counties, Colorado; Seattle, Washington; and Central New Mexico. We believe this diverse geographic footprint provides us with access to low cost, stable core deposits that we can use to fund commercial loan growth. 6 Table of ContentsWe generally lend in markets where we have a physical presence through our branch offices. A majority of our branches are located in the San Francisco Bay Area, whi",https://www.sec.gov/Archives/edgar/data/1730984/000173098426000016/bcml-20251231x10k.htm
BCML,10-K,2025-12-31,Washington,59854,"respectively. We serve the Denver MSA and the communities of Custer, Delta, and Grand Counties, Colorado through 11 branch offices. In August 2023, we opened a branch in Las Vegas, Nevada to expand our geographic footprint and augment our deposit and loan growth. As of December 31, 2025, borrowers or properties located in the states of Colorado, New Mexico, Washington and Nevada comprised 6.4%, 3.4%, 4.4% and 2.2% of our loan portfolio, respectively. As of December 31, 2025, depositors located in the states of Colorado, New Mexico, Washington and Nevada comprised 13.6%, 9.1%, 5.2% and 0.8% of our total deposits, respectively.LendingWe provide a comprehensive suite of financial solutions that competes with large, national",https://www.sec.gov/Archives/edgar/data/1730984/000173098426000016/bcml-20251231x10k.htm
BCML,10-K,2025-12-31,Washington,64495,"rty. The commercial and industrial loans are typically secured by general business assets, accounts receivable inventory and/or the corporate guaranty of the borrower and personal guaranty of its principals. The geographic concentration of our loans subjects our business to the general economic conditions within California, Colorado, Nevada, New Mexico, and Washington. The risks created by such concentrations have been considered by management in the determination of the adequacy of the allowance for credit losses. Comprehensive risk management practices and appropriate capital levels are essential elements of a sound commercial real estate lending program. A concentration in commercial real estate adds a dimension of ri",https://www.sec.gov/Archives/edgar/data/1730984/000173098426000016/bcml-20251231x10k.htm
BCML,10-K,2025-12-31,commercial real estate,63770,"arison of Financial Condition at December 31, 2025 and 2024 — Loans”, contained in this Form 10-K.Concentrations of Credit Risk. The largest portion of our loan portfolio represents lending conducted with businesses and individuals in Northern California, including the San Francisco Bay Area, and Southern California. Our loan portfolio consists primarily of commercial real estate loans (including multifamily) and construction loans, which totaled $1.8 billion and constituted 86.0% of total loans as of December 31, 2025. Commercial and industrial loans totaled $175.4 million and constituted 8.5% of total loans as of December 31, 2025. Our commercial real estate loans are generally secured by first liens on real property. The commerci",https://www.sec.gov/Archives/edgar/data/1730984/000173098426000016/bcml-20251231x10k.htm
BCML,10-K,2025-12-31,commercial real estate,64761,"iness to the general economic conditions within California, Colorado, Nevada, New Mexico, and Washington. The risks created by such concentrations have been considered by management in the determination of the adequacy of the allowance for credit losses. Comprehensive risk management practices and appropriate capital levels are essential elements of a sound commercial real estate lending program. A concentration in commercial real estate adds a dimension of risk that compounds the risk inherent in individual loans. In line with Interagency bank guidance on commercial real estate concentrations, our approach underscores sound risk management practices. These practices encompass diligent oversight by both the board and management, eff",https://www.sec.gov/Archives/edgar/data/1730984/000173098426000016/bcml-20251231x10k.htm
BCML,10-K,2025-12-31,commercial real estate,66240," loan repayment terms as of December 31, 2025.​8 Table of Contents​​​​​​​​​​​​​​​​​​​​​​​​​Loan Collateral​​​​​Number of​CRE Owner​CRE Non-Owner​CRE Multi​One-to-Four​​​ ​TotalBorrower Type ​ ​ ​loans ​ ​ ​Occupied ​ ​ ​Occupied​Family ​ ​ ​ Family ​ ​ ​Total​​Commitment​​(Dollars in thousands)​​​Real estate investor​ 1​$ —​$ —​$ —​$ 43,524​$ 43,524​$ 50,644Commercial real estate investor​ 1​ —​ 42,050​ —​ —​ 42,050​ 43,232Commercial real estate investor​ 1​ —​ —​ 27,263​ —​ 27,263​ 27,263Church​ 1​ 26,028​ —​ —​ —​ 26,028​ 26,028Commercial real estate investor​ 1​​ — ​ ​ ​​ —​​ 21,388​​ —​​ 21,388​​ 21,901Total​ 5​$ 26,028​$ 42,050​$ 48,651​$ 43,524​$ 160,253​$ 169,068​Loan Underwriting and Approval. Our current loan origination ac",https://www.sec.gov/Archives/edgar/data/1730984/000173098426000016/bcml-20251231x10k.htm
BCML,10-K,2025-12-31,commercial real estate,73842," mortgage loans and revolving lines of credit secured by equity in residential properties. At December 31, 2025, we held $2.0 billion in loans secured by real estate, representing 97.8% of total loans receivable, and had a total of $49.9 million in undisbursed real estate related loan commitments. The types of loans contained in our portfolio are as follows:Commercial Real Estate Loans. Our commercial real estate loans include loans secured by office buildings, retail facilities, hotels, gas stations, convalescent facilities, industrial use buildings, restaurants, multifamily properties and agricultural real estate. At December 31, 2025, our commercial real estate loan portfolio totaled $1.8 billion, or 85.5% of total loans.Our comm",https://www.sec.gov/Archives/edgar/data/1730984/000173098426000016/bcml-20251231x10k.htm
BCML,10-K,2025-12-31,commercial real estate,74220,"tate Loans. Our commercial real estate loans include loans secured by office buildings, retail facilities, hotels, gas stations, convalescent facilities, industrial use buildings, restaurants, multifamily properties and agricultural real estate. At December 31, 2025, our commercial real estate loan portfolio totaled $1.8 billion, or 85.5% of total loans.Our commercial real estate loans may be owner-occupied or non-owner occupied. As of December 31, 2025, our commercial real estate loans, excluding loans secured by multifamily properties, consisted of $506.2 million of owner-occupied commercial real estate loans, or 24.5% of the total loan portfolio, and $950.4 million of non-owner occupied commercial real estate loans, or 46.0% of t",https://www.sec.gov/Archives/edgar/data/1730984/000173098426000016/bcml-20251231x10k.htm
BCML,10-K,2025-12-31,commercial real estate,74626,"pied or non-owner occupied. As of December 31, 2025, our commercial real estate loans, excluding loans secured by multifamily properties, consisted of $506.2 million of owner-occupied commercial real estate loans, or 24.5% of the total loan portfolio, and $950.4 million of non-owner occupied commercial real estate loans, or 46.0% of the total loan portfolio.Commercial real estate secured loans generally carry higher interest rates and have shorter terms than one-to-four family residential real estate loans. Commercial real estate lending typically involves a higher loan principal amount and the repayment of the loan is dependent, in large part, on sufficient income from the properties securing the loans, to cover operating expenses ",https://www.sec.gov/Archives/edgar/data/1730984/000173098426000016/bcml-20251231x10k.htm
BCML,10-K,2025-12-31,commercial real estate,75041,"gher interest rates and have shorter terms than one-to-four family residential real estate loans. Commercial real estate lending typically involves a higher loan principal amount and the repayment of the loan is dependent, in large part, on sufficient income from the properties securing the loans, to cover operating expenses and debt service. We require our commercial real estate loans to be secured by a property with adequate margins and generally obtain a guarantee from responsible parties. Our commercial real estate loans generally are collateralized by first liens on real estate, have interest rates which may be fixed for three to five years, or adjust annually. Commercial real estate loan terms generally are limited to 15 years",https://www.sec.gov/Archives/edgar/data/1730984/000173098426000016/bcml-20251231x10k.htm
BCML,10-K,2025-12-31,commercial real estate,75670," for three to five years, or adjust annually. Commercial real estate loan terms generally are limited to 15 years or less, although payments may be structured on a amortization basis of up to 20 years, with balloon payments or rate adjustments due at the end of three to seven years. We generally charge the borrower an origination fee.The Company also offers commercial real estate loans as an SBA “preferred lender” under the SBA’s 504 loan program in conjunction with junior lien financing from a Certified Development Company (""CDC""). Preferred lender status is the highest designation awarded to lenders by the SBA and grants such lenders full authority to approve SBA loans. The SBA 504 loan program is an economic development-financing",https://www.sec.gov/Archives/edgar/data/1730984/000173098426000016/bcml-20251231x10k.htm
BCML,10-K,2025-12-31,concentration,59001,"sidents, is the largest MSA in California, the second largest MSA in the United States, and one of the most significant business markets in the world. The economic base of the area is heavily dependent on small and medium-sized businesses, providing us with a market rich in potential customers. We believe the area’s median household income of $96,405, large concentration of small and medium-sized businesses, and population density, which is the highest in the nation, make the area an attractive market in which to expand operations. We serve the Seattle-Tacoma-Bellevue MSA, which includes King County (which includes the city of Seattle), through one branch office. In Central New Mexico, we serve the Albuquerque MSA, the most",https://www.sec.gov/Archives/edgar/data/1730984/000173098426000016/bcml-20251231x10k.htm
BCML,10-K,2025-12-31,concentration,63508,"ds.At December 31, 2025, we had net loans of $2.0 billion, representing 78.9% of our total assets. For additional information concerning our loan portfolio, see “Item 7. Management’s Discussion and Analysis of Financial Condition and Results of Operations — Comparison of Financial Condition at December 31, 2025 and 2024 — Loans”, contained in this Form 10-K.Concentrations of Credit Risk. The largest portion of our loan portfolio represents lending conducted with businesses and individuals in Northern California, including the San Francisco Bay Area, and Southern California. Our loan portfolio consists primarily of commercial real estate loans (including multifamily) and construction loans, which totaled $1.8 billion and con",https://www.sec.gov/Archives/edgar/data/1730984/000173098426000016/bcml-20251231x10k.htm
BCML,10-K,2025-12-31,concentration,64358,"stituted 8.5% of total loans as of December 31, 2025. Our commercial real estate loans are generally secured by first liens on real property. The commercial and industrial loans are typically secured by general business assets, accounts receivable inventory and/or the corporate guaranty of the borrower and personal guaranty of its principals. The geographic concentration of our loans subjects our business to the general economic conditions within California, Colorado, Nevada, New Mexico, and Washington. The risks created by such concentrations have been considered by management in the determination of the adequacy of the allowance for credit losses. Comprehensive risk management practices and appropriate capital levels are ",https://www.sec.gov/Archives/edgar/data/1730984/000173098426000016/bcml-20251231x10k.htm
BCML,10-K,2025-12-31,concentration,64803,"ithin California, Colorado, Nevada, New Mexico, and Washington. The risks created by such concentrations have been considered by management in the determination of the adequacy of the allowance for credit losses. Comprehensive risk management practices and appropriate capital levels are essential elements of a sound commercial real estate lending program. A concentration in commercial real estate adds a dimension of risk that compounds the risk inherent in individual loans. In line with Interagency bank guidance on commercial real estate concentrations, our approach underscores sound risk management practices. These practices encompass diligent oversight by both the board and management, effective portfolio management, the ",https://www.sec.gov/Archives/edgar/data/1730984/000173098426000016/bcml-20251231x10k.htm
BCML,10-K,2025-12-31,concentration,125320,"dditional information, see “Item 7. Management’s Discussion and Analysis of Financial Condition and Results of Operations — Liquidity and Capital Resources” and “Note 18 — Regulatory Matters” of the Notes to Consolidated Financial Statements in “Item 8. Financial Statements and Supplementary Schedules” contained in this report.Commercial Real Estate Lending Concentrations. The federal banking agencies have issued guidance on sound risk management practices for concentrations in commercial real estate lending. The particular focus is on exposure to commercial real estate loans that are dependent on the cash flow from the real estate held as collateral and that are likely to be sensitive to conditions in the commercial real e",https://www.sec.gov/Archives/edgar/data/1730984/000173098426000016/bcml-20251231x10k.htm
BCML,10-K,2025-12-31,concentration,126032,"the commercial real estate market (as opposed to real estate collateral held as a secondary source of repayment or as an abundance of caution). The purpose of the guidance is not to limit a bank’s commercial real estate lending but to guide banks in developing risk management practices and capital levels commensurate with the level and nature of real estate concentrations. The guidance directs the federal bank regulatory agencies to focus their supervisory resources on institutions that may have significant commercial real estate loan concentration risk. A bank that has experienced rapid growth in commercial real estate lending, has notable exposure to a specific type of commercial real estate loan, or is approaching or exc",https://www.sec.gov/Archives/edgar/data/1730984/000173098426000016/bcml-20251231x10k.htm
BCML,10-K,2025-12-31,concentration,126537,"ificant commercial real estate loan concentration risk. A bank that has experienced rapid growth in commercial real estate lending, has notable exposure to a specific type of commercial real estate loan, or is approaching or exceeding the following supervisory criteria may be identified for further supervisory analysis with respect to commercial real estate concentration risk:20 Table of Contents●Total reported loans for construction, land development and other land represent 100% or more of the bank’s total regulatory capital; or●Total commercial real estate loans (as defined in the guidance) represent 300% or more of the bank’s total regulatory capital, and the outstanding balance of the bank’s commercial real estate loan",https://www.sec.gov/Archives/edgar/data/1730984/000173098426000016/bcml-20251231x10k.htm
BCML,10-K,2025-12-31,concentration,127096,"estate loans (as defined in the guidance) represent 300% or more of the bank’s total regulatory capital, and the outstanding balance of the bank’s commercial real estate loan portfolio has increased by 50% or more during the prior 36 months.The guidance provides that the strength of an institution’s lending and risk management practices with respect to such concentrations will be taken into account in supervisory evaluation of capital adequacy. As of December 31, 2025, the Bank’s aggregate recorded loan balances for construction, land development and land loans were 2.0% of total regulatory capital. In addition, at December 31, 2025, the Bank’s commercial real estate loans as calculated in accordance with regulatory guidanc",https://www.sec.gov/Archives/edgar/data/1730984/000173098426000016/bcml-20251231x10k.htm
BCML,10-K,2025-12-31,construction and land development,174880,"policies and controls could lead to higher delinquencies and losses, adversely affecting our business, financial condition, and results of operations.Construction loans are based upon estimates of costs and values associated with the completed project. These estimates may be inaccurate, and we may be exposed to significant losses on loans for these projects.Construction and land development loans totaled $9.0 million, or 0.4% of total loans as of December 31, 2025, nearly all of which were commercial real estate construction loans. These types of loans involve additional risks because funds are advanced based on the project’s uncertain value prior to its completion, and costs may exceed realizable values in declining real estate markets. Becau",https://www.sec.gov/Archives/edgar/data/1730984/000173098426000016/bcml-20251231x10k.htm
BCML,10-K,2025-12-31,geographic concentration,64347,"ion and constituted 8.5% of total loans as of December 31, 2025. Our commercial real estate loans are generally secured by first liens on real property. The commercial and industrial loans are typically secured by general business assets, accounts receivable inventory and/or the corporate guaranty of the borrower and personal guaranty of its principals. The geographic concentration of our loans subjects our business to the general economic conditions within California, Colorado, Nevada, New Mexico, and Washington. The risks created by such concentrations have been considered by management in the determination of the adequacy of the allowance for credit losses. Comprehensive risk management practices and appropriate capital levels are ",https://www.sec.gov/Archives/edgar/data/1730984/000173098426000016/bcml-20251231x10k.htm
BCML,10-K,2025-12-31,market area,42870,"ferences between short and long-term interest rates and loan and deposit interest rates;●unexpected outflows of uninsured deposits, which may require us to sell investment securities at a loss;●our net interest margin and funding sources;●fluctuations in the demand for loans, unsold homes, land and other properties;●fluctuations in real estate values in our market areas;●secondary market conditions for loans and our ability to sell loans in the secondary market;2 Table of Contents●results of examinations of us by regulatory authorities and the possibility that any such regulatory authority may, among other things, limit our business activities, require us to change our business mix, increase our allowance for credit losse",https://www.sec.gov/Archives/edgar/data/1730984/000173098426000016/bcml-20251231x10k.htm
BCML,10-K,2025-12-31,market area,52728,"g a strategic consolidator of community banks, attracting seasoned bankers and businesspersons who share our entrepreneurial spirit. While not without risk, we believe there are certain advantages arising from mergers and acquisitions. These advantages include, among others, the diversification of our loan portfolio with seasoned loans, the expansion of our market areas and an effective method to augment our growth 5 Table of Contentsand risk management infrastructure through the retention of local lending personnel and credit administration personnel to manage the client relationships of the banks being acquired.We believe we have a successful track record of selectively acquiring, integrating and consolidating community",https://www.sec.gov/Archives/edgar/data/1730984/000173098426000016/bcml-20251231x10k.htm
BCML,10-K,2025-12-31,market area,53607,"d of approximately $1.9 billion. We have sought to integrate the acquired banks into our existing operational platform to create operational efficiencies within the combined operations, all geared towards enhancing shareholder value. Continuing our vision, in August 2023, we opened a de novo branch in Las Vegas, Nevada to expand our geographic footprint and market areas and augment our deposit and loan growth.In April 2017, we completed our largest acquisition to date when we acquired First ULB Corp (“FULB”), the holding company for United Business Bank, FSB, headquartered in Oakland, California. This acquisition increased our deposits by approximately $428.0 million. At the time of acquisition, United Business Bank, FSB ",https://www.sec.gov/Archives/edgar/data/1730984/000173098426000016/bcml-20251231x10k.htm
BCML,10-K,2025-12-31,market area,61681,"ities originate from the relationships and efforts of our bankers. We are a preferred lender under the SBA loan program.7 Table of ContentsWe periodically purchase whole loans and loan participation interests and participate in syndicates originating new loans, including shared national credits, primarily during periods of reduced loan demand in our primary market areas and at times to support our Community Reinvestment Act lending activities. Any such purchases or loan participations are made generally consistent with our underwriting standards; however, the loans may be located outside of our normal lending areas. During the years ended December 31, 2025 and 2024, we purchased $31.0 million and $86.1 million, respective",https://www.sec.gov/Archives/edgar/data/1730984/000173098426000016/bcml-20251231x10k.htm
BCML,10-K,2025-12-31,market area,100070,"g demand, savings, money market and time deposits, with the goal of attracting a wide variety of clients. We solicit these accounts from individuals, small to medium sized businesses, trade unions and their related businesses, associations, organizations and government authorities. Our transaction accounts and time certificates are tailored to the principal market area at rates competitive with those offered in the area. We employ client acquisition strategies to generate new account and deposit growth, such as client referral incentives, search engine optimization, and targeted direct mail and email campaigns, in addition to conventional marketing initiatives and advertising. Our goal is to cross-sell our deposit product",https://www.sec.gov/Archives/edgar/data/1730984/000173098426000016/bcml-20251231x10k.htm
BCML,10-K,2025-12-31,market area,157620,"cal financial institutions that may have aggressive pricing and unique terms on various types of loans and, increasingly, FinTech companies that offer their products exclusively through web-based portals.In retail banking, we primarily compete for deposits with national and local banks and credit unions that have visible retail presence and personnel in our market areas. The primary factors driving competition for deposits are client service, interest rates, fees charged, branch location and hours of operation and the range of products offered. We compete for deposits by advertising, offering competitive interest rates and seeking to provide a higher level of personal service.26 Table of ContentsMany of our competitors en",https://www.sec.gov/Archives/edgar/data/1730984/000173098426000016/bcml-20251231x10k.htm
BCML,10-K,2025-12-31,market area,164710," by downturns in the national economy and the regional economies in which we operate.We provide banking and financial services primarily to businesses and individuals in the states of California, Colorado, Nevada, New Mexico, and Washington. All our branches and most of our deposit clients are located in these five states. Adverse economic conditions in our market areas could impact our growth rate, reduce our customers’ ability to repay loans, and adversely impact our business, financial condition, and results of operations. Broader economic factors such as inflation, unemployment, money supply fluctuations, changes in monetary policy, and volatility in interest rate markets also may adversely affect our profitability. U",https://www.sec.gov/Archives/edgar/data/1730984/000173098426000016/bcml-20251231x10k.htm
BCML,10-K,2025-12-31,market area,165418,"ct our profitability. Uncertainty regarding the timing, magnitude or pace of potential interest rate changes by the Federal Reserve, particularly following a prolonged period of elevated rates or increased interest rate volatility, may negatively affect borrowing demand, asset yields, deposit pricing, credit performance, and overall economic activity in our market areas. Furthermore, trade disputes, tariffs, or shifts in trade policies between the United States and other nations could disrupt supply chains, increase costs for businesses, and reduce export opportunities for our customers. These developments may, in turn, negatively impact our customers’ operations and, consequently, our financial performance.A downturn in ",https://www.sec.gov/Archives/edgar/data/1730984/000173098426000016/bcml-20251231x10k.htm
BCML,10-K,2025-12-31,multifamily,30125,30984srt:OfficeBuildingMember2025-12-310001730984bcml:HotelsMember2025-12-310001730984srt:SingleFamilyMemberus-gaap:ResidentialPortfolioSegmentMember2024-12-310001730984srt:OtherPropertyMemberus-gaap:CommercialRealEstatePortfolioSegmentMember2024-12-310001730984srt:OfficeBuildingMemberus-gaap:CommercialRealEstatePortfolioSegmentMember2024-12-310001730984srt:MultifamilyMemberus-gaap:CommercialRealEstatePortfolioSegmentMember2024-12-310001730984bcml:HotelsMemberus-gaap:CommercialRealEstatePortfolioSegmentMember2024-12-310001730984bcml:ConvalescentFacilityMemberus-gaap:CommercialRealEstatePortfolioSegmentMember2024-12-310001730984bcml:AccountsReceivableAndEquipmentMemberus-gaap:CommercialPortfolioSegmentMember2024-12-3100017,https://www.sec.gov/Archives/edgar/data/1730984/000173098426000016/bcml-20251231x10k.htm
BCML,10-K,2025-12-31,multifamily,30634,ember2024-12-310001730984bcml:ConvalescentFacilityMemberus-gaap:CommercialRealEstatePortfolioSegmentMember2024-12-310001730984bcml:AccountsReceivableAndEquipmentMemberus-gaap:CommercialPortfolioSegmentMember2024-12-310001730984srt:SingleFamilyMember2024-12-310001730984srt:OtherPropertyMember2024-12-310001730984srt:OfficeBuildingMember2024-12-310001730984srt:MultifamilyMember2024-12-310001730984bcml:HotelsMember2024-12-310001730984bcml:ConvalescentFacilityMember2024-12-310001730984bcml:AccountsReceivableAndEquipmentMember2024-12-310001730984us-gaap:NonperformingFinancingReceivableMemberus-gaap:ResidentialPortfolioSegmentMember2025-12-310001730984us-gaap:NonperformingFinancingReceivableMemberus-gaap:CommercialRealEstatePort,https://www.sec.gov/Archives/edgar/data/1730984/000173098426000016/bcml-20251231x10k.htm
BCML,10-K,2025-12-31,multifamily,60605,"th the personalized attention and nimbleness of a relationship-focused community bank. We provide our commercial clients with a diverse array of cash management services.A general description of the range of commercial banking products and other services we offer follows.Lending Activities. We offer a full range of lending products, including commercial and multifamily real estate loans (including owner-occupied and investor real estate loans), commercial and industrial loans (including equipment loans and working capital lines of credit), Small Business Administration (“SBA”) loans (including income producing real estate loans and small business loans under the SBA 7(a) and 504 loan programs), construction and land loans",https://www.sec.gov/Archives/edgar/data/1730984/000173098426000016/bcml-20251231x10k.htm
BCML,10-K,2025-12-31,multifamily,62144,"ses or loan participations are made generally consistent with our underwriting standards; however, the loans may be located outside of our normal lending areas. During the years ended December 31, 2025 and 2024, we purchased $31.0 million and $86.1 million, respectively, of loans and loan participation interests, principally commercial and industrial loans, multifamily real estate loans, and single-family residential loans.We are a business-focused community bank, serving small and medium-sized businesses, trade unions and their related businesses, entrepreneurs and professionals located in our markets. We do not target any specific industries or business segments; rather, we look to the quality of the client relationship",https://www.sec.gov/Archives/edgar/data/1730984/000173098426000016/bcml-20251231x10k.htm
BCML,10-K,2025-12-31,multifamily,63810,"r 31, 2025 and 2024 — Loans”, contained in this Form 10-K.Concentrations of Credit Risk. The largest portion of our loan portfolio represents lending conducted with businesses and individuals in Northern California, including the San Francisco Bay Area, and Southern California. Our loan portfolio consists primarily of commercial real estate loans (including multifamily) and construction loans, which totaled $1.8 billion and constituted 86.0% of total loans as of December 31, 2025. Commercial and industrial loans totaled $175.4 million and constituted 8.5% of total loans as of December 31, 2025. Our commercial real estate loans are generally secured by first liens on real property. The commercial and industrial loans are t",https://www.sec.gov/Archives/edgar/data/1730984/000173098426000016/bcml-20251231x10k.htm
BCML,10-K,2025-12-31,multifamily,73426,"ans to a total of four individuals, entities, or their related interests that exceeded internal limits, all of which were approved by the Board’s Loan Committee. Loan Types. We provide a variety of loans to meet our clients’ needs. The real estate portion of our loan portfolio is comprised of the following: mortgage loans secured typically by commercial and multifamily properties; construction and land loans; and mortgage loans and revolving lines of credit secured by equity in residential properties. At December 31, 2025, we held $2.0 billion in loans secured by real estate, representing 97.8% of total loans receivable, and had a total of $49.9 million in undisbursed real estate related loan commitments. The types of loa",https://www.sec.gov/Archives/edgar/data/1730984/000173098426000016/bcml-20251231x10k.htm
BCML,10-K,2025-12-31,multifamily,74053,", and had a total of $49.9 million in undisbursed real estate related loan commitments. The types of loans contained in our portfolio are as follows:Commercial Real Estate Loans. Our commercial real estate loans include loans secured by office buildings, retail facilities, hotels, gas stations, convalescent facilities, industrial use buildings, restaurants, multifamily properties and agricultural real estate. At December 31, 2025, our commercial real estate loan portfolio totaled $1.8 billion, or 85.5% of total loans.Our commercial real estate loans may be owner-occupied or non-owner occupied. As of December 31, 2025, our commercial real estate loans, excluding loans secured by multifamily properties, consisted of $506.2 ",https://www.sec.gov/Archives/edgar/data/1730984/000173098426000016/bcml-20251231x10k.htm
BCML,10-K,2025-12-31,multifamily,81802," presents a breakdown of our commercial real estate loan portfolio at the dates indicated:​​​​​​​​​​​​​​​​​​​​December 31, 2025​December 31, 2024​​​​​​​​​​​% of Total​​​​% of Total​​​​​​​ ​ ​ ​Amount ​ ​ ​in Category ​ ​ ​Amount ​ ​ ​in Category ​ ​ ​​​​​​​​(Dollars in thousands)​​​(Dollars in thousands)​​​​​​​​Retail ​$ 289,188​ 16.4% $ 294,488​ 17.7% ​​​​​Multifamily residential ​ 302,756 17.1​ 229,278 13.8​​​​​​Hotel/motel ​ 200,935 11.4​ 199,109 11.9​​​​​​Office ​ 216,894​ 12.3​ 209,254​ 12.6​​​​​​Gas station ​ 156,054 8.8​ 146,611 8.8​​​​​​Industrial​ 167,182 9.5​ 164,589 9.9​​​​​​Restaurants ​ 144,009 8.2​ 147,514 8.8​​​​​​Automotive shops/car wash​ 106,318 6.0​ 104,829 6.3​​​​​​Church​ 46,301 2.6​ 47,304 2.8​​​​​​C",https://www.sec.gov/Archives/edgar/data/1730984/000173098426000016/bcml-20251231x10k.htm
BCML,10-K,2025-12-31,non-owner occupied,74274,"oans secured by office buildings, retail facilities, hotels, gas stations, convalescent facilities, industrial use buildings, restaurants, multifamily properties and agricultural real estate. At December 31, 2025, our commercial real estate loan portfolio totaled $1.8 billion, or 85.5% of total loans.Our commercial real estate loans may be owner-occupied or non-owner occupied. As of December 31, 2025, our commercial real estate loans, excluding loans secured by multifamily properties, consisted of $506.2 million of owner-occupied commercial real estate loans, or 24.5% of the total loan portfolio, and $950.4 million of non-owner occupied commercial real estate loans, or 46.0% of the total loan portfolio.Commercial real estate sec",https://www.sec.gov/Archives/edgar/data/1730984/000173098426000016/bcml-20251231x10k.htm
BCML,10-K,2025-12-31,non-owner occupied,78084,"ecognized a gain of $152,000. At December 31, 2025, the Bank had $78.0 million of commercial real estate SBA 7(a) loans where the guaranteed portion (totaling $58.5 million) had not been sold. Payments on loans secured by such properties are often dependent on the successful operation (in the case of owner-occupied real estate) or management (in the case of non-owner occupied real estate) of the properties. Accordingly, repayment of these loans may be subject to adverse conditions in the real estate market or the economy, to a greater extent than other types of loans. Commercial real estate loans are underwritten primarily using a cash flow analysis and secondarily as loans secured by real estate. In underwriting commercial real",https://www.sec.gov/Archives/edgar/data/1730984/000173098426000016/bcml-20251231x10k.htm
BCML,10-K,2025-12-31,non-owner occupied,280296,", ​​2025​2024​​​​​​Percent​​​​Percent​​​​​​of​​​​of​​ ​ ​ ​Amount ​ ​ ​Total ​ ​ ​Amount ​ ​ ​Total ​ ​ ​​​ (Dollars in thousands)Commercial and industrial​$ 175,409​ 8.5% $ 173,948​ 8.9% Real estate:​​​​​​​​​​​Residential​​ 113,143​ 5.5​​ 109,409​ 5.6​Multifamily residential​​ 309,331​ 15.0​​ 222,932​ 11.4​Owner occupied CRE​​ 500,419​ 24.2​​ 490,493​ 25.1​Non-owner occupied CRE​​ 940,469​ 45.5​​ 931,615​ 47.8​Construction and land​​ 8,958​ 0.4​​ 1,509​ 0.1​Total real estate​​ 1,872,320​ 90.6​​ 1,755,958​ 90.0​Consumer​​ 1,175​ 0.1​​ 391​ 0.0​PCD loans​​ 16,788​ 0.8​​ 22,450​ 1.1​Total Loans​​ 2,065,692​ 100.0% ​ 1,952,747​ 100.0% Net deferred loan fees​​ 644​​​​ 149​​​Allowance for credit losses​​ (21,210)​​​​ (17,900)​​​Loans",https://www.sec.gov/Archives/edgar/data/1730984/000173098426000016/bcml-20251231x10k.htm
BCML,10-K,2025-12-31,non-owner occupied,281671,"7,118​ 7.4%$ 78,291​ 10.3%$ 175,409​ 8.5%Real estate:​​​​​​​​​​​​​​​​​​​​​​​​​​Residential​​ 11,625​ 2.9%​ 50,603​ 5.6%​ 62,228​ 4.8%​ 50,958​ 6.7%​ 113,186​ 5.5%Multifamily residential​​ 64,813​ 16.1%​ 170,570​ 18.9%​ 235,383​ 18.0%​ 74,944​ 9.8%​ 310,327​ 15.0%Owner occupied CRE​​ 143,624​ 35.7%​ 292,914​ 32.5%​ 436,538​ 33.5%​ 69,661​ 9.1%​ 506,199​ 24.5%Non-owner occupied CRE​​ 151,619​ 37.7%​ 312,832​ 34.7%​ 464,451​ 35.6%​ 485,987​ 63.8%​ 950,438​ 46.0%Construction and land​​ —​ —%​ 8,408​ 0.9%​ 8,408​ 0.6%​ 550​ 0.1%​ 8,958​ 0.4%Total real estate​​ 371,681​​​​ 835,327​​​​ 1,207,008​​​​ 682,100​​​​ 1,889,108​​​Consumer​​ 43​ 0.0%​ 1​ 0.0% 44​ 0.0%​ 1,131​ 0.1%​ 1,175​ 0.1%Total loans​$ 402,145​​​$ 902,025​​​$ 1,304,170​​​$",https://www.sec.gov/Archives/edgar/data/1730984/000173098426000016/bcml-20251231x10k.htm
BCML,10-K,2025-12-31,non-owner occupied,283367,"tal​​(Dollars in thousands)Commercial and industrial​$ 172,064​$ 3,345​$ 175,409​$ 166,048​$ 7,900​$ 173,948Real estate:​​​​​​​​​​​​​​​​​​Residential​​ 110,199​​ 2,944​​ 113,143​​ 106,402​​ 3,007​​ 109,409Multifamily residential​​ 307,578​​ 1,753​​ 309,331​​ 221,130​​ 1,802​​ 222,932Owner-occupied CRE​​ 429,580​​ 70,839​​ 500,419​​ 400,384​​ 90,109​​ 490,493Non-owner occupied CRE​​ 912,185​​ 28,284​​ 940,469​​ 892,152​​ 39,463​​ 931,615Construction and land​​ 8,958​​ —​​ 8,958​​ 1,509​​ —​​ 1,509Total real estate​​ 1,768,500​​ 103,820​​ 1,872,320​​ 1,621,577​​ 134,381​​ 1,755,958Consumer​​ 1,175​​ —​​ 1,175​​ 391​​ —​​ 391PCD loans​​ —​​ 16,788​​ 16,788​​ —​​ 22,450​​ 22,450Total Loans​​ 1,941,739​​ 123,953​​ 2,065,692​​ 1,788,0",https://www.sec.gov/Archives/edgar/data/1730984/000173098426000016/bcml-20251231x10k.htm
BCML,10-K,2025-12-31,non-owner occupied,284900,"​ ​One Year ​ ​ ​Years ​ ​ ​Years ​ ​ ​Years​Total​​(Dollars in thousands)Commercial and industrial ​$ 30,132​$ 61,946​$ 83,330​$ 1​$ 175,409Real estate:​​​​​​​​​​​​​​​Residential ​​ 901​​ 14,865​​ 48,444​​ 48,933​​ 113,143Multifamily residential ​​ 9,089​​ 129,686​​ 162,353​​ 8,203​​ 309,331Owner-occupied CRE ​​ 39,000​​ 169,541​​ 224,160​​ 67,718​​ 500,419Non-owner occupied CRE​​ 51,590 ​ 384,472 ​ 488,690 ​ 15,717​​ 940,469Construction and land ​​ 263 ​ 53 ​ 8,642 ​ —​​ 8,958Total real estate​​ 100,843 ​ 698,617 ​ 932,289 ​ 140,571​​ 1,872,320Consumer and other​​ 710 ​ 348 ​ 17 ​ 100​​ 1,175PCD loans ​​ 2,294 ​ 3,272 ​ 2,595 ​ 8,627​​ 16,788Total loans​$ 133,979 $ 764,183 $ 1,018,231 $ 149,299​$ 2,065,692​54 Table of Contents",https://www.sec.gov/Archives/edgar/data/1730984/000173098426000016/bcml-20251231x10k.htm
BCML,10-K,2025-12-31,non-owner occupied,286305,"of loans as of the dates indicated.​​​​​​​​​​​​​Years ended December 31, ​ ​ ​ ​2025 ​ ​ ​2024 ​ ​ ​2023​​​​​​​​​​​​(Dollars in thousands)Loans originated ​ ​ ​ ​ ​ ​Commercial and industrial​$ 25,301​$ 16,613​$ 10,243Real estate:​​​​​​​​​Residential​ 48,482​ 3,132​ 256Multifamily residential​ 176,498​ 24,308​ 11,169Owner occupied CRE​ 79,603​ 60,557​ 39,664Non-owner occupied CRE ​ 109,989​ 148,746​ 31,546Construction and land​ 260​ 237​ 1,217Total real estate​ 414,832​ 236,980​ 83,852Consumer​ 312​ 166​ —Total loans originated​ 440,445​ 253,759​ 94,095Loans purchased or acquired through acquisitions​ ​​ ​​​​Other loans purchased​ 31,016​ 86,071​ 16,519Loans sold​ ​​ ​​ ​Commercial and Industrial​ (1,312)​ (1,349)​ (2,614)Owner ",https://www.sec.gov/Archives/edgar/data/1730984/000173098426000016/bcml-20251231x10k.htm
BCML,10-K,2025-12-31,non-owner occupied,286722,"tion and land​ 260​ 237​ 1,217Total real estate​ 414,832​ 236,980​ 83,852Consumer​ 312​ 166​ —Total loans originated​ 440,445​ 253,759​ 94,095Loans purchased or acquired through acquisitions​ ​​ ​​​​Other loans purchased​ 31,016​ 86,071​ 16,519Loans sold​ ​​ ​​ ​Commercial and Industrial​ (1,312)​ (1,349)​ (2,614)Owner occupied CRE​ (3,170)​ (2,213)​ (4,587)Non-owner occupied CRE ​​ (593)​​ (9,252)​​ —Other​ ​​ ​​ ​Principal repayments​ (354,112)​ (299,733)​ (199,088)Transfer to real estate owned​ —​ —​ —Increase in allowance for credit losses and other items, net ​ (3,310)​ 4,100​ (3,100)Net increase in loans receivable and loans held for sale​$ 108,964​$ 31,383​$ (98,775)​Acquired loans. Acquired PCD loans are loans acquired t",https://www.sec.gov/Archives/edgar/data/1730984/000173098426000016/bcml-20251231x10k.htm
BCML,10-K,2025-12-31,office,3082,entivePlan2024Member2024-06-012024-06-300001730984us-gaap:RestrictedStockMember2025-12-310001730984us-gaap:RestrictedStockMember2024-12-310001730984us-gaap:RestrictedStockMember2023-12-310001730984us-gaap:RestrictedStockMember2025-01-012025-12-310001730984us-gaap:RestrictedStockMember2024-01-012024-12-310001730984srt:MinimumMemberbcml:OtherThanChiefExecutiveOfficerMemberbcml:OmnibusEquityIncentivePlan2024Member2024-06-012024-06-300001730984srt:MaximumMembersrt:ChiefExecutiveOfficerMemberbcml:OmnibusEquityIncentivePlan2024Member2024-06-012024-06-300001730984srt:MinimumMembersrt:ExecutiveOfficerMemberbcml:TwoThousandSeventeenOmnibusEquityIncentivePlanMember2017-11-012017-11-300001730984srt:MaximumMembersrt:ExecutiveOff,https://www.sec.gov/Archives/edgar/data/1730984/000173098426000016/bcml-20251231x10k.htm
BCML,10-K,2025-12-31,office,3445,icerMemberbcml:OmnibusEquityIncentivePlan2024Member2024-06-012024-06-300001730984srt:MaximumMembersrt:ChiefExecutiveOfficerMemberbcml:OmnibusEquityIncentivePlan2024Member2024-06-012024-06-300001730984srt:MinimumMembersrt:ExecutiveOfficerMemberbcml:TwoThousandSeventeenOmnibusEquityIncentivePlanMember2017-11-012017-11-300001730984srt:MaximumMembersrt:ExecutiveOfficerMemberbcml:TwoThousandSeventeenOmnibusEquityIncentivePlanMember2017-11-012017-11-300001730984srt:MinimumMemberbcml:TwoThousandSeventeenOmnibusEquityIncentivePlanMember2017-11-012017-11-300001730984srt:MaximumMemberbcml:TwoThousandSeventeenOmnibusEquityIncentivePlanMember2017-11-012017-11-300001730984srt:ExecutiveOfficerMemberbcml:TwoThousandSeventeenOmnibus,https://www.sec.gov/Archives/edgar/data/1730984/000173098426000016/bcml-20251231x10k.htm
BCML,10-K,2025-12-31,office,25659,001730984bcml:BankingOperationsSegmentMember2024-12-310001730984us-gaap:OperatingSegmentsMemberbcml:BankingOperationsSegmentMember2023-12-310001730984bcml:BankingOperationsSegmentMember2023-12-3100017309842025-10-012025-12-3100017309842025-06-3000017309842026-03-100001730984bcml:May2024StockRepurchasePlanMember2024-05-310001730984bcml:OtherThanChiefExecutiveOfficerMemberbcml:OmnibusEquityIncentivePlan2024Member2024-06-012024-06-300001730984bcml:OmnibusEquityIncentivePlan2024Member2024-06-300001730984bcml:TwoThousandSeventeenOmnibusEquityIncentivePlanMember2017-11-300001730984us-gaap:RestrictedStockMemberbcml:OmnibusEquityIncentivePlan2024Member2024-06-300001730984us-gaap:PerformanceSharesMemberbcml:OmnibusEquityIncen,https://www.sec.gov/Archives/edgar/data/1730984/000173098426000016/bcml-20251231x10k.htm
BCML,10-K,2025-12-31,office,29508,2024-01-012024-12-310001730984us-gaap:CommercialRealEstatePortfolioSegmentMember2024-01-012024-12-310001730984us-gaap:CommercialPortfolioSegmentMember2024-01-012024-12-310001730984srt:SingleFamilyMemberus-gaap:ResidentialPortfolioSegmentMember2025-12-310001730984srt:OtherPropertyMemberus-gaap:CommercialRealEstatePortfolioSegmentMember2025-12-310001730984srt:OfficeBuildingMemberus-gaap:CommercialRealEstatePortfolioSegmentMember2025-12-310001730984bcml:HotelsMemberus-gaap:CommercialRealEstatePortfolioSegmentMember2025-12-310001730984srt:SingleFamilyMember2025-12-310001730984srt:OtherPropertyMember2025-12-310001730984srt:OfficeBuildingMember2025-12-310001730984bcml:HotelsMember2025-12-310001730984srt:SingleFamilyMemberu,https://www.sec.gov/Archives/edgar/data/1730984/000173098426000016/bcml-20251231x10k.htm
BCML,10-K,2025-12-31,office,30031,2-310001730984srt:SingleFamilyMember2025-12-310001730984srt:OtherPropertyMember2025-12-310001730984srt:OfficeBuildingMember2025-12-310001730984bcml:HotelsMember2025-12-310001730984srt:SingleFamilyMemberus-gaap:ResidentialPortfolioSegmentMember2024-12-310001730984srt:OtherPropertyMemberus-gaap:CommercialRealEstatePortfolioSegmentMember2024-12-310001730984srt:OfficeBuildingMemberus-gaap:CommercialRealEstatePortfolioSegmentMember2024-12-310001730984srt:MultifamilyMemberus-gaap:CommercialRealEstatePortfolioSegmentMember2024-12-310001730984bcml:HotelsMemberus-gaap:CommercialRealEstatePortfolioSegmentMember2024-12-310001730984bcml:ConvalescentFacilityMemberus-gaap:CommercialRealEstatePortfolioSegmentMember2024-12-310001730,https://www.sec.gov/Archives/edgar/data/1730984/000173098426000016/bcml-20251231x10k.htm
BCML,10-K,2025-12-31,office,30590,s-gaap:CommercialRealEstatePortfolioSegmentMember2024-12-310001730984bcml:ConvalescentFacilityMemberus-gaap:CommercialRealEstatePortfolioSegmentMember2024-12-310001730984bcml:AccountsReceivableAndEquipmentMemberus-gaap:CommercialPortfolioSegmentMember2024-12-310001730984srt:SingleFamilyMember2024-12-310001730984srt:OtherPropertyMember2024-12-310001730984srt:OfficeBuildingMember2024-12-310001730984srt:MultifamilyMember2024-12-310001730984bcml:HotelsMember2024-12-310001730984bcml:ConvalescentFacilityMember2024-12-310001730984bcml:AccountsReceivableAndEquipmentMember2024-12-310001730984us-gaap:NonperformingFinancingReceivableMemberus-gaap:ResidentialPortfolioSegmentMember2025-12-310001730984us-gaap:NonperformingFinancin,https://www.sec.gov/Archives/edgar/data/1730984/000173098426000016/bcml-20251231x10k.htm
BCML,10-K,2025-12-31,office,34217,"e transition period from _________ to ​Commission File Number: 001-38483BAYCOM CORP(Exact name of registrant as specified in its charter)​​California ​ ​ ​37-1849111 (State or other jurisdiction of incorporation or organization)(I.R.S. Employer Identification Number)​​​​​500 Ygnacio Valley Road, Walnut Creek, California 94596 (Address of principal executive offices)(Zip Code)​Registrant’s telephone number, including area code: (925) 476-1800Securities registered pursuant to Section 12(b) of the Act:​Common Stock, no par value per share ​ ​ ​BCML ​ ​ ​The NASDAQ Stock Market LLCTitle of each class​Trading Symbol(s)Name of each exchange on which registered ​Securities Registered Pursuant to Section 12(g) of the Act: No",https://www.sec.gov/Archives/edgar/data/1730984/000173098426000016/bcml-20251231x10k.htm
BCML,10-K,2025-12-31,office,37017,"e by check mark whether the financial statements of the registrant included in the filing reflect the correction of an error to previously issued financial statements. ☒Indicate by check mark whether any of those error corrections are restatements that required a recovery analysis of incentive-based compensation received by any of the registrant’s executive officers during the relevant recovery period pursuant to §240.10D-1(b). ☐Indicate by check mark whether the registrant is a shell company (as defined in Rule 12b-2 of the Act). Yes ☐ No ☒ ​The aggregate market value of the common stock held by nonaffiliates of the registrant, based on the closing sales price of the registrant’s common stock as quoted on the NASDAQ",https://www.sec.gov/Archives/edgar/data/1730984/000173098426000016/bcml-20251231x10k.htm
BCML,10-K,2025-12-31,owner-occupied,60646,"ess of a relationship-focused community bank. We provide our commercial clients with a diverse array of cash management services.A general description of the range of commercial banking products and other services we offer follows.Lending Activities. We offer a full range of lending products, including commercial and multifamily real estate loans (including owner-occupied and investor real estate loans), commercial and industrial loans (including equipment loans and working capital lines of credit), Small Business Administration (“SBA”) loans (including income producing real estate loans and small business loans under the SBA 7(a) and 504 loan programs), construction and land loans, agriculture-related loans and consumer loa",https://www.sec.gov/Archives/edgar/data/1730984/000173098426000016/bcml-20251231x10k.htm
BCML,10-K,2025-12-31,owner-occupied,61046,"loans), commercial and industrial loans (including equipment loans and working capital lines of credit), Small Business Administration (“SBA”) loans (including income producing real estate loans and small business loans under the SBA 7(a) and 504 loan programs), construction and land loans, agriculture-related loans and consumer loans. Our preference is for owner-occupied real estate and commercial and industrial loans. We also offer consumer loans, predominantly as an accommodation to our commercial clients, which include installment loans, unsecured and secured personal lines of credit, and overdraft protection. Lending activities originate from the relationships and efforts of our bankers. We are a preferred lender under ",https://www.sec.gov/Archives/edgar/data/1730984/000173098426000016/bcml-20251231x10k.htm
BCML,10-K,2025-12-31,owner-occupied,74256,"te loans include loans secured by office buildings, retail facilities, hotels, gas stations, convalescent facilities, industrial use buildings, restaurants, multifamily properties and agricultural real estate. At December 31, 2025, our commercial real estate loan portfolio totaled $1.8 billion, or 85.5% of total loans.Our commercial real estate loans may be owner-occupied or non-owner occupied. As of December 31, 2025, our commercial real estate loans, excluding loans secured by multifamily properties, consisted of $506.2 million of owner-occupied commercial real estate loans, or 24.5% of the total loan portfolio, and $950.4 million of non-owner occupied commercial real estate loans, or 46.0% of the total loan portfolio.Comm",https://www.sec.gov/Archives/edgar/data/1730984/000173098426000016/bcml-20251231x10k.htm
BCML,10-K,2025-12-31,owner-occupied,78026," its commercial real estate SBA 7(a) loans, for which it recognized a gain of $152,000. At December 31, 2025, the Bank had $78.0 million of commercial real estate SBA 7(a) loans where the guaranteed portion (totaling $58.5 million) had not been sold. Payments on loans secured by such properties are often dependent on the successful operation (in the case of owner-occupied real estate) or management (in the case of non-owner occupied real estate) of the properties. Accordingly, repayment of these loans may be subject to adverse conditions in the real estate market or the economy, to a greater extent than other types of loans. Commercial real estate loans are underwritten primarily using a cash flow analysis and secondarily as",https://www.sec.gov/Archives/edgar/data/1730984/000173098426000016/bcml-20251231x10k.htm
BCML,10-K,2025-12-31,owner-occupied,83133,"cember 31, 2025, and was secured by retail shopping center located in Sacramento, California. Both of these loans were performing according to their respective loan repayment terms as of December 31, 2025.Construction and Land Loans. We make loans to finance the construction of residential and non-residential properties. Construction loans include loans for owner-occupied one-to-four family homes and commercial projects (such as multifamily housing, industrial, office and retail centers). These loans generally are collateralized by first liens on real estate and typically have a term of less than one-year, floating interest rates and commitment fees. Construction loans are typically made to builders/developers that have an e",https://www.sec.gov/Archives/edgar/data/1730984/000173098426000016/bcml-20251231x10k.htm
BCML,10-K,2025-12-31,owner-occupied,86706,"nate period of time subject to the regulatory limitations imposed by local, state or federal laws. Loans on land under development or held for future construction also pose additional risk because of the lack of income being produced by the property and the potential illiquid nature of the collateral.One-to-Four Family Residential Loans. We do not originate owner-occupied one-to-four family residential real estate loans. Our one-to-four family real estate loans were either acquired through our mergers with other financial institutions or by purchases of whole loan pools with servicing retained. Generally, these loans were originated to meet the requirements of Fannie Mae, Freddie Mac, Federal Housing Administration, U.S. Dep",https://www.sec.gov/Archives/edgar/data/1730984/000173098426000016/bcml-20251231x10k.htm
BCML,10-K,2025-12-31,owner-occupied,171616,"edit relationship poses a significantly greater risk of loss compared to one-to-four family residential mortgage loans. Repayment of commercial loans often depends on the cash flow generated by the business or property involved, making them more sensitive to adverse conditions in the real estate market, business climate, or economy. For loans secured by non-owner-occupied properties, repayments rely heavily on tenant rent payments, and downturns in the real estate market or economic conditions heighten repayment risks. In addition, many of our commercial real estate loans are not fully amortizing and require large balloon payments upon maturity. These balloon payments may require the borrower to either sell or refinance the ",https://www.sec.gov/Archives/edgar/data/1730984/000173098426000016/bcml-20251231x10k.htm
BCML,10-K,2025-12-31,owner-occupied,270384,"al production and other loans to farmersoRevolving, open-end loans secured by 1-4 family residential properties extended under lines of credit and closed-end loans secured by 1-4 family residential properties, secured by junior liensoClosed-end loans secured by 1-4 family residential properties, secured by first liensoCommercial real estate loans secured by owner-occupied non-farm nonresidential propertiesoCommercial real estate loans secured by other non-farm nonresidential properties and oSecured by multifamily (5 or more units) residential properties●Commercial and industrial loans●Loans to individuals for household, family and other personal expenditures (i.e., consumer loans)​In determining the PD for each pooled segmen",https://www.sec.gov/Archives/edgar/data/1730984/000173098426000016/bcml-20251231x10k.htm
BCML,10-Q,2026-06-30,Bay Area,132141,"ciency. We have also achieved organic growth by leveraging opportunities within the metropolitan and community markets in which we operate. These markets provide significant opportunities to expand our commercial client base, increase interest-earning assets, and enhance market share. We believe our geographic footprint, which now includes the San Francisco Bay Area; the metropolitan markets of Los Angeles, California, Seattle, Washington, Denver, Colorado, and Las Vegas, Nevada; and community markets including Albuquerque, New Mexico, and Custer, Delta, and Grand Counties, Colorado, provides access to low-cost, stable core deposits in community markets that can be used to fund commercial loan growth. We strive to crea",https://www.sec.gov/Archives/edgar/data/1730984/000173098426000072/bcml-20260630x10q.htm
BCML,10-Q,2026-06-30,Marin,148869," 46.0​Construction and land​​ —​​ —​​ 8,408​​ 0.9​​ 8,408​ 0.6​​ 550​ 0.1​​ 8,958​ 0.4​Total real estate​​ 371,681​​​​​ 835,327​​​​​ 1,207,008​​​​ 682,100​​​​ 1,889,108​​​Consumer​​ 43​​ —%​ 1​​ —% 44​ —%​ 1,131​ 0.1%​ 1,175​ 0.1%Total loans​$ 402,145​​​​$ 902,025​​​​$ 1,304,170 ​​$ 761,522 ​​$ 2,065,692 ​​​(1)Includes Alameda, Contra Costa, Solano, Sonoma, Marin, San Francisco, San Mateo and Santa Clara counties.(2)Includes loans in Sacramento and Northern California counties totaling $90.6 million and loans in Los Angeles and Orange counties totaling $606.3 million at June 30, 2026. At December 31, 2025, loans in Sacramento and Northern California counties and loans in Los Angeles and Orange counties totaled $92.3",https://www.sec.gov/Archives/edgar/data/1730984/000173098426000072/bcml-20260630x10q.htm
BCML,10-Q,2026-06-30,San Francisco Bay Area,132127,"roved our efficiency. We have also achieved organic growth by leveraging opportunities within the metropolitan and community markets in which we operate. These markets provide significant opportunities to expand our commercial client base, increase interest-earning assets, and enhance market share. We believe our geographic footprint, which now includes the San Francisco Bay Area; the metropolitan markets of Los Angeles, California, Seattle, Washington, Denver, Colorado, and Las Vegas, Nevada; and community markets including Albuquerque, New Mexico, and Custer, Delta, and Grand Counties, Colorado, provides access to low-cost, stable core deposits in community markets that can be used to fund commercial loan growth. We strive to crea",https://www.sec.gov/Archives/edgar/data/1730984/000173098426000072/bcml-20260630x10q.htm
BCML,10-Q,2026-06-30,San Mateo,148891," land​​ —​​ —​​ 8,408​​ 0.9​​ 8,408​ 0.6​​ 550​ 0.1​​ 8,958​ 0.4​Total real estate​​ 371,681​​​​​ 835,327​​​​​ 1,207,008​​​​ 682,100​​​​ 1,889,108​​​Consumer​​ 43​​ —%​ 1​​ —% 44​ —%​ 1,131​ 0.1%​ 1,175​ 0.1%Total loans​$ 402,145​​​​$ 902,025​​​​$ 1,304,170 ​​$ 761,522 ​​$ 2,065,692 ​​​(1)Includes Alameda, Contra Costa, Solano, Sonoma, Marin, San Francisco, San Mateo and Santa Clara counties.(2)Includes loans in Sacramento and Northern California counties totaling $90.6 million and loans in Los Angeles and Orange counties totaling $606.3 million at June 30, 2026. At December 31, 2025, loans in Sacramento and Northern California counties and loans in Los Angeles and Orange counties totaled $92.3 million and $601.5 millio",https://www.sec.gov/Archives/edgar/data/1730984/000173098426000072/bcml-20260630x10q.htm
BCML,10-Q,2026-06-30,Santa Clara,148905,"​ 8,408​​ 0.9​​ 8,408​ 0.6​​ 550​ 0.1​​ 8,958​ 0.4​Total real estate​​ 371,681​​​​​ 835,327​​​​​ 1,207,008​​​​ 682,100​​​​ 1,889,108​​​Consumer​​ 43​​ —%​ 1​​ —% 44​ —%​ 1,131​ 0.1%​ 1,175​ 0.1%Total loans​$ 402,145​​​​$ 902,025​​​​$ 1,304,170 ​​$ 761,522 ​​$ 2,065,692 ​​​(1)Includes Alameda, Contra Costa, Solano, Sonoma, Marin, San Francisco, San Mateo and Santa Clara counties.(2)Includes loans in Sacramento and Northern California counties totaling $90.6 million and loans in Los Angeles and Orange counties totaling $606.3 million at June 30, 2026. At December 31, 2025, loans in Sacramento and Northern California counties and loans in Los Angeles and Orange counties totaled $92.3 million and $601.5 million, respectively.",https://www.sec.gov/Archives/edgar/data/1730984/000173098426000072/bcml-20260630x10q.htm
BCML,10-Q,2026-06-30,Seattle,132204,"rtunities within the metropolitan and community markets in which we operate. These markets provide significant opportunities to expand our commercial client base, increase interest-earning assets, and enhance market share. We believe our geographic footprint, which now includes the San Francisco Bay Area; the metropolitan markets of Los Angeles, California, Seattle, Washington, Denver, Colorado, and Las Vegas, Nevada; and community markets including Albuquerque, New Mexico, and Custer, Delta, and Grand Counties, Colorado, provides access to low-cost, stable core deposits in community markets that can be used to fund commercial loan growth. We strive to create an enhanced banking experience for our clients by providing",https://www.sec.gov/Archives/edgar/data/1730984/000173098426000072/bcml-20260630x10q.htm
BCML,10-Q,2026-06-30,Sonoma,148861,"950,438​ 46.0​Construction and land​​ —​​ —​​ 8,408​​ 0.9​​ 8,408​ 0.6​​ 550​ 0.1​​ 8,958​ 0.4​Total real estate​​ 371,681​​​​​ 835,327​​​​​ 1,207,008​​​​ 682,100​​​​ 1,889,108​​​Consumer​​ 43​​ —%​ 1​​ —% 44​ —%​ 1,131​ 0.1%​ 1,175​ 0.1%Total loans​$ 402,145​​​​$ 902,025​​​​$ 1,304,170 ​​$ 761,522 ​​$ 2,065,692 ​​​(1)Includes Alameda, Contra Costa, Solano, Sonoma, Marin, San Francisco, San Mateo and Santa Clara counties.(2)Includes loans in Sacramento and Northern California counties totaling $90.6 million and loans in Los Angeles and Orange counties totaling $606.3 million at June 30, 2026. At December 31, 2025, loans in Sacramento and Northern California counties and loans in Los Angeles and Orange counties totale",https://www.sec.gov/Archives/edgar/data/1730984/000173098426000072/bcml-20260630x10q.htm
BCML,10-Q,2026-06-30,Washington,34772,"cificEnterpriseBancorpMemberbcml:CaliforniaPollutionControlFinancingAuthorityLoanProgramMember2025-01-012025-06-3000017309842026-01-012026-06-3000017309842025-01-012025-06-30iso4217:USDxbrli:purebcml:loanbcml:securitybcml:instrumentxbrli:sharesiso4217:USDxbrli:sharesbcml:segmentbcml:locationTable of Contents ​​​UNITED STATESSECURITIES AND EXCHANGE COMMISSIONWashington, D.C. 20549​​FORM 10-Q​​​☒QUARTERLY REPORT PURSUANT TO SECTION 13 OR 15(d) OF THE SECURITIES EXCHANGE ACT OF 1934​​​For the quarterly period ended June 30, 2026​​​or​​☐TRANSITION REPORT PURSUANT TO SECTION 13 OR 15(d) OF THE SECURITIES EXCHANGE ACT OF 1934​​​For the transition period from to ​Commission File Number: 001-38483​BAYCOM CORP(Exact name of regis",https://www.sec.gov/Archives/edgar/data/1730984/000173098426000072/bcml-20260630x10q.htm
BCML,10-Q,2026-06-30,Washington,50976,"ned banking subsidiary, is a California state-chartered bank which provides a broad range of financial services primarily to local small and mid-sized businesses, service professionals and individuals. In its 22 years of operation, the Bank has grown to 34 full-service banking branches at June 30, 2026, with 16 locations in California, one in Nevada, one in Washington, five in New Mexico and 11 in Colorado. The condensed consolidated financial statements include the accounts of the Company and the Bank.All intercompany transactions and balances have been eliminated in consolidation. The condensed consolidated financial statements include all adjustments of a normal and recurring nature, which are, in the opinion of manag",https://www.sec.gov/Archives/edgar/data/1730984/000173098426000072/bcml-20260630x10q.htm
BCML,10-Q,2026-06-30,Washington,117177,"imately $235.8 million, or 11.7%, of the Company's deposits were derived from its top ten depositors. Local Agency Deposits and Other AdvancesIn the normal course of business, the Company accepts deposits from local agencies. The Company is required to provide collateral for certain local agency deposits in the states of California, Colorado, New Mexico and Washington. At June 30, 2026 and December 31, 2025, the FHLB had issued letters of credit on behalf of the Company totaling $42.1 million and $41.6 million, respectively, as collateral for local agency deposits. 30 Table of ContentsNOTE 18 – SEGMENT INFORMATIONThe Company operates as one reportable segment: banking operations. The Company’s banking operations generate",https://www.sec.gov/Archives/edgar/data/1730984/000173098426000072/bcml-20260630x10q.htm
BCML,10-Q,2026-06-30,Washington,123489,"and may, therefore, involve risks and uncertainties. Our actual results, performance, or achievements may differ materially from those suggested, expressed, or implied by forward-looking statements as a result of a wide range of factors including, but not limited to:​●adverse economic conditions in general and in California, Nevada, Colorado, New Mexico and Washington in particular, as well as other markets where the Company has lending relationships;●employment levels, labor supply, inflation, recessionary pressures, or the level of economic growth;●changes in interest rate levels and volatility, and the timing and pace of such changes, including actions by the Board of Governors of the Federal Reserve System (“Federal ",https://www.sec.gov/Archives/edgar/data/1730984/000173098426000072/bcml-20260630x10q.htm
BCML,10-Q,2026-06-30,Washington,130932,"Com is a bank holding company headquartered in Walnut Creek, California. BayCom’s wholly owned banking subsidiary, United Business Bank, provides a broad range of financial services to businesses and business owners as well as individuals through its network of 34 full-service branches at June 30, 2026, with 16 locations in California, one in Nevada, one in Washington, five in New Mexico and 11 in Colorado. BayCom’s business activities generally are limited to passive investment activities and oversight of its investment in the Bank. Accordingly, the information set forth in this report, including the consolidated financial statements and related data, relates primarily to the Bank.Our principal business objective is to ",https://www.sec.gov/Archives/edgar/data/1730984/000173098426000072/bcml-20260630x10q.htm
BCML,10-Q,2026-06-30,Washington,132213," within the metropolitan and community markets in which we operate. These markets provide significant opportunities to expand our commercial client base, increase interest-earning assets, and enhance market share. We believe our geographic footprint, which now includes the San Francisco Bay Area; the metropolitan markets of Los Angeles, California, Seattle, Washington, Denver, Colorado, and Las Vegas, Nevada; and community markets including Albuquerque, New Mexico, and Custer, Delta, and Grand Counties, Colorado, provides access to low-cost, stable core deposits in community markets that can be used to fund commercial loan growth. We strive to create an enhanced banking experience for our clients by providing a comprehen",https://www.sec.gov/Archives/edgar/data/1730984/000173098426000072/bcml-20260630x10q.htm
BCML,10-Q,2026-06-30,Washington,149374,"and loans in Los Angeles and Orange counties totaling $606.3 million at June 30, 2026. At December 31, 2025, loans in Sacramento and Northern California counties and loans in Los Angeles and Orange counties totaled $92.3 million and $601.5 million, respectively.38 Table of Contents(3)Includes loans primarily in the states of Colorado, Nevada, New Mexico and Washington and other states. At June 30, 2026, loans in Colorado, Nevada, New Mexico, Washington and other states totaled $124.9 million, $47.3 million, $72.6 million, $88.0 million and $443.6 million, respectively. At December 31, 2025, loans in Colorado, Nevada, New Mexico, Washington and other states totaled $132.2 million, $44.5 million, $69.6 million, $89.9 milli",https://www.sec.gov/Archives/edgar/data/1730984/000173098426000072/bcml-20260630x10q.htm
BCML,10-Q,2026-06-30,commercial real estate,62977,"in the current quarter, with no gain or loss recognized, partially offset by net unrealized gains recognized during the period. ​​​​​​​​​​​NOTE 4 – LOANS The Company’s loan portfolio at the dates indicated is summarized below:​​​​​​​​​ ​ ​ ​June 30, ​ ​ ​December 31, ​​2026​2025Commercial and industrial​$ 156,003​$ 175,409Construction and land​ 10,143​ 8,958Commercial real estate​ 1,737,608​ 1,766,964Residential​ 169,786​ 113,186Consumer​ 1,164​ 1,175Total loans​ 2,074,704​ 2,065,692Net deferred loan costs ​ 525​ 644Allowance for credit losses​ (22,950)​ (21,210)Net loans​$ 2,052,279​$ 2,045,126​Net loans exclude accrued interest receivable of $6.7 million and $6.6 million at June 30, 2026 and December 31, 2025, respectively, which ",https://www.sec.gov/Archives/edgar/data/1730984/000173098426000072/bcml-20260630x10q.htm
BCML,10-Q,2026-06-30,commercial real estate,66485," of concession and type of loan, as of the dates indicated, is set forth below:​​​​​​​​​​​​​​​​​​​​​ ​ ​ ​Number of ​ ​ ​Rate ​ ​ ​Term ​ ​ ​Rate & term ​ ​ ​​​​% of Total ​​loans​modification​modification​modification​Total​loans outstandingJune 30, 2026​​​​​​​​​​​​​​​​​​Commercial and industrial —​$ —​$ —​$ —​$ —​​ —%Construction and land —​ —​ —​ —​ —​ —%Commercial real estate 2​ —​ 1,990​ —​ 1,990​ 0.11%Residential —​ —​​ —​ —​ —​ —%Consumer —​ —​ —​ —​ —​ —%Total 2​$ —​$ 1,990​$ —​$ 1,990​​ 0.11%​​​​​​​​​​​​​​​​​​​​​ ​ ​ ​Number of ​ ​ ​Rate ​ ​ ​Term ​ ​ ​Rate & term ​ ​ ​​​​% of Total ​​loans​modification​modification​modification​Total​loans outstandingDecember 31, 2025​​​​​​​​​​​​​​​​​​Commercial and industrial 1​$ —​$ 73​$",https://www.sec.gov/Archives/edgar/data/1730984/000173098426000072/bcml-20260630x10q.htm
BCML,10-Q,2026-06-30,commercial real estate,66921,"—​ —%Consumer —​ —​ —​ —​ —​ —%Total 2​$ —​$ 1,990​$ —​$ 1,990​​ 0.11%​​​​​​​​​​​​​​​​​​​​​ ​ ​ ​Number of ​ ​ ​Rate ​ ​ ​Term ​ ​ ​Rate & term ​ ​ ​​​​% of Total ​​loans​modification​modification​modification​Total​loans outstandingDecember 31, 2025​​​​​​​​​​​​​​​​​​Commercial and industrial 1​$ —​$ 73​$ —​$ 73​​ 0.04%Construction and land —​ —​ —​ —​ —​ —%Commercial real estate 1​ —​ 554​ —​ 554​ 0.03%Residential 1​ —​​ 711​ —​ 711​ 0.63%Consumer —​ —​ —​ —​ —​ —%Total 3​$ —​$ 1,338​$ —​$ 1,338​​ 0.06%​For the three and six months ended June 30, 2026 and 2025, the Company recorded no charge-offs for modified loans to borrowers experiencing financial difficulty. ​At June 30, 2026 and December 31, 2025, individually evaluated modifi",https://www.sec.gov/Archives/edgar/data/1730984/000173098426000072/bcml-20260630x10q.htm
BCML,10-Q,2026-06-30,commercial real estate,72818,"ross charge-offs​$ —​​ 25​​ —​​ —​​ —​​ —​​ —​$ 25Construction and land:​​​​​​​​​​​​​​​​​​​​​​​​Pass​$ —​$ 365​$ 9,500​​ —​​ —​​ 278​​ —​$ 10,143Special mention​​ —​​ —​​ —​​ —​​ —​​ —​​ —​​ —Substandard​​ —​​ —​​ —​​ —​​ —​​ —​​ —​​ —Total construction and land​$ —​$ 365​$ 9,500​$ —​$ —​$ 278​$ —​$ 10,143YTD gross charge-offs​$ —​$ —​$ —​$ —​$ —​$ —​$ —​$ —Commercial real estate:​​​​​​​​​​​​​​​​​​​​​​​​Pass​$ 101,777​$ 315,935​$ 168,713​​ 59,673​​ 329,422​​ 673,608​​ 703​$ 1,649,831Special mention​​ —​​ —​​ 8,542​​ —​​ 4,561​​ 39,693​​ —​​ 52,796Substandard​​ —​​ —​​ —​​ —​​ 5,079​​ 29,902​​ —​​ 34,981Total commercial real estate​$ 101,777​$ 315,935​$ 177,255​$ 59,673​$ 339,062​$ 743,203​$ 703​$ 1,737,608YTD gross charge-offs​$ —​​",https://www.sec.gov/Archives/edgar/data/1730984/000173098426000072/bcml-20260630x10q.htm
BCML,10-Q,2026-06-30,commercial real estate,75252,"charge-offs​$ —​​ 41​​ —​​ —​​ —​​ 154​​ —​$ 195Construction and land:​​​​​​​​​​​​​​​​​​​​​​​​Pass​$ 228​$ 8,412​$ —​​ —​​ 115​​ 203​​ —​$ 8,958Special mention​​ —​​ —​​ —​​ —​​ —​​ —​​ —​​ —Substandard​​ —​​ —​​ —​​ —​​ —​​ —​​ —​​ —Total construction and land​$ 228​$ 8,412​$ —​$ —​$ 115​$ 203​$ —​$ 8,958YTD gross charge-offs​$ —​$ —​$ —​$ —​$ —​$ —​$ —​$ —Commercial real estate:​​​​​​​​​​​​​​​​​​​​​​​​Pass​$ 324,728​$ 177,675​$ 67,901​​ 320,160​​ 333,477​​ 397,516​​ 3,287​$ 1,624,744Special mention​​ —​​ —​​ —​​ 32,144​​ 23,672​​ 39,213​​ —​​ 95,029Substandard​​ —​​ —​​ 4,835​​ —​​ 14,642​​ 27,714​​ —​​ 47,191Total commercial real estate​$ 324,728​$ 177,675​$ 72,736​$ 352,304​$ 371,791​$ 464,443​$ 3,287​$ 1,766,964YTD gross charge",https://www.sec.gov/Archives/edgar/data/1730984/000173098426000072/bcml-20260630x10q.htm
BCML,10-Q,2026-06-30,commercial real estate,77397," ​ ​investments​​30–59 Days​60–89 Days​or more​Total​​​​​​​Total loans​90 days or more past due​​past due​past due​past due​past due​Current​PCD loans​receivable​and still accruingJune 30, 2026 ​ ​ ​ ​ ​ ​ ​ ​ ​ ​ ​ ​ ​ ​ ​ ​Commercial and industrial​$ 1,382​$ 33​$ 723​$ 2,138​$ 153,865​$ —​$ 156,003​$ —Construction and land​ —​ —​ —​ —​ 10,143​ —​ 10,143​ —Commercial real estate​ 2,083​ —​ 2,957​ 5,040​ 1,719,723​ 12,845​ 1,737,608​ 677Residential​ 44​ —​​ —​ 44​ 169,675​ 67​ 169,786​ —Consumer​ —​ —​ —​ —​ 1,164​ —​ 1,164​ —Total​$ 3,509​$ 33​$ 3,680​$ 7,222​$ 2,054,570​$ 12,912​$ 2,074,704​$ 677​​​​​​​​​​​​​​​​​​​​​​​​​​​ ​ ​ ​​​ ​ ​ ​​​ ​ ​ ​​ ​ ​ ​​​ ​ ​ ​​​ ​ ​ ​​​ ​ ​ ​​​ ​ ​ ​Recorded​ ​ ​ ​​​ ​ ​ ​​​ ​ ​ ​90 Days ​ ​ ​​​ ​ ",https://www.sec.gov/Archives/edgar/data/1730984/000173098426000072/bcml-20260630x10q.htm
BCML,10-Q,2026-06-30,commercial real estate,78163,"​ ​investments​​30–59 Days​60–89 Days​or more​Total​​​​​​​Total loans​90 days or more past due​​past due​past due​past due​past due​Current​PCD loans​receivable​and still accruingDecember 31, 2025 ​ ​ ​ ​ ​ ​ ​ ​ ​ ​ ​ ​ ​ ​ ​ ​Commercial and industrial​$ 671​$ 119​$ 748​$ 1,538​$ 173,871​$ —​$ 175,409​$ —Construction and land​ —​ —​ —​ —​ 8,958​ —​ 8,958​ —Commercial real estate​ 818​ —​ 1,942​ 2,760​ 1,747,458​ 16,746​ 1,766,964​ —Residential​ 40​ —​​ 711​ 751​ 112,393​ 42​ 113,186​ —Consumer​ 1​ —​ —​ 1​ 1,174​ —​ 1,175​ —Total​$ 1,530​$ 119​$ 3,401​$ 5,050​$ 2,043,854​$ 16,788​$ 2,065,692​$ —​Nonaccrual loans totaled $9.1 million and $13.4 million at June 30, 2026 and December 31, 2025, respectively. Nonaccrual loans guaranteed ",https://www.sec.gov/Archives/edgar/data/1730984/000173098426000072/bcml-20260630x10q.htm
BCML,10-Q,2026-06-30,commercial real estate,79184,"st due. At December 31, 2025, nonaccrual loans included $562,000 of loans 30-89 days past due and $9.4 million of loans less than 30 days past due. The decrease in nonaccrual loans was primarily due to the payoff of six nonaccrual loans totaling $2.3 million and the sale of two nonaccrual loans totaling $7.7 million, partially offset by three new nonaccrual commercial real estate loans totaling $6.4 million.​At June 30, 2026, the $1.4 million of nonaccrual loans 30-89 days past due were comprised of one loan and the $4.7 million of loans less than 30 days past due were comprised of 13 loans. All of these loans were placed on nonaccrual due to concerns over the financial condition of the borrowers. ​At June 30, 2026, there were two l",https://www.sec.gov/Archives/edgar/data/1730984/000173098426000072/bcml-20260630x10q.htm
BCML,10-Q,2026-06-30,concentration,115692," lines of credit. The Company’s outstanding loan commitments are made using the same underwriting standards as comparable outstanding loans. The reserve associated with these commitments included in interest payable and other liabilities on the consolidated balance sheets was $380,000 at June 30, 2026 and $410,000 at December 31, 2025.Commercial Real Estate ConcentrationsAt June 30, 2026 and December 31, 2025, in management’s judgment, a concentration of loans existed in commercial real-estate related loans. The Company’s commercial real estate loans are secured by owner-occupied and non-owner occupied commercial real estate and multifamily properties. Although management believes that loans within these concentrations have",https://www.sec.gov/Archives/edgar/data/1730984/000173098426000072/bcml-20260630x10q.htm
BCML,10-Q,2026-06-30,concentration,116713,"investments in LIHTC partnerships and an SBIC fund. At June 30, 2026, the remaining commitments to the LIHTC partnerships and the SBIC fund were approximately $3.5 million and $122,000, respectively. At December 31, 2025, the remaining commitments to the LIHTC partnerships and the SBIC fund were approximately $4.7 million and $122,000, respectively. Deposit ConcentrationsAt June 30, 2026 and December 31, 2025, approximately $355.7 million, or 16.4%, and approximately $235.8 million, or 11.7%, of the Company's deposits were derived from its top ten depositors. Local Agency Deposits and Other AdvancesIn the normal course of business, the Company accepts deposits from local agencies. The Company is required to provide collater",https://www.sec.gov/Archives/edgar/data/1730984/000173098426000072/bcml-20260630x10q.htm
BCML,10-Q,2026-06-30,concentration,165025,"inued customer migration within the deposit portfolio in response to the prevailing rate environment. Management continues to monitor deposit mix and pricing strategies in the context of funding costs, liquidity needs, and interest rate risk.We consider our deposit base to be seasoned, stable and well-diversified, and we do not have any significant industry concentrations among our non-insured deposits. We also offer our customers the ability to place deposits in Certificate of Deposit Account Registry Service (“CDARS”) and Insured Cash Sweep (“ICS”) money market product services via the IntraFi Network, to ensure deposits above FDIC insurance limits. At June 30, 2026, our average deposit account size (excluding public fund",https://www.sec.gov/Archives/edgar/data/1730984/000173098426000072/bcml-20260630x10q.htm
BCML,10-Q,2026-06-30,market area,116230," real estate loans are secured by owner-occupied and non-owner occupied commercial real estate and multifamily properties. Although management believes that loans within these concentrations have no more than the normal risk of collectability, a decline in the performance of the economy in general, or a decline in real estate values in the Company’s primary market areas in particular, could have an adverse impact on collectability.Other AssetsThe Company has commitments to fund investments in LIHTC partnerships and an SBIC fund. At June 30, 2026, the remaining commitments to the LIHTC partnerships and the SBIC fund were approximately $3.5 million and $122,000, respectively. At December 31, 2025, the remaining commitments ",https://www.sec.gov/Archives/edgar/data/1730984/000173098426000072/bcml-20260630x10q.htm
BCML,10-Q,2026-06-30,market area,124879,"erences between short and long-term interest rates and loan and deposit interest rates;●unexpected outflows of uninsured deposits, which may require us to sell investment securities at a loss; ●our net interest margin and funding sources;●fluctuations in the demand for loans, unsold homes, land and other properties;●fluctuations in real estate values in our market areas;●secondary market conditions for loans and our ability to sell loans in the secondary market;●results of examinations of us by regulatory authorities and the possibility that any such regulatory authority may, among other things, limit our business activities, require us to change our business mix, increase our allowance for credit losses, write down asset",https://www.sec.gov/Archives/edgar/data/1730984/000173098426000072/bcml-20260630x10q.htm
BCML,10-Q,2026-06-30,multifamily,115969,"$380,000 at June 30, 2026 and $410,000 at December 31, 2025.Commercial Real Estate ConcentrationsAt June 30, 2026 and December 31, 2025, in management’s judgment, a concentration of loans existed in commercial real-estate related loans. The Company’s commercial real estate loans are secured by owner-occupied and non-owner occupied commercial real estate and multifamily properties. Although management believes that loans within these concentrations have no more than the normal risk of collectability, a decline in the performance of the economy in general, or a decline in real estate values in the Company’s primary market areas in particular, could have an adverse impact on collectability.Other AssetsThe Company has commitm",https://www.sec.gov/Archives/edgar/data/1730984/000173098426000072/bcml-20260630x10q.htm
BCML,10-Q,2026-06-30,multifamily,146052,"on about our loan portfolio by type of loan, with purchase credit deteriorated (“PCD”) loans presented as a separate balance, at the dates presented. ​​​​​​​​​​​​June 30, ​December 31, ​​ ​​2026​2025​% Change ​​(Dollars in thousands)​​ Commercial and industrial ​ ​ ​$ 156,003 ​ ​ ​$ 175,409 ​ ​ ​(11.1)%Real estate:​ ​​ ​​​​Residential​ 169,719​ 113,143 50.0​Multifamily residential​ 345,008​ 309,331 11.5​Owner occupied CRE​ 478,478​ 500,419 (4.4)​Non-owner occupied CRE​ 901,277​ 940,469 (4.2)​Construction and land​ 10,143​ 8,958 13.2​Total real estate​ 1,904,625​ 1,872,320​1.7​Consumer​ 1,164​ 1,175​(0.9)​PCD loans​ 12,912​ 16,788​(23.1)​Total Loans​ 2,074,704​ 2,065,692​0.4​Net deferred loan fees​ 525​ 644​(18.4)​Allowanc",https://www.sec.gov/Archives/edgar/data/1730984/000173098426000072/bcml-20260630x10q.htm
BCML,10-Q,2026-06-30,multifamily,147345,"unt​Category ​ (Dollars in thousands)​June 30, 2026 ​ ​ ​​ ​ ​ ​ ​​ ​ ​ ​ ​​ ​ ​ ​ ​​ ​ ​ ​ ​​ ​ ​ ​ ​ ​ ​ ​ ​​ ​ ​ ​ ​ ​ ​ ​ ​​ ​ ​ ​ ​ ​​Commercial and industrial​$ 26,497 ​ 6.8% $ 55,293 ​ 6.1% $ 81,790 6.3% $ 74,213 9.6% $ 156,003 7.5%Real estate:​ ​ ​ ​​ ​ ​ ​​ ​ ​​ ​ ​​ ​ ​​Residential​ 12,013 ​ 3.1​ 50,239 ​ 5.5​ 62,252 4.8​ 107,534 13.9​ 169,786 8.2​Multifamily residential​ 63,726 ​ 16.2​ 205,088 ​ 22.6​ 268,814 20.7​ 77,217 9.9​ 346,031 16.7​Owner occupied CRE​ 136,022 ​ 34.7​ 279,493 ​ 30.9​ 415,515 32.0​ 68,722 8.9​ 484,237 23.3​Non-owner occupied CRE​ 154,154 ​ 39.3​ 306,292 ​ 33.8​ 460,446 35.5​ 446,894 57.6​ 907,340 43.7​Construction and land​ — ​ —​ 9,516 ​ 1.1​ 9,516 0.7​ 627 0.1​ 10,143 0.5​Total real est",https://www.sec.gov/Archives/edgar/data/1730984/000173098426000072/bcml-20260630x10q.htm
BCML,10-Q,2026-06-30,multifamily,148208,",416​​​​$ 905,922​​​​$ 1,298,338 ​​$ 776,366 ​​$ 2,074,704 ​​​​​​​​​​​​​​​​​​​​​​​​​​​​​​​December 31, 2025​ ​​ ​​ ​​ ​​ ​ ​​ ​ ​​ ​ ​​Commercial and industrial​$ 30,421​​ 7.6%$ 66,697​​ 7.4%$ 97,118​ 7.4%$ 78,291​ 10.3%$ 175,409​ 8.5%Real estate:​​​​​​​​​​​​​​​​​​​​​​​​​​​​Residential​​ 11,625​​ 2.9​​ 50,603​​ 5.6​$ 62,228​ 4.8​​ 50,958​ 6.7​​ 113,186​ 5.5​Multifamily residential​​ 64,813​​ 16.1​​ 170,570​​ 18.9​​ 235,383​ 18.0​​ 74,944​ 9.8​​ 310,327​ 15.0​Owner occupied CRE​​ 143,624​​ 35.7​​ 292,914​​ 32.5​​ 436,538​ 33.5​​ 69,661​ 9.1​​ 506,199​ 24.5​Non-owner occupied CRE​​ 151,619​​ 35.7​​ 312,832​​ 34.7​​ 464,451​ 35.6​​ 485,987​ 63.8​​ 950,438​ 46.0​Construction and land​​ —​​ —​​ 8,408​​ 0.9​​ 8,408​ 0.6​​ 550​ ",https://www.sec.gov/Archives/edgar/data/1730984/000173098426000072/bcml-20260630x10q.htm
BCML,10-Q,2026-06-30,multifamily,156565,"llowing table provides information regarding nonperforming loans, nonperforming assets, modified loans and PCD loans as of the dates indicated: ​​​​​​​​​​​June 30, ​December 31, ​​ ​ ​ ​2026 ​ ​ ​2025 ​ ​ ​​​(Dollars in thousands) ​Loans accounted for on a nonaccrual basis:​​​​​​​Commercial and industrial​$ 748​$ 839​Real estate:​​​​​​​Residential​​ 1​​ 716​Multifamily residential​​ —​​ —​Owner occupied CRE​​ 2,733​​ 4,513​Non-owner occupied CRE​​ 5,622​​ 7,375​Construction and land​​ —​​ —​Total real estate​​ 8,356​​ 12,604​Consumer​​ —​​ —​Total nonaccrual loans​​ 9,104​​ 13,443​Accruing loans 90 days or more past due​​ 677​​ —​Total nonperforming loans ​​ 9,781​​ 13,443​Real estate owned​​ —​​ —​Total nonperforming ass",https://www.sec.gov/Archives/edgar/data/1730984/000173098426000072/bcml-20260630x10q.htm
BCML,10-Q,2026-06-30,non-owner occupied,115923,"lities on the consolidated balance sheets was $380,000 at June 30, 2026 and $410,000 at December 31, 2025.Commercial Real Estate ConcentrationsAt June 30, 2026 and December 31, 2025, in management’s judgment, a concentration of loans existed in commercial real-estate related loans. The Company’s commercial real estate loans are secured by owner-occupied and non-owner occupied commercial real estate and multifamily properties. Although management believes that loans within these concentrations have no more than the normal risk of collectability, a decline in the performance of the economy in general, or a decline in real estate values in the Company’s primary market areas in particular, could have an adverse impact on collectabil",https://www.sec.gov/Archives/edgar/data/1730984/000173098426000072/bcml-20260630x10q.htm
BCML,10-Q,2026-06-30,non-owner occupied,146142,"ns presented as a separate balance, at the dates presented. ​​​​​​​​​​​​June 30, ​December 31, ​​ ​​2026​2025​% Change ​​(Dollars in thousands)​​ Commercial and industrial ​ ​ ​$ 156,003 ​ ​ ​$ 175,409 ​ ​ ​(11.1)%Real estate:​ ​​ ​​​​Residential​ 169,719​ 113,143 50.0​Multifamily residential​ 345,008​ 309,331 11.5​Owner occupied CRE​ 478,478​ 500,419 (4.4)​Non-owner occupied CRE​ 901,277​ 940,469 (4.2)​Construction and land​ 10,143​ 8,958 13.2​Total real estate​ 1,904,625​ 1,872,320​1.7​Consumer​ 1,164​ 1,175​(0.9)​PCD loans​ 12,912​ 16,788​(23.1)​Total Loans​ 2,074,704​ 2,065,692​0.4​Net deferred loan fees​ 525​ 644​(18.4)​Allowance for credit losses​ (22,950)​ (21,210)​8.2​Loans, net​$ 2,052,279​$ 2,045,126​0.3%​The following",https://www.sec.gov/Archives/edgar/data/1730984/000173098426000072/bcml-20260630x10q.htm
BCML,10-Q,2026-06-30,non-owner occupied,147531,"293 ​ 6.1% $ 81,790 6.3% $ 74,213 9.6% $ 156,003 7.5%Real estate:​ ​ ​ ​​ ​ ​ ​​ ​ ​​ ​ ​​ ​ ​​Residential​ 12,013 ​ 3.1​ 50,239 ​ 5.5​ 62,252 4.8​ 107,534 13.9​ 169,786 8.2​Multifamily residential​ 63,726 ​ 16.2​ 205,088 ​ 22.6​ 268,814 20.7​ 77,217 9.9​ 346,031 16.7​Owner occupied CRE​ 136,022 ​ 34.7​ 279,493 ​ 30.9​ 415,515 32.0​ 68,722 8.9​ 484,237 23.3​Non-owner occupied CRE​ 154,154 ​ 39.3​ 306,292 ​ 33.8​ 460,446 35.5​ 446,894 57.6​ 907,340 43.7​Construction and land​ — ​ —​ 9,516 ​ 1.1​ 9,516 0.7​ 627 0.1​ 10,143 0.5​Total real estate​ 365,915 ​​​ 850,628 ​​​ 1,216,543 ​​ 700,994 ​​ 1,917,537 ​​Consumer​ 4 ​ —% 1 ​ —% 5 —% 1,159 0.1% 1,164 0.1%Total loans​$ 392,416​​​​$ 905,922​​​​$ 1,298,338 ​​$ 776,366 ​​$ 2,074,704 ​​",https://www.sec.gov/Archives/edgar/data/1730984/000173098426000072/bcml-20260630x10q.htm
BCML,10-Q,2026-06-30,non-owner occupied,148410,".4%$ 78,291​ 10.3%$ 175,409​ 8.5%Real estate:​​​​​​​​​​​​​​​​​​​​​​​​​​​​Residential​​ 11,625​​ 2.9​​ 50,603​​ 5.6​$ 62,228​ 4.8​​ 50,958​ 6.7​​ 113,186​ 5.5​Multifamily residential​​ 64,813​​ 16.1​​ 170,570​​ 18.9​​ 235,383​ 18.0​​ 74,944​ 9.8​​ 310,327​ 15.0​Owner occupied CRE​​ 143,624​​ 35.7​​ 292,914​​ 32.5​​ 436,538​ 33.5​​ 69,661​ 9.1​​ 506,199​ 24.5​Non-owner occupied CRE​​ 151,619​​ 35.7​​ 312,832​​ 34.7​​ 464,451​ 35.6​​ 485,987​ 63.8​​ 950,438​ 46.0​Construction and land​​ —​​ —​​ 8,408​​ 0.9​​ 8,408​ 0.6​​ 550​ 0.1​​ 8,958​ 0.4​Total real estate​​ 371,681​​​​​ 835,327​​​​​ 1,207,008​​​​ 682,100​​​​ 1,889,108​​​Consumer​​ 43​​ —%​ 1​​ —% 44​ —%​ 1,131​ 0.1%​ 1,175​ 0.1%Total loans​$ 402,145​​​​$ 902,025​​​​$ 1,304,170",https://www.sec.gov/Archives/edgar/data/1730984/000173098426000072/bcml-20260630x10q.htm
BCML,10-Q,2026-06-30,non-owner occupied,156632,"onperforming assets, modified loans and PCD loans as of the dates indicated: ​​​​​​​​​​​June 30, ​December 31, ​​ ​ ​ ​2026 ​ ​ ​2025 ​ ​ ​​​(Dollars in thousands) ​Loans accounted for on a nonaccrual basis:​​​​​​​Commercial and industrial​$ 748​$ 839​Real estate:​​​​​​​Residential​​ 1​​ 716​Multifamily residential​​ —​​ —​Owner occupied CRE​​ 2,733​​ 4,513​Non-owner occupied CRE​​ 5,622​​ 7,375​Construction and land​​ —​​ —​Total real estate​​ 8,356​​ 12,604​Consumer​​ —​​ —​Total nonaccrual loans​​ 9,104​​ 13,443​Accruing loans 90 days or more past due​​ 677​​ —​Total nonperforming loans ​​ 9,781​​ 13,443​Real estate owned​​ —​​ —​Total nonperforming assets (1)​$ 9,781​$ 13,443​Performing modified loans to borrowers experienci",https://www.sec.gov/Archives/edgar/data/1730984/000173098426000072/bcml-20260630x10q.htm
BCML,10-Q,2026-06-30,office,2843,tockMember2025-03-310001730984us-gaap:RestrictedStockMember2024-12-310001730984us-gaap:RestrictedStockMember2026-04-012026-06-300001730984us-gaap:RestrictedStockMember2026-01-012026-03-310001730984us-gaap:RestrictedStockMember2025-04-012025-06-300001730984us-gaap:RestrictedStockMember2025-01-012025-03-310001730984srt:MinimumMemberbcml:OtherThanChiefExecutiveOfficerMemberbcml:OmnibusEquityIncentivePlan2024Member2024-06-012024-06-300001730984srt:MaximumMembersrt:ChiefExecutiveOfficerMemberbcml:OmnibusEquityIncentivePlan2024Member2024-06-012024-06-300001730984srt:MinimumMembersrt:ExecutiveOfficerMemberbcml:TwoThousandSeventeenOmnibusEquityIncentivePlanMember2017-11-012017-11-300001730984srt:MaximumMembersrt:ExecutiveOff,https://www.sec.gov/Archives/edgar/data/1730984/000173098426000072/bcml-20260630x10q.htm
BCML,10-Q,2026-06-30,office,3206,icerMemberbcml:OmnibusEquityIncentivePlan2024Member2024-06-012024-06-300001730984srt:MaximumMembersrt:ChiefExecutiveOfficerMemberbcml:OmnibusEquityIncentivePlan2024Member2024-06-012024-06-300001730984srt:MinimumMembersrt:ExecutiveOfficerMemberbcml:TwoThousandSeventeenOmnibusEquityIncentivePlanMember2017-11-012017-11-300001730984srt:MaximumMembersrt:ExecutiveOfficerMemberbcml:TwoThousandSeventeenOmnibusEquityIncentivePlanMember2017-11-012017-11-300001730984srt:MinimumMemberbcml:TwoThousandSeventeenOmnibusEquityIncentivePlanMember2017-11-012017-11-300001730984srt:MaximumMemberbcml:TwoThousandSeventeenOmnibusEquityIncentivePlanMember2017-11-012017-11-300001730984srt:ExecutiveOfficerMemberbcml:TwoThousandSeventeenOmnibus,https://www.sec.gov/Archives/edgar/data/1730984/000173098426000072/bcml-20260630x10q.htm
BCML,10-Q,2026-06-30,office,27623,onsSegmentMember2026-06-300001730984us-gaap:OperatingSegmentsMemberbcml:BankingOperationsSegmentMember2025-12-310001730984bcml:BankingOperationsSegmentMember2025-12-310001730984bcml:FloatingRateJuniorSubordinatedDeferrableInterestDebenturesMemberus-gaap:JuniorSubordinatedDebtMember2026-01-012026-03-3100017309842026-08-040001730984bcml:OtherThanChiefExecutiveOfficerMemberbcml:OmnibusEquityIncentivePlan2024Member2024-06-012024-06-300001730984bcml:OmnibusEquityIncentivePlan2024Member2024-06-300001730984bcml:TwoThousandSeventeenOmnibusEquityIncentivePlanMember2017-11-300001730984us-gaap:RestrictedStockMemberbcml:OmnibusEquityIncentivePlan2024Member2024-06-300001730984us-gaap:PerformanceSharesMemberbcml:OmnibusEquityIncen,https://www.sec.gov/Archives/edgar/data/1730984/000173098426000072/bcml-20260630x10q.htm
BCML,10-Q,2026-06-30,office,30613,300001730984us-gaap:ResidentialPortfolioSegmentMember2025-01-012025-12-310001730984us-gaap:CommercialRealEstatePortfolioSegmentMember2025-01-012025-12-310001730984us-gaap:CommercialPortfolioSegmentMember2025-01-012025-12-3100017309842025-01-012025-12-310001730984srt:OtherPropertyMemberus-gaap:CommercialRealEstatePortfolioSegmentMember2026-06-300001730984srt:OfficeBuildingMemberus-gaap:CommercialRealEstatePortfolioSegmentMember2026-06-300001730984bcml:HotelsMemberus-gaap:CommercialRealEstatePortfolioSegmentMember2026-06-300001730984srt:OtherPropertyMember2026-06-300001730984srt:OfficeBuildingMember2026-06-300001730984bcml:HotelsMember2026-06-300001730984srt:SingleFamilyMemberus-gaap:ResidentialPortfolioSegmentMember20,https://www.sec.gov/Archives/edgar/data/1730984/000173098426000072/bcml-20260630x10q.htm
BCML,10-Q,2026-06-30,office,31094,cialRealEstatePortfolioSegmentMember2026-06-300001730984srt:OtherPropertyMember2026-06-300001730984srt:OfficeBuildingMember2026-06-300001730984bcml:HotelsMember2026-06-300001730984srt:SingleFamilyMemberus-gaap:ResidentialPortfolioSegmentMember2025-12-310001730984srt:OtherPropertyMemberus-gaap:CommercialRealEstatePortfolioSegmentMember2025-12-310001730984srt:OfficeBuildingMemberus-gaap:CommercialRealEstatePortfolioSegmentMember2025-12-310001730984bcml:HotelsMemberus-gaap:CommercialRealEstatePortfolioSegmentMember2025-12-310001730984srt:SingleFamilyMember2025-12-310001730984srt:OtherPropertyMember2025-12-310001730984srt:OfficeBuildingMember2025-12-310001730984bcml:HotelsMember2025-12-310001730984us-gaap:NonperformingFi,https://www.sec.gov/Archives/edgar/data/1730984/000173098426000072/bcml-20260630x10q.htm
BCML,10-Q,2026-06-30,office,35396,"934​​​For the transition period from to ​Commission File Number: 001-38483​BAYCOM CORP(Exact name of registrant as specified in its charter)​California 37-1849111(State or other jurisdiction of incorporation or organization) (I.R.S. Employer Identification No.) 500 Ygnacio Valley Road, Suite 200, Walnut Creek, California 94596(Address of principal executive offices) (Zip Code)​Registrant’s telephone number, including area code: (925) 476-1800​None(Former name, former address and former fiscal year, if changed since last report)Securities registered pursuant to Section 12(b) of the Act:Title of each classTrading Symbol(s)Name of each exchange on which registeredCommon Stock, no par value per shareBCMLThe NASDAQ Stock ",https://www.sec.gov/Archives/edgar/data/1730984/000173098426000072/bcml-20260630x10q.htm
BCML,10-Q,2026-06-30,office,85310,"onths ended June 30, 2025, respectively. The following table summarizes the amortized cost basis of individually evaluated collateral-dependent loans, including nonaccrual loans, modified loans to borrowers experiencing financial difficulty, and PCD loans, by loan and collateral type as of the dates indicated.​​​​​​​​​​​​​​​​​​​​​​Retail and​​​​​​​​​​​ ​ ​ ​Office ​ ​ ​Hotel ​ ​ ​Other​SFR 1-4 ​ ​ ​Total ​ ​ ​ACLJune 30, 2026​ ​​​ ​​​ ​​​ ​​​ ​​​ ​​Commercial real estate​$ 5,330​$ 2,417​$ 2,149​$ —​$ 9,896​$ 2,911Total​$ 5,330​$ 2,417​$ 2,149​$ —​$ 9,896​$ 2,911​​​​​​​​​​​​​​​​​​​December 31, 2025​ ​​​ ​​​ ​​​ ​​​ ​​​ ​​Commercial real estate​$ 3,338​$ 9,462​$ 1,352​$ —​$ 14,152​$ 1,428Residential​ —​​ —​​ —​​ 711​​ ",https://www.sec.gov/Archives/edgar/data/1730984/000173098426000072/bcml-20260630x10q.htm
BCML,10-Q,2026-06-30,office,100417,"ives to employees include the performance of the Company, the employee’s job performance, the importance of his or her position, and his or her contribution to the organization’s goals for the award period. Generally, awards under the 2024 Plan are subject to a minimum vesting period of one year (at least three years for full vesting for the chief executive officer), provided that awards for up to 5% of the maximum shares available under 25 Table of Contentsthe 2024 Plan (for any participant other than the chief executive officer) may provide for a shorter vesting period. Subject to adjustment as provided in the 2024 Plan, the maximum number of shares of common stock available for issuance under the 2024 Plan is 500,",https://www.sec.gov/Archives/edgar/data/1730984/000173098426000072/bcml-20260630x10q.htm
BCML,10-Q,2026-06-30,owner-occupied,115904,"ble and other liabilities on the consolidated balance sheets was $380,000 at June 30, 2026 and $410,000 at December 31, 2025.Commercial Real Estate ConcentrationsAt June 30, 2026 and December 31, 2025, in management’s judgment, a concentration of loans existed in commercial real-estate related loans. The Company’s commercial real estate loans are secured by owner-occupied and non-owner occupied commercial real estate and multifamily properties. Although management believes that loans within these concentrations have no more than the normal risk of collectability, a decline in the performance of the economy in general, or a decline in real estate values in the Company’s primary market areas in particular, could have an advers",https://www.sec.gov/Archives/edgar/data/1730984/000173098426000072/bcml-20260630x10q.htm
BMRC,10-K,2025-12-31,Bay Area,146512,"ffect Our Liquidity, Business, Financial Condition and Results of OperationsIn the first and second quarters of 2023, certain specialized banking institutions with elevated concentrations of uninsured deposits experienced large deposit outflows, resulting in the institutions being placed into FDIC receiverships. In addition, media and market coverage of the Bay Area economy and local financial institutions, have generated significant market volatility among publicly traded bank holding companies and, in particular, regional and community banks like the Company. These market developments have negatively impacted customer confidence in the safety and soundness of regional and community banks and may impact our financial ",https://www.sec.gov/Archives/edgar/data/1403475/000140347526000018/bmrc-20251231.htm
BMRC,10-K,2025-12-31,Bay Area,170043,"y office buildings, owner-user office/warehouses, mixed-use commercial, retail properties and multi-family residential real estate. There can be no assurance that properties securing our loans will generate sufficient cash flows to allow borrowers to make full and timely loan payments to us. We do not lend on high-rise office towers in San Francisco and the Bay Area generally, but we do take office and other commercial properties as collateral in our CRE lending. For a discussion of our CRE lending, including detail on the types of properties in our real estate secured lending and geographic distribution of such loans, please see the discussion titled “FINANCIAL CONDITION – Loans” herein.Rising CRE lending concentratio",https://www.sec.gov/Archives/edgar/data/1403475/000140347526000018/bmrc-20251231.htm
BMRC,10-K,2025-12-31,Bay Area,249762,"i-familyOfficeOfficeCountyDec 31, 2025Dec 31, 2024Dec 31, 2025Dec 312024Dec 31, 2025Dec 31,2024Dec 31, 2025Dec 31,2024Dec 31, 2025Dec 31,2024Sacramento20 %20 %26 %18 %17 %9 %5 %6 %21 %19 %Marin16 16 8 12 9 10 24 25 21 22 Napa16 16 7 4 5 5 8 9 17 21 Sonoma16 15 25 28 16 11 17 17 8 8 Alameda6 6 14 16 22 20 8 6 14 6 San Francisco3 3 9 12 19 30 16 18 5 18 Other bay area17 16 7 4 4 5 18 15 13 — Other6 8 4 6 8 10 4 4 1 6 Total100 %100 %100 %100 %100 %100 %100 %100 %100 %100 %With the heightened market concern about non-owner-occupied commercial real estate, and in particular the office sector, we are providing the following additional information: We continue to maintain diversity among property types and within our geograph",https://www.sec.gov/Archives/edgar/data/1403475/000140347526000018/bmrc-20251231.htm
BMRC,10-K,2025-12-31,Marin,75550,1403475us-gaap:DeferredBonusMembersrt:ManagementMember2025-01-012025-12-3100014034752025-01-0100014034752024-01-010001403475bmrc:DefinedContributionPlanthe401kPlanMember2025-01-012025-12-310001403475bmrc:DefinedContributionPlanthe401kPlanMember2024-01-012024-12-310001403475bmrc:DefinedContributionPlanthe401kPlanMember2023-01-012023-12-310001403475bmrc:BankOfMarinEmployeeStockOwnershipAndSavingsPlanMember2025-01-012025-12-310001403475bmrc:BankOfMarinEmployeeStockOwnershipAndSavingsPlanMember2024-01-012024-12-310001403475bmrc:BankOfMarinEmployeeStockOwnershipAndSavingsPlanMember2023-01-012023-12-310001403475us-gaap:DomesticCountryMember2025-12-310001403475us-gaap:StateAndLocalJurisdictionMember2025-12-310001403475bmrc,https://www.sec.gov/Archives/edgar/data/1403475/000140347526000018/bmrc-20251231.htm
BMRC,10-K,2025-12-31,Marin,84942,"49 FORM 10-K(Mark One) ☒ ANNUAL REPORT PURSUANT TO SECTION 13 OR 15(d) OF THE SECURITIES EXCHANGE ACT OF 1934 For the fiscal year ended December 31, 2025 OR ☐ TRANSITION REPORT PURSUANT TO SECTION 13 OR 15(d) OF THE SECURITIES EXCHANGE ACT OF 1934For the transition period from __________________ to __________________ Commission File Number 001-33572 Bank of Marin Bancorp (Exact name of Registrant as specified in its charter) California 20-8859754(State or other jurisdiction of incorporation or organization) (IRS Employer Identification No.)504 Redwood Blvd. Suite 100NovatoCA 94947(Address of principal executive office) (Zip Code) Registrant’s telephone number, including area code: (415) 763-4520 Securities registere",https://www.sec.gov/Archives/edgar/data/1403475/000140347526000018/bmrc-20251231.htm
BMRC,10-K,2025-12-31,Marin,91398,e-99Note 11: Income TaxesPage-100Note 12: Commitments and ContingenciesPage-103Note 13: Subordinated NotesPage-104Note 14: Concentrations of Credit RiskPage-105Note 15: Derivative Financial Instruments and Hedging ActivitiesPage-105Note 16: Regulatory MattersPage-107Note 17: Financial Instruments with Off-Balance Sheet RiskPage-108Note 18: Condensed Bank of Marin Bancorp Parent Only Financial StatementsPage-110Note 19: Restatement of Prior Period Financials (Quarterly Information Unaudited)Page-111ITEM 9.CHANGES IN AND DISAGREEMENTS WITH ACCOUNTANTS ON ACCOUNTING AND FINANCIAL DISCLOSUREPage-116ITEM 9A.CONTROLS AND PROCEDURESPage-116ITEM 9B.OTHER INFORMATIONPage-117ITEM 9C.DISCLOSURES REGARDING FOREIGN JURISDICTIONS,https://www.sec.gov/Archives/edgar/data/1403475/000140347526000018/bmrc-20251231.htm
BMRC,10-K,2025-12-31,Marin,92391,"TEM 13.CERTAIN RELATIONSHIPS AND RELATED TRANSACTIONS, AND DIRECTOR INDEPENDENCEPage-117ITEM 14.PRINCIPAL ACCOUNTANT FEES AND SERVICESPage-117PART IVPage-119ITEM 15.EXHIBITS AND FINANCIAL STATEMENT SCHEDULESPage-119ITEM 16.FORM 10-K SUMMARYPage-121SIGNATURESPage-1223PART I Explanatory NoteOn February 23, 2026, the Board of Directors (the “Board”) of Bank of Marin Bancorp (the “Company”), based on the recommendation of, and after consultation with, the Board’s Audit Committee, the Company’s management and the Company’s independent registered public accounting firm, Baker Tilly US, LLP, concluded that the Company’s previously issued audited consolidated financial statements as of and for the years ended December 31, 2",https://www.sec.gov/Archives/edgar/data/1403475/000140347526000018/bmrc-20251231.htm
BMRC,10-K,2025-12-31,Marin,99586,"ements speak only as of the date they are made. Bancorp undertakes no obligation to release publicly the result of any revisions to these forward-looking statements that may be made to reflect events or circumstances that occur after the date the forward-looking statements are made or to reflect the occurrence of unanticipated events.ITEM 1. BUSINESSBank of Marin (the “Bank”) was incorporated in August 1989, received its charter from the California Superintendent of Banks (now the Department of Financial Protection and Innovation or ""DFPI"") and commenced operations in January 1990. The Bank is an insured bank by the Federal Deposit Insurance Corporation (“FDIC”). Bank of Marin Bancorp (""Bancorp"") was formed in 2007 ",https://www.sec.gov/Archives/edgar/data/1403475/000140347526000018/bmrc-20251231.htm
BMRC,10-K,2025-12-31,Marin,100626,"6, as amended, and reporting and examination requirements by the Board of Governors of the Federal Reserve System (""Federal Reserve""). Bancorp files periodic reports and proxy statements with the Securities and Exchange Commission pursuant to the Securities Exchange Act of 1934, as amended.References in this report to “Bancorp” or the ""Company"" mean Bank of Marin Bancorp, parent holding company for the Bank. References to “we,” “our,” “us” mean the holding company and the Bank that are consolidated for financial reporting purposes.Virtually all of our business is conducted through Bancorp's subsidiary, Bank of Marin, which is headquartered in Novato, California. In addition to our headquarters and a regional office ",https://www.sec.gov/Archives/edgar/data/1403475/000140347526000018/bmrc-20251231.htm
BMRC,10-K,2025-12-31,Marin,103655,"We make international banking services available to our customers indirectly through other financial institutions with whom we have correspondent banking relationships.We hold no patents, licenses (other than licenses required by the appropriate banking regulatory agencies), franchises or concessions. The Bank has registered the service marks ""The Spirit of Marin,"" the words “Bank of Marin,” the Bank of Marin logo, and the Bank of Marin tagline, “Committed to your business and our community” with the United States Patent & Trademark Office. In addition, Bancorp has registered the service marks for the words “Bank of Marin Bancorp” and for the Bank of Marin Bancorp logo with the United States Patent & Trademark Offic",https://www.sec.gov/Archives/edgar/data/1403475/000140347526000018/bmrc-20251231.htm
BMRC,10-K,2025-12-31,Marin,104234,"red the service marks for the words “Bank of Marin Bancorp” and for the Bank of Marin Bancorp logo with the United States Patent & Trademark Office. All service marks registered by Bancorp or the Bank are registered on the United States Patent & Trademark Office Principal Register.Market AreaOur primary market area encompasses Alameda, Amador, Contra Costa, Marin, Napa, Placer, Sacramento, San Francisco, and Sonoma counties. Our customer base is primarily made up of business, not-for-profit and personal banking relationships within these market areas. As of December 31, 2025, the majority of our deposits were in Marin, Napa, Alameda and southern Sonoma counties, and approximately 62% of our deposits were from busine",https://www.sec.gov/Archives/edgar/data/1403475/000140347526000018/bmrc-20251231.htm
BMRC,10-K,2025-12-31,San Mateo,247855,"Estate LoansCountyAmountPercent of Commercial Real Estate LoansMarin$298,615 18 %Marin$303,255 19 %Sonoma265,542 16 Sonoma245,510 15 Alameda201,558 12 San Francisco211,254 13 San Francisco188,372 11 Alameda187,526 12 Sacramento177,277 11 Napa170,492 11 Napa173,587 10 Sacramento131,857 8 Contra Costa85,559 5 Contra Costa75,522 5 Solano51,948 3 Solano52,294 3 San Mateo40,511 2 Placer41,951 2 Placer39,355 2 San Mateo41,275 2 Santa Clara37,682 2 Santa Clara23,610 2 San Joaquin14,278 1 San Joaquin14,933 1 Orange10,234 1 El Dorado8,460 1 Other91,952 7 Other87,619 6 Total$1,676,470 100 %Total$1,595,558 100 %Commercial real estate loans increased by $80.9 million in 2025 to $1.676 billion from $1.596 billion at December 31, 202",https://www.sec.gov/Archives/edgar/data/1403475/000140347526000018/bmrc-20251231.htm
BMRC,10-K,2025-12-31,Santa Clara,247921,"in$298,615 18 %Marin$303,255 19 %Sonoma265,542 16 Sonoma245,510 15 Alameda201,558 12 San Francisco211,254 13 San Francisco188,372 11 Alameda187,526 12 Sacramento177,277 11 Napa170,492 11 Napa173,587 10 Sacramento131,857 8 Contra Costa85,559 5 Contra Costa75,522 5 Solano51,948 3 Solano52,294 3 San Mateo40,511 2 Placer41,951 2 Placer39,355 2 San Mateo41,275 2 Santa Clara37,682 2 Santa Clara23,610 2 San Joaquin14,278 1 San Joaquin14,933 1 Orange10,234 1 El Dorado8,460 1 Other91,952 7 Other87,619 6 Total$1,676,470 100 %Total$1,595,558 100 %Commercial real estate loans increased by $80.9 million in 2025 to $1.676 billion from $1.596 billion at December 31, 2024. The increase in 2025 was comprised of the $92.7 million increase ",https://www.sec.gov/Archives/edgar/data/1403475/000140347526000018/bmrc-20251231.htm
BMRC,10-K,2025-12-31,Santa Clara,251111,"4 Single family residential11,878 78.7 15,652 42.4 Total$15,101 100.0 %$36,970 100.0 %46(dollars in thousands; unaudited)December 31, 2025December 31, 2024County AmountPercent of Construction LoansCountyAmountPercent of Construction LoansSan Francisco$6,272 41.6 %San Francisco$24,706 66.8 %Napa5,468 36.2 Contra Costa4,682 12.7 Marin3,224 21.3 Marin2,995 8.1 Santa Clara137 0.9 Napa2,326 6.3 Placer— — Placer2,261 6.1 Total$15,101 100.0 %Total$36,970 100.0 %Construction loans decreased by $21.9 million in 2025 to $15.1 million from $37.0 million at December 31, 2024. The decrease in 2025 was primarily due to payoffs of $28.7 million offset by $6.7 million in advances on existing construction loans.Undisbursed construction lo",https://www.sec.gov/Archives/edgar/data/1403475/000140347526000018/bmrc-20251231.htm
BMRC,10-K,2025-12-31,Sonoma,104286,"ancorp” and for the Bank of Marin Bancorp logo with the United States Patent & Trademark Office. All service marks registered by Bancorp or the Bank are registered on the United States Patent & Trademark Office Principal Register.Market AreaOur primary market area encompasses Alameda, Amador, Contra Costa, Marin, Napa, Placer, Sacramento, San Francisco, and Sonoma counties. Our customer base is primarily made up of business, not-for-profit and personal banking relationships within these market areas. As of December 31, 2025, the majority of our deposits were in Marin, Napa, Alameda and southern Sonoma counties, and approximately 62% of our deposits were from businesses and 38% from consumers.CompetitionThe banking bu",https://www.sec.gov/Archives/edgar/data/1403475/000140347526000018/bmrc-20251231.htm
BMRC,10-K,2025-12-31,Sonoma,190305,"IESWe lease our corporate headquarters building in Novato, California, which houses loan production, operations, Wealth Management and Trust Services and administration. We lease branch and office facilities within our primary market areas in the cities of Corte Madera, San Rafael, Novato, Sausalito, Mill Valley, Greenbrae, Petaluma, Santa Rosa, Healdsburg, Sonoma, Napa, San Francisco, Alameda, Oakland, Walnut Creek, Gold River, Jackson, Roseville, and Sacramento. For additional information on properties, refer to Note 4, Bank Premises and Equipment, and Note 12, Commitments and Contingencies, in ITEM 8 of this report.ITEM 3. LEGAL PROCEEDINGS For information on litigation matters, see Note 12, Commitments and Contin",https://www.sec.gov/Archives/edgar/data/1403475/000140347526000018/bmrc-20251231.htm
BMRC,10-K,2025-12-31,Sonoma,247594,"ate loan concentrations by the county in which the property was located as of December 31, 2025 and 2024.Commercial Real Estate Loans Outstanding by County(dollars in thousands; unaudited)December 31, 2025December 31, 2024CountyAmountPercent of Commercial Real Estate LoansCountyAmountPercent of Commercial Real Estate LoansMarin$298,615 18 %Marin$303,255 19 %Sonoma265,542 16 Sonoma245,510 15 Alameda201,558 12 San Francisco211,254 13 San Francisco188,372 11 Alameda187,526 12 Sacramento177,277 11 Napa170,492 11 Napa173,587 10 Sacramento131,857 8 Contra Costa85,559 5 Contra Costa75,522 5 Solano51,948 3 Solano52,294 3 San Mateo40,511 2 Placer41,951 2 Placer39,355 2 San Mateo41,275 2 Santa Clara37,682 2 Santa Clara23,610 2",https://www.sec.gov/Archives/edgar/data/1403475/000140347526000018/bmrc-20251231.htm
BMRC,10-K,2025-12-31,Sonoma,249651,"Real Estate Loans by Type and CountyNon-owner occupiedOwner-occupied(unaudited)RetailWarehouse & industrialMulti-familyOfficeOfficeCountyDec 31, 2025Dec 31, 2024Dec 31, 2025Dec 312024Dec 31, 2025Dec 31,2024Dec 31, 2025Dec 31,2024Dec 31, 2025Dec 31,2024Sacramento20 %20 %26 %18 %17 %9 %5 %6 %21 %19 %Marin16 16 8 12 9 10 24 25 21 22 Napa16 16 7 4 5 5 8 9 17 21 Sonoma16 15 25 28 16 11 17 17 8 8 Alameda6 6 14 16 22 20 8 6 14 6 San Francisco3 3 9 12 19 30 16 18 5 18 Other bay area17 16 7 4 4 5 18 15 13 — Other6 8 4 6 8 10 4 4 1 6 Total100 %100 %100 %100 %100 %100 %100 %100 %100 %100 %With the heightened market concern about non-owner-occupied commercial real estate, and in particular the office sector, we are providing the",https://www.sec.gov/Archives/edgar/data/1403475/000140347526000018/bmrc-20251231.htm
BMRC,10-K,2025-12-31,Sonoma,386766,"lly all of our loans are from customers located in Northern California. Approximately 90% and 89% of total loans were secured by real estate at December 31, 2025 and 2024, respectively. At December 31, 2025 and 2024, 79% and 77%, respectively, of our total loans were commercial real estate, the majority of which were secured by real estate located in Marin, Sonoma, San Francisco, Alameda, Napa, Sacramento, and Contra Costa counties (California).Commercial and Industrial Loans: Commercial loans are generally made to established small and mid-sized businesses to provide financing for their growth and working capital needs, equipment purchases and acquisitions. Management examines historical, current, and projected cash",https://www.sec.gov/Archives/edgar/data/1403475/000140347526000018/bmrc-20251231.htm
BMRC,10-K,2025-12-31,Washington,84562,"01-012024-06-300001403475srt:RevisionOfPriorPeriodErrorCorrectionAdjustmentMember2024-01-012024-06-3000014034752024-01-012024-06-300001403475srt:ScenarioPreviouslyReportedMember2024-01-012024-03-310001403475srt:RevisionOfPriorPeriodErrorCorrectionAdjustmentMember2024-01-012024-03-3100014034752024-01-012024-03-31UNITED STATESSECURITIES AND EXCHANGE COMMISSIONWashington, D.C. 20549 FORM 10-K(Mark One) ☒ ANNUAL REPORT PURSUANT TO SECTION 13 OR 15(d) OF THE SECURITIES EXCHANGE ACT OF 1934 For the fiscal year ended December 31, 2025 OR ☐ TRANSITION REPORT PURSUANT TO SECTION 13 OR 15(d) OF THE SECURITIES EXCHANGE ACT OF 1934For the transition period from __________________ to __________________ Commission File Number 001-3357",https://www.sec.gov/Archives/edgar/data/1403475/000140347526000018/bmrc-20251231.htm
BMRC,10-K,2025-12-31,commercial real estate,101409,"nches and 8 commercial banking offices across Northern California with a strong emphasis on supporting local communities. Our customer base is comprised of business, not-for-profit, and personal banking relationships within our Northern California footprint. Our business banking focus is on small to medium-sized businesses, not-for-profit organizations, and commercial real estate investors. We offer a suite of business and personal financial products and services designed to meet the needs of our customers. Our lending categories include commercial real estate loans, commercial and industrial loans (including small business loans), construction financing, consumer loans, and home equity lines of credit. Through third-party vendors, ",https://www.sec.gov/Archives/edgar/data/1403475/000140347526000018/bmrc-20251231.htm
BMRC,10-K,2025-12-31,commercial real estate,169055,"ions negatively affect the California markets in which we operate and small to medium-sized businesses are adversely affected or our borrowers are otherwise affected by adverse business developments, our business, financial condition and results of operations may be negatively affected. Negative Conditions Affecting Real Estate May Harm Our Business and Our Commercial Real Estate Concentration May Heighten Such RiskConcentration of our lending activities in the California real estate sector could negatively affect our results of operations if adverse changes in our lending area occur. As of December 31, 2025, approximately 90% of our loans had real estate as a primary or secondary component of collateral, which were comprised of 72%",https://www.sec.gov/Archives/edgar/data/1403475/000140347526000018/bmrc-20251231.htm
BMRC,10-K,2025-12-31,commercial real estate,169438,"Concentration May Heighten Such RiskConcentration of our lending activities in the California real estate sector could negatively affect our results of operations if adverse changes in our lending area occur. As of December 31, 2025, approximately 90% of our loans had real estate as a primary or secondary component of collateral, which were comprised of 72% commercial real estate, 27% residential real estate and 1% land. Real estate valuations are influenced by demand, and demand is driven by economic factors such as employment rates and interest rates.20Loans secured by CRE include those secured by office buildings, owner-user office/warehouses, mixed-use commercial, retail properties and multi-family residential real estate. There",https://www.sec.gov/Archives/edgar/data/1403475/000140347526000018/bmrc-20251231.htm
BMRC,10-K,2025-12-31,commercial real estate,170675,"e see the discussion titled “FINANCIAL CONDITION – Loans” herein.Rising CRE lending concentrations may expose institutions to unanticipated earnings and capital volatility in the event of adverse changes in the CRE market. Concentration risk exists when financial institutions deploy too many assets to any one industry or segment. Concentration stemming from commercial real estate is one area of regulatory concern. The CRE Concentration Guidance provides supervisory criteria, including the following numerical indicators, to assist bank examiners in identifying banks with potentially significant commercial real estate loan concentrations that may warrant greater supervisory scrutiny: (i) total commercial real estate loans exceeding 30",https://www.sec.gov/Archives/edgar/data/1403475/000140347526000018/bmrc-20251231.htm
BMRC,10-K,2025-12-31,commercial real estate,171266,"gnificant commercial real estate loan concentrations that may warrant greater supervisory scrutiny: (i) total commercial real estate loans exceeding 300% of capital and increasing 50% or more in the preceding three years; or (ii) construction and land development loans exceeding 100% of capital. The CRE Concentration Guidance does not limit banks’ levels of commercial real estate lending activities, but rather guides institutions in developing risk management practices and levels of capital that are commensurate with the level and nature of their commercial real estate concentrations. As of December 31, 2025 and 2024, using regulatory definitions in the CRE Concentration Guidance, our CRE loans represented 350% and 311%, respectivel",https://www.sec.gov/Archives/edgar/data/1403475/000140347526000018/bmrc-20251231.htm
BMRC,10-K,2025-12-31,commercial real estate,213893,"ollowing are highlights of operating and financial performance for the year ended December 31, 2025:•Loans increased $37.6 million during the year ended December 31, 2025, to $2.121 billion, compared to $2.083 billion at December 31, 2024. The growth was spread across multiple geographic regions in Northern California and primarily within the commercial and commercial real estate sectors. Loan originations funded totaled $273.5 million for the year ended December 31, 2025, compared to $152.6 million for the prior year.•Classified loans made up 1.51% of total loans as of December 31, 2025, compared to 2.17% as of December 31, 2024. The Bank continues to proactively identify and manage credit risk within the loan portfolio. Classified",https://www.sec.gov/Archives/edgar/data/1403475/000140347526000018/bmrc-20251231.htm
BMRC,10-K,2025-12-31,commercial real estate,214889,"ly offset by downgrades to classified loans totaling approximately $942 thousand in 2025.•Non-accrual loans totaled $26.9 million, or 1.27% of the loan portfolio, compared to $33.9 million, or 1.63%, as of December 31, 2025 and 2024, respectively. The decrease of $7.0 million in 2025 was primarily due to payoffs of $4.4 million, the sale of one $2.1 million commercial real estate loan which resulted in an $809 thousand charge-off, and paydowns of $1.6 million in addition to upgrades of approximately $700 thousand. Of the total non-accrual loans as of December 31, 2025, approximately 68% were paying as agreed, 97% were real estate secured, and all are being closely managed and monitored.•We recorded a $375 thousand provision for cred",https://www.sec.gov/Archives/edgar/data/1403475/000140347526000018/bmrc-20251231.htm
BMRC,10-K,2025-12-31,commercial real estate,215506,"97% were real estate secured, and all are being closely managed and monitored.•We recorded a $375 thousand provision for credit losses on loans in 2025 primarily due to loan growth and a modest deterioration in the economic forecast, compared to a $5.6 million provision for credit losses on loans in 2024, including a $6.6 million specific reserve taken on a commercial real estate loan as a result of declining collateral values, partially offset by other factors. The allowance for credit losses as of December 31, 2025 was 1.42% of total loans, compared to 1.47% as of December 31, 2024. •Total deposits increased by $195.5 million to $3.416 billion as of December 31, 2025, from $3.220 billion as of December 31, 2024. Non-interest beari",https://www.sec.gov/Archives/edgar/data/1403475/000140347526000018/bmrc-20251231.htm
BMRC,10-K,2025-12-31,concentration,9956,rbmrc:OtherResidentialLoanMember2025-12-310001403475us-gaap:ResidentialPortfolioSegmentMemberbmrc:OtherResidentialLoanMember2024-12-310001403475us-gaap:ConsumerPortfolioSegmentMemberbmrc:InstallmentAndOtherConsumerMember2025-12-310001403475us-gaap:ConsumerPortfolioSegmentMemberbmrc:InstallmentAndOtherConsumerMember2024-12-310001403475bmrc:CollateralAssetTypeConcentrationRiskMemberbmrc:SecuredLoanAssetTypeBenchmarkMemberus-gaap:RealEstateLoanMember2025-01-012025-12-310001403475bmrc:CollateralAssetTypeConcentrationRiskMemberbmrc:SecuredLoanAssetTypeBenchmarkMemberus-gaap:RealEstateLoanMember2024-01-012024-12-310001403475us-gaap:CommercialRealEstatePortfolioSegmentMemberbmrc:FinancingReceivableClassConcentrationRiskMemberbmrc:,https://www.sec.gov/Archives/edgar/data/1403475/000140347526000018/bmrc-20251231.htm
BMRC,10-K,2025-12-31,concentration,10481,berbmrc:SecuredLoanAssetTypeBenchmarkMemberus-gaap:RealEstateLoanMember2024-01-012024-12-310001403475us-gaap:CommercialRealEstatePortfolioSegmentMemberbmrc:FinancingReceivableClassConcentrationRiskMemberbmrc:FinancingReceivablePortfolioBenchmarkMember2025-01-012025-12-310001403475us-gaap:CommercialRealEstatePortfolioSegmentMemberbmrc:FinancingReceivableClassConcentrationRiskMemberbmrc:FinancingReceivablePortfolioBenchmarkMember2024-01-012024-12-310001403475us-gaap:CommercialPortfolioSegmentMemberbmrc:CommercialAndIndustrialMemberus-gaap:PassMember2025-12-310001403475us-gaap:CommercialPortfolioSegmentMemberbmrc:CommercialAndIndustrialMemberus-gaap:SpecialMentionMember2025-12-310001403475us-gaap:CommercialPortfolioSegmentMemb,https://www.sec.gov/Archives/edgar/data/1403475/000140347526000018/bmrc-20251231.htm
BMRC,10-K,2025-12-31,concentration,76735,srt:MaximumMember2025-12-3100014034752024-09-300001403475bmrc:A2035NotesMemberus-gaap:SubordinatedDebtMember2025-11-192025-11-190001403475bmrc:A2035NotesMemberus-gaap:SubordinatedDebtMember2025-12-310001403475bmrc:A2035NotesMemberus-gaap:SubordinatedDebtMember2025-01-012025-12-310001403475bmrc:USGovernmentAndGovernmentSponsoredEnterprisesMemberus-gaap:CreditConcentrationRiskMemberus-gaap:USTreasuryAndGovernmentMember2025-01-012025-12-310001403475bmrc:USGovernmentAndGovernmentSponsoredEnterprisesMemberus-gaap:CreditConcentrationRiskMemberus-gaap:USTreasuryAndGovernmentMember2024-01-012024-12-310001403475bmrc:USGovernmentAndGovernmentSponsoredEnterprisesMemberus-gaap:CreditConcentrationRiskMemberus-gaap:MortgageBackedSecuriti,https://www.sec.gov/Archives/edgar/data/1403475/000140347526000018/bmrc-20251231.htm
BMRC,10-K,2025-12-31,concentration,77250,reditConcentrationRiskMemberus-gaap:USTreasuryAndGovernmentMember2024-01-012024-12-310001403475bmrc:USGovernmentAndGovernmentSponsoredEnterprisesMemberus-gaap:CreditConcentrationRiskMemberus-gaap:MortgageBackedSecuritiesIssuedByPrivateEnterprisesMember2025-01-012025-12-310001403475us-gaap:MortgageBackedSecuritiesIssuedByPrivateEnterprisesMemberus-gaap:CreditConcentrationRiskMemberus-gaap:MortgageBackedSecuritiesIssuedByPrivateEnterprisesMember2024-01-012024-12-310001403475us-gaap:MortgageBackedSecuritiesIssuedByPrivateEnterprisesMemberus-gaap:CreditConcentrationRiskMemberus-gaap:MortgageBackedSecuritiesIssuedByPrivateEnterprisesMember2025-01-012025-12-310001403475bmrc:SanFranciscoMemberus-gaap:CommercialRealEstatePortfolioS,https://www.sec.gov/Archives/edgar/data/1403475/000140347526000018/bmrc-20251231.htm
BMRC,10-K,2025-12-31,concentration,77668,uedByPrivateEnterprisesMember2024-01-012024-12-310001403475us-gaap:MortgageBackedSecuritiesIssuedByPrivateEnterprisesMemberus-gaap:CreditConcentrationRiskMemberus-gaap:MortgageBackedSecuritiesIssuedByPrivateEnterprisesMember2025-01-012025-12-310001403475bmrc:SanFranciscoMemberus-gaap:CommercialRealEstatePortfolioSegmentMemberbmrc:FinancingReceivablePortfolioConcentrationRiskMemberus-gaap:FinanceReceivablesMember2025-01-012025-12-310001403475bmrc:CommercialRealEstateLoanNonOwnerOccupiedMemberbmrc:FinancingReceivablePortfolioConcentrationRiskMemberbmrc:SanFranciscoMemberus-gaap:CommercialRealEstatePortfolioSegmentMemberus-gaap:FinanceReceivablesMember2025-01-012025-12-310001403475us-gaap:CustomerConcentrationRiskMemberus-gaap,https://www.sec.gov/Archives/edgar/data/1403475/000140347526000018/bmrc-20251231.htm
BMRC,10-K,2025-12-31,concentration,78112,5bmrc:CommercialRealEstateLoanNonOwnerOccupiedMemberbmrc:FinancingReceivablePortfolioConcentrationRiskMemberbmrc:SanFranciscoMemberus-gaap:CommercialRealEstatePortfolioSegmentMemberus-gaap:FinanceReceivablesMember2025-01-012025-12-310001403475us-gaap:CustomerConcentrationRiskMemberus-gaap:FinanceReceivablesMember2024-01-012024-12-310001403475us-gaap:CustomerConcentrationRiskMemberus-gaap:FinanceReceivablesMember2025-01-012025-12-310001403475us-gaap:ResidentialPortfolioSegmentMemberus-gaap:CustomerConcentrationRiskMemberus-gaap:FinanceReceivablesMember2025-01-012025-12-310001403475us-gaap:ResidentialPortfolioSegmentMemberus-gaap:CustomerConcentrationRiskMemberus-gaap:FinanceReceivablesMember2024-01-012024-12-310001403475us-g,https://www.sec.gov/Archives/edgar/data/1403475/000140347526000018/bmrc-20251231.htm
BMRC,10-K,2025-12-31,concentration,91161,s and EquipmentPage-91Note 5: Bank Owned Life InsurancePage-91Note 6: DepositsPage-91Note 7: BorrowingsPage-92Note 8: Stockholders' Equity and Stock PlansPage-92Note 9: Fair Value of Assets and LiabilitiesPage-97Note 10: Benefit PlansPage-99Note 11: Income TaxesPage-100Note 12: Commitments and ContingenciesPage-103Note 13: Subordinated NotesPage-104Note 14: Concentrations of Credit RiskPage-105Note 15: Derivative Financial Instruments and Hedging ActivitiesPage-105Note 16: Regulatory MattersPage-107Note 17: Financial Instruments with Off-Balance Sheet RiskPage-108Note 18: Condensed Bank of Marin Bancorp Parent Only Financial StatementsPage-110Note 19: Restatement of Prior Period Financials (Quarterly Information Unaudited)P,https://www.sec.gov/Archives/edgar/data/1403475/000140347526000018/bmrc-20251231.htm
BMRC,10-K,2025-12-31,concentration,146325,"er Banking Institutions Could Lead to Depositor Concerns That Spread Within the Banking Industry Causing Disruptive Deposit Outflows and Other Destabilizing Results That Could Adversely Affect Our Liquidity, Business, Financial Condition and Results of OperationsIn the first and second quarters of 2023, certain specialized banking institutions with elevated concentrations of uninsured deposits experienced large deposit outflows, resulting in the institutions being placed into FDIC receiverships. In addition, media and market coverage of the Bay Area economy and local financial institutions, have generated significant market volatility among publicly traded bank holding companies and, in particular, regional and community ba",https://www.sec.gov/Archives/edgar/data/1403475/000140347526000018/bmrc-20251231.htm
BMRC,10-K,2025-12-31,construction and land development,171136,"ervisory criteria, including the following numerical indicators, to assist bank examiners in identifying banks with potentially significant commercial real estate loan concentrations that may warrant greater supervisory scrutiny: (i) total commercial real estate loans exceeding 300% of capital and increasing 50% or more in the preceding three years; or (ii) construction and land development loans exceeding 100% of capital. The CRE Concentration Guidance does not limit banks’ levels of commercial real estate lending activities, but rather guides institutions in developing risk management practices and levels of capital that are commensurate with the level and nature of their commercial real estate concentrations. As of December 31, 2025 and 202",https://www.sec.gov/Archives/edgar/data/1403475/000140347526000018/bmrc-20251231.htm
BMRC,10-K,2025-12-31,market area,104156," the United States Patent & Trademark Office. In addition, Bancorp has registered the service marks for the words “Bank of Marin Bancorp” and for the Bank of Marin Bancorp logo with the United States Patent & Trademark Office. All service marks registered by Bancorp or the Bank are registered on the United States Patent & Trademark Office Principal Register.Market AreaOur primary market area encompasses Alameda, Amador, Contra Costa, Marin, Napa, Placer, Sacramento, San Francisco, and Sonoma counties. Our customer base is primarily made up of business, not-for-profit and personal banking relationships within these market areas. As of December 31, 2025, the majority of our deposits were in Marin, Napa, Alameda and southern",https://www.sec.gov/Archives/edgar/data/1403475/000140347526000018/bmrc-20251231.htm
BMRC,10-K,2025-12-31,market area,104695,"ade up of business, not-for-profit and personal banking relationships within these market areas. As of December 31, 2025, the majority of our deposits were in Marin, Napa, Alameda and southern Sonoma counties, and approximately 62% of our deposits were from businesses and 38% from consumers.CompetitionThe banking business in California generally, and in our market area specifically, is highly competitive with respect to attracting both loan and deposit relationships. The increasingly competitive environment is affected by changes in regulation, interest rates, technology and product delivery systems, and consolidation among financial service providers. The banking industry is seeing strong competition for high quality loa",https://www.sec.gov/Archives/edgar/data/1403475/000140347526000018/bmrc-20251231.htm
BMRC,10-K,2025-12-31,market area,105940,"reater lending limits and the ability to offer certain services, which are not offered directly by us. Other competitors for depositors' funds are money market mutual funds and non-bank financial institutions such as brokerage firms and insurance companies. We differentiate ourselves from the numerous, and often larger, financial institutions in our primary market area with a business model built on relationship banking, exemplary service, disciplined fundamentals, local decision making and commitment to the communities we serve. The Bank's experienced professionals deliver innovative and custom financing, with a deep local market knowledge and a personal understanding of each customer's unique needs.6Human Capital Resour",https://www.sec.gov/Archives/edgar/data/1403475/000140347526000018/bmrc-20251231.htm
BMRC,10-K,2025-12-31,market area,190172,"urity risks and are responsible for implementing and maintaining the Company’s cybersecurity risk management program. ITEM 2. PROPERTIESWe lease our corporate headquarters building in Novato, California, which houses loan production, operations, Wealth Management and Trust Services and administration. We lease branch and office facilities within our primary market areas in the cities of Corte Madera, San Rafael, Novato, Sausalito, Mill Valley, Greenbrae, Petaluma, Santa Rosa, Healdsburg, Sonoma, Napa, San Francisco, Alameda, Oakland, Walnut Creek, Gold River, Jackson, Roseville, and Sacramento. For additional information on properties, refer to Note 4, Bank Premises and Equipment, and Note 12, Commitments and Contingencie",https://www.sec.gov/Archives/edgar/data/1403475/000140347526000018/bmrc-20251231.htm
BMRC,10-K,2025-12-31,multifamily,250675,"ed commercial real estate portfolio. The following table shows an analysis of construction loans by type and county as of December 31, 2025 and 2024.Construction Loans Outstanding by Type and County(dollars in thousands; unaudited)December 31, 2025December 31, 2024Loan Type AmountPercent of Construction LoansAmountPercent of Construction LoansApartments and multifamily$3,223 21.3 %$19,057 51.5 %Commercial real estate— — 2,261 6.1 1-4 Single family residential11,878 78.7 15,652 42.4 Total$15,101 100.0 %$36,970 100.0 %46(dollars in thousands; unaudited)December 31, 2025December 31, 2024County AmountPercent of Construction LoansCountyAmountPercent of Construction LoansSan Francisco$6,272 41.6 %San Francisco$24,706 66.8 %Napa",https://www.sec.gov/Archives/edgar/data/1403475/000140347526000018/bmrc-20251231.htm
BMRC,10-K,2025-12-31,multifamily,330235,"Secured by farmland (including residential and other improvements)- Revolving, open-end loans secured by 1-4 family residential properties and extended under linesof credit- Closed-end loans secured by 1-4 family residential properties, secured by first liens- Closed-end loans secured by 1-4 family residential properties, secured by junior liens- Secured by multifamily (5 or more) residential properties- Commercial real estate loans secured by owner-occupied non-farm nonresidential properties- Commercial real estate loans secured by other non-farm nonresidential properties•Loans to finance agricultural production and other loans to farmers•Commercial and industrial loans•Loans to individuals for household, family and othe",https://www.sec.gov/Archives/edgar/data/1403475/000140347526000018/bmrc-20251231.htm
BMRC,10-K,2025-12-31,non-owner occupied,228220,"creased by loans charged off.The following table shows the activity for the periods presented.Years ended December 31,(dollars in thousands)202520242023Provision for (reversal of) credit losses on loans$375 $5,550 $2,575 The provision in 2025 was due primarily to the $37.6 million net increase in loans during the year including the $92.7 million increase in non-owner occupied commercial real estate loans, partially offset by the $32.6 million decrease in other residential real estate loans. In addition to this pooled loan growth, the peer group used in our loss driver analysis was updated in 2025, and the fourth quarter of 2025 showed a modest deterioration in Moody's economic forecast over the next four quarters. Partially offs",https://www.sec.gov/Archives/edgar/data/1403475/000140347526000018/bmrc-20251231.htm
BMRC,10-K,2025-12-31,non-owner occupied,229021,"s in areas including staff experience and graded/delinquent/non-accrual loans and specific reserve adjustments. The provision in 2024 was due primarily to increases in qualitative risk factors to account for continued uncertainty about inflation and recession risks, and from continued negative trends in adversely graded loans and/or collateral values on our non-owner occupied commercial real estate office and multi-family real estate portfolios including $5.2 million taken in the second quarter due to a $6.6 million increased individual reserve for one non-owner occupied commercial real estate loan totaling $16.7 million that, although current, had experienced a deterioration in the collateral value and, therefore, a material in",https://www.sec.gov/Archives/edgar/data/1403475/000140347526000018/bmrc-20251231.htm
BMRC,10-K,2025-12-31,non-owner occupied,230002,"xternal factors on both our non-owner-occupied commercial real estate and construction portfolios, loan and collateral concentration risks in our construction and commercial real estate portfolios, heightened portfolio management in light of current economic conditions, and continued negative trends in adversely graded loans and/or collateral values for our non-owner occupied commercial real estate office and multi-family real estate portfolios. 38Non-interest Income The table below details the components of non-interest income.2025 compared to 20242024 compared to 2023 Years ended December 31,Amount Increase (Decrease)Percent Increase (Decrease)Amount Increase (Decrease)Percent Increase (Decrease)(dollars in thousands; unaudite",https://www.sec.gov/Archives/edgar/data/1403475/000140347526000018/bmrc-20251231.htm
BMRC,10-K,2025-12-31,non-owner occupied,245722,"rers' strength)•Credit ratings by major credit rating agenciesLoansLoans Outstanding by Class and Percent of TotalDecember 31, 2025December 31, 2024(in thousands; unaudited)Amortized CostPercent of TotalAmortized CostPercent of TotalCommercial and industrial$159,898 7.5 %$152,263 7.3 %Real estate Commercial owner-occupied310,219 14.6 321,962 15.5 Commercial non-owner occupied1,366,251 64.5 1,273,596 61.1 Construction15,101 0.7 36,970 1.8 Home equity99,222 4.7 88,325 4.2 Other residential110,614 5.2 143,207 6.9 Installment and other consumer59,548 2.8 66,933 3.2 Total loans, at amortized cost2,120,853 100.0 %2,083,256 100.0 %Allowance for credit losses on loans(30,089)(30,656)Total loans, net of allowance for credit losses$2,090,",https://www.sec.gov/Archives/edgar/data/1403475/000140347526000018/bmrc-20251231.htm
BMRC,10-K,2025-12-31,non-owner occupied,246317,"ost2,120,853 100.0 %2,083,256 100.0 %Allowance for credit losses on loans(30,089)(30,656)Total loans, net of allowance for credit losses$2,090,764 $2,052,600 Loans increased by $37.6 million in 2025, or 1.8%, to $2.121 billion as of December 31, 2025, from $2.083 billion as of December 31, 2024 and was primarily due to a $92.7 million increase in commercial non-owner occupied real estate loans, offset by a decrease of $32.6 million in residential real estate loans and a decrease of $21.9 million in 44construction loans. Organic loan originations were $273.5 million in 2025, compared to $152.6 million in 2024. There were loan purchases of approximately $250 thousand in 2025 compared to $35.7 million in 2024. Payoffs were $145.7 m",https://www.sec.gov/Archives/edgar/data/1403475/000140347526000018/bmrc-20251231.htm
BMRC,10-K,2025-12-31,non-owner occupied,248303,"nta Clara23,610 2 San Joaquin14,278 1 San Joaquin14,933 1 Orange10,234 1 El Dorado8,460 1 Other91,952 7 Other87,619 6 Total$1,676,470 100 %Total$1,595,558 100 %Commercial real estate loans increased by $80.9 million in 2025 to $1.676 billion from $1.596 billion at December 31, 2024. The increase in 2025 was comprised of the $92.7 million increase within the non-owner occupied loan portfolio, partially offset by the $11.7 million decrease within the owner-occupied loan portfolio. Of the commercial real estate loans as of December 31, 2025, 81% were non-owner occupied and 19% were owner-occupied. Almost the entire commercial real estate loan portfolio is comprised of term loans for which the primary source of repayment is either t",https://www.sec.gov/Archives/edgar/data/1403475/000140347526000018/bmrc-20251231.htm
BMRC,10-K,2025-12-31,non-owner occupied,248875," and 19% were owner-occupied. Almost the entire commercial real estate loan portfolio is comprised of term loans for which the primary source of repayment is either the cash flow from leasing activities of the real estate collateral or the operating cash flow of the owner occupant.45Non-owner and Owner Occupied Real Estate Loans by Type(unaudited)Percent of Non-owner Occupied Commercial Real Estate LoansPercent of Owner-Occupied Commercial Real Estate LoansCountyDecember 31, 2025December 31, 2024December 31, 2025December 31, 2024Office27 %27 %19 %19 %Retail18 20 7 7 Multi-family18 16 — — Warehouse & industrial13 11 25 23 Mixed use7 9 3 2 School— — 14 15 Wine— — 10 10 Church— — 5 6 Gas/auto— — 9 8 Health club— — 3 4 Other17 17 5 ",https://www.sec.gov/Archives/edgar/data/1403475/000140347526000018/bmrc-20251231.htm
BMRC,10-K,2025-12-31,non-owner occupied,249327,"ate LoansCountyDecember 31, 2025December 31, 2024December 31, 2025December 31, 2024Office27 %27 %19 %19 %Retail18 20 7 7 Multi-family18 16 — — Warehouse & industrial13 11 25 23 Mixed use7 9 3 2 School— — 14 15 Wine— — 10 10 Church— — 5 6 Gas/auto— — 9 8 Health club— — 3 4 Other17 17 5 6 Total100 %100 %100 %100 %Commercial Real Estate Loans by Type and CountyNon-owner occupiedOwner-occupied(unaudited)RetailWarehouse & industrialMulti-familyOfficeOfficeCountyDec 31, 2025Dec 31, 2024Dec 31, 2025Dec 312024Dec 31, 2025Dec 31,2024Dec 31, 2025Dec 31,2024Dec 31, 2025Dec 31,2024Sacramento20 %20 %26 %18 %17 %9 %5 %6 %21 %19 %Marin16 16 8 12 9 10 24 25 21 22 Napa16 16 7 4 5 5 8 9 17 21 Sonoma16 15 25 28 16 11 17 17 8 8 Alameda6 6 14 16 22 ",https://www.sec.gov/Archives/edgar/data/1403475/000140347526000018/bmrc-20251231.htm
BMRC,10-K,2025-12-31,office,1007,ableAndOtherAssetsP5Yhttp://fasb.org/us-gaap/2025#PropertyPlantAndEquipmentAndFinanceLeaseRightOfUseAssetAfterAccumulatedDepreciationAndAmortizationhttp://fasb.org/us-gaap/2025#PropertyPlantAndEquipmentAndFinanceLeaseRightOfUseAssetAfterAccumulatedDepreciationAndAmortizationiso4217:USDxbrli:sharesiso4217:USDxbrli:sharesbmrc:retailBranchbmrc:commercialBankingOfficebmrc:segmentbmrc:paymentxbrli:purebmrc:securitybmrc:loanbmrc:interest_rate_swap00014034752025-01-012025-12-3100014034752025-06-3000014034752026-02-2700014034752025-12-3100014034752024-12-3100014034752024-01-012024-12-3100014034752023-01-012023-12-310001403475us-gaap:FiduciaryAndTrustMember2025-01-012025-12-310001403475us-gaap:FiduciaryAndTrustMember2024-01-0,https://www.sec.gov/Archives/edgar/data/1403475/000140347526000018/bmrc-20251231.htm
BMRC,10-K,2025-12-31,office,58322,atedFinancingReceivablesMember2023-01-012023-12-310001403475srt:FederalHomeLoanBankOfSanFranciscoMember2025-12-310001403475srt:FederalHomeLoanBankOfSanFranciscoMember2024-12-310001403475bmrc:OtherResidentialLoanMemberbmrc:FederalReserveBankMember2025-12-310001403475bmrc:OtherResidentialLoanMemberbmrc:FederalReserveBankMember2024-12-310001403475bmrc:DirectorsOfficersPrincipalShareholdersAndAssociatesMember2025-12-310001403475bmrc:DirectorsOfficersPrincipalShareholdersAndAssociatesMember2024-12-310001403475us-gaap:LeaseholdImprovementsMember2025-12-310001403475us-gaap:LeaseholdImprovementsMember2024-12-310001403475us-gaap:FurnitureAndFixturesMember2024-12-310001403475us-gaap:BuildingMember2025-12-310001403475us-gaap:Bu,https://www.sec.gov/Archives/edgar/data/1403475/000140347526000018/bmrc-20251231.htm
BMRC,10-K,2025-12-31,office,63798,017-01-012017-12-310001403475srt:MaximumMemberbmrc:EmployeeStockPurchasePlan2017Member2017-01-012017-12-310001403475bmrc:EmployeeStockPurchasePlan2017Member2017-01-012017-12-310001403475bmrc:EmployeeStockPurchasePlan2017Member2025-12-310001403475bmrc:The2017EquityPlanMember2025-12-310001403475us-gaap:EmployeeStockOptionMemberbmrc:The2017EquityPlanMemberbmrc:OfficersAndEmployeesMember2025-01-012025-12-310001403475us-gaap:EmployeeStockOptionMemberbmrc:The2017EquityPlanMemberbmrc:NonEmployeeDirectorsMember2025-01-012025-12-310001403475us-gaap:PerformanceSharesMember2025-01-012025-12-310001403475srt:MinimumMemberus-gaap:PerformanceSharesMember2025-01-012025-12-310001403475srt:MaximumMemberus-gaap:PerformanceSharesMember2,https://www.sec.gov/Archives/edgar/data/1403475/000140347526000018/bmrc-20251231.htm
BMRC,10-K,2025-12-31,office,65558,75bmrc:RestrictedStockAndOptionsMember2023-01-012023-12-310001403475bmrc:RestrictedStockAndOptionsMember2024-01-012024-12-310001403475us-gaap:SubsequentEventMember2026-01-222026-01-2200014034752025-07-2400014034752023-01-012025-07-310001403475us-gaap:EmployeeStockOptionMemberus-gaap:ShareBasedCompensationAwardTrancheTwoMemberbmrc:The2017EquityPlanMemberbmrc:OfficersAndEmployeesMember2025-01-012025-12-310001403475us-gaap:EmployeeStockOptionMemberus-gaap:ShareBasedCompensationAwardTrancheThreeMemberbmrc:The2017EquityPlanMemberbmrc:OfficersAndEmployeesMember2025-01-012025-12-310001403475us-gaap:EmployeeStockOptionMemberus-gaap:ShareBasedCompensationAwardTrancheOneMemberbmrc:The2017EquityPlanMemberbmrc:OfficersAndEmploye,https://www.sec.gov/Archives/edgar/data/1403475/000140347526000018/bmrc-20251231.htm
BMRC,10-K,2025-12-31,office,85201,"sition period from __________________ to __________________ Commission File Number 001-33572 Bank of Marin Bancorp (Exact name of Registrant as specified in its charter) California 20-8859754(State or other jurisdiction of incorporation or organization) (IRS Employer Identification No.)504 Redwood Blvd. Suite 100NovatoCA 94947(Address of principal executive office) (Zip Code) Registrant’s telephone number, including area code: (415) 763-4520 Securities registered pursuant to Section 12 (b) of the Act:NoneSecurities registered pursuant to section 12(g) of the Act:Title of each classTrading symbolName of each exchange on which registered Common Stock, No Par ValueBMRCThe Nasdaq Stock Market Indicate by check mark if th",https://www.sec.gov/Archives/edgar/data/1403475/000140347526000018/bmrc-20251231.htm
BMRC,10-K,2025-12-31,office,88147,"e by check mark whether the financial statements of the registrant included in the filing reflect the correction of an error to previously issued financial statements. ☒Indicate by check mark whether any of those error corrections are restatements that required a recovery analysis of incentive-based compensation received by any of the registrant's executive officers during the relevant recovery period pursuant to §240.10D-1(b). ☒ Indicate by check mark if the registrant is a shell company, as defined in Rule 12b-2 of the Exchange Act. Yes ☐ No ☒ As of June 30, 2025, the last business day of the registrant's most recently completed second fiscal quarter, the aggregate market value of the voting common equity held by n",https://www.sec.gov/Archives/edgar/data/1403475/000140347526000018/bmrc-20251231.htm
BMRC,10-K,2025-12-31,office,88715,"025, the last business day of the registrant's most recently completed second fiscal quarter, the aggregate market value of the voting common equity held by non-affiliates, based upon the closing price per share of the registrant's common stock as reported by the Nasdaq, was approximately $349 million. For the purpose of this response, directors and certain officers of the Registrant are considered affiliates at that date.As of February 27, 2026, there were 16,126,486 shares of common stock outstanding.DOCUMENTS INCORPORATED BY REFERENCEPortions of the registrant's Proxy Statement for the Annual Meeting of Shareholders to be held on May 27, 2026 are incorporated by reference into Part III.TABLE OF CONTENTS PART IPage",https://www.sec.gov/Archives/edgar/data/1403475/000140347526000018/bmrc-20251231.htm
BMRC,10-K,2025-12-31,office,91841," Period Financials (Quarterly Information Unaudited)Page-111ITEM 9.CHANGES IN AND DISAGREEMENTS WITH ACCOUNTANTS ON ACCOUNTING AND FINANCIAL DISCLOSUREPage-116ITEM 9A.CONTROLS AND PROCEDURESPage-116ITEM 9B.OTHER INFORMATIONPage-117ITEM 9C.DISCLOSURES REGARDING FOREIGN JURISDICTIONS THAT PREVENT INSPECTIONSPage-117PART IIIPage-117ITEM 10.DIRECTORS, EXECUTIVE OFFICERS AND CORPORATE GOVERNANCEPage-117ITEM 11.EXECUTIVE COMPENSATIONPage-117ITEM 12.SECURITY OWNERSHIP OF CERTAIN BENEFICIAL OWNERS AND MANAGEMENT AND RELATED STOCKHOLDER MATTERSPage-117ITEM 13.CERTAIN RELATIONSHIPS AND RELATED TRANSACTIONS, AND DIRECTOR INDEPENDENCEPage-117ITEM 14.PRINCIPAL ACCOUNTANT FEES AND SERVICESPage-117PART IVPage-119ITEM 15.EXHIBITS AN",https://www.sec.gov/Archives/edgar/data/1403475/000140347526000018/bmrc-20251231.htm
BMRC,10-K,2025-12-31,owner-occupied,229674,"had experienced a deterioration in the collateral value and, therefore, a material increase in the loan-to-valueThe provision in 2023 was due primarily to adjustments to qualitative risk factors from continued uncertainty about inflation and recession risks, the potential impact of rapidly increasing interest rates and other external factors on both our non-owner-occupied commercial real estate and construction portfolios, loan and collateral concentration risks in our construction and commercial real estate portfolios, heightened portfolio management in light of current economic conditions, and continued negative trends in adversely graded loans and/or collateral values for our non-owner occupied commercial real estate offi",https://www.sec.gov/Archives/edgar/data/1403475/000140347526000018/bmrc-20251231.htm
BMRC,10-K,2025-12-31,owner-occupied,245671,"overage ratio, and credit enhancement (such as insurers' strength)•Credit ratings by major credit rating agenciesLoansLoans Outstanding by Class and Percent of TotalDecember 31, 2025December 31, 2024(in thousands; unaudited)Amortized CostPercent of TotalAmortized CostPercent of TotalCommercial and industrial$159,898 7.5 %$152,263 7.3 %Real estate Commercial owner-occupied310,219 14.6 321,962 15.5 Commercial non-owner occupied1,366,251 64.5 1,273,596 61.1 Construction15,101 0.7 36,970 1.8 Home equity99,222 4.7 88,325 4.2 Other residential110,614 5.2 143,207 6.9 Installment and other consumer59,548 2.8 66,933 3.2 Total loans, at amortized cost2,120,853 100.0 %2,083,256 100.0 %Allowance for credit losses on loans(30,089)(30,656",https://www.sec.gov/Archives/edgar/data/1403475/000140347526000018/bmrc-20251231.htm
BMRC,10-K,2025-12-31,owner-occupied,248396,"er91,952 7 Other87,619 6 Total$1,676,470 100 %Total$1,595,558 100 %Commercial real estate loans increased by $80.9 million in 2025 to $1.676 billion from $1.596 billion at December 31, 2024. The increase in 2025 was comprised of the $92.7 million increase within the non-owner occupied loan portfolio, partially offset by the $11.7 million decrease within the owner-occupied loan portfolio. Of the commercial real estate loans as of December 31, 2025, 81% were non-owner occupied and 19% were owner-occupied. Almost the entire commercial real estate loan portfolio is comprised of term loans for which the primary source of repayment is either the cash flow from leasing activities of the real estate collateral or the operating cash ",https://www.sec.gov/Archives/edgar/data/1403475/000140347526000018/bmrc-20251231.htm
BMRC,10-K,2025-12-31,owner-occupied,248933," real estate loan portfolio is comprised of term loans for which the primary source of repayment is either the cash flow from leasing activities of the real estate collateral or the operating cash flow of the owner occupant.45Non-owner and Owner Occupied Real Estate Loans by Type(unaudited)Percent of Non-owner Occupied Commercial Real Estate LoansPercent of Owner-Occupied Commercial Real Estate LoansCountyDecember 31, 2025December 31, 2024December 31, 2025December 31, 2024Office27 %27 %19 %19 %Retail18 20 7 7 Multi-family18 16 — — Warehouse & industrial13 11 25 23 Mixed use7 9 3 2 School— — 14 15 Wine— — 10 10 Church— — 5 6 Gas/auto— — 9 8 Health club— — 3 4 Other17 17 5 6 Total100 %100 %100 %100 %Commercial Real Estate Loan",https://www.sec.gov/Archives/edgar/data/1403475/000140347526000018/bmrc-20251231.htm
BMRC,10-K,2025-12-31,owner-occupied,249345,"ember 31, 2025December 31, 2024December 31, 2025December 31, 2024Office27 %27 %19 %19 %Retail18 20 7 7 Multi-family18 16 — — Warehouse & industrial13 11 25 23 Mixed use7 9 3 2 School— — 14 15 Wine— — 10 10 Church— — 5 6 Gas/auto— — 9 8 Health club— — 3 4 Other17 17 5 6 Total100 %100 %100 %100 %Commercial Real Estate Loans by Type and CountyNon-owner occupiedOwner-occupied(unaudited)RetailWarehouse & industrialMulti-familyOfficeOfficeCountyDec 31, 2025Dec 31, 2024Dec 31, 2025Dec 312024Dec 31, 2025Dec 31,2024Dec 31, 2025Dec 31,2024Dec 31, 2025Dec 31,2024Sacramento20 %20 %26 %18 %17 %9 %5 %6 %21 %19 %Marin16 16 8 12 9 10 24 25 21 22 Napa16 16 7 4 5 5 8 9 17 21 Sonoma16 15 25 28 16 11 17 17 8 8 Alameda6 6 14 16 22 20 8 6 14 6 Sa",https://www.sec.gov/Archives/edgar/data/1403475/000140347526000018/bmrc-20251231.htm
BMRC,10-K,2025-12-31,owner-occupied,249921,"26 %18 %17 %9 %5 %6 %21 %19 %Marin16 16 8 12 9 10 24 25 21 22 Napa16 16 7 4 5 5 8 9 17 21 Sonoma16 15 25 28 16 11 17 17 8 8 Alameda6 6 14 16 22 20 8 6 14 6 San Francisco3 3 9 12 19 30 16 18 5 18 Other bay area17 16 7 4 4 5 18 15 13 — Other6 8 4 6 8 10 4 4 1 6 Total100 %100 %100 %100 %100 %100 %100 %100 %100 %100 %With the heightened market concern about non-owner-occupied commercial real estate, and in particular the office sector, we are providing the following additional information: We continue to maintain diversity among property types and within our geographic footprint. In particular, our office commercial real estate portfolio in the City of San Francisco represents just 3% of our total loan portfolio and 4% of our to",https://www.sec.gov/Archives/edgar/data/1403475/000140347526000018/bmrc-20251231.htm
BMRC,10-K,2025-12-31,owner-occupied,250303,"ial real estate, and in particular the office sector, we are providing the following additional information: We continue to maintain diversity among property types and within our geographic footprint. In particular, our office commercial real estate portfolio in the City of San Francisco represents just 3% of our total loan portfolio and 4% of our total non-owner-occupied commercial real estate portfolio. The following table shows an analysis of construction loans by type and county as of December 31, 2025 and 2024.Construction Loans Outstanding by Type and County(dollars in thousands; unaudited)December 31, 2025December 31, 2024Loan Type AmountPercent of Construction LoansAmountPercent of Construction LoansApartments and mu",https://www.sec.gov/Archives/edgar/data/1403475/000140347526000018/bmrc-20251231.htm
BMRC,10-K,2025-12-31,owner-occupied,252055,"ber 31, 2025 based on their contractual maturity dates. Maturities do not include scheduled payments or potential prepayments.Loan Maturity DistributionDue within 1 yearDue after 1 through 5 yearsDue after 5 through 15 yearsDue after 15 yearsTotal(in thousands; unaudited)Commercial and industrial $66,636 $67,607 $24,547 $1,108 $159,898 Real estateCommercial owner-occupied26,261 106,494 170,782 6,682 310,219 Commercial non-owner occupied123,980 673,083 561,177 8,011 1,366,251 Construction 114,313 788 — — 15,101 Home equity4,366 23,339 66,520 4,997 99,222 Other residential6 136 900 109,572 110,614 Installment and other consumer loans2,822 7,223 49,411 92 59,548 Total$238,384 $878,670 $873,337 $130,462 $2,120,853 1 Construction",https://www.sec.gov/Archives/edgar/data/1403475/000140347526000018/bmrc-20251231.htm
BMRC,10-Q,2026-06-30,Marin,69468,"ORM 10-Q (Mark One) ☒ QUARTERLY REPORT PURSUANT TO SECTION 13 OR 15(d) OF THE SECURITIES EXCHANGE ACT OF 1934 For the quarterly period ended June 30, 2026 OR☐ TRANSITION REPORT PURSUANT TO SECTION 13 OR 15(d) OF THE SECURITIES EXCHANGE ACT OF 1934For the transition period from __________________ to __________________ Commission File Number 001-33572 Bank of Marin Bancorp (Exact name of Registrant as specified in its charter)California20-8859754(State or other jurisdiction of incorporation or organization) (IRS Employer Identification No.)504 Redwood Blvd. Suite 100NovatoCA94947(Address of principal executive office)(Zip Code) Registrant’s telephone number, including area code: (415) 763-4520 Not Applicable(Former na",https://www.sec.gov/Archives/edgar/data/1403475/000140347526000037/bmrc-20260630.htm
BMRC,10-Q,2026-06-30,Marin,72521,"ols and Procedures49PART IIOTHER INFORMATION50ITEM 1.Legal Proceedings50ITEM 1A.Risk Factors50ITEM 2.Unregistered Sales of Equity Securities and Use of Proceeds50ITEM 3.Defaults Upon Senior Securities50ITEM 4.Mine Safety Disclosures50ITEM 5.Other Information50ITEM 6.Exhibits51SIGNATURES Page-2PART I FINANCIAL INFORMATION ITEM 1. Financial Statements BANK OF MARIN BANCORPCONSOLIDATED STATEMENTS OF CONDITION (in thousands, except share data; unaudited)June 30, 2026December 31, 2025AssetsCash, cash equivalents and restricted cash$279,639 $225,303 Investment securities:Available-for-sale, at fair value (net of zero allowance for credit losses at June 30, 2026 and December 31, 2025)1,242,831 1,327,812 Total investment se",https://www.sec.gov/Archives/edgar/data/1403475/000140347526000037/bmrc-20260630.htm
BMRC,10-Q,2026-06-30,Marin,74513,"er 31, 2025, respectively216,050 214,910 Retained earnings207,843 198,163 Accumulated other comprehensive loss, net of taxes(27,209)(18,419)Total stockholders' equity396,684 394,654 Total liabilities and stockholders' equity$3,856,720 $3,904,778 The accompanying notes are an integral part of these consolidated financial statements (unaudited). Page-3BANK OF MARIN BANCORPCONSOLIDATED STATEMENTS OF COMPREHENSIVE INCOME (LOSS)Three months endedSix months ended(in thousands, except per share amounts; unaudited)June 30, 2026March 31, 2026June 30, 2025June 30, 2026June 30, 2025Interest incomeInterest and fees on loans$27,267 $26,534 $25,861 $53,801 $51,044 Interest on investment securities13,427 13,869 8,423 27,296 16,684",https://www.sec.gov/Archives/edgar/data/1403475/000140347526000037/bmrc-20260630.htm
BMRC,10-Q,2026-06-30,Marin,78275," tax(4,838)(7,642)18,615 (12,480)22,244 Deferred tax (benefit) expense(1,430)(2,260)5,503 (3,690)6,576 Other comprehensive (loss) income, net of tax(3,408)(5,382)13,112 (8,790)15,668 Total comprehensive income $5,838 $3,128 $4,576 $8,966 $12,008 The accompanying notes are an integral part of these consolidated financial statements (unaudited). Page-4BANK OF MARIN BANCORPCONSOLIDATED STATEMENTS OF CHANGES IN STOCKHOLDERS' EQUITYFor the three months ended June 30, 2026 and 2025(in thousands, except share data; unaudited)Common StockRetainedEarningsAccumulated OtherComprehensive Loss,Net of Taxes TotalSharesAmountThree months ended June 30, 2026Balance at April 1, 202616,189,707 $215,648 $202,645 $(23,801)$394,492 Net ",https://www.sec.gov/Archives/edgar/data/1403475/000140347526000037/bmrc-20260630.htm
BMRC,10-Q,2026-06-30,Marin,79965,"pensation - restricted stock— 195 — — 195 Cash dividends paid on common stock ($0.25 per share)— — (4,054)— (4,054)Stock issued in payment of director fees(100,000)(2,175)— — (2,175)Balance at June 30, 202516,116,470 $214,713 $238,225 $(14,400)$438,538 The accompanying notes are an integral part of these consolidated financial statements (unaudited).BANK OF MARIN BANCORPCONSOLIDATED STATEMENTS OF CHANGES IN STOCKHOLDERS' EQUITYFor the six months ended June 30, 2026 and 2025(in thousands, except share data; unaudited)Common StockRetainedEarningsAccumulated OtherComprehensive Loss,Net of Taxes TotalSharesAmountSix months ended June 30, 2026Balance at January 1, 202616,102,687 $214,910 $198,163 $(18,419)$394,654 Net in",https://www.sec.gov/Archives/edgar/data/1403475/000140347526000037/bmrc-20260630.htm
BMRC,10-Q,2026-06-30,Marin,82046,"ash dividends paid on common stock ($0.25 per share)— — (8,079)— (8,079)Stock issued in payment of director fees10,835 255 — — 255 Stock repurchased(100,000)(2,175)— — (2,175)Balance at June 30, 202516,116,470 $214,713 $238,225 $(14,400)$438,538 The accompanying notes are an integral part of these consolidated financial statements (unaudited). Page-5BANK OF MARIN BANCORPCONSOLIDATED STATEMENTS OF CASH FLOWSFor the six months ended June 30, 2026 and 2025(in thousands; unaudited)20262025Cash Flows from Operating Activities:Net income (loss) $17,756 $(3,660)Adjustments to reconcile net income (loss) to net cash provided by operating activities:(Reversal of) provision for credit losses on loans(320)75 Noncash contributi",https://www.sec.gov/Archives/edgar/data/1403475/000140347526000037/bmrc-20260630.htm
BMRC,10-Q,2026-06-30,Marin,85432,"d to held-to-maturity$— $705 The accompanying notes are an integral part of these consolidated financial statements (unaudited). Page-6NOTES TO CONSOLIDATED FINANCIAL STATEMENTS (Unaudited) Note 1: Basis of PresentationThe consolidated financial statements include the accounts of Bancorp, a bank holding company, and its wholly-owned bank subsidiary, Bank of Marin, a California state-chartered commercial bank. References to “we,” “our,” “us” and ""the Company"" mean Bancorp and the Bank that are consolidated for financial reporting purposes. The accompanying unaudited consolidated interim financial statements have been prepared pursuant to the rules and regulations of the Securities and Exchange Commission (""SEC""). Cer",https://www.sec.gov/Archives/edgar/data/1403475/000140347526000037/bmrc-20260630.htm
BMRC,10-Q,2026-06-30,Marin,174324,"reased loan yields and reduced deposit costs, combined with continued prudent expense management. Page-31•Capital was above well-capitalized regulatory thresholds with Bancorp's and the Bank's total risk-based capital ratios of 15.58% and 14.61%, respectively, as of June 30, 2026. Our capital plan and point-in-time capital stress tests indicate that Bank of Marin and Bancorp capital ratios should remain above regulatory well-capitalized and internal policy minimums throughout a five-year forecast horizon and across stress scenarios such as additional unrealized losses on the investment portfolio, additional deposit growth or decline, loan credit quality deterioration, and potential share repurchases.•Bancorp's tangi",https://www.sec.gov/Archives/edgar/data/1403475/000140347526000037/bmrc-20260630.htm
BMRC,10-Q,2026-06-30,Washington,69085,"eivableMember2026-06-300001403475us-gaap:LoansReceivableMember2025-12-310001403475us-gaap:FairValueHedgingMember2026-04-012026-06-300001403475us-gaap:FairValueHedgingMember2025-04-012025-06-300001403475us-gaap:FairValueHedgingMember2026-01-012026-06-300001403475us-gaap:FairValueHedgingMember2025-01-012025-06-30 UNITED STATESSECURITIES AND EXCHANGE COMMISSIONWashington, D.C. 20549FORM 10-Q (Mark One) ☒ QUARTERLY REPORT PURSUANT TO SECTION 13 OR 15(d) OF THE SECURITIES EXCHANGE ACT OF 1934 For the quarterly period ended June 30, 2026 OR☐ TRANSITION REPORT PURSUANT TO SECTION 13 OR 15(d) OF THE SECURITIES EXCHANGE ACT OF 1934For the transition period from __________________ to __________________ Commission File Number 001-3",https://www.sec.gov/Archives/edgar/data/1403475/000140347526000037/bmrc-20260630.htm
BMRC,10-Q,2026-06-30,commercial real estate,118848,"ivable and inventory, and typically include personal guarantees. We target stable businesses with guarantors who provide additional sources of repayment and have proven to be resilient in periods of economic stress. A weakened economy, and the resultant decreased consumer and/or business spending, may have an effect on the credit quality of commercial loans.Commercial Real Estate Loans - Commercial real estate loans, which include income producing investment properties and owner-occupied real estate used for business purposes, are subject to underwriting standards and processes similar to commercial loans discussed above. We underwrite these loans to be repaid from cash flow from either the business or investment property and suppor",https://www.sec.gov/Archives/edgar/data/1403475/000140347526000037/bmrc-20260630.htm
BMRC,10-Q,2026-06-30,commercial real estate,119290,"producing investment properties and owner-occupied real estate used for business purposes, are subject to underwriting standards and processes similar to commercial loans discussed above. We underwrite these loans to be repaid from cash flow from either the business or investment property and supported by real property collateral. Underwriting standards for commercial real estate loans include, but are not limited to, debt coverage and loan-to-value ratios. Furthermore, a large majority of our loans are guaranteed by the owners of the properties. Conditions in the real estate markets or a downturn in the general economy may adversely affect our commercial real estate loans. In the event of a vacancy, we expect guarantors to carry th",https://www.sec.gov/Archives/edgar/data/1403475/000140347526000037/bmrc-20260630.htm
BMRC,10-Q,2026-06-30,commercial real estate,119826," the properties. Conditions in the real estate markets or a downturn in the general economy may adversely affect our commercial real estate loans. In the event of a vacancy, we expect guarantors to carry the loans until they find a replacement tenant. The owner's substantial equity investment provides a strong economic incentive to continue to support their commercial real estate projects. As such, we have generally experienced a relatively low level of losses and delinquencies in this portfolio.Construction Loans - Construction loans are generally made to developers and builders to finance construction, renovation and occasionally land acquisitions in anticipation of near-term development. Construction loans include interest reserv",https://www.sec.gov/Archives/edgar/data/1403475/000140347526000037/bmrc-20260630.htm
BMRC,10-Q,2026-06-30,commercial real estate,125358,"t each quarterly and year-end reporting period. Borrowers are generally required to submit financial information at regular intervals. Typically, commercial borrowers with lines of credit are required to submit financial information with reporting intervals ranging from monthly to annually depending on credit size, risk and complexity. In addition, investor commercial real estate borrowers with loans exceeding a certain dollar threshold are usually required to submit rent rolls or property income statements annually. We monitor construction loans monthly. We review home equity and other consumer loans based on delinquency. We also review loans graded “Watch” or worse, regardless of loan type, no less than quarterly. Page-16The follo",https://www.sec.gov/Archives/edgar/data/1403475/000140347526000037/bmrc-20260630.htm
BMRC,10-Q,2026-06-30,commercial real estate,126738,"0262025202420232022PriorTotalCommercial and industrial:Pass and Watch$8,418 $31,621 $5,595 $13,101 $5,278 $20,396 $75,184 $159,593 Special Mention— — 1,870 — — 41 560 2,471 Substandard— 5 365 — — — — 370 Total commercial and industrial$8,418 $31,626 $7,830 $13,101 $5,278 $20,437 $75,744 $162,434 Gross current period charge-offs$— $(47)$— $— $— $— $(54)$(101)Commercial real estate, owner-occupied:Pass and Watch$10,772 $24,790 $11,961 $10,700 $31,902 $159,940 $177 $250,242 Special Mention101 290 — — 3,986 30,091 34,468 Substandard— — — — 3,059 975 — 4,034 Total commercial real estate, owner-occupied$10,873 $25,080 $11,961 $10,700 $38,947 $191,006 $177 $288,744 Commercial real estate, non-owner occupied:Pass and Watch$107,307 $234,437 ",https://www.sec.gov/Archives/edgar/data/1403475/000140347526000037/bmrc-20260630.htm
BMRC,10-Q,2026-06-30,commercial real estate,127277," — 3,059 975 — 4,034 Total commercial real estate, owner-occupied$10,873 $25,080 $11,961 $10,700 $38,947 $191,006 $177 $288,744 Commercial real estate, non-owner occupied:Pass and Watch$107,307 $234,437 $90,935 $48,869 $148,068 $650,567 $14,839 $1,295,022 Special Mention3,763 18,300 $— — 2,163 39,762 — 63,988 Substandard— 2,587 — 790 — 11,603 — 14,980 Total commercial real estate, non-owner occupied$111,070 $255,324 $90,935 $49,659 $150,231 $701,932 $14,839 $1,373,990 Gross current period charge-offs$— $— $— $— $— $(7,192)$— $(7,192)Construction:Pass and Watch$9,391 $6,753 $— $— $— $— $173 $16,317 Total construction$9,391 $6,753 $— $— $— $— $173 $16,317 Home equity:Pass and Watch$76 $154 $1 $12 $12 $548 $100,321 $101,124 Substandard",https://www.sec.gov/Archives/edgar/data/1403475/000140347526000037/bmrc-20260630.htm
BMRC,10-Q,2026-06-30,commercial real estate,129183,"69 $6,002 $632 $22,238 $62,490 $144,889 Special Mention1,002 2,392 — — — 102 10,925 14,421 Page-17(in thousands)Term Loans - Amortized Cost by Origination YearRevolving Loans Amortized CostDecember 31, 202520252024202320222021PriorTotalSubstandard19 520 — — — — 49 588 Total commercial and industrial$33,744 $8,647 $15,069 $6,002 $632 $22,340 $73,464 $159,898 Commercial real estate, owner-occupied:Pass and Watch$25,844 $12,158 $11,858 $35,709 $42,288 $132,766 $284 $260,907 Special Mention7,275 — 367 4,092 18,153 14,461 — 44,348 Substandard1,513 — — 3,137 — 314 — 4,964 Total commercial real estate, owner-occupied$34,632 $12,158 $12,225 $42,938 $60,441 $147,541 $284 $310,219 Commercial real estate, non-owner occupied:Pass and Watch$238,",https://www.sec.gov/Archives/edgar/data/1403475/000140347526000037/bmrc-20260630.htm
BMRC,10-Q,2026-06-30,commercial real estate,129720,"andard1,513 — — 3,137 — 314 — 4,964 Total commercial real estate, owner-occupied$34,632 $12,158 $12,225 $42,938 $60,441 $147,541 $284 $310,219 Commercial real estate, non-owner occupied:Pass and Watch$238,253 $99,947 $53,969 $155,608 $189,703 $531,672 $12,022 $1,281,174 Special Mention21,857 — — — — 37,399 — 59,256 Substandard— — — — — 25,821 — 25,821 Total commercial real estate, non-owner occupied$260,110 $99,947 $53,969 $155,608 $189,703 $594,892 $12,022 $1,366,251 Construction:Pass and Watch$4,602 $10,499 $— $— $— $— $— $15,101 Total construction$4,602 $10,499 $— $— $— $— $— $15,101 Home equity:Pass and Watch$97 $44 $13 $— $— $630 $97,976 $98,760 Substandard— — — — — 161 301 462 Total home equity$97 $44 $13 $— $— $791 $98,277 $9",https://www.sec.gov/Archives/edgar/data/1403475/000140347526000037/bmrc-20260630.htm
BMRC,10-Q,2026-06-30,concentration,201516,"5,985 65.9 Revenue bonds10,850 9,589 18.7 10,881 9,544 17.8 Total outside California48,092 42,599 82.8 51,233 45,529 83.7 Total obligations of state and political subdivisions$58,072 $50,826 100.0 %$61,124 $53,888 100.0 %Percent of investment portfolio4.5 %4.1 %4.5 %4.1 %Of the total investment in obligations of state and political subdivisions, the largest concentrations outside of California are in Texas (41.4%), Wisconsin (25.4%) and Virginia (7.0%). Our investment in obligations issued by municipal issuers in Texas are either guaranteed by the AAA rated Texas Permanent School Fund (""PSF"") or backed by revenue sources from essential services (such as utilities and transportation).Investments in states, municipalities and",https://www.sec.gov/Archives/edgar/data/1403475/000140347526000037/bmrc-20260630.htm
BMRC,10-Q,2026-06-30,non-owner occupied,116844,"are recorded as non-interest income.Note 5: Loans and Allowance for Credit Losses on LoansThe following table presents the amortized cost of loans by portfolio class as of June 30, 2026 and December 31, 2025.(in thousands)June 30, 2026December 31, 2025Commercial and industrial$162,434 $159,898 Real estate: Commercial owner-occupied288,744 310,219 Commercial non-owner occupied1,373,990 1,366,251 Construction16,317 15,101 Home equity101,404 99,222 Other residential100,710 110,614 Installment and other consumer loans57,377 59,548 Total loans, at amortized cost 12,100,976 2,120,853 Allowance for credit losses on loans(22,464)(30,089)Total loans, net of allowance for credit losses on loans$2,078,512 $2,090,764 1 Amortized cost includ",https://www.sec.gov/Archives/edgar/data/1403475/000140347526000037/bmrc-20260630.htm
BMRC,10-Q,2026-06-30,non-owner occupied,127069," $(47)$— $— $— $— $(54)$(101)Commercial real estate, owner-occupied:Pass and Watch$10,772 $24,790 $11,961 $10,700 $31,902 $159,940 $177 $250,242 Special Mention101 290 — — 3,986 30,091 34,468 Substandard— — — — 3,059 975 — 4,034 Total commercial real estate, owner-occupied$10,873 $25,080 $11,961 $10,700 $38,947 $191,006 $177 $288,744 Commercial real estate, non-owner occupied:Pass and Watch$107,307 $234,437 $90,935 $48,869 $148,068 $650,567 $14,839 $1,295,022 Special Mention3,763 18,300 $— — 2,163 39,762 — 63,988 Substandard— 2,587 — 790 — 11,603 — 14,980 Total commercial real estate, non-owner occupied$111,070 $255,324 $90,935 $49,659 $150,231 $701,932 $14,839 $1,373,990 Gross current period charge-offs$— $— $— $— $— $(7,192)$—",https://www.sec.gov/Archives/edgar/data/1403475/000140347526000037/bmrc-20260630.htm
BMRC,10-Q,2026-06-30,non-owner occupied,129527,"73,464 $159,898 Commercial real estate, owner-occupied:Pass and Watch$25,844 $12,158 $11,858 $35,709 $42,288 $132,766 $284 $260,907 Special Mention7,275 — 367 4,092 18,153 14,461 — 44,348 Substandard1,513 — — 3,137 — 314 — 4,964 Total commercial real estate, owner-occupied$34,632 $12,158 $12,225 $42,938 $60,441 $147,541 $284 $310,219 Commercial real estate, non-owner occupied:Pass and Watch$238,253 $99,947 $53,969 $155,608 $189,703 $531,672 $12,022 $1,281,174 Special Mention21,857 — — — — 37,399 — 59,256 Substandard— — — — — 25,821 — 25,821 Total commercial real estate, non-owner occupied$260,110 $99,947 $53,969 $155,608 $189,703 $594,892 $12,022 $1,366,251 Construction:Pass and Watch$4,602 $10,499 $— $— $— $— $— $15,101 Total c",https://www.sec.gov/Archives/edgar/data/1403475/000140347526000037/bmrc-20260630.htm
BMRC,10-Q,2026-06-30,non-owner occupied,131165,",447 $106,861 $230,350 $266,609 $824,207 $185,708 $2,120,853 Page-18The following table shows the amortized cost of loans by portfolio class, payment aging and non-accrual status as of June 30, 2026 and December 31, 2025.Loan Aging Analysis by Portfolio Class(in thousands)Commercial and industrialCommercial real estate, owner-occupiedCommercial real estate, non-owner occupiedConstructionHome equityOther residentialInstallment and other consumerTotalJune 30, 2026 30-59 days past due$54 $— $509 $— $741 $— $290 $1,594 60-89 days past due13 — — — 397 — — 410 90 days or more past due 1297 — 8,118 — — 67 44 8,526 Total past due364 — 8,627 — 1,138 67 334 10,530 Current162,070 288,744 1,365,363 16,317 100,266 100,643 57,043 2,090,446 To",https://www.sec.gov/Archives/edgar/data/1403475/000140347526000037/bmrc-20260630.htm
BMRC,10-Q,2026-06-30,non-owner occupied,133546,"ng table presents the amortized cost basis of individually analyzed collateral-dependent loans, which were all on non-accrual status, by portfolio class at June 30, 2026 and December 31, 2025.Amortized Cost by Collateral Type(in thousands)Commercial Real EstateResidential Real EstateOtherTotal 1Allowance for Credit LossesJune 30, 2026Commercial real estate, non-owner occupied$8,118 $— $— $8,118 $— Home equity— 219 — 219 — Other residential— 67 — 67 15 Installment and other consumer— — 44 44 2 Total$8,118 $286 $44 $8,448 $17 December 31, 2025Commercial real estate, owner-occupied$314 $— $— $314 $— Commercial real estate, non-owner occupied25,387 — — 25,387 7,226 Home equity— 401 — 401 — Other residential— 72 — 72 18 Total$25,701 ",https://www.sec.gov/Archives/edgar/data/1403475/000140347526000037/bmrc-20260630.htm
BMRC,10-Q,2026-06-30,non-owner occupied,134781,"2026 requiring disclosure. The following table summarizes the amortized cost of loans as of June 30, 2025 that were modified during the three and six months ended June 30, 2025, by portfolio class and type of modification granted. Page-19(in thousands)Term ExtensionTotal ModificationsPercent of Portfolio Class TotalThree months ended June 30, 2025Commercial non-owner occupied$3,488 $3,488 0.3 %Total$3,488 $3,488 Six months ended June 30, 2025Commercial non-owner occupied$3,488 $3,488 0.3 %Total$3,488 $3,488 As of June 30, 2025, there were no unfunded loan commitments for loans that were modified during the three and six months ended June 30, 2025.The following table summarizes the financial effect of loan modifications presented",https://www.sec.gov/Archives/edgar/data/1403475/000140347526000037/bmrc-20260630.htm
BMRC,10-Q,2026-06-30,non-owner occupied,135336,"d loan commitments for loans that were modified during the three and six months ended June 30, 2025.The following table summarizes the financial effect of loan modifications presented in the tables above during the three and six months ended June 30, 2025 by portfolio class.Weighted-Average Term Extension (in years)Three months ended June 30, 2025Commercial non-owner occupied1.2Six months ended June 30, 2025Commercial non-owner occupied1.2The loan modifications did not significantly impact the determination of the allowance for credit losses on loans during the three and six months ended June 30, 2025.The Bank closely monitors the performance of the modified loans to understand the effectiveness of its modification efforts. The ",https://www.sec.gov/Archives/edgar/data/1403475/000140347526000037/bmrc-20260630.htm
BMRC,10-Q,2026-06-30,non-owner occupied,136041,"of its modification efforts. The following table summarizes the amortized cost and payment status of loans as of June 30, 2025 that were modified during the three and six months ended June 30, 2025 by portfolio class. (in thousands)Current30-59 Days Past Due60-89 Days Past Due90 Days or More Past DueTotalNon-AccrualThree months ended June 30, 2025Commercial non-owner occupied$3,488 $— $— $— $3,488 $717 Total$3,488 $— $— $— $3,488 $717 Six months ended June 30, 2025Commercial non-owner occupied$3,488 $— $— $— $3,488 $717 Total$3,488 $— $— $— $3,488 $717 Page-20Allocation of the Allowance for Credit Losses on LoansThe following table presents the details of the allowance for credit losses on loans segregated by loan portfolio clas",https://www.sec.gov/Archives/edgar/data/1403475/000140347526000037/bmrc-20260630.htm
BMRC,10-Q,2026-06-30,office,69724,"ransition period from __________________ to __________________ Commission File Number 001-33572 Bank of Marin Bancorp (Exact name of Registrant as specified in its charter)California20-8859754(State or other jurisdiction of incorporation or organization) (IRS Employer Identification No.)504 Redwood Blvd. Suite 100NovatoCA94947(Address of principal executive office)(Zip Code) Registrant’s telephone number, including area code: (415) 763-4520 Not Applicable(Former name, former address and formal fiscal year, if changed since last report)Securities registered pursuant to 12(b) of the Act:Title of each classTrading symbolName of each exchange on which registeredCommon stock, no par valueBMRCThe Nasdaq Stock MarketIndicat",https://www.sec.gov/Archives/edgar/data/1403475/000140347526000037/bmrc-20260630.htm
BMRC,10-Q,2026-06-30,office,86908,"comprehensive income, changes in stockholders’ equity, and cash flows for the periods presented. All material intercompany transactions have been eliminated. The results of these interim periods may not be indicative of the results for the full year or for any other period.Segment Reporting: Our Chief Operating Decision Maker (""CODM"") is our Chief Executive Officer, who reviews our financial information on a consolidated basis for purposes of evaluating financial performance and allocating resources. We have one operating and reportable segment, community banking, and our other operating segment, wealth management services, does not meet the quantitative threshold for separate reporting. Our CODM reviews consolidated",https://www.sec.gov/Archives/edgar/data/1403475/000140347526000037/bmrc-20260630.htm
BMRC,10-Q,2026-06-30,office,139570,"d $97.2 million at June 30, 2026 and December 31, 2025, respectively, to secure our borrowing capacity with the Federal Reserve Bank (""FRB""). For additional information, see Note 6, Borrowings and Other Obligations.Related Party Loans The Bank has, and expects to have in the future, banking transactions in the ordinary course of its business with directors, officers, principal shareholders and their businesses or associates. These transactions, including loans, are granted on substantially the same terms, including interest rates and collateral on loans, as those prevailing at the same time for comparable transactions with persons not related to us. Likewise, these transactions do not involve more than the normal ris",https://www.sec.gov/Archives/edgar/data/1403475/000140347526000037/bmrc-20260630.htm
BMRC,10-Q,2026-06-30,office,213400,"al lines of credit with the FHLB, FRBSF and correspondent banks that enable us to borrow funds as seen in the table below and discussed in Note 6, Borrowings and Other Obligations, to the consolidated financial statements in this Form 10-Q. Our Asset Liability Management Committee (""ALCO""), which is comprised of Bank directors and the Bank's Chief Executive Officer, is responsible for approving and monitoring our liquidity targets and strategies. The Bank has long-established minimum liquidity requirements that are regularly monitored using metrics and tools similar to those used by larger banks, such as the liquidity coverage ratio, and multi-scenario, long-horizon stress tests. Our contingency funding plan provides",https://www.sec.gov/Archives/edgar/data/1403475/000140347526000037/bmrc-20260630.htm
BMRC,10-Q,2026-06-30,office,228837,"uld not be relied upon as indicative of actual results in the event of changing market interest rates.ITEM 4. Controls and ProceduresEvaluation of Disclosure Controls and ProceduresBank of Marin Bancorp and its subsidiary (the ""Company"") conducted an evaluation under the supervision and with the participation of our management, including our Chief Executive Officer and Chief Financial Officer, of the effectiveness of the design and operation of our disclosure controls and procedures (as defined in Rule 13a-15(e) or 15d-15(e) under the Securities Exchange Act of 1934 (the “Act”)) as of the end of the period covered by this report. The term disclosure controls and procedures means controls and other procedures that are",https://www.sec.gov/Archives/edgar/data/1403475/000140347526000037/bmrc-20260630.htm
BMRC,10-Q,2026-06-30,office,229770,"eriods specified in the SEC's rules and forms. Disclosure controls and procedures include, without limitation, controls and procedures designed to ensure that information we are required to disclose in the reports that we file or submit under the Act is accumulated and communicated to our management, including our principal executive and principal financial officers, or persons performing similar functions, as appropriate to allow timely decisions regarding required disclosure. Based upon that evaluation, our Chief Executive Officer and Chief Financial Officer concluded that our disclosure controls and procedures were effective as of the end of the period covered by this report.Previously Identified Material Weakness",https://www.sec.gov/Archives/edgar/data/1403475/000140347526000037/bmrc-20260630.htm
BMRC,10-Q,2026-06-30,office,232790,"e 30, 2026, there were no significant changes that materially affected, or are reasonably likely to affect, our internal control over financial reporting. The term internal control over financial reporting, as defined by Rule 15d-15(f) of the Act, is a process designed by, or under the supervision of, the issuer's principal executive and principal financial officers, or persons performing similar functions, and affected by the issuer's board of directors, management and other personnel, to Page-49provide reasonable assurance regarding the reliability of financial reporting and the preparation of financial statements for external purposes in accordance with U.S. generally accepted accounting principles.PART II OTHER I",https://www.sec.gov/Archives/edgar/data/1403475/000140347526000037/bmrc-20260630.htm
BMRC,10-Q,2026-06-30,office,235794,", 20258-K01-3357210.1November 19, 202510.01Employee Stock Ownership PlanS-8333-2182744.1May 26, 201710.022017 Employee Stock Purchase PlanS-8333-2212194.1October 30, 201710.032017 Equity Plan, as amendedS-8333-2278404.1October 15, 201810.042020 Director Stock PlanS-8333-2395554.1June 30, 202010.05Form of Indemnification Agreement for Directors and Executive Officers, dated August 9, 200710-Q001-3357210.06November 7, 200710.062010 Annual Individual Incentive Compensation Plan, revised 201910-K001-3357210.07March 15, 202110.07Salary Continuation Agreement for executive officer Tani Girton, Chief Financial Officer, dated October 18, 20138-K001-3357210.2November 4, 201410.082007 Form of Change in Control Agreement8-K001-",https://www.sec.gov/Archives/edgar/data/1403475/000140347526000037/bmrc-20260630.htm
BMRC,10-Q,2026-06-30,owner-occupied,116803,"ash dividends paid on FHLB capital stock are recorded as non-interest income.Note 5: Loans and Allowance for Credit Losses on LoansThe following table presents the amortized cost of loans by portfolio class as of June 30, 2026 and December 31, 2025.(in thousands)June 30, 2026December 31, 2025Commercial and industrial$162,434 $159,898 Real estate: Commercial owner-occupied288,744 310,219 Commercial non-owner occupied1,373,990 1,366,251 Construction16,317 15,101 Home equity101,404 99,222 Other residential100,710 110,614 Installment and other consumer loans57,377 59,548 Total loans, at amortized cost 12,100,976 2,120,853 Allowance for credit losses on loans(22,464)(30,089)Total loans, net of allowance for credit losses on loans",https://www.sec.gov/Archives/edgar/data/1403475/000140347526000037/bmrc-20260630.htm
BMRC,10-Q,2026-06-30,owner-occupied,118966,"de additional sources of repayment and have proven to be resilient in periods of economic stress. A weakened economy, and the resultant decreased consumer and/or business spending, may have an effect on the credit quality of commercial loans.Commercial Real Estate Loans - Commercial real estate loans, which include income producing investment properties and owner-occupied real estate used for business purposes, are subject to underwriting standards and processes similar to commercial loans discussed above. We underwrite these loans to be repaid from cash flow from either the business or investment property and supported by real property collateral. Underwriting standards for commercial real estate loans include, but are not ",https://www.sec.gov/Archives/edgar/data/1403475/000140347526000037/bmrc-20260630.htm
BMRC,10-Q,2026-06-30,owner-occupied,126762,"TotalCommercial and industrial:Pass and Watch$8,418 $31,621 $5,595 $13,101 $5,278 $20,396 $75,184 $159,593 Special Mention— — 1,870 — — 41 560 2,471 Substandard— 5 365 — — — — 370 Total commercial and industrial$8,418 $31,626 $7,830 $13,101 $5,278 $20,437 $75,744 $162,434 Gross current period charge-offs$— $(47)$— $— $— $— $(54)$(101)Commercial real estate, owner-occupied:Pass and Watch$10,772 $24,790 $11,961 $10,700 $31,902 $159,940 $177 $250,242 Special Mention101 290 — — 3,986 30,091 34,468 Substandard— — — — 3,059 975 — 4,034 Total commercial real estate, owner-occupied$10,873 $25,080 $11,961 $10,700 $38,947 $191,006 $177 $288,744 Commercial real estate, non-owner occupied:Pass and Watch$107,307 $234,437 $90,935 $48,869 ",https://www.sec.gov/Archives/edgar/data/1403475/000140347526000037/bmrc-20260630.htm
BMRC,10-Q,2026-06-30,owner-occupied,129207,"62,490 $144,889 Special Mention1,002 2,392 — — — 102 10,925 14,421 Page-17(in thousands)Term Loans - Amortized Cost by Origination YearRevolving Loans Amortized CostDecember 31, 202520252024202320222021PriorTotalSubstandard19 520 — — — — 49 588 Total commercial and industrial$33,744 $8,647 $15,069 $6,002 $632 $22,340 $73,464 $159,898 Commercial real estate, owner-occupied:Pass and Watch$25,844 $12,158 $11,858 $35,709 $42,288 $132,766 $284 $260,907 Special Mention7,275 — 367 4,092 18,153 14,461 — 44,348 Substandard1,513 — — 3,137 — 314 — 4,964 Total commercial real estate, owner-occupied$34,632 $12,158 $12,225 $42,938 $60,441 $147,541 $284 $310,219 Commercial real estate, non-owner occupied:Pass and Watch$238,253 $99,947 $53,",https://www.sec.gov/Archives/edgar/data/1403475/000140347526000037/bmrc-20260630.htm
BMRC,10-Q,2026-06-30,owner-occupied,131127,"6,324 $350 $32,111 Totals$346,671 $160,447 $106,861 $230,350 $266,609 $824,207 $185,708 $2,120,853 Page-18The following table shows the amortized cost of loans by portfolio class, payment aging and non-accrual status as of June 30, 2026 and December 31, 2025.Loan Aging Analysis by Portfolio Class(in thousands)Commercial and industrialCommercial real estate, owner-occupiedCommercial real estate, non-owner occupiedConstructionHome equityOther residentialInstallment and other consumerTotalJune 30, 2026 30-59 days past due$54 $— $509 $— $741 $— $290 $1,594 60-89 days past due13 — — — 397 — — 410 90 days or more past due 1297 — 8,118 — — 67 44 8,526 Total past due364 — 8,627 — 1,138 67 334 10,530 Current162,070 288,744 1,365,363 ",https://www.sec.gov/Archives/edgar/data/1403475/000140347526000037/bmrc-20260630.htm
BMRC,10-Q,2026-06-30,owner-occupied,133757,"ollateral Type(in thousands)Commercial Real EstateResidential Real EstateOtherTotal 1Allowance for Credit LossesJune 30, 2026Commercial real estate, non-owner occupied$8,118 $— $— $8,118 $— Home equity— 219 — 219 — Other residential— 67 — 67 15 Installment and other consumer— — 44 44 2 Total$8,118 $286 $44 $8,448 $17 December 31, 2025Commercial real estate, owner-occupied$314 $— $— $314 $— Commercial real estate, non-owner occupied25,387 — — 25,387 7,226 Home equity— 401 — 401 — Other residential— 72 — 72 18 Total$25,701 $473 $— $26,174 $7,244 1 There were no collateral-dependent residential real estate mortgage loans in process of foreclosure or in substance repossessed at June 30, 2026 and December 31, 2025. The weighted a",https://www.sec.gov/Archives/edgar/data/1403475/000140347526000037/bmrc-20260630.htm
BMRC,10-Q,2026-06-30,owner-occupied,136581," $— $— $3,488 $717 Page-20Allocation of the Allowance for Credit Losses on LoansThe following table presents the details of the allowance for credit losses on loans segregated by loan portfolio class as of June 30, 2026 and December 31, 2025. Allocation of the Allowance for Credit Losses on Loans(in thousands)Commercial and industrialCommercial real estate, owner-occupiedCommercial real estate, non-owner occupiedConstructionHome equityOther residentialInstallment and other consumerUnallocatedTotalJune 30, 2026Modeled expected credit losses$1,526 $1,453 $8,168 $50 $709 $885 $652 $— $13,443 Qualitative adjustments543 796 5,946 193 75 2 104 1,340 8,999 Specific allocations5 — — — — 15 2 — 22 Total$2,074 $2,249 $14,114 $243 $784",https://www.sec.gov/Archives/edgar/data/1403475/000140347526000037/bmrc-20260630.htm
BMRC,10-Q,2026-06-30,owner-occupied,137523,"55 — 7,226 — — 18 — — 7,299 Total$2,089 $2,454 $21,477 $199 $803 $1,079 $803 $1,185 $30,089 Allowance for Credit Losses on Loans RollforwardThe following table discloses activity in the allowance for credit losses on loans for the periods presented.Allowance for Credit Losses on Loans Rollforward(in thousands)Commercial and industrialCommercial real estate, owner-occupiedCommercial real estate, non-owner occupiedConstructionHome equityOther residentialInstallment and other consumerUnallocatedTotalThree months ended June 30, 2026Beginning balance$2,014 $2,452 $14,327 $204 $764 $974 $745 $1,343 $22,823 Provision (Reversal)90 (203)(213)39 20 (72)22 (3)(320)(Charge-offs)(30)— — — — — (9)— (39)Recoveries— — — — — — — — — Ending b",https://www.sec.gov/Archives/edgar/data/1403475/000140347526000037/bmrc-20260630.htm
COLB,10-K,2025-12-31,Bay Area,316684,"owing table provides detail on the geographic distribution of our CRE portfolio as of the periods indicated:December 31, 2025December 31, 2024(in millions)Amount% of TotalAmount% of TotalSouthern California$9,147 32 %$3,753 19 %Puget Sound4,049 15 %3,712 19 %Portland Metro3,013 11 %2,644 14 %Oregon Other2,952 11 %2,909 15 %Northern California (excluding the Bay Area)2,165 8 %2,028 10 %Bay Area1,847 7 %1,404 7 %Washington Other1,456 5 %1,298 7 %Other3,241 11 %1,819 9 %Total CRE loans$27,870 100 %$19,567 100 %Loans secured by multifamily properties, including construction, represented 24% and 19% of the total loan portfolio at December 31, 2025 and 2024, respectively. These assets continue to perform well due to demand f",https://www.sec.gov/Archives/edgar/data/887343/000088734326000088/colb-20251231.htm
COLB,10-K,2025-12-31,Bay Area,318286,"2024.The following table provides detail on the geographic distribution of our CRE portfolio secured by office properties:December 31, 2025December 31, 2024(in millions)Amount% of totalAmount% of totalSouthern California$1,135 31 %$582 20 %Puget Sound551 15 %579 20 %Oregon Other467 13 %460 16 %Portland Metro386 11 %345 12 %Northern California (excluding the Bay Area)308 9 %313 11 %Bay Area179 5 %166 6 %Washington Other151 4 %150 5 %Other442 12 %279 10 %Total CRE loans$3,619 100 %$2,874 100 %Commercial Loans and LeasesCommercial loans are made to commercial customers for use in normal business operations to finance working capital needs, equipment purchases, or other projects. The Bank focuses on borrowers doing busines",https://www.sec.gov/Archives/edgar/data/887343/000088734326000088/colb-20251231.htm
COLB,10-K,2025-12-31,Puget Sound,316552,"e of government guarantees of $21 million and $16 million as of December 31, 2025 and 2024, respectively.56Table of ContentsThe following table provides detail on the geographic distribution of our CRE portfolio as of the periods indicated:December 31, 2025December 31, 2024(in millions)Amount% of TotalAmount% of TotalSouthern California$9,147 32 %$3,753 19 %Puget Sound4,049 15 %3,712 19 %Portland Metro3,013 11 %2,644 14 %Oregon Other2,952 11 %2,909 15 %Northern California (excluding the Bay Area)2,165 8 %2,028 10 %Bay Area1,847 7 %1,404 7 %Washington Other1,456 5 %1,298 7 %Other3,241 11 %1,819 9 %Total CRE loans$27,870 100 %$19,567 100 %Loans secured by multifamily properties, including construction, represented 24% and 1",https://www.sec.gov/Archives/edgar/data/887343/000088734326000088/colb-20251231.htm
COLB,10-K,2025-12-31,Puget Sound,318166,"at December 31, 2025, compared to 57% non-owner occupied, 40% owner occupied, and 3% construction loans at December 31, 2024.The following table provides detail on the geographic distribution of our CRE portfolio secured by office properties:December 31, 2025December 31, 2024(in millions)Amount% of totalAmount% of totalSouthern California$1,135 31 %$582 20 %Puget Sound551 15 %579 20 %Oregon Other467 13 %460 16 %Portland Metro386 11 %345 12 %Northern California (excluding the Bay Area)308 9 %313 11 %Bay Area179 5 %166 6 %Washington Other151 4 %150 5 %Other442 12 %279 10 %Total CRE loans$3,619 100 %$2,874 100 %Commercial Loans and LeasesCommercial loans are made to commercial customers for use in normal business operations ",https://www.sec.gov/Archives/edgar/data/887343/000088734326000088/colb-20251231.htm
COLB,10-K,2025-12-31,Silicon Valley,181164,"nt base of a large IDI is its total assets less tangible equity. 21Table of ContentsIn November 2023, the FDIC finalized a rule that imposes special assessments to recover the losses to the DIF resulting from the FDIC’s use, in March 2023, of the systemic risk exception to the least-cost resolution test under the FDIA in connection with the receiverships of Silicon Valley Bank and Signature Bank. The FDIC estimated in approving the rule that those assessed losses total approximately $16.3 billion. The rule provides that this loss estimate will be periodically adjusted, which will affect the amount of the special assessment. As of September 30, 2025, the FDIC’s total loss estimate to be recovered through the special assessmen",https://www.sec.gov/Archives/edgar/data/887343/000088734326000088/colb-20251231.htm
COLB,10-K,2025-12-31,Washington,90389,"teAndLocalJurisdictionMember2025-12-310000887343us-gaap:StateAndLocalJurisdictionMember2024-12-310000887343colb:ColumbiaBankingSystemsAndPacificPremierBancorpMergerMemberus-gaap:StateAndLocalJurisdictionMember2025-12-310000887343colb:TorranNixonMember2025-10-012025-12-310000887343colb:TorranNixonMember2025-12-31UNITED STATESSECURITIES AND EXCHANGE COMMISSIONWashington, D.C. 20549FORM 10-K ☒ANNUAL REPORT PURSUANT TO SECTION 13 OR 15(d) OF THE SECURITIES EXCHANGE ACT OF 1934 For the fiscal year ended:December 31, 2025OR☐TRANSITION REPORT PURSUANT TO SECTION 13 OR 15(d) OF THE SECURITIES EXCHANGE ACT OF 1934for the transition period from to .Commission file number: 000-20288 COLUMBIA BANKING SYSTEM, INC. (Exact name of regi",https://www.sec.gov/Archives/edgar/data/887343/000088734326000088/colb-20251231.htm
COLB,10-K,2025-12-31,Washington,90794,"T PURSUANT TO SECTION 13 OR 15(d) OF THE SECURITIES EXCHANGE ACT OF 1934 For the fiscal year ended:December 31, 2025OR☐TRANSITION REPORT PURSUANT TO SECTION 13 OR 15(d) OF THE SECURITIES EXCHANGE ACT OF 1934for the transition period from to .Commission file number: 000-20288 COLUMBIA BANKING SYSTEM, INC. (Exact name of registrant as specified in its charter)Washington91-1422237(State or Other Jurisdiction(I.R.S. Employer Identification Number)of Incorporation or Organization)1301 A StreetTacoma, Washington 98402-4200 (Address of Principal Executive Offices)(Zip Code) (253) 305-1900 (Registrant's telephone number, including area code)Securities registered pursuant to Section 12(b) of the Act: TITLE OF EACH CLASSTRADING SY",https://www.sec.gov/Archives/edgar/data/887343/000088734326000088/colb-20251231.htm
COLB,10-K,2025-12-31,Washington,109086,"pment leasing company, is a subsidiary of the Bank. Along with its subsidiaries, the Company is subject to the regulations of state and federal agencies and undergoes regular examinations by these regulatory agencies. The majority of the Bank’s loans and deposits are within its service areas in Arizona, California, Colorado, Idaho, Nevada, Oregon, Utah, and Washington. Columbia Bank is an Oregon state-chartered commercial bank, the deposits of which are insured in whole or in part by the FDIC.Business StrategyColumbia, through its principal subsidiary, Columbia Bank, seeks to bank businesses of all sizes, along with their owners, executives, and employees, in addition to the residents of the communities we serve. We seek",https://www.sec.gov/Archives/edgar/data/887343/000088734326000088/colb-20251231.htm
COLB,10-K,2025-12-31,Washington,116210,"its, loans, leases, and other fee-generating products and services. We compete with traditional banking institutions, as well as non-bank financial service providers, such as credit unions, mortgage companies, fintechs, and online based financial service providers. In our market areas of Arizona, California, Colorado, Idaho, Nevada, Oregon, Texas, Utah, and Washington, major national banks generally hold top market share positions. Competition also includes small community banks that operate in concentrated areas within our footprint and other regional banks that focus on commercial and retail banking. In 2025, due to the acquisition of Pacific Premier, the Bank has expanded its market area into Texas through an HOA offi",https://www.sec.gov/Archives/edgar/data/887343/000088734326000088/colb-20251231.htm
COLB,10-K,2025-12-31,Washington,119020,"it size in each market. All information in the table was obtained from S&P Global, which compiles deposit data published by the Federal Deposit Insurance Corporation as of June 30, 2025 and updates the information for any bank mergers and acquisitions completed subsequent to the reporting date.StateMarket ShareMarket RankNumber of BranchesOregon16.39 %2 109 Washington7.79 %5 111 Idaho3.65 %12 25 California1.14 %11 104 Nevada0.49 %15 4 Arizona0.23 %26 7 Colorado0.03 %107 1 Utah— %58 1 Sustainability and Responsible Business While ultimately our goal is to build long-term value for our shareholders, we take pride in being able to do so while also being an active partner to build stronger, more resilient, better connected, ",https://www.sec.gov/Archives/edgar/data/887343/000088734326000088/colb-20251231.htm
COLB,10-K,2025-12-31,Washington,133143,"nd capital adequacy and liquidity constraints imposed by federal and state regulatory agencies. Supervision and RegulationThe following discussion provides an overview of certain elements of the extensive regulatory framework applicable to the Company and Columbia Bank, which operates in Arizona, California, Colorado, Idaho, Nevada, Oregon, Texas, Utah, and Washington. This regulatory framework is primarily designed for the protection of depositors, customers, federal DIFs, and the banking system as a whole, rather than specifically for the protection of shareholders or non-depository creditors. Due to the breadth and growth of this regulatory framework, our costs of compliance continue to increase in order to monitor an",https://www.sec.gov/Archives/edgar/data/887343/000088734326000088/colb-20251231.htm
COLB,10-K,2025-12-31,Washington,142818,"o provide such resources, and it may not be in our, or our shareholders’ best interests to do so. This means that the Company is required to commit resources, as necessary, to support Columbia Bank. Any capital loans the Company makes to Columbia Bank are subordinate to deposits and to certain other indebtedness of Columbia Bank.State Law Restrictions. As a Washington corporation, the Company is subject to certain limitations and restrictions under applicable Washington corporate law. For example, state law restrictions in Washington include limitations and restrictions relating to indemnification of directors, distributions to shareholders, transactions involving directors, officers or interested shareholders, maintenan",https://www.sec.gov/Archives/edgar/data/887343/000088734326000088/colb-20251231.htm
COLB,10-K,2025-12-31,Washington,143465,"s, transactions involving directors, officers or interested shareholders, maintenance of books, records and minutes, and observance of certain corporate formalities. Federal and State Regulation of Columbia BankGeneral. The deposits of Columbia Bank, an Oregon state-chartered commercial bank in Arizona, California, Colorado, Idaho, Nevada, Oregon, Utah, and Washington, are insured by the FDIC. As a result, Columbia Bank is subject to supervision and regulation by the DCBS and the FDIC. These agencies have the authority to prohibit banks from engaging in what they believe constitute unsafe or unsound banking practices. Furthermore, under the FDIA, insurance of deposits may be terminated by the FDIC if the FDIC finds that ",https://www.sec.gov/Archives/edgar/data/887343/000088734326000088/colb-20251231.htm
COLB,10-K,2025-12-31,commercial real estate,97050,"Consumer Protection Act of 2018CDLCollateral-Dependent LoansCODMChief Operating Decision MakerCECLCurrent Expected Credit LossesCET1 Common Equity Tier 1CFPBConsumer Financial Protection BureauColumbiaColumbia Banking System, Inc.CompanyColumbia Banking System, Inc. and its SubsidiariesCPRACalifornia Privacy Rights ActCRACommunity Reinvestment Act of 1977CRECommercial Real EstateCVACredit Valuation AdjustmentsDCBSOregon Department of Consumer and Business Services Division of Financial RegulationDCFDiscounted Cash FlowDCPDeferred Compensation PlanDIFDeposit Insurance FundDodd-Frank ActDodd-Frank Wall Street Reform and Consumer Protection ActDTADeferred Tax AssetsESPPEmployee Stock Purchase PlanFASBFinancial Accounting Standards Boar",https://www.sec.gov/Archives/edgar/data/887343/000088734326000088/colb-20251231.htm
COLB,10-K,2025-12-31,commercial real estate,309965,"sfer of $295 million in residential mortgage loans held for sale. The loan to deposit ratio was 88% at December 31, 2025, compared to 90% at December 31, 2024.The following table presents the concentration distribution of our loan and lease portfolio by major type as of December 31, 2025 and 2024: December 31, 2025December 31, 2024(in millions)Amount%Amount%Commercial real estate Non-owner occupied term$8,206 17 %$6,278 17 %Owner occupied term7,314 15 %5,270 14 %Multifamily10,281 22 %5,804 15 %Construction & development1,707 4 %1,983 5 %Residential development362 1 %232 1 %CommercialTerm6,713 14 %5,538 15 %Lines of credit & other3,643 8 %2,770 7 %Leases & equipment finance1,599 3 %1,661 4 %ResidentialMortgage5,624 12 %5,933 16 %Home",https://www.sec.gov/Archives/edgar/data/887343/000088734326000088/colb-20251231.htm
COLB,10-K,2025-12-31,commercial real estate,310853,"tentsThe following table presents the maturity distribution of our loan and lease portfolios and the rate sensitivity of these loans to changes in interest rates as of December 31, 2025:By MaturityLoans Over One Year by Rate Sensitivity(in millions)One Year or LessOne Through Five YearsFive Through 15 YearsOver 15 YearsTotalFixed RateFloating/Adjustable RateCommercial real estateNon-owner occupied term$760 $3,250 $3,940 $256 $8,206 $2,674 $4,772 Owner occupied term322 1,979 4,435 578 7,314 3,524 3,468 Multifamily156 1,588 4,242 4,295 10,281 1,304 8,821 Construction & development1,019 556 122 10 1,707 236 452 Residential development250 111 1 — 362 — 112 CommercialTerm2,496 2,207 1,819 191 6,713 2,548 1,669 Lines of credit & other2,03",https://www.sec.gov/Archives/edgar/data/887343/000088734326000088/colb-20251231.htm
COLB,10-K,2025-12-31,commercial real estate,312558,"rtment that reviews and validates the credit risk program on a periodic basis. Results of these reviews are presented to management and the appropriate committees of our board of directors. The loan review process evaluates that the risk identification and assessment decisions made by lenders and credit personnel are in line with our policies and procedures.Commercial Real Estate and Commercial LoansCRE and commercial loans are the largest classifications within earning assets, representing 43% and 20%, respectively, of average earning assets for the year ended December 31, 2025, as compared to 41% and 20%, respectively, for the year ended December 31, 2024. Delinquency and non-accrual loan movements during the period reflect an ant",https://www.sec.gov/Archives/edgar/data/887343/000088734326000088/colb-20251231.htm
COLB,10-K,2025-12-31,commercial real estate,313246,"ccrual loan movements during the period reflect an anticipated move toward a normalized credit environment following a phase of exceptional high credit quality. As of December 31, 2025, non-accrual loans in the CRE and commercial portfolios include $38 million in government guarantees, which offsets our credit exposure in those portfolios.55Table of ContentsCommercial Real Estate LoansThe CRE portfolio includes loans to developers and institutional sponsors supporting income-producing or for-sale CRE properties. We mitigate our risk on these loans by requiring collateral values that exceed the loan amount and underwriting the loan with projected cash flow in excess of the debt service requirement. CRE loans are underwritten after ev",https://www.sec.gov/Archives/edgar/data/887343/000088734326000088/colb-20251231.htm
COLB,10-K,2025-12-31,commercial real estate,325201,"ors as the financial strength of borrowers, collateral value, historical loss experience, portfolio growth, prevailing economic conditions, and other factors. The following table summarizes our non-performing assets as of December 31, 2025 and 2024:(in millions)December 31, 2025December 31, 2024Non-performing assets: (1)Loans and leases on non-accrual statusCommercial real estate$50 $39 Commercial66 57 Total loans and leases on non-accrual status116 96 Loans and leases past due 90 days or more and accruing (2)Commercial real estate2 — Commercial8 5 Residential (2)72 66 Total loans and leases past due 90 days or more and accruing (2)82 71 Total non-performing loans and leases (1), (2)198 167 Other real estate owned2 3 Total non-perfo",https://www.sec.gov/Archives/edgar/data/887343/000088734326000088/colb-20251231.htm
COLB,10-K,2025-12-31,commercial real estate,328716,"ated into credit models.The following table shows the activity in the ACL for the years ended December 31, 2025 and 2024: (in millions)20252024Allowance for credit losses on loans and leasesBalance, beginning of period$425 $441 Initial ACL recorded for PCD loans acquired during the period5 — Provision for credit losses on loans and leases147 113 Charge-offs:Commercial real estate(11)(4)Commercial(111)(139)Residential(2)(2)Consumer & other(5)(6)Total loans charged-off(129)(151) Recoveries:Commercial real estate— 1 Commercial16 18 Residential— 1 Consumer & other2 2 Total recoveries18 22 Net charge-offs:Commercial real estate(11)(3)Commercial(95)(121)Residential(2)(1)Consumer & other(3)(4) Total net charge-offs(111)(129)Balance, end of",https://www.sec.gov/Archives/edgar/data/887343/000088734326000088/colb-20251231.htm
COLB,10-K,2025-12-31,commercial real estate,329407,")(4) Total net charge-offs(111)(129)Balance, end of period$466 $425 Reserve for unfunded commitmentsBalance, beginning of period$16 $23 Provision (recapture) for credit losses on unfunded commitments 3 (7)Balance, end of period19 16 Total allowance for credit losses$485 $441 As a percentage of average loans and leases (annualized):Net charge-offs0.27 %0.34 %Commercial real estate0.05 %0.01 %Commercial0.90 %1.24 %Residential0.03 %0.01 %Consumer & other1.49 %2.13 %Provision for credit losses0.36 %0.28 %Recoveries as a percentage of charge-offs13.95 %14.54 %61Table of ContentsThe following table shows the change in the ACL from December 31, 2025 to December 31, 2024:(in millions)December 31, 2024Initial ACL on PCD loans acquired during",https://www.sec.gov/Archives/edgar/data/887343/000088734326000088/colb-20251231.htm
COLB,10-K,2025-12-31,concentration,72252,rsOfCreditMember2025-12-310000887343us-gaap:StandbyLettersOfCreditMember2024-12-310000887343colb:ICapEntitiesMember2024-01-012024-12-310000887343colb:ICapEntitiesMember2025-01-012025-12-310000887343colb:ICapTrustMember2024-10-012024-12-310000887343colb:ICapTrustMember2025-10-012025-12-310000887343colb:RealEstateLoansasPartofLoanportfolioMemberus-gaap:ProductConcentrationRiskMemberus-gaap:SalesRevenueNetMember2025-01-012025-12-310000887343colb:RealEstateLoansasPartofLoanportfolioMemberus-gaap:ProductConcentrationRiskMemberus-gaap:SalesRevenueNetMember2025-01-012025-03-310000887343colb:MultifamilyLoansAsPartOfLoanPortfolioMemberus-gaap:ProductConcentrationRiskMemberus-gaap:SalesRevenueNetMember2025-01-012025-12-310000887343co,https://www.sec.gov/Archives/edgar/data/887343/000088734326000088/colb-20251231.htm
COLB,10-K,2025-12-31,concentration,72686,00887343colb:RealEstateLoansasPartofLoanportfolioMemberus-gaap:ProductConcentrationRiskMemberus-gaap:SalesRevenueNetMember2025-01-012025-03-310000887343colb:MultifamilyLoansAsPartOfLoanPortfolioMemberus-gaap:ProductConcentrationRiskMemberus-gaap:SalesRevenueNetMember2025-01-012025-12-310000887343colb:MultifamilyLoansAsPartOfLoanPortfolioMemberus-gaap:ProductConcentrationRiskMemberus-gaap:SalesRevenueNetMember2025-01-012025-03-310000887343colb:CommercialOfficeLoansAsPartOfLoanPortfolioMemberus-gaap:ProductConcentrationRiskMemberus-gaap:SalesRevenueNetMember2025-01-012025-12-310000887343colb:CommercialOfficeLoansAsPartOfLoanPortfolioMemberus-gaap:ProductConcentrationRiskMemberus-gaap:SalesRevenueNetMember2025-01-012025-03-310,https://www.sec.gov/Archives/edgar/data/887343/000088734326000088/colb-20251231.htm
COLB,10-K,2025-12-31,concentration,101668," to differ materially from the anticipated results expressed or implied by forward-looking statements:•changes in general economic, political, or industry conditions, and in conditions impacting the banking industry specifically;•deterioration in economic conditions that could result in increased loan and lease losses, especially those risks associated with concentrations in real estate related loans;•uncertainty in U.S. fiscal and monetary policy, including the interest rate policies of the Federal Reserve or the effects of any declines in housing and CRE prices, high or increasing unemployment rates, renewed inflation, or any recession or slowdown in economic growth particularly in the western United States;•volatility an",https://www.sec.gov/Archives/edgar/data/887343/000088734326000088/colb-20251231.htm
COLB,10-K,2025-12-31,concentration,138658,"k merger transactions that details the types of transactions that require FDIC approval, the principles the FDIC applies when applying the BMA statutory factors, and the procedures the FDIC uses in reviewing BMA applications. The statement of policy provides, among other things, that (i) the evaluation of a merger’s competitive effects may take into account concentration beyond deposits, including the ability of the resulting IDI to better meet the needs of the community to be served, (ii) the FDIC may require divestitures to be completed before allowing bank merger transactions to be consummated, (iii) the FDIC expects to hold public hearings for mergers resulting in IDIs that have $50 billion or more in total consolidated",https://www.sec.gov/Archives/edgar/data/887343/000088734326000088/colb-20251231.htm
COLB,10-K,2025-12-31,concentration,208659,"value of assets and collateral associated with existing loans;•certain securities within our investment portfolio could require an ACL, requiring a write-down through earnings to fair value, thereby reducing equity;•low-cost or non-interest-bearing deposits may decrease; and•demand for our loan and other products and services may decrease.27Table of ContentsConcentrations within our loan portfolio could result in increased credit risk in a challenging economy.While our loan portfolio is diversified across business sectors, it is concentrated in CRE and commercial business loans. These types of loans generally are viewed as having more risk of default than residential real estate loans or certain other types of loans or inve",https://www.sec.gov/Archives/edgar/data/887343/000088734326000088/colb-20251231.htm
COLB,10-K,2025-12-31,concentration,209138,"portfolio is diversified across business sectors, it is concentrated in CRE and commercial business loans. These types of loans generally are viewed as having more risk of default than residential real estate loans or certain other types of loans or investments. In fact, the FDIC has issued pronouncements alerting banks of its concern about significant loan concentrations. CRE valuations can be materially affected over relatively short periods of time by changes in business climate, economic conditions, interest rates, and, in many cases, the results of operations of businesses and other occupants of the real property. Evolving factors such as the shift to work-from-home or hybrid-work arrangements, changing consumer prefer",https://www.sec.gov/Archives/edgar/data/887343/000088734326000088/colb-20251231.htm
COLB,10-K,2025-12-31,concentration,275862," utilizing quantitative and qualitative factors. Management uses complex models to forecast future economic conditions based on specific macroeconomic variables for each loan and lease portfolio. The adequacy of the ACL is monitored regularly, considering factors such as: CECL model outputs; loan portfolio quality and risk ratings; economic conditions; loan concentrations and growth rates; past-due and non-performing trends; specific loss estimates for significant problem loans; historical charge-off and recovery experience. As of December 31, 2025, the Bank used Moody's Analytics' November 2025 consensus forecast to estimate the ACL. To assess sensitivity, the Bank applied the Moody's Analytics' November 2025 S2 scenario, ",https://www.sec.gov/Archives/edgar/data/887343/000088734326000088/colb-20251231.htm
COLB,10-K,2025-12-31,concentration,309797," in loans acquired through the Pacific Premier acquisition, partially offset by runoff in commercial development and below-market-rate transactional loans, and the transfer of $295 million in residential mortgage loans held for sale. The loan to deposit ratio was 88% at December 31, 2025, compared to 90% at December 31, 2024.The following table presents the concentration distribution of our loan and lease portfolio by major type as of December 31, 2025 and 2024: December 31, 2025December 31, 2024(in millions)Amount%Amount%Commercial real estate Non-owner occupied term$8,206 17 %$6,278 17 %Owner occupied term7,314 15 %5,270 14 %Multifamily10,281 22 %5,804 15 %Construction & development1,707 4 %1,983 5 %Residential developmen",https://www.sec.gov/Archives/edgar/data/887343/000088734326000088/colb-20251231.htm
COLB,10-K,2025-12-31,market area,103746,"5Table of Contents•our ability to achieve the efficiencies and enhanced financial and operating performance we expect to realize from investments in personnel, acquisitions, and infrastructure;•the possibility that our recorded goodwill could become impaired, which may have an adverse impact on our earnings and capital; •demand for financial services in our market areas;•stability, cost, and continued availability of borrowings and other funding sources, such as brokered and public deposits;•changes in legal or regulatory requirements or the results of regulatory examinations that could increase expenses or restrict growth;•changes in the scope and cost of FDIC insurance and other coverage;•our ability to manage climate c",https://www.sec.gov/Archives/edgar/data/887343/000088734326000088/colb-20251231.htm
COLB,10-K,2025-12-31,market area,111691,"customers tailored financial solutions to meet their needs.Products and ServicesWe place the highest priority on customer service and assist our customers in making informed decisions when selecting from the products and services we offer. Our array of financial products are delivered through traditional and digital channels to meet the banking needs of our market area and commercial and consumer customers. To ensure the ongoing viability of our product offerings, we regularly examine the desirability and profitability of existing and potential new products. Our customers can access our products through our branch network, mobile banking applications, and our website: www.columbiabank.com (information contained on our web",https://www.sec.gov/Archives/edgar/data/887343/000088734326000088/colb-20251231.htm
COLB,10-K,2025-12-31,market area,115759,"ns and terms. We sell many of the residential real estate loans that we originate into the secondary market. Servicing is retained on the majority of these loans.Consumer Loans. We provide loans to individual borrowers for a variety of purposes, including secured and unsecured personal loans, home equity and personal lines of credit, and motor vehicle loans.Market Area and CompetitionThe geographic markets we serve are highly competitive for deposits, loans, leases, and other fee-generating products and services. We compete with traditional banking institutions, as well as non-bank financial service providers, such as credit unions, mortgage companies, fintechs, and online based financial service providers. In our market ",https://www.sec.gov/Archives/edgar/data/887343/000088734326000088/colb-20251231.htm
COLB,10-K,2025-12-31,market area,116123,"et Area and CompetitionThe geographic markets we serve are highly competitive for deposits, loans, leases, and other fee-generating products and services. We compete with traditional banking institutions, as well as non-bank financial service providers, such as credit unions, mortgage companies, fintechs, and online based financial service providers. In our market areas of Arizona, California, Colorado, Idaho, Nevada, Oregon, Texas, Utah, and Washington, major national banks generally hold top market share positions. Competition also includes small community banks that operate in concentrated areas within our footprint and other regional banks that focus on commercial and retail banking. In 2025, due to the acquisition of",https://www.sec.gov/Archives/edgar/data/887343/000088734326000088/colb-20251231.htm
COLB,10-K,2025-12-31,market area,116538,"evada, Oregon, Texas, Utah, and Washington, major national banks generally hold top market share positions. Competition also includes small community banks that operate in concentrated areas within our footprint and other regional banks that focus on commercial and retail banking. In 2025, due to the acquisition of Pacific Premier, the Bank has expanded its market area into Texas through an HOA office.As the industry becomes increasingly oriented toward technology-driven delivery systems, permitting transactions to be conducted on mobile devices and computers, non-bank institutions are able to attract customers and provide lending and other financial services even without offices located in our primary service area. Some ",https://www.sec.gov/Archives/edgar/data/887343/000088734326000088/colb-20251231.htm
COLB,10-K,2025-12-31,market area,169967," identified strategy for resolution of the IDI in a failure scenario. Columbia Bank’s initial informational filing under the final rule will be due on or before July 1, 2026.Brokered DepositsThe FDIA prohibits an IDI from accepting brokered deposits or offering interest rates on any deposits significantly higher than the prevailing rate in the Bank’s normal market area or nationally (depending upon where the deposits are solicited) unless it is well-capitalized or is adequately capitalized and receives a waiver from the FDIC. A depository institution that is adequately capitalized and accepts brokered deposits under a waiver from the FDIC may not pay an interest rate on any deposit in excess of 75 basis points over certai",https://www.sec.gov/Archives/edgar/data/887343/000088734326000088/colb-20251231.htm
COLB,10-K,2025-12-31,market area,207202,"ss activities may be adversely affected, and management's attention may be diverted from successfully hiring suitable replacements, all of which may cause the Columbia's business to suffer. Columbia also may not be able to locate or retain suitable replacements for any key employees who leave Columbia.Interest Rate and Credit RisksEconomic conditions in the market areas we serve may adversely impact our earnings and could increase our credit risk associated with our loan portfolio, the value of our investment portfolio and the availability of deposits.Substantially all of our loan and deposit customers are businesses and individuals in Arizona, California, Colorado, Idaho, Nevada, Oregon, Utah, and Washington and soft eco",https://www.sec.gov/Archives/edgar/data/887343/000088734326000088/colb-20251231.htm
COLB,10-K,2025-12-31,market area,207589,"dversely impact our earnings and could increase our credit risk associated with our loan portfolio, the value of our investment portfolio and the availability of deposits.Substantially all of our loan and deposit customers are businesses and individuals in Arizona, California, Colorado, Idaho, Nevada, Oregon, Utah, and Washington and soft economies in these market areas could have a material adverse effect on our business, financial condition, results of operations, and prospects. We are focusing on growth opportunities in Arizona, Colorado, Texas, and Utah; however, economic softening in these areas could hinder our expansion plans. A deterioration in the market areas we serve could result in consequences, including the ",https://www.sec.gov/Archives/edgar/data/887343/000088734326000088/colb-20251231.htm
COLB,10-K,2025-12-31,multifamily,7373,olb:CommercialRealEstateNonownerOccupiedTermMember2024-12-310000887343us-gaap:CommercialRealEstatePortfolioSegmentMembercolb:CommercialRealEstateOwnerOccupiedTermMember2025-12-310000887343us-gaap:CommercialRealEstatePortfolioSegmentMembercolb:CommercialRealEstateOwnerOccupiedTermMember2024-12-310000887343us-gaap:CommercialRealEstatePortfolioSegmentMembersrt:MultifamilyMember2025-12-310000887343us-gaap:CommercialRealEstatePortfolioSegmentMembersrt:MultifamilyMember2024-12-310000887343us-gaap:CommercialRealEstatePortfolioSegmentMembercolb:CommercialRealEstateConstructionAndDevelopmentMember2025-12-310000887343us-gaap:CommercialRealEstatePortfolioSegmentMembercolb:CommercialRealEstateConstructionAndDevelopmentMember2024-12-3,https://www.sec.gov/Archives/edgar/data/887343/000088734326000088/colb-20251231.htm
COLB,10-K,2025-12-31,multifamily,13237,gaap:CommercialRealEstatePortfolioSegmentMembercolb:CommercialRealEstateOwnerOccupiedTermMemberus-gaap:FinancialAssetPastDueMember2025-12-310000887343us-gaap:CommercialRealEstatePortfolioSegmentMembercolb:CommercialRealEstateOwnerOccupiedTermMemberus-gaap:FinancialAssetNotPastDueMember2025-12-310000887343us-gaap:CommercialRealEstatePortfolioSegmentMembersrt:MultifamilyMemberus-gaap:FinancingReceivables30To59DaysPastDueMember2025-12-310000887343us-gaap:CommercialRealEstatePortfolioSegmentMembersrt:MultifamilyMemberus-gaap:FinancingReceivables60To89DaysPastDueMember2025-12-310000887343us-gaap:CommercialRealEstatePortfolioSegmentMembersrt:MultifamilyMemberus-gaap:FinancingReceivablesEqualToGreaterThan90DaysPastDueMember2025-,https://www.sec.gov/Archives/edgar/data/887343/000088734326000088/colb-20251231.htm
COLB,10-K,2025-12-31,multifamily,13677,00887343us-gaap:CommercialRealEstatePortfolioSegmentMembersrt:MultifamilyMemberus-gaap:FinancingReceivables60To89DaysPastDueMember2025-12-310000887343us-gaap:CommercialRealEstatePortfolioSegmentMembersrt:MultifamilyMemberus-gaap:FinancingReceivablesEqualToGreaterThan90DaysPastDueMember2025-12-310000887343us-gaap:CommercialRealEstatePortfolioSegmentMembersrt:MultifamilyMemberus-gaap:FinancialAssetPastDueMember2025-12-310000887343us-gaap:CommercialRealEstatePortfolioSegmentMembersrt:MultifamilyMemberus-gaap:FinancialAssetNotPastDueMember2025-12-310000887343us-gaap:CommercialRealEstatePortfolioSegmentMembercolb:CommercialRealEstateConstructionAndDevelopmentMemberus-gaap:FinancingReceivables30To59DaysPastDueMember2025-12-3100,https://www.sec.gov/Archives/edgar/data/887343/000088734326000088/colb-20251231.htm
COLB,10-K,2025-12-31,multifamily,22089,gaap:CommercialRealEstatePortfolioSegmentMembercolb:CommercialRealEstateOwnerOccupiedTermMemberus-gaap:FinancialAssetPastDueMember2024-12-310000887343us-gaap:CommercialRealEstatePortfolioSegmentMembercolb:CommercialRealEstateOwnerOccupiedTermMemberus-gaap:FinancialAssetNotPastDueMember2024-12-310000887343us-gaap:CommercialRealEstatePortfolioSegmentMembersrt:MultifamilyMemberus-gaap:FinancingReceivables30To59DaysPastDueMember2024-12-310000887343us-gaap:CommercialRealEstatePortfolioSegmentMembersrt:MultifamilyMemberus-gaap:FinancingReceivables60To89DaysPastDueMember2024-12-310000887343us-gaap:CommercialRealEstatePortfolioSegmentMembersrt:MultifamilyMemberus-gaap:FinancingReceivablesEqualToGreaterThan90DaysPastDueMember2024-,https://www.sec.gov/Archives/edgar/data/887343/000088734326000088/colb-20251231.htm
COLB,10-K,2025-12-31,multifamily,22529,00887343us-gaap:CommercialRealEstatePortfolioSegmentMembersrt:MultifamilyMemberus-gaap:FinancingReceivables60To89DaysPastDueMember2024-12-310000887343us-gaap:CommercialRealEstatePortfolioSegmentMembersrt:MultifamilyMemberus-gaap:FinancingReceivablesEqualToGreaterThan90DaysPastDueMember2024-12-310000887343us-gaap:CommercialRealEstatePortfolioSegmentMembersrt:MultifamilyMemberus-gaap:FinancialAssetPastDueMember2024-12-310000887343us-gaap:CommercialRealEstatePortfolioSegmentMembersrt:MultifamilyMemberus-gaap:FinancialAssetNotPastDueMember2024-12-310000887343us-gaap:CommercialRealEstatePortfolioSegmentMembercolb:CommercialRealEstateConstructionAndDevelopmentMemberus-gaap:FinancingReceivables30To59DaysPastDueMember2024-12-3100,https://www.sec.gov/Archives/edgar/data/887343/000088734326000088/colb-20251231.htm
COLB,10-K,2025-12-31,multifamily,30507,cialRealEstatePortfolioSegmentMembercolb:CommercialRealEstateOwnerOccupiedTermMembercolb:GeneralBusinessAssetsMember2025-12-310000887343us-gaap:CommercialRealEstatePortfolioSegmentMembercolb:CommercialRealEstateOwnerOccupiedTermMemberus-gaap:CollateralPledgedMember2025-12-310000887343us-gaap:CommercialRealEstatePortfolioSegmentMembercolb:CommercialRealEstateMultifamilyMemberus-gaap:ResidentialRealEstateMember2025-12-310000887343us-gaap:CommercialRealEstatePortfolioSegmentMembercolb:CommercialRealEstateMultifamilyMemberus-gaap:CommercialRealEstateMember2025-12-310000887343us-gaap:CommercialRealEstatePortfolioSegmentMembercolb:CommercialRealEstateMultifamilyMembercolb:GeneralBusinessAssetsMember2025-12-310000887343us-gaap:C,https://www.sec.gov/Archives/edgar/data/887343/000088734326000088/colb-20251231.htm
COLB,10-K,2025-12-31,multifamily,30944,ap:CommercialRealEstatePortfolioSegmentMembercolb:CommercialRealEstateMultifamilyMemberus-gaap:CommercialRealEstateMember2025-12-310000887343us-gaap:CommercialRealEstatePortfolioSegmentMembercolb:CommercialRealEstateMultifamilyMembercolb:GeneralBusinessAssetsMember2025-12-310000887343us-gaap:CommercialRealEstatePortfolioSegmentMembercolb:CommercialRealEstateMultifamilyMemberus-gaap:CollateralPledgedMember2025-12-310000887343us-gaap:CommercialPortfolioSegmentMembercolb:TermMemberus-gaap:ResidentialRealEstateMember2025-12-310000887343us-gaap:CommercialPortfolioSegmentMembercolb:TermMemberus-gaap:CommercialRealEstateMember2025-12-310000887343us-gaap:CommercialPortfolioSegmentMembercolb:TermMembercolb:GeneralBusinessAssetsMem,https://www.sec.gov/Archives/edgar/data/887343/000088734326000088/colb-20251231.htm
COLB,10-K,2025-12-31,multifamily,55169,p:CommercialRealEstatePortfolioSegmentMembercolb:CommercialRealEstateOwnerOccupiedTermMemberus-gaap:DoubtfulMember2025-12-310000887343us-gaap:CommercialRealEstatePortfolioSegmentMembercolb:CommercialRealEstateOwnerOccupiedTermMemberus-gaap:UnlikelyToBeCollectedFinancingReceivableMember2025-12-310000887343us-gaap:CommercialRealEstatePortfolioSegmentMembersrt:MultifamilyMembercolb:PassWatchMember2025-12-310000887343us-gaap:CommercialRealEstatePortfolioSegmentMembersrt:MultifamilyMemberus-gaap:SpecialMentionMember2025-12-310000887343us-gaap:CommercialRealEstatePortfolioSegmentMembersrt:MultifamilyMemberus-gaap:SubstandardMember2025-12-310000887343us-gaap:CommercialRealEstatePortfolioSegmentMembersrt:MultifamilyMember2025-01-,https://www.sec.gov/Archives/edgar/data/887343/000088734326000088/colb-20251231.htm
COLB,10-K,2025-12-31,non-owner occupied,309988," residential mortgage loans held for sale. The loan to deposit ratio was 88% at December 31, 2025, compared to 90% at December 31, 2024.The following table presents the concentration distribution of our loan and lease portfolio by major type as of December 31, 2025 and 2024: December 31, 2025December 31, 2024(in millions)Amount%Amount%Commercial real estate Non-owner occupied term$8,206 17 %$6,278 17 %Owner occupied term7,314 15 %5,270 14 %Multifamily10,281 22 %5,804 15 %Construction & development1,707 4 %1,983 5 %Residential development362 1 %232 1 %CommercialTerm6,713 14 %5,538 15 %Lines of credit & other3,643 8 %2,770 7 %Leases & equipment finance1,599 3 %1,661 4 %ResidentialMortgage5,624 12 %5,933 16 %Home equity loans & lin",https://www.sec.gov/Archives/edgar/data/887343/000088734326000088/colb-20251231.htm
COLB,10-K,2025-12-31,non-owner occupied,310875,"le presents the maturity distribution of our loan and lease portfolios and the rate sensitivity of these loans to changes in interest rates as of December 31, 2025:By MaturityLoans Over One Year by Rate Sensitivity(in millions)One Year or LessOne Through Five YearsFive Through 15 YearsOver 15 YearsTotalFixed RateFloating/Adjustable RateCommercial real estateNon-owner occupied term$760 $3,250 $3,940 $256 $8,206 $2,674 $4,772 Owner occupied term322 1,979 4,435 578 7,314 3,524 3,468 Multifamily156 1,588 4,242 4,295 10,281 1,304 8,821 Construction & development1,019 556 122 10 1,707 236 452 Residential development250 111 1 — 362 — 112 CommercialTerm2,496 2,207 1,819 191 6,713 2,548 1,669 Lines of credit & other2,032 1,383 180 48 3,6",https://www.sec.gov/Archives/edgar/data/887343/000088734326000088/colb-20251231.htm
COLB,10-K,2025-12-31,non-owner occupied,314817,"de criteria. As a general rule, we avoid financing single-purpose projects unless other underwriting factors are present to help mitigate risk. Third-party experts are also utilized to provide insight and guidance about economic conditions and trends affecting market areas we serve. In addition, management tracks the level of owner-occupied CRE loans versus non-owner occupied loans. Owner-occupied real estate loans are based on cash flows from ongoing operations and the borrower must generally occupy more than 50% of rentable space or pay more than 50% of rents. At December 31, 2025, approximately 26% of the outstanding principal balance of our CRE loan portfolio, secured by owner-occupied properties.As of December 31, 2025, the",https://www.sec.gov/Archives/edgar/data/887343/000088734326000088/colb-20251231.htm
COLB,10-K,2025-12-31,non-owner occupied,317740,"a decline in real estate values in the Bank's primary geographic footprint in particular, could have an adverse impact on the repayment of these loans. Loans secured by office properties, which are predominantly located in suburban markets, represented approximately 8% of our total loan portfolio at both December 31, 2025 and 2024, and were comprised of 53% non-owner occupied, 45% owner occupied, and 2% construction loans at December 31, 2025, compared to 57% non-owner occupied, 40% owner occupied, and 3% construction loans at December 31, 2024.The following table provides detail on the geographic distribution of our CRE portfolio secured by office properties:December 31, 2025December 31, 2024(in millions)Amount% of totalAmount%",https://www.sec.gov/Archives/edgar/data/887343/000088734326000088/colb-20251231.htm
COLB,10-K,2025-12-31,non-owner occupied,412304,"pportable estimates of loss over the life of the loans as the projected credit losses will also converge to a steady state in line with the variables applied.The following provides credit quality indicators and risk elements most relevant in monitoring and measuring the ACL on loans for each of the loan portfolio segments identified:•Commercial Real Estate: Non-owner occupied CRE, multifamily, and commercial construction loans are analyzed using a model that uses four primary property variables: net operating income, property value, property type, and location. For PD estimation, the model simulates potential future paths of net operating income given CRE market factors determined from macroeconomic and regional CRE forecasts. U",https://www.sec.gov/Archives/edgar/data/887343/000088734326000088/colb-20251231.htm
COLB,10-K,2025-12-31,non-owner occupied,462721," were pledged to secure borrowing capacity, public deposits, repurchase agreements, and for other purposes as required or permitted by law. Note 5 – Loans and LeasesThe following table presents the major types of loans and leases, net of deferred fees and costs, as of the dates presented: (in millions)December 31, 2025December 31, 2024Commercial real estate Non-owner occupied term$8,206 $6,278 Owner occupied term7,314 5,270 Multifamily10,281 5,804 Construction & development1,707 1,983 Residential development362 232 CommercialTerm6,713 5,538 Lines of credit & other3,643 2,770 Leases & equipment finance1,599 1,661 ResidentialMortgage5,624 5,933 Home equity loans & lines2,149 2,032 Consumer & other178 180 Total loans and leases, ne",https://www.sec.gov/Archives/edgar/data/887343/000088734326000088/colb-20251231.htm
COLB,10-K,2025-12-31,non-owner occupied,474907," 2025 and 2024. The following tables present the carrying value of the loans and leases past due, by loan and lease class, as of the dates presented:December 31, 2025(in millions)Greater than 30 to 59 Days Past Due60 to 89 Days Past Due 90 Days or More and Accruing (2)Total Past DueNon-Accrual (2)Current and OtherTotal Loans and Leases Commercial real estateNon-owner occupied term$2 $— $— $2 $29 $8,175 $8,206 Owner occupied term6 5 1 12 21 7,281 7,314 Multifamily— 1 1 2 — 10,279 10,281 Construction & development— — — — — 1,707 1,707 Residential development— — — — — 362 362 CommercialTerm2 7 2 11 25 6,677 6,713 Lines of credit & other4 3 1 8 22 3,613 3,643 Leases & equipment finance17 18 5 40 19 1,540 1,599 ResidentialMortgage (1",https://www.sec.gov/Archives/edgar/data/887343/000088734326000088/colb-20251231.htm
COLB,10-K,2025-12-31,non-owner occupied,476018,".(2) Includes government guaranteed portion of $41 million and $38 million for 90 days or more and non-accrual loans, respectively.103Table of ContentsDecember 31, 2024(in millions)Greater than 30 to 59 Days Past Due60 to 89 Days Past Due90 Days or More and Accruing (2)Total Past DueNon-Accrual (2)Current and OtherTotal Loans and LeasesCommercial real estateNon-owner occupied term$28 $— $— $28 $14 $6,236 $6,278 Owner occupied term1 — — 1 25 5,244 5,270 Multifamily— — — — — 5,804 5,804 Construction & development— — — — — 1,983 1,983 Residential development— — — — — 232 232 CommercialTerm2 1 — 3 29 5,506 5,538 Lines of credit & other5 6 — 11 7 2,752 2,770 Leases & equipment finance15 17 5 37 21 1,603 1,661 ResidentialMortgage (1)—",https://www.sec.gov/Archives/edgar/data/887343/000088734326000088/colb-20251231.htm
COLB,10-K,2025-12-31,office,64666,4-12-310000887343us-gaap:ConsumerPortfolioSegmentMemberus-gaap:SpecialMentionMember2024-12-310000887343us-gaap:ConsumerPortfolioSegmentMember2022-01-012024-12-310000887343srt:MinimumMemberus-gaap:BuildingAndBuildingImprovementsMember2025-12-310000887343srt:MaximumMemberus-gaap:BuildingAndBuildingImprovementsMember2025-12-310000887343srt:MinimumMemberus-gaap:OfficeEquipmentMember2025-12-310000887343srt:MaximumMemberus-gaap:OfficeEquipmentMember2025-12-310000887343colb:ColumbiaBankingSystemsAndPacificPremierBancorpMergerMemberus-gaap:CoreDepositsMember2025-10-012025-12-3100008873432025-01-012025-09-300000887343colb:TimeDepositsIncludingBrokeredMember2025-12-310000887343colb:BrokeredTimeDepositsMember2025-12-31000088734,https://www.sec.gov/Archives/edgar/data/887343/000088734326000088/colb-20251231.htm
COLB,10-K,2025-12-31,office,72783,aap:SalesRevenueNetMember2025-01-012025-03-310000887343colb:MultifamilyLoansAsPartOfLoanPortfolioMemberus-gaap:ProductConcentrationRiskMemberus-gaap:SalesRevenueNetMember2025-01-012025-12-310000887343colb:MultifamilyLoansAsPartOfLoanPortfolioMemberus-gaap:ProductConcentrationRiskMemberus-gaap:SalesRevenueNetMember2025-01-012025-03-310000887343colb:CommercialOfficeLoansAsPartOfLoanPortfolioMemberus-gaap:ProductConcentrationRiskMemberus-gaap:SalesRevenueNetMember2025-01-012025-12-310000887343colb:CommercialOfficeLoansAsPartOfLoanPortfolioMemberus-gaap:ProductConcentrationRiskMemberus-gaap:SalesRevenueNetMember2025-01-012025-03-310000887343us-gaap:InterestRateSwapMember2025-12-310000887343us-gaap:InterestRateSwapMember2,https://www.sec.gov/Archives/edgar/data/887343/000088734326000088/colb-20251231.htm
COLB,10-K,2025-12-31,office,90989," ACT OF 1934for the transition period from to .Commission file number: 000-20288 COLUMBIA BANKING SYSTEM, INC. (Exact name of registrant as specified in its charter)Washington91-1422237(State or Other Jurisdiction(I.R.S. Employer Identification Number)of Incorporation or Organization)1301 A StreetTacoma, Washington 98402-4200 (Address of Principal Executive Offices)(Zip Code) (253) 305-1900 (Registrant's telephone number, including area code)Securities registered pursuant to Section 12(b) of the Act: TITLE OF EACH CLASSTRADING SYMBOLNAME OF EXCHANGECommon Stock, No Par ValueCOLBThe Nasdaq Stock Market LLCIndicate by check mark if the registrant is a well-known seasoned issuer, as defined in Rule 405 of the Securities",https://www.sec.gov/Archives/edgar/data/887343/000088734326000088/colb-20251231.htm
COLB,10-K,2025-12-31,office,93679,"te by check mark whether the financial statement of the registrant included in the filing reflect the correction of an error to previously issued financial statements. ☐Indicate by check mark whether any of those error corrections are restatements that required a recovery analysis of incentive-based compensation received by any of the registrant’s executive officers during the relevant recovery period pursuant to Section 240.10D-1(b). ☐Indicate by check mark whether the registrant is a shell company (as defined in Rule 12b-2 of the Act). Yes ☐ No ☒The aggregate market value of the voting and non-voting common stock held by non-affiliates of the registrant as of June 30, 2025, based on the closing price on that date o",https://www.sec.gov/Archives/edgar/data/887343/000088734326000088/colb-20251231.htm
COLB,10-K,2025-12-31,office,95350,"CLOSURES ABOUT MARKET RISK69ITEM 8. FINANCIAL STATEMENTS AND SUPPLEMENTARY DATA72ITEM 9. CHANGES IN AND DISAGREEMENTS WITH ACCOUNTANTS ON ACCOUNTING AND FINANCIAL DISCLOSURE146ITEM 9A. CONTROLS AND PROCEDURES146ITEM 9B. OTHER INFORMATION147ITEM 9C. DISCLOSURE REGARDING FOREIGN JURISDICTIONS THAT PREVENT INSPECTIONS147PART III148ITEM 10. DIRECTORS, EXECUTIVE OFFICERS AND CORPORATE GOVERNANCE148ITEM 11. EXECUTIVE COMPENSATION148ITEM 12. SECURITY OWNERSHIP OF CERTAIN BENEFICIAL OWNERS AND MANAGEMENT AND RELATED STOCKHOLDER MATTERS148ITEM 13. CERTAIN RELATIONSHIPS AND RELATED TRANSACTIONS, AND DIRECTOR INDEPENDENCE149ITEM 14. PRINCIPAL ACCOUNTANT FEES AND SERVICES149PART IV150ITEM 15. EXHIBITS AND FINANCIAL STATEMENT SCH",https://www.sec.gov/Archives/edgar/data/887343/000088734326000088/colb-20251231.htm
COLB,10-K,2025-12-31,office,98149,"MFinancial Risk Management groupGAAPGenerally Accepted Accounting PrinciplesGDPGross Domestic ProductGNMAGovernment National Mortgage AssociationHELOCHome Equity Line of CreditHOAHomeowner's Association IDIInsured Depository InstitutionsLGDLoss Given DefaultLIHTCLow Income Housing Tax CreditMSRMortgage Servicing RightsNMNot MeaningfulNOLNet Operating LossOCCOffice of the Comptroller of the CurrencyPacific PremierPacific Premier Bancorp, Inc.Pacific Premier BankPacific Premier Bank, National AssociationPCDPurchased with Credit DeteriorationPDProbability of DefaultROURight-Of-UseRSARestricted Stock AwardsRSURestricted Stock UnitsRUCReserve for Unfunded CommitmentsSBASmall Business AdministrationSECSecurities and Exchan",https://www.sec.gov/Archives/edgar/data/887343/000088734326000088/colb-20251231.htm
COLB,10-K,2025-12-31,office,116576,"gton, major national banks generally hold top market share positions. Competition also includes small community banks that operate in concentrated areas within our footprint and other regional banks that focus on commercial and retail banking. In 2025, due to the acquisition of Pacific Premier, the Bank has expanded its market area into Texas through an HOA office.As the industry becomes increasingly oriented toward technology-driven delivery systems, permitting transactions to be conducted on mobile devices and computers, non-bank institutions are able to attract customers and provide lending and other financial services even without offices located in our primary service area. Some insurance companies and brokerage",https://www.sec.gov/Archives/edgar/data/887343/000088734326000088/colb-20251231.htm
COLB,10-K,2025-12-31,office,128647,"any of our associates through our customer resource center and through outreach from our customer insights team.•Associates may provide feedback through periodic engagement surveys, executive listening sessions, and all-hands and division calls.•Community members or representatives may reach out anytime or talk directly with footprint-based Community Impact Officers. •We maintain regular contact with government entities and regulatory bodies to support transparency and alignment with applicable requirements.•Shareholders regularly interact with our executive management team at investor conferences, road shows and 1:1 meetings, and they may contact our Director of Investor Relations directly or via our Investor Relati",https://www.sec.gov/Archives/edgar/data/887343/000088734326000088/colb-20251231.htm
COLB,10-K,2025-12-31,owner-occupied,314785,"verage, collateral, and risk grade criteria. As a general rule, we avoid financing single-purpose projects unless other underwriting factors are present to help mitigate risk. Third-party experts are also utilized to provide insight and guidance about economic conditions and trends affecting market areas we serve. In addition, management tracks the level of owner-occupied CRE loans versus non-owner occupied loans. Owner-occupied real estate loans are based on cash flows from ongoing operations and the borrower must generally occupy more than 50% of rentable space or pay more than 50% of rents. At December 31, 2025, approximately 26% of the outstanding principal balance of our CRE loan portfolio, secured by owner-occupied pro",https://www.sec.gov/Archives/edgar/data/887343/000088734326000088/colb-20251231.htm
COLB,10-K,2025-12-31,owner-occupied,413577," The primary economic drivers in the model are GDP growth, U.S. unemployment rate, and 10-Year Treasury yield. These economic drivers are translated into a forecast, provided by Moody's Analytics' REIS, of real estate metrics, such as rental rates, vacancies, and cap rates. The model produces PD and LGD on a quarter-by-quarter basis for the life of loan.The owner-occupied CRE portfolio utilizes a top-down macroeconomic model using logistic regression. This model produces portfolio level quarterly net charge-off rates according to the macroeconomic scenario over a reasonable and supportable two-year forecast. The primary economic drivers for this model are CRE price index and a five-state average unemployment rate. The model ",https://www.sec.gov/Archives/edgar/data/887343/000088734326000088/colb-20251231.htm
COLB,10-Q,2026-06-30,Bay Area,266064,"following table provides detail on the geographic distribution of our CRE portfolio as of the periods indicated:June 30, 2026December 31, 2025(in millions)Amount% of TotalAmount% of TotalSouthern California$8,789 33 %$9,147 32 %Puget Sound3,895 14 %4,049 15 %Portland Metro2,934 11 %3,013 11 %Oregon Other2,928 11 %2,952 11 %Northern California (excluding the Bay Area)2,079 8 %2,165 8 %Bay Area1,740 6 %1,847 7 %Washington Other1,396 5 %1,456 5 %Other3,248 12 %3,241 11 %Total CRE loans$27,009 100 %$27,870 100 %Loans secured by multifamily properties, including construction, represented 24% of the total loan portfolio as of both June 30, 2026 and December 31, 2025. These assets continue to perform well due to demand for re",https://www.sec.gov/Archives/edgar/data/887343/000088734326000170/colb-20260630.htm
COLB,10-Q,2026-06-30,Bay Area,267672,"cember 31, 2025.The following table provides details on the geographic distribution of our CRE secured by office properties:June 30, 2026December 31, 2025(in millions)Amount% of TotalAmount% of TotalSouthern California$1,112 31 %$1,135 31 %Puget Sound542 15 %551 15 %Oregon Other478 13 %467 13 %Portland Metro377 11 %386 11 %Northern California (excluding the Bay Area)274 8 %308 9 %Washington Other148 4 %151 4 %Bay Area146 4 %179 5 %Other482 14 %442 12 %Total CRE loans secured by office properties$3,559 100 %$3,619 100 %Commercial Loans and LeasesCommercial loans are made to commercial customers for use in normal business operations to finance working capital needs, equipment purchases, or other projects. The Bank focuse",https://www.sec.gov/Archives/edgar/data/887343/000088734326000170/colb-20260630.htm
COLB,10-Q,2026-06-30,Puget Sound,265932,"s are inclusive of government guarantees of $19 million and $21 million as of June 30, 2026 and December 31, 2025, respectively.The following table provides detail on the geographic distribution of our CRE portfolio as of the periods indicated:June 30, 2026December 31, 2025(in millions)Amount% of TotalAmount% of TotalSouthern California$8,789 33 %$9,147 32 %Puget Sound3,895 14 %4,049 15 %Portland Metro2,934 11 %3,013 11 %Oregon Other2,928 11 %2,952 11 %Northern California (excluding the Bay Area)2,079 8 %2,165 8 %Bay Area1,740 6 %1,847 7 %Washington Other1,396 5 %1,456 5 %Other3,248 12 %3,241 11 %Total CRE loans$27,009 100 %$27,870 100 %Loans secured by multifamily properties, including construction, represented 24% of th",https://www.sec.gov/Archives/edgar/data/887343/000088734326000170/colb-20260630.htm
COLB,10-Q,2026-06-30,Puget Sound,267552,"truction loans at June 30, 2026, compared to 53% non-owner occupied, 45% owner occupied, and 2% construction loans at December 31, 2025.The following table provides details on the geographic distribution of our CRE secured by office properties:June 30, 2026December 31, 2025(in millions)Amount% of TotalAmount% of TotalSouthern California$1,112 31 %$1,135 31 %Puget Sound542 15 %551 15 %Oregon Other478 13 %467 13 %Portland Metro377 11 %386 11 %Northern California (excluding the Bay Area)274 8 %308 9 %Washington Other148 4 %151 4 %Bay Area146 4 %179 5 %Other482 14 %442 12 %Total CRE loans secured by office properties$3,559 100 %$3,619 100 %Commercial Loans and LeasesCommercial loans are made to commercial customers for use in",https://www.sec.gov/Archives/edgar/data/887343/000088734326000170/colb-20260630.htm
COLB,10-Q,2026-06-30,Washington,94539,"AndLeasesMemberus-gaap:FairValueMeasurementsNonrecurringMember2025-01-012025-06-300000887343colb:FeesAndCommissionsMortgageBankingAndServicingMember2026-01-012026-06-300000887343colb:FeesAndCommissionsMortgageBankingAndServicingMember2025-01-012025-06-300000887343us-gaap:StateAndLocalJurisdictionMember2026-06-30UNITED STATESSECURITIES AND EXCHANGE COMMISSIONWashington, D.C. 20549 FORM 10-Q☒Quarterly Report Pursuant to Section 13 or 15(d) of the Securities Exchange Act of 1934 for the quarterly period ended: June 30, 2026or☐Transition Report Pursuant to Section 13 or 15(d) of the Securities Exchange Act of 1934for the transition period from to . Commission File Number: 000-20288 COLUMBIA BANKING SYSTEM, INC. (Exact Name o",https://www.sec.gov/Archives/edgar/data/887343/000088734326000170/colb-20260630.htm
COLB,10-Q,2026-06-30,Washington,94950,"ursuant to Section 13 or 15(d) of the Securities Exchange Act of 1934 for the quarterly period ended: June 30, 2026or☐Transition Report Pursuant to Section 13 or 15(d) of the Securities Exchange Act of 1934for the transition period from to . Commission File Number: 000-20288 COLUMBIA BANKING SYSTEM, INC. (Exact Name of Registrant as Specified in Its Charter)Washington91-1422237 (State or Other Jurisdiction(I.R.S. Employer Identification Number)of Incorporation or Organization) 1301 A Street Tacoma, Washington 98402-4200(Address of Principal Executive Offices)(Zip Code) (253) 305-1900 (Registrant's Telephone Number, Including Area Code) Securities registered pursuant to Section 12(b) of the Act:TITLE OF EACH CLASSTRADING ",https://www.sec.gov/Archives/edgar/data/887343/000088734326000170/colb-20260630.htm
COLB,10-Q,2026-06-30,Washington,165093," course of business activities, some of which involve claims for substantial or uncertain amounts.In September 2023, 34 related real estate investment entities (the ""iCap Entities"") that maintained their primary deposit accounts with the Bank filed jointly-administered Chapter 11 bankruptcies in the United States Bankruptcy Court for the Eastern District of Washington. In pleadings filed in the Bankruptcy Court for the Eastern District of Washington on behalf of investors who claimed losses of approximately $290 million, the Bank was identified as a party against which claims may be brought in connection with the iCap Entities' alleged operation of a Ponzi scheme prior to the bankruptcy proceedings described above. On Se",https://www.sec.gov/Archives/edgar/data/887343/000088734326000170/colb-20260630.htm
COLB,10-Q,2026-06-30,Washington,165716,"ap Entities' alleged operation of a Ponzi scheme prior to the bankruptcy proceedings described above. On September 26, 2025, the co-trustees of the iCap Trust, a liquidating trust created by the Second Modified Second Amended Joint Chapter 11 Plan of Liquidation of the iCap Entities, filed suit in the United States District Court for the Western District of Washington alleging aiding and abetting claims against the Bank associated with the provision of banking services to the bankrupt iCap Entities. The suit was filed on behalf of investors alleging losses in connection with the iCap Entities. On June 9, 2026, the United States District Court for the Western District of Washington denied the Bank's motion to dismiss, and",https://www.sec.gov/Archives/edgar/data/887343/000088734326000170/colb-20260630.htm
COLB,10-Q,2026-06-30,Washington,171300,", if unfavorable, may be material to the Company's results of operations for any particular reporting period.Concentrations of Credit Risk—The Bank extends real estate mortgage, real estate construction, commercial, agricultural and installment loans and leases to customers primarily located in Arizona, California, Colorado, Idaho, Nevada, Oregon, Utah, and Washington. Based on management's judgment, a concentration of credit risks exists in real estate-related loans, which represented approximately 75% and 76% of the Bank's loan and lease portfolio as of June 30, 2026 and December 31, 2025, respectively. CRE concentrations are actively managed to promote geographic and business diversification, primarily within the Bank",https://www.sec.gov/Archives/edgar/data/887343/000088734326000170/colb-20260630.htm
COLB,10-Q,2026-06-30,Washington,205798,"ns of the Bank and Holding Company. The Company primarily derives revenue from banking operations by providing consumer and residential real estate loans, commercial lending products, deposit products, and treasury and wealth management services. The Company's primary market areas are in Arizona, California, Colorado, Idaho, Nevada, Oregon, Texas, Utah, and Washington and it manages the business activities on a consolidated basis. The accounting policies of the Bank are the same as those described in Note 1 - Summary of Significant Accounting Policies of the Notes to Consolidated Financial Statements included in the Company's Annual Report on Form 10-K for the year ended December 31, 2025.45Table of ContentsThe Company's",https://www.sec.gov/Archives/edgar/data/887343/000088734326000170/colb-20260630.htm
COLB,10-Q,2026-06-30,Washington,215454,"t on Form 10-Q as ""we,"" ""our,"" ""the Company"" and ""Columbia"") is a registered financial holding company, which wholly owns the Bank. FinPac, a commercial equipment leasing company, is a subsidiary of Columbia Bank. Columbia Bank is an award-winning preeminent regional bank with offices in Arizona, California, Colorado, Idaho, Nevada, Oregon, Texas, Utah, and Washington. Columbia Bank combines the resources, sophistication, and expertise of a national bank with a commitment to deliver superior, personalized service. The bank supports consumers and businesses through a full suite of services, including retail and commercial banking, Small Business Administration lending, institutional and corporate banking, and equipment le",https://www.sec.gov/Archives/edgar/data/887343/000088734326000170/colb-20260630.htm
COLB,10-Q,2026-06-30,Washington,266117,"tribution of our CRE portfolio as of the periods indicated:June 30, 2026December 31, 2025(in millions)Amount% of TotalAmount% of TotalSouthern California$8,789 33 %$9,147 32 %Puget Sound3,895 14 %4,049 15 %Portland Metro2,934 11 %3,013 11 %Oregon Other2,928 11 %2,952 11 %Northern California (excluding the Bay Area)2,079 8 %2,165 8 %Bay Area1,740 6 %1,847 7 %Washington Other1,396 5 %1,456 5 %Other3,248 12 %3,241 11 %Total CRE loans$27,009 100 %$27,870 100 %Loans secured by multifamily properties, including construction, represented 24% of the total loan portfolio as of both June 30, 2026 and December 31, 2025. These assets continue to perform well due to demand for rental properties in our geographic footprint. Although m",https://www.sec.gov/Archives/edgar/data/887343/000088734326000170/colb-20260630.htm
COLB,10-Q,2026-06-30,commercial real estate,98465,"e for Credit LossesACLLLAllowance for Credit Losses on Loans and LeasesASUAccounting Standards UpdateBankColumbia BankBasel IIIBasel Capital Framework (third accord)BOLIBank-Owned Life InsuranceCECLCurrent Expected Credit Losses CODMChief Operating Decision MakerColumbiaColumbia Banking System, Inc.CompanyColumbia Banking System, Inc. and its SubsidiariesCRECommercial Real EstateDCFDiscounted Cash FlowEVEEconomic Value of EquityESPPEmployee Stock Purchase PlanFASBFinancial Accounting Standards BoardFDICFederal Deposit Insurance CorporationFederal ReserveBoard of Governors of the Federal Reserve SystemFHLBFederal Home Loan Bank of Des MoinesFinPacFinancial Pacific Leasing, Inc.FOMCFederal Open Market CommitteeFRBFederal Reserve BankG",https://www.sec.gov/Archives/edgar/data/887343/000088734326000170/colb-20260630.htm
COLB,10-Q,2026-06-30,commercial real estate,124574,"ctively, were pledged to secure borrowing capacity, public deposits, repurchase agreements, and other obligations, as required or permitted by law. 13Table of ContentsNote 4 – Loans and LeasesThe following table presents the major types of loans and leases, net of deferred fees and costs, as of the dates presented: (in millions)June 30, 2026December 31, 2025Commercial real estateNon-owner occupied term$7,584 $8,206 Owner occupied term7,405 7,314 Multifamily10,122 10,281 Construction & development1,529 1,707 Residential development369 362 CommercialTerm7,004 6,713 Lines of credit & other3,794 3,643 Leases & equipment finance1,617 1,599 ResidentialMortgage5,402 5,624 Home equity loans & lines2,176 2,149 Consumer & other164 178 Total l",https://www.sec.gov/Archives/edgar/data/887343/000088734326000170/colb-20260630.htm
COLB,10-Q,2026-06-30,commercial real estate,132690,"of June 30, 2026. There is, however, no assurance that future loan losses will not exceed the levels provided for in the ACL and could possibly result in additional charges to the provision for credit losses.The following tables summarize activity related to the ACL by portfolio segment for the periods indicated: Three Months Ended June 30, 2026(in millions)Commercial Real EstateCommercialResidentialConsumer & OtherTotalAllowance for credit losses on loans and leasesBalance, beginning of period$212 $208 $33 $6 $459 Provision (recapture) for credit losses on loans and leases6 34 (12)1 29 Charge-offs(1)(32)— (2)(35)Recoveries— 4 — 1 5 Net charge-offs(1)(28)— (1)(30)Balance, end of period$217 $214 $21 $6 $458 Reserve for unfunded commi",https://www.sec.gov/Archives/edgar/data/887343/000088734326000170/colb-20260630.htm
COLB,10-Q,2026-06-30,commercial real estate,133316,"eries— 4 — 1 5 Net charge-offs(1)(28)— (1)(30)Balance, end of period$217 $214 $21 $6 $458 Reserve for unfunded commitmentsBalance, beginning of period$11 $6 $1 $1 $19 Recapture of credit losses on unfunded commitments(2)— — — (2)Balance, end of period9 6 1 1 17 Total allowance for credit losses$226 $220 $22 $7 $475 Six Months Ended June 30, 2026(in millions)Commercial Real EstateCommercialResidentialConsumer & OtherTotalAllowance for credit losses on loans and leasesBalance, beginning of period$198 $226 $34 $8 $466 Provision (recapture) for credit losses on loans and leases 20 51 (13)(1)57 Charge-offs(1)(71)— (3)(75)Recoveries— 8 — 2 10 Net charge-offs(1)(63)— (1)(65)Balance, end of period$217 $214 $21 $6 $458 Reserve for unfunded c",https://www.sec.gov/Archives/edgar/data/887343/000088734326000170/colb-20260630.htm
COLB,10-Q,2026-06-30,commercial real estate,133981,"3)— (1)(65)Balance, end of period$217 $214 $21 $6 $458 Reserve for unfunded commitmentsBalance, beginning of period$10 $7 $1 $1 $19 (Recapture) provision for credit losses on unfunded commitments(1)(1)— — (2)Balance, end of period9 6 1 1 17 Total allowance for credit losses$226 $220 $22 $7 $475 16Table of ContentsThree Months Ended June 30, 2025(in millions)Commercial Real EstateCommercialResidentialConsumer & OtherTotalAllowance for credit losses on loans and leasesBalance, beginning of period$168 $214 $32 $7 $421 (Recapture) provision for credit losses on loans and leases(8)34 2 1 29 Charge-offs— (33)— (1)(34)Recoveries— 5 — — 5 Net charge-offs— (28)— (1)(29)Balance, end of period$160 $220 $34 $7 $421 Reserve for unfunded commitme",https://www.sec.gov/Archives/edgar/data/887343/000088734326000170/colb-20260630.htm
COLB,10-Q,2026-06-30,commercial real estate,134602,"coveries— 5 — — 5 Net charge-offs— (28)— (1)(29)Balance, end of period$160 $220 $34 $7 $421 Reserve for unfunded commitmentsBalance, beginning of period$8 $7 $1 $1 $17 Provision for credit losses on unfunded commitments— 1 — — 1 Balance, end of period8 8 1 1 18 Total allowance for credit losses$168 $228 $35 $8 $439 Six Months Ended June 30, 2025(in millions)Commercial Real EstateCommercialResidentialConsumer & OtherTotalAllowance for credit losses on loans and leases Balance, beginning of period$154 $219 $45 $7 $425 (Recapture) provision for credit losses on loans and leases6 58 (10)1 55 Charge-offs— (66)(1)(2)(69)Recoveries— 9 — 1 10 Net charge-offs— (57)(1)(1)(59)Balance, end of period$160 $220 $34 $7 $421 Reserve for unfunded com",https://www.sec.gov/Archives/edgar/data/887343/000088734326000170/colb-20260630.htm
COLB,10-Q,2026-06-30,commercial real estate,137531," six months ended June 30, 2026 and 2025. The following tables present the carrying value of the loans and leases past due, by loan and lease class, as of the dates presented:June 30, 2026(in millions)Greater than 30 to 59 Days Past Due60 to 89 Days Past Due 90 Days or More and Accruing (2)Total Past DueNon-Accrual (2)Current and OtherTotal Loans and Leases Commercial real estateNon-owner occupied term$9 $1 $— $10 $40 $7,534 $7,584 Owner occupied term6 2 4 12 56 7,337 7,405 Multifamily10 6 — 16 — 10,106 10,122 Construction & development— — — — — 1,529 1,529 Residential development— — — — — 369 369 CommercialTerm5 1 — 6 32 6,966 7,004 Lines of credit & other24 6 — 30 36 3,728 3,794 Leases & equipment finance15 14 4 33 16 1,568 1,617 ",https://www.sec.gov/Archives/edgar/data/887343/000088734326000170/colb-20260630.htm
COLB,10-Q,2026-06-30,commercial real estate,138642,"illion at June 30, 2026.(2) Includes government guaranteed portion of $41 million and $37 million for 90 days or more and non-accrual loans, respectively.18Table of ContentsDecember 31, 2025(in millions)Greater than 30 to 59 Days Past Due60 to 89 Days Past Due90 Days or More and Accruing (2)Total Past DueNon-Accrual (2)Current and OtherTotal Loans and LeasesCommercial real estateNon-owner occupied term$2 $— $— $2 $29 $8,175 $8,206 Owner occupied term6 5 1 12 21 7,281 7,314 Multifamily— 1 1 2 — 10,279 10,281 Construction & development— — — — — 1,707 1,707 Residential development— — — — — 362 362 CommercialTerm2 7 2 11 25 6,677 6,713 Lines of credit & other4 3 1 8 22 3,613 3,643 Leases & equipment finance17 18 5 40 19 1,540 1,599 Resi",https://www.sec.gov/Archives/edgar/data/887343/000088734326000170/colb-20260630.htm
COLB,10-Q,2026-06-30,concentration,78930,CommitmentsToOriginateLoansHeldForSaleMember2026-06-300000887343colb:CommitmentsToOriginateLoansHeldForSaleMember2025-12-310000887343us-gaap:StandbyLettersOfCreditMember2026-06-300000887343us-gaap:StandbyLettersOfCreditMember2025-12-310000887343colb:ICapEntitiesMember2023-09-012023-09-300000887343colb:RealEstateLoansasPartofLoanportfolioMemberus-gaap:ProductConcentrationRiskMemberus-gaap:SalesRevenueNetMember2026-01-012026-06-300000887343colb:RealEstateLoansasPartofLoanportfolioMemberus-gaap:ProductConcentrationRiskMemberus-gaap:SalesRevenueNetMember2025-01-012025-12-310000887343colb:MultifamilyLoansAsPartOfLoanPortfolioMemberus-gaap:ProductConcentrationRiskMemberus-gaap:SalesRevenueNetMember2026-01-012026-06-300000887343co,https://www.sec.gov/Archives/edgar/data/887343/000088734326000170/colb-20260630.htm
COLB,10-Q,2026-06-30,concentration,79364,00887343colb:RealEstateLoansasPartofLoanportfolioMemberus-gaap:ProductConcentrationRiskMemberus-gaap:SalesRevenueNetMember2025-01-012025-12-310000887343colb:MultifamilyLoansAsPartOfLoanPortfolioMemberus-gaap:ProductConcentrationRiskMemberus-gaap:SalesRevenueNetMember2026-01-012026-06-300000887343colb:MultifamilyLoansAsPartOfLoanPortfolioMemberus-gaap:ProductConcentrationRiskMemberus-gaap:SalesRevenueNetMember2025-01-012025-12-310000887343colb:CommercialOfficeLoansAsPartOfLoanPortfolioMemberus-gaap:ProductConcentrationRiskMemberus-gaap:SalesRevenueNetMember2026-01-012026-06-300000887343colb:CommercialOfficeLoansAsPartOfLoanPortfolioMemberus-gaap:ProductConcentrationRiskMemberus-gaap:SalesRevenueNetMember2025-01-012025-12-310,https://www.sec.gov/Archives/edgar/data/887343/000088734326000170/colb-20260630.htm
COLB,10-Q,2026-06-30,concentration,131563,"djustments. Along with the quantitative results produced by the models, management also considers prepayment speeds and other qualitative factors when determining the ACL. Qualitative adjustments are applied to address risks and uncertainties that may not be fully reflected in the modeled estimate, including changes in economic conditions, portfolio trends, concentrations of credit risk, and other internal and external factors that could affect expected credit losses. This approach helps ensure that the allowance remains appropriately resilient and responsive to emerging risks, thereby supporting the resilience of the Bank's credit portfolio. These qualitative adjustments supplement the modeled estimate and reflect manageme",https://www.sec.gov/Archives/edgar/data/887343/000088734326000170/colb-20260630.htm
COLB,10-Q,2026-06-30,concentration,171049,"established reserves, the Company believes that the eventual outcome of the actions against us will not have a material adverse effect on the Company's consolidated financial statements. However, it is possible that the ultimate resolution of a matter, if unfavorable, may be material to the Company's results of operations for any particular reporting period.Concentrations of Credit Risk—The Bank extends real estate mortgage, real estate construction, commercial, agricultural and installment loans and leases to customers primarily located in Arizona, California, Colorado, Idaho, Nevada, Oregon, Utah, and Washington. Based on management's judgment, a concentration of credit risks exists in real estate-related loans, which rep",https://www.sec.gov/Archives/edgar/data/887343/000088734326000170/colb-20260630.htm
COLB,10-Q,2026-06-30,concentration,171557,"ases to customers primarily located in Arizona, California, Colorado, Idaho, Nevada, Oregon, Utah, and Washington. Based on management's judgment, a concentration of credit risks exists in real estate-related loans, which represented approximately 75% and 76% of the Bank's loan and lease portfolio as of June 30, 2026 and December 31, 2025, respectively. CRE concentrations are actively managed to promote geographic and business diversification, primarily within the Bank's footprint. The multifamily portfolio, including construction loans, represented approximately 24% of the total loan portfolio as of both June 30, 2026 and December 31, 2025. The office portfolio represented approximately 8% of the total loan portfolio for b",https://www.sec.gov/Archives/edgar/data/887343/000088734326000170/colb-20260630.htm
COLB,10-Q,2026-06-30,concentration,172019,"in the Bank's footprint. The multifamily portfolio, including construction loans, represented approximately 24% of the total loan portfolio as of both June 30, 2026 and December 31, 2025. The office portfolio represented approximately 8% of the total loan portfolio for both June 30, 2026 and December 31, 2025, respectively. Although management believes such concentrations do not expose the Bank to risks beyond normal collectability, a substantial decline in the economy in general, material increases in interest rates, changes in tax policies, tightening of credit or refinancing markets, or declines in real estate values within the Bank's primary market areas, could have an adverse impact on the repayment of these loans. Pri",https://www.sec.gov/Archives/edgar/data/887343/000088734326000170/colb-20260630.htm
COLB,10-Q,2026-06-30,concentration,172979,"ransactions involving other depository institutions. To mitigate these risks, the Bank has established standards for the selection of correspondent banks and internal limits on exposure to any single correspondent. In addition, the Bank maintains an investment policy that sets forth limitations that apply to all investments with respect to credit rating and concentrations with an issuer.Note 9 – Derivatives The Company is exposed to certain risks arising from both its business and economic conditions. The Company principally manages its exposures to a wide variety of business and operational risks through management of its core business activities. The Company manages economic risks, including interest rate, liquidity and c",https://www.sec.gov/Archives/edgar/data/887343/000088734326000170/colb-20260630.htm
COLB,10-Q,2026-06-30,concentration,209821,"to differ materially from the anticipated results expressed or implied by forward-looking statements: •changes in general economic, political, or industry conditions, and in conditions impacting the banking industry specifically;•deterioration in economic conditions that could result in increased loan and lease losses, especially those risks associated with concentrations in real estate related loans;•uncertainty in U.S. fiscal and monetary policy, including the interest rate policies of the Federal Reserve or the effects of any declines in housing and CRE prices, high or increasing unemployment rates, renewed or sustained inflation, or any recession or slowdown in economic growth particularly in the western United States;•",https://www.sec.gov/Archives/edgar/data/887343/000088734326000170/colb-20260630.htm
COLB,10-Q,2026-06-30,market area,172313,"ecember 31, 2025, respectively. Although management believes such concentrations do not expose the Bank to risks beyond normal collectability, a substantial decline in the economy in general, material increases in interest rates, changes in tax policies, tightening of credit or refinancing markets, or declines in real estate values within the Bank's primary market areas, could have an adverse impact on the repayment of these loans. Primary sources of repayment for a majority of these loans include personal and business cash flows, proceeds from the sale of real property, and proceeds from refinancing. The Bank also recognizes the credit risks inherent with transactions involving other depository institutions. To mitigate ",https://www.sec.gov/Archives/edgar/data/887343/000088734326000170/colb-20260630.htm
COLB,10-Q,2026-06-30,market area,205707,"marily banking operations as well as the operations, technology, and administrative functions of the Bank and Holding Company. The Company primarily derives revenue from banking operations by providing consumer and residential real estate loans, commercial lending products, deposit products, and treasury and wealth management services. The Company's primary market areas are in Arizona, California, Colorado, Idaho, Nevada, Oregon, Texas, Utah, and Washington and it manages the business activities on a consolidated basis. The accounting policies of the Bank are the same as those described in Note 1 - Summary of Significant Accounting Policies of the Notes to Consolidated Financial Statements included in the Company's Annual",https://www.sec.gov/Archives/edgar/data/887343/000088734326000170/colb-20260630.htm
COLB,10-Q,2026-06-30,market area,212247,"to achieve the efficiencies and enhanced financial and operating performance we expect to realize from investments in personnel, acquisitions, infrastructure, and technology;47Table of Contents•the possibility that our recorded goodwill could become impaired, which may have an adverse impact on our earnings and capital; •demand for financial services in our market areas;•stability, cost, and continued availability of borrowings and other funding sources, such as brokered and public deposits;•changes in legal or regulatory requirements or the results of regulatory examinations that could increase expenses or restrict growth;•changes in the scope and cost of FDIC insurance and other coverage;•our ability to manage climate c",https://www.sec.gov/Archives/edgar/data/887343/000088734326000170/colb-20260630.htm
COLB,10-Q,2026-06-30,multifamily,7044,olb:CommercialRealEstateNonownerOccupiedTermMember2025-12-310000887343us-gaap:CommercialRealEstatePortfolioSegmentMembercolb:CommercialRealEstateOwnerOccupiedTermMember2026-06-300000887343us-gaap:CommercialRealEstatePortfolioSegmentMembercolb:CommercialRealEstateOwnerOccupiedTermMember2025-12-310000887343us-gaap:CommercialRealEstatePortfolioSegmentMembersrt:MultifamilyMember2026-06-300000887343us-gaap:CommercialRealEstatePortfolioSegmentMembersrt:MultifamilyMember2025-12-310000887343us-gaap:CommercialRealEstatePortfolioSegmentMembercolb:CommercialRealEstateConstructionAndDevelopmentMember2026-06-300000887343us-gaap:CommercialRealEstatePortfolioSegmentMembercolb:CommercialRealEstateConstructionAndDevelopmentMember2025-12-3,https://www.sec.gov/Archives/edgar/data/887343/000088734326000170/colb-20260630.htm
COLB,10-Q,2026-06-30,multifamily,14247,gaap:CommercialRealEstatePortfolioSegmentMembercolb:CommercialRealEstateOwnerOccupiedTermMemberus-gaap:FinancialAssetPastDueMember2026-06-300000887343us-gaap:CommercialRealEstatePortfolioSegmentMembercolb:CommercialRealEstateOwnerOccupiedTermMemberus-gaap:FinancialAssetNotPastDueMember2026-06-300000887343us-gaap:CommercialRealEstatePortfolioSegmentMembersrt:MultifamilyMemberus-gaap:FinancingReceivables30To59DaysPastDueMember2026-06-300000887343us-gaap:CommercialRealEstatePortfolioSegmentMembersrt:MultifamilyMemberus-gaap:FinancingReceivables60To89DaysPastDueMember2026-06-300000887343us-gaap:CommercialRealEstatePortfolioSegmentMembersrt:MultifamilyMemberus-gaap:FinancingReceivablesEqualToGreaterThan90DaysPastDueMember2026-,https://www.sec.gov/Archives/edgar/data/887343/000088734326000170/colb-20260630.htm
COLB,10-Q,2026-06-30,multifamily,14687,00887343us-gaap:CommercialRealEstatePortfolioSegmentMembersrt:MultifamilyMemberus-gaap:FinancingReceivables60To89DaysPastDueMember2026-06-300000887343us-gaap:CommercialRealEstatePortfolioSegmentMembersrt:MultifamilyMemberus-gaap:FinancingReceivablesEqualToGreaterThan90DaysPastDueMember2026-06-300000887343us-gaap:CommercialRealEstatePortfolioSegmentMembersrt:MultifamilyMemberus-gaap:FinancialAssetPastDueMember2026-06-300000887343us-gaap:CommercialRealEstatePortfolioSegmentMembersrt:MultifamilyMemberus-gaap:FinancialAssetNotPastDueMember2026-06-300000887343us-gaap:CommercialRealEstatePortfolioSegmentMembercolb:CommercialRealEstateConstructionAndDevelopmentMemberus-gaap:FinancingReceivables30To59DaysPastDueMember2026-06-3000,https://www.sec.gov/Archives/edgar/data/887343/000088734326000170/colb-20260630.htm
COLB,10-Q,2026-06-30,multifamily,23099,gaap:CommercialRealEstatePortfolioSegmentMembercolb:CommercialRealEstateOwnerOccupiedTermMemberus-gaap:FinancialAssetPastDueMember2025-12-310000887343us-gaap:CommercialRealEstatePortfolioSegmentMembercolb:CommercialRealEstateOwnerOccupiedTermMemberus-gaap:FinancialAssetNotPastDueMember2025-12-310000887343us-gaap:CommercialRealEstatePortfolioSegmentMembersrt:MultifamilyMemberus-gaap:FinancingReceivables30To59DaysPastDueMember2025-12-310000887343us-gaap:CommercialRealEstatePortfolioSegmentMembersrt:MultifamilyMemberus-gaap:FinancingReceivables60To89DaysPastDueMember2025-12-310000887343us-gaap:CommercialRealEstatePortfolioSegmentMembersrt:MultifamilyMemberus-gaap:FinancingReceivablesEqualToGreaterThan90DaysPastDueMember2025-,https://www.sec.gov/Archives/edgar/data/887343/000088734326000170/colb-20260630.htm
COLB,10-Q,2026-06-30,multifamily,23539,00887343us-gaap:CommercialRealEstatePortfolioSegmentMembersrt:MultifamilyMemberus-gaap:FinancingReceivables60To89DaysPastDueMember2025-12-310000887343us-gaap:CommercialRealEstatePortfolioSegmentMembersrt:MultifamilyMemberus-gaap:FinancingReceivablesEqualToGreaterThan90DaysPastDueMember2025-12-310000887343us-gaap:CommercialRealEstatePortfolioSegmentMembersrt:MultifamilyMemberus-gaap:FinancialAssetPastDueMember2025-12-310000887343us-gaap:CommercialRealEstatePortfolioSegmentMembersrt:MultifamilyMemberus-gaap:FinancialAssetNotPastDueMember2025-12-310000887343us-gaap:CommercialRealEstatePortfolioSegmentMembercolb:CommercialRealEstateConstructionAndDevelopmentMemberus-gaap:FinancingReceivables30To59DaysPastDueMember2025-12-3100,https://www.sec.gov/Archives/edgar/data/887343/000088734326000170/colb-20260630.htm
COLB,10-Q,2026-06-30,multifamily,35342,cialRealEstatePortfolioSegmentMembercolb:CommercialRealEstateOwnerOccupiedTermMembercolb:GeneralBusinessAssetsMember2025-12-310000887343us-gaap:CommercialRealEstatePortfolioSegmentMembercolb:CommercialRealEstateOwnerOccupiedTermMemberus-gaap:CollateralPledgedMember2025-12-310000887343us-gaap:CommercialRealEstatePortfolioSegmentMembercolb:CommercialRealEstateMultifamilyMemberus-gaap:ResidentialRealEstateMember2025-12-310000887343us-gaap:CommercialRealEstatePortfolioSegmentMembercolb:CommercialRealEstateMultifamilyMemberus-gaap:CommercialRealEstateMember2025-12-310000887343us-gaap:CommercialRealEstatePortfolioSegmentMembercolb:CommercialRealEstateMultifamilyMembercolb:GeneralBusinessAssetsMember2025-12-310000887343us-gaap:C,https://www.sec.gov/Archives/edgar/data/887343/000088734326000170/colb-20260630.htm
COLB,10-Q,2026-06-30,multifamily,35779,ap:CommercialRealEstatePortfolioSegmentMembercolb:CommercialRealEstateMultifamilyMemberus-gaap:CommercialRealEstateMember2025-12-310000887343us-gaap:CommercialRealEstatePortfolioSegmentMembercolb:CommercialRealEstateMultifamilyMembercolb:GeneralBusinessAssetsMember2025-12-310000887343us-gaap:CommercialRealEstatePortfolioSegmentMembercolb:CommercialRealEstateMultifamilyMemberus-gaap:CollateralPledgedMember2025-12-310000887343us-gaap:CommercialPortfolioSegmentMembercolb:TermMemberus-gaap:ResidentialRealEstateMember2025-12-310000887343us-gaap:CommercialPortfolioSegmentMembercolb:TermMemberus-gaap:CommercialRealEstateMember2025-12-310000887343us-gaap:CommercialPortfolioSegmentMembercolb:TermMembercolb:GeneralBusinessAssetsMem,https://www.sec.gov/Archives/edgar/data/887343/000088734326000170/colb-20260630.htm
COLB,10-Q,2026-06-30,multifamily,67875,p:CommercialRealEstatePortfolioSegmentMembercolb:CommercialRealEstateOwnerOccupiedTermMemberus-gaap:DoubtfulMember2026-06-300000887343us-gaap:CommercialRealEstatePortfolioSegmentMembercolb:CommercialRealEstateOwnerOccupiedTermMemberus-gaap:UnlikelyToBeCollectedFinancingReceivableMember2026-06-300000887343us-gaap:CommercialRealEstatePortfolioSegmentMembersrt:MultifamilyMembercolb:PassWatchMember2026-06-300000887343us-gaap:CommercialRealEstatePortfolioSegmentMembersrt:MultifamilyMemberus-gaap:SpecialMentionMember2026-06-300000887343us-gaap:CommercialRealEstatePortfolioSegmentMembersrt:MultifamilyMemberus-gaap:SubstandardMember2026-06-300000887343us-gaap:CommercialRealEstatePortfolioSegmentMembersrt:MultifamilyMember2026-01-,https://www.sec.gov/Archives/edgar/data/887343/000088734326000170/colb-20260630.htm
COLB,10-Q,2026-06-30,non-owner occupied,124596,"to secure borrowing capacity, public deposits, repurchase agreements, and other obligations, as required or permitted by law. 13Table of ContentsNote 4 – Loans and LeasesThe following table presents the major types of loans and leases, net of deferred fees and costs, as of the dates presented: (in millions)June 30, 2026December 31, 2025Commercial real estateNon-owner occupied term$7,584 $8,206 Owner occupied term7,405 7,314 Multifamily10,122 10,281 Construction & development1,529 1,707 Residential development369 362 CommercialTerm7,004 6,713 Lines of credit & other3,794 3,643 Leases & equipment finance1,617 1,599 ResidentialMortgage5,402 5,624 Home equity loans & lines2,176 2,149 Consumer & other164 178 Total loans and leases, n",https://www.sec.gov/Archives/edgar/data/887343/000088734326000170/colb-20260630.htm
COLB,10-Q,2026-06-30,non-owner occupied,137553," 30, 2026 and 2025. The following tables present the carrying value of the loans and leases past due, by loan and lease class, as of the dates presented:June 30, 2026(in millions)Greater than 30 to 59 Days Past Due60 to 89 Days Past Due 90 Days or More and Accruing (2)Total Past DueNon-Accrual (2)Current and OtherTotal Loans and Leases Commercial real estateNon-owner occupied term$9 $1 $— $10 $40 $7,534 $7,584 Owner occupied term6 2 4 12 56 7,337 7,405 Multifamily10 6 — 16 — 10,106 10,122 Construction & development— — — — — 1,529 1,529 Residential development— — — — — 369 369 CommercialTerm5 1 — 6 32 6,966 7,004 Lines of credit & other24 6 — 30 36 3,728 3,794 Leases & equipment finance15 14 4 33 16 1,568 1,617 ResidentialMortgag",https://www.sec.gov/Archives/edgar/data/887343/000088734326000170/colb-20260630.htm
COLB,10-Q,2026-06-30,non-owner occupied,138664,"6.(2) Includes government guaranteed portion of $41 million and $37 million for 90 days or more and non-accrual loans, respectively.18Table of ContentsDecember 31, 2025(in millions)Greater than 30 to 59 Days Past Due60 to 89 Days Past Due90 Days or More and Accruing (2)Total Past DueNon-Accrual (2)Current and OtherTotal Loans and LeasesCommercial real estateNon-owner occupied term$2 $— $— $2 $29 $8,175 $8,206 Owner occupied term6 5 1 12 21 7,281 7,314 Multifamily— 1 1 2 — 10,279 10,281 Construction & development— — — — — 1,707 1,707 Residential development— — — — — 362 362 CommercialTerm2 7 2 11 25 6,677 6,713 Lines of credit & other4 3 1 8 22 3,613 3,643 Leases & equipment finance17 18 5 40 19 1,540 1,599 ResidentialMortgage (1",https://www.sec.gov/Archives/edgar/data/887343/000088734326000170/colb-20260630.htm
COLB,10-Q,2026-06-30,non-owner occupied,140090,"substantially through the operation or sale of the collateral. The following tables summarize the amortized cost basis of the collateral-dependent loans and leases by the type of collateral securing the assets as of the periods indicated:June 30, 2026(in millions)Residential Real EstateCommercial Real Estate General Business AssetsTotalCommercial real estateNon-owner occupied term$— $38 $— $38 Owner occupied term— 51 — 51 CommercialTerm— 3 18 21 Lines of credit & other— 4 30 34 Leases & equipment finance— — 16 16 ResidentialMortgage75 — — 75 Home equity loans & lines2 — — 2 Total, net of deferred fees and costs$77 $96 $64 $237 19Table of ContentsDecember 31, 2025(in millions)Residential Real EstateCommercial Real Estate General ",https://www.sec.gov/Archives/edgar/data/887343/000088734326000170/colb-20260630.htm
COLB,10-Q,2026-06-30,non-owner occupied,140510," — 51 CommercialTerm— 3 18 21 Lines of credit & other— 4 30 34 Leases & equipment finance— — 16 16 ResidentialMortgage75 — — 75 Home equity loans & lines2 — — 2 Total, net of deferred fees and costs$77 $96 $64 $237 19Table of ContentsDecember 31, 2025(in millions)Residential Real EstateCommercial Real Estate General Business AssetsTotalCommercial real estateNon-owner occupied term$— $26 $— $26 Owner occupied term— 17 — 17 Multifamily— 6 — 6 CommercialTerm— 1 16 17 Lines of credit & other— 1 19 20 Leases & equipment finance— — 19 19 ResidentialMortgage70 — — 70 Home equity loans & lines2 — — 2 Total, net of deferred fees and costs$72 $51 $54 $177 20Table of ContentsLoan and Lease Modifications Made to Borrowers Experiencing Finan",https://www.sec.gov/Archives/edgar/data/887343/000088734326000170/colb-20260630.htm
COLB,10-Q,2026-06-30,non-owner occupied,141908,"distress that were modified as compared to the amortized cost basis of each class of financing receivable is also presented below.Three Months Ended June 30, 2026(in millions)Term ExtensionOther -Than-Insignificant Payment DelayCombo - Term Extension and Other-than-Insignificant Payment DelayTotal% of Total Class of Financing ReceivableCommercial real estateNon-owner occupied term$1 $— $— $1 0.01 %CommercialTerm— 2 — 2 0.03 %Lines of credit & other13 — — 13 0.34 %Leases & equipment finance1 — — 1 0.06 %ResidentialMortgage— 6 2 8 0.15 %Total modified loans and leases experiencing financial difficulty$15 $8 $2 $25 0.05 %Six Months Ended June 30, 2026(in millions)Interest Rate ReductionTerm ExtensionOther -Than-Insignificant Paymen",https://www.sec.gov/Archives/edgar/data/887343/000088734326000170/colb-20260630.htm
COLB,10-Q,2026-06-30,non-owner occupied,142426,"lMortgage— 6 2 8 0.15 %Total modified loans and leases experiencing financial difficulty$15 $8 $2 $25 0.05 %Six Months Ended June 30, 2026(in millions)Interest Rate ReductionTerm ExtensionOther -Than-Insignificant Payment DelayCombo - Term Extension and Other-Than- Insignificant Payment DelayTotal% of Total Class of Financing ReceivableCommercial real estateNon-owner occupied term$13 $1 $— $— $14 0.18 %Owner occupied term— — 28 — 28 0.38 %Construction & development— 3 — — 3 0.20 %CommercialTerm5 6 2 — 13 0.19 %Lines of credit & other— 66 — — 66 1.74 %Leases & equipment finance— 1 — — 1 0.06 %ResidentialMortgage— — 11 6 17 0.31 %Total modified loans and leases experiencing financial difficulty$18 $77 $41 $6 $142 0.30 %21Table of ",https://www.sec.gov/Archives/edgar/data/887343/000088734326000170/colb-20260630.htm
COLB,10-Q,2026-06-30,non-owner occupied,143104,"ng financial difficulty$18 $77 $41 $6 $142 0.30 %21Table of ContentsThree Months Ended June 30, 2025(in millions)Term ExtensionOther -Than-Insignificant Payment DelayCombination - Interest Rate Reduction and Term ExtensionCombination - Term Extension and Other-than-Insignificant Payment DelayTotal% of Total Class of Financing ReceivableCommercial real estateNon-owner occupied term$— $— $21 $— $21 0.34 %Owner occupied term3 — — — 3 0.06 %Construction & development2 — 8 — $10 0.48 %CommercialTerm— 3 10 — 13 0.23 %Lines of credit & other10 — — 1 11 0.38 %Leases & equipment finance1 — — — 1 0.07 %ResidentialMortgage 1 7 — 1 9 0.15 %Total modified loans and leases experiencing financial difficulty$17 $10 $39 $2 $68 0.18 %Six Months E",https://www.sec.gov/Archives/edgar/data/887343/000088734326000170/colb-20260630.htm
COLB,10-Q,2026-06-30,office,79461,aap:SalesRevenueNetMember2025-01-012025-12-310000887343colb:MultifamilyLoansAsPartOfLoanPortfolioMemberus-gaap:ProductConcentrationRiskMemberus-gaap:SalesRevenueNetMember2026-01-012026-06-300000887343colb:MultifamilyLoansAsPartOfLoanPortfolioMemberus-gaap:ProductConcentrationRiskMemberus-gaap:SalesRevenueNetMember2025-01-012025-12-310000887343colb:CommercialOfficeLoansAsPartOfLoanPortfolioMemberus-gaap:ProductConcentrationRiskMemberus-gaap:SalesRevenueNetMember2026-01-012026-06-300000887343colb:CommercialOfficeLoansAsPartOfLoanPortfolioMemberus-gaap:ProductConcentrationRiskMemberus-gaap:SalesRevenueNetMember2025-01-012025-12-310000887343us-gaap:InterestRateSwapMember2026-06-300000887343us-gaap:InterestRateSwapMember2,https://www.sec.gov/Archives/edgar/data/887343/000088734326000170/colb-20260630.htm
COLB,10-Q,2026-06-30,office,95147,"t of 1934for the transition period from to . Commission File Number: 000-20288 COLUMBIA BANKING SYSTEM, INC. (Exact Name of Registrant as Specified in Its Charter)Washington91-1422237 (State or Other Jurisdiction(I.R.S. Employer Identification Number)of Incorporation or Organization) 1301 A Street Tacoma, Washington 98402-4200(Address of Principal Executive Offices)(Zip Code) (253) 305-1900 (Registrant's Telephone Number, Including Area Code) Securities registered pursuant to Section 12(b) of the Act:TITLE OF EACH CLASSTRADING SYMBOLNAME OF EXCHANGECommon Stock, No Par ValueCOLBThe Nasdaq Stock Market LLCIndicate by check mark whether the registrant: (1) has filed all reports required to be filed by Section 13 or 15(",https://www.sec.gov/Archives/edgar/data/887343/000088734326000170/colb-20260630.htm
COLB,10-Q,2026-06-30,office,171851,"olio as of June 30, 2026 and December 31, 2025, respectively. CRE concentrations are actively managed to promote geographic and business diversification, primarily within the Bank's footprint. The multifamily portfolio, including construction loans, represented approximately 24% of the total loan portfolio as of both June 30, 2026 and December 31, 2025. The office portfolio represented approximately 8% of the total loan portfolio for both June 30, 2026 and December 31, 2025, respectively. Although management believes such concentrations do not expose the Bank to risks beyond normal collectability, a substantial decline in the economy in general, material increases in interest rates, changes in tax policies, tightenin",https://www.sec.gov/Archives/edgar/data/887343/000088734326000170/colb-20260630.htm
COLB,10-Q,2026-06-30,office,206197,"activities on a consolidated basis. The accounting policies of the Bank are the same as those described in Note 1 - Summary of Significant Accounting Policies of the Notes to Consolidated Financial Statements included in the Company's Annual Report on Form 10-K for the year ended December 31, 2025.45Table of ContentsThe Company's CODM is the Chief Executive Officer. The CODM evaluates performance and makes decisions regarding the allocation of operating and capital based on consolidated net income, as reported on the Consolidated Statements of Income. The CODM also reviews total consolidated assets, as reported on the Consolidated Balance Sheets, as a measure of segment assets.The CODM uses consolidated net income to",https://www.sec.gov/Archives/edgar/data/887343/000088734326000170/colb-20260630.htm
COLB,10-Q,2026-06-30,office,215372,"tements.General Columbia Banking System, Inc. (referred to in this Quarterly Report on Form 10-Q as ""we,"" ""our,"" ""the Company"" and ""Columbia"") is a registered financial holding company, which wholly owns the Bank. FinPac, a commercial equipment leasing company, is a subsidiary of Columbia Bank. Columbia Bank is an award-winning preeminent regional bank with offices in Arizona, California, Colorado, Idaho, Nevada, Oregon, Texas, Utah, and Washington. Columbia Bank combines the resources, sophistication, and expertise of a national bank with a commitment to deliver superior, personalized service. The bank supports consumers and businesses through a full suite of services, including retail and commercial banking, Small ",https://www.sec.gov/Archives/edgar/data/887343/000088734326000170/colb-20260630.htm
COLB,10-Q,2026-06-30,office,265313,"ss diversity, primarily in our footprint. The following table provides detail of CRE loans by property type:June 30, 2026December 31, 2025(in millions)OutstandingNon-Accrual (1)% of Non-Accrual to Total CREOutstandingNon-Accrual (1)% of Non-Accrual to Total CRECRE by property type:Multifamily$11,154 $— — %$11,448 $— — %Industrial3,854 11 0.04 %3,975 4 0.01 %Office3,559 30 0.11 %3,619 15 0.05 %Retail2,514 10 0.04 %2,634 12 0.04 %Special Purpose1,915 5 0.02 %1,958 5 0.02 %Hotel/Motel918 2 0.01 %988 5 0.02 %Other3,095 38 0.14 %3,248 9 0.02 %Total CRE loans$27,009 $96 0.36 %$27,870 $50 0.18 %(1) CRE non-accrual loans are inclusive of government guarantees of $19 million and $21 million as of June 30, 2026 and December 31",https://www.sec.gov/Archives/edgar/data/887343/000088734326000170/colb-20260630.htm
COLB,10-Q,2026-06-30,office,266941,"substantial decline in the economy in general, material increases in interest rates, changes in tax and rent control policies, tightening credit or refinancing markets, or a decline in real estate values in the Bank's primary geographic footprint in particular, could have an adverse impact on the repayment of these loans. 63Table of ContentsLoans secured by office properties, which are predominantly located in suburban markets, represented approximately 8% of our total loan portfolio at both June 30, 2026 and December 31, 2025, and were comprised of 50% non-owner occupied, 47% owner occupied, and 3% construction loans at June 30, 2026, compared to 53% non-owner occupied, 45% owner occupied, and 2% construction loans ",https://www.sec.gov/Archives/edgar/data/887343/000088734326000170/colb-20260630.htm
COLB,10-Q,2026-06-30,office,267418,"n portfolio at both June 30, 2026 and December 31, 2025, and were comprised of 50% non-owner occupied, 47% owner occupied, and 3% construction loans at June 30, 2026, compared to 53% non-owner occupied, 45% owner occupied, and 2% construction loans at December 31, 2025.The following table provides details on the geographic distribution of our CRE secured by office properties:June 30, 2026December 31, 2025(in millions)Amount% of TotalAmount% of TotalSouthern California$1,112 31 %$1,135 31 %Puget Sound542 15 %551 15 %Oregon Other478 13 %467 13 %Portland Metro377 11 %386 11 %Northern California (excluding the Bay Area)274 8 %308 9 %Washington Other148 4 %151 4 %Bay Area146 4 %179 5 %Other482 14 %442 12 %Total CRE loans ",https://www.sec.gov/Archives/edgar/data/887343/000088734326000170/colb-20260630.htm
COLB,10-Q,2026-06-30,owner-occupied,264095," CRE portfolio includes loans to developers and institutional sponsors supporting income-producing or for-sale CRE properties. We mitigate our risk on these loans by requiring collateral values that exceed the loan amount and underwriting the loan with projected cash flow in excess of the debt service requirement. In addition, management tracks the level of owner-occupied CRE loans versus non-owner occupied loans. Owner-occupied real estate loans are based on cash flows from ongoing operations, and the borrower must generally occupy more than 50% of rentable space or pay more than 50% of rents. As of June 30, 2026, approximately 27% of the outstanding principal balance of our CRE loan portfolio were secured by owner-occupied",https://www.sec.gov/Archives/edgar/data/887343/000088734326000170/colb-20260630.htm
CVBF,10-K,2025-12-31,Washington,71406,"allocatedPortfolioLayerFairValueMember2024-12-310000354647cvbf:CommercialTradeFinancingMemberus-gaap:DoubtfulMember2025-12-310000354647us-gaap:FiduciaryAndTrustMember2023-01-012023-12-31cvbf:Locationxbrli:purecvbf:Subsidiarycvbf:Agreementxbrli:sharescvbf:Centeriso4217:USDxbrli:sharescvbf:Collateraliso4217:USD UNITED STATES SECURITIES AND EXCHANGE COMMISSION Washington, D.C. 20549 Form 10-K ☒ ANNUAL REPORT PURSUANT TO SECTION 13 OR 15(d) OF THE SECURITIES EXCHANGE ACT OF 1934. For the fiscal year ended December 31, 2025or ☐ TRANSITION REPORT PURSUANT TO SECTION 13 OR 15(d) OF THE SECURITIES EXCHANGE ACT OF 1934. For the transition period from _______ to _______ Commission file number: 000-10140 CVB FINANCIAL CORP. (Exact ",https://www.sec.gov/Archives/edgar/data/354647/000119312526083221/cvbf-20251231.htm
CVBF,10-K,2025-12-31,Washington,342576,"1 % Massachusetts 3,690 16.9 % 3,570 16.8 % Maine 1,486 6.8 % 1,422 6.7 % Wisconsin 1,165 5.3 % 1,161 5.5 % Iowa 1,115 5.1 % 1,073 5.0 % California 919 4.2 % 945 4.4 % Total $ 21,787 100.0 % $ 21,290 100.0 % Municipal Securities held-to-maturity: Texas $ 73,592 16.5 % $ 69,743 16.6 % California 46,015 10.3 % 42,910 10.2 % Minnesota 39,383 8.9 % 38,046 9.1 % Washington 28,048 6.3 % 25,431 6.1 % Ohio 27,856 6.3 % 26,357 6.3 % Massachusetts 24,915 5.6 % 23,940 5.7 % All other states (27 states) 204,885 46.1 % 193,013 46.0 % Total $ 444,694 100.0 % $ 419,440 100.0 % 59 December 31, 2024 AmortizedCost Percent ofTotal Fair Value Percent ofTotal (Dollars in thousands) Municipal Securities available-for-sale: Minnesota $ 7,816 3",https://www.sec.gov/Archives/edgar/data/354647/000119312526083221/cvbf-20251231.htm
CVBF,10-K,2025-12-31,commercial real estate,88245,"le leasing. Commercial products include lines of credit and other working capital financing, accounts receivable lending and letters of credit. Agribusiness products are loans to finance the operating needs of wholesale dairy farm operations, cattle feeders, livestock raisers, and farmers. We provide bank qualified lease financing for municipal governments. Commercial real estate and construction loans are secured by a range of property types and include both owner-occupied and investor owned properties. We also offer borrowers the ability to enter into interest rate swaps. Financing products for consumers include automobile leasing and financing, lines of credit, credit cards, home mortgages, and home equity loans and lines of cred",https://www.sec.gov/Archives/edgar/data/354647/000119312526083221/cvbf-20251231.htm
CVBF,10-K,2025-12-31,commercial real estate,154723,"t card issuer to recover one cent per transaction for fraud prevention purposes if the issuer complies with certain fraud-related requirements required by the Federal Reserve. The Federal Reserve also has rules governing routing and exclusivity that require issuers to offer two unaffiliated networks for routing transactions on each debit or prepaid product. Commercial Real Estate Concentration Limits In December 2006, the federal banking regulators issued guidance entitled “Concentrations in Commercial Real Estate Lending, Sound Risk Management Practices” to address increased concentrations in commercial real estate, or “CRE”, loans. In addition, in December 2015, the federal bank agencies issued additional guidance entitled “Statem",https://www.sec.gov/Archives/edgar/data/354647/000119312526083221/cvbf-20251231.htm
CVBF,10-K,2025-12-31,commercial real estate,155140,"006, the federal banking regulators issued guidance entitled “Concentrations in Commercial Real Estate Lending, Sound Risk Management Practices” to address increased concentrations in commercial real estate, or “CRE”, loans. In addition, in December 2015, the federal bank agencies issued additional guidance entitled “Statement on Prudent Risk Management for Commercial Real Estate Lending.” Together, these guidelines describe the criteria the agencies will use as indicators to identify institutions potentially exposed to CRE concentration risk. An institution that has (i) experienced rapid growth in CRE lending, (ii) notable exposure to a specific type of CRE, (iii) total reported loans for construction, land development, and other l",https://www.sec.gov/Archives/edgar/data/354647/000119312526083221/cvbf-20251231.htm
CVBF,10-K,2025-12-31,commercial real estate,165752," losses and charge-off additional loans in the future, which could adversely affect our results of operations. •Our dairy & livestock and agribusiness lending presents unique credit risks. •Our loan portfolio is predominantly secured by real estate in California and thus we have a higher degree of credit risk from a downturn in our real estate markets. •Our commercial real estate loan portfolio exposes us to risks that may be greater than the risks related to our other loans. •We are exposed to risk of environmental liabilities with respect to properties to which we take title. Liquidity and Interest Rate Risks •Liquidity risk could impair our ability to fund operations and jeopardize our financial condition. •Negative developments ",https://www.sec.gov/Archives/edgar/data/354647/000119312526083221/cvbf-20251231.htm
CVBF,10-K,2025-12-31,commercial real estate,174821,"ses. During 2025, we experienced charge-offs of $0.6 million and recoveries of $1.2 million, resulting in net recoveries of $0.5 million. We have a significant amount of real estate loans, therefore, decreases in real estate values could adversely affect the value of property used as collateral for our loans. As of December 31, 2025, we had $6.57 billion in commercial real estate loans, $281.8 million in single-family residential mortgages, and $37.8 million in construction loans. Low interest rates through the pandemic caused real estate values in general to increase materially due to low cost of funding with inflationary upward pressures on cash flow. Capitalization Rates used to determine commercial real estate values have increa",https://www.sec.gov/Archives/edgar/data/354647/000119312526083221/cvbf-20251231.htm
CVBF,10-K,2025-12-31,commercial real estate,175329,"ough the pandemic caused real estate values in general to increase materially due to low cost of funding with inflationary upward pressures on cash flow. Capitalization Rates used to determine commercial real estate values have increased due to overall cost of capital causing some downward pressure on real estate values. Additionally, changes in longer term commercial real estate usage and occupancy patterns, particularly in the office and retail segments, have negatively impacted the valuations of affected properties, depending on geographic location and other factors. These issues could affect the ability of our loan customers to refinance or service their debts, including those customers whose loans are secured by commercial or r",https://www.sec.gov/Archives/edgar/data/354647/000119312526083221/cvbf-20251231.htm
CVBF,10-K,2025-12-31,commercial real estate,179118,"including values of land held for development, should again start to decline, the value of real estate collateral securing our loans could be significantly reduced. Our ability to recover on defaulted loans by foreclosing and selling the real estate collateral would then be diminished and we would be more likely to suffer losses on any such defaulted loans. Commercial real estate loans typically involve large balances to single borrowers or a group of related borrowers. Since payments on these loans are often dependent on the successful operation or management of the properties, as well as the business and financial condition of the borrower(s), repayment of such loans may be subject to adverse conditions in the real estate market, ",https://www.sec.gov/Archives/edgar/data/354647/000119312526083221/cvbf-20251231.htm
CVBF,10-K,2025-12-31,commercial real estate,180315,"ecline in the economy may cause declines in real estate values and increases in unemployment, which may result in higher than expected loan delinquencies or problem assets, a decline in demand for our products and services, or a lack of growth or decrease in deposits, which may cause us to incur losses, adversely affect our capital or hurt our business. Our commercial real estate loan portfolio exposes us to risks that may be greater than the risks related to our other loans. Federal banking regulators are examining commercial real estate lending activity with heightened scrutiny and may require banks with higher levels of commercial real estate loans to implement more stringent underwriting, internal controls, risk management polic",https://www.sec.gov/Archives/edgar/data/354647/000119312526083221/cvbf-20251231.htm
CVBF,10-K,2025-12-31,concentration,80868,"credit ratings of such securities or their issuers; possible impairment charges to goodwill, including any impairment that may result from increased volatility in our stock price; changes in consumer spending, borrowing, and savings habits; the effects of our lack of a diversified loan portfolio, including the risks of geographic, property type and industry concentrations; periodic fluctuations in commercial or residential real estate prices or values; our ability to attract and retain deposits or to access government or private lending facilities and other sources of liquidity; the possibility that we may reduce or discontinue the payments of dividends on our common stock; changes in the financial performance and/or condit",https://www.sec.gov/Archives/edgar/data/354647/000119312526083221/cvbf-20251231.htm
CVBF,10-K,2025-12-31,concentration,128193,"ve impact of bank mergers, will rely on its 2023 Merger Guidelines which apply to all industries. For banks considering combinations where there may be even a remote possibility of antitrust concerns under the 2023 Merger Guidelines, the DOJ will review “market realities” in analyzing the competitive effects of a particular transaction. While branch deposit concentration may be one area of focus (i.e., traditional Herfindahl Hirschman Index (“HHI”) analysis for deposit concentration utilizing the 2023 Merger Guideline baselines), the DOJ will drill down into the products and services that a bank merger may affect prior to fully assessing the impact of a combination. This type of analysis may involve a more robust review of ",https://www.sec.gov/Archives/edgar/data/354647/000119312526083221/cvbf-20251231.htm
CVBF,10-K,2025-12-31,concentration,154746,"r one cent per transaction for fraud prevention purposes if the issuer complies with certain fraud-related requirements required by the Federal Reserve. The Federal Reserve also has rules governing routing and exclusivity that require issuers to offer two unaffiliated networks for routing transactions on each debit or prepaid product. Commercial Real Estate Concentration Limits In December 2006, the federal banking regulators issued guidance entitled “Concentrations in Commercial Real Estate Lending, Sound Risk Management Practices” to address increased concentrations in commercial real estate, or “CRE”, loans. In addition, in December 2015, the federal bank agencies issued additional guidance entitled “Statement on Prudent",https://www.sec.gov/Archives/edgar/data/354647/000119312526083221/cvbf-20251231.htm
CVBF,10-K,2025-12-31,concentration,155310,"entrations in commercial real estate, or “CRE”, loans. In addition, in December 2015, the federal bank agencies issued additional guidance entitled “Statement on Prudent Risk Management for Commercial Real Estate Lending.” Together, these guidelines describe the criteria the agencies will use as indicators to identify institutions potentially exposed to CRE concentration risk. An institution that has (i) experienced rapid growth in CRE lending, (ii) notable exposure to a specific type of CRE, (iii) total reported loans for construction, land development, and other land representing 100% or more of the institution’s capital, or (iv) total CRE loans (which excludes owner-occupied CRE loans) representing 300% or more of the in",https://www.sec.gov/Archives/edgar/data/354647/000119312526083221/cvbf-20251231.htm
CVBF,10-K,2025-12-31,concentration,155905,"r more of the institution’s capital, or (iv) total CRE loans (which excludes owner-occupied CRE loans) representing 300% or more of the institution’s capital, and the outstanding balance of the institutions CRE portfolio has increased by 50% or more in the prior 36 months, may be identified for further supervisory analysis of the level and nature of its CRE concentration risk. As of December 31, 2025, the Bank’s CRE loan concentration based on total outstanding loans is 237% of risk-based capital. 17 Office of Foreign Assets Control Regulation The U.S. Treasury Department’s Office of Foreign Assets Control (“OFAC”), administers and enforces economic and trade sanctions against targeted foreign countries and regimes, under a",https://www.sec.gov/Archives/edgar/data/354647/000119312526083221/cvbf-20251231.htm
CVBF,10-K,2025-12-31,concentration,233541,"regulatory purposes and have not suffered any significant liquidity issues as a result of these types of events, the cost and availability of funds may be adversely affected by illiquid credit markets and the demand for our products and services may decline if we experience slower than expected economic growth or higher rates of unemployment. In view of the concentration of our operations and the collateral securing our loan portfolio in Central and Southern California, we may be particularly susceptible to adverse economic conditions in the state of California, where our business is concentrated. In addition, adverse economic conditions may exacerbate our exposure to credit risk and adversely affect the ability of borrower",https://www.sec.gov/Archives/edgar/data/354647/000119312526083221/cvbf-20251231.htm
CVBF,10-K,2025-12-31,concentration,371497,"its were $6.56 billion and $7.72 billion at December 31, 2025 and December 31, 2024, respectively. As of December 31, 2025, 45% of our total deposits and customer repos were uncollateralized and uninsured.Our customer deposit relationships represent long tenured customers representing a diverse set of industries. The industry classification with the largest concentration is finance and insurance, which represented approximately 13% of our deposits at December 31, 2025. Overall, there are 15 different industry classifications that represent 2% or more of our deposits as of December 31, 2025. Our depositors have typically banked with us for many years. As of December 31, 2025, 47% of our deposit relationships have banked with",https://www.sec.gov/Archives/edgar/data/354647/000119312526083221/cvbf-20251231.htm
CVBF,10-K,2025-12-31,concentration,387774,"onsequence their ability or capacity to repay debt or fulfill other obligations to the Bank. Credit risk in the investment portfolio and correspondent bank accounts is in part addressed through defined limits in the Company’s policy statements. In addition, certain securities carry insurance to enhance the credit quality of the bond. Limitations on industry concentration, aggregate customer borrowings, geographic boundaries and standards on loan quality also are designed to reduce loan credit risk. Senior Management, Directors’ Committees, and the Board are provided with information to appropriately identify, measure, control and monitor the credit risk of the Company. The Bank’s loan policy is updated annually and approved",https://www.sec.gov/Archives/edgar/data/354647/000119312526083221/cvbf-20251231.htm
CVBF,10-K,2025-12-31,market area,236000,"uld be on our results of operations or cash flows. We face strong competition from financial services companies and other companies that offer banking services. We conduct most of our operations in the state of California. The banking and financial services businesses in the state of California are highly competitive and increased competition in our primary market areas may adversely impact the level of our loans and deposits. Ultimately, we may not be able to compete successfully against current and future competitors. These competitors include other banks many of which are larger than us and have greater resources. We also face competition from other types of financial institutions, including savings and loan associatio",https://www.sec.gov/Archives/edgar/data/354647/000119312526083221/cvbf-20251231.htm
CVBF,10-K,2025-12-31,market area,366284,"rate fluctuations, conditions of our borrowers (including fraudulent activity), or natural disasters, which adversely affect our service areas or other circumstances or conditions, including those defined above, will not result in increased provisions for credit losses in the future. 66 Changes in economic and business conditions could have an impact on our market area and on our loan portfolio. We continually monitor these conditions in determining our estimates of needed reserves. However, we cannot predict the extent to which the deterioration in general economic conditions, real estate values, changes in general rates of interest and changes in the financial conditions or business of a borrower may adversely affect a ",https://www.sec.gov/Archives/edgar/data/354647/000119312526083221/cvbf-20251231.htm
CVBF,10-K,2025-12-31,non-owner occupied,544509,", past due loans (including nonaccrual loans), by type of loans as of the date presented. December 31, 2025 30-59 Days Past Due 60-89 Days Past Due Greater than 89 Days Past Due Total Past Due Loans Not Past Due Total Loans and Financing Receivables (Dollars in thousands) Commercial real estate Owner occupied $ 2,887 $ — $ 43 $ 2,930 $ 2,330,311 $ 2,333,241 Non-owner occupied — — 4,143 4,143 4,237,011 4,241,154 Construction Speculative (1) — — — — 12,151 12,151 Non-speculative — — — — 25,661 25,661 SBA 30 — 21 51 282,320 282,371 SBA - PPP — — — — 30 30 Commercial and industrial 261 — 478 739 972,892 973,631 Dairy & livestock and agribusiness — — — — 431,577 431,577 Municipal lease finance receivables — — — — 59,542 59,542 SFR mo",https://www.sec.gov/Archives/edgar/data/354647/000119312526083221/cvbf-20251231.htm
CVBF,10-K,2025-12-31,non-owner occupied,545409," construction loans are generally for properties where there is no identified buyer or renter. December 31, 2024 30-59 Days Past Due 60-89 Days Past Due Greater than 89 Days Past Due Total Past Due Loans Not Past Due Total Loans and Financing Receivables (Dollars in thousands) Commercial real estate Owner occupied $ — $ — $ 196 $ 196 $ 2,329,380 $ 2,329,576 Non-owner occupied — — 24,430 24,430 4,153,446 4,177,876 Construction Speculative (1) — — — — 8,091 8,091 Non-speculative — — — — 7,991 7,991 SBA — 190 1,427 1,617 271,396 273,013 SBA - PPP — — — — 774 774 Commercial and industrial 399 — 140 539 924,639 925,178 Dairy & livestock and agribusiness — — 60 60 419,844 419,904 Municipal lease finance receivables — — — — 66,114 66,1",https://www.sec.gov/Archives/edgar/data/354647/000119312526083221/cvbf-20251231.htm
CVBF,10-K,2025-12-31,non-owner occupied,546462,"and loans that are on nonaccrual status, including loans with no allowance are presented as of December 31, 2025 and December 31, 2024 by type of loan. December 31, 2025 Nonaccrual with No Allowance for Credit Losses Total Nonaccrual (1) (2) Loans Past Due Over 89 Days Still Accruing (Dollars in thousands) Commercial real estate Owner occupied $ 43 $ 43 $ — Non-owner occupied 4,143 4,143 — SBA 21 21 — Commercial and industrial 478 478 — Total loans $ 4,685 $ 4,685 $ — (1)As of December 31, 2025, $4.7 million were 90+ days past due. (2)Excludes $3,000 of guaranteed portion of nonaccrual SBA loans that are in process of collection. December 31, 2024 Nonaccrual with No Allowance for Credit Losses Total Nonaccrual (1) Loans Past Due",https://www.sec.gov/Archives/edgar/data/354647/000119312526083221/cvbf-20251231.htm
CVBF,10-K,2025-12-31,non-owner occupied,546950,"er 31, 2025, $4.7 million were 90+ days past due. (2)Excludes $3,000 of guaranteed portion of nonaccrual SBA loans that are in process of collection. December 31, 2024 Nonaccrual with No Allowance for Credit Losses Total Nonaccrual (1) Loans Past Due Over 89 Days Still Accruing (Dollars in thousands) Commercial real estate Owner occupied $ 1,436 $ 1,436 $ — Non-owner occupied 24,430 24,430 — SBA 1,146 1,529 — Commercial and industrial 201 340 — Dairy & livestock and agribusiness 60 60 — Total loans $ 27,273 $ 27,795 $ — (1)As of December 31, 2024, $1.4 million of nonaccruing loans were current, $102,000 were 60-89 days past due, and $26.3 million were 90+ days past due. 122 Collateral Dependent Loans A loan is considered collate",https://www.sec.gov/Archives/edgar/data/354647/000119312526083221/cvbf-20251231.htm
CVBF,10-K,2025-12-31,office,72032," transition period from _______ to _______ Commission file number: 000-10140 CVB FINANCIAL CORP. (Exact name of registrant as specified in its charter) California 95-3629339 (State or other jurisdiction ofincorporation or organization) (I.R.S. EmployerIdentification No.) 701 N. Haven Avenue, Suite 350Ontario, California 91764 (Address of Principal Executive Offices) (Zip Code) Registrant’s telephone number, including area code: (909) 980-4030 Securities registered pursuant to Section 12(b) of the Act: Title of Class Trading Symbol Name of Each Exchange on Which Registered Common Stock, no par value CVBF NASDAQ Stock Market, LLC Securities registered pursuant to Section 12(g) of the Act: None Indicate by check mark if",https://www.sec.gov/Archives/edgar/data/354647/000119312526083221/cvbf-20251231.htm
CVBF,10-K,2025-12-31,office,74822,"e by check mark whether the financial statements of the registrant included in the filing reflect the correction of an error to previously issued financial statements. ☐Indicate by check mark whether any of those error corrections are restatements that required a recovery analysis of incentive-based compensation received by any of the registrant’s executive officers during the relevant recovery period pursuant to §240.10D-1(b). ☐Indicate by check mark whether the registrant is a shell company (as defined in Rule 12b-2 of the Act). Yes ☐ No ☒ As of June 30, 2025, the aggregate market value of the common stock held by non-affiliates of the registrant was approximately $2.56 billion Number of shares of common stock of t",https://www.sec.gov/Archives/edgar/data/354647/000119312526083221/cvbf-20251231.htm
CVBF,10-K,2025-12-31,office,76530,"ES ABOUT MARKET RISK 82 ITEM 8. FINANCIAL STATEMENTS AND SUPPLEMENTARY DATA 83 ITEM 9. CHANGES IN AND DISAGREEMENTS WITH ACCOUNTANTS ON ACCOUNTING AND FINANCIAL DISCLOSURE 83 ITEM 9A. CONTROLS AND PROCEDURES 83 ITEM 9B. OTHER INFORMATION 85 ITEM 9C. DISCLOSURE REGARDING FOREIGN JURISDICTIONS THAT PREVENT INSPECTIONS 85 PART III ITEM 10. DIRECTORS, EXECUTIVE OFFICERS AND CORPORATE GOVERNANCE 86 ITEM 11. EXECUTIVE COMPENSATION 86 ITEM 12. SECURITY OWNERSHIP OF CERTAIN BENEFICIAL OWNERS AND MANAGEMENT AND RELATED STOCKHOLDER MATTERS 86 ITEM 13. CERTAIN RELATIONSHIPS AND RELATED TRANSACTIONS, AND DIRECTOR INDEPENDENCE 87 ITEM 14. PRINCIPAL ACCOUNTING FEES AND SERVICES 87 PART IV ITEM 15. EXHIBITS AND FINANCIAL STATEMENT ",https://www.sec.gov/Archives/edgar/data/354647/000119312526083221/cvbf-20251231.htm
CVBF,10-K,2025-12-31,office,85419,"e amount of dividends that may be paid and loans that may be made by the Bank to CVB. See “Item 1. Business — Regulation and Supervision — Dividends.” As of December 31, 2025, the Company had $15.63 billion in total consolidated assets, $8.62 billion in net loans, $12.07 billion in deposits, and $2.30 billion in shareholders’ equity. The principal executive offices of CVB and the Bank are located at 701 North Haven Avenue, Suite 350, Ontario, California. Our phone number is (909) 980-4030. Citizens Business Bank, National Association The Bank commenced operations on August 9, 1974. Effective December 15, 2025, the Bank converted from a California-chartered bank to a national banking association chartered under the la",https://www.sec.gov/Archives/edgar/data/354647/000119312526083221/cvbf-20251231.htm
CVBF,10-K,2025-12-31,office,86194,"the Federal Reserve System and of the Federal Home Loan Bank of San Francisco (“FHLB”), which is a member bank of the Federal Home Loan Bank System. The Bank’s deposit accounts are insured under the Federal Deposit Insurance Act up to maximum amount currently allowable under federal law. The Bank is currently subject to the examination and regulation by the Office of the Comptroller of the Currency (the “OCC”) and the Federal Deposit Insurance Corporation (“FDIC”).At December 31, 2025, the Bank had $15.63 billion in assets, $8.62 billion in net loans, $12.13 billion in deposits, and $2.27 billion in total equity. As of December 31, 2025, the Bank had 62 Banking Centers (“Centers”) and one loan production office locat",https://www.sec.gov/Archives/edgar/data/354647/000119312526083221/cvbf-20251231.htm
CVBF,10-K,2025-12-31,office,86611," the Federal Deposit Insurance Corporation (“FDIC”).At December 31, 2025, the Bank had $15.63 billion in assets, $8.62 billion in net loans, $12.13 billion in deposits, and $2.27 billion in total equity. As of December 31, 2025, the Bank had 62 Banking Centers (“Centers”) and one loan production office located throughout California. We also have three trust offices located in Ontario, Newport Beach, and Pasadena. These offices serve as sales offices for the Bank’s wealth management, trust and investment products. The Bank's goal is to be the premier financial services company operating throughout the state of California, servicing the comprehensive financial needs of successful small-and medium-sized businesses and t",https://www.sec.gov/Archives/edgar/data/354647/000119312526083221/cvbf-20251231.htm
CVBF,10-K,2025-12-31,office,90638,"nt, Heritage shareholders will receive 0.65 shares of the Company’s common stock for each share of Heritage common stock they own. Upon closing, CVB shareholders will own approximately 77% and Heritage shareholders will own approximately 23% of the combined company. The combined company will have approximately $22 billion in assets, more than 80 centers and offices, and a deeply rooted presence in the State of California’s key economic centers. The acquisition is presently expected to close in the second quarter of 2026, subject to satisfaction of regulatory approvals, Heritage and CVB shareholder approvals, and other customary closing conditions. Business Segments We are a community bank with one reportable operatin",https://www.sec.gov/Archives/edgar/data/354647/000119312526083221/cvbf-20251231.htm
CVBF,10-K,2025-12-31,office,94563,"equal opportunity. Oversight is provided by the Company’s Engagement Committee, which is guided by our Five Core Values and various policies that support a framework which we use to create and strengthen our associate engagement and well-being, as well as sound procurement and business practices. The Engagement Committee is co-chaired by our Chief Operating Officer and Human Resources Director and includes our Chief Financial Officer, Chief Risk Officer, and General Counsel. The Company's Engagement Council was established to continue our commitment to associate engagement, as well as fostering, cultivating, and preserving a culture of diversity and inclusion. The Council is led by our Director of Human Resources and",https://www.sec.gov/Archives/edgar/data/354647/000119312526083221/cvbf-20251231.htm
CVBF,10-K,2025-12-31,owner-occupied,88349,"ceivable lending and letters of credit. Agribusiness products are loans to finance the operating needs of wholesale dairy farm operations, cattle feeders, livestock raisers, and farmers. We provide bank qualified lease financing for municipal governments. Commercial real estate and construction loans are secured by a range of property types and include both owner-occupied and investor owned properties. We also offer borrowers the ability to enter into interest rate swaps. Financing products for consumers include automobile leasing and financing, lines of credit, credit cards, home mortgages, and home equity loans and lines of credit. We also offer a wide range of specialized services designed for the needs of our commercial ",https://www.sec.gov/Archives/edgar/data/354647/000119312526083221/cvbf-20251231.htm
CVBF,10-K,2025-12-31,owner-occupied,155622,"dentify institutions potentially exposed to CRE concentration risk. An institution that has (i) experienced rapid growth in CRE lending, (ii) notable exposure to a specific type of CRE, (iii) total reported loans for construction, land development, and other land representing 100% or more of the institution’s capital, or (iv) total CRE loans (which excludes owner-occupied CRE loans) representing 300% or more of the institution’s capital, and the outstanding balance of the institutions CRE portfolio has increased by 50% or more in the prior 36 months, may be identified for further supervisory analysis of the level and nature of its CRE concentration risk. As of December 31, 2025, the Bank’s CRE loan concentration based on tot",https://www.sec.gov/Archives/edgar/data/354647/000119312526083221/cvbf-20251231.htm
CVBF,10-K,2025-12-31,owner-occupied,350652,"02 11.7 % 878,132 13.4 % Central Coast 433,147 5.0 % 375,770 5.7 % San Diego 343,058 3.9 % 325,167 4.9 % Other California 146,207 1.7 % 105,166 1.6 % Out of State 351,959 4.0 % 348,070 5.3 % $ 8,699,193 100.0 % $ 6,574,395 100.0 % The table below breaks down our commercial real estate portfolio by property type. December 31, 2025 Loan Balance Percent PercentOwner-Occupied (1) AverageLoan Balance Commercial real estate: (Dollars in thousands) Industrial $ 2,269,433 34.5 % 47.3 % $ 1,691 Office 989,752 15.1 % 28.6 % 1,644 Retail 908,087 13.8 % 11.1 % 1,710 Multi-family 829,752 12.6 % 0.1 % 1,542 Secured by farmland (2) 424,531 6.5 % 99.5 % 1,490 Medical 327,958 5.0 % 33.1 % 1,491 Other (3) 824,882 12.5 % 41.8 % 1,845 Total com",https://www.sec.gov/Archives/edgar/data/354647/000119312526083221/cvbf-20251231.htm
CVBF,10-K,2025-12-31,owner-occupied,351118,"33 34.5 % 47.3 % $ 1,691 Office 989,752 15.1 % 28.6 % 1,644 Retail 908,087 13.8 % 11.1 % 1,710 Multi-family 829,752 12.6 % 0.1 % 1,542 Secured by farmland (2) 424,531 6.5 % 99.5 % 1,490 Medical 327,958 5.0 % 33.1 % 1,491 Other (3) 824,882 12.5 % 41.8 % 1,845 Total commercial real estate $ 6,574,395 100.0 % 35.5 % $ 1,658 (1)Represents percentage of reported owner-occupied at origination in each real estate loan category. (2)The loans secured by farmland included $119.0 million for loans secured by dairy & livestock land and $305.5 million for loans secured by agricultural land at December 31, 2025. (3)Other loans consist of a variety of loan types, none of which exceeds 2.0% of total commercial real estate loans. At December",https://www.sec.gov/Archives/edgar/data/354647/000119312526083221/cvbf-20251231.htm
CVBF,10-K,2025-12-31,owner-occupied,389129," as alternate sources of repayment. All loans should be supported by appropriate documentation including, current financial statements, credit reports, collateral information, guarantor asset verification, tax returns, title reports, appraisals (where appropriate), and other documents of quality that will support the credit. The major lending categories are owner-occupied and non owner-occupied commercial real estate loans, commercial and industrial loans, dairy & livestock and agribusiness loans, SBA loans, construction loans, residential real estate loans, and various consumer loan products. Loans underwritten to borrowers within these diverse categories require underwriting and documentation suited to the unique character",https://www.sec.gov/Archives/edgar/data/354647/000119312526083221/cvbf-20251231.htm
CVBF,10-K,2025-12-31,owner-occupied,389816,"nd documentation suited to the unique characteristics and inherent risks involved. Commercial and industrial loans require credit structures that are tailored to the specific purpose of the business loan, involving a thorough analysis of the borrower’s business, cash flow, collateral, industry risks, economic risks, credit, character, and guarantor support. Owner-occupied real estate loans are primarily based upon the capacity and stability of the cash flow generated by the occupying business and the market value of the collateral, among other things. Non owner-occupied real estate is typically underwritten to the income produced by the subject property and many considerations unique to the various types of property (i.e. of",https://www.sec.gov/Archives/edgar/data/354647/000119312526083221/cvbf-20251231.htm
CVBF,10-K,2025-12-31,owner-occupied,391519," SBA 7(a) loans are similar to the commercial and industrial loans that are tailored to the specific purpose of the business loan. Once granted, the SBA 7(a) loans require the Bank to follow SBA servicing guidelines to maintain the SBA guaranty which typically ranges from 75% to 90% depending on the type of 7(a) loan. SBA 504 loans are similar to the Bank’s Owner-occupied real estate loans. When the Bank funds an SBA 504 transaction, which includes the 50% - 65% first trust deed loan and the 25% - 40% second trust deed loan, the initial risk is centered in completing the SBA’s requirements to provide for the payoff of the second trust deed loan from the subordinated debenture. Once the 504 second is paid off, the remaining f",https://www.sec.gov/Archives/edgar/data/354647/000119312526083221/cvbf-20251231.htm
CVBF,10-K,2025-12-31,owner-occupied,391980,"- 65% first trust deed loan and the 25% - 40% second trust deed loan, the initial risk is centered in completing the SBA’s requirements to provide for the payoff of the second trust deed loan from the subordinated debenture. Once the 504 second is paid off, the remaining first trust deed loan is then managed under the same requirements applied to the Bank’s owner-occupied commercial real estate loans. It should be noted that both the SBA 7(a) and 504 programs provide loans for commercial real estate acquisition. Additionally, the interest rates for the 7(a) program are typically variable and can adjust as often as monthly with quarterly adjustment the most typical. SBA 504 loan interest rates for the first trust deed loan ar",https://www.sec.gov/Archives/edgar/data/354647/000119312526083221/cvbf-20251231.htm
CVBF,10-Q,2026-06-30,Bay Area,101029,"tock as of the acquisition date. In addition, the Company paid $1.6 million in cash in lieu of fractional shares and for the cash settlement of certain Heritage stock options and assumed substitute restricted stock units with a fair value of $129,000. Total merger consideration was $845.5 million. The acquisition accelerated the Company's expansion into the Bay area and enhanced its geographic presence across major business banking markets in California.The acquisition of Heritage was accounted for as a business combination under ASC 805, Business Combination. Accordingly, the assets acquired and liabilities assumed were recorded at fair value as of the acquisition date. Fair value estimates were based on information a",https://www.sec.gov/Archives/edgar/data/354647/000119312526340248/cvbf-20260630.htm
CVBF,10-Q,2026-06-30,San Mateo,254979,". June 30, 2026 Balance Percent of Total Commercial RealEstate Loans Percent of Total (Dollars in thousands) Los Angeles County $ 3,241,028 27.0 % $ 2,327,363 25.9 % Central Valley & Sacramento 2,030,312 16.9 % 1,675,214 18.7 % Orange County 1,302,808 10.8 % 732,821 8.2 % Santa Clara 1,080,754 9.0 % 634,499 7.1 % Inland Empire 1,051,111 8.7 % 938,340 10.4 % San Mateo 580,453 4.8 % 309,788 3.4 % Central Coast 579,991 4.8 % 520,682 5.8 % Alameda 499,418 4.2 % 514,629 5.7 % San Diego 427,509 3.6 % 371,156 4.1 % Other California 837,942 7.0 % 590,302 6.6 % Out of State 385,729 3.2 % 369,140 4.1 % $ 12,017,055 100.0 % $ 8,983,934 100.0 % December 31, 2025 Balance Percent of Total Commercial RealEstate Loans Percent of Total ",https://www.sec.gov/Archives/edgar/data/354647/000119312526340248/cvbf-20260630.htm
CVBF,10-Q,2026-06-30,Santa Clara,254892,"ns and commercial real estate loans by region as of June 30, 2026 and December 31, 2025. June 30, 2026 Balance Percent of Total Commercial RealEstate Loans Percent of Total (Dollars in thousands) Los Angeles County $ 3,241,028 27.0 % $ 2,327,363 25.9 % Central Valley & Sacramento 2,030,312 16.9 % 1,675,214 18.7 % Orange County 1,302,808 10.8 % 732,821 8.2 % Santa Clara 1,080,754 9.0 % 634,499 7.1 % Inland Empire 1,051,111 8.7 % 938,340 10.4 % San Mateo 580,453 4.8 % 309,788 3.4 % Central Coast 579,991 4.8 % 520,682 5.8 % Alameda 499,418 4.2 % 514,629 5.7 % San Diego 427,509 3.6 % 371,156 4.1 % Other California 837,942 7.0 % 590,302 6.6 % Out of State 385,729 3.2 % 369,140 4.1 % $ 12,017,055 100.0 % $ 8,983,934 100.0 % Dec",https://www.sec.gov/Archives/edgar/data/354647/000119312526340248/cvbf-20260630.htm
CVBF,10-Q,2026-06-30,Washington,64445,"dAsHedgingInstrumentMemberus-gaap:CarryingReportedAmountFairValueDisclosureMemberus-gaap:InterestRateSwapMemberus-gaap:CashFlowHedgingMember2025-12-310000354647us-gaap:PassMember2025-12-31cvbf:Locationxbrli:purecvbf:Subsidiarycvbf:Agreementxbrli:sharescvbf:Centeriso4217:USDxbrli:sharescvbf:Collateraliso4217:USD UNITED STATESSECURITIES AND EXCHANGE COMMISSIONWashington, D. C. 20549 FORM 10-Q  QUARTERLY REPORT PURSUANT TO SECTION 13 OR 15(d) OF THE SECURITIES EXCHANGE ACT OF 1934 For the quarterly period ended June 30, 2026 or  TRANSITION REPORT PURSUANT TO SECTION 13 OR 15(d) OF THE SECURITIES EXCHANGE ACT OF 1934 For the transition period from _____ to _____ Commission File Number: 000-10140 CVB FINANCIAL CORP.(Exact n",https://www.sec.gov/Archives/edgar/data/354647/000119312526340248/cvbf-20260630.htm
CVBF,10-Q,2026-06-30,commercial real estate,92923,"nd the materiality of discrete financial information reviewed by our CODM. Through our network of banking centers, we provide relationship-based banking products, services and solutions for small to mid-sized companies, real estate investors, non-profit organizations, professionals and other individuals. Our products include loans for commercial businesses, commercial real estate, multi-family, construction, land, dairy & livestock and agribusiness, consumer and government-guaranteed small business loans. We also provide business deposit products and treasury cash management services, as well as deposit products to the owners and employees of the businesses we serve. Our operations are throughout the state of California. The Company",https://www.sec.gov/Archives/edgar/data/354647/000119312526340248/cvbf-20260630.htm
CVBF,10-Q,2026-06-30,commercial real estate,120331,"er things, the capital adequacy and overall financial condition of the FHLB and FRB. No impairment losses were recorded as of June 30, 2026. 6. LOANS AND LEASE FINANCE RECEIVABLES AND ALLOWANCE FOR CREDIT LOSSES The following table provides a summary of total loans and lease finance receivables by type. June 30, 2026 December 31, 2025 (Dollars in thousands) Commercial real estate $ 8,983,934 $ 6,574,395 Construction 209,993 37,812 SBA 441,572 282,401 Commercial and industrial 1,478,884 973,631 Dairy & livestock and agribusiness 280,994 431,577 Municipal lease finance receivables 56,086 59,542 SFR mortgage 341,340 281,766 Consumer and other loans 224,252 58,069 Total loans, at amortized cost 12,017,055 8,699,193 Less: Allowance for c",https://www.sec.gov/Archives/edgar/data/354647/000119312526340248/cvbf-20260630.htm
CVBF,10-Q,2026-06-30,commercial real estate,120921,"86 59,542 SFR mortgage 341,340 281,766 Consumer and other loans 224,252 58,069 Total loans, at amortized cost 12,017,055 8,699,193 Less: Allowance for credit losses (126,661 ) (77,161 ) Total loans and lease finance receivables, net $ 11,890,394 $ 8,622,032 As of June 30, 2026, 77.6% of the Company’s total loan portfolio consisted of real estate loans, with commercial real estate loans representing 74.8% of total loans. The Company’s real estate loans and construction loans are secured by real properties primarily located in California. As of June 30, 2026, $418.3 million, or 4.7% of the total commercial real estate loans included loans secured by farmland, compared to $424.5 million, or 6.46%, at December 31, 2025. The loans secure",https://www.sec.gov/Archives/edgar/data/354647/000119312526340248/cvbf-20260630.htm
CVBF,10-Q,2026-06-30,commercial real estate,126635," though partial recovery may be affected in the future. 20 The following tables summarize loans by type and origination year, according to our internal risk ratings as of the dates presented. Origination Year Revolving loans amortized Revolving loans converted to June 30, 2026 2026 2025 2024 2023 2022 Prior cost basis term loans Total (Dollars in thousands) Commercial real estate loans: Risk Rating: Pass $ 640,306 $ 874,826 $ 411,808 $ 595,138 $ 1,361,103 $ 4,381,752 $ 313,107 $ 37,298 $ 8,615,338 Special Mention 1,897 6,926 18,359 27,424 64,299 171,873 17,283 9,461 317,522 Substandard 1,703 393 8,797 5,485 17,607 15,225 1,615 249 51,074 Total Commercial real estate loans: $ 643,906 $ 882,145 $ 438,964 $ 628,047 $ 1,443,009 $ 4,568,",https://www.sec.gov/Archives/edgar/data/354647/000119312526340248/cvbf-20260630.htm
CVBF,10-Q,2026-06-30,commercial real estate,130178,"32,138 $ 1,250,860 $ 633,997 $ 757,613 $ 1,649,955 $ 5,209,395 $ 1,503,765 $ 79,332 $ 12,017,055 Current YTD Period: Total gross charge-offs $ — $ — $ 102 $ 115 $ 21 $ 26 $ — $ — $ 264 22 Origination Year Revolving loans amortized Revolving loans converted to December 31, 2025 2025 2024 2023 2022 2021 Prior cost basis term loans Total (Dollars in thousands) Commercial real estate loans: Risk Rating: Pass $ 595,637 $ 304,734 $ 378,718 $ 1,143,941 $ 962,666 $ 2,631,270 $ 251,597 $ 34,757 $ 6,303,320 Special Mention 3,604 12,317 8,364 45,946 34,806 121,473 8,548 8,751 243,809 Substandard 1,456 — 3,327 7,266 4,578 10,108 531 — 27,266 Total Commercial real estate loans: $ 600,697 $ 317,051 $ 390,409 $ 1,197,153 $ 1,002,050 $ 2,762,851 $ ",https://www.sec.gov/Archives/edgar/data/354647/000119312526340248/cvbf-20260630.htm
CVBF,10-Q,2026-06-30,commercial real estate,133671,"58,717 $ 1,114,278 $ 64,225 $ 8,699,193 Current YTD Period: Gross charge-offs $ — $ — $ 392 $ — $ — $ 118 $ 5 $ 127 $ 642 24 Allowance for Credit Losses (“ACL”) The Company's allowance models calculate reserves over the average life of the loan, which includes the remaining time to maturity, adjusted for estimated prepayments applied as an adjustment to our commercial real estate and commercial and industrial loans. Our allowance for credit losses is based upon lifetime loss rate models developed from an estimation framework that uses historical lifetime loss experiences to derive loss rates at a collective pool level. We measure the expected credit losses on a collective (pooled) basis for those loans that share similar risk charac",https://www.sec.gov/Archives/edgar/data/354647/000119312526340248/cvbf-20260630.htm
CVBF,10-Q,2026-06-30,commercial real estate,134101,"nce for credit losses is based upon lifetime loss rate models developed from an estimation framework that uses historical lifetime loss experiences to derive loss rates at a collective pool level. We measure the expected credit losses on a collective (pooled) basis for those loans that share similar risk characteristics. We have three collective loan pools: Commercial Real Estate, Commercial and Industrial, and Consumer. A majority of the ACL relates to loans within the Commercial Real Estate and Commercial and Industrial methodologies, each evaluated on a collective basis. Our ACL amounts are largely driven by portfolio characteristics, including loss history, internal risk grading, various risk attributes, and the economic outlook",https://www.sec.gov/Archives/edgar/data/354647/000119312526340248/cvbf-20260630.htm
CVBF,10-Q,2026-06-30,commercial real estate,134541,"he ACL relates to loans within the Commercial Real Estate and Commercial and Industrial methodologies, each evaluated on a collective basis. Our ACL amounts are largely driven by portfolio characteristics, including loss history, internal risk grading, various risk attributes, and the economic outlook for certain macroeconomic variables. Risk attributes for commercial real estate loans include original loan to value ratios, origination year, loan seasoning, and macroeconomic variables that include Real GDP growth, commercial real estate price index and unemployment rate. Risk attributes for commercial and industrial loans include internal risk ratings, borrower industry sector, loan credit spreads and macroeconomic variables that in",https://www.sec.gov/Archives/edgar/data/354647/000119312526340248/cvbf-20260630.htm
CVBF,10-Q,2026-06-30,concentration,72143,"sible credit related impairments or declines in the fair value of loans and securities held by us; possible impairment charges to goodwill, including any impairment that may result from increased volatility in our stock price; changes in consumer or business spending, borrowing and savings habits; the effects of risks associated with geographic and industry concentrations within our loan portfolio; periodic fluctuations in commercial or residential real estate prices or values; our ability to attract or retain deposits (including low cost deposits) or to access government or private lending facilities and other sources of liquidity; the possibility that we may reduce or discontinue the payment of dividends on our common sto",https://www.sec.gov/Archives/edgar/data/354647/000119312526340248/cvbf-20260630.htm
CVBF,10-Q,2026-06-30,concentration,273414,"respectively. As of June 30, 2026, 47% of our total deposits and customer repos were uncollateralized and uninsured. Our customer deposit relationships represent a diverse range of industries. Overall, there are 13 different industry classifications that represent 2% or more of total deposits as of June 30, 2026. The industry classification with the largest concentrations was finance & insurance, which represent 12%, followed by construction, which represent 8% of our deposits. Our depositors have typically maintained long-standing banking relationships with us for many years. 69 Average total deposits and customer repurchase agreements for the second quarter of 2026 increased by $3.90 billion when compared to the second qu",https://www.sec.gov/Archives/edgar/data/354647/000119312526340248/cvbf-20260630.htm
CVBF,10-Q,2026-06-30,market area,269030,"e fluctuations, conditions of our borrowers (including fraudulent activity), or natural disasters, which adversely affect our service areas or other circumstances or conditions, including those defined above, will not be reflected in increased provisions for credit losses in the future. Changes in economic and business conditions could have an impact on our market area and on our loan portfolio. We continually monitor these conditions in determining our estimates of needed reserves. However, we cannot predict the extent to which the deterioration in general economic conditions, real estate values, changes in general rates of interest and changes in the financial conditions or business of a borrower may adversely affect a ",https://www.sec.gov/Archives/edgar/data/354647/000119312526340248/cvbf-20260630.htm
CVBF,10-Q,2026-06-30,non-owner occupied,142779,"he aging of, past due loans (including nonaccrual loans), by type of loans as of the dates presented. June 30, 2026 30-59 Days Past Due 60-89 Days Past Due Greater than 89 Days Past Due Total Past Due Current Total Loans and Financing Receivables (Dollars in thousands) Commercial real estate Owner occupied $ 2,122 $ — $ 4,745 $ 6,867 $ 2,843,703 $ 2,850,570 Non-owner occupied — 640 160 800 6,132,564 6,133,364 Construction Speculative (1) — — 685 685 116,961 117,646 Non-speculative — — — — 92,347 92,347 SBA 785 — 918 1,703 439,868 441,571 Commercial and industrial 746 1,447 1,303 3,496 1,475,389 1,478,885 Dairy & livestock and agribusiness — — — — 280,994 280,994 Municipal lease finance receivables — — — — 56,086 56,086 SFR mortg",https://www.sec.gov/Archives/edgar/data/354647/000119312526340248/cvbf-20260630.htm
CVBF,10-Q,2026-06-30,non-owner occupied,143589," 224,252 Total loans at amortized cost $ 3,776 $ 2,087 $ 7,811 $ 13,674 $ 12,003,381 $ 12,017,055 27 December 31, 2025 30-59 Days Past Due 60-89 Days Past Due Greater than 89 Days Past Due Total Past Due Current Total Loans and Financing Receivables (Dollars in thousands) Commercial real estate Owner occupied $ 2,887 $ — $ 43 $ 2,930 $ 2,330,311 $ 2,333,241 Non-owner occupied — — 4,143 4,143 4,237,011 4,241,154 Construction Speculative (1) — — — — 12,151 12,151 Non-speculative — — — — 25,661 25,661 SBA 30 — 21 51 282,350 282,401 Commercial and industrial 261 — 478 739 972,892 973,631 Dairy & livestock and agribusiness — — — — 431,577 431,577 Municipal lease finance receivables — — — — 59,542 59,542 SFR mortgage — — — — 281,766 2",https://www.sec.gov/Archives/edgar/data/354647/000119312526340248/cvbf-20260630.htm
CVBF,10-Q,2026-06-30,non-owner occupied,144850,"table presents nonaccrual loans, including loans with no related allowance for credit losses, by loan type as of June 30, 2026 and December 31, 2025. June 30, 2026 Nonaccrual with No Allowance for Credit Losses Total Nonaccrual (1) (3) Loans Past Due Over 89 Days Still Accruing (Dollars in thousands) Commercial real estate Owner occupied $ 4,496 $ 4,745 $ — Non-owner occupied 160 160 — Construction Speculative (2) 685 685 SBA 591 918 — Commercial and industrial 3,427 9,672 — Consumer and other loans 462 462 Total loans at amortized cost $ 9,821 $ 16,642 $ — (1)As of June 30, 2026, $6.7 million of nonaccruing loans were current, $670,000 were 30-59 days past due, $1.4 million were 60-89 days past due, and $7.8 million were 90+ da",https://www.sec.gov/Archives/edgar/data/354647/000119312526340248/cvbf-20260630.htm
CVBF,10-Q,2026-06-30,non-owner occupied,145657,"erties where there is no identified buyer or renter.(3)Excludes $3,000 of guaranteed portion of nonaccrual SBA loans that are in process of collection. December 31, 2025 Nonaccrual with No Allowance for Credit Losses Total Nonaccrual (1) (2) Loans Past Due Over 89 Days Still Accruing (Dollars in thousands) Commercial real estate Owner occupied $ 43 $ 43 $ — Non-owner occupied 4,143 4,143 — SBA 21 21 — Commercial and industrial 478 478 — Total loans at amortized cost $ 4,685 $ 4,685 $ — (1)As of December 31, 2025, $4.7 million were 90+ days past due. (2)Excludes $3,000 of guaranteed portion of nonaccrual SBA loans that are in process of collection. 28 Collateral Dependent Loans A loan is considered collateral-dependent when the b",https://www.sec.gov/Archives/edgar/data/354647/000119312526340248/cvbf-20260630.htm
CVBF,10-Q,2026-06-30,office,65073,"he transition period from _____ to _____ Commission File Number: 000-10140 CVB FINANCIAL CORP.(Exact name of registrant as specified in its charter) California 95-3629339 (State or other jurisdiction ofIncorporation or organization) (I.R.S. Employer Identification No.) 701 North Haven Ave., Suite 350 Ontario, California 91764 (Address of principal executive offices) (Zip Code) (909) 980-4030 (Registrant's telephone number,including area code) Securities registered pursuant to Section 12(b) of the Act: Title of each class Trading Symbol(s) Name of each exchange on which registered Common Stock, No Par Value CVBF The Nasdaq Stock Market, LLC Indicate by check mark whether the registrant (1) has filed all reports requir",https://www.sec.gov/Archives/edgar/data/354647/000119312526340248/cvbf-20260630.htm
CVBF,10-Q,2026-06-30,office,88844,"sult of the Heritage acquisition, CSNK Working Capital Finance Corp., a California corporation doing business as Bay View Funding (“BVF”), became a wholly owned subsidiary of CBB. BVF provides working capital factoring financing to various industries throughout the United States. As of June 30, 2026, the Bank operated 78 banking centers, one loan production office in Temecula, CA, and three trust office locations. The Company is headquartered in the city of Ontario, California. 2. BASIS OF PRESENTATION The accompanying unaudited condensed consolidated financial statements and notes thereto have been prepared in accordance with the rules and regulations of the Securities and Exchange Commission (“SEC”) for Form 10-Q a",https://www.sec.gov/Archives/edgar/data/354647/000119312526340248/cvbf-20260630.htm
CVBF,10-Q,2026-06-30,office,92129," 10 Other significant estimates, which may be subject to change, include fair value determinations and disclosures, impairment of investments, goodwill and loans, as well as valuation of deferred tax assets. Business Segments — We regularly assess our strategic plans, operations, reporting structures and financial information provided to the Chief Executive Officer, our chief operating decision maker (“CODM”), to identify our reportable segments. At June 30, 2026 and since September 30, 2018, we have operated as one reportable segment. Changes to our reportable segments are expected to be infrequent. The factors considered in making this determination included the nature of products and services offered, geographic r",https://www.sec.gov/Archives/edgar/data/354647/000119312526340248/cvbf-20260630.htm
CVBF,10-Q,2026-06-30,office,106639,"ns ACL Fair value PCD loans $ 102,637 $ (3,208 ) $ 99,429 $ (21,419 ) $ 78,010 PSL loans 3,131,699 (78,554 ) 3,053,145 (25,209 ) 3,027,936 Total $ 3,234,336 $ (81,762 ) $ 3,152,574 $ (46,628 ) $ 3,105,946 Premises and equipment: Fair values were determined using a market approach, supported by third-party appraisals and broker opinions of value for land and office buildings.Core Deposit intangible assets (“CDI”): Core deposit intangible assets represent the value of acquired deposit relationships. Fair value was estimated using a discounted cash flow methodology based on the present value of expected cost savings from utilizing core deposit funding compared to alternative funding sources. Key assumptions included exp",https://www.sec.gov/Archives/edgar/data/354647/000119312526340248/cvbf-20260630.htm
CVBF,10-Q,2026-06-30,office,123445,"k attributes and utilize such information in our evaluation of the appropriateness of the allowance for credit losses. Internal credit risk ratings, within our loan risk rating system, are the credit quality indicators that we most closely monitor. An important element of our approach to credit risk management is our loan risk rating system. The originating officer assigns each loan an initial risk rating, which is reviewed and confirmed or changed, as appropriate, by credit management. Approvals are made based upon the amount of inherent credit risk specific to the transaction and are reviewed for appropriateness by senior line and credit management personnel. Credits are monitored by line and credit management pers",https://www.sec.gov/Archives/edgar/data/354647/000119312526340248/cvbf-20260630.htm
CVBF,10-Q,2026-06-30,office,183014," Net change in fair value recorded in AOCI 12,590 (3,660 ) 8,930 (16,953 ) 4,968 (11,985 ) Cash flow hedges: Net change in fair value recorded in AOCI 2,205 (641 ) 1,564 (2,339 ) 688 (1,651 ) Net change $ (621 ) $ 180 $ (441 ) $ 64,999 $ (21,067 ) $ 43,932 14. LEASES The Company’s operating leases, where the Company is a lessee, include real estate, such as office space and banking centers. Lease expense for operating leases is recognized on a straight-line basis over the term of the lease and is reflected in the consolidated statement of earnings. Right-of-use (“ROU”) assets and lease liabilities are included in other assets and other liabilities, respectively, on the Company’s condensed consolidated balance sheet. ",https://www.sec.gov/Archives/edgar/data/354647/000119312526340248/cvbf-20260630.htm
CVBF,10-Q,2026-06-30,office,250932,"edit losses (126,661 ) (77,161 ) Total loans and lease finance receivables, net $ 11,890,394 $ 8,622,032 Real estate loans are loans secured by conforming trust deeds on real property, including property under construction, land development, commercial property and single-family and multi-family residences. Our real estate loans are comprised of industrial, office, retail, medical, single family residences, multi-family residences, and farmland. Consumer loans include installment loans to consumers as well as home equity loans, auto and equipment leases and other loans secured by junior liens on real property. Municipal lease finance receivables are leases to municipalities. Dairy & livestock and agribusiness loans a",https://www.sec.gov/Archives/edgar/data/354647/000119312526340248/cvbf-20260630.htm
CVBF,10-Q,2026-06-30,office,256099,",070 5.3 % $ 8,699,193 100.0 % $ 6,574,395 100.0 % 63 The tables below breaks down our commercial real estate portfolio by collateral type as of June 30, 2026 and December 31, 2025. June 30, 2026 Balance Percent of Total Percent Owner-Occupied (1) AverageLoan Balance (Dollars in thousands) Commercial real estate: Industrial $ 2,735,391 30.4 % 46.1 % $ 1,729 Office 1,457,979 16.2 % 25.8 % 1,763 Retail 1,415,336 15.8 % 11.8 % 1,741 Multi-family 1,232,366 13.7 % 0.0 % 1,584 Secured by farmland (2) 418,263 4.7 % 99.3 % 1,510 Medical 424,273 4.7 % 30.8 % 1,607 Other (3) 1,300,326 14.5 % 38.5 % 1,709 Total commercial real estate $ 8,983,934 100.0 % 31.7 % $ 1,694 (1)Represents percentage of reported owner-occupied at origi",https://www.sec.gov/Archives/edgar/data/354647/000119312526340248/cvbf-20260630.htm
CVBF,10-Q,2026-06-30,owner-occupied,255968,"0 % 375,770 5.7 % San Diego 343,058 3.9 % 325,167 4.9 % Other California 146,207 1.7 % 105,166 1.6 % Out of State 351,959 4.0 % 348,070 5.3 % $ 8,699,193 100.0 % $ 6,574,395 100.0 % 63 The tables below breaks down our commercial real estate portfolio by collateral type as of June 30, 2026 and December 31, 2025. June 30, 2026 Balance Percent of Total Percent Owner-Occupied (1) AverageLoan Balance (Dollars in thousands) Commercial real estate: Industrial $ 2,735,391 30.4 % 46.1 % $ 1,729 Office 1,457,979 16.2 % 25.8 % 1,763 Retail 1,415,336 15.8 % 11.8 % 1,741 Multi-family 1,232,366 13.7 % 0.0 % 1,584 Secured by farmland (2) 418,263 4.7 % 99.3 % 1,510 Medical 424,273 4.7 % 30.8 % 1,607 Other (3) 1,300,326 14.5 % 38.5 % 1,709 T",https://www.sec.gov/Archives/edgar/data/354647/000119312526340248/cvbf-20260630.htm
CVBF,10-Q,2026-06-30,owner-occupied,256442,"% 46.1 % $ 1,729 Office 1,457,979 16.2 % 25.8 % 1,763 Retail 1,415,336 15.8 % 11.8 % 1,741 Multi-family 1,232,366 13.7 % 0.0 % 1,584 Secured by farmland (2) 418,263 4.7 % 99.3 % 1,510 Medical 424,273 4.7 % 30.8 % 1,607 Other (3) 1,300,326 14.5 % 38.5 % 1,709 Total commercial real estate $ 8,983,934 100.0 % 31.7 % $ 1,694 (1)Represents percentage of reported owner-occupied at origination in each real estate loan category.(2)The loans secured by farmland included $124.4 million for loans secured by dairy & livestock land and $293.8 million for loans secured by agricultural land at June 30, 2026.(3)Other loans consist of a variety of loan types, none of which exceeded 2.0% of total commercial real estate loans at June 30, 2026.",https://www.sec.gov/Archives/edgar/data/354647/000119312526340248/cvbf-20260630.htm
CVBF,10-Q,2026-06-30,owner-occupied,256868,")The loans secured by farmland included $124.4 million for loans secured by dairy & livestock land and $293.8 million for loans secured by agricultural land at June 30, 2026.(3)Other loans consist of a variety of loan types, none of which exceeded 2.0% of total commercial real estate loans at June 30, 2026. December 31, 2025 Balance Percent of Total Percent Owner-Occupied (1) AverageLoan Balance (Dollars in thousands) Commercial real estate: Industrial $ 2,269,433 34.5 % 47.3 % $ 1,691 Office 989,752 15.1 % 28.6 % 1,644 Retail 908,087 13.8 % 11.1 % 1,710 Multi-family 829,752 12.6 % 0.1 % 1,542 Secured by farmland (2) 424,531 6.5 % 99.5 % 1,490 Medical 327,958 5.0 % 33.1 % 1,491 Other (3) 824,882 12.5 % 41.8 % 1,845 Total com",https://www.sec.gov/Archives/edgar/data/354647/000119312526340248/cvbf-20260630.htm
CVBF,10-Q,2026-06-30,owner-occupied,257334,"33 34.5 % 47.3 % $ 1,691 Office 989,752 15.1 % 28.6 % 1,644 Retail 908,087 13.8 % 11.1 % 1,710 Multi-family 829,752 12.6 % 0.1 % 1,542 Secured by farmland (2) 424,531 6.5 % 99.5 % 1,490 Medical 327,958 5.0 % 33.1 % 1,491 Other (3) 824,882 12.5 % 41.8 % 1,845 Total commercial real estate $ 6,574,395 100.0 % 35.5 % $ 1,658 (1)Represents percentage of reported owner-occupied at origination in each real estate loan category.(2)The loans secured by farmland included $119.0 million for loans secured by dairy & livestock land and $305.5 million for loans secured by agricultural land at December 31, 2025.(3)Other loans consist of a variety of loan types, none of which exceeded 2.0% of total commercial real estate loans at December 3",https://www.sec.gov/Archives/edgar/data/354647/000119312526340248/cvbf-20260630.htm
EWBC,10-K,2025-12-31,Washington,133396,"seMembersrt:ParentCompanyMember2025-01-012025-12-310001069157ewbc:OtherNoninterestExpenseMembersrt:ParentCompanyMember2023-01-012023-12-310001069157srt:ParentCompanyMember2023-12-310001069157srt:ParentCompanyMember2022-12-310001069157us-gaap:SubsequentEventMember2026-01-222026-01-2200010691572025-10-012025-12-31UNITED STATESSECURITIES AND EXCHANGE COMMISSIONWashington, D.C. 20549FORM 10-K☒ ANNUAL REPORT PURSUANT TO SECTION 13 OR 15(d) OFTHE SECURITIES EXCHANGE ACT OF 1934For the fiscal year ended December 31, 2025 OR☐ TRANSITION REPORT PURSUANT TO SECTION 13 OR 15(d) OF THE SECURITIES EXCHANGE ACT OF 1934For the transition period from toCommission file number 000-24939 EAST WEST BANCORP, INC.(Exact name of registrant as ",https://www.sec.gov/Archives/edgar/data/1069157/000106915726000009/ewbc-20251231.htm
EWBC,10-K,2025-12-31,Washington,144660,"l assets, $56.1 billion in total net loans, $67.1 billion in total deposits, and $8.9 billion in total stockholders’ equity.The Company operates in over 110 locations in the U.S. and Asia. In the U.S., the Bank’s corporate headquarters and main administrative offices are located in California. Its 96 U.S. branches are located in California, Texas, New York, Washington, Georgia, Massachusetts and Nevada. In Asia, the Bank has branches in China and Hong Kong, and representative offices in China and Singapore.East West Bank has a commercial banking license in China through its subsidiary, East West Bank (China) Limited (“EWCN”), which makes it unique among U.S.-based regional banks. This license allows the Bank to have bran",https://www.sec.gov/Archives/edgar/data/1069157/000106915726000009/ewbc-20251231.htm
EWBC,10-K,2025-12-31,Washington,317729,"ntial%Construction and Land%Total CRE%Geographic markets:Southern California$7,908,374 51%$2,387,149 47%$252,265 34%$10,547,788 50%Northern California2,760,043 18%914,479 18%149,090 20%3,823,612 18%California10,668,417 69%3,301,628 65%401,355 54%14,371,400 68%Texas1,129,088 7%488,276 10%154,241 21%1,771,605 8%New York831,276 6%349,909 7%35,397 5%1,216,582 6%Washington504,643 3%158,186 3%14,036 2%676,865 3%Arizona339,272 2%205,264 4%38,192 5%582,728 3%Nevada321,332 2%160,103 3%883 0%482,318 2%Other markets1,613,060 11%448,962 8%98,253 13%2,160,275 10%Total loans$15,407,088 100%$5,112,328 100%$742,357 100%$21,261,773 100%51December 31, 2024($ in thousands)CRE%Multifamily Residential%Construction and Land%Total CRE%Geograph",https://www.sec.gov/Archives/edgar/data/1069157/000106915726000009/ewbc-20251231.htm
EWBC,10-K,2025-12-31,Washington,318412,"ential%Construction and Land%Total CRE%Geographic markets:Southern California$7,516,638 51%$2,316,404 47%$230,297 35%$10,063,339 50%Northern California2,693,768 19%992,406 20%163,633 24%3,849,807 19%California10,210,406 70%3,308,810 67%393,930 59%13,913,146 69%Texas1,091,626 8%467,796 9%131,963 20%1,691,385 8%New York732,694 5%249,357 5%44,597 7%1,026,648 5%Washington493,972 3%155,022 3%10,401 1%659,395 3%Arizona348,877 2%182,955 4%23,903 4%555,735 3%Nevada293,927 2%139,292 3%— —%433,219 2%Other markets1,483,838 10%450,210 9%61,368 9%1,995,416 10%Total loans$14,655,340 100%$4,953,442 100%$666,162 100%$20,274,944 100%The percentage of total CRE loans located in California was 68% and 69% as of December 31, 2025 and 2024, ",https://www.sec.gov/Archives/edgar/data/1069157/000106915726000009/ewbc-20251231.htm
EWBC,10-K,2025-12-31,Washington,322400,"ority as of December 31, 2025 and 2024:December 31, 2025($ in thousands)Single-Family Residential%HELOCs%Total Residential Mortgage%Geographic markets:Southern California$6,031,124 40%$914,803 48%$6,945,927 41%Northern California2,026,767 14%392,461 20%2,419,228 14%California8,057,891 54%1,307,264 68%9,365,155 55%New York4,067,708 27%286,995 15%4,354,703 26%Washington761,739 5%188,146 10%949,885 6%Massachusetts566,462 4%68,375 4%634,837 4%Georgia520,039 3%21,500 1%541,539 3%Nevada493,670 3%38,072 2%531,742 3%Texas513,038 4%— —%513,038 3%Other markets22,002 0%1,545 0%23,547 0%Total$15,002,549 100%$1,911,897 100%$16,914,446 100%Lien priority:First mortgage$15,002,549 100%$1,337,066 70%$16,339,615 97%Junior lien mortgage— —",https://www.sec.gov/Archives/edgar/data/1069157/000106915726000009/ewbc-20251231.htm
EWBC,10-K,2025-12-31,Washington,323165,"549 100%$1,911,897 100%$16,914,446 100%December 31, 2024($ in thousands)Single-Family Residential%HELOCs%Total Residential Mortgage%Geographic markets:Southern California$5,475,929 39%$853,858 47%$6,329,787 39%Northern California1,825,462 13%379,692 21%2,205,154 14%California7,301,391 52%1,233,550 68%8,534,941 53%New York4,303,815 31%266,529 15%4,570,344 29%Washington715,968 5%187,220 10%903,188 6%Massachusetts457,147 3%66,181 4%523,328 3%Georgia466,790 3%20,040 1%486,830 3%Nevada447,097 3%32,578 2%479,675 3%Texas468,461 3%— —%468,461 3%Other markets14,777 0%5,530 0%20,307 0%Total$14,175,446 100%$1,811,628 100%$15,987,074 100%Lien priority:First mortgage$14,175,446 100%$1,322,957 73%$15,498,403 97%Junior lien mortgage— —",https://www.sec.gov/Archives/edgar/data/1069157/000106915726000009/ewbc-20251231.htm
EWBC,10-K,2025-12-31,Washington,421966,"diaries (“East West Bank” or the “Bank”). The Bank is the Company’s principal asset. As of December 31, 2025, the Company operated in over 110 locations in the United States (“U.S.”) and Asia. In the U.S., the Bank’s corporate headquarters and main administrative offices are located in California, and its branches are located in California, Texas, New York, Washington, Georgia, Massachusetts and Nevada. In Asia, East West’s presence includes branches in China and Hong Kong, and representative offices in China and Singapore. The Bank has a banking subsidiary based in China — East West Bank (China) Limited (“EWCN”).Significant Accounting PoliciesBasis of Presentation — The accounting and reporting policies of the Company c",https://www.sec.gov/Archives/edgar/data/1069157/000106915726000009/ewbc-20251231.htm
EWBC,10-K,2025-12-31,commercial real estate,207403,"our real estate collateral is located. If real estate values decline, the value of real estate collateral securing our loans could be significantly reduced. Our ability to recover on defaulted loans by foreclosing and selling the real estate collateral would be further diminished, and we would be more likely to suffer losses on defaulted loans. Furthermore, commercial real estate (“CRE”) loans typically involve larger balances to single borrowers or groups of related borrowers. Payments on these loans are often dependent on the successful operation or management of the properties, as well as the business and financial condition of the borrowers. Repayment of such loans may be subject to adverse conditions in the real estate market s",https://www.sec.gov/Archives/edgar/data/1069157/000106915726000009/ewbc-20251231.htm
EWBC,10-K,2025-12-31,commercial real estate,315792,"ion & distribution1,109,996 6%664,135 4%Healthcare703,769 4%685,550 4%Technology & telecommunications679,036 4%770,521 4%Hospitality & leisure646,926 3%575,815 3%Oil & gas595,102 3%576,605 3%Art finance503,326 3%548,065 3%Equipment finance447,117 2%470,132 3%General & Other3,722,636 20%3,420,996 20%Total C&I$18,650,755 100%$17,397,158 100%Commercial — Total Commercial Real Estate Loans. The total CRE portfolio consists of CRE, multifamily residential, and construction and land loans. The Company’s underwriting parameters for CRE loans are established in compliance with supervisory guidance and include property type, geography and loan-to-value (“LTV”).50The Company’s total CRE loan portfolio is well-diversified by property type with",https://www.sec.gov/Archives/edgar/data/1069157/000106915726000009/ewbc-20251231.htm
EWBC,10-K,2025-12-31,commercial real estate,319259,"ility of these loans and the required level of allowance for loan losses. For additional information related to the higher degree of risk from a downturn in the California economic and real estate markets, see Item 1A. Risk Factors — Risks Related to Geographic and Political Uncertainties and Risks Related to Financial Matters in this Form 10-K.Commercial — Commercial Real Estate Loans. The Company focuses on providing financing to experienced real estate investors and developers who have moderate levels of leverage, many of whom are long-time customers of the Bank. The Company seeks to underwrite loans with conservative standards for cash flows, debt service coverage and LTV. Owner-occupied properties comprised 20% of the CRE loans",https://www.sec.gov/Archives/edgar/data/1069157/000106915726000009/ewbc-20251231.htm
EWBC,10-K,2025-12-31,commercial real estate,403739," collective ALLL methodology used various models and estimation techniques based on the Company’s historical loss experience, current borrower 77characteristics, which included internal risk ratings, current conditions, and reasonable and supportable macroeconomic forecasts. The commercial loan portfolio is comprised of commercial and industrial (“C&I”) and commercial real estate (“CRE”), which also included multifamily residential, and construction and land loans. The Company’s C&I lifetime loss rate model estimated credit losses by estimating a loss rate expected over the life of a loan which is applied to the amortized cost basis, excluding accrued interest receivables, to determine expected credit losses. The Company’s CRE model",https://www.sec.gov/Archives/edgar/data/1069157/000106915726000009/ewbc-20251231.htm
EWBC,10-K,2025-12-31,commercial real estate,436106,"ses and decreased by net charge-offs. The ALLL is evaluated quarterly by management based on regular reviews of the collectability of the Company’s loans, and more often if deemed necessary. The Company develops and documents the ALLL methodology at the portfolio segment level. The commercial loan portfolio is comprised of commercial and industrial (“C&I”), commercial real estate (“CRE”), multifamily residential, and construction and land loans; and the consumer loan portfolio is comprised of single-family residential, home equity lines of credit (“HELOCs”), and other consumer loans.The ALLL represents the portion of a loan’s amortized cost basis that the Company does not expect to collect due to anticipated credit losses over the l",https://www.sec.gov/Archives/edgar/data/1069157/000106915726000009/ewbc-20251231.htm
EWBC,10-K,2025-12-31,commercial real estate,662996,l rating organizationsCFPBConsumer Financial Protection BureauOBBBAThe One Big Beautiful Bill ActCLOCollateralized loan obligationOFACOffice of Foreign Assets ControlCMEChicago Mercantile ExchangeOREOOther real estate ownedCODMChief operating decision makerOTTIOther-than-temporary impairmentCRACommunity Reinvestment ActPAMProportionate amortization methodCRECommercial real estatePATRIOT ActUniting and Strengthening America by Providing Appropriate Tools Required to Intercept and Obstruct Terrorism (USA PATRIOT) Act of 2001DFPICalifornia Department of Financial Protection and InnovationPCAPrompt Corrective ActionDIFDeposit Insurance FundPCDPurchased credit deterioratedDOJThe U.S. Department of JusticePDProbability of defaultEPSEarnin,https://www.sec.gov/Archives/edgar/data/1069157/000106915726000009/ewbc-20251231.htm
EWBC,10-K,2025-12-31,concentration,6222,aap:BuildingImprovementsMember2025-12-310001069157srt:MinimumMemberewbc:FurnitureFixturesAndEquipmentMember2025-12-310001069157srt:MaximumMemberewbc:FurnitureFixturesAndEquipmentMember2025-12-310001069157us-gaap:StockCompensationPlanMember2025-01-012025-12-310001069157ewbc:ServiceChargesDepositAccountFeesCardIncomeAndWealthManagmentFeesMemberus-gaap:CustomerConcentrationRiskMemberus-gaap:SalesRevenueNetMember2025-01-012025-12-310001069157ewbc:ServiceChargesDepositAccountFeesCardIncomeAndWealthManagmentFeesMemberus-gaap:CustomerConcentrationRiskMemberus-gaap:SalesRevenueNetMember2024-01-012024-12-310001069157ewbc:ServiceChargesDepositAccountFeesCardIncomeAndWealthManagmentFeesMemberus-gaap:CustomerConcentrationRiskMemberus-g,https://www.sec.gov/Archives/edgar/data/1069157/000106915726000009/ewbc-20251231.htm
EWBC,10-K,2025-12-31,concentration,222398,"s. Our ALLL is based on our evaluation of risks associated with our loans held-for-investment portfolio, including historical loss experience, current borrower characteristics, current economic conditions, reasonable and supportable forecasts of future economic conditions, delinquencies, performing status, the size and composition of the loan portfolio, and concentrations within the portfolio. The allowance estimation process requires subjective and complex judgments, including analysis of economic conditions and how these economic conditions might impair the ability of our borrowers to repay their loans. Unexpected changes in economic, market, operating and other conditions in the U.S. and in the international markets coul",https://www.sec.gov/Archives/edgar/data/1069157/000106915726000009/ewbc-20251231.htm
EWBC,10-K,2025-12-31,concentration,223901,"eral.Our credit risk and credit losses can increase if our loans are concentrated in borrowers engaged in the same or similar activities, industries, or geographies or to borrowers who as a group may be uniquely or disproportionately affected by economic or market conditions, which could result in materially higher credit losses. For example, the Bank has a concentration of real estate loans in California. Potential deterioration in the California commercial or residential real estate markets or economic conditions could result in additional loan charge-offs and provision for loan losses, which could have a material adverse effect on our business, results of operations, and financial condition. If any industry, market secto",https://www.sec.gov/Archives/edgar/data/1069157/000106915726000009/ewbc-20251231.htm
EWBC,10-K,2025-12-31,concentration,314795,"ed $7.6 billion and $6.0 billion as of December 31, 2025 and 2024, respectively, which primarily consisted of capital call lending and other credit facilities extended to these institutions. The majority of the C&I loans had variable interest rates as of both December 31, 2025, and 2024.The C&I portfolio is well-diversified by industry. The Company monitors concentrations within the C&I loan portfolio by industry and customer exposure, and has exposure limits by industry and loan product. The following table presents the industry mix within the Company’s C&I loan portfolio as of December 31, 2025, and 2024:December 31, 2025December 31, 2024($ in thousands)Amount%Amount%Industry:Real estate investment & management$2,319,896 ",https://www.sec.gov/Archives/edgar/data/1069157/000106915726000009/ewbc-20251231.htm
EWBC,10-K,2025-12-31,concentration,343090,"n manages credit policy for the line of business transactional credit risk, assuring that all exposure is risk-rated according to the requirements of the credit risk rating policy. The Senior Credit Supervision function in connection with the ERM function, also evaluates and reports the overall credit risk exposure to senior management and the ROC including concentration limits and key risk indicators. Reporting directly to the Board’s Audit Committee, the IAR function provides additional validation support to the Company’s robust credit risk management culture by performing an independent and objective assessment of underwriting and documentation quality and serves as an assurance function for the risk rating of the Compan",https://www.sec.gov/Archives/edgar/data/1069157/000106915726000009/ewbc-20251231.htm
EWBC,10-K,2025-12-31,concentration,380422,"e derivative contracts. This counterparty credit risk is a multi-dimensional form of risk, affected by both the exposure and credit quality of the counterparty, both of which are sensitive to market-induced changes. The Company’s Credit Risk Management Committee provides oversight of credit risk and the Company has guidelines in place to manage counterparty concentration, tenor limits, and collateral. The Company manages the credit risk of its derivative positions by diversifying its positions among various counterparties, by entering into legally enforceable master netting agreements, and by requiring collateral arrangements, where possible. The Company may also transfer counterparty credit risk related to interest rate sw",https://www.sec.gov/Archives/edgar/data/1069157/000106915726000009/ewbc-20251231.htm
EWBC,10-K,2025-12-31,multifamily,68787,LoanMember2025-12-310001069157us-gaap:CommercialPortfolioSegmentMemberewbc:CommercialAndIndustrialLoanMember2024-12-310001069157us-gaap:CommercialPortfolioSegmentMemberus-gaap:CommercialRealEstateMember2025-12-310001069157us-gaap:CommercialPortfolioSegmentMemberus-gaap:CommercialRealEstateMember2024-12-310001069157us-gaap:CommercialPortfolioSegmentMembersrt:MultifamilyMember2025-12-310001069157us-gaap:CommercialPortfolioSegmentMembersrt:MultifamilyMember2024-12-310001069157us-gaap:CommercialPortfolioSegmentMemberewbc:ConstructionAndLandLoanMember2025-12-310001069157us-gaap:CommercialPortfolioSegmentMemberewbc:ConstructionAndLandLoanMember2024-12-310001069157us-gaap:CommercialPortfolioSegmentMemberewbc:TotalCommercialRealE,https://www.sec.gov/Archives/edgar/data/1069157/000106915726000009/ewbc-20251231.htm
EWBC,10-K,2025-12-31,multifamily,71229,ealEstateMemberewbc:CriticizedAccrualMember2025-12-310001069157us-gaap:CommercialPortfolioSegmentMemberus-gaap:CommercialRealEstateMemberewbc:CriticizedNonaccrualMember2025-12-310001069157us-gaap:CommercialPortfolioSegmentMemberus-gaap:CommercialRealEstateMemberewbc:GrossWriteoffMember2025-01-012025-12-310001069157us-gaap:CommercialPortfolioSegmentMembersrt:MultifamilyMemberus-gaap:PassMember2025-12-310001069157us-gaap:CommercialPortfolioSegmentMembersrt:MultifamilyMemberewbc:CriticizedAccrualMember2025-12-310001069157us-gaap:CommercialPortfolioSegmentMembersrt:MultifamilyMemberewbc:CriticizedNonaccrualMember2025-12-310001069157us-gaap:CommercialPortfolioSegmentMembersrt:MultifamilyMemberewbc:GrossWriteoffMember2025-01-01,https://www.sec.gov/Archives/edgar/data/1069157/000106915726000009/ewbc-20251231.htm
EWBC,10-K,2025-12-31,multifamily,74584,ealEstateMemberewbc:CriticizedAccrualMember2024-12-310001069157us-gaap:CommercialPortfolioSegmentMemberus-gaap:CommercialRealEstateMemberewbc:CriticizedNonaccrualMember2024-12-310001069157us-gaap:CommercialPortfolioSegmentMemberus-gaap:CommercialRealEstateMemberewbc:GrossWriteoffMember2024-01-012024-12-310001069157us-gaap:CommercialPortfolioSegmentMembersrt:MultifamilyMemberus-gaap:PassMember2024-12-310001069157us-gaap:CommercialPortfolioSegmentMembersrt:MultifamilyMemberewbc:CriticizedAccrualMember2024-12-310001069157us-gaap:CommercialPortfolioSegmentMembersrt:MultifamilyMemberewbc:CriticizedNonaccrualMember2024-12-310001069157us-gaap:CommercialPortfolioSegmentMembersrt:MultifamilyMemberewbc:GrossWriteoffMember2024-01-01,https://www.sec.gov/Archives/edgar/data/1069157/000106915726000009/ewbc-20251231.htm
EWBC,10-K,2025-12-31,multifamily,79201,bles60To89DaysPastDueMember2025-12-310001069157us-gaap:CommercialPortfolioSegmentMemberus-gaap:CommercialRealEstateMemberus-gaap:FinancialAssetPastDueMember2025-12-310001069157us-gaap:CommercialPortfolioSegmentMemberus-gaap:CommercialRealEstateMemberus-gaap:NonperformingFinancingReceivableMember2025-12-310001069157us-gaap:CommercialPortfolioSegmentMembersrt:MultifamilyMemberus-gaap:FinancialAssetNotPastDueMember2025-12-310001069157us-gaap:CommercialPortfolioSegmentMembersrt:MultifamilyMemberus-gaap:FinancingReceivables30To59DaysPastDueMember2025-12-310001069157us-gaap:CommercialPortfolioSegmentMembersrt:MultifamilyMemberus-gaap:FinancingReceivables60To89DaysPastDueMember2025-12-310001069157us-gaap:CommercialPortfolioSegme,https://www.sec.gov/Archives/edgar/data/1069157/000106915726000009/ewbc-20251231.htm
EWBC,10-K,2025-12-31,multifamily,79584,p:FinancialAssetNotPastDueMember2025-12-310001069157us-gaap:CommercialPortfolioSegmentMembersrt:MultifamilyMemberus-gaap:FinancingReceivables30To59DaysPastDueMember2025-12-310001069157us-gaap:CommercialPortfolioSegmentMembersrt:MultifamilyMemberus-gaap:FinancingReceivables60To89DaysPastDueMember2025-12-310001069157us-gaap:CommercialPortfolioSegmentMembersrt:MultifamilyMemberus-gaap:FinancialAssetPastDueMember2025-12-310001069157us-gaap:CommercialPortfolioSegmentMembersrt:MultifamilyMemberus-gaap:NonperformingFinancingReceivableMember2025-12-310001069157us-gaap:CommercialPortfolioSegmentMemberewbc:ConstructionAndLandLoanMemberus-gaap:FinancialAssetNotPastDueMember2025-12-310001069157us-gaap:CommercialPortfolioSegmentMember,https://www.sec.gov/Archives/edgar/data/1069157/000106915726000009/ewbc-20251231.htm
EWBC,10-K,2025-12-31,multifamily,86543,bles60To89DaysPastDueMember2024-12-310001069157us-gaap:CommercialPortfolioSegmentMemberus-gaap:CommercialRealEstateMemberus-gaap:FinancialAssetPastDueMember2024-12-310001069157us-gaap:CommercialPortfolioSegmentMemberus-gaap:CommercialRealEstateMemberus-gaap:NonperformingFinancingReceivableMember2024-12-310001069157us-gaap:CommercialPortfolioSegmentMembersrt:MultifamilyMemberus-gaap:FinancialAssetNotPastDueMember2024-12-310001069157us-gaap:CommercialPortfolioSegmentMembersrt:MultifamilyMemberus-gaap:FinancingReceivables30To59DaysPastDueMember2024-12-310001069157us-gaap:CommercialPortfolioSegmentMembersrt:MultifamilyMemberus-gaap:FinancingReceivables60To89DaysPastDueMember2024-12-310001069157us-gaap:CommercialPortfolioSegme,https://www.sec.gov/Archives/edgar/data/1069157/000106915726000009/ewbc-20251231.htm
EWBC,10-K,2025-12-31,multifamily,86926,p:FinancialAssetNotPastDueMember2024-12-310001069157us-gaap:CommercialPortfolioSegmentMembersrt:MultifamilyMemberus-gaap:FinancingReceivables30To59DaysPastDueMember2024-12-310001069157us-gaap:CommercialPortfolioSegmentMembersrt:MultifamilyMemberus-gaap:FinancingReceivables60To89DaysPastDueMember2024-12-310001069157us-gaap:CommercialPortfolioSegmentMembersrt:MultifamilyMemberus-gaap:FinancialAssetPastDueMember2024-12-310001069157us-gaap:CommercialPortfolioSegmentMembersrt:MultifamilyMemberus-gaap:NonperformingFinancingReceivableMember2024-12-310001069157us-gaap:CommercialPortfolioSegmentMemberewbc:ConstructionAndLandLoanMemberus-gaap:FinancialAssetNotPastDueMember2024-12-310001069157us-gaap:CommercialPortfolioSegmentMember,https://www.sec.gov/Archives/edgar/data/1069157/000106915726000009/ewbc-20251231.htm
EWBC,10-K,2025-12-31,multifamily,94653,entDeferralMember2025-01-012025-12-310001069157us-gaap:CommercialPortfolioSegmentMemberus-gaap:CommercialRealEstateMemberewbc:ContractualInterestRateReductionAndPaymentDeferralMember2025-01-012025-12-310001069157us-gaap:CommercialPortfolioSegmentMemberus-gaap:CommercialRealEstateMember2025-01-012025-12-310001069157us-gaap:CommercialPortfolioSegmentMembersrt:MultifamilyMemberus-gaap:ContractualInterestRateReductionMember2025-01-012025-12-310001069157us-gaap:CommercialPortfolioSegmentMembersrt:MultifamilyMemberus-gaap:ExtendedMaturityMember2025-01-012025-12-310001069157us-gaap:CommercialPortfolioSegmentMembersrt:MultifamilyMemberus-gaap:PaymentDeferralMember2025-01-012025-12-310001069157us-gaap:CommercialPortfolioSegmentMem,https://www.sec.gov/Archives/edgar/data/1069157/000106915726000009/ewbc-20251231.htm
EWBC,10-K,2025-12-31,office,134005,"934For the transition period from toCommission file number 000-24939 EAST WEST BANCORP, INC.(Exact name of registrant as specified in its charter)Delaware(State or other jurisdiction of incorporation or organization)95-4703316 (I.R.S. Employer Identification No.)135 North Los Robles Ave., 7th Floor, Pasadena, California, 91101(Address of principal executive offices) (Zip Code)(626) 768-6000(Registrant’s telephone number, including area code) Securities registered pursuant to Section 12(b) of the Act: Title of each classTrading Symbol(s)Name of each exchange on which registeredCommon stock, par value $0.001 per shareEWBCNasdaq Global Select MarketSecurities registered pursuant to Section 12(g) of the Act: NoneIndicate",https://www.sec.gov/Archives/edgar/data/1069157/000106915726000009/ewbc-20251231.htm
EWBC,10-K,2025-12-31,office,136787,"e by check mark whether the financial statements of the registrant included in the filing reflect the correction of an error to previously issued financial statements. ☐Indicate by check mark whether any of those error corrections are restatements that required a recovery analysis of incentive-based compensation received by any of the registrant’s executive officers during the relevant recovery period pursuant to § 240.10D-1(b). ☐Indicate by check mark whether the registrant is a shell company (as defined in Rule 12b-2 of the Exchange Act). Yes ☐ No ☒The aggregate market value of the registrant’s common stock held by non-affiliates as of June 30, 2025 was $13,774,364,511 (based on the closing price of the registrant’",https://www.sec.gov/Archives/edgar/data/1069157/000106915726000009/ewbc-20251231.htm
EWBC,10-K,2025-12-31,office,138493,"ntitative and Qualitative Disclosures About Market Risk75Item 8.Financial Statements76Item 9.Changes in and Disagreements With Accountants on Accounting and Financial Disclosure156Item 9A.Controls and Procedures156Item 9B.Other Information158Item 9C.Disclosure Regarding Foreign Jurisdictions that Prevent Inspections158PART III158Item 10.Directors, Executive Officers and Corporate Governance158Item 11.Executive Compensation158Item 12.Security Ownership of Certain Beneficial Owners and Management and Related Stockholder Matters158Item 13.Certain Relationships and Related Transactions and Director Independence159Item 14.Principal Accountant Fees and Services159PART IV160Item 15.Exhibits and Financial Statement Schedules",https://www.sec.gov/Archives/edgar/data/1069157/000106915726000009/ewbc-20251231.htm
EWBC,10-K,2025-12-31,office,141905," estate markets;•changes in consumer or commercial spending, savings and borrowing habits, and patterns and behaviors;•the Company’s ability to compete effectively against financial institutions and other entities, including as a result of emerging technologies;•the success and timing of the Company’s business strategies;•the Company’s ability to retain key officers and employees;•changes in interest rates, competition, regulatory requirements and product mix;•changes in the Company’s costs of operation, compliance and expansion;•disruption, failure in, or breach of, the Company’s operational or security systems or infrastructure, or those of third-party vendors with which the Company does business, including as a re",https://www.sec.gov/Archives/edgar/data/1069157/000106915726000009/ewbc-20251231.htm
EWBC,10-K,2025-12-31,office,144560,"t East West may establish or acquire. As of December 31, 2025, the Company had $80.4 billion in total assets, $56.1 billion in total net loans, $67.1 billion in total deposits, and $8.9 billion in total stockholders’ equity.The Company operates in over 110 locations in the U.S. and Asia. In the U.S., the Bank’s corporate headquarters and main administrative offices are located in California. Its 96 U.S. branches are located in California, Texas, New York, Washington, Georgia, Massachusetts and Nevada. In Asia, the Bank has branches in China and Hong Kong, and representative offices in China and Singapore.East West Bank has a commercial banking license in China through its subsidiary, East West Bank (China) Limited (“",https://www.sec.gov/Archives/edgar/data/1069157/000106915726000009/ewbc-20251231.htm
EWBC,10-K,2025-12-31,office,145207,"king license in China through its subsidiary, East West Bank (China) Limited (“EWCN”), which makes it unique among U.S.-based regional banks. This license allows the Bank to have branches, make loans and accept deposits in China. The Bank continues to develop its international banking presence in Asia with its network of overseas branches and representative offices. In addition to facilitating traditional letters of credit and trade financing to businesses, these representative offices allow the Bank to assist existing clients and develop new business relationships. Through its branches and offices, the Bank focuses on growing its cross-border client base between the U.S. and Asia, helping U.S.-based businesses expan",https://www.sec.gov/Archives/edgar/data/1069157/000106915726000009/ewbc-20251231.htm
EWBC,10-K,2025-12-31,office,156587,"tive and lasting impacts in our communities through our business activities and our volunteer and charitable efforts. We engage in meaningful and effective programs that help increase homeownership, preserve affordable housing, promote wealth building, enable greater access to banking services and help alleviate homelessness.6Information about our Executive OfficersThe following table presents the Company’s executive officers’ names, ages, positions and offices, and business experience during the last five years as of February 27, 2026. There is no family relationship between any of the Company’s executive officers or directors. The Board of Directors of the Company appointed each of the executive officers.NameAge Po",https://www.sec.gov/Archives/edgar/data/1069157/000106915726000009/ewbc-20251231.htm
EWBC,10-K,2025-12-31,office,156965,"ing table presents the Company’s executive officers’ names, ages, positions and offices, and business experience during the last five years as of February 27, 2026. There is no family relationship between any of the Company’s executive officers or directors. The Board of Directors of the Company appointed each of the executive officers.NameAge Positions and Offices, and Business ExperienceDominic Ng67Chairman and Chief Executive Officer of the Company and the Bank since 1992.Douglas P. Krause69Vice Chairman and Chief Corporate Officer of the Company and the Bank since 2020; 2018 - 2020: Executive Vice President, General Counsel and Corporate Secretary; 2010 - 2018: Executive Vice President, Chief Risk Officer and Gen",https://www.sec.gov/Archives/edgar/data/1069157/000106915726000009/ewbc-20251231.htm
EWBC,10-K,2025-12-31,owner-occupied,319585,"rs in this Form 10-K.Commercial — Commercial Real Estate Loans. The Company focuses on providing financing to experienced real estate investors and developers who have moderate levels of leverage, many of whom are long-time customers of the Bank. The Company seeks to underwrite loans with conservative standards for cash flows, debt service coverage and LTV. Owner-occupied properties comprised 20% of the CRE loans as of both December 31, 2025 and 2024. The remainder were non-owner-occupied properties, where 50% or more of the debt service for the loan is typically provided by rental income from an unaffiliated third party.Interest rates on CRE loans may be fixed, variable or hybrid. The Company offers derivative hedging produ",https://www.sec.gov/Archives/edgar/data/1069157/000106915726000009/ewbc-20251231.htm
EWBC,10-Q,2026-06-30,Washington,136083,"-01-012026-06-300001069157ewbc:CommercialBankingMember2026-01-012026-06-300001069157ewbc:TreasuryAndOtherMember2026-01-012026-06-300001069157ewbc:ConsumerandBusinessBankingMember2025-01-012025-06-300001069157ewbc:CommercialBankingMember2025-01-012025-06-300001069157ewbc:TreasuryAndOtherMember2025-01-012025-06-30UNITED STATESSECURITIES AND EXCHANGE COMMISSIONWashington, D.C. 20549FORM 10-Q ☒ QUARTERLY REPORT PURSUANT TO SECTION 13 OR 15(d) OF THE SECURITIES EXCHANGE ACT OF 1934For the quarterly period ended June 30, 2026 or☐ TRANSITION REPORT PURSUANT TO SECTION 13 OR 15(d) OF THE SECURITIES EXCHANGE ACT OF 1934For the transition period from toCommission file number 000-24939 EAST WEST BANCORP, INC. (Exact name of registr",https://www.sec.gov/Archives/edgar/data/1069157/000106915726000044/ewbc-20260630.htm
EWBC,10-Q,2026-06-30,Washington,359140,"ntial%Construction and Land%Total CRE%Geographic markets:Southern California$8,173,183 52%$2,433,549 46%$332,112 40%$10,938,844 50%Northern California2,750,901 18%917,196 18%158,010 19%3,826,107 18%California10,924,084 70%3,350,745 64%490,122 59%14,764,951 68%Texas1,137,039 7%556,975 11%125,632 15%1,819,646 8%New York826,576 5%333,590 6%54,547 7%1,214,713 6%Washington519,092 4%157,294 3%30,220 4%706,606 3%Arizona292,323 2%236,778 4%36,857 4%565,958 3%Nevada322,503 2%157,790 3%9,181 1%489,474 2%Other markets1,563,993 10%458,384 9%85,263 10%2,107,640 10%Total loans $15,585,610 100%$5,251,556 100%$831,822 100%$21,668,988 100%December 31, 2025($ in thousands)CRE%Multifamily Residential%Construction and Land%Total CRE%Geograp",https://www.sec.gov/Archives/edgar/data/1069157/000106915726000044/ewbc-20260630.htm
EWBC,10-Q,2026-06-30,Washington,359825,"ntial%Construction and Land%Total CRE%Geographic markets:Southern California$7,908,374 51%$2,387,149 47%$252,265 34%$10,547,788 50%Northern California2,760,043 18%914,479 18%149,090 20%3,823,612 18%California10,668,417 69%3,301,628 65%401,355 54%14,371,400 68%Texas1,129,088 7%488,276 10%154,241 21%1,771,605 8%New York831,276 6%349,909 7%35,397 5%1,216,582 6%Washington504,643 3%158,186 3%14,036 2%676,865 3%Arizona339,272 2%205,264 4%38,192 5%582,728 3%Nevada321,332 2%160,103 3%883 0%482,318 2%Other markets1,613,060 11%448,962 8%98,253 13%2,160,275 10%Total loans$15,407,088 100%$5,112,328 100%$742,357 100%$21,261,773 100%82The percentage of total CRE loans located in California was 68% as of both June 30, 2026 and December",https://www.sec.gov/Archives/edgar/data/1069157/000106915726000044/ewbc-20260630.htm
EWBC,10-Q,2026-06-30,Washington,363811,"en priority as of June 30, 2026 and December 31, 2025:June 30, 2026($ in thousands)SFR%Home equity loans%Total Residential Mortgage%Geographic markets:Southern California$6,243,581 41%$994,949 49%$7,238,530 42%Northern California2,104,859 14%414,359 20%2,519,218 14%California8,348,440 55%1,409,308 69%9,757,748 56%New York3,973,957 26%304,081 15%4,278,038 25%Washington809,071 5%185,534 9%994,605 6%Massachusetts580,895 4%70,406 3%651,301 4%Georgia554,612 4%27,975 2%582,587 3%Nevada527,872 3%40,413 2%568,285 3%Texas523,030 3%— —%523,030 3%Other markets18,432 0%1,568 0%20,000 0%Total$15,336,309 100%$2,039,285 100%$17,375,594 100%Lien priority:First mortgage$15,336,309 100%$1,423,969 70%$16,760,278 96%Junior lien mortgage— —%",https://www.sec.gov/Archives/edgar/data/1069157/000106915726000044/ewbc-20260630.htm
EWBC,10-Q,2026-06-30,Washington,364756,"92 10%Total$15,336,309 100%$— —%$15,336,309 100%84December 31, 2025($ in thousands)SFR%Home equity loans%Total Residential Mortgage%Geographic markets:Southern California$6,031,124 40%$914,803 48%$6,945,927 41%Northern California2,026,767 14%392,461 20%2,419,228 14%California8,057,891 54%1,307,264 68%9,365,155 55%New York4,067,708 27%286,995 15%4,354,703 26%Washington761,739 5%188,146 10%949,885 6%Massachusetts566,462 4%68,375 4%634,837 4%Georgia520,039 3%21,500 1%541,539 3%Nevada493,670 3%38,072 2%531,742 3%Texas513,038 4%— —%513,038 3%Other markets22,002 0%1,545 0%23,547 0%Total$15,002,549 100%$1,911,897 100%$16,914,446 100%Lien priority:First mortgage$15,002,549 100%$1,337,066 70%$16,339,615 97%Junior lien mortgage— —",https://www.sec.gov/Archives/edgar/data/1069157/000106915726000044/ewbc-20260630.htm
EWBC,10-Q,2026-06-30,commercial real estate,174354,"f assets that were still held and had fair value adjustments measured on a nonrecurring basis as of June 30, 2026 and December 31, 2025:Assets Measured at Fair Value on a Nonrecurring Basisas of June 30, 2026($ in thousands)Level 1Level 2Level 3Fair Value MeasurementsLoans held-for-investment:Commercial:Commercial and industrial (“C&I”)$— $— $12,162 $12,162 Commercial real estate (“CRE”):CRE— — 30,740 30,740 Total loans held-for-investment$— $— $42,902 $42,902 Loans held-for-sale$— $6,304 $— $6,304 OREO (1)$— $— $4,508 $4,508 Assets Measured at Fair Value on a Nonrecurring Basisas of December 31, 2025($ in thousands)Level 1Level 2Level 3Fair Value MeasurementsLoans held-for-investment:Commercial:C&I$— $— $5,916 $5,916 CRE:CRE— — 13,",https://www.sec.gov/Archives/edgar/data/1069157/000106915726000044/ewbc-20260630.htm
EWBC,10-Q,2026-06-30,commercial real estate,316886,"greements”) 425,000 1,624 1.53%425,000 1,624 1.53%Debt securities:AFS (2)(3)14,441,915 158,285 4.40%12,435,531 141,496 4.56%Held-to-maturity (“HTM”) (2)2,849,553 12,044 1.70%2,896,410 12,292 1.70%Total debt securities (2)17,291,468 170,329 3.95%15,331,941 153,788 4.02%Loans:Commercial and industrial (“C&I”) (2)19,452,052 304,621 6.28%17,363,095 303,791 7.02%Commercial real estate (“CRE”) (2)21,550,542 320,535 5.97%20,535,145 319,666 6.24%Residential mortgage17,173,833 248,541 5.80%16,336,054 241,666 5.93%Other consumer53,075 792 5.98%47,138 572 4.86%Total loans (2)(4)(5)58,229,502 874,489 6.02%54,281,432 865,695 6.40%Restricted equity securities157,737 3,165 8.05%165,716 2,957 7.16%Total interest-earning assets$80,089,545 $1,080,823",https://www.sec.gov/Archives/edgar/data/1069157/000106915726000044/ewbc-20260630.htm
EWBC,10-Q,2026-06-30,commercial real estate,357182,"886 3%703,769 4%Hospitality & leisure644,767 3%646,926 3%Equipment finance577,935 3%447,117 2%Oil & gas565,313 3%595,102 3%Art finance442,139 2%503,326 3%Consumer finance324,288 2%262,728 1%General & other3,733,847 19%3,720,968 (1)20%Total C&I$19,862,701 100%$18,650,755 100%(1)Prior period balances have been reclassified for comparability.Commercial — Total Commercial Real Estate Loans. The total CRE portfolio consists of CRE, multifamily residential, and construction and land loans. The Company’s underwriting parameters for CRE loans are established in compliance with supervisory guidance, and include property type, geography and loan-to-value (“LTV”).81The Company’s total CRE loan portfolio is well-diversified by property type wit",https://www.sec.gov/Archives/edgar/data/1069157/000106915726000044/ewbc-20260630.htm
EWBC,10-Q,2026-06-30,commercial real estate,360681,"se loans and the required level of allowance for loan losses. For additional information related to the higher degree of risk from a downturn in California’s economic and real estate markets, see Item 1A. Risk Factors — Risks Related to Geographic and Political Uncertainties and Risks Related to Financial Matters in the Company’s 2025 Form 10-K.Commercial — Commercial Real Estate Loans. The Company focuses on providing financing to experienced real estate investors and developers with moderate levels of leverage, many of whom are long-time customers of the Bank. The Company seeks to underwrite loans with conservative standards for cash flows, debt service coverage and LTV. Owner-occupied properties comprised 20% of the CRE loans as ",https://www.sec.gov/Archives/edgar/data/1069157/000106915726000044/ewbc-20260630.htm
EWBC,10-Q,2026-06-30,commercial real estate,432113,on-PCDNon-purchased credit deterioratedC&ICommercial and industrial NRSRONationally recognized statistical rating organizationsCET1Common equity tier 1OREOOther real estate ownedCMEChicago Mercantile ExchangePAMProportional amortization methodCODMChief operating decision makerPDProbability of defaultCRACommunity Reinvestment ActROAReturn on average assetsCRECommercial real estateROAEReturn on average common equityEPSEarnings per shareROATCEReturn on average tangible common equityERMEnterprise risk management ROCRisk Oversight CommitteeEVEEconomic value of equityRPACredit risk participation agreementsFDICFederal Deposit Insurance CorporationRSURestricted stock unitFHLBFederal Home Loan BankSBLCStandby letter of creditFRBFederal Reser,https://www.sec.gov/Archives/edgar/data/1069157/000106915726000044/ewbc-20260630.htm
EWBC,10-Q,2026-06-30,concentration,356063,"primarily included in the capital call, general & other, and financial services industries, and is diversified across business credit, private equity, and mortgage credit facilities. The majority of the C&I loans had variable interest rates as of both June 30, 2026 and December 31, 2025.The C&I portfolio is well-diversified by industry. The Company monitors concentrations within the C&I loan portfolio by industry and customer exposure, and maintains exposure limits by industry and loan product. The following table presents the industry mix within the Company’s C&I loan portfolio as of June 30, 2026 and December 31, 2025:June 30, 2026December 31, 2025($ in thousands)Amount%Amount%Industry:Capital call lending$2,500,675 13%$1",https://www.sec.gov/Archives/edgar/data/1069157/000106915726000044/ewbc-20260630.htm
EWBC,10-Q,2026-06-30,concentration,382299,"manages credit policy for the line of business transactional credit risk, assuring that all exposure is risk-rated according to the requirements of the credit risk rating policy. The Senior Credit Supervision function, in connection with the ERM function, also evaluates and reports the overall credit risk exposure to senior management and the ROC, including concentration limits and key risk indicators. Reporting directly to the Board’s Audit Committee, the IAR function provides additional validation support to the Company’s robust credit risk management culture by performing an independent and objective assessment of underwriting and documentation quality, and serves as an assurance function for the risk rating of the Compa",https://www.sec.gov/Archives/edgar/data/1069157/000106915726000044/ewbc-20260630.htm
EWBC,10-Q,2026-06-30,concentration,417217," derivative contracts. This counterparty credit risk is a multi-dimensional form of risk, affected by both the exposure and credit quality of the counterparty, both of which are sensitive to market-induced changes. The Company’s Credit Risk Management Committee provides oversight of credit risk, and the Company has guidelines in place to manage counterparty concentration, tenor limits, and collateral. The Company manages the credit risk of its derivative positions by diversifying its positions among various counterparties, by entering into legally enforceable master netting agreements, and by requiring collateral arrangements, where possible. The Company may also transfer counterparty credit risk related to interest rate sw",https://www.sec.gov/Archives/edgar/data/1069157/000106915726000044/ewbc-20260630.htm
EWBC,10-Q,2026-06-30,multifamily,59973,LoanMemberus-gaap:CommercialPortfolioSegmentMember2026-06-300001069157ewbc:CommercialAndIndustrialLoanMemberus-gaap:CommercialPortfolioSegmentMember2025-12-310001069157us-gaap:CommercialRealEstateMemberus-gaap:CommercialPortfolioSegmentMember2026-06-300001069157us-gaap:CommercialRealEstateMemberus-gaap:CommercialPortfolioSegmentMember2025-12-310001069157srt:MultifamilyMemberus-gaap:CommercialPortfolioSegmentMember2026-06-300001069157srt:MultifamilyMemberus-gaap:CommercialPortfolioSegmentMember2025-12-310001069157ewbc:ConstructionAndLandLoanMemberus-gaap:CommercialPortfolioSegmentMember2026-06-300001069157ewbc:ConstructionAndLandLoanMemberus-gaap:CommercialPortfolioSegmentMember2025-12-310001069157ewbc:TotalCommercialRealE,https://www.sec.gov/Archives/edgar/data/1069157/000106915726000044/ewbc-20260630.htm
EWBC,10-Q,2026-06-30,multifamily,62709,ommercialRealEstateMember2026-06-300001069157ewbc:CriticizedNonaccrualMemberus-gaap:CommercialPortfolioSegmentMemberus-gaap:CommercialRealEstateMember2026-06-300001069157ewbc:GrossWriteoffMemberus-gaap:CommercialPortfolioSegmentMemberus-gaap:CommercialRealEstateMember2026-01-012026-06-300001069157us-gaap:PassMemberus-gaap:CommercialPortfolioSegmentMembersrt:MultifamilyMember2026-06-300001069157ewbc:CriticizedAccrualMemberus-gaap:CommercialPortfolioSegmentMembersrt:MultifamilyMember2026-06-300001069157ewbc:CriticizedNonaccrualMemberus-gaap:CommercialPortfolioSegmentMembersrt:MultifamilyMember2026-06-300001069157us-gaap:PassMemberus-gaap:CommercialPortfolioSegmentMemberewbc:ConstructionAndLandLoanMember2026-06-300001069157e,https://www.sec.gov/Archives/edgar/data/1069157/000106915726000044/ewbc-20260630.htm
EWBC,10-Q,2026-06-30,multifamily,66069,ommercialRealEstateMember2025-12-310001069157ewbc:CriticizedNonaccrualMemberus-gaap:CommercialPortfolioSegmentMemberus-gaap:CommercialRealEstateMember2025-12-310001069157ewbc:GrossWriteoffMemberus-gaap:CommercialPortfolioSegmentMemberus-gaap:CommercialRealEstateMember2025-01-012025-12-310001069157us-gaap:PassMemberus-gaap:CommercialPortfolioSegmentMembersrt:MultifamilyMember2025-12-310001069157ewbc:CriticizedAccrualMemberus-gaap:CommercialPortfolioSegmentMembersrt:MultifamilyMember2025-12-310001069157ewbc:CriticizedNonaccrualMemberus-gaap:CommercialPortfolioSegmentMembersrt:MultifamilyMember2025-12-310001069157ewbc:GrossWriteoffMemberus-gaap:CommercialPortfolioSegmentMembersrt:MultifamilyMember2025-01-012025-12-3100010691,https://www.sec.gov/Archives/edgar/data/1069157/000106915726000044/ewbc-20260630.htm
EWBC,10-Q,2026-06-30,multifamily,70272,001069157us-gaap:CommercialPortfolioSegmentMemberus-gaap:FinancialAssetPastDueMemberus-gaap:CommercialRealEstateMember2026-06-300001069157us-gaap:CommercialPortfolioSegmentMemberus-gaap:NonperformingFinancingReceivableMemberus-gaap:CommercialRealEstateMember2026-06-300001069157us-gaap:CommercialPortfolioSegmentMemberus-gaap:FinancialAssetNotPastDueMembersrt:MultifamilyMember2026-06-300001069157us-gaap:CommercialPortfolioSegmentMemberus-gaap:FinancingReceivables30To59DaysPastDueMembersrt:MultifamilyMember2026-06-300001069157us-gaap:CommercialPortfolioSegmentMemberus-gaap:FinancingReceivables60To89DaysPastDueMembersrt:MultifamilyMember2026-06-300001069157us-gaap:CommercialPortfolioSegmentMemberus-gaap:FinancialAssetPastDueM,https://www.sec.gov/Archives/edgar/data/1069157/000106915726000044/ewbc-20260630.htm
EWBC,10-Q,2026-06-30,multifamily,70652,6-06-300001069157us-gaap:CommercialPortfolioSegmentMemberus-gaap:FinancingReceivables30To59DaysPastDueMembersrt:MultifamilyMember2026-06-300001069157us-gaap:CommercialPortfolioSegmentMemberus-gaap:FinancingReceivables60To89DaysPastDueMembersrt:MultifamilyMember2026-06-300001069157us-gaap:CommercialPortfolioSegmentMemberus-gaap:FinancialAssetPastDueMembersrt:MultifamilyMember2026-06-300001069157us-gaap:CommercialPortfolioSegmentMemberus-gaap:NonperformingFinancingReceivableMembersrt:MultifamilyMember2026-06-300001069157us-gaap:CommercialPortfolioSegmentMemberus-gaap:FinancialAssetNotPastDueMemberewbc:ConstructionAndLandLoanMember2026-06-300001069157us-gaap:CommercialPortfolioSegmentMemberus-gaap:FinancingReceivables30To59D,https://www.sec.gov/Archives/edgar/data/1069157/000106915726000044/ewbc-20260630.htm
EWBC,10-Q,2026-06-30,multifamily,78425,001069157us-gaap:CommercialPortfolioSegmentMemberus-gaap:FinancialAssetPastDueMemberus-gaap:CommercialRealEstateMember2025-12-310001069157us-gaap:CommercialPortfolioSegmentMemberus-gaap:NonperformingFinancingReceivableMemberus-gaap:CommercialRealEstateMember2025-12-310001069157us-gaap:CommercialPortfolioSegmentMemberus-gaap:FinancialAssetNotPastDueMembersrt:MultifamilyMember2025-12-310001069157us-gaap:CommercialPortfolioSegmentMemberus-gaap:FinancingReceivables30To59DaysPastDueMembersrt:MultifamilyMember2025-12-310001069157us-gaap:CommercialPortfolioSegmentMemberus-gaap:FinancingReceivables60To89DaysPastDueMembersrt:MultifamilyMember2025-12-310001069157us-gaap:CommercialPortfolioSegmentMemberus-gaap:FinancialAssetPastDueM,https://www.sec.gov/Archives/edgar/data/1069157/000106915726000044/ewbc-20260630.htm
EWBC,10-Q,2026-06-30,multifamily,78805,5-12-310001069157us-gaap:CommercialPortfolioSegmentMemberus-gaap:FinancingReceivables30To59DaysPastDueMembersrt:MultifamilyMember2025-12-310001069157us-gaap:CommercialPortfolioSegmentMemberus-gaap:FinancingReceivables60To89DaysPastDueMembersrt:MultifamilyMember2025-12-310001069157us-gaap:CommercialPortfolioSegmentMemberus-gaap:FinancialAssetPastDueMembersrt:MultifamilyMember2025-12-310001069157us-gaap:CommercialPortfolioSegmentMemberus-gaap:NonperformingFinancingReceivableMembersrt:MultifamilyMember2025-12-310001069157us-gaap:CommercialPortfolioSegmentMemberus-gaap:FinancialAssetNotPastDueMemberewbc:ConstructionAndLandLoanMember2025-12-310001069157us-gaap:CommercialPortfolioSegmentMemberus-gaap:FinancingReceivables30To59D,https://www.sec.gov/Archives/edgar/data/1069157/000106915726000044/ewbc-20260630.htm
EWBC,10-Q,2026-06-30,multifamily,94318,ialPortfolioSegmentMemberewbc:ContractualInterestRateReductionExtendedMaturityAndPaymentDeferralMemberus-gaap:CommercialRealEstateMember2025-04-012025-06-300001069157us-gaap:CommercialRealEstateMemberus-gaap:CommercialPortfolioSegmentMember2025-04-012025-06-300001069157us-gaap:CommercialPortfolioSegmentMemberus-gaap:ContractualInterestRateReductionMembersrt:MultifamilyMember2025-04-012025-06-300001069157us-gaap:CommercialPortfolioSegmentMemberus-gaap:ExtendedMaturityMembersrt:MultifamilyMember2025-04-012025-06-300001069157us-gaap:CommercialPortfolioSegmentMemberus-gaap:PaymentDeferralMembersrt:MultifamilyMember2025-04-012025-06-300001069157us-gaap:CommercialPortfolioSegmentMemberewbc:ExtendedMaturityAndPaymentDeferralMemb,https://www.sec.gov/Archives/edgar/data/1069157/000106915726000044/ewbc-20260630.htm
EWBC,10-Q,2026-06-30,office,136700,"4For the transition period from toCommission file number 000-24939 EAST WEST BANCORP, INC. (Exact name of registrant as specified in its charter)Delaware (State or other jurisdiction of incorporation or organization)95-4703316 (I.R.S. Employer Identification No.)135 North Los Robles Ave., 7th Floor, Pasadena, California 91101 (Address of principal executive offices) (Zip Code)Registrant’s telephone number, including area code:(626) 768-6000 Securities registered pursuant to Section 12(b) of the Act: Title of each classTrading Symbol(s)Name of each exchange on which registeredCommon Stock, par value $0.001 per shareEWBCThe Nasdaq Global Select Market Indicate by check mark whether the registrant (1) has filed all repo",https://www.sec.gov/Archives/edgar/data/1069157/000106915726000044/ewbc-20260630.htm
EWBC,10-Q,2026-06-30,office,143274,"real estate markets;•changes in consumer or commercial spending, savings and borrowing habits, patterns and behaviors;•the Company’s ability to compete effectively against financial institutions and other entities, including as a result of emerging technologies;•the success and timing of the Company’s business strategies;•the Company’s ability to retain key officers and employees;•changes in market interest rates, competition, regulatory requirements and product mix;•changes in the Company’s costs of operation, compliance and expansion;•disruption, failure in, or breach of, the Company’s operational or security systems or infrastructure, or those of third-party vendors with which the Company does business, including ",https://www.sec.gov/Archives/edgar/data/1069157/000106915726000044/ewbc-20260630.htm
EWBC,10-Q,2026-06-30,office,289461,"operations into three reportable operating segments: (1) Consumer and Business Banking; (2) Commercial Banking; and (3) Treasury and Other. These segments are defined based on customer type, the channels through which customers are served, and the products and services provided. The chief operating decision maker (“CODM”) is the Chairman and Chief Executive Officer of the Company. The CODM regularly reviews the Company’s operating results to allocate resources and assess performance. Operating segment results are also based on the Company’s internal management reporting process, which reflects the allocations of certain balance sheet and income statement line items. The CODM uses certain performance measures such as ",https://www.sec.gov/Archives/edgar/data/1069157/000106915726000044/ewbc-20260630.htm
EWBC,10-Q,2026-06-30,office,358066,"E loans by property type as of June 30, 2026 and December 31, 2025:June 30, 2026December 31, 2025($ in thousands)Amount%Weighted-average LTV (%) (1)Amount%Weighted-average LTV (%) (1)Property types:Multifamily$5,251,556 24%50%$5,112,328 24%50%Retail4,615,201 21%47%4,509,328 21%47%Industrial4,109,249 19%46%4,213,307 20%46%Hotel2,537,652 12%51%2,482,765 12%51%Office2,295,524 11%53%2,233,910 11%52%Healthcare934,586 4%51%858,653 4%51%Construction and land831,822 4%50%742,357 3%51%Other1,093,398 5%48%1,109,125 5%49%Total CRE loans$21,668,988 100%49%$21,261,773 100%49%(1)Weighted-average LTV is based on most recent LTV, using the most recent available appraisal and current loan commitment.The following tables provide a sum",https://www.sec.gov/Archives/edgar/data/1069157/000106915726000044/ewbc-20260630.htm
EWBC,10-Q,2026-06-30,office,372264,"lity due to a change in allocation methodology.(2)Deposits of our Hong Kong branch and China subsidiary bank branches are a subset of Commercial Banking segment deposits.(3)Treasury and Other segment deposits reflect wholesale, public funds, and brokered deposits, primarily managed by the Company’s Treasury department.87Customer deposit accounts in the U.S. offices are insured by the FDIC for up to $250,000 per depositor, per ownership category. Management believes that presenting uninsured domestic deposits with an adjustment to exclude collateralized and affiliate deposits provides a more accurate view of the deposits at risk, given that collateralized deposits are secured, and affiliate deposits are not customer-f",https://www.sec.gov/Archives/edgar/data/1069157/000106915726000044/ewbc-20260630.htm
EWBC,10-Q,2026-06-30,office,379029,"rrent and emerging risks inherent to the Company. The Company’s ERM program incorporates risk management throughout the organization in identifying, managing, monitoring, and reporting risks. It identifies the Company’s major risk categories as: credit, liquidity, market, operational, reputational, legal, compliance, Bank Secrecy Act/Anti-Money Laundering & Office of Foreign Assets Control, strategic, and technology risk.The Risk Oversight Committee (“ROC”) of the Board of Directors monitors the ERM program through such identified enterprise risk categories and provides oversight of the Company’s risk appetite and control environment. The ROC provides focused oversight of the Company’s identified enterprise risk cate",https://www.sec.gov/Archives/edgar/data/1069157/000106915726000044/ewbc-20260630.htm
EWBC,10-Q,2026-06-30,office,380046,"or a consistent and standardized risk management control environment across the enterprise. The first line of defense is comprised of revenue generating, operational and support units. The second line of defense is comprised of risk management and control functions that provide independent risk oversight of first line activities and report to the Chief Risk Officer. The Chief Risk Officer reports to both the ROC and the Chief Executive Officer. The third line of defense is comprised of the Internal Audit and Independent Asset Review (“IAR”) functions. Internal Audit reports to the Chief Audit Executive (“CAE”), who reports to the Board’s Audit Committee. Internal Audit provides assurance and evaluates the effectivene",https://www.sec.gov/Archives/edgar/data/1069157/000106915726000044/ewbc-20260630.htm
EWBC,10-Q,2026-06-30,office,424554,"Management in this Form 10-Q.ITEM 4. CONTROLS AND PROCEDURESDisclosure Controls and ProceduresAs of June 30, 2026, pursuant to Rule 13a-15(b) of the Securities Exchange Act of 1934, as amended (the “Exchange Act”), the Company conducted an evaluation, under the supervision and with the participation of the Company’s management, including the Chief Executive Officer and Chief Financial Officer, of the effectiveness of the Company’s disclosure controls and procedures (as defined in Rule 13a-15(e) of the Exchange Act). Based upon that evaluation, the Company’s Chief Executive Officer and Chief Financial Officer concluded that the Company’s disclosure controls and procedures were effective as of June 30, 2026.The Company",https://www.sec.gov/Archives/edgar/data/1069157/000106915726000044/ewbc-20260630.htm
EWBC,10-Q,2026-06-30,owner-occupied,361003,"Company’s 2025 Form 10-K.Commercial — Commercial Real Estate Loans. The Company focuses on providing financing to experienced real estate investors and developers with moderate levels of leverage, many of whom are long-time customers of the Bank. The Company seeks to underwrite loans with conservative standards for cash flows, debt service coverage and LTV. Owner-occupied properties comprised 20% of the CRE loans as of both June 30, 2026 and December 31, 2025. The remainder were non-owner-occupied properties, where 50% or more of the debt service for the loan is typically provided by rental income from an unaffiliated third party.Interest rates on CRE loans may be fixed, variable or hybrid. The Company offers derivative hedg",https://www.sec.gov/Archives/edgar/data/1069157/000106915726000044/ewbc-20260630.htm
FSBW,10-K,2025-12-31,Bellevue,127544,"f December 31, 2025, the Company conducted operations from its headquarters, which provides both loan and deposit services, 13 loan production offices (seven of which were stand-alone), 27 full-service bank branches in the Puget Sound region of Washington, and various locations in Oregon. The primary market area for business operations is the Seattle-Tacoma-Bellevue, Washington Metropolitan Statistical Area (the “Seattle MSA”), which includes King and Pierce Counties. The broader Puget Sound region consists of nine counties: King, Pierce, Snohomish, Kitsap, Lewis, Skagit, Island, Thurston, and Mason. The Puget Sound region is the largest business center in both the State of Washington and the Pacific Northwest. It incl",https://www.sec.gov/Archives/edgar/data/1530249/000143774926008243/fsbw20251231_10k.htm
FSBW,10-K,2025-12-31,King County,124349,"ative office in Aberdeen, Washington. The Bank also operates 27 full-service bank branches, of which 22 are located in Washington state and five in Oregon state, and 13 loan production offices in suburban communities in the greater Puget Sound and Pacific Northwest area. Among the 22 full-service branches in Washington, three are in Snohomish County, two in King County, two in Clallam County, two in Jefferson County, two in Pierce County, five in Grays Harbor County, two in Thurston County, two in Kitsap County, and two in Klickitat County. Furthermore, five full-service branches are located in Oregon: two in Lincoln County, two in Tillamook County, and one in Malheur County. Our 13 loan production offices include seven s",https://www.sec.gov/Archives/edgar/data/1530249/000143774926008243/fsbw20251231_10k.htm
FSBW,10-K,2025-12-31,King County,124769," two in Pierce County, five in Grays Harbor County, two in Thurston County, two in Kitsap County, and two in Klickitat County. Furthermore, five full-service branches are located in Oregon: two in Lincoln County, two in Tillamook County, and one in Malheur County. Our 13 loan production offices include seven stand-alone offices: two in Pierce County, one in King County, one in Kitsap County, and one in Snohomish County in the Puget Sound region, as well as one in Benton County in Eastern Washington, and our newest office in Clark County, in Southwest Washington. The Company is a diversified lender that specializes in originating various types of loans, including commercial real estate (“CRE”), multi-family, construction, ",https://www.sec.gov/Archives/edgar/data/1530249/000143774926008243/fsbw20251231_10k.htm
FSBW,10-K,2025-12-31,King County,128941,"ent, and deep-water port facilities that support substantial international trade. Tourism is also an important contributor to the regional economy due to the area’s natural beauty, temperate climate, and accessibility. Within the nine-county Puget Sound region, four counties: King, Pierce, Snohomish, and Kitsap, constitute the Company's primary market area. King County, home to the city of Seattle, has the region's largest employment base and widest economic breadth, with major employers, including Microsoft, the University of Washington, Amazon.com, King County Government, Starbucks, and Costco. Pierce County, the region’s second most populous county, features a diversified economy that includes military-related federal ",https://www.sec.gov/Archives/edgar/data/1530249/000143774926008243/fsbw20251231_10k.htm
FSBW,10-K,2025-12-31,King County,130479,"rton. Major private-sector employers in the county include St. Michael Medical Center/Franciscan Medical Group and Port Madison Enterprises. As of December 31, 2025, the unemployment rate in Washington was an estimated 4.7%, slightly exceeding the national average of 4.4%, according to data from the U.S. Bureau of Labor Statistics. Within specific counties, King County reported an estimated unemployment rate of 4.9%, marking an increase from 3.0% in the preceding year. Pierce County recorded a 5.5% unemployment rate as of December 31, 2025, compared to 5.4% at December 31, 2024. Snohomish County experienced an increase in its unemployment rate to 5.1% at the close of 2025, up from 3.2% at the end of 2024. Kitsap County no",https://www.sec.gov/Archives/edgar/data/1530249/000143774926008243/fsbw20251231_10k.htm
FSBW,10-K,2025-12-31,Marin,13675,s-gaap:ResidentialPortfolioSegmentMember2025-12-31 0001530249us-gaap:ResidentialPortfolioSegmentMember2024-12-31 0001530249us-gaap:ConsumerPortfolioSegmentMemberfsbw:IndirectHomeImprovementLoanMember2025-12-31 0001530249us-gaap:ConsumerPortfolioSegmentMemberfsbw:IndirectHomeImprovementLoanMember2024-12-31 0001530249us-gaap:ConsumerPortfolioSegmentMemberfsbw:MarineLoansMember2025-12-31 0001530249us-gaap:ConsumerPortfolioSegmentMemberfsbw:MarineLoansMember2024-12-31 0001530249us-gaap:ConsumerPortfolioSegmentMemberfsbw:OtherConsumerLoanMember2025-12-31 0001530249us-gaap:ConsumerPortfolioSegmentMemberfsbw:OtherConsumerLoanMember2024-12-31 0001530249us-gaap:ConsumerPortfolioSegmentMember2025-12-31 0001530249us-gaap:Consu,https://www.sec.gov/Archives/edgar/data/1530249/000143774926008243/fsbw20251231_10k.htm
FSBW,10-K,2025-12-31,Marin,26716,reaterThan90DaysPastDueMember2025-12-31 0001530249us-gaap:ConsumerPortfolioSegmentMemberfsbw:IndirectHomeImprovementLoanMemberus-gaap:FinancialAssetPastDueMember2025-12-31 0001530249us-gaap:ConsumerPortfolioSegmentMemberfsbw:IndirectHomeImprovementLoanMemberus-gaap:FinancialAssetNotPastDueMember2025-12-31 0001530249us-gaap:ConsumerPortfolioSegmentMemberfsbw:MarineLoansMemberus-gaap:FinancingReceivables30To59DaysPastDueMember2025-12-31 0001530249us-gaap:ConsumerPortfolioSegmentMemberfsbw:MarineLoansMemberus-gaap:FinancingReceivables60To89DaysPastDueMember2025-12-31 0001530249us-gaap:ConsumerPortfolioSegmentMemberfsbw:MarineLoansMemberus-gaap:FinancingReceivablesEqualToGreaterThan90DaysPastDueMember2025-12-31 00015302,https://www.sec.gov/Archives/edgar/data/1530249/000143774926008243/fsbw20251231_10k.htm
FSBW,10-K,2025-12-31,Marin,27126,9DaysPastDueMember2025-12-31 0001530249us-gaap:ConsumerPortfolioSegmentMemberfsbw:MarineLoansMemberus-gaap:FinancingReceivables60To89DaysPastDueMember2025-12-31 0001530249us-gaap:ConsumerPortfolioSegmentMemberfsbw:MarineLoansMemberus-gaap:FinancingReceivablesEqualToGreaterThan90DaysPastDueMember2025-12-31 0001530249us-gaap:ConsumerPortfolioSegmentMemberfsbw:MarineLoansMemberus-gaap:FinancialAssetPastDueMember2025-12-31 0001530249us-gaap:ConsumerPortfolioSegmentMemberfsbw:MarineLoansMemberus-gaap:FinancialAssetNotPastDueMember2025-12-31 0001530249us-gaap:ConsumerPortfolioSegmentMemberfsbw:OtherConsumerLoanMemberus-gaap:FinancingReceivables30To59DaysPastDueMember2025-12-31 0001530249us-gaap:ConsumerPortfolioSegmentMem,https://www.sec.gov/Archives/edgar/data/1530249/000143774926008243/fsbw20251231_10k.htm
FSBW,10-K,2025-12-31,Marin,38108,reaterThan90DaysPastDueMember2024-12-31 0001530249us-gaap:ConsumerPortfolioSegmentMemberfsbw:IndirectHomeImprovementLoanMemberus-gaap:FinancialAssetPastDueMember2024-12-31 0001530249us-gaap:ConsumerPortfolioSegmentMemberfsbw:IndirectHomeImprovementLoanMemberus-gaap:FinancialAssetNotPastDueMember2024-12-31 0001530249us-gaap:ConsumerPortfolioSegmentMemberfsbw:MarineLoansMemberus-gaap:FinancingReceivables30To59DaysPastDueMember2024-12-31 0001530249us-gaap:ConsumerPortfolioSegmentMemberfsbw:MarineLoansMemberus-gaap:FinancingReceivables60To89DaysPastDueMember2024-12-31 0001530249us-gaap:ConsumerPortfolioSegmentMemberfsbw:MarineLoansMemberus-gaap:FinancingReceivablesEqualToGreaterThan90DaysPastDueMember2024-12-31 00015302,https://www.sec.gov/Archives/edgar/data/1530249/000143774926008243/fsbw20251231_10k.htm
FSBW,10-K,2025-12-31,Marin,38518,9DaysPastDueMember2024-12-31 0001530249us-gaap:ConsumerPortfolioSegmentMemberfsbw:MarineLoansMemberus-gaap:FinancingReceivables60To89DaysPastDueMember2024-12-31 0001530249us-gaap:ConsumerPortfolioSegmentMemberfsbw:MarineLoansMemberus-gaap:FinancingReceivablesEqualToGreaterThan90DaysPastDueMember2024-12-31 0001530249us-gaap:ConsumerPortfolioSegmentMemberfsbw:MarineLoansMemberus-gaap:FinancialAssetPastDueMember2024-12-31 0001530249us-gaap:ConsumerPortfolioSegmentMemberfsbw:MarineLoansMemberus-gaap:FinancialAssetNotPastDueMember2024-12-31 0001530249us-gaap:ConsumerPortfolioSegmentMemberfsbw:OtherConsumerLoanMemberus-gaap:FinancingReceivables30To59DaysPastDueMember2024-12-31 0001530249us-gaap:ConsumerPortfolioSegmentMem,https://www.sec.gov/Archives/edgar/data/1530249/000143774926008243/fsbw20251231_10k.htm
FSBW,10-K,2025-12-31,Marin,44972,gmentMemberfsbw:IndirectHomeImprovementLoanMemberus-gaap:PassMember2025-12-31 0001530249us-gaap:ConsumerPortfolioSegmentMemberfsbw:IndirectHomeImprovementLoanMemberus-gaap:SubstandardMember2025-12-31 0001530249us-gaap:ConsumerPortfolioSegmentMemberfsbw:IndirectHomeImprovementLoanMember2025-01-012025-12-31 0001530249us-gaap:ConsumerPortfolioSegmentMemberfsbw:MarineLoansMemberus-gaap:PassMember2025-12-31 0001530249us-gaap:ConsumerPortfolioSegmentMemberfsbw:MarineLoansMemberus-gaap:SubstandardMember2025-12-31 0001530249us-gaap:ConsumerPortfolioSegmentMemberfsbw:MarineLoansMember2025-01-012025-12-31 0001530249us-gaap:ConsumerPortfolioSegmentMemberfsbw:OtherConsumerLoanMemberus-gaap:PassMember2025-12-31 0001530249us-gaap,https://www.sec.gov/Archives/edgar/data/1530249/000143774926008243/fsbw20251231_10k.htm
FSBW,10-K,2025-12-31,Marin,48508,gmentMemberfsbw:IndirectHomeImprovementLoanMemberus-gaap:PassMember2024-12-31 0001530249us-gaap:ConsumerPortfolioSegmentMemberfsbw:IndirectHomeImprovementLoanMemberus-gaap:SubstandardMember2024-12-31 0001530249us-gaap:ConsumerPortfolioSegmentMemberfsbw:IndirectHomeImprovementLoanMember2024-01-012024-12-31 0001530249us-gaap:ConsumerPortfolioSegmentMemberfsbw:MarineLoansMemberus-gaap:PassMember2024-12-31 0001530249us-gaap:ConsumerPortfolioSegmentMemberfsbw:MarineLoansMemberus-gaap:SubstandardMember2024-12-31 0001530249us-gaap:ConsumerPortfolioSegmentMemberfsbw:MarineLoansMember2024-01-012024-12-31 0001530249us-gaap:ConsumerPortfolioSegmentMemberfsbw:OtherConsumerLoanMemberus-gaap:PassMember2024-12-31 0001530249us-gaap,https://www.sec.gov/Archives/edgar/data/1530249/000143774926008243/fsbw20251231_10k.htm
FSBW,10-K,2025-12-31,Marin,56973,mber2024-12-31 0001530249fsbw:OtherNonrealEstateMemberus-gaap:ConsumerPortfolioSegmentMemberfsbw:IndirectHomeImprovementLoanMember2024-12-31 0001530249fsbw:CollateralDependentLoansMemberus-gaap:ConsumerPortfolioSegmentMemberfsbw:IndirectHomeImprovementLoanMember2024-12-31 0001530249us-gaap:CommercialRealEstateMemberus-gaap:ConsumerPortfolioSegmentMemberfsbw:MarineLoansMember2025-12-31 0001530249us-gaap:ResidentialRealEstateMemberus-gaap:ConsumerPortfolioSegmentMemberfsbw:MarineLoansMember2025-12-31 0001530249fsbw:OtherNonrealEstateMemberus-gaap:ConsumerPortfolioSegmentMemberfsbw:MarineLoansMember2025-12-31 0001530249fsbw:CollateralDependentLoansMemberus-gaap:ConsumerPortfolioSegmentMemberfsbw:MarineLoansMember2025-1,https://www.sec.gov/Archives/edgar/data/1530249/000143774926008243/fsbw20251231_10k.htm
FSBW,10-K,2025-12-31,Puget Sound,122977,"it through the debt and equity markets. Accordingly, the information set forth in this Form 10–K, including the consolidated financial statements and related data, relates primarily to the Bank. ​ 1st Security Bank is a relationship-focused community bank dedicated to serving local families, regional businesses, and industry niches primarily within distinct Puget Sound and Pacific Northwest communities. The Bank prioritizes long-term relationships, working closely with customers to meet their financial needs while actively participating in community activities and events to further strengthen these connections. 1st Security Bank has been serving the Puget Sound area since 1907, including the period during which the predec",https://www.sec.gov/Archives/edgar/data/1530249/000143774926008243/fsbw20251231_10k.htm
FSBW,10-K,2025-12-31,Puget Sound,124221,"mpany maintained its headquarters, which produces loans and accepts deposits, in Mountlake Terrace, Washington, and an administrative office in Aberdeen, Washington. The Bank also operates 27 full-service bank branches, of which 22 are located in Washington state and five in Oregon state, and 13 loan production offices in suburban communities in the greater Puget Sound and Pacific Northwest area. Among the 22 full-service branches in Washington, three are in Snohomish County, two in King County, two in Clallam County, two in Jefferson County, two in Pierce County, five in Grays Harbor County, two in Thurston County, two in Kitsap County, and two in Klickitat County. Furthermore, five full-service branches are located in O",https://www.sec.gov/Archives/edgar/data/1530249/000143774926008243/fsbw20251231_10k.htm
FSBW,10-K,2025-12-31,Puget Sound,124839,"unty, two in Kitsap County, and two in Klickitat County. Furthermore, five full-service branches are located in Oregon: two in Lincoln County, two in Tillamook County, and one in Malheur County. Our 13 loan production offices include seven stand-alone offices: two in Pierce County, one in King County, one in Kitsap County, and one in Snohomish County in the Puget Sound region, as well as one in Benton County in Eastern Washington, and our newest office in Clark County, in Southwest Washington. The Company is a diversified lender that specializes in originating various types of loans, including commercial real estate (“CRE”), multi-family, construction, one-to-four-family, and home equity loans, as well as consumer loans, ",https://www.sec.gov/Archives/edgar/data/1530249/000143774926008243/fsbw20251231_10k.htm
FSBW,10-K,2025-12-31,Puget Sound,126344," its purchase of seven retail bank branches from Columbia State Bank (the “Branch Acquisition”), adding approximately $425.5 million in deposits and $66.1 million in loans. The acquired branches are located in Goldendale and White Salmon, Washington, as well as Manzanita, Newport, Ontario, Tillamook, and Waldport, Oregon. The Branch Acquisition expanded our Puget Sound-focused retail footprint into southeastern Washington and Oregon, providing an opportunity to introduce its relationship-focused community banking model to these new markets. 1st Security Bank is examined and regulated by the Washington State Department of Financial Institutions (“DFI”), its primary regulator, and by the Federal Deposit Insurance Corporatio",https://www.sec.gov/Archives/edgar/data/1530249/000143774926008243/fsbw20251231_10k.htm
FSBW,10-K,2025-12-31,Puget Sound,127407,"20th Street SW, Mountlake Terrace, Washington 98043 and the main telephone number is (425) 771-5299. 3 Table of Contents Market Area As of December 31, 2025, the Company conducted operations from its headquarters, which provides both loan and deposit services, 13 loan production offices (seven of which were stand-alone), 27 full-service bank branches in the Puget Sound region of Washington, and various locations in Oregon. The primary market area for business operations is the Seattle-Tacoma-Bellevue, Washington Metropolitan Statistical Area (the “Seattle MSA”), which includes King and Pierce Counties. The broader Puget Sound region consists of nine counties: King, Pierce, Snohomish, Kitsap, Lewis, Skagit, Island, Thursto",https://www.sec.gov/Archives/edgar/data/1530249/000143774926008243/fsbw20251231_10k.htm
FSBW,10-K,2025-12-31,Puget Sound,127796,"ton, and various locations in Oregon. The primary market area for business operations is the Seattle-Tacoma-Bellevue, Washington Metropolitan Statistical Area (the “Seattle MSA”), which includes King and Pierce Counties. The broader Puget Sound region consists of nine counties: King, Pierce, Snohomish, Kitsap, Lewis, Skagit, Island, Thurston, and Mason. The Puget Sound region is the largest business center in both the State of Washington and the Pacific Northwest. It includes a highly developed urban core along Puget Sound surrounded by suburban residential and commercial areas and more rural communities in the north, east, and south. The Puget Sound region's economy is diverse and supported by major industries, including",https://www.sec.gov/Archives/edgar/data/1530249/000143774926008243/fsbw20251231_10k.htm
FSBW,10-K,2025-12-31,Puget Sound,128823,"ic activity. The area benefits from a highly educated workforce, a strong concentration of technology-oriented employment, and deep-water port facilities that support substantial international trade. Tourism is also an important contributor to the regional economy due to the area’s natural beauty, temperate climate, and accessibility. Within the nine-county Puget Sound region, four counties: King, Pierce, Snohomish, and Kitsap, constitute the Company's primary market area. King County, home to the city of Seattle, has the region's largest employment base and widest economic breadth, with major employers, including Microsoft, the University of Washington, Amazon.com, King County Government, Starbucks, and Costco. Pierce Co",https://www.sec.gov/Archives/edgar/data/1530249/000143774926008243/fsbw20251231_10k.htm
FSBW,10-K,2025-12-31,Puget Sound,130000,"healthcare providers such as Providence Regional Medical Center, military presence at Naval Station Everett, and industries spanning biotechnology, electronics, and wood products. Kitsap County's economy is heavily influenced by the presence of the United States Navy, which is the county's largest employer with operations at Naval Base Kitsap, including the Puget Sound Naval Shipyard, Naval Undersea Warfare Center Keyport, Naval Submarine Base Bangor, and Naval Station Bremerton. Major private-sector employers in the county include St. Michael Medical Center/Franciscan Medical Group and Port Madison Enterprises. As of December 31, 2025, the unemployment rate in Washington was an estimated 4.7%, slightly exceeding the nati",https://www.sec.gov/Archives/edgar/data/1530249/000143774926008243/fsbw20251231_10k.htm
FSBW,10-K,2025-12-31,Seattle,127529,"arket Area As of December 31, 2025, the Company conducted operations from its headquarters, which provides both loan and deposit services, 13 loan production offices (seven of which were stand-alone), 27 full-service bank branches in the Puget Sound region of Washington, and various locations in Oregon. The primary market area for business operations is the Seattle-Tacoma-Bellevue, Washington Metropolitan Statistical Area (the “Seattle MSA”), which includes King and Pierce Counties. The broader Puget Sound region consists of nine counties: King, Pierce, Snohomish, Kitsap, Lewis, Skagit, Island, Thurston, and Mason. The Puget Sound region is the largest business center in both the State of Washington and the Pacific No",https://www.sec.gov/Archives/edgar/data/1530249/000143774926008243/fsbw20251231_10k.htm
FSBW,10-K,2025-12-31,Seattle,128974,"es that support substantial international trade. Tourism is also an important contributor to the regional economy due to the area’s natural beauty, temperate climate, and accessibility. Within the nine-county Puget Sound region, four counties: King, Pierce, Snohomish, and Kitsap, constitute the Company's primary market area. King County, home to the city of Seattle, has the region's largest employment base and widest economic breadth, with major employers, including Microsoft, the University of Washington, Amazon.com, King County Government, Starbucks, and Costco. Pierce County, the region’s second most populous county, features a diversified economy that includes military-related federal employment at Joint Base Lewi",https://www.sec.gov/Archives/edgar/data/1530249/000143774926008243/fsbw20251231_10k.htm
FSBW,10-K,2025-12-31,Seattle,210416,"ber 2011. He was promoted to President of both the Bank and the Company in July 2024, and to Chief Executive Officer of the Bank on September 1, 2025. Matthew began his banking career in June 2000 as a financial examiner with the Washington State Department of Financial Institutions, Division of Banks. In 2004, he accepted a position at Golf Savings Bank in Seattle. Matthew served in a variety of capacities at Golf Savings Bank before his promotion to Chief Financial Officer in 2007. After the Golf Savings Bank merger with Sterling Savings Bank, Matthew held the position of Senior Vice President of the Home Loan Division at Sterling until resigning in 2011 to join 1st Security Bank. Matthew is inspired by the Bank’s c",https://www.sec.gov/Archives/edgar/data/1530249/000143774926008243/fsbw20251231_10k.htm
FSBW,10-K,2025-12-31,Seattle,210931,"k merger with Sterling Savings Bank, Matthew held the position of Senior Vice President of the Home Loan Division at Sterling until resigning in 2011 to join 1st Security Bank. Matthew is inspired by the Bank’s commitment to its customers and to the communities it serves. Matthew serves as a Board member of the Washington Bankers Association (“WBA”) and the Seattle Branch of the Federal Reserve Bank of San Francisco. He is also on the Government Relations Committee with the WBA. Matthew volunteers with The IF Project, teaching Financial Literacy at the Washington Corrections Center for Women. He is passionate about financial literacy and youth education. Phillip D. Whittington joined 1st Security Bank in January 2020 ",https://www.sec.gov/Archives/edgar/data/1530249/000143774926008243/fsbw20251231_10k.htm
FSBW,10-K,2025-12-31,Seattle,215221,"ss. Ben has also served on several nonprofit boards throughout his career. Erin M. Burr holds a Bachelor of Business Administration degree from Western Washington University. She began her career in 1999 as a financial examiner for the Washington State Department of Financial Institutions, Division of Banks. In 2006, Erin joined Builders Capital Mortgage in Seattle as their senior underwriter. She joined 1st Security Bank in January 2009 and became the Community Reinvestment Act (“CRA”) Officer in January 2010. She took on the Enterprise Risk Manager role in May 2012 and was promoted to Executive Vice President and Chief Risk Officer in April 2018. As the Bank’s CRA Officer, Erin coordinates the Bank's community outre",https://www.sec.gov/Archives/edgar/data/1530249/000143774926008243/fsbw20251231_10k.htm
FSBW,10-K,2025-12-31,Seattle,216390," and participates in the Teach Children to Save Program. She has volunteered in various roles with Domestic Violence Services of Snohomish County. As the Chief Risk Officer, Erin uses her regulatory background to help promote and build risk awareness throughout the Bank. . 23 Table of Contents Vickie A. Jarman holds a Bachelor of Arts in Communications from Seattle Pacific University. She joined 1st Security Bank in 2002, after working with the Ballard Boys and Girls Club. Vickie was promoted to Executive Vice President and Chief Human Resources Officer/WOW! Officer in 2018. Prior to becoming the Director of WOW and Chief Human Resources Officer, Vickie worked with our Consumer Lending team. In addition to her Human R",https://www.sec.gov/Archives/edgar/data/1530249/000143774926008243/fsbw20251231_10k.htm
FSBW,10-K,2025-12-31,Seattle,219701,"Golf Savings Bank in 2009. Prior to the merger, Donn was President of Golf Savings Bank and a member of the Board of Directors, serving on the Asset and Liability, Personnel and Lending Committees and held the position of Executive Vice President of Mortgage Lending. Donn’s achievements include serving as President of the Washington Mortgage Lenders and the Seattle Mortgage Bankers, as well as on the Advisory Boards of FNMA and FHLMC. Kelli B. Nielsen has worked in the financial services industry for three decades and brought a wealth of retail banking and leadership experience to her role when she joined 1st Security Bank in 2016. Previously, she was Vice President, Sales and Service Manager of Retail Banking at Casc",https://www.sec.gov/Archives/edgar/data/1530249/000143774926008243/fsbw20251231_10k.htm
FSBW,10-K,2025-12-31,Seattle,220965,"(WBA) Retail Banking Committee, the Government Relations Committee and the WBA Pros Board. Kelli is also a published children’s book author and certified life coach. She has volunteered with Long Way Home, a nonprofit in Guatemala focused on building schools from sustainable materials. She is a former board member for Victim Support Services and the Greater Seattle Business Association (GSBA). Kelli also volunteered with The IF Project, teaching financial literacy and mentored women at the Washington Corrections Center for Women. Human Capital Management has developed this Vision Statement: To build a truly great place to work and bank. By being both aspirational and dynamic, this statement guides current and future s",https://www.sec.gov/Archives/edgar/data/1530249/000143774926008243/fsbw20251231_10k.htm
FSBW,10-K,2025-12-31,Snohomish,124324,"hington, and an administrative office in Aberdeen, Washington. The Bank also operates 27 full-service bank branches, of which 22 are located in Washington state and five in Oregon state, and 13 loan production offices in suburban communities in the greater Puget Sound and Pacific Northwest area. Among the 22 full-service branches in Washington, three are in Snohomish County, two in King County, two in Clallam County, two in Jefferson County, two in Pierce County, five in Grays Harbor County, two in Thurston County, two in Kitsap County, and two in Klickitat County. Furthermore, five full-service branches are located in Oregon: two in Lincoln County, two in Tillamook County, and one in Malheur County. Our 13 loan product",https://www.sec.gov/Archives/edgar/data/1530249/000143774926008243/fsbw20251231_10k.htm
FSBW,10-K,2025-12-31,Snohomish,124815,"unty, two in Thurston County, two in Kitsap County, and two in Klickitat County. Furthermore, five full-service branches are located in Oregon: two in Lincoln County, two in Tillamook County, and one in Malheur County. Our 13 loan production offices include seven stand-alone offices: two in Pierce County, one in King County, one in Kitsap County, and one in Snohomish County in the Puget Sound region, as well as one in Benton County in Eastern Washington, and our newest office in Clark County, in Southwest Washington. The Company is a diversified lender that specializes in originating various types of loans, including commercial real estate (“CRE”), multi-family, construction, one-to-four-family, and home equity loans, a",https://www.sec.gov/Archives/edgar/data/1530249/000143774926008243/fsbw20251231_10k.htm
FSBW,10-K,2025-12-31,Snohomish,127729," 27 full-service bank branches in the Puget Sound region of Washington, and various locations in Oregon. The primary market area for business operations is the Seattle-Tacoma-Bellevue, Washington Metropolitan Statistical Area (the “Seattle MSA”), which includes King and Pierce Counties. The broader Puget Sound region consists of nine counties: King, Pierce, Snohomish, Kitsap, Lewis, Skagit, Island, Thurston, and Mason. The Puget Sound region is the largest business center in both the State of Washington and the Pacific Northwest. It includes a highly developed urban core along Puget Sound surrounded by suburban residential and commercial areas and more rural communities in the north, east, and south. The Puget Sound reg",https://www.sec.gov/Archives/edgar/data/1530249/000143774926008243/fsbw20251231_10k.htm
FSBW,10-K,2025-12-31,Snohomish,128872,"ated workforce, a strong concentration of technology-oriented employment, and deep-water port facilities that support substantial international trade. Tourism is also an important contributor to the regional economy due to the area’s natural beauty, temperate climate, and accessibility. Within the nine-county Puget Sound region, four counties: King, Pierce, Snohomish, and Kitsap, constitute the Company's primary market area. King County, home to the city of Seattle, has the region's largest employment base and widest economic breadth, with major employers, including Microsoft, the University of Washington, Amazon.com, King County Government, Starbucks, and Costco. Pierce County, the region’s second most populous county,",https://www.sec.gov/Archives/edgar/data/1530249/000143774926008243/fsbw20251231_10k.htm
FSBW,10-K,2025-12-31,Snohomish,129544," Pierce County, the region’s second most populous county, features a diversified economy that includes military-related federal employment at Joint Base Lewis-McChord, significant healthcare providers such as MultiCare Health System and the Franciscan Health System, major shipping activity through the Port of Tacoma, and aerospace operations tied to Boeing. Snohomish County's economy is anchored by aerospace manufacturing, including Boeing, as well as healthcare providers such as Providence Regional Medical Center, military presence at Naval Station Everett, and industries spanning biotechnology, electronics, and wood products. Kitsap County's economy is heavily influenced by the presence of the United States Navy, whic",https://www.sec.gov/Archives/edgar/data/1530249/000143774926008243/fsbw20251231_10k.htm
FSBW,10-K,2025-12-31,Snohomish,130705,"lightly exceeding the national average of 4.4%, according to data from the U.S. Bureau of Labor Statistics. Within specific counties, King County reported an estimated unemployment rate of 4.9%, marking an increase from 3.0% in the preceding year. Pierce County recorded a 5.5% unemployment rate as of December 31, 2025, compared to 5.4% at December 31, 2024. Snohomish County experienced an increase in its unemployment rate to 5.1% at the close of 2025, up from 3.2% at the end of 2024. Kitsap County noted a 5.0% unemployment rate at December 31, 2025, compared to 4.4% at December 31, 2024. Beyond the Puget Sound area, the Kennewick-Pasco-Richland metropolitan area of Washington, also known as the Tri-Cities market encompa",https://www.sec.gov/Archives/edgar/data/1530249/000143774926008243/fsbw20251231_10k.htm
FSBW,10-K,2025-12-31,Snohomish,213031,"e American Bankers Association Stonier Graduate School of Banking. He received a leadership certificate from the Wharton Executive Education Program in 2022. Sean continues to volunteer with the Stonier Graduate School of Banking as a mentor for third year students. He is also a member of the Finance Committee for the Master Builders Association of King and Snohomish Counties. Robert A. Nesbitt joined 1st Security Bank in 2017 as Vice President, Commercial Lending Relationship Manager and has been actively involved in helping build the Bank's successful commercial lending team. He was promoted to his current role of Chief Credit Operations Officer in 2024 and is responsible for overseeing the Bank's commercial credit op",https://www.sec.gov/Archives/edgar/data/1530249/000143774926008243/fsbw20251231_10k.htm
FSBW,10-K,2025-12-31,Snohomish,215771,"anager role in May 2012 and was promoted to Executive Vice President and Chief Risk Officer in April 2018. As the Bank’s CRA Officer, Erin coordinates the Bank's community outreach volunteer programs and enjoys building relationships with nonprofit groups that support the communities the Bank serves. Erin is a member of the Housing Consortium of Everett and Snohomish County and is dedicated to addressing affordable housing issues. She volunteers at the Stafford Creek Correction Center in conjunction with Grays Harbor College, teaching financial literacy to men. Additionally, she works with YWCA BankWork$ program and participates in the Teach Children to Save Program. She has volunteered in various roles with Domestic Vi",https://www.sec.gov/Archives/edgar/data/1530249/000143774926008243/fsbw20251231_10k.htm
FSBW,10-K,2025-12-31,Washington,69091,oanBankOfDesMoinesMemberus-gaap:FinancingReceivables30To59DaysPastDueMember2024-01-012024-12-31 0001530249fsbw:HoldbackReserveForGuaranteedLoansMember2025-12-31 0001530249fsbw:HoldbackReserveForGuaranteedLoansMember2024-12-31 0001530249fsbw:ConstructionLandDevelopmentAndOtherLandConcentrationMember2025-01-012025-12-31 0001530249fsbw:The1stFirstSecurityBankOfWashingtonSubsidiaryMember2025-12-31 0001530249fsbw:The1stFirstSecurityBankOfWashingtonSubsidiaryMember2024-12-31 0001530249srt:ParentCompanyMember2025-12-31 0001530249srt:ParentCompanyMember2024-12-31 0001530249us-gaap:FairValueInputsLevel2Memberus-gaap:ResidentialMortgageMember2025-12-31 0001530249us-gaap:FairValueInputsLevel2Memberus-gaap:ResidentialMortgageMember2,https://www.sec.gov/Archives/edgar/data/1530249/000143774926008243/fsbw20251231_10k.htm
FSBW,10-K,2025-12-31,Washington,108034,"530249fsbw:PacificWestMemberus-gaap:SubsequentEventMember2026-02-25 0001530249fsbw:PacificWestShareholdersMemberus-gaap:SubsequentEventMember2026-02-25 0001530249fsbw:PacificWestMember2025-12-31 00015302492025-10-012025-12-31 0001530249us-gaap:RelatedPartyMember2025-01-012025-12-31 FORM 10-K Table of Contents UNITED STATES SECURITIES AND EXCHANGE COMMISSION Washington, D.C. 20549 FORM 10-K (Mark one) ☒ ANNUAL REPORT PURSUANT TO SECTION 13 OR 15(d) OF THE SECURITIES EXCHANGE ACT OF 1934 For the fiscal year ended December 31, 2025 OR ☐ TRANSITION REPORT PURSUANT TO SECTION 13 OR 15(d) OF THE SECURITIES EXCHANGE ACT OF 1934 Commission File Number: 001-35589 FS BANCORP, INC. (Exact name of registrant as specified in its char",https://www.sec.gov/Archives/edgar/data/1530249/000143774926008243/fsbw20251231_10k.htm
FSBW,10-K,2025-12-31,Washington,108415,"9 FORM 10-K (Mark one) ☒ ANNUAL REPORT PURSUANT TO SECTION 13 OR 15(d) OF THE SECURITIES EXCHANGE ACT OF 1934 For the fiscal year ended December 31, 2025 OR ☐ TRANSITION REPORT PURSUANT TO SECTION 13 OR 15(d) OF THE SECURITIES EXCHANGE ACT OF 1934 Commission File Number: 001-35589 FS BANCORP, INC. (Exact name of registrant as specified in its charter) ​ ​ ​ Washington ​ 45-4585178 (State or other jurisdiction of incorporation or organization) ​ (I.R.S. Employer Identification Number) ​ ​ ​ 6920 220th Street SW, Mountlake Terrace, Washington ​ 98043 (Address of principal executive offices) ​ (Zip Code) ​ ​ ​ Registrant’s telephone number, including area code: ​ (425) 771-5299 ​ Securities registered pursuant to Section 12",https://www.sec.gov/Archives/edgar/data/1530249/000143774926008243/fsbw20251231_10k.htm
FSBW,10-K,2025-12-31,Washington,114858,". Principal Accountant Fees and Services 132 ​ ​ ​ PART IV ​ ​ Item 15. Exhibits and Financial Statement Schedules 133 Item 16. Form 10-K Summary 133 ​ SIGNATURES ​ ​ 134 ​ When we refer to “FS Bancorp” in this report, we are referring to FS Bancorp, Inc. When we refer to “Bank” or “1st Security Bank” in this report, we are referring to 1st Security Bank of Washington, the wholly owned subsidiary of FS Bancorp. As used in this report, the terms “we,” “our,” “us,” and “Company” refer to FS Bancorp, Inc. and its consolidated subsidiary, 1st Security Bank of Washington, unless the context indicates otherwise. ii Table of Contents Forward-Looking Statements This Annual Report on Form 10–K contains forward-looking statements,",https://www.sec.gov/Archives/edgar/data/1530249/000143774926008243/fsbw20251231_10k.htm
FSBW,10-K,2025-12-31,Washington,122035,". Other than an investor’s own internet access charges, these filings are free of charge and available through the SEC’s website at www.sec.gov. The information contained on the Company’s website is not included as part of, or incorporated by reference into, this Annual Report on Form 10–K. ​ 2 Table of Contents PART 1 Item 1. Business General FS Bancorp, a Washington corporation, was organized in September 2011 for the purpose of becoming the holding company of 1st Security Bank upon the Bank’s conversion from a mutual to a stock savings bank (“Conversion”). The Conversion was completed on July 9, 2012. At December 31, 2025, the Company had consolidated total assets of $3.2 billion, total loans receivable, net of $2.62 ",https://www.sec.gov/Archives/edgar/data/1530249/000143774926008243/fsbw20251231_10k.htm
FSBW,10-K,2025-12-31,Washington,123483,"l needs while actively participating in community activities and events to further strengthen these connections. 1st Security Bank has been serving the Puget Sound area since 1907, including the period during which the predecessor to Anchor Bank, one of its banking acquisitions, was formed. The Bank was originally chartered as a credit union, under the name Washington’s Credit Union and primarily served select employment groups. On April 1, 2004, the Bank converted from a credit union to a Washington state-chartered mutual savings bank. Upon completion of the Conversion in July 2012, 1st Security Bank became a Washington state-chartered stock savings bank and a wholly-owned subsidiary of the Company. At December 31, 2025",https://www.sec.gov/Archives/edgar/data/1530249/000143774926008243/fsbw20251231_10k.htm
FSBW,10-K,2025-12-31,Washington,123961,"redit union to a Washington state-chartered mutual savings bank. Upon completion of the Conversion in July 2012, 1st Security Bank became a Washington state-chartered stock savings bank and a wholly-owned subsidiary of the Company. At December 31, 2025, the Company maintained its headquarters, which produces loans and accepts deposits, in Mountlake Terrace, Washington, and an administrative office in Aberdeen, Washington. The Bank also operates 27 full-service bank branches, of which 22 are located in Washington state and five in Oregon state, and 13 loan production offices in suburban communities in the greater Puget Sound and Pacific Northwest area. Among the 22 full-service branches in Washington, three are in Snohomi",https://www.sec.gov/Archives/edgar/data/1530249/000143774926008243/fsbw20251231_10k.htm
FSBW,10-K,2025-12-31,Washington,124902,"rmore, five full-service branches are located in Oregon: two in Lincoln County, two in Tillamook County, and one in Malheur County. Our 13 loan production offices include seven stand-alone offices: two in Pierce County, one in King County, one in Kitsap County, and one in Snohomish County in the Puget Sound region, as well as one in Benton County in Eastern Washington, and our newest office in Clark County, in Southwest Washington. The Company is a diversified lender that specializes in originating various types of loans, including commercial real estate (“CRE”), multi-family, construction, one-to-four-family, and home equity loans, as well as consumer loans, such as indirect home improvement (“fixture secured loans”), a",https://www.sec.gov/Archives/edgar/data/1530249/000143774926008243/fsbw20251231_10k.htm
FSBW,10-K,2025-12-31,commercial real estate,125080,"tand-alone offices: two in Pierce County, one in King County, one in Kitsap County, and one in Snohomish County in the Puget Sound region, as well as one in Benton County in Eastern Washington, and our newest office in Clark County, in Southwest Washington. The Company is a diversified lender that specializes in originating various types of loans, including commercial real estate (“CRE”), multi-family, construction, one-to-four-family, and home equity loans, as well as consumer loans, such as indirect home improvement (“fixture secured loans”), and marine loans, along with commercial business loans. The Company’s lending strategies aim to capitalize on new lending opportunities, arising from recent market consolidation, and focus on",https://www.sec.gov/Archives/edgar/data/1530249/000143774926008243/fsbw20251231_10k.htm
FSBW,10-K,2025-12-31,commercial real estate,132895,"following table sets forth certain information at December 31, 2025, regarding the dollar amount for the loans maturing in the portfolio based on their contractual terms to maturity but does not include scheduled payments or potential prepayments. Loan balances do not include undisbursed loan proceeds and the ACL on loans. Real Estate (Dollars in thousands) Commercial Real Estate Construction and Development Home Equity One-to-Four-Family (2) Multi-family Consumer Commercial Business Total Due in one year or less (1) $ 27,584 $ 332,323 $ 8,004 $ 15,968 $ 8,443 $ 1,603 $ 129,829 $ 523,754 Due after one year through five years 196,380 55,036 544 35,592 92,053 16,577 110,650 506,832 Due after five years through 15 years 128,525 — 1,983",https://www.sec.gov/Archives/edgar/data/1530249/000143774926008243/fsbw20251231_10k.htm
FSBW,10-K,2025-12-31,commercial real estate,138357," the operation of the property less all operating expenses, must be sufficient to cover the payments related to the outstanding debt plus an additional coverage requirement. The Company generally requires an assignment of rents or leases to be assured that the cash flow from the project will be sufficient to repay the debt. Appraisals on properties securing commercial real estate loans are performed by independent state certified or licensed fee appraisers. The Company does not generally maintain insurance or tax escrows for loans secured by commercial real estate. To monitor the adequacy of cash flows on income-producing properties, the borrower is generally required to provide financial information on a periodic basis. 6 Table of ",https://www.sec.gov/Archives/edgar/data/1530249/000143774926008243/fsbw20251231_10k.htm
FSBW,10-K,2025-12-31,commercial real estate,166643,"is dependent upon customer demand for loans in the market areas. From time to time to supplement our loan originations and based on our asset/liability objectives we will also purchase bulk loans or pools of loans from other financial institutions. In recent years, the Company has continued to originate consumer loans, while placing an increased emphasis on commercial real estate loans, including construction and development lending, as well as commercial business loans. Demand for these loan products is affected by competition and the interest rate environment. In periods of economic uncertainty, the ability of financial institutions, including the Bank, to originate large dollar volumes of commercial business and real estate loans",https://www.sec.gov/Archives/edgar/data/1530249/000143774926008243/fsbw20251231_10k.htm
FSBW,10-K,2025-12-31,commercial real estate,173820," provides support for a customer repayment plan. Bank procedures for repossession and sale of consumer collateral are subject to various requirements under applicable consumer protection laws, as well as other applicable laws, and our determination of whether repossession is economically appropriate. Delinquent commercial business loans and loans secured by commercial real estate are handled by the loan officer in charge of the loan or an individual in the Company’s credit administration department, who is responsible for contacting the borrower. They work with outside counsel and, in the case of real estate loans, a third-party consultant to resolve problem loans. In addition, management meets as needed and reviews past due and cla",https://www.sec.gov/Archives/edgar/data/1530249/000143774926008243/fsbw20251231_10k.htm
FSBW,10-K,2025-12-31,commercial real estate,183145,"rent period expense, and decreases through net charge-offs and reversals of previously recorded credit losses. For the year ended December 31, 2025, the provision for credit losses on loans was $9.0 million, compared to $5.6 million for the year ended December 31, 2024. The increase in the 2025 provision was driven primarily by higher net charge-offs in the commercial real estate and consumer loan portfolios, particularly within indirect home improvement loans. In addition, the ACL on loans increased due to organic loan growth, changes in credit quality, including shifts in classified, past due, and nonperforming loans, and updates to qualitative factors. These increases were partially offset by a $2.3 million charge-off on a single",https://www.sec.gov/Archives/edgar/data/1530249/000143774926008243/fsbw20251231_10k.htm
FSBW,10-K,2025-12-31,commercial real estate,185705,"0.54 % 0.45 % Total nonaccrual loans $ 18,745 $ 13,601 $ 10,952 Total loans outstanding $ 2,655,109 $ 2,533,821 $ 2,433,015 ACL on loans as a percentage of nonaccrual loans at year end 170.59 % 234.55 % 287.93 % ACL on loans $ 31,937 $ 31,870 $ 31,534 Total nonaccrual loans $ 18,745 $ 13,601 $ 10,952 Net charge-offs during year to average loans outstanding: Commercial real estate: — % — % — % Net charge-offs $ — $ — $ — Average loans outstanding $ 348,509 $ 357,202 $ 352,562 Commercial and speculative construction and development: 0.78 % — % — % Net charge-offs $ 2,300 $ — $ — Average loans outstanding $ 296,061 $ 245,735 $ 271,379 Residential custom construction — % — % — % Net charge-offs $ — $ — $ — Average loans outstanding $ 69",https://www.sec.gov/Archives/edgar/data/1530249/000143774926008243/fsbw20251231_10k.htm
FSBW,10-K,2025-12-31,commercial real estate,187455," % 0.09 % Total net charge-offs $ 8,888 $ 5,299 $ 2,228 Total average loans outstanding $ 2,601,120 $ 2,479,653 $ 2,366,010 16 Table of Contents ​ The following table shows the allocation of the ACL on loans for each loan category and the percent of ACL to each loan category at the period indicated: (Dollars in thousands) December 31, 2025 December 31, 2024 COMMERCIAL REAL ESTATE LOANS Allocation of the ACL on Loans Amount Percent of ACL to Loans Amount Allocation of the ACL on Loans Amount Percent of ACL to Loans Amount CRE owner occupied $ 1,067 0.61 % $ 1,138 0.67 % CRE non-owner occupied 1,151 0.65 1,050 0.60 Commercial and speculative construction and development 2,714 0.77 3,578 1.27 Multi-family 1,027 0.39 1,235 0.50 Total re",https://www.sec.gov/Archives/edgar/data/1530249/000143774926008243/fsbw20251231_10k.htm
FSBW,10-K,2025-12-31,concentration,69011,eceivables30To59DaysPastDueMember2025-01-012025-12-31 0001530249srt:FederalHomeLoanBankOfDesMoinesMemberus-gaap:FinancingReceivables30To59DaysPastDueMember2024-01-012024-12-31 0001530249fsbw:HoldbackReserveForGuaranteedLoansMember2025-12-31 0001530249fsbw:HoldbackReserveForGuaranteedLoansMember2024-12-31 0001530249fsbw:ConstructionLandDevelopmentAndOtherLandConcentrationMember2025-01-012025-12-31 0001530249fsbw:The1stFirstSecurityBankOfWashingtonSubsidiaryMember2025-12-31 0001530249fsbw:The1stFirstSecurityBankOfWashingtonSubsidiaryMember2024-12-31 0001530249srt:ParentCompanyMember2025-12-31 0001530249srt:ParentCompanyMember2024-12-31 0001530249us-gaap:FairValueInputsLevel2Memberus-gaap:ResidentialMortgageMember2025-12-31 00,https://www.sec.gov/Archives/edgar/data/1530249/000143774926008243/fsbw20251231_10k.htm
FSBW,10-K,2025-12-31,concentration,128537,", military installations, clean-energy technology, biotechnology, education, information technology, logistics, international trade, and tourism. Global and national industry leaders such as The Boeing Company, Microsoft, and Amazon.com play significant roles in driving regional economic activity. The area benefits from a highly educated workforce, a strong concentration of technology-oriented employment, and deep-water port facilities that support substantial international trade. Tourism is also an important contributor to the regional economy due to the area’s natural beauty, temperate climate, and accessibility. Within the nine-county Puget Sound region, four counties: King, Pierce, Snohomish, and Kitsap, constitute the ",https://www.sec.gov/Archives/edgar/data/1530249/000143774926008243/fsbw20251231_10k.htm
FSBW,10-K,2025-12-31,concentration,206558," deposits by striving to offer superior service and a variety of deposit accounts at competitive rates. Based on the most recent branch deposit data provided by the FDIC, at June 30, 2025, 1st Security Bank’s share of aggregate deposits in its market area spanning the 12 counties with Company branches, was one percent. The Company’s market areas have a high concentration of financial institutions, including branches of large money centers and regional banks resulting from the banking industry's consolidation in Washington and other western states. National lenders like Wells Fargo, Bank of America, Chase, and others in the Company’s market area offer services beyond the Bank's scope, such as trust services. Institutions pro",https://www.sec.gov/Archives/edgar/data/1530249/000143774926008243/fsbw20251231_10k.htm
FSBW,10-K,2025-12-31,concentration,241868,e housing projects. These contributions have adversely affected the level of FHLB dividends paid and could continue to do so in the future. These contributions could also have an adverse effect on the value of FHLB stock in the future. A reduction in value of 1st Security Bank FHLB stock may result in a decrease in net income. Commercial Real Estate Lending Concentrations. The federal banking agencies have issued guidance on sound risk management practices for concentrations in commercial real estate lending. The particular focus is on exposure to commercial real estate loans that are dependent on the cash flow from the real estate held as collateral and that are likely to be sensitive to conditions in the commercial real e,https://www.sec.gov/Archives/edgar/data/1530249/000143774926008243/fsbw20251231_10k.htm
FSBW,10-K,2025-12-31,concentration,242580,"the commercial real estate market (as opposed to real estate collateral held as a secondary source of repayment or as an abundance of caution). The purpose of the guidance is not to limit a bank’s commercial real estate lending but to guide banks in developing risk management practices and capital levels commensurate with the level and nature of real estate concentrations. The guidance directs the FDIC and other federal bank regulatory agencies to focus their supervisory resources on institutions that may have significant commercial real estate loan concentration risk. A bank that has experienced rapid growth in commercial real estate lending has notable exposure to a specific type of commercial real estate loan, or is appr",https://www.sec.gov/Archives/edgar/data/1530249/000143774926008243/fsbw20251231_10k.htm
FSBW,10-K,2025-12-31,concentration,243088,"ay have significant commercial real estate loan concentration risk. A bank that has experienced rapid growth in commercial real estate lending has notable exposure to a specific type of commercial real estate loan, or is approaching or exceeding the following supervisory criteria may be identified for further supervisory analysis with respect to real estate concentration risk: ● Total reported loans for construction, land development and other land represent 100% or more of the Bank’s total regulatory capital; or ● Total commercial real estate loans (as defined in the guidance) represent 300% or more of the Bank’s total regulatory capital and the outstanding balance of the Bank’s commercial real estate loan portfolio has in",https://www.sec.gov/Archives/edgar/data/1530249/000143774926008243/fsbw20251231_10k.htm
FSBW,10-K,2025-12-31,concentration,243628,"al estate loans (as defined in the guidance) represent 300% or more of the Bank’s total regulatory capital and the outstanding balance of the Bank’s commercial real estate loan portfolio has increased 50% or more during the prior 36 months. The guidance provides that the strength of an institution’s lending and risk management practices with respect to such concentrations will be taken into account in supervisory guidance on evaluation of capital adequacy. At December 31, 2025, 1st Security Bank's aggregate recorded loan balances for construction, land development and land loans were 103.5% of regulatory capital. In addition, at December 31, 2025, 1st Security Bank loans on all commercial real estate, including construction",https://www.sec.gov/Archives/edgar/data/1530249/000143774926008243/fsbw20251231_10k.htm
FSBW,10-K,2025-12-31,concentration,286109,"t of funds based on estimated project costs to achieve future value at completion, making repayment dependent on successful completion; (ii) uncertainty in estimating construction costs and the market value of completed projects; (iii) governmental regulations and changes in housing demand, which can significantly impact project valuations; and (iv) builder concentration as loans are often concentrated among a small group of builders, increasing exposure to individual credit risks. Market downturns in housing or real estate could result in increased delinquencies, defaults, and foreclosures, significantly impairing the value of collateral and limiting recovery through foreclosure sales. Further, many of our construction loa",https://www.sec.gov/Archives/edgar/data/1530249/000143774926008243/fsbw20251231_10k.htm
FSBW,10-K,2025-12-31,market area,112466,"542 shares of the registrant’s common stock outstanding. DOCUMENTS INCORPORATED BY REFERENCE 1. Portions of the definitive Proxy Statement for the 2026 Annual Meeting of Shareholders (“Proxy Statement”) are incorporated by reference into Part III. ​ Table of Contents ​FS Bancorp, Inc. Table of Contents ​ Page PART I ​ ​ Item 1. Business: 3 ​ ​ General 3 ​ ​ Market Area 4 ​ ​ Lending Activities 4 ​ ​ Loan Originations, Servicing, Purchases and Sales 4 ​ ​ Asset Quality 13 ​ ​ Allowance for Credit Losses 14 ​ ​ Investment Activities 17 ​ ​ Deposit Activities and Other Sources of Funds 18 ​ ​ Subsidiary and Other Activities 21 ​ ​ Competition 21 ​ ​ Information about our Executive Officers 22 Human Capital 24 ​ ​ How We Are ",https://www.sec.gov/Archives/edgar/data/1530249/000143774926008243/fsbw20251231_10k.htm
FSBW,10-K,2025-12-31,market area,127168," and is a member of the Federal Home Loan Bank of Des Moines (“FHLB” or “FHLB of Des Moines”), which is one of the 11 regional banks in the Federal Home Loan Bank System. The principal executive offices of the Company are located at 6920 220th Street SW, Mountlake Terrace, Washington 98043 and the main telephone number is (425) 771-5299. 3 Table of Contents Market Area As of December 31, 2025, the Company conducted operations from its headquarters, which provides both loan and deposit services, 13 loan production offices (seven of which were stand-alone), 27 full-service bank branches in the Puget Sound region of Washington, and various locations in Oregon. The primary market area for business operations is the Seattle-Ta",https://www.sec.gov/Archives/edgar/data/1530249/000143774926008243/fsbw20251231_10k.htm
FSBW,10-K,2025-12-31,market area,128928,"ented employment, and deep-water port facilities that support substantial international trade. Tourism is also an important contributor to the regional economy due to the area’s natural beauty, temperate climate, and accessibility. Within the nine-county Puget Sound region, four counties: King, Pierce, Snohomish, and Kitsap, constitute the Company's primary market area. King County, home to the city of Seattle, has the region's largest employment base and widest economic breadth, with major employers, including Microsoft, the University of Washington, Amazon.com, King County Government, Starbucks, and Costco. Pierce County, the region’s second most populous county, features a diversified economy that includes military-rel",https://www.sec.gov/Archives/edgar/data/1530249/000143774926008243/fsbw20251231_10k.htm
FSBW,10-K,2025-12-31,market area,131399,"wn as the Tri-Cities market encompassing Benton and Franklin counties, exhibited a 5.6% unemployment rate in Benton County at year-end 2025, up from 5.2% at year-end 2024. Franklin County saw a decrease in its unemployment rate to 6.4% at December 31, 2025, from 6.7% at December 31, 2024. ​ For a discussion regarding the competition in the Company’s primary market area, see “Competition.” Lending Activities General. The Company is a diversified lender that specializes in originating various types of loans, including CRE, multi-family, construction, one-to-four-family, and home equity loans, as well as consumer loans such as fixture secured loans, and marine loans, along with commercial business loans. The Company's lendin",https://www.sec.gov/Archives/edgar/data/1530249/000143774926008243/fsbw20251231_10k.htm
FSBW,10-K,2025-12-31,market area,140662,"expands, the Company intends to add additional experienced personnel in the areas of loan analysis and commercial deposit relationship management. Construction and Development Lending. The Company's construction and development team is dedicated to residential construction lending, concentrating on vertical, in-city one-to-four-family development within our market area. This team has cumulative experience of over 80 years, demonstrating expertise in acquisition, development and construction (“ADC”) lending. Leveraging the strength of this team, the Company aims to capitalize on the robust demand for construction and ADC loans among seasoned, successful and relationship-oriented builders in our market area. This initiative",https://www.sec.gov/Archives/edgar/data/1530249/000143774926008243/fsbw20251231_10k.htm
FSBW,10-K,2025-12-31,market area,143102,"quisition of in-city lots with and without existing improvements for later development into one-to-four-family residences, the acquisition of land to be developed, and loans for the acquisition and development of land for future development of single-family residences. The Company generally limits these types of loans to known builders and developers in the market area. Construction loans generally provide for the payment of interest-only during the construction phase, which is typically 12 – 18 months. At the end of the construction phase, the construction loan is generally paid off through the sale of the newly constructed home and a permanent loan from another lender, although commitments to convert to a permanent loan",https://www.sec.gov/Archives/edgar/data/1530249/000143774926008243/fsbw20251231_10k.htm
FSBW,10-K,2025-12-31,market area,148961,"antor themselves to repay principal and interest. 8 Table of Contents The Company seeks to address the forgoing risks associated with construction development lending by developing and adhering to underwriting policies, disbursement procedures, and monitoring practices. Specifically, the Company (i) seeks to diversify the number of loans and projects in the market area, (ii) evaluate and document the creditworthiness of the borrower and the viability of the proposed project, (iii) limit loan-to-value ratios to specified levels, (iv) control disbursements on construction loans on the basis of on-site inspections by a licensed third-party, (v) monitor economic conditions and the housing inventory in each market, and (vi) ty",https://www.sec.gov/Archives/edgar/data/1530249/000143774926008243/fsbw20251231_10k.htm
FSBW,10-K,2025-12-31,market area,149739,"cipal of the borrower on substantially all credits. No assurances, however, can be given that these practices will be successful in mitigating the risks of construction development lending. Home Equity Lending. The Company has been active in second lien mortgage and home equity lending, with the focus of this lending being conducted in the Company’s primary market area. The home equity lines of credit generally have adjustable rates tied to the prime rate of interest with a draw term of 10 years plus and a term to maturity of 20 years. Monthly payments are based on 1.0% of the outstanding balance with a maximum combined loan-to-value ratio of up to 89.99%, including any underlying first mortgage. Fixed second lien mortgag",https://www.sec.gov/Archives/edgar/data/1530249/000143774926008243/fsbw20251231_10k.htm
FSBW,10-K,2025-12-31,multifamily,12496,onownerOccupiedMember2024-12-31 0001530249us-gaap:CommercialRealEstatePortfolioSegmentMemberfsbw:CommercialAndSpeculativeConstructionAndDevelopmentMember2025-12-31 0001530249us-gaap:CommercialRealEstatePortfolioSegmentMemberfsbw:CommercialAndSpeculativeConstructionAndDevelopmentMember2024-12-31 0001530249us-gaap:CommercialRealEstatePortfolioSegmentMembersrt:MultifamilyMember2025-12-31 0001530249us-gaap:CommercialRealEstatePortfolioSegmentMembersrt:MultifamilyMember2024-12-31 0001530249us-gaap:CommercialRealEstatePortfolioSegmentMember2025-12-31 0001530249us-gaap:CommercialRealEstatePortfolioSegmentMember2024-12-31 0001530249us-gaap:ResidentialPortfolioSegmentMemberfsbw:OnetofourFamilyLoanMember2025-12-31 0001530249us-gaap,https://www.sec.gov/Archives/edgar/data/1530249/000143774926008243/fsbw20251231_10k.htm
FSBW,10-K,2025-12-31,multifamily,21915,tfolioSegmentMemberfsbw:CommercialAndSpeculativeConstructionAndDevelopmentMemberus-gaap:FinancialAssetPastDueMember2025-12-31 0001530249us-gaap:CommercialRealEstatePortfolioSegmentMemberfsbw:CommercialAndSpeculativeConstructionAndDevelopmentMemberus-gaap:FinancialAssetNotPastDueMember2025-12-31 0001530249us-gaap:CommercialRealEstatePortfolioSegmentMembersrt:MultifamilyMemberus-gaap:FinancingReceivables30To59DaysPastDueMember2025-12-31 0001530249us-gaap:CommercialRealEstatePortfolioSegmentMembersrt:MultifamilyMemberus-gaap:FinancingReceivables60To89DaysPastDueMember2025-12-31 0001530249us-gaap:CommercialRealEstatePortfolioSegmentMembersrt:MultifamilyMemberus-gaap:FinancingReceivablesEqualToGreaterThan90DaysPastDueMember202,https://www.sec.gov/Archives/edgar/data/1530249/000143774926008243/fsbw20251231_10k.htm
FSBW,10-K,2025-12-31,multifamily,22358,530249us-gaap:CommercialRealEstatePortfolioSegmentMembersrt:MultifamilyMemberus-gaap:FinancingReceivables60To89DaysPastDueMember2025-12-31 0001530249us-gaap:CommercialRealEstatePortfolioSegmentMembersrt:MultifamilyMemberus-gaap:FinancingReceivablesEqualToGreaterThan90DaysPastDueMember2025-12-31 0001530249us-gaap:CommercialRealEstatePortfolioSegmentMembersrt:MultifamilyMemberus-gaap:FinancialAssetPastDueMember2025-12-31 0001530249us-gaap:CommercialRealEstatePortfolioSegmentMembersrt:MultifamilyMemberus-gaap:FinancialAssetNotPastDueMember2025-12-31 0001530249us-gaap:CommercialRealEstatePortfolioSegmentMemberus-gaap:FinancingReceivables30To59DaysPastDueMember2025-12-31 0001530249us-gaap:CommercialRealEstatePortfolioSegmentMe,https://www.sec.gov/Archives/edgar/data/1530249/000143774926008243/fsbw20251231_10k.htm
FSBW,10-K,2025-12-31,multifamily,33307,tfolioSegmentMemberfsbw:CommercialAndSpeculativeConstructionAndDevelopmentMemberus-gaap:FinancialAssetPastDueMember2024-12-31 0001530249us-gaap:CommercialRealEstatePortfolioSegmentMemberfsbw:CommercialAndSpeculativeConstructionAndDevelopmentMemberus-gaap:FinancialAssetNotPastDueMember2024-12-31 0001530249us-gaap:CommercialRealEstatePortfolioSegmentMembersrt:MultifamilyMemberus-gaap:FinancingReceivables30To59DaysPastDueMember2024-12-31 0001530249us-gaap:CommercialRealEstatePortfolioSegmentMembersrt:MultifamilyMemberus-gaap:FinancingReceivables60To89DaysPastDueMember2024-12-31 0001530249us-gaap:CommercialRealEstatePortfolioSegmentMembersrt:MultifamilyMemberus-gaap:FinancingReceivablesEqualToGreaterThan90DaysPastDueMember202,https://www.sec.gov/Archives/edgar/data/1530249/000143774926008243/fsbw20251231_10k.htm
FSBW,10-K,2025-12-31,multifamily,33750,530249us-gaap:CommercialRealEstatePortfolioSegmentMembersrt:MultifamilyMemberus-gaap:FinancingReceivables60To89DaysPastDueMember2024-12-31 0001530249us-gaap:CommercialRealEstatePortfolioSegmentMembersrt:MultifamilyMemberus-gaap:FinancingReceivablesEqualToGreaterThan90DaysPastDueMember2024-12-31 0001530249us-gaap:CommercialRealEstatePortfolioSegmentMembersrt:MultifamilyMemberus-gaap:FinancialAssetPastDueMember2024-12-31 0001530249us-gaap:CommercialRealEstatePortfolioSegmentMembersrt:MultifamilyMemberus-gaap:FinancialAssetNotPastDueMember2024-12-31 0001530249us-gaap:CommercialRealEstatePortfolioSegmentMemberus-gaap:FinancingReceivables30To59DaysPastDueMember2024-12-31 0001530249us-gaap:CommercialRealEstatePortfolioSegmentMe,https://www.sec.gov/Archives/edgar/data/1530249/000143774926008243/fsbw20251231_10k.htm
FSBW,10-K,2025-12-31,multifamily,43851,1530249us-gaap:CommercialRealEstatePortfolioSegmentMemberfsbw:CommercialAndSpeculativeConstructionAndDevelopmentMemberus-gaap:SubstandardMember2025-12-31 0001530249us-gaap:CommercialRealEstatePortfolioSegmentMemberfsbw:CommercialAndSpeculativeConstructionAndDevelopmentMember2025-01-012025-12-31 0001530249us-gaap:CommercialRealEstatePortfolioSegmentMembersrt:MultifamilyMemberus-gaap:PassMember2025-12-31 0001530249us-gaap:ResidentialPortfolioSegmentMemberfsbw:OnetofourFamilyLoanMemberus-gaap:PassMember2025-12-31 0001530249us-gaap:ResidentialPortfolioSegmentMemberfsbw:OnetofourFamilyLoanMemberfsbw:WatchMember2025-12-31 0001530249us-gaap:ResidentialPortfolioSegmentMemberfsbw:OnetofourFamilyLoanMemberus-gaap:SubstandardMember2,https://www.sec.gov/Archives/edgar/data/1530249/000143774926008243/fsbw20251231_10k.htm
FSBW,10-K,2025-12-31,multifamily,47495,s-gaap:CommercialRealEstatePortfolioSegmentMemberfsbw:CommercialAndSpeculativeConstructionAndDevelopmentMemberus-gaap:PassMember2024-12-31 0001530249us-gaap:CommercialRealEstatePortfolioSegmentMemberfsbw:CommercialAndSpeculativeConstructionAndDevelopmentMemberus-gaap:SubstandardMember2024-12-31 0001530249us-gaap:CommercialRealEstatePortfolioSegmentMembersrt:MultifamilyMemberus-gaap:PassMember2024-12-31 0001530249us-gaap:ResidentialPortfolioSegmentMemberfsbw:OnetofourFamilyLoanMemberus-gaap:PassMember2024-12-31 0001530249us-gaap:ResidentialPortfolioSegmentMemberfsbw:OnetofourFamilyLoanMemberus-gaap:SubstandardMember2024-12-31 0001530249us-gaap:ResidentialPortfolioSegmentMemberus-gaap:HomeEquityLoanMemberus-gaap:PassMember2,https://www.sec.gov/Archives/edgar/data/1530249/000143774926008243/fsbw20251231_10k.htm
FSBW,10-K,2025-12-31,multifamily,65480,oSegmentMemberfsbw:CommercialAndSpeculativeConstructionAndDevelopmentMember2025-12-31 0001530249us-gaap:CommitmentsToExtendCreditMemberus-gaap:CommercialRealEstatePortfolioSegmentMemberfsbw:CommercialAndSpeculativeConstructionAndDevelopmentMember2024-12-31 0001530249us-gaap:CommitmentsToExtendCreditMemberus-gaap:CommercialRealEstatePortfolioSegmentMembersrt:MultifamilyMember2025-12-31 0001530249us-gaap:CommitmentsToExtendCreditMemberus-gaap:CommercialRealEstatePortfolioSegmentMembersrt:MultifamilyMember2024-12-31 0001530249us-gaap:CommitmentsToExtendCreditMemberus-gaap:CommercialRealEstatePortfolioSegmentMember2025-12-31 0001530249us-gaap:CommitmentsToExtendCreditMemberus-gaap:CommercialRealEstatePortfolioSegmentMember202,https://www.sec.gov/Archives/edgar/data/1530249/000143774926008243/fsbw20251231_10k.htm
FSBW,10-K,2025-12-31,non-owner occupied,135862,"gage warehouse lending lines to three companies, with $2.5 million outstanding. These commitments ranged from $3.0 million to $9.0 million. At December 31, 2025, all of these warehouse lending lines were in compliance with their original repayment terms. 5 Table of Contents CRE Lending. The Company offers a variety of CRE loans, including owner occupied and non-owner occupied CRE, commercial and speculative construction and development, and multi-family loans. Most of these loans are secured by income-producing properties. At December 31, 2025, CRE loans, including $262.2 million of multi-family loans and $354.1 million of speculative construction and development loans, totaled $969.5 million, or 36.5% of the gross loan portfoli",https://www.sec.gov/Archives/edgar/data/1530249/000143774926008243/fsbw20251231_10k.htm
FSBW,10-K,2025-12-31,non-owner occupied,136456,"i-family loans and $354.1 million of speculative construction and development loans, totaled $969.5 million, or 36.5% of the gross loan portfolio. A breakdown of CRE loans (excluding multi-family loans and CRE speculative construction and development loans) at the dates indicated was as follows: (Dollars in thousands) December 31, CRE by Type: 2025 2024 CRE non-owner occupied: Amount Amount Office $ 44,429 $ 39,697 Retail 36,387 36,568 Hospitality/restaurant 24,848 27,562 Self-storage 18,924 19,111 Mixed use 18,903 17,721 Industrial 14,263 15,125 Other 7,729 6,631 Senior housing/assisted living 7,329 7,565 Education/worship 2,414 2,520 Land 1,887 2,421 Total CRE non-owner occupied 177,113 174,921 CRE owner occupied: Industrial 7",https://www.sec.gov/Archives/edgar/data/1530249/000143774926008243/fsbw20251231_10k.htm
FSBW,10-K,2025-12-31,non-owner occupied,187675,"n category and the percent of ACL to each loan category at the period indicated: (Dollars in thousands) December 31, 2025 December 31, 2024 COMMERCIAL REAL ESTATE LOANS Allocation of the ACL on Loans Amount Percent of ACL to Loans Amount Allocation of the ACL on Loans Amount Percent of ACL to Loans Amount CRE owner occupied $ 1,067 0.61 % $ 1,138 0.67 % CRE non-owner occupied 1,151 0.65 1,050 0.60 Commercial and speculative construction and development 2,714 0.77 3,578 1.27 Multi-family 1,027 0.39 1,235 0.50 Total real estate loans 5,959 0.61 7,001 0.80 RESIDENTIAL REAL ESTATE LOANS One-to-four-family (excludes HFS) 5,307 0.84 5,319 0.86 Home equity 1,422 1.61 1,488 1.98 Residential custom construction 673 1.59 633 1.27 Total re",https://www.sec.gov/Archives/edgar/data/1530249/000143774926008243/fsbw20251231_10k.htm
FSBW,10-K,2025-12-31,non-owner occupied,244013,"ken into account in supervisory guidance on evaluation of capital adequacy. At December 31, 2025, 1st Security Bank's aggregate recorded loan balances for construction, land development and land loans were 103.5% of regulatory capital. In addition, at December 31, 2025, 1st Security Bank loans on all commercial real estate, including construction, owner and non-owner occupied commercial real estate, and multi-family lending, as defined by the FDIC, were 274.9% of regulatory capital. Activities and Investments of Insured State-Chartered Financial Institutions. Federal law generally limits the activities and equity investments of FDIC insured, state-chartered banks to those that are permissible for national banks. An insured state",https://www.sec.gov/Archives/edgar/data/1530249/000143774926008243/fsbw20251231_10k.htm
FSBW,10-K,2025-12-31,non-owner occupied,280273,"ant portion of our business involves commercial real estate lending, which is subject to various risks that could adversely impact our results of operations and financial condition. At December 31, 2025, our loan portfolio included $969.5 million of commercial real estate loans, or 36.5% of our total gross loan portfolio, including $177.1 million secured by non-owner occupied commercial real estate properties, and $262.2 million of multi-family real estate loans. The credit risk associated with these types of loans is generally higher than that of one-to-four-family residential loans. Repayment typically depends on the successful operation and income stream of the property securing the loan, as well as the value of the real esta",https://www.sec.gov/Archives/edgar/data/1530249/000143774926008243/fsbw20251231_10k.htm
FSBW,10-K,2025-12-31,non-owner occupied,373174,"reased $121.2 million, to $2.62 billion at December 31, 2025, compared to $2.50 billion at December 31, 2024. ● CRE loans increased $98.1 million, primarily reflecting: ○ $73.3 million in commercial and speculative construction and development loans, ○ $16.9 million in multi-family loans, ○ $5.7 million in CRE owner occupied loans, and ○ $2.2 million in CRE non-owner occupied loans. ● Residential real estate loans increased $17.0 million, driven by: ○ $13.1 million in home equity loans, ○ $11.4 million in one-to-four-family loans (excluding loans held for sale), and ○ partially offset by a decrease of $7.6 million in residential custom construction loans. ● Total undisbursed construction and development loan commitments increase",https://www.sec.gov/Archives/edgar/data/1530249/000143774926008243/fsbw20251231_10k.htm
FSBW,10-K,2025-12-31,non-owner occupied,498565,"r Ended December 31, 2024 Gross Gross Proceeds Gains (Losses) Securities available-for-sale $101,907 $215 $(8,051) NOTE 3 – LOANS RECEIVABLE AND ALLOWANCE FOR CREDIT LOSSES ON LOANS The composition of the loan portfolio was as follows at the dates indicated: December 31, 2025 2024 COMMERCIAL REAL ESTATE (""CRE"") LOANS CRE owner occupied $176,078 $170,396 CRE non-owner occupied 177,113 174,921 Commercial and speculative construction and development 354,130 280,798 Multi-family 262,150 245,222 Total CRE loans 969,471 871,337 RESIDENTIAL REAL ESTATE LOANS One-to-four-family 628,761 617,322 Home equity 88,271 75,147 Residential custom construction 42,329 49,902 Total residential real estate 759,361 742,371 CONSUMER LOANS Indirect hom",https://www.sec.gov/Archives/edgar/data/1530249/000143774926008243/fsbw20251231_10k.htm
FSBW,10-K,2025-12-31,non-owner occupied,511000,"ables provide information pertaining to the aging analysis of contractually past due loans and nonaccrual loans at the dates indicated: December 31, 2025 30-59 60-89 Days Days 90 Days Total Total Past Past or More Past Loans Non- CRE LOANS Due Due Past Due Due Current Receivable Accrual (1) CRE owner occupied $587 $— $844 $1,431 $174,647 $176,078 $2,049 CRE non-owner occupied — — — — 177,113 177,113 — Commercial and speculative construction and development — — 9,236 9,236 344,894 354,130 9,236 Multi-family — — — — 262,150 262,150 — Total CRE loans 587 — 10,080 10,667 958,804 969,471 11,285 RESIDENTIAL REAL ESTATE LOANS One-to-four-family (excludes loans held for sale) 1,244 214 84 1,542 627,219 628,761 1,778 Home equity 228 — 71",https://www.sec.gov/Archives/edgar/data/1530249/000143774926008243/fsbw20251231_10k.htm
FSBW,10-K,2025-12-31,office,2229,"fines the Company’s risk acceptance tolerance. The Audit Committee reviews and approves the Risk Appetite statement annually. The Audit Committee also plays a critical role in overseeing the Bank’s efforts to develop, implement, and maintain an effective Information Security Program. With direction and oversight by the Audit Committee, the Bank’s Chief Risk Officer (“CRO”) oversees the enterprise-wide risk management program, and the Chief Information Officer (“CIO”) and the Information Security Manager are the Board-appointed Information Security Officers, responsible for the Information Security Program, including cybersecurity. The CRO, CIO, and Information Security Manager report cybersecurity related matters dir",https://www.sec.gov/Archives/edgar/data/1530249/000143774926008243/fsbw20251231_10k.htm
FSBW,10-K,2025-12-31,office,103089,:The2018EquityIncentivePlanMember2024-01-012024-12-31 0001530249fsbw:The2018EquityIncentivePlanMember2023-01-012023-12-31 0001530249us-gaap:EmployeeStockOptionMemberfsbw:The2018EquityIncentivePlanMembersrt:MinimumMembersrt:DirectorMember2025-01-012025-12-31 0001530249us-gaap:EmployeeStockOptionMemberfsbw:The2018EquityIncentivePlanMembersrt:MinimumMemberfsbw:OfficersAndEmployeesMember2025-01-012025-12-31 0001530249us-gaap:EmployeeStockOptionMemberfsbw:The2018EquityIncentivePlanMembersrt:MaximumMemberfsbw:OfficersAndEmployeesMember2025-01-012025-12-31 0001530249us-gaap:EmployeeStockOptionMemberfsbw:The2018EquityIncentivePlanMembersrt:MaximumMember2025-01-012025-12-31 0001530249us-gaap:EmployeeStockOptionMemberfsbw:The2,https://www.sec.gov/Archives/edgar/data/1530249/000143774926008243/fsbw20251231_10k.htm
FSBW,10-K,2025-12-31,office,104486,w:The2018EquityIncentivePlanMember2022-01-012022-12-31 0001530249fsbw:The2018EquityIncentivePlanMember2023-12-31 0001530249fsbw:The2018EquityIncentivePlanMember2024-12-31 0001530249us-gaap:EmployeeStockOptionMemberfsbw:The2018EquityIncentivePlanMember2025-12-31 0001530249us-gaap:RestrictedStockMemberfsbw:The2018EquityIncentivePlanMembersrt:MinimumMemberfsbw:OfficersAndEmployeesMember2025-01-012025-12-31 0001530249us-gaap:RestrictedStockMemberfsbw:The2018EquityIncentivePlanMembersrt:MaximumMemberfsbw:OfficersAndEmployeesMember2025-01-012025-12-31 0001530249us-gaap:RestrictedStockMemberfsbw:The2018EquityIncentivePlanMembersrt:DirectorMember2025-01-012025-12-31 0001530249us-gaap:RestrictedStockMember2022-12-31 000153024,https://www.sec.gov/Archives/edgar/data/1530249/000143774926008243/fsbw20251231_10k.htm
FSBW,10-K,2025-12-31,office,108642,"EXCHANGE ACT OF 1934 Commission File Number: 001-35589 FS BANCORP, INC. (Exact name of registrant as specified in its charter) ​ ​ ​ Washington ​ 45-4585178 (State or other jurisdiction of incorporation or organization) ​ (I.R.S. Employer Identification Number) ​ ​ ​ 6920 220th Street SW, Mountlake Terrace, Washington ​ 98043 (Address of principal executive offices) ​ (Zip Code) ​ ​ ​ Registrant’s telephone number, including area code: ​ (425) 771-5299 ​ Securities registered pursuant to Section 12(b) of the Act: Title of each class Trading Symbol(s) Name of each exchange on which registered Common Stock, $0.01 par value per share FSBW The NASDAQ Stock Market LLC Securities Registered Pursuant to Section 12(g) of the",https://www.sec.gov/Archives/edgar/data/1530249/000143774926008243/fsbw20251231_10k.htm
FSBW,10-K,2025-12-31,office,111458," by check mark whether the financial statements of the registrant included in the filing reflect the correction of an error to previously issued financial statements. ☐ Indicate by check mark whether any of those error corrections are restatements that required a recovery analysis of incentive-based compensation received by any of the registrant’s executive officers during the relevant recovery period pursuant to §240.10D-1(b). ☐ Indicate by check mark whether the Registrant is a shell company (as defined in Exchange Act Rule 12b-2). Yes ☐ No ☒ The aggregate market value of the voting and nonvoting common equity held by non-affiliates of the registrant was $259,816,442 based on the closing sales price of $39.38 per s",https://www.sec.gov/Archives/edgar/data/1530249/000143774926008243/fsbw20251231_10k.htm
FSBW,10-K,2025-12-31,office,111986,"ule 12b-2). Yes ☐ No ☒ The aggregate market value of the voting and nonvoting common equity held by non-affiliates of the registrant was $259,816,442 based on the closing sales price of $39.38 per share of the registrant’s common stock as quoted on the NASDAQ Stock Market LLC on June 30, 2025. For purposes of this calculation, common stock held by executive officers and directors of the registrant is considered to be held by affiliates. As of March 11, 2026, there were 7,501,542 shares of the registrant’s common stock outstanding. DOCUMENTS INCORPORATED BY REFERENCE 1. Portions of the definitive Proxy Statement for the 2026 Annual Meeting of Shareholders (“Proxy Statement”) are incorporated by reference into Part III",https://www.sec.gov/Archives/edgar/data/1530249/000143774926008243/fsbw20251231_10k.htm
FSBW,10-K,2025-12-31,office,112793,"1. Business: 3 ​ ​ General 3 ​ ​ Market Area 4 ​ ​ Lending Activities 4 ​ ​ Loan Originations, Servicing, Purchases and Sales 4 ​ ​ Asset Quality 13 ​ ​ Allowance for Credit Losses 14 ​ ​ Investment Activities 17 ​ ​ Deposit Activities and Other Sources of Funds 18 ​ ​ Subsidiary and Other Activities 21 ​ ​ Competition 21 ​ ​ Information about our Executive Officers 22 Human Capital 24 ​ ​ How We Are Regulated 24 ​ ​ Taxation 33 Item 1A. Risk Factors 34 Item 1B. Unresolved Staff Comments 46 Item 1C. Cybersecurity 46 Item 2. Properties 49 Item 3. Legal Proceedings 50 Item 4. Mine Safety Disclosures 50 PART II ​ ​ Item 5. Market for Registrant’s Common Equity, Related Stockholder Matters and Issuer Purchases of Equity ",https://www.sec.gov/Archives/edgar/data/1530249/000143774926008243/fsbw20251231_10k.htm
FSBW,10-K,2025-12-31,office,114222,"ial Statements and Supplementary Data 69 Item 9. Changes in and Disagreements With Accountants on Accounting and Financial Disclosure 129 Item 9A. Controls and Procedures 129 Item 9B. Other Information 130 Item 9C. Disclosure Regarding Foreign Jurisdiction that Prevent Inspections 130 ​ i Table of Contents ​ Page PART III ​ ​ ​ Item 10. Directors, Executive Officers and Corporate Governance 130 Item 11. Executive Compensation 131 Item 12. Security Ownership of Certain Beneficial Owners and Management and Related Stockholder Matters 131 Item 13. Certain Relationships and Related Transactions, and Director Independence 132 Item 14. Principal Accountant Fees and Services 132 ​ ​ ​ PART IV ​ ​ Item 15. Exhibits and Finan",https://www.sec.gov/Archives/edgar/data/1530249/000143774926008243/fsbw20251231_10k.htm
FSBW,10-K,2025-12-31,owner-occupied,275781,"ne loans secured by boats, and $3.0 million (0.1% of total consumer loans) consisted of other consumer loans, which includes personal lines of credit, credit cards, automobiles, direct home improvement, loans on deposit, and recreational loans. Generally, we consider these types of loans to involve a higher degree of risk compared to first mortgage loans on owner-occupied, one-to-four-family residential properties. As a result of our large portfolio of consumer loans, it may become necessary to increase the level of provision for credit losses on loans, which would reduce profits. Consumer loans generally entail greater risk than one-to-four-family residential mortgage loans, particularly in the case of loans that are secure",https://www.sec.gov/Archives/edgar/data/1530249/000143774926008243/fsbw20251231_10k.htm
FSBW,10-K,2025-12-31,owner-occupied,285676,"h an outstanding balance of $29.2 million at December 31, 2025. The risks associated with the collateral underlying our commercial construction warehouse lines are similar to those associated with our residential construction and development loans. Construction financing involves a higher degree of credit risk compared to longer-term financing for improved, owner-occupied real estate. These risks include: (i) advanced disbursement of funds based on estimated project costs to achieve future value at completion, making repayment dependent on successful completion; (ii) uncertainty in estimating construction costs and the market value of completed projects; (iii) governmental regulations and changes in housing demand, which can",https://www.sec.gov/Archives/edgar/data/1530249/000143774926008243/fsbw20251231_10k.htm
FSBW,10-K,2025-12-31,owner-occupied,377114,"3 million to $9.2 million, indirect home improvement loans, which increased $2.6 million to $4.3 million, and one-to-four-family residential loans, which increased $1.6 million to $1.8 million. These increases were partially offset by decreases of $2.9 million in nonaccrual commercial business loans, to $580,000, and a decrease of $722,000 in nonaccrual CRE owner-occupied loans, to $2.0 million. The increase in nonperforming loans reflects continued elevated losses in certain consumer loans due to strained economic conditions and in construction and development loans due to a collateral deficiency on a commercial construction project. Consequently, the ratio of nonperforming loans to total gross loans rose to 0.71% at Decemb",https://www.sec.gov/Archives/edgar/data/1530249/000143774926008243/fsbw20251231_10k.htm
FSBW,10-K,2025-12-31,owner-occupied,502510,"-family properties and tracts of land for development that are not pre-sold. Custom one-to-four-family construction loans to the intended occupant of the residence are included under residential custom construction lending described below. Residential Real Estate Loans One-to-Four-Family Real Estate Lending. One-to-four-family residential loans include both owner-occupied properties (including second homes) and non-owner-occupied properties with up to four units. These loans which are originated by the Company or periodically purchased from other banks, are secured by first mortgages on one-to-four-family residences in our market areas and are intended to be held in the Company's portfolio (excludes loans held for sale). Hom",https://www.sec.gov/Archives/edgar/data/1530249/000143774926008243/fsbw20251231_10k.htm
FSBW,10-K,2025-12-31,owner-occupied,517374,"of risk grades whenever we receive new information. Borrowers are generally required to submit financial information at regular intervals. Typically, commercial borrowers with lines of credit are required to submit financial information with reporting intervals ranging from monthly to annually depending on credit size, risk, and complexity. In addition, non-owner-occupied CRE borrowers with loans exceeding a certain dollar threshold are usually required to submit rent rolls or property income statements annually. We monitor construction loans monthly. We also review loans graded “Watch” or worse, regardless of loan type, no less than quarterly. 96 Table of Contents The following tables summarize risk rated loan balances and ",https://www.sec.gov/Archives/edgar/data/1530249/000143774926008243/fsbw20251231_10k.htm
FSBW,10-K,2025-12-31,owner-occupied,556577,"hts to collateral vary and are legally documented to the extent practicable. Local economic conditions may affect borrowers’ ability to meet the stated repayment terms. At December 31, 2025, the concentration on commercial real estate remains below the 300% of Risk Based Capital regulatory threshold at 274.9%, and the subset of construction loans, excluding owner-occupied loans is within Board approved limits. The concentration of construction, land development, and other land loans represented 103.5% of the Bank’s total regulatory capital at December 31, 2025. These loans are focused on in-city, infill vertical construction financing in King and Snohomish counties. Local economic conditions may affect borrowers’ ability to ",https://www.sec.gov/Archives/edgar/data/1530249/000143774926008243/fsbw20251231_10k.htm
FSBW,10-Q,2026-06-30,Marin,8926,s-gaap:ResidentialPortfolioSegmentMember2026-06-30 0001530249us-gaap:ResidentialPortfolioSegmentMember2025-12-31 0001530249us-gaap:ConsumerPortfolioSegmentMemberfsbw:IndirectHomeImprovementLoanMember2026-06-30 0001530249us-gaap:ConsumerPortfolioSegmentMemberfsbw:IndirectHomeImprovementLoanMember2025-12-31 0001530249us-gaap:ConsumerPortfolioSegmentMemberfsbw:MarineLoansMember2026-06-30 0001530249us-gaap:ConsumerPortfolioSegmentMemberfsbw:MarineLoansMember2025-12-31 0001530249us-gaap:ConsumerPortfolioSegmentMemberfsbw:OtherConsumerLoanMember2026-06-30 0001530249us-gaap:ConsumerPortfolioSegmentMemberfsbw:OtherConsumerLoanMember2025-12-31 0001530249us-gaap:ConsumerPortfolioSegmentMember2026-06-30 0001530249us-gaap:Consu,https://www.sec.gov/Archives/edgar/data/1530249/000143774926026740/fsbw20260630_10q.htm
FSBW,10-Q,2026-06-30,Marin,20460,1530249us-gaap:ConsumerPortfolioSegmentMemberfsbw:IndirectHomeImprovementLoanMemberus-gaap:FinancingReceivables60To89DaysPastDueMember2026-06-30 0001530249us-gaap:ConsumerPortfolioSegmentMemberfsbw:IndirectHomeImprovementLoanMemberus-gaap:FinancingReceivablesEqualToGreaterThan90DaysPastDueMember2026-06-30 0001530249us-gaap:ConsumerPortfolioSegmentMemberfsbw:MarineLoansMemberus-gaap:FinancingReceivables30To59DaysPastDueMember2026-06-30 0001530249us-gaap:ConsumerPortfolioSegmentMemberfsbw:MarineLoansMemberus-gaap:FinancingReceivables60To89DaysPastDueMember2026-06-30 0001530249us-gaap:ConsumerPortfolioSegmentMemberfsbw:MarineLoansMemberus-gaap:FinancingReceivablesEqualToGreaterThan90DaysPastDueMember2026-06-30 00015302,https://www.sec.gov/Archives/edgar/data/1530249/000143774926026740/fsbw20260630_10q.htm
FSBW,10-Q,2026-06-30,Marin,27625,1530249us-gaap:ConsumerPortfolioSegmentMemberfsbw:IndirectHomeImprovementLoanMemberus-gaap:FinancingReceivables60To89DaysPastDueMember2025-12-31 0001530249us-gaap:ConsumerPortfolioSegmentMemberfsbw:IndirectHomeImprovementLoanMemberus-gaap:FinancingReceivablesEqualToGreaterThan90DaysPastDueMember2025-12-31 0001530249us-gaap:ConsumerPortfolioSegmentMemberfsbw:MarineLoansMemberus-gaap:FinancingReceivables30To59DaysPastDueMember2025-12-31 0001530249us-gaap:ConsumerPortfolioSegmentMemberfsbw:MarineLoansMemberus-gaap:FinancingReceivables60To89DaysPastDueMember2025-12-31 0001530249us-gaap:ConsumerPortfolioSegmentMemberfsbw:MarineLoansMemberus-gaap:FinancingReceivablesEqualToGreaterThan90DaysPastDueMember2025-12-31 00015302,https://www.sec.gov/Archives/edgar/data/1530249/000143774926026740/fsbw20260630_10q.htm
FSBW,10-Q,2026-06-30,Marin,32944,gmentMemberfsbw:IndirectHomeImprovementLoanMemberus-gaap:PassMember2026-06-30 0001530249us-gaap:ConsumerPortfolioSegmentMemberfsbw:IndirectHomeImprovementLoanMemberus-gaap:SubstandardMember2026-06-30 0001530249us-gaap:ConsumerPortfolioSegmentMemberfsbw:IndirectHomeImprovementLoanMember2026-01-012026-06-30 0001530249us-gaap:ConsumerPortfolioSegmentMemberfsbw:MarineLoansMemberus-gaap:PassMember2026-06-30 0001530249us-gaap:ConsumerPortfolioSegmentMemberfsbw:MarineLoansMemberus-gaap:SubstandardMember2026-06-30 0001530249us-gaap:ConsumerPortfolioSegmentMemberfsbw:MarineLoansMember2026-01-012026-06-30 0001530249us-gaap:ConsumerPortfolioSegmentMemberfsbw:OtherConsumerLoanMemberus-gaap:PassMember2026-06-30 0001530249us-gaap,https://www.sec.gov/Archives/edgar/data/1530249/000143774926026740/fsbw20260630_10q.htm
FSBW,10-Q,2026-06-30,Marin,37048,gmentMemberfsbw:IndirectHomeImprovementLoanMemberus-gaap:PassMember2025-12-31 0001530249us-gaap:ConsumerPortfolioSegmentMemberfsbw:IndirectHomeImprovementLoanMemberus-gaap:SubstandardMember2025-12-31 0001530249us-gaap:ConsumerPortfolioSegmentMemberfsbw:IndirectHomeImprovementLoanMember2025-01-012025-12-31 0001530249us-gaap:ConsumerPortfolioSegmentMemberfsbw:MarineLoansMemberus-gaap:PassMember2025-12-31 0001530249us-gaap:ConsumerPortfolioSegmentMemberfsbw:MarineLoansMemberus-gaap:SubstandardMember2025-12-31 0001530249us-gaap:ConsumerPortfolioSegmentMemberfsbw:MarineLoansMember2025-01-012025-12-31 0001530249us-gaap:ConsumerPortfolioSegmentMemberfsbw:OtherConsumerLoanMemberus-gaap:PassMember2025-12-31 0001530249us-gaap,https://www.sec.gov/Archives/edgar/data/1530249/000143774926026740/fsbw20260630_10q.htm
FSBW,10-Q,2026-06-30,Marin,45689,mber2025-12-31 0001530249fsbw:OtherNonrealEstateMemberus-gaap:ConsumerPortfolioSegmentMemberfsbw:IndirectHomeImprovementLoanMember2025-12-31 0001530249fsbw:CollateralDependentLoansMemberus-gaap:ConsumerPortfolioSegmentMemberfsbw:IndirectHomeImprovementLoanMember2025-12-31 0001530249us-gaap:CommercialRealEstateMemberus-gaap:ConsumerPortfolioSegmentMemberfsbw:MarineLoansMember2026-06-30 0001530249us-gaap:ResidentialRealEstateMemberus-gaap:ConsumerPortfolioSegmentMemberfsbw:MarineLoansMember2026-06-30 0001530249fsbw:OtherNonrealEstateMemberus-gaap:ConsumerPortfolioSegmentMemberfsbw:MarineLoansMember2026-06-30 0001530249fsbw:CollateralDependentLoansMemberus-gaap:ConsumerPortfolioSegmentMemberfsbw:MarineLoansMember2026-0,https://www.sec.gov/Archives/edgar/data/1530249/000143774926026740/fsbw20260630_10q.htm
FSBW,10-Q,2026-06-30,Marin,46146,oSegmentMemberfsbw:MarineLoansMember2026-06-30 0001530249fsbw:OtherNonrealEstateMemberus-gaap:ConsumerPortfolioSegmentMemberfsbw:MarineLoansMember2026-06-30 0001530249fsbw:CollateralDependentLoansMemberus-gaap:ConsumerPortfolioSegmentMemberfsbw:MarineLoansMember2026-06-30 0001530249us-gaap:CommercialRealEstateMemberus-gaap:ConsumerPortfolioSegmentMemberfsbw:MarineLoansMember2025-12-31 0001530249us-gaap:ResidentialRealEstateMemberus-gaap:ConsumerPortfolioSegmentMemberfsbw:MarineLoansMember2025-12-31 0001530249fsbw:OtherNonrealEstateMemberus-gaap:ConsumerPortfolioSegmentMemberfsbw:MarineLoansMember2025-12-31 0001530249fsbw:CollateralDependentLoansMemberus-gaap:ConsumerPortfolioSegmentMemberfsbw:MarineLoansMember2025-1,https://www.sec.gov/Archives/edgar/data/1530249/000143774926026740/fsbw20260630_10q.htm
FSBW,10-Q,2026-06-30,Marin,127477,"9​​​354,130​ Multi-family​​262,137​​​262,150​ Total CRE loans​​1,004,990​​​969,471​ RESIDENTIAL REAL ESTATE LOANS​​​​​​​​ One-to-four-family​​660,518​​​628,761​ Home equity​​88,214​​​88,271​ Residential custom construction​​44,765​​​42,329​ Total residential real estate​​793,497​​​759,361​ CONSUMER LOANS​​​​​​​​ Indirect home improvement​​502,151​​​525,842​ Marine​​66,941​​​68,115​ Other consumer​​4,111​​​3,029​ Total consumer loans​​573,203​​​596,986​ COMMERCIAL BUSINESS LOANS​​​​​​​​ Commercial and industrial (“C&I”)​​281,181​​​301,111​ Warehouse lending​​7,286​​​28,180​ Total commercial business loans​​288,467​​​329,291​ Total loans receivable, gross​​2,660,157​​​2,655,109​ ACL on loans​​(31,165)​​(31,937) Total ",https://www.sec.gov/Archives/edgar/data/1530249/000143774926026740/fsbw20260630_10q.htm
FSBW,10-Q,2026-06-30,Puget Sound,109400,"ank” or “1st Security Bank”) in connection with the Bank’s conversion from the mutual to stock form of ownership which was completed on July 9, 2012. The Bank is a community-based savings bank with 29 full-service bank branches, a headquarters that also originates loans and accepts deposits, and loan production offices in suburban communities in the greater Puget Sound area, the Kennewick-Pasco-Richland metropolitan area of Washington, also known as the Tri-Cities, Goldendale, Vancouver, and White Salmon, Washington and Manzanita, Newport, Ontario, Tillamook, and Waldport, Oregon. The Bank provides loan and deposit services to customers who are predominantly small- and middle-market businesses and individuals. The Company",https://www.sec.gov/Archives/edgar/data/1530249/000143774926026740/fsbw20260630_10q.htm
FSBW,10-Q,2026-06-30,Puget Sound,242284,"ew information, future events or otherwise. In light of these risks, uncertainties and assumptions, the forward-looking statements in this report might not occur and you should not place undue reliance on any forward-looking statements. Overview 1st Security Bank including the predecessor to Anchor Bank, one of its banking acquisitions, has been serving the Puget Sound area since 1907. On July 9, 2012, the Bank converted from mutual to stock ownership, becoming the wholly owned subsidiary of FS Bancorp. The Company is relationship-driven, delivering banking and financial services to families, businesses, and industry niches in suburban communities across the greater Puget Sound area, the Kennewick-Pasco-Richland metropoli",https://www.sec.gov/Archives/edgar/data/1530249/000143774926026740/fsbw20260630_10q.htm
FSBW,10-Q,2026-06-30,Washington,88894,26-01-012026-06-30 0001530249us-gaap:RestrictedStockMember2025-12-31 0001530249us-gaap:RestrictedStockMember2026-01-012026-06-30 0001530249us-gaap:RestrictedStockMember2026-06-30 0001530249us-gaap:RestrictedStockMemberfsbw:The2018EquityIncentivePlanMember2026-01-012026-06-30 0001530249srt:ParentCompanyMember2026-06-30 0001530249fsbw:The1stFirstSecurityBankOfWashingtonSubsidiaryMember2026-06-30 0001530249srt:ParentCompanyMember2025-12-31 0001530249fsbw:The1stFirstSecurityBankOfWashingtonSubsidiaryMember2025-12-31 0001530249us-gaap:OperatingSegmentsMemberfsbw:CommercialAndConsumerBankingMember2026-04-012026-06-30 0001530249us-gaap:OperatingSegmentsMemberfsbw:HomeLendingMember2026-04-012026-06-30 0001530249us-gaap:Operating,https://www.sec.gov/Archives/edgar/data/1530249/000143774926026740/fsbw20260630_10q.htm
FSBW,10-Q,2026-06-30,Washington,91511,"bw:ColumbiaStateBankMemberus-gaap:CoreDepositsMember2026-06-30 0001530249fsbw:AnchorBankMemberus-gaap:CoreDepositsMember2026-06-30 00015302492026-02-25 0001530249fsbw:PacificWestMember2026-02-25 0001530249fsbw:PacificWestShareholdersMember2026-02-25 0001530249fsbw:PacificWestMember2025-12-31 Table of Contents UNITED STATES SECURITIES AND EXCHANGE COMMISSION Washington, D.C. 20549 FORM 10-Q (Mark One) ☒ QUARTERLY REPORT PURSUANT TO SECTION 13 OR 15(d) OF THE SECURITIES EXCHANGE ACT OF 1934 For the quarterly period ended June 30, 2026 or ☐ TRANSITION REPORT PURSUANT TO SECTION 13 OR 15(d) OF THE SECURITIES EXCHANGE ACT OF 1934 For the transition period from to Commission File Number: 001-35589 FS BANCORP, INC. (Exact name ",https://www.sec.gov/Archives/edgar/data/1530249/000143774926026740/fsbw20260630_10q.htm
FSBW,10-Q,2026-06-30,Washington,91924,"LY REPORT PURSUANT TO SECTION 13 OR 15(d) OF THE SECURITIES EXCHANGE ACT OF 1934 For the quarterly period ended June 30, 2026 or ☐ TRANSITION REPORT PURSUANT TO SECTION 13 OR 15(d) OF THE SECURITIES EXCHANGE ACT OF 1934 For the transition period from to Commission File Number: 001-35589 FS BANCORP, INC. (Exact name of registrant as specified in its charter) Washington 45-4585178 (State or other jurisdiction of incorporation or organization) (IRS Employer Identification No.) 6920 220th Street SW, Mountlake Terrace, Washington 98043 (Address of principal executive offices; Zip Code) (425) 771‑5299 (Registrant’s telephone number, including area code) None (Former name, former address, and former fiscal year, if changed sinc",https://www.sec.gov/Archives/edgar/data/1530249/000143774926026740/fsbw20260630_10q.htm
FSBW,10-Q,2026-06-30,Washington,95698,"curities and Use of Proceeds 68 Item 3. Defaults Upon Senior Securities 68 Item 4. Mine Safety Disclosures 68 Item 5. Other Information 68 Item 6. Exhibits 69 SIGNATURES 70 When we refer to “FS Bancorp” in this report, we are referring to FS Bancorp, Inc. When we refer to “Bank” or “1st Security Bank” in this report, we are referring to 1st Security Bank of Washington, the wholly owned subsidiary of FS Bancorp. As used in this report, the terms “we,” “our,” “us,” and “Company” refer to FS Bancorp, Inc. and its consolidated subsidiary, 1st Security Bank of Washington, unless the context indicates otherwise. 3 Table of Contents Item 1. Financial Statements FS BANCORP, INC. AND SUBSIDIARY CONSOLIDATED BALANCE SHEETS (In tho",https://www.sec.gov/Archives/edgar/data/1530249/000143774926026740/fsbw20260630_10q.htm
FSBW,10-Q,2026-06-30,Washington,109022,"CORP, INC. AND SUBSIDIARY NOTES TO CONSOLIDATED FINANCIAL STATEMENTS (Unaudited) (Table Dollar Amounts in Thousands, Except Per Share Amounts) NOTE 1 – BASIS OF PRESENTATION AND SUMMARY OF SIGNIFICANT ACCOUNTING POLICIES Nature of Operations – FS Bancorp, Inc. (the “Company”) was incorporated in September 2011 as the holding company for 1st Security Bank of Washington (the “Bank” or “1st Security Bank”) in connection with the Bank’s conversion from the mutual to stock form of ownership which was completed on July 9, 2012. The Bank is a community-based savings bank with 29 full-service bank branches, a headquarters that also originates loans and accepts deposits, and loan production offices in suburban communities in the ",https://www.sec.gov/Archives/edgar/data/1530249/000143774926026740/fsbw20260630_10q.htm
FSBW,10-Q,2026-06-30,Washington,109468,"n from the mutual to stock form of ownership which was completed on July 9, 2012. The Bank is a community-based savings bank with 29 full-service bank branches, a headquarters that also originates loans and accepts deposits, and loan production offices in suburban communities in the greater Puget Sound area, the Kennewick-Pasco-Richland metropolitan area of Washington, also known as the Tri-Cities, Goldendale, Vancouver, and White Salmon, Washington and Manzanita, Newport, Ontario, Tillamook, and Waldport, Oregon. The Bank provides loan and deposit services to customers who are predominantly small- and middle-market businesses and individuals. The Company and its subsidiary are subject to regulation by certain federal an",https://www.sec.gov/Archives/edgar/data/1530249/000143774926026740/fsbw20260630_10q.htm
FSBW,10-Q,2026-06-30,Washington,128337,"t discounts on acquired loans, and premiums on purchased loans of $7.0 million as of June 30, 2026, and $8.6 million as of December 31, 2025. Net loans do not include accrued interest receivable. Most of the Company’s CRE and multi-family real estate, construction, residential, and commercial business lending activities are with customers located in Western Washington, the Oregon Coast, or near our loan production offices in Vancouver and the Tri-Cities, Washington. While the Company primarily originates real estate, consumer, and commercial business loans in these market areas, it also originates indirect home improvement loans, including solar-related home improvement loans, through a network of home improvement contra",https://www.sec.gov/Archives/edgar/data/1530249/000143774926026740/fsbw20260630_10q.htm
FSBW,10-Q,2026-06-30,Washington,128744,"production offices in Vancouver and the Tri-Cities, Washington. While the Company primarily originates real estate, consumer, and commercial business loans in these market areas, it also originates indirect home improvement loans, including solar-related home improvement loans, through a network of home improvement contractors and dealers located throughout Washington, Oregon, California, Idaho, Colorado, Arizona, Minnesota, Nevada, Texas, Utah, Massachusetts, Montana, and New Hampshire. Depending on underwriting guidelines, these indirect home improvement loans may be secured by collateral, with legal documentation that establishes the Company's rights to the collateral, where practicable. Local economic conditions may ",https://www.sec.gov/Archives/edgar/data/1530249/000143774926026740/fsbw20260630_10q.htm
FSBW,10-Q,2026-06-30,commercial real estate,126927,"ies​$326,439​​$304,643​​$343,598​​$323,063​ There were no sales of securities available-for-sale for the three and six months ended June 30, 2026 and 2025. 15 Table of Contents NOTE 3 – LOANS RECEIVABLE AND ALLOWANCE FOR CREDIT LOSSES – LOANS The composition of the loan portfolio was as follows at the dates indicated: ​​June 30,​​December 31,​ ​​2026​​2025​ COMMERCIAL REAL ESTATE (""CRE"") LOANS​​​​​​​​ CRE owner occupied​$184,136​​$176,078​ CRE non-owner occupied​​188,258​​​177,113​ Commercial and speculative construction and development​​370,459​​​354,130​ Multi-family​​262,137​​​262,150​ Total CRE loans​​1,004,990​​​969,471​ RESIDENTIAL REAL ESTATE LOANS​​​​​​​​ One-to-four-family​​660,518​​​628,761​ Home equity​​88,214​​​88,271​ R",https://www.sec.gov/Archives/edgar/data/1530249/000143774926026740/fsbw20260630_10q.htm
FSBW,10-Q,2026-06-30,commercial real estate,130652,"moderate income borrowers in the Company’s footprint. CRE Lending. Loans originated by the Company primarily secured by income-producing properties, including retail centers, warehouses, and office buildings located in its market areas. Commercial and Speculative Construction and Development Lending. Loans originated for the construction of, and secured by, commercial real estate, one-to-four-family, and multi-family properties and tracts of land for development that are not pre-sold. Custom one-to-four-family construction loans to the intended occupant of the residence are included under residential custom construction lending described below. Residential Real Estate Loans One-to-Four-Family Real Estate Lending. One-to-four-family ",https://www.sec.gov/Archives/edgar/data/1530249/000143774926026740/fsbw20260630_10q.htm
FSBW,10-Q,2026-06-30,commercial real estate,220944,"ommercial and Consumer Banking Segment The commercial and consumer banking segment provides diversified financial products and services to our commercial and consumer customers through Bank branches, online banking platforms, mobile banking apps, and telephone banking. These products and services include deposit products; residential, consumer, business and commercial real estate lending portfolios; and cash management services. The Company originates consumer loans, commercial and multi-family real estate loans, construction loans for residential and multi-family construction, and commercial business loans. At June 30, 2026, the Company’s retail deposit branch network consisted of 28 branches in the Pacific Northwest. This segment ",https://www.sec.gov/Archives/edgar/data/1530249/000143774926026740/fsbw20260630_10q.htm
FSBW,10-Q,2026-06-30,commercial real estate,249165,"o-maturity, $1.5 million in total cash and cash equivalents, and $866,000 in operating lease right-of-use assets. Loan growth was funded primarily by borrowings, which also replaced a decline in deposit funding during the period. Loans receivable, net increased $5.8 million to $2.63 billion at June 30, 2026, compared to $2.62 billion at December 31, 2025: ● Commercial real estate (“CRE”) loans increased $35.5 million, primarily reflecting: ○ $16.3 million in commercial and speculative construction and development loans, ○ $11.1 million in CRE non-owner occupied loans, and ○ $8.1 million in CRE owner occupied loans. ● Residential real estate loans increased $34.1 million, driven by: ○ $31.8 million in one-to-four-family loans (exclud",https://www.sec.gov/Archives/edgar/data/1530249/000143774926026740/fsbw20260630_10q.htm
FSBW,10-Q,2026-06-30,commercial real estate,270735,"to a further charge-off on an existing commercial construction loan relationship that was previously partially charged off in 2024, as well as higher net charge-offs within the indirect home improvement portfolio. The additional charge-off reflects leasing uncertainty and updated appraised values for the underlying property, as well as continued pressure on commercial real estate values in the surrounding market. Management expects final resolution of the relationship during the second half of 2026. The increase in indirect home improvement loan net charge-offs primarily reflects elevated delinquency levels within portions of the portfolio. 60 Table of Contents Noninterest Income. Noninterest income increased $980,000 to $6.2 millio",https://www.sec.gov/Archives/edgar/data/1530249/000143774926026740/fsbw20260630_10q.htm
FSBW,10-Q,2026-06-30,concentration,243519,"families and businesses it serves, working alongside them to meet their evolving financial needs. 53 Table of Contents The Company's strategic focus involves diversifying revenues, expanding lending channels, and enhancing the banking franchise. Management is committed to building varied revenue streams while thoughtfully managing credit, interest rate, and concentration risks. This commitment is reflected in the following priorities: ● Growing and diversifying the loan portfolio; ● Maintaining strong asset quality; ● Emphasizing lower cost core deposits to reduce funding costs and support loan growth; ● Capturing customers’ complete relationships through a broad array of products and services, leveraging community involvem",https://www.sec.gov/Archives/edgar/data/1530249/000143774926026740/fsbw20260630_10q.htm
FSBW,10-Q,2026-06-30,market area,128549,"any’s CRE and multi-family real estate, construction, residential, and commercial business lending activities are with customers located in Western Washington, the Oregon Coast, or near our loan production offices in Vancouver and the Tri-Cities, Washington. While the Company primarily originates real estate, consumer, and commercial business loans in these market areas, it also originates indirect home improvement loans, including solar-related home improvement loans, through a network of home improvement contractors and dealers located throughout Washington, Oregon, California, Idaho, Colorado, Arizona, Minnesota, Nevada, Texas, Utah, Massachusetts, Montana, and New Hampshire. Depending on underwriting guidelines, these",https://www.sec.gov/Archives/edgar/data/1530249/000143774926026740/fsbw20260630_10q.htm
FSBW,10-Q,2026-06-30,market area,130515,"able of Contents CRE Loans Multi-Family Lending. Apartment term lending (five or more units) and community reinvestment loans for low to moderate income borrowers in the Company’s footprint. CRE Lending. Loans originated by the Company primarily secured by income-producing properties, including retail centers, warehouses, and office buildings located in its market areas. Commercial and Speculative Construction and Development Lending. Loans originated for the construction of, and secured by, commercial real estate, one-to-four-family, and multi-family properties and tracts of land for development that are not pre-sold. Custom one-to-four-family construction loans to the intended occupant of the residence are included unde",https://www.sec.gov/Archives/edgar/data/1530249/000143774926026740/fsbw20260630_10q.htm
FSBW,10-Q,2026-06-30,market area,131338,"-to-Four-Family Real Estate Lending. One-to-four-family residential loans include both owner occupied properties (including second homes), and non-owner occupied properties with up to four units. These loans, which are originated by the Company or periodically purchased from other banks, are secured by first mortgages on one-to-four-family residences in our market areas and are intended to be held in the Company's portfolio (excludes loans held for sale). Home Equity Lending. Loans originated by the Company secured by second mortgages on one-to-four-family residences, including home equity lines of credit within the Company's market areas. Residential Custom Construction Lending. Custom construction loans to intended occu",https://www.sec.gov/Archives/edgar/data/1530249/000143774926026740/fsbw20260630_10q.htm
FSBW,10-Q,2026-06-30,market area,132841,"originated by the Company to consumers in our retail branch footprint, including automobiles, direct home improvement loans, loans on deposits, and other consumer loans, primarily consisting of personal lines of credit and credit cards. Commercial Business Loans C&I Lending. C&I loans originated by the Company to local small- and mid-sized businesses in its market area are secured primarily by accounts receivable, inventory, and personal property, plant and equipment. Some C&I loans purchased by the Company are outside of its market area. C&I loans are made based on the borrower’s ability to repay from the cash flow of the borrower’s business. At June 30, 2026 and December 31, 2025, C&I loans included Small Business Admin",https://www.sec.gov/Archives/edgar/data/1530249/000143774926026740/fsbw20260630_10q.htm
FSBW,10-Q,2026-06-30,market area,246547,"rior period, driven by changes in interest rates and economic conditions. Residential construction and development lending, while less common than other origination options, remains an important element of the total loan portfolio. The Company continues to take a disciplined approach concentrating its efforts on loans to builders and developers in its known market areas. These short-term loans typically carry a maturity of six to 18 months, with disbursements not fully realized at origination, resulting in a short-term reduction in net loans receivable. The Company is affected by prevailing economic conditions, as well as government policies and regulations concerning, among other things, monetary and fiscal affairs. Depo",https://www.sec.gov/Archives/edgar/data/1530249/000143774926026740/fsbw20260630_10q.htm
FSBW,10-Q,2026-06-30,market area,250878,", 2025. For the six months ended June 30, 2026, one-to-four-family loan originations and refinancing activity increased, compared to the six months ended June 30, 2025, driven by improved mortgage rates. Refinance volume increased $56.6 million or 104.9%, and purchase originations increased $12.0 million or 4.1%, reflecting continued demand in the Company’s market areas. Originations of one-to-four-family loans for the periods indicated were as follows: (Dollars in thousands) ​ For the Six Months Ended June 30, ​ ​ ​ ​ ​ ​ ​ ​ ​ ​ ​ 2026 ​ ​ 2025 ​ ​ ​ ​ ​ ​ ​ ​ ​ ​ ​ Amount ​ ​ Percent ​ ​ Amount ​ ​ Percent ​ ​ $ Change ​ ​ % Change ​ Purchase ​ $ 302,726 ​ ​ ​ 73.2 % ​ $ 290,737 ​ ​ ​ 84.3 % ​ $ 11,989 ​ ​ ​ 4.1 % Refi",https://www.sec.gov/Archives/edgar/data/1530249/000143774926026740/fsbw20260630_10q.htm
FSBW,10-Q,2026-06-30,multifamily,7747,onownerOccupiedMember2025-12-31 0001530249us-gaap:CommercialRealEstatePortfolioSegmentMemberfsbw:CommercialAndSpeculativeConstructionAndDevelopmentMember2026-06-30 0001530249us-gaap:CommercialRealEstatePortfolioSegmentMemberfsbw:CommercialAndSpeculativeConstructionAndDevelopmentMember2025-12-31 0001530249us-gaap:CommercialRealEstatePortfolioSegmentMembersrt:MultifamilyMember2026-06-30 0001530249us-gaap:CommercialRealEstatePortfolioSegmentMembersrt:MultifamilyMember2025-12-31 0001530249us-gaap:CommercialRealEstatePortfolioSegmentMember2026-06-30 0001530249us-gaap:CommercialRealEstatePortfolioSegmentMember2025-12-31 0001530249us-gaap:ResidentialPortfolioSegmentMemberfsbw:OnetofourFamilyLoanMember2026-06-30 0001530249us-gaap,https://www.sec.gov/Archives/edgar/data/1530249/000143774926026740/fsbw20260630_10q.htm
FSBW,10-Q,2026-06-30,multifamily,17484,ativeConstructionAndDevelopmentMemberus-gaap:FinancingReceivables60To89DaysPastDueMember2026-06-30 0001530249us-gaap:CommercialRealEstatePortfolioSegmentMemberfsbw:CommercialAndSpeculativeConstructionAndDevelopmentMemberus-gaap:FinancingReceivablesEqualToGreaterThan90DaysPastDueMember2026-06-30 0001530249us-gaap:CommercialRealEstatePortfolioSegmentMembersrt:MultifamilyMemberus-gaap:FinancingReceivables30To59DaysPastDueMember2026-06-30 0001530249us-gaap:CommercialRealEstatePortfolioSegmentMembersrt:MultifamilyMemberus-gaap:FinancingReceivables60To89DaysPastDueMember2026-06-30 0001530249us-gaap:CommercialRealEstatePortfolioSegmentMembersrt:MultifamilyMemberus-gaap:FinancingReceivablesEqualToGreaterThan90DaysPastDueMember202,https://www.sec.gov/Archives/edgar/data/1530249/000143774926026740/fsbw20260630_10q.htm
FSBW,10-Q,2026-06-30,multifamily,24649,ativeConstructionAndDevelopmentMemberus-gaap:FinancingReceivables60To89DaysPastDueMember2025-12-31 0001530249us-gaap:CommercialRealEstatePortfolioSegmentMemberfsbw:CommercialAndSpeculativeConstructionAndDevelopmentMemberus-gaap:FinancingReceivablesEqualToGreaterThan90DaysPastDueMember2025-12-31 0001530249us-gaap:CommercialRealEstatePortfolioSegmentMembersrt:MultifamilyMemberus-gaap:FinancingReceivables30To59DaysPastDueMember2025-12-31 0001530249us-gaap:CommercialRealEstatePortfolioSegmentMembersrt:MultifamilyMemberus-gaap:FinancingReceivables60To89DaysPastDueMember2025-12-31 0001530249us-gaap:CommercialRealEstatePortfolioSegmentMembersrt:MultifamilyMemberus-gaap:FinancingReceivablesEqualToGreaterThan90DaysPastDueMember202,https://www.sec.gov/Archives/edgar/data/1530249/000143774926026740/fsbw20260630_10q.htm
FSBW,10-Q,2026-06-30,multifamily,31721,1530249us-gaap:CommercialRealEstatePortfolioSegmentMemberfsbw:CommercialAndSpeculativeConstructionAndDevelopmentMemberus-gaap:SubstandardMember2026-06-30 0001530249us-gaap:CommercialRealEstatePortfolioSegmentMemberfsbw:CommercialAndSpeculativeConstructionAndDevelopmentMember2026-01-012026-06-30 0001530249us-gaap:CommercialRealEstatePortfolioSegmentMembersrt:MultifamilyMemberus-gaap:PassMember2026-06-30 0001530249us-gaap:ResidentialPortfolioSegmentMemberfsbw:OnetofourFamilyLoanMemberus-gaap:PassMember2026-06-30 0001530249us-gaap:ResidentialPortfolioSegmentMemberfsbw:OnetofourFamilyLoanMemberfsbw:WatchMember2026-06-30 0001530249us-gaap:ResidentialPortfolioSegmentMemberfsbw:OnetofourFamilyLoanMemberus-gaap:SubstandardMember2,https://www.sec.gov/Archives/edgar/data/1530249/000143774926026740/fsbw20260630_10q.htm
FSBW,10-Q,2026-06-30,multifamily,35744,1530249us-gaap:CommercialRealEstatePortfolioSegmentMemberfsbw:CommercialAndSpeculativeConstructionAndDevelopmentMemberus-gaap:SubstandardMember2025-12-31 0001530249us-gaap:CommercialRealEstatePortfolioSegmentMemberfsbw:CommercialAndSpeculativeConstructionAndDevelopmentMember2025-01-012025-12-31 0001530249us-gaap:CommercialRealEstatePortfolioSegmentMembersrt:MultifamilyMemberus-gaap:PassMember2025-12-31 0001530249us-gaap:CommercialRealEstatePortfolioSegmentMember2025-01-012025-12-31 0001530249us-gaap:ResidentialPortfolioSegmentMemberfsbw:OnetofourFamilyLoanMemberus-gaap:PassMember2025-12-31 0001530249us-gaap:ResidentialPortfolioSegmentMemberfsbw:OnetofourFamilyLoanMemberfsbw:WatchMember2025-12-31 0001530249us-gaap:Resident,https://www.sec.gov/Archives/edgar/data/1530249/000143774926026740/fsbw20260630_10q.htm
FSBW,10-Q,2026-06-30,multifamily,56850,oSegmentMemberfsbw:CommercialAndSpeculativeConstructionAndDevelopmentMember2026-06-30 0001530249us-gaap:CommitmentsToExtendCreditMemberus-gaap:CommercialRealEstatePortfolioSegmentMemberfsbw:CommercialAndSpeculativeConstructionAndDevelopmentMember2025-12-31 0001530249us-gaap:CommitmentsToExtendCreditMemberus-gaap:CommercialRealEstatePortfolioSegmentMembersrt:MultifamilyMember2026-06-30 0001530249us-gaap:CommitmentsToExtendCreditMemberus-gaap:CommercialRealEstatePortfolioSegmentMembersrt:MultifamilyMember2025-12-31 0001530249us-gaap:CommitmentsToExtendCreditMemberus-gaap:CommercialRealEstatePortfolioSegmentMember2026-06-30 0001530249us-gaap:CommitmentsToExtendCreditMemberus-gaap:CommercialRealEstatePortfolioSegmentMember202,https://www.sec.gov/Archives/edgar/data/1530249/000143774926026740/fsbw20260630_10q.htm
FSBW,10-Q,2026-06-30,non-owner occupied,127015,"for-sale for the three and six months ended June 30, 2026 and 2025. 15 Table of Contents NOTE 3 – LOANS RECEIVABLE AND ALLOWANCE FOR CREDIT LOSSES – LOANS The composition of the loan portfolio was as follows at the dates indicated: ​​June 30,​​December 31,​ ​​2026​​2025​ COMMERCIAL REAL ESTATE (""CRE"") LOANS​​​​​​​​ CRE owner occupied​$184,136​​$176,078​ CRE non-owner occupied​​188,258​​​177,113​ Commercial and speculative construction and development​​370,459​​​354,130​ Multi-family​​262,137​​​262,150​ Total CRE loans​​1,004,990​​​969,471​ RESIDENTIAL REAL ESTATE LOANS​​​​​​​​ One-to-four-family​​660,518​​​628,761​ Home equity​​88,214​​​88,271​ Residential custom construction​​44,765​​​42,329​ Total residential real estate​​793,",https://www.sec.gov/Archives/edgar/data/1530249/000143774926026740/fsbw20260630_10q.htm
FSBW,10-Q,2026-06-30,non-owner occupied,131121,"at are not pre-sold. Custom one-to-four-family construction loans to the intended occupant of the residence are included under residential custom construction lending described below. Residential Real Estate Loans One-to-Four-Family Real Estate Lending. One-to-four-family residential loans include both owner occupied properties (including second homes), and non-owner occupied properties with up to four units. These loans, which are originated by the Company or periodically purchased from other banks, are secured by first mortgages on one-to-four-family residences in our market areas and are intended to be held in the Company's portfolio (excludes loans held for sale). Home Equity Lending. Loans originated by the Company secured ",https://www.sec.gov/Archives/edgar/data/1530249/000143774926026740/fsbw20260630_10q.htm
FSBW,10-Q,2026-06-30,non-owner occupied,140805,"y past due loans and nonaccrual loans at June 30, 2026 and December 31, 2025: ​​June 30, 2026​ ​​30-59​​60-89​​​​​​​​​​​​​​​​​​​​​ ​​Days​​Days​​90 Days​​Total​​​​​​Total​​​​​ ​​Past​​Past​​or More​​Past​​​​​​Loans​​Non-​ CRE LOANS​Due​​Due​​Past Due​​Due​​Current​​Receivable​​Accrual (1)​ CRE owner occupied​$—​​$—​​$614​​$614​​$183,522​​$184,136​​$614​ CRE non-owner occupied​​—​​​—​​​—​​​—​​​188,258​​​188,258​​​—​ Commercial and speculative construction and development​​—​​​—​​​7,164​​​7,164​​​363,295​​​370,459​​​7,164​ Multi-family​​130​​​—​​​—​​​130​​​262,007​​​262,137​​​—​ Total CRE loans​​130​​​—​​​7,778​​​7,908​​​997,082​​​1,004,990​​​7,778​ RESIDENTIAL REAL ESTATE LOANS​​​​​​​​​​​​​​​​​​​​​​​​​​​​ One-to-four-family (excl",https://www.sec.gov/Archives/edgar/data/1530249/000143774926026740/fsbw20260630_10q.htm
FSBW,10-Q,2026-06-30,non-owner occupied,142405,"847​​$16,590​​$2,643,567​​$2,660,157​​$15,647​ 20 Table of Contents ​​December 31, 2025​ ​​30-59​​60-89​​​​​​​​​​​​​​​​​​​​​ ​​Days​​Days​​90 Days​​Total​​​​​​Total​​​​​ ​​Past​​Past​​or More​​Past​​​​​​Loans​​Non-​ CRE LOANS​Due​​Due​​Past Due​​Due​​Current​​Receivable​​Accrual (1)​ CRE owner occupied​$587​​$—​​$844​​$1,431​​$174,647​​$176,078​​$2,049​ CRE non-owner occupied​​—​​​—​​​—​​​—​​​177,113​​​177,113​​​—​ Commercial and speculative construction and development​​—​​​—​​​9,236​​​9,236​​​344,894​​​354,130​​​9,236​ Multi-family​​—​​​—​​​—​​​—​​​262,150​​​262,150​​​—​ Total CRE loans​​587​​​—​​​10,080​​​10,667​​​958,804​​​969,471​​​11,285​ RESIDENTIAL REAL ESTATE LOANS​​​​​​​​​​​​​​​​​​​​​​​​​​​​ One-to-four-family (exclude",https://www.sec.gov/Archives/edgar/data/1530249/000143774926026740/fsbw20260630_10q.htm
FSBW,10-Q,2026-06-30,non-owner occupied,147172,"erformance, typically six months of contractual payments. Closed-end loans that are 120 days past due and open-end loans that are 180 days past due are charged off based on the value of the collateral less cost to sell. Management may choose to conservatively risk rate credits even if they are paying in accordance with the loan’s terms. CRE (owner occupied, non-owner occupied, commercial construction and development, and multi-family) and commercial business loans are evaluated individually for their risk classification and may be classified as “Substandard” even if current on their loan payment obligations. The Company regularly reviews credits for accuracy of risk grades whenever we receive new information. Borrowers are gener",https://www.sec.gov/Archives/edgar/data/1530249/000143774926026740/fsbw20260630_10q.htm
FSBW,10-Q,2026-06-30,non-owner occupied,149062,"oans​ Pass​$19,643​​$37,229​​$3,904​​$14,333​​$39,844​​$35,763​​$—​​$—​​$150,716​ Watch​​102​​​—​​​—​​​4,048​​​849​​​21,082​​​—​​​—​​​26,081​ Special mention​​—​​​—​​​253​​​5,872​​​—​​​—​​​—​​​—​​​6,125​ Substandard​​—​​​—​​​600​​​—​​​—​​​614​​​—​​​—​​​1,214​ Total CRE owner occupied​​19,745​​​37,229​​​4,757​​​24,253​​​40,693​​​57,459​​​—​​​—​​​184,136​ CRE non-owner occupied​​​​​​​​​​​​​​​​​​​​​​​​​​​​​​​​​​​​ Pass​​32,566​​​9,375​​​8,354​​​15,735​​​35,395​​​80,383​​​—​​​—​​​181,808​ Special mention​​—​​​—​​​—​​​—​​​1,336​​​2,092​​​—​​​—​​​3,428​ Substandard​​—​​​—​​​—​​​3,022​​​—​​​—​​​—​​​—​​​3,022​ Total CRE non-owner occupied​​32,566​​​9,375​​​8,354​​​18,757​​​36,731​​​82,475​​​—​​​—​​​188,258​ Commercial and speculative co",https://www.sec.gov/Archives/edgar/data/1530249/000143774926026740/fsbw20260630_10q.htm
FSBW,10-Q,2026-06-30,non-owner occupied,154319,"ng Converted Total CRE owner occupied 2025 2024 2023 2022 2021 Prior Loans to Term Loans Pass $37,809 $4,148 $21,485 $35,169 $10,625 $34,840 $— $— $144,076 Watch 142 600 4,084 6,167 14,137 4,438 — — 29,568 Special mention — — — — — — — — — Substandard — — — — — 2,434 — — 2,434 Total CRE owner occupied 37,951 4,748 25,569 41,336 24,762 41,712 — — 176,078 CRE non-owner occupied Pass 9,467 8,362 15,734 49,708 34,888 51,951 — 475 170,585 Special mention — — — 1,354 — 2,113 — — 3,467 Substandard — — 3,061 — — — — — 3,061 Total CRE non-owner occupied 9,467 8,362 18,795 51,062 34,888 54,064 — 475 177,113 Commercial and speculative construction and development Pass 188,568 96,592 19,623 22,343 10,004 63 7,701 — 344,894 Substandard — — —",https://www.sec.gov/Archives/edgar/data/1530249/000143774926026740/fsbw20260630_10q.htm
FSBW,10-Q,2026-06-30,non-owner occupied,249354,"ne in deposit funding during the period. Loans receivable, net increased $5.8 million to $2.63 billion at June 30, 2026, compared to $2.62 billion at December 31, 2025: ● Commercial real estate (“CRE”) loans increased $35.5 million, primarily reflecting: ○ $16.3 million in commercial and speculative construction and development loans, ○ $11.1 million in CRE non-owner occupied loans, and ○ $8.1 million in CRE owner occupied loans. ● Residential real estate loans increased $34.1 million, driven by: ○ $31.8 million in one-to-four-family loans (excluding loans held for sale), and ○ $2.4 million in residential custom construction loans. ●Commercial business loans decreased $40.8 million, reflecting a decrease of $20.9 million in ware",https://www.sec.gov/Archives/edgar/data/1530249/000143774926026740/fsbw20260630_10q.htm
FSBW,10-Q,2026-06-30,office,87215,quityIncentivePlanMember2026-06-30 0001530249us-gaap:RestrictedStockMemberfsbw:The2018EquityIncentivePlanMember2026-06-30 0001530249us-gaap:EmployeeStockOptionMemberfsbw:The2018EquityIncentivePlanMembersrt:MinimumMembersrt:DirectorMember2026-01-012026-06-30 0001530249us-gaap:EmployeeStockOptionMemberfsbw:The2018EquityIncentivePlanMembersrt:MinimumMemberfsbw:OfficersAndEmployeesMember2026-01-012026-06-30 0001530249us-gaap:EmployeeStockOptionMemberfsbw:The2018EquityIncentivePlanMembersrt:MaximumMemberfsbw:OfficersAndEmployeesMember2026-01-012026-06-30 0001530249us-gaap:EmployeeStockOptionMemberfsbw:The2018EquityIncentivePlanMembersrt:MaximumMember2026-01-012026-06-30 0001530249us-gaap:EmployeeStockOptionMemberfsbw:The2,https://www.sec.gov/Archives/edgar/data/1530249/000143774926026740/fsbw20260630_10q.htm
FSBW,10-Q,2026-06-30,office,88246,2018EquityIncentivePlanMemberus-gaap:ShareBasedCompensationAwardTrancheThreeMember2026-01-012026-06-30 0001530249fsbw:The2018EquityIncentivePlanMember2026-01-012026-06-30 0001530249us-gaap:EmployeeStockOptionMemberfsbw:The2018EquityIncentivePlanMember2026-06-30 0001530249us-gaap:RestrictedStockMemberfsbw:The2018EquityIncentivePlanMembersrt:MinimumMemberfsbw:OfficersAndEmployeesMember2026-01-012026-06-30 0001530249us-gaap:RestrictedStockMemberfsbw:The2018EquityIncentivePlanMembersrt:MaximumMemberfsbw:OfficersAndEmployeesMember2026-01-012026-06-30 0001530249us-gaap:RestrictedStockMemberfsbw:The2018EquityIncentivePlanMembersrt:DirectorMember2026-01-012026-06-30 0001530249us-gaap:RestrictedStockMember2025-12-31 000153024,https://www.sec.gov/Archives/edgar/data/1530249/000143774926026740/fsbw20260630_10q.htm
FSBW,10-Q,2026-06-30,office,92133,"CT OF 1934 For the transition period from to Commission File Number: 001-35589 FS BANCORP, INC. (Exact name of registrant as specified in its charter) Washington 45-4585178 (State or other jurisdiction of incorporation or organization) (IRS Employer Identification No.) 6920 220th Street SW, Mountlake Terrace, Washington 98043 (Address of principal executive offices; Zip Code) (425) 771‑5299 (Registrant’s telephone number, including area code) None (Former name, former address, and former fiscal year, if changed since last report) Securities registered pursuant to Section 12(b) of the Act: Title of each classTrading Symbol(s)Name of each exchange on which registered Common Stock, par value $.01 per shareFSBWThe NASDAQ",https://www.sec.gov/Archives/edgar/data/1530249/000143774926026740/fsbw20260630_10q.htm
FSBW,10-Q,2026-06-30,office,109353,"any for 1st Security Bank of Washington (the “Bank” or “1st Security Bank”) in connection with the Bank’s conversion from the mutual to stock form of ownership which was completed on July 9, 2012. The Bank is a community-based savings bank with 29 full-service bank branches, a headquarters that also originates loans and accepts deposits, and loan production offices in suburban communities in the greater Puget Sound area, the Kennewick-Pasco-Richland metropolitan area of Washington, also known as the Tri-Cities, Goldendale, Vancouver, and White Salmon, Washington and Manzanita, Newport, Ontario, Tillamook, and Waldport, Oregon. The Bank provides loan and deposit services to customers who are predominantly small- and m",https://www.sec.gov/Archives/edgar/data/1530249/000143774926026740/fsbw20260630_10q.htm
FSBW,10-Q,2026-06-30,office,128395,"oans of $7.0 million as of June 30, 2026, and $8.6 million as of December 31, 2025. Net loans do not include accrued interest receivable. Most of the Company’s CRE and multi-family real estate, construction, residential, and commercial business lending activities are with customers located in Western Washington, the Oregon Coast, or near our loan production offices in Vancouver and the Tri-Cities, Washington. While the Company primarily originates real estate, consumer, and commercial business loans in these market areas, it also originates indirect home improvement loans, including solar-related home improvement loans, through a network of home improvement contractors and dealers located throughout Washington, Orego",https://www.sec.gov/Archives/edgar/data/1530249/000143774926026740/fsbw20260630_10q.htm
FSBW,10-Q,2026-06-30,office,130483,"folio segments and classes: 16 Table of Contents CRE Loans Multi-Family Lending. Apartment term lending (five or more units) and community reinvestment loans for low to moderate income borrowers in the Company’s footprint. CRE Lending. Loans originated by the Company primarily secured by income-producing properties, including retail centers, warehouses, and office buildings located in its market areas. Commercial and Speculative Construction and Development Lending. Loans originated for the construction of, and secured by, commercial real estate, one-to-four-family, and multi-family properties and tracts of land for development that are not pre-sold. Custom one-to-four-family construction loans to the intended occupa",https://www.sec.gov/Archives/edgar/data/1530249/000143774926026740/fsbw20260630_10q.htm
FSBW,10-Q,2026-06-30,office,178458,"luded in “Cash and cash equivalents” on the Consolidated Balance Sheets. In certain cases, the Company will have posted excess collateral compared to total exposure due to initial margin requirements or day-to-day rate volatility. 32 Table of Contents NOTE 6 – LEASES The Company has operating leases for retail bank and home lending branches, loan production offices, and certain equipment. At June 30, 2026, these leases have remaining terms ranging from three months to nine years and one month, with some including options to extend for up to five years. The components of lease cost (included in occupancy expense on the Consolidated Statements of Income) for the three and six months ended June 30, 2026 and 2025 are as ",https://www.sec.gov/Archives/edgar/data/1530249/000143774926026740/fsbw20260630_10q.htm
FSBW,10-Q,2026-06-30,office,206528," the shareholders of FS Bancorp approved the FS Bancorp, Inc. 2026 Equity Incentive Plan (the “2026 Plan”) which authorized the issuance of up to 315,000 shares of the Company's common stock. The 2026 Plan provides for the grant of incentive stock options, nonqualified stock options, restricted stock awards (“RSAs”), and restricted stock units to directors, officers, employees, and other eligible service providers of the Company. At June 30, 2026, no awards had been granted under the 2026 Plan and 315,000 shares remained available for future grants. On May 17, 2018, the shareholders of FS Bancorp approved the FS Bancorp 2018 Equity Incentive Plan (the “2018 Plan”) which authorized 1.3 million shares of the Company’s ",https://www.sec.gov/Archives/edgar/data/1530249/000143774926026740/fsbw20260630_10q.htm
FSBW,10-Q,2026-06-30,owner-occupied,147839,"of risk grades whenever we receive new information. Borrowers are generally required to submit financial information at regular intervals. Typically, commercial borrowers with lines of credit are required to submit financial information with reporting intervals ranging from monthly to annually depending on credit size, risk, and complexity. In addition, non-owner-occupied CRE borrowers with loans exceeding a certain dollar threshold are usually required to submit rent rolls or property income statements annually. We monitor construction loans monthly. We also review loans graded “Watch” or worse, regardless of loan type, no less than quarterly. 22 Table of Contents The following tables summarize risk rated loan balances and ",https://www.sec.gov/Archives/edgar/data/1530249/000143774926026740/fsbw20260630_10q.htm
WAFD,10-K,2025-09-30,Seattle,101646,"rom to Commission File Number: 001-34654 ____________________________________________________________ WAFD, INC. (Exact name of registrant as specified in its charter)____________________________________________________________Washington91-1661606(State or other jurisdiction of incorporation or organization)(I.R.S. Employer Identification No.)425 Pike StreetSeattleWashington98101(Address of Principal Executive Offices)(Zip Code)Registrant’s telephone number, including area code: (206) 624-7930 _____________________________________ Securities registered pursuant to Section 12(b) of the Act:Title of each ClassTrading Symbol(s)Name of each exchange on which registeredCommon Stock, $1.00 par value per shareWAFDNASDAQ Stoc",https://www.sec.gov/Archives/edgar/data/936528/000093652825000117/wfsl-20250930.htm
WAFD,10-K,2025-09-30,Seattle,115012,"State. WaFd, Inc., a Washington corporation, was formed as the Bank’s holding company in November, 1994. As used throughout this document, the terms ""WaFd,"" the ""Company"" or ""we"" or ""us"" and ""our"" refer to WaFd, Inc. and its consolidated subsidiaries, and the term ""Bank"" or ""WaFd Bank"" refers to its bank operating subsidiary. The Company is headquartered in Seattle, Washington. On November 9, 1982 the Company listed and began trading on the NASDAQ. Profitable operations have been recorded every year since going public. As of September 30, 2025, the stock traded at 82 times its original 1982 offering price, has paid 170 consecutive quarterly cash dividends and has returned 14,253% total shareholder return to those who ",https://www.sec.gov/Archives/edgar/data/936528/000093652825000117/wfsl-20250930.htm
WAFD,10-K,2025-09-30,Seattle,224319,"r control.A major catastrophe, such as an earthquake, tsunami, flood, fire, or other natural disaster, including those caused or exacerbated by climate change, public health issues such as the COVID-19 or other pandemics, or other events beyond our control, could result in a prolonged interruption of our business. For example, our headquarters is located in Seattle, Washington and we have operations throughout the western United States, a geographical region that has been or may be affected by earthquakes, wildfires, tsunamis, and flooding activity. Because we primarily serve individuals and businesses in our nine-state footprint, a natural disaster likely would have a greater impact on our business, operations, and f",https://www.sec.gov/Archives/edgar/data/936528/000093652825000117/wfsl-20250930.htm
WAFD,10-K,2025-09-30,Seattle,271033,"or overseeing and monitoring the prevention, mitigation, detection, and remediation of cybersecurity incidents as part of their involvement in the cybersecurity risk management and strategy processes, including the execution of our incident response plan. Item 2. PropertiesThe Company owns the building in which its principal executive offices are located in Seattle, Washington, as well as certain branch properties. The Company evaluates on a continuing basis the suitability and adequacy of its offices, both branches and administrative centers, and has opened, relocated, remodeled or closed locations as necessary to maintain efficient and attractive premises. For further information on these activities, see Notes J and",https://www.sec.gov/Archives/edgar/data/936528/000093652825000117/wfsl-20250930.htm
WAFD,10-K,2025-09-30,Seattle,343420,"omic forecasts utilized by the Company and third-party economic forecasts for selected assumptions. In addition, we performed procedures on the overall ALL amount, inclusive of the qualitative adjustments, by evaluating the Company’s analysis of peers’ estimated current expected credit losses for loans to the Company’s recorded ALL. /s/ Deloitte & Touche LLPSeattle, WashingtonNovember 18, 2025We have served as the Company’s auditor since 1982.SEE NOTES TO CONSOLIDATED FINANCIAL STATEMENTS64WAFD, INC. AND SUBSIDIARIESCONSOLIDATED STATEMENTS OF FINANCIAL CONDITIONSeptember 30, 2025September 30, 2024 (In thousands, except share data)ASSETSCash and cash equivalents$657,310$2,381,102Available-for-sale securities, at fair v",https://www.sec.gov/Archives/edgar/data/936528/000093652825000117/wfsl-20250930.htm
WAFD,10-K,2025-09-30,Seattle,355171,"te to change the name of Washington Federal, Inc. to WaFd, Inc. This change was effective on September 29, 2023. As used throughout this document, the terms “WaFd” or the “Company” or “we” or “us” and “our” refer to WaFd, Inc. and its consolidated subsidiaries, and the term “Bank” refers to the operating subsidiary, WaFd Bank.The Company is headquartered in Seattle, Washington. The Bank conducts its activities through a network of 208 bank branches located in Washington, Oregon, Idaho, Utah, Arizona, Nevada, New Mexico, California and Texas.Basis of presentation and use of estimates. The Company’s accounting and financial reporting policies conform to accounting principles generally accepted in the United States of Am",https://www.sec.gov/Archives/edgar/data/936528/000093652825000117/wfsl-20250930.htm
WAFD,10-K,2025-09-30,Seattle,512841,"e of its inherent limitations, internal control over financial reporting may not prevent or detect misstatements. Also, projections of any evaluation of effectiveness to future periods are subject to the risk that controls may become inadequate because of changes in conditions, or that the degree of compliance with the policies or procedures may deteriorate.Seattle, WashingtonNovember 18, 2025Item 9B. Other InformationRule 10b5-1 Plan and Non-Rule 10b5-1 Trading Arrangement Adoptions, Terminations, and ModificationsDuring the three months ended September 30, 2025, none of the Company’s directors or “officers” (as defined in Rule 16a-1(f) under the Exchange Act) adopted or terminated a “Rule 10b5-1 trading arrangement”",https://www.sec.gov/Archives/edgar/data/936528/000093652825000117/wfsl-20250930.htm
WAFD,10-K,2025-09-30,Silicon Valley,235453,"ank’s net funding cost and reduce its earnings.The deposits of the Bank are insured by the FDIC up to legal limits and, accordingly, subjected to the payment of FDIC deposit insurance assessments, which are determined in accordance with a defined calculation. The FDIC imposed a special assessment to recover the losses in connection with the receiverships of Silicon Valley Bank and Signature Bank. Increases in assessment rates or further special assessments may occur in the future, especially if there are significant additional financial institution failures. Any future special assessments, increases in assessment rates or required prepayments in FDIC insurance premiums could reduce our profitability or limit our ability to p",https://www.sec.gov/Archives/edgar/data/936528/000093652825000117/wfsl-20250930.htm
WAFD,10-K,2025-09-30,Washington,100883,"embersrt:ParentCompanyMember2024-09-300000936528srt:ParentCompanyMember2024-10-012025-09-300000936528srt:ParentCompanyMember2023-10-012024-09-300000936528srt:ParentCompanyMember2022-10-012023-09-300000936528srt:ParentCompanyMember2023-09-300000936528srt:ParentCompanyMember2022-09-3000009365282025-07-012025-09-30United StatesSecurities and Exchange CommissionWashington, D.C. 20549____________________________________________________________ FORM 10-K ____________________________________________________________ ☒ANNUAL REPORT PURSUANT TO SECTION 13 OR 15(d) OF THE SECURITIES EXCHANGE ACT OF 1934 For the fiscal year ended September 30, 2025OR☐TRANSITION REPORT PURSUANT TO SECTION 13 OR 15(d) OF THE SECURITIES EXCHANGE ACT OF",https://www.sec.gov/Archives/edgar/data/936528/000093652825000117/wfsl-20250930.htm
WAFD,10-K,2025-09-30,Washington,101513,"ember 30, 2025OR☐TRANSITION REPORT PURSUANT TO SECTION 13 OR 15(d) OF THE SECURITIES EXCHANGE ACT OF 1934 For the transition period from to Commission File Number: 001-34654 ____________________________________________________________ WAFD, INC. (Exact name of registrant as specified in its charter)____________________________________________________________Washington91-1661606(State or other jurisdiction of incorporation or organization)(I.R.S. Employer Identification No.)425 Pike StreetSeattleWashington98101(Address of Principal Executive Offices)(Zip Code)Registrant’s telephone number, including area code: (206) 624-7930 _____________________________________ Securities registered pursuant to Section 12(b) of the Act:T",https://www.sec.gov/Archives/edgar/data/936528/000093652825000117/wfsl-20250930.htm
WAFD,10-K,2025-09-30,Washington,113023,"h acquisitions;•risks associated with our entry into the California market;Security Ownership Risks:•negative effects of activist shareholders;•our ability to continue to pay dividends, including on our outstanding Series A Preferred Stock; and make stock repurchases;•risks related to the volatility of our Common Stock, and future dilution;•risks related to Washington's anti-takeover statute;General Risks: •the success of the Company at managing the risks involved in the foregoing and managing its business; and•the timing and occurrence or non-occurrence of events that may be subject to circumstances beyond the Company's control. For the reasons described above, we caution you against relying on any forward-looking state",https://www.sec.gov/Archives/edgar/data/936528/000093652825000117/wfsl-20250930.htm
WAFD,10-K,2025-09-30,Washington,114075,"nd the Company undertakes no obligation to update or revise any forward-looking statements to reflect changed assumptions, the occurrence of unanticipated events, changes to future operating results over time, or the impact of circumstances arising after the date the forward-looking statement was made.6Item 1. Business General WaFd Bank, a federally-insured Washington state chartered commercial bank formerly known as Washington Federal Bank (the ""Bank"" or ""WaFd Bank""), was founded on April 24, 1917 in Ballard, Washington and is engaged primarily in providing lending, depository, insurance and other banking services to consumers, small, mid-sized and large businesses, and owners and developers of commercial real estate. E",https://www.sec.gov/Archives/edgar/data/936528/000093652825000117/wfsl-20250930.htm
WAFD,10-K,2025-09-30,Washington,114514," Bank (the ""Bank"" or ""WaFd Bank""), was founded on April 24, 1917 in Ballard, Washington and is engaged primarily in providing lending, depository, insurance and other banking services to consumers, small, mid-sized and large businesses, and owners and developers of commercial real estate. Effective September 25, 2025, the Bank formally changed its name from Washington Federal Bank to WaFd Bank by filing its Second Amended and Restated Articles of Incorporation with the Washington Secretary of State. WaFd, Inc., a Washington corporation, was formed as the Bank’s holding company in November, 1994. As used throughout this document, the terms ""WaFd,"" the ""Company"" or ""we"" or ""us"" and ""our"" refer to WaFd, Inc. and its consoli",https://www.sec.gov/Archives/edgar/data/936528/000093652825000117/wfsl-20250930.htm
WAFD,10-K,2025-09-30,Washington,115021,"Fd, Inc., a Washington corporation, was formed as the Bank’s holding company in November, 1994. As used throughout this document, the terms ""WaFd,"" the ""Company"" or ""we"" or ""us"" and ""our"" refer to WaFd, Inc. and its consolidated subsidiaries, and the term ""Bank"" or ""WaFd Bank"" refers to its bank operating subsidiary. The Company is headquartered in Seattle, Washington. On November 9, 1982 the Company listed and began trading on the NASDAQ. Profitable operations have been recorded every year since going public. As of September 30, 2025, the stock traded at 82 times its original 1982 offering price, has paid 170 consecutive quarterly cash dividends and has returned 14,253% total shareholder return to those who invested 43 ",https://www.sec.gov/Archives/edgar/data/936528/000093652825000117/wfsl-20250930.htm
WAFD,10-K,2025-09-30,Washington,117599,"gle family home loans and home equity lines of credit. Our existing consumer home loans still make up a significant portion of our loan portfolio. The Bank also invests in certain United States government and agency obligations and other investments permitted by applicable laws and regulations. As of September 30, 2025, WaFd Bank has 208 branches located in Washington, Oregon, Idaho, Arizona, Utah, Nevada, New Mexico, California and Texas. The Bank delivers its financial products and services to customers through both its branch network and digital channels, including its website and mobile banking application (information contained on our website and mobile application are not incorporated by reference into this Annual ",https://www.sec.gov/Archives/edgar/data/936528/000093652825000117/wfsl-20250930.htm
WAFD,10-K,2025-09-30,Washington,118741,"ts. WaFd's principal sources of revenue are interest on loans and interest and dividends on investments. Its principal expenses are interest paid on deposits, credit costs, general and administrative expenses, interest on borrowings and income taxes. The Bank is subject to extensive regulation, supervision and examination by its primary state regulator, the Washington State Department of Financial Institutions (the ""WDFI""), the Federal Deposit Insurance Corporation (""FDIC""), its primary federal regulator, which insures its deposits up to applicable limits, and the Consumer Financial Protection Bureau (the ""CFPB""). The Company, as a bank holding company, is subject to extensive regulation, supervision and examination by t",https://www.sec.gov/Archives/edgar/data/936528/000093652825000117/wfsl-20250930.htm
WAFD,10-K,2025-09-30,commercial real estate,114420,"erally-insured Washington state chartered commercial bank formerly known as Washington Federal Bank (the ""Bank"" or ""WaFd Bank""), was founded on April 24, 1917 in Ballard, Washington and is engaged primarily in providing lending, depository, insurance and other banking services to consumers, small, mid-sized and large businesses, and owners and developers of commercial real estate. Effective September 25, 2025, the Bank formally changed its name from Washington Federal Bank to WaFd Bank by filing its Second Amended and Restated Articles of Incorporation with the Washington Secretary of State. WaFd, Inc., a Washington corporation, was formed as the Bank’s holding company in November, 1994. As used throughout this document, the terms """,https://www.sec.gov/Archives/edgar/data/936528/000093652825000117/wfsl-20250930.htm
WAFD,10-K,2025-09-30,commercial real estate,117020,"f September 30, 2025, September 30, 2024 and September 30, 2023, respectively, or activity for the fiscal years then ended. The business of the Bank consists primarily of accepting deposits from the general public and investing these funds in loans of various types, including construction loans, land acquisition and development loans, loans on multi-family, commercial real estate and other income producing properties, and business loans, including U.S. Small Business Administration (“SBA”) loans. In January, 2025, the Bank announced it will no longer originate consumer single family home loans and home equity lines of credit. Our existing consumer home loans still make up a significant portion of our loan portfolio. The Bank also in",https://www.sec.gov/Archives/edgar/data/936528/000093652825000117/wfsl-20250930.htm
WAFD,10-K,2025-09-30,commercial real estate,119968,"e Company's net loan portfolio totaled $20,088,618,000 at September 30, 2025 and represents 75.2% of total assets. Lending activities include the origination of commercial loans secured by real estate, adjustable-rate construction loans, adjustable-rate land development loans, fixed-rate and adjustable-rate multi-family loans, fixed-rate and adjustable-rate commercial real estate loans and fixed-rate and adjustable-rate business loans. Beginning in January 2025, the Bank announced it will no longer originate consumer single family home loans and home equity lines of credit, however, existing consumer home loans still make up a significant portion of our loan portfolio. The following table is a summary of loans receivable by loan por",https://www.sec.gov/Archives/edgar/data/936528/000093652825000117/wfsl-20250930.htm
WAFD,10-K,2025-09-30,commercial real estate,120545,"it, however, existing consumer home loans still make up a significant portion of our loan portfolio. The following table is a summary of loans receivable by loan portfolio segment and class. September 30, 2025September 30, 2024September 30, 2023 ($ in thousands)Gross loans by categoryCommercial loans Multi-family$4,718,48022.2%$4,658,11920.8%$2,907,08614.8% Commercial real estate3,604,60016.93,757,04016.83,344,95917.0 Commercial & industrial2,392,68511.22,337,13910.52,321,71711.8 Construction1,756,8908.32,174,2549.73,318,99416.9 Land - acquisition & development179,0990.8200,7130.9201,5381.0 Total commercial loans12,651,75459.513,127,26558.712,094,29461.6Consumer loans Single-family residential8,053,77137.98,399,03037.66,451,27032.8 ",https://www.sec.gov/Archives/edgar/data/936528/000093652825000117/wfsl-20250930.htm
WAFD,10-K,2025-09-30,commercial real estate,121828,"$17,476,550__________________(1) The ACL within the table does not include the reserve for unfunded commitments which was $21,500,000, $21,500,000 and $24,500,000 as of September 30, 2025, 2024 and 2023, respectively. 8Lending Programs and Policies. The Bank's lending activities include commercial and consumer loans, including the following loan categories. Commercial real estate loans. The Bank makes loans on a variety of commercial real estate (“CRE”) types which are generally secured by the subject property. Management differentiates multi-family properties from the rest of our CRE portfolio as these loans have key differences in their risk profile. The following table provides detail of the amortized cost of non-multi family CRE",https://www.sec.gov/Archives/edgar/data/936528/000093652825000117/wfsl-20250930.htm
WAFD,10-K,2025-09-30,commercial real estate,122565,"y CRE loans by property type: September 30, 2025September 30, 2024September 30, 2023($ in thousands)Office$802,868$783,363$815,776Industrial816,758705,401591,507Retail356,229399,276377,300Warehouse/Self Storage293,693295,275252,677Medical/dental231,622265,495198,208Mixed Use188,298229,351232,564Hotel/motel192,148205,895228,503Other707,334848,099613,566Total commercial real estate loans$3,588,950$3,732,155$3,310,101Within the types listed above, a CRE subject property could be either owner or non-owner occupied. The following table provides the amortized cost of CRE loans by occupation status: September 30, 2025September 30, 2024September 30, 2023($ in thousands)Non-owner occupied$2,988,26583%$3,130,63784%$2,715,69382%Owner occupied6",https://www.sec.gov/Archives/edgar/data/936528/000093652825000117/wfsl-20250930.htm
WAFD,10-K,2025-09-30,commercial real estate,122982,"1Within the types listed above, a CRE subject property could be either owner or non-owner occupied. The following table provides the amortized cost of CRE loans by occupation status: September 30, 2025September 30, 2024September 30, 2023($ in thousands)Non-owner occupied$2,988,26583%$3,130,63784%$2,715,69382%Owner occupied600,68517%601,51816%594,40818%Total commercial real estate loans$3,588,950100%$3,732,155100%$3,310,101100%In underwriting, the Bank considers a number of factors, which include the historic and projected net cash flows to the loan's debt service requirement, the age and condition of the collateral, the financial resources and income level of the borrower and the borrower's experience in owning or managing similar p",https://www.sec.gov/Archives/edgar/data/936528/000093652825000117/wfsl-20250930.htm
WAFD,10-K,2025-09-30,commercial real estate,132895,"s loans and mortgage-backed securities when lending rates and volume for new loan originations in its market area do not fulfill its needs. 11The table below shows the Bank's total loan origination, purchase and repayment activities.Twelve Months Ended September 30,202520242023 (In thousands)Commercial loan originations (1)Multi-family$104,035$60,730$136,788Commercial Real Estate384,749246,930223,361Commercial & Industrial1,667,0641,677,3712,032,460Construction1,038,182603,8291,046,971Land – Acquisition & Development94,86445,40634,946 Total commercial loans3,288,8942,634,2663,474,526Consumer loan originations (1)Single-family residential211,686430,272610,130Construction – custom95,835209,781346,784Land – Consumer Lot Loans7,34021,18",https://www.sec.gov/Archives/edgar/data/936528/000093652825000117/wfsl-20250930.htm
WAFD,10-K,2025-09-30,concentration,58452,rPortfolioSegmentMemberus-gaap:DoubtfulMember2025-09-300000936528us-gaap:ConsumerPortfolioSegmentMemberwfsl:LossMember2025-09-300000936528us-gaap:PassMember2025-09-300000936528us-gaap:SpecialMentionMember2025-09-300000936528us-gaap:SubstandardMember2025-09-300000936528us-gaap:DoubtfulMember2025-09-300000936528wfsl:LossMember2025-09-300000936528us-gaap:CreditConcentrationRiskMemberus-gaap:AccountsReceivableMemberus-gaap:PassMember2024-10-012025-09-300000936528us-gaap:CreditConcentrationRiskMemberus-gaap:AccountsReceivableMemberus-gaap:SpecialMentionMember2024-10-012025-09-300000936528us-gaap:CreditConcentrationRiskMemberus-gaap:AccountsReceivableMemberus-gaap:SubstandardMember2024-10-012025-09-300000936528us-gaap:CreditConce,https://www.sec.gov/Archives/edgar/data/936528/000093652825000117/wfsl-20250930.htm
WAFD,10-K,2025-09-30,concentration,58820,ationRiskMemberus-gaap:AccountsReceivableMemberus-gaap:PassMember2024-10-012025-09-300000936528us-gaap:CreditConcentrationRiskMemberus-gaap:AccountsReceivableMemberus-gaap:SpecialMentionMember2024-10-012025-09-300000936528us-gaap:CreditConcentrationRiskMemberus-gaap:AccountsReceivableMemberus-gaap:SubstandardMember2024-10-012025-09-300000936528us-gaap:CreditConcentrationRiskMemberus-gaap:AccountsReceivableMemberus-gaap:DoubtfulMember2024-10-012025-09-300000936528us-gaap:CreditConcentrationRiskMemberus-gaap:AccountsReceivableMemberwfsl:LossMember2024-10-012025-09-300000936528us-gaap:CommercialPortfolioSegmentMembersrt:MultifamilyMemberus-gaap:DoubtfulMember2024-09-300000936528us-gaap:CommercialPortfolioSegmentMembersrt:Multi,https://www.sec.gov/Archives/edgar/data/936528/000093652825000117/wfsl-20250930.htm
WAFD,10-K,2025-09-30,concentration,63711,rPortfolioSegmentMemberus-gaap:DoubtfulMember2024-09-300000936528us-gaap:ConsumerPortfolioSegmentMemberwfsl:LossMember2024-09-300000936528us-gaap:PassMember2024-09-300000936528us-gaap:SpecialMentionMember2024-09-300000936528us-gaap:SubstandardMember2024-09-300000936528us-gaap:DoubtfulMember2024-09-300000936528wfsl:LossMember2024-09-300000936528us-gaap:CreditConcentrationRiskMemberus-gaap:AccountsReceivableMemberus-gaap:PassMember2023-10-012024-09-300000936528us-gaap:CreditConcentrationRiskMemberus-gaap:AccountsReceivableMemberus-gaap:SpecialMentionMember2023-10-012024-09-300000936528us-gaap:CreditConcentrationRiskMemberus-gaap:AccountsReceivableMemberus-gaap:SubstandardMember2023-10-012024-09-300000936528us-gaap:CreditConce,https://www.sec.gov/Archives/edgar/data/936528/000093652825000117/wfsl-20250930.htm
WAFD,10-K,2025-09-30,concentration,64079,ationRiskMemberus-gaap:AccountsReceivableMemberus-gaap:PassMember2023-10-012024-09-300000936528us-gaap:CreditConcentrationRiskMemberus-gaap:AccountsReceivableMemberus-gaap:SpecialMentionMember2023-10-012024-09-300000936528us-gaap:CreditConcentrationRiskMemberus-gaap:AccountsReceivableMemberus-gaap:SubstandardMember2023-10-012024-09-300000936528us-gaap:CreditConcentrationRiskMemberus-gaap:AccountsReceivableMemberus-gaap:DoubtfulMember2023-10-012024-09-300000936528us-gaap:CreditConcentrationRiskMemberus-gaap:AccountsReceivableMemberwfsl:LossMember2023-10-012024-09-300000936528us-gaap:CommercialPortfolioSegmentMemberus-gaap:PerformingFinancingReceivableMembersrt:MultifamilyMember2025-09-300000936528us-gaap:CommercialPortfolioS,https://www.sec.gov/Archives/edgar/data/936528/000093652825000117/wfsl-20250930.htm
WAFD,10-K,2025-09-30,concentration,111958,"ing business;Market and Industry Risk: •eroding confidence in the banking system and regional banks in particular;•downturns in the real estate market;5•changes in banking operations, including a shift from retail to online activities;•risks associated with inadequate or faulty underwriting and loan collection practices;•risks associated with our geographic concentration, including the effects of a severe economic downturn, including high unemployment rates and declines in housing prices and both commercial and residential property values, in our primary market areas;•impairment of goodwill and other intangible assets;Competitive Risks:•competition from other financial institutions and new market participants, offering serv",https://www.sec.gov/Archives/edgar/data/936528/000093652825000117/wfsl-20250930.htm
WAFD,10-K,2025-09-30,concentration,123552,"requirement, the age and condition of the collateral, the financial resources and income level of the borrower and the borrower's experience in owning or managing similar properties. CRE loans are originated in amounts up to 75% of the appraised value of the property securing the loan.With CRE loans, credit risk is a result of several factors, including the concentration of principal in a limited number of loans and borrowers, the effects of general economic and societal conditions on income-producing properties and the primary source of cash flow for repayment being spread across multiple tenants (non-owner). Repayment of CRE loans depends upon the successful operation of the related real estate property. If the cash flow ",https://www.sec.gov/Archives/edgar/data/936528/000093652825000117/wfsl-20250930.htm
WAFD,10-K,2025-09-30,concentration,124863,"multi-family residential loans are originated in amounts up to 75% of the appraised value of the property securing the loan.Loans secured by multi-family residential real estate generally involve different credit risk than single-family residential loans and carry larger loan balances. This different credit risk is a result of several factors, including the concentration of principal in a limited number of loans and borrowers, the effects of general economic and societal conditions on income-9producing properties, the primary source of cash flow for repayment being spread across multiple tenants, the effects of government orders such as eviction forbearance and the increased difficulty of evaluating and monitoring these typ",https://www.sec.gov/Archives/edgar/data/936528/000093652825000117/wfsl-20250930.htm
WAFD,10-K,2025-09-30,concentration,128409,"a construction lender of choice. Because of this history, the Bank has developed a staff with in-depth land development and construction experience and working relationships with selected builders based on their operating histories and financial stability. Construction lending involves a higher level of risk than single-family residential lending due to the concentration of principal in a limited number of loans and borrowers and the effects of general economic conditions in the home building industry. Moreover, a construction loan can involve additional risks because of the complexities of completing the construction, the inherent difficulty in estimating the cost (including interest) of the project, the future cash flows ",https://www.sec.gov/Archives/edgar/data/936528/000093652825000117/wfsl-20250930.htm
WAFD,10-K,2025-09-30,geographic concentration,111947,"estate lending business;Market and Industry Risk: •eroding confidence in the banking system and regional banks in particular;•downturns in the real estate market;5•changes in banking operations, including a shift from retail to online activities;•risks associated with inadequate or faulty underwriting and loan collection practices;•risks associated with our geographic concentration, including the effects of a severe economic downturn, including high unemployment rates and declines in housing prices and both commercial and residential property values, in our primary market areas;•impairment of goodwill and other intangible assets;Competitive Risks:•competition from other financial institutions and new market participants, offering serv",https://www.sec.gov/Archives/edgar/data/936528/000093652825000117/wfsl-20250930.htm
WAFD,10-K,2025-09-30,geographic concentration,219355," experience and an evaluation of the other risks associated with our loan portfolio, including but not limited to, economic trends and conditions, changes in underwriting standards, management, competition, and trends in delinquencies, non-accrual and adversely classified loans, the size and composition of the loan portfolio, current economic conditions and geographic concentrations within the portfolio. Banking regulatory agencies, as part of their examination process, review our loans and ACL. If our assumptions and judgments used to determine the ACL prove to be incorrect, if the value of the collateral securing the loans decreases substantially or if regulators disagree with our judgments, we may need to increase the ACL in amount",https://www.sec.gov/Archives/edgar/data/936528/000093652825000117/wfsl-20250930.htm
WAFD,10-K,2025-09-30,market area,112159," from retail to online activities;•risks associated with inadequate or faulty underwriting and loan collection practices;•risks associated with our geographic concentration, including the effects of a severe economic downturn, including high unemployment rates and declines in housing prices and both commercial and residential property values, in our primary market areas;•impairment of goodwill and other intangible assets;Competitive Risks:•competition from other financial institutions and new market participants, offering services similar to those offered by the Bank, and consolidation in the industry resulting in the creation of larger competitors with greater financial resources;•the ability of the Company to obtain ext",https://www.sec.gov/Archives/edgar/data/936528/000093652825000117/wfsl-20250930.htm
WAFD,10-K,2025-09-30,market area,125914,"unds on a monthly basis, together with each payment of principal and interest, to a mortgage escrow account from which the Bank makes disbursements for items such as real estate taxes, hazard insurance premiums and private mortgage insurance premiums when due.Commercial and industrial loans. The Bank makes various types of business loans to customers in its market area for working capital, acquiring real estate, SBA program financing, financing equipment or other business purposes, such as acquisitions. The terms of these loans generally range from less than one year to a maximum of ten years. The loans are either negotiated on a fixed-rate basis or carry adjustable interest rates indexed to the Secured Overnight Funding ",https://www.sec.gov/Archives/edgar/data/936528/000093652825000117/wfsl-20250930.htm
WAFD,10-K,2025-09-30,market area,128012,"ear fixed rate loans. The Bank's policies provided that for residential construction loans, loans may be made for 85% or less of the construction cost or 80% of the appraised value of the property upon completion, whichever is less. As a result of activity over the past four decades, the Bank believes that builders of single-family residences in its primary market areas consider the Bank to be a construction lender of choice. Because of this history, the Bank has developed a staff with in-depth land development and construction experience and working relationships with selected builders based on their operating histories and financial stability. Construction lending involves a higher level of risk than single-family resid",https://www.sec.gov/Archives/edgar/data/936528/000093652825000117/wfsl-20250930.htm
WAFD,10-K,2025-09-30,market area,132637,"Idaho, Arizona, Utah, Nevada, New Mexico, California and Texas. Loan originations come from a variety of sources, although most business purpose loans are obtained primarily by direct solicitation of borrowers and ongoing relationships.The Bank also purchases loans and mortgage-backed securities when lending rates and volume for new loan originations in its market area do not fulfill its needs. 11The table below shows the Bank's total loan origination, purchase and repayment activities.Twelve Months Ended September 30,202520242023 (In thousands)Commercial loan originations (1)Multi-family$104,035$60,730$136,788Commercial Real Estate384,749246,930223,361Commercial & Industrial1,667,0641,677,3712,032,460Construction1,038,18",https://www.sec.gov/Archives/edgar/data/936528/000093652825000117/wfsl-20250930.htm
WAFD,10-K,2025-09-30,market area,158329,"resholds. The FDIC has established a higher reserve ratio of 2% as a long-term goal beyond what is required by statute. Brokered Deposits. The Federal Deposit Insurance Act prohibits an insured depository institution from accepting brokered deposits or offering interest rates on any deposits significantly higher than the prevailing rate in the bank’s normal market area or nationally (depending upon where the deposits are solicited), unless it is well-capitalized or is adequately capitalized and receives a waiver from the FDIC. A depository institution that is adequately capitalized and accepts brokered deposits under a waiver from the FDIC may not pay an interest rate on any deposit in excess of national and local rate ca",https://www.sec.gov/Archives/edgar/data/936528/000093652825000117/wfsl-20250930.htm
WAFD,10-K,2025-09-30,market area,182821," year 2022 and later.22CompetitionWe operate in a highly competitive environment. Our competitors include other banks, savings associations, community banks, credit unions, fintech companies and other financial intermediaries, and new market participants offering services similar to those that we offer. We compete with some competitors within our geographic market area, and with others on a product specific basis. Our ability to compete effectively depends on our ability to provide first-rate, friendly and professional customer service and deliver the banking solutions that our customers want and need. We are also dependent upon our ability to attract and retain employees while managing compensation and other costs.Availa",https://www.sec.gov/Archives/edgar/data/936528/000093652825000117/wfsl-20250930.htm
WAFD,10-K,2025-09-30,market area,246088,"om economic downturns or to service any loans acquired, resulting in higher loan administration costs. We are also exposed to the risk of improper documentation of foreclosure proceedings that would also increase the cost of collection.Our operations are focused in the western United States, subjecting us to the risks of general economic conditions in these market areas.Substantially all of the Bank's loans are to individuals, businesses and real estate developers in the Pacific Northwest, California, Arizona, Utah, Texas, New Mexico and Nevada. As a result, our business depends significantly on general economic conditions in these market areas. A substantial increase in unemployment rates, or severe declines in housing p",https://www.sec.gov/Archives/edgar/data/936528/000093652825000117/wfsl-20250930.htm
WAFD,10-K,2025-09-30,market area,246509,"ividuals, businesses and real estate developers in the Pacific Northwest, California, Arizona, Utah, Texas, New Mexico and Nevada. As a result, our business depends significantly on general economic conditions in these market areas. A substantial increase in unemployment rates, or severe declines in housing prices and property values in any of these primary market areas could have a material adverse effect on our business due to a number of factors, including:•Loan delinquencies may increase.•Problem assets and foreclosures may increase.•Demand for the Bank's products and services may decline.•Collateral for loans made by the Bank, especially real estate, may decline in value, in turn reducing a customer's borrowing power",https://www.sec.gov/Archives/edgar/data/936528/000093652825000117/wfsl-20250930.htm
WAFD,10-K,2025-09-30,multifamily,7149,0936528us-gaap:USGovernmentAgenciesDebtSecuritiesMember2025-09-300000936528us-gaap:MortgageBackedSecuritiesMember2025-09-300000936528us-gaap:CorporateBondSecuritiesMember2024-09-300000936528us-gaap:USGovernmentAgenciesDebtSecuritiesMember2024-09-300000936528us-gaap:MortgageBackedSecuritiesMember2024-09-300000936528us-gaap:CommercialPortfolioSegmentMembersrt:MultifamilyMember2025-09-300000936528us-gaap:CommercialPortfolioSegmentMembersrt:MultifamilyMember2024-09-300000936528us-gaap:CommercialPortfolioSegmentMemberus-gaap:CommercialRealEstateMember2025-09-300000936528us-gaap:CommercialPortfolioSegmentMemberus-gaap:CommercialRealEstateMember2024-09-300000936528us-gaap:CommercialPortfolioSegmentMemberwfsl:CommercialandIndustr,https://www.sec.gov/Archives/edgar/data/936528/000093652825000117/wfsl-20250930.htm
WAFD,10-K,2025-09-30,multifamily,9732,9-300000936528wfsl:MoreThanTwentyYearsMember2025-09-300000936528wfsl:FinancingReceivableFromRelatedPartyIncludingUnfundedLoanCommitmentMember2024-10-012025-09-300000936528wfsl:FinancingReceivableFromRelatedPartyIncludingUnfundedLoanCommitmentMember2023-10-012024-09-300000936528us-gaap:CommercialPortfolioSegmentMemberus-gaap:FinancialAssetOriginatedMembersrt:MultifamilyMember2025-09-300000936528us-gaap:CommercialPortfolioSegmentMemberus-gaap:FinancialAssetOriginatedMembersrt:MultifamilyMember2024-09-300000936528us-gaap:CommercialPortfolioSegmentMemberus-gaap:FinancialAssetOriginatedMemberus-gaap:CommercialRealEstateMember2025-09-300000936528us-gaap:CommercialPortfolioSegmentMemberus-gaap:FinancialAssetOriginatedMemberus-ga,https://www.sec.gov/Archives/edgar/data/936528/000093652825000117/wfsl-20250930.htm
WAFD,10-K,2025-09-30,multifamily,12726,00936528us-gaap:ConsumerPortfolioSegmentMemberus-gaap:FinancialAssetOriginatedMember2025-09-300000936528us-gaap:ConsumerPortfolioSegmentMemberus-gaap:FinancialAssetOriginatedMember2024-09-300000936528us-gaap:FinancialAssetOriginatedMember2025-09-300000936528us-gaap:FinancialAssetOriginatedMember2024-09-300000936528us-gaap:CommercialPortfolioSegmentMembersrt:MultifamilyMemberus-gaap:FinancialAssetNotPastDueMember2025-09-300000936528us-gaap:CommercialPortfolioSegmentMembersrt:MultifamilyMemberus-gaap:FinancingReceivables1To29DaysPastDueMember2025-09-300000936528us-gaap:CommercialPortfolioSegmentMembersrt:MultifamilyMemberus-gaap:FinancingReceivables30To59DaysPastDueMember2025-09-300000936528us-gaap:CommercialPortfolioSegmen,https://www.sec.gov/Archives/edgar/data/936528/000093652825000117/wfsl-20250930.htm
WAFD,10-K,2025-09-30,multifamily,13108,ap:FinancialAssetNotPastDueMember2025-09-300000936528us-gaap:CommercialPortfolioSegmentMembersrt:MultifamilyMemberus-gaap:FinancingReceivables1To29DaysPastDueMember2025-09-300000936528us-gaap:CommercialPortfolioSegmentMembersrt:MultifamilyMemberus-gaap:FinancingReceivables30To59DaysPastDueMember2025-09-300000936528us-gaap:CommercialPortfolioSegmentMembersrt:MultifamilyMemberus-gaap:FinancingReceivables60To89DaysPastDueMember2025-09-300000936528us-gaap:CommercialPortfolioSegmentMembersrt:MultifamilyMemberus-gaap:FinancialAssetPastDueMember2025-09-300000936528us-gaap:CommercialPortfolioSegmentMemberus-gaap:CommercialRealEstateMemberus-gaap:FinancialAssetNotPastDueMember2025-09-300000936528us-gaap:CommercialPortfolioSegmentM,https://www.sec.gov/Archives/edgar/data/936528/000093652825000117/wfsl-20250930.htm
WAFD,10-K,2025-09-30,multifamily,20761,inancialAssetNotPastDueMember2025-09-300000936528us-gaap:FinancingReceivables1To29DaysPastDueMember2025-09-300000936528us-gaap:FinancingReceivables30To59DaysPastDueMember2025-09-300000936528us-gaap:FinancingReceivables60To89DaysPastDueMember2025-09-300000936528us-gaap:FinancialAssetPastDueMember2025-09-300000936528us-gaap:CommercialPortfolioSegmentMembersrt:MultifamilyMemberus-gaap:FinancialAssetNotPastDueMember2024-09-300000936528us-gaap:CommercialPortfolioSegmentMembersrt:MultifamilyMemberus-gaap:FinancingReceivables1To29DaysPastDueMember2024-09-300000936528us-gaap:CommercialPortfolioSegmentMembersrt:MultifamilyMemberus-gaap:FinancingReceivables30To59DaysPastDueMember2024-09-300000936528us-gaap:CommercialPortfolioSegmen,https://www.sec.gov/Archives/edgar/data/936528/000093652825000117/wfsl-20250930.htm
WAFD,10-K,2025-09-30,multifamily,21143,ap:FinancialAssetNotPastDueMember2024-09-300000936528us-gaap:CommercialPortfolioSegmentMembersrt:MultifamilyMemberus-gaap:FinancingReceivables1To29DaysPastDueMember2024-09-300000936528us-gaap:CommercialPortfolioSegmentMembersrt:MultifamilyMemberus-gaap:FinancingReceivables30To59DaysPastDueMember2024-09-300000936528us-gaap:CommercialPortfolioSegmentMembersrt:MultifamilyMemberus-gaap:FinancingReceivables60To89DaysPastDueMember2024-09-300000936528us-gaap:CommercialPortfolioSegmentMembersrt:MultifamilyMemberus-gaap:FinancialAssetPastDueMember2024-09-300000936528us-gaap:CommercialPortfolioSegmentMemberus-gaap:CommercialRealEstateMemberus-gaap:FinancialAssetNotPastDueMember2024-09-300000936528us-gaap:CommercialPortfolioSegmentM,https://www.sec.gov/Archives/edgar/data/936528/000093652825000117/wfsl-20250930.htm
WAFD,10-K,2025-09-30,multifamily,28796,inancialAssetNotPastDueMember2024-09-300000936528us-gaap:FinancingReceivables1To29DaysPastDueMember2024-09-300000936528us-gaap:FinancingReceivables30To59DaysPastDueMember2024-09-300000936528us-gaap:FinancingReceivables60To89DaysPastDueMember2024-09-300000936528us-gaap:FinancialAssetPastDueMember2024-09-300000936528us-gaap:CommercialPortfolioSegmentMembersrt:MultifamilyMemberus-gaap:ResidentialRealEstateMember2025-09-300000936528us-gaap:CommercialPortfolioSegmentMembersrt:MultifamilyMemberus-gaap:CommercialRealEstateMember2025-09-300000936528us-gaap:CommercialPortfolioSegmentMembersrt:MultifamilyMemberwfsl:GeneralBusinessAssetsMember2025-09-300000936528us-gaap:CommercialPortfolioSegmentMemberus-gaap:CommercialRealEstateMem,https://www.sec.gov/Archives/edgar/data/936528/000093652825000117/wfsl-20250930.htm
WAFD,10-K,2025-09-30,multifamily,33175,gmentMemberus-gaap:CommercialRealEstateMember2025-09-300000936528us-gaap:ConsumerPortfolioSegmentMemberwfsl:GeneralBusinessAssetsMember2025-09-300000936528us-gaap:ResidentialRealEstateMember2025-09-300000936528us-gaap:CommercialRealEstateMember2025-09-300000936528wfsl:GeneralBusinessAssetsMember2025-09-300000936528us-gaap:CommercialPortfolioSegmentMembersrt:MultifamilyMemberus-gaap:ExtendedMaturityMember2024-10-012025-09-300000936528us-gaap:CommercialPortfolioSegmentMembersrt:MultifamilyMemberus-gaap:PaymentDeferralMember2024-10-012025-09-300000936528us-gaap:CommercialPortfolioSegmentMembersrt:MultifamilyMember2024-10-012025-09-300000936528us-gaap:CommercialPortfolioSegmentMemberus-gaap:CommercialRealEstateMemberus-gaap:E,https://www.sec.gov/Archives/edgar/data/936528/000093652825000117/wfsl-20250930.htm
WAFD,10-K,2025-09-30,non-owner occupied,122702,"ial816,758705,401591,507Retail356,229399,276377,300Warehouse/Self Storage293,693295,275252,677Medical/dental231,622265,495198,208Mixed Use188,298229,351232,564Hotel/motel192,148205,895228,503Other707,334848,099613,566Total commercial real estate loans$3,588,950$3,732,155$3,310,101Within the types listed above, a CRE subject property could be either owner or non-owner occupied. The following table provides the amortized cost of CRE loans by occupation status: September 30, 2025September 30, 2024September 30, 2023($ in thousands)Non-owner occupied$2,988,26583%$3,130,63784%$2,715,69382%Owner occupied600,68517%601,51816%594,40818%Total commercial real estate loans$3,588,950100%$3,732,155100%$3,310,101100%In underwriting, the Bank co",https://www.sec.gov/Archives/edgar/data/936528/000093652825000117/wfsl-20250930.htm
WAFD,10-K,2025-09-30,office,101700,"_______________________________________________ WAFD, INC. (Exact name of registrant as specified in its charter)____________________________________________________________Washington91-1661606(State or other jurisdiction of incorporation or organization)(I.R.S. Employer Identification No.)425 Pike StreetSeattleWashington98101(Address of Principal Executive Offices)(Zip Code)Registrant’s telephone number, including area code: (206) 624-7930 _____________________________________ Securities registered pursuant to Section 12(b) of the Act:Title of each ClassTrading Symbol(s)Name of each exchange on which registeredCommon Stock, $1.00 par value per shareWAFDNASDAQ Stock MarketDepositary Shares, Each Representing a 1/40th",https://www.sec.gov/Archives/edgar/data/936528/000093652825000117/wfsl-20250930.htm
WAFD,10-K,2025-09-30,office,104698," by check mark whether the financial statements of the registrant included in the filing reflect the correction of an error to previously issued financial statements. ☐ Indicate by check mark whether any of those error corrections are restatements that required a recovery analysis of incentive-based compensation received by any of the registrant’s executive officers during the relevant recovery period pursuant to §240.10D-1(b). ☐ Indicate by check mark whether the registrant is a shell company (as defined in Rule 12b-2 of the Act). Yes ☐ No ☒The aggregate market value of the registrant's common stock (""Common Stock"") held on March 31, 2025, the last business day of the registrant's second fiscal quarter by non-affili",https://www.sec.gov/Archives/edgar/data/936528/000093652825000117/wfsl-20250930.htm
WAFD,10-K,2025-09-30,office,106653,"isclosures about Market Risks56Item 8. Financial Statements and Supplementary Data61Item 9. Changes in and Disagreements with Accountants on Accounting and Financial Disclosure123Item 9A. Controls and Procedures123Item 9B. Other Information125Item 9C. Disclosure Regarding Foreign Jurisdictions that Prevent Inspections125PART IIIItem 10. Directors, Executive Officers and Corporate Governance125Item 11. Executive Compensation125Item 12. Security Ownership of Certain Beneficial Owners and Management and Related Shareholder Matters125Item 13. Certain Relationships and Related Transactions and Director Independence126Item 14. Principal Accountant Fees and Services126PART IVItem 15. Exhibits and Financial Statement Schedul",https://www.sec.gov/Archives/edgar/data/936528/000093652825000117/wfsl-20250930.htm
WAFD,10-K,2025-09-30,office,122305,"erally secured by the subject property. Management differentiates multi-family properties from the rest of our CRE portfolio as these loans have key differences in their risk profile. The following table provides detail of the amortized cost of non-multi family CRE loans by property type: September 30, 2025September 30, 2024September 30, 2023($ in thousands)Office$802,868$783,363$815,776Industrial816,758705,401591,507Retail356,229399,276377,300Warehouse/Self Storage293,693295,275252,677Medical/dental231,622265,495198,208Mixed Use188,298229,351232,564Hotel/motel192,148205,895228,503Other707,334848,099613,566Total commercial real estate loans$3,588,950$3,732,155$3,310,101Within the types listed above, a CRE subject pro",https://www.sec.gov/Archives/edgar/data/936528/000093652825000117/wfsl-20250930.htm
WAFD,10-K,2025-09-30,office,131183,"ns of $250,000 or less and were reviewed by the Bank's staff. Detailed loan applications were obtained to determine the borrower's ability to repay and the more significant items on these applications are verified through the use of credit reports, financial statements or written confirmations. Depending on the size of the loan involved, a varying number of officers of the Bank must approve the loan application before the loan could be granted. Federal guidelines limit the amount of a real estate loan made to a specified percentage of the value of the property securing the loan, as determined by an evaluation at the time the loan is originated. This is referred to as the loan-to-value ratio. The Board sets the maximu",https://www.sec.gov/Archives/edgar/data/936528/000093652825000117/wfsl-20250930.htm
WAFD,10-K,2025-09-30,office,153197,"ny's risk appetite and sets appropriate risk limits and policies. The RMC is responsible for providing ongoing review, guidance and oversight of the Company's enterprise risk management function. Management is responsible for managing the Company's risks on a day-to-day basis in accordance with the policies established by the Board. The Company's Chief Risk Officer (“CRO”) chairs the Enterprise Risk Management Committee (“ERMC”), a management-level committee that is responsible for executing the risk management framework adopted by the Board. The ERMC maintains enterprise-wide oversight of risk assessment, monitoring and reporting. The ERMC meets at least quarterly to identify, evaluate, monitor, and account for new,",https://www.sec.gov/Archives/edgar/data/936528/000093652825000117/wfsl-20250930.htm
WAFD,10-K,2025-09-30,office,154375,"pport the ERMC’s risk management function, certain types of risks are overseen by other management level committees. For example, the Company’s Asset Liability Committee is responsible for managing interest rate and liquidity risks and the credit administration department tracks credit risks. On at least a quarterly basis, the Company’s CRO, Chief Financial Officer, Chief Information Officer, Chief Information Security Officer, Chief Credit Officer, and other members of management report directly to the RMC to provide reporting on 17risk levels, key risks, emerging risks and the Company’s compliance with the risk management framework, risk limits and risk appetites adopted by the RMC. The Company carries out its risk",https://www.sec.gov/Archives/edgar/data/936528/000093652825000117/wfsl-20250930.htm
WAFD,10-K,2025-09-30,office,159759,"y affiliate engaged in non-banking activities that are not permissible for a bank holding company or acquire shares of any affiliate that is not a subsidiary. Federal law authorizes the imposition of additional restrictions on transactions with affiliates if necessary to protect the safety and soundness of a bank. Extensions of credit by a bank to executive officers, directors and principal shareholders are subject to Section 22(h) of the Federal Reserve Act, which, among other things, generally prohibits loans to any such individual where the aggregate amount exceeds an amount equal to 15% of an institution's unimpaired capital and surplus plus an additional 10% of 18unimpaired capital and surplus in the case of loa",https://www.sec.gov/Archives/edgar/data/936528/000093652825000117/wfsl-20250930.htm
WAFD,10-K,2025-09-30,owner-occupied,129312, or less of the appraised value of the unimproved property. Funds are disbursed periodically at various stages of completion as authorized by the Bank's personnel. The interest rate on these loans typically adjust daily or monthly in accordance with a designated index. Land development loans involve a higher degree of credit risk than long-term financing on owner-occupied real estate. Mitigation of risk of loss on a land development loan is dependent largely upon the accuracy of the initial estimate of the property's value at completion of development compared to the estimated cost (including interest) of development and the financial strength of the borrower. Consumer loans. The Bank's non-mortgage consumer loan portfolio c,https://www.sec.gov/Archives/edgar/data/936528/000093652825000117/wfsl-20250930.htm
WAFD,10-Q,2026-06-30,Seattle,102148,"026 or☐TRANSITION REPORT PURSUANT TO SECTION 13 OR 15(d) OF THE SECURITIES EXCHANGE ACT OF 1934For the transition period from to Commission file number 001-34654WAFD, INC. (Exact name of registrant as specified in its charter) Washington91-1661606(State or other jurisdiction of incorporation or organization)(I.R.S. Employer Identification No.)425 Pike StreetSeattleWashington98101(Address of Principal Executive Offices)(Zip Code)Registrant’s telephone number, including area code (206) 624-7930 (Former name, former address and former fiscal year, if changed since last report.)Securities registered pursuant to Section 12(b) of the Act: Title of Each ClassTrading Symbol(s)Name of each exchange on which registeredCommon St",https://www.sec.gov/Archives/edgar/data/936528/000093652826000061/wfsl-20260630.htm
WAFD,10-Q,2026-06-30,Seattle,120469,"e to change the name of Washington Federal, Inc. to WaFd, Inc. This change was effective on September 29, 2023. As used throughout this document, the terms “WaFd” or the “Company” or “we” or “us” and “our” refer to WaFd, Inc. and its consolidated subsidiaries, and the term “Bank” refers to the operating subsidiary, WaFd Bank. The Company is headquartered in Seattle, Washington. The Bank conducts its activities through a network of 210 bank branches located in Washington, Oregon, Idaho, Utah, Arizona, Nevada, New Mexico, California and Texas. Basis of Presentation - The Company has prepared the consolidated unaudited interim financial statements included in this report. All intercompany transactions and accounts have b",https://www.sec.gov/Archives/edgar/data/936528/000093652826000061/wfsl-20260630.htm
WAFD,10-Q,2026-06-30,Seattle,229215,"ge its name from Washington Federal, Inc. to WaFd, Inc. This change was effective on September 29, 2023. As used throughout this document, the terms ""WaFd,"" the ""Company"" or ""we"" or ""us"" and ""our"" refer to WaFd, Inc. and its consolidated subsidiaries, and the term ""Bank"" or ""WaFd Bank"" refers to its bank operating subsidiary. The Company is headquartered in Seattle, Washington. CRITICAL ACCOUNTING POLICIESSee Note A to the Consolidated Financial Statements in ""Item 1. Financial Statements"" above. Also, refer to ""Item 7. Management’s Discussion and Analysis of Financial Condition and Results of Operations"" in the Company's 2025 10-K.ASSET QUALITY & ALLOWANCE FOR CREDIT LOSSESSee Notes A, D and E to the Consolidated Fin",https://www.sec.gov/Archives/edgar/data/936528/000093652826000061/wfsl-20260630.htm
WAFD,10-Q,2026-06-30,Washington,101617,"8wfsl:InterestRateContractReceiveFixedPayFloatingSwapMember2024-10-012025-06-300000936528us-gaap:FederalHomeLoanBankAdvancesMember2026-06-300000936528us-gaap:UnfundedLoanCommitmentMember2026-06-300000936528us-gaap:FederalHomeLoanBankAdvancesMember2025-09-300000936528us-gaap:UnfundedLoanCommitmentMember2025-09-30UNITED STATESSECURITIES AND EXCHANGE COMMISSIONWashington, D.C. 20549FORM 10-Q (Mark One)☒QUARTERLY REPORT PURSUANT TO SECTION 13 OR 15(d) OF THE SECURITIES EXCHANGE ACT OF 1934For the quarterly period ended June 30, 2026 or☐TRANSITION REPORT PURSUANT TO SECTION 13 OR 15(d) OF THE SECURITIES EXCHANGE ACT OF 1934For the transition period from to Commission file number 001-34654WAFD, INC. (Exact name of registrant a",https://www.sec.gov/Archives/edgar/data/936528/000093652826000061/wfsl-20260630.htm
WAFD,10-Q,2026-06-30,Washington,102015,"One)☒QUARTERLY REPORT PURSUANT TO SECTION 13 OR 15(d) OF THE SECURITIES EXCHANGE ACT OF 1934For the quarterly period ended June 30, 2026 or☐TRANSITION REPORT PURSUANT TO SECTION 13 OR 15(d) OF THE SECURITIES EXCHANGE ACT OF 1934For the transition period from to Commission file number 001-34654WAFD, INC. (Exact name of registrant as specified in its charter) Washington91-1661606(State or other jurisdiction of incorporation or organization)(I.R.S. Employer Identification No.)425 Pike StreetSeattleWashington98101(Address of Principal Executive Offices)(Zip Code)Registrant’s telephone number, including area code (206) 624-7930 (Former name, former address and former fiscal year, if changed since last report.)Securities regis",https://www.sec.gov/Archives/edgar/data/936528/000093652826000061/wfsl-20260630.htm
WAFD,10-Q,2026-06-30,Washington,118642,"id (received) during the period forInterest475,898 580,775 Income tax37,702 31,203 SEE NOTES TO INTERIM CONSOLIDATED FINANCIAL STATEMENTS9Table of ContentsWAFD, INC. AND SUBSIDIARIESNOTES TO INTERIM CONSOLIDATED FINANCIAL STATEMENTS(UNAUDITED)NOTE A – Summary of Significant Accounting PoliciesCompany and Nature of Operations - WaFd Bank, a federally-insured Washington state chartered commercial bank (the “Bank”), was founded on April 24, 1917 in Ballard, Washington and is engaged primarily in providing lending, depository, insurance and other banking services to consumers, small, mid-sized and large businesses, and owners and developers of commercial real estate. The business of the Bank consists primarily of accepting d",https://www.sec.gov/Archives/edgar/data/936528/000093652826000061/wfsl-20260630.htm
WAFD,10-Q,2026-06-30,Washington,119773,"amily home loans and home equity lines of credit. Our existing consumer home loans still make up a significant portion of our loan portfolio. The Bank also invests in certain United States government and agency obligations and other investments permitted by applicable laws and regulations.Effective September 25, 2025, the Bank formally changed its name from Washington Federal Bank to WaFd Bank by filing its Second Amended and Restated Articles of Incorporation with the Washington Secretary of State. WaFd, Inc., a Washington corporation, was formed as the Bank’s holding company in November, 1994. On September 27, 2023, Articles of Amendment were filed with the Washington Secretary of State to change the name of Washington",https://www.sec.gov/Archives/edgar/data/936528/000093652826000061/wfsl-20260630.htm
WAFD,10-Q,2026-06-30,Washington,120478,"ge the name of Washington Federal, Inc. to WaFd, Inc. This change was effective on September 29, 2023. As used throughout this document, the terms “WaFd” or the “Company” or “we” or “us” and “our” refer to WaFd, Inc. and its consolidated subsidiaries, and the term “Bank” refers to the operating subsidiary, WaFd Bank. The Company is headquartered in Seattle, Washington. The Bank conducts its activities through a network of 210 bank branches located in Washington, Oregon, Idaho, Utah, Arizona, Nevada, New Mexico, California and Texas. Basis of Presentation - The Company has prepared the consolidated unaudited interim financial statements included in this report. All intercompany transactions and accounts have been eliminat",https://www.sec.gov/Archives/edgar/data/936528/000093652826000061/wfsl-20260630.htm
WAFD,10-Q,2026-06-30,Washington,226964,"h acquisitions;•risks associated with our entry into the California market;Security Ownership Risks:•negative effects of activist shareholders;•our ability to continue to pay dividends, including on our outstanding Series A Preferred Stock; and make stock repurchases;•risks related to the volatility of our Common Stock, and future dilution;•risks related to Washington's anti-takeover statute;General Risks: •the success of the Company at managing the risks involved in the foregoing and managing its business; and•the timing and occurrence or non-occurrence of events that may be subject to circumstances beyond the Company's control. For the reasons described above, we caution you against relying on any forward-looking state",https://www.sec.gov/Archives/edgar/data/936528/000093652826000061/wfsl-20260630.htm
WAFD,10-Q,2026-06-30,Washington,228073,"or revise any forward-looking statements to reflect changed assumptions, the occurrence of unanticipated events, changes to future operating results over time, or the impact of circumstances arising after the date the forward-looking statement was made.48Table of ContentsWAFD, INC. AND SUBSIDIARIESGENERAL & BUSINESS DESCRIPTIONWaFd Bank, a federally-insured Washington state chartered commercial bank (the ""Bank""), was founded on April 24, 1917 in Ballard, Washington and is engaged primarily in providing lending, depository, insurance and other banking services to consumers, mid-sized to large businesses, and owners and developers of commercial real estate. Effective September 25, 2025, the Bank formally changed its name f",https://www.sec.gov/Archives/edgar/data/936528/000093652826000061/wfsl-20260630.htm
WAFD,10-Q,2026-06-30,Washington,228447,"te chartered commercial bank (the ""Bank""), was founded on April 24, 1917 in Ballard, Washington and is engaged primarily in providing lending, depository, insurance and other banking services to consumers, mid-sized to large businesses, and owners and developers of commercial real estate. Effective September 25, 2025, the Bank formally changed its name from Washington Federal Bank to WaFd Bank by filing its Second Amended and Restated Articles of Incorporation with the Washington Secretary of State. WaFd, Inc., a Washington corporation, was formed as the Bank’s holding company in November, 1994. On September 27, 2023, the Company filed Articles of Amendment to its Restated Articles of Incorporation, as amended, with the ",https://www.sec.gov/Archives/edgar/data/936528/000093652826000061/wfsl-20260630.htm
WAFD,10-Q,2026-06-30,commercial real estate,118930,"liciesCompany and Nature of Operations - WaFd Bank, a federally-insured Washington state chartered commercial bank (the “Bank”), was founded on April 24, 1917 in Ballard, Washington and is engaged primarily in providing lending, depository, insurance and other banking services to consumers, small, mid-sized and large businesses, and owners and developers of commercial real estate. The business of the Bank consists primarily of accepting deposits from the general public and investing these funds in loans of various types, including construction loans, land acquisition and development loans, loans on multi-family, commercial real estate and other income producing properties, and business loans, including U.S. Small Business Administra",https://www.sec.gov/Archives/edgar/data/936528/000093652826000061/wfsl-20260630.htm
WAFD,10-Q,2026-06-30,commercial real estate,127685,"mpany has designated two loan portfolio segments, commercial loans and consumer loans. These loan portfolio segments are further disaggregated into classes, which represent loans of similar type, risk characteristics, and methods for monitoring and assessing credit risk. The commercial loan portfolio segment is disaggregated into five classes: multi-family, commercial real estate, commercial and industrial, construction, and land acquisition and development. The risk of loss for the commercial loan portfolio segment is generally most indicated by the credit risk rating assigned to each borrower. Commercial loan risk ratings are determined by experienced senior credit officers based on specific facts and circumstances and are subject",https://www.sec.gov/Archives/edgar/data/936528/000093652826000061/wfsl-20260630.htm
WAFD,10-Q,2026-06-30,commercial real estate,145372," loans, with each of those segments further split into loan classes for purposes of estimating the allowance for credit losses.The following table is a summary of loans receivable by loan portfolio segment and class.June 30, 2026September 30, 2025Gross loans by category(In thousands)(In thousands)Commercial loansMulti-family$4,721,719 21.8 %$4,718,480 22.2 %Commercial real estate3,642,259 16.9 3,604,600 16.9 Commercial & industrial3,110,005 14.4 2,392,685 11.3 Construction2,144,343 9.9 1,756,890 8.3 Land - acquisition & development219,267 1.0 179,099 0.8 Total commercial loans13,837,593 64.0 12,651,754 59.5 Consumer loansSingle-family residential7,389,117 34.2 8,053,771 37.8 Construction - custom35,260 0.2 150,237 0.7 Land - consume",https://www.sec.gov/Archives/edgar/data/936528/000093652826000061/wfsl-20260630.htm
WAFD,10-Q,2026-06-30,commercial real estate,147284,"th the amortized cost basis of non-accrual loans and loans 90 days or more past due and accruing. June 30, 2026September 30, 2025(In thousands, except ratio data)Non-accrualNon-accrual with no ACL90 days or more past due and accruingNon-accrualNon-accrual with no ACL90 days or more past due and accruingCommercial loansMulti-family$34,249 $— $— $19,121 $— $— Commercial real estate3,114 — — 69,972 — — Commercial & industrial65,741 — — 11,047 — — Construction— — — 3,400 — — Total commercial loans103,104 — — 103,540 — — Consumer loansSingle-family residential22,445 — — 23,741 — — Construction - custom892 — — 760 — — Land - consumer lot loans239 — — 23 — — HELOC627 — — 412 — — Consumer262 — — 152 — — Total consumer loans24,465 — — 25,088",https://www.sec.gov/Archives/edgar/data/936528/000093652826000061/wfsl-20260630.htm
WAFD,10-Q,2026-06-30,commercial real estate,148738,"NAUDITED)The following tables provide details regarding loan delinquencies by loan portfolio and class. June 30, 2026Days Delinquent Based on $ Amount of Loans% basedon $Type of LoanLoans Receivable (Amortized Cost)Current306090+Total Delinquent(In thousands, except ratio data)Commercial LoansMulti-family$4,645,902 $4,609,974 $— $2,103 $33,825 $35,928 0.77 %Commercial real estate3,626,043 3,616,011 700 9,332 — 10,032 0.28 Commercial & industrial3,101,192 3,037,254 111 487 63,340 63,938 2.06 Construction1,015,908 1,015,908 — — — — — Land - acquisition & development185,232 185,232 — — — — — Total commercial loans12,574,277 12,464,379 811 11,922 97,165 109,898 0.87 Consumer LoansSingle-family residential7,268,163 7,230,764 9,865 6,307 ",https://www.sec.gov/Archives/edgar/data/936528/000093652826000061/wfsl-20260630.htm
WAFD,10-Q,2026-06-30,commercial real estate,149785,"232,707 $20,080,756 $12,639 $18,940 $120,372 $151,951 0.75 %Delinquency %99.25%0.06%0.08%0.60%0.75%September 30, 2025Days Delinquent Based on $ Amount of Loans% basedon $Type of LoanLoans Receivable (Amortized Cost)Current306090+Total Delinquent(In thousands, except ratio data)Commercial LoansMulti-family$4,631,321 $4,610,677 $— $12,482 $8,162 $20,644 0.45 %Commercial real estate3,588,950 3,537,909 87 912 50,042 51,041 1.42 Commercial & industrial2,386,363 2,385,178 52 1,088 45 1,185 0.05 Construction1,105,101 1,105,101 — — — — — Land - acquisition & development139,922 139,922 — — — — — Total commercial loans11,851,657 11,778,787 139 14,482 58,249 72,870 0.61 Consumer LoansSingle-family residential7,936,931 7,890,843 16,639 6,176 23",https://www.sec.gov/Archives/edgar/data/936528/000093652826000061/wfsl-20260630.htm
WAFD,10-Q,2026-06-30,commercial real estate,151039,"s are considered collateral-dependent when the debtor is experiencing financial difficulty and repayment is expected to be provided substantially through the sale or operation of the collateral. The following table presents the amortized basis of collateral-dependent loans by loan class and collateral type as of June 30, 2026.Loan typeResidential Real EstateCommercial Real EstateGeneral Business Assets($ in thousands)Commercial loansMulti-Family$— $34,248 $— Commercial Real Estate— 3,114 — Commercial & Industrial— 746 63,255 Total commercial loans— 38,108 63,255 Consumer loansSingle-Family Residential7,732 — — Construction - Custom132 — — Land - Consumer Lot Loans60 — — HELOC86 — — Total consumer loans8,010 — — Total Loans$8,010 $38",https://www.sec.gov/Archives/edgar/data/936528/000093652826000061/wfsl-20260630.htm
WAFD,10-Q,2026-06-30,commercial real estate,153559,"ring the periods presented were term extensions or payment deferrals. 19Table of ContentsWAFD, INC. AND SUBSIDIARIES NOTES TO INTERIM CONSOLIDATED FINANCIAL STATEMENTS(UNAUDITED)Three Months Ended June 30, 2026Loan ClassTerm ExtensionPayment Deferral% of Total Loan Class BalanceWtd. Avg. Term Extension Deferral Amount( in thousands)(in months)( in thousands)Commercial real estate19,327 — 0.53 3— Commercial & industrial25,723 — 0.83 4— Total commercial loans45,050 — 0.36 3— Total Loans$45,050 $— 0.22 %Three Months Ended June 30, 2025Loan ClassTerm ExtensionPayment Deferral% of Total Loan Class BalanceWtd. Avg. Term Extension Deferral Amount( in thousands)(in months)( in thousands)Multi-family$21,103 $— 0.43 %15$— Commercial real esta",https://www.sec.gov/Archives/edgar/data/936528/000093652826000061/wfsl-20260630.htm
WAFD,10-Q,2026-06-30,concentration,62822,tfolioSegmentMember2026-06-300000936528us-gaap:DoubtfulMemberus-gaap:ConsumerPortfolioSegmentMember2026-06-300000936528us-gaap:PassMember2026-06-300000936528wfsl:WatchMember2026-06-300000936528us-gaap:SpecialMentionMember2026-06-300000936528us-gaap:SubstandardMember2026-06-300000936528us-gaap:DoubtfulMember2026-06-300000936528us-gaap:PassMemberus-gaap:CreditConcentrationRiskMemberus-gaap:AccountsReceivableMember2025-10-012026-06-300000936528wfsl:WatchMemberus-gaap:CreditConcentrationRiskMemberus-gaap:AccountsReceivableMember2025-10-012026-06-300000936528us-gaap:SpecialMentionMemberus-gaap:CreditConcentrationRiskMemberus-gaap:AccountsReceivableMember2025-10-012026-06-300000936528us-gaap:SubstandardMemberus-gaap:CreditConcent,https://www.sec.gov/Archives/edgar/data/936528/000093652826000061/wfsl-20260630.htm
WAFD,10-Q,2026-06-30,concentration,63188,trationRiskMemberus-gaap:AccountsReceivableMember2025-10-012026-06-300000936528wfsl:WatchMemberus-gaap:CreditConcentrationRiskMemberus-gaap:AccountsReceivableMember2025-10-012026-06-300000936528us-gaap:SpecialMentionMemberus-gaap:CreditConcentrationRiskMemberus-gaap:AccountsReceivableMember2025-10-012026-06-300000936528us-gaap:SubstandardMemberus-gaap:CreditConcentrationRiskMemberus-gaap:AccountsReceivableMember2025-10-012026-06-300000936528us-gaap:DoubtfulMemberus-gaap:CreditConcentrationRiskMemberus-gaap:AccountsReceivableMember2025-10-012026-06-300000936528wfsl:LossMemberus-gaap:CommercialPortfolioSegmentMembersrt:MultifamilyMember2025-09-300000936528wfsl:LossMemberus-gaap:CommercialPortfolioSegmentMemberus-gaap:Commerci,https://www.sec.gov/Archives/edgar/data/936528/000093652826000061/wfsl-20260630.htm
WAFD,10-Q,2026-06-30,concentration,67597,sumerPortfolioSegmentMember2025-09-300000936528wfsl:LossMemberus-gaap:ConsumerPortfolioSegmentMember2025-09-300000936528us-gaap:PassMember2025-09-300000936528us-gaap:SpecialMentionMember2025-09-300000936528us-gaap:SubstandardMember2025-09-300000936528us-gaap:DoubtfulMember2025-09-300000936528wfsl:LossMember2025-09-300000936528us-gaap:PassMemberus-gaap:CreditConcentrationRiskMemberus-gaap:AccountsReceivableMember2024-10-012025-09-300000936528us-gaap:SpecialMentionMemberus-gaap:CreditConcentrationRiskMemberus-gaap:AccountsReceivableMember2024-10-012025-09-300000936528us-gaap:SubstandardMemberus-gaap:CreditConcentrationRiskMemberus-gaap:AccountsReceivableMember2024-10-012025-09-300000936528us-gaap:DoubtfulMemberus-gaap:CreditC,https://www.sec.gov/Archives/edgar/data/936528/000093652826000061/wfsl-20260630.htm
WAFD,10-Q,2026-06-30,concentration,67969,nRiskMemberus-gaap:AccountsReceivableMember2024-10-012025-09-300000936528us-gaap:SpecialMentionMemberus-gaap:CreditConcentrationRiskMemberus-gaap:AccountsReceivableMember2024-10-012025-09-300000936528us-gaap:SubstandardMemberus-gaap:CreditConcentrationRiskMemberus-gaap:AccountsReceivableMember2024-10-012025-09-300000936528us-gaap:DoubtfulMemberus-gaap:CreditConcentrationRiskMemberus-gaap:AccountsReceivableMember2024-10-012025-09-300000936528wfsl:LossMemberus-gaap:CreditConcentrationRiskMemberus-gaap:AccountsReceivableMember2024-10-012025-09-300000936528us-gaap:PerformingFinancingReceivableMemberus-gaap:CommercialPortfolioSegmentMembersrt:MultifamilyMember2026-06-300000936528us-gaap:NonperformingFinancingReceivableMemberus-g,https://www.sec.gov/Archives/edgar/data/936528/000093652826000061/wfsl-20260630.htm
WAFD,10-Q,2026-06-30,concentration,225955,"ing business;Market and Industry Risks: •eroding confidence in the banking system and regional banks in particular;•downturns in the real estate market;•changes in banking operations, including a shift from retail to online activities;•risks associated with inadequate or faulty underwriting and loan collection practices;•risks associated with our geographic concentration, including the effects of a severe economic downturn, including high unemployment rates and declines in housing prices and both commercial and residential property values, in our primary market areas;•impairment of goodwill and other intangible assets;Competitive Risks:•competition from other financial institutions and new market participants, and consolida",https://www.sec.gov/Archives/edgar/data/936528/000093652826000061/wfsl-20260630.htm
WAFD,10-Q,2026-06-30,geographic concentration,225944,"estate lending business;Market and Industry Risks: •eroding confidence in the banking system and regional banks in particular;•downturns in the real estate market;•changes in banking operations, including a shift from retail to online activities;•risks associated with inadequate or faulty underwriting and loan collection practices;•risks associated with our geographic concentration, including the effects of a severe economic downturn, including high unemployment rates and declines in housing prices and both commercial and residential property values, in our primary market areas;•impairment of goodwill and other intangible assets;Competitive Risks:•competition from other financial institutions and new market participants, and consolida",https://www.sec.gov/Archives/edgar/data/936528/000093652826000061/wfsl-20260630.htm
WAFD,10-Q,2026-06-30,market area,226156," from retail to online activities;•risks associated with inadequate or faulty underwriting and loan collection practices;•risks associated with our geographic concentration, including the effects of a severe economic downturn, including high unemployment rates and declines in housing prices and both commercial and residential property values, in our primary market areas;•impairment of goodwill and other intangible assets;Competitive Risks:•competition from other financial institutions and new market participants, and consolidation in the industry resulting in the creation of larger competitors with greater financial resources;•the ability of the Company to obtain external financing to fund its operations or obtain financi",https://www.sec.gov/Archives/edgar/data/936528/000093652826000061/wfsl-20260630.htm
WAFD,10-Q,2026-06-30,multifamily,4568,ncomeMember2024-10-012025-06-300000936528us-gaap:CommonStockMember2024-10-012025-06-300000936528us-gaap:AdditionalPaidInCapitalMember2024-10-012025-06-300000936528us-gaap:TreasuryStockCommonMember2024-10-012025-06-3000009365282025-10-012025-12-3100009365282025-12-3100009365282026-01-012026-03-3100009365282026-06-052026-06-0500009365282026-02-280000936528srt:MultifamilyMemberus-gaap:CommercialPortfolioSegmentMember2026-06-300000936528srt:MultifamilyMemberus-gaap:CommercialPortfolioSegmentMember2025-09-300000936528us-gaap:CommercialRealEstateMemberus-gaap:CommercialPortfolioSegmentMember2026-06-300000936528us-gaap:CommercialRealEstateMemberus-gaap:CommercialPortfolioSegmentMember2025-09-300000936528wfsl:CommercialAndIndustr,https://www.sec.gov/Archives/edgar/data/936528/000093652826000061/wfsl-20260630.htm
WAFD,10-Q,2026-06-30,multifamily,6650,p:ConsumerLoanMemberus-gaap:ConsumerPortfolioSegmentMember2026-06-300000936528us-gaap:ConsumerLoanMemberus-gaap:ConsumerPortfolioSegmentMember2025-09-300000936528us-gaap:ConsumerPortfolioSegmentMember2026-06-300000936528us-gaap:ConsumerPortfolioSegmentMember2025-09-300000936528us-gaap:FinancialAssetOriginatedMemberus-gaap:CommercialPortfolioSegmentMembersrt:MultifamilyMember2026-06-300000936528us-gaap:FinancialAssetOriginatedMemberus-gaap:CommercialPortfolioSegmentMembersrt:MultifamilyMember2025-09-300000936528us-gaap:FinancialAssetOriginatedMemberus-gaap:CommercialPortfolioSegmentMemberus-gaap:CommercialRealEstateMember2026-06-300000936528us-gaap:FinancialAssetOriginatedMemberus-gaap:CommercialPortfolioSegmentMemberus-ga,https://www.sec.gov/Archives/edgar/data/936528/000093652826000061/wfsl-20260630.htm
WAFD,10-Q,2026-06-30,multifamily,9406,edMemberus-gaap:ConsumerPortfolioSegmentMember2026-06-300000936528us-gaap:FinancialAssetOriginatedMemberus-gaap:ConsumerPortfolioSegmentMember2025-09-300000936528us-gaap:FinancialAssetOriginatedMember2026-06-300000936528us-gaap:FinancialAssetOriginatedMember2025-09-300000936528us-gaap:CommercialPortfolioSegmentMemberus-gaap:FinancialAssetNotPastDueMembersrt:MultifamilyMember2026-06-300000936528us-gaap:CommercialPortfolioSegmentMemberus-gaap:FinancingReceivables1To29DaysPastDueMembersrt:MultifamilyMember2026-06-300000936528us-gaap:CommercialPortfolioSegmentMemberus-gaap:FinancingReceivables30To59DaysPastDueMembersrt:MultifamilyMember2026-06-300000936528us-gaap:CommercialPortfolioSegmentMemberus-gaap:FinancingReceivables60T,https://www.sec.gov/Archives/edgar/data/936528/000093652826000061/wfsl-20260630.htm
WAFD,10-Q,2026-06-30,multifamily,9801,28us-gaap:CommercialPortfolioSegmentMemberus-gaap:FinancingReceivables1To29DaysPastDueMembersrt:MultifamilyMember2026-06-300000936528us-gaap:CommercialPortfolioSegmentMemberus-gaap:FinancingReceivables30To59DaysPastDueMembersrt:MultifamilyMember2026-06-300000936528us-gaap:CommercialPortfolioSegmentMemberus-gaap:FinancingReceivables60To89DaysPastDueMembersrt:MultifamilyMember2026-06-300000936528us-gaap:CommercialPortfolioSegmentMemberus-gaap:FinancialAssetPastDueMembersrt:MultifamilyMember2026-06-300000936528us-gaap:CommercialPortfolioSegmentMemberus-gaap:FinancialAssetNotPastDueMemberus-gaap:CommercialRealEstateMember2026-06-300000936528us-gaap:CommercialPortfolioSegmentMemberus-gaap:FinancingReceivables1To29DaysPastDueMe,https://www.sec.gov/Archives/edgar/data/936528/000093652826000061/wfsl-20260630.htm
WAFD,10-Q,2026-06-30,multifamily,17441,00000936528us-gaap:FinancingReceivables1To29DaysPastDueMember2026-06-300000936528us-gaap:FinancingReceivables30To59DaysPastDueMember2026-06-300000936528us-gaap:FinancingReceivables60To89DaysPastDueMember2026-06-300000936528us-gaap:FinancialAssetPastDueMember2026-06-300000936528us-gaap:CommercialPortfolioSegmentMemberus-gaap:FinancialAssetNotPastDueMembersrt:MultifamilyMember2025-09-300000936528us-gaap:CommercialPortfolioSegmentMemberus-gaap:FinancingReceivables1To29DaysPastDueMembersrt:MultifamilyMember2025-09-300000936528us-gaap:CommercialPortfolioSegmentMemberus-gaap:FinancingReceivables30To59DaysPastDueMembersrt:MultifamilyMember2025-09-300000936528us-gaap:CommercialPortfolioSegmentMemberus-gaap:FinancingReceivables60T,https://www.sec.gov/Archives/edgar/data/936528/000093652826000061/wfsl-20260630.htm
WAFD,10-Q,2026-06-30,multifamily,17836,28us-gaap:CommercialPortfolioSegmentMemberus-gaap:FinancingReceivables1To29DaysPastDueMembersrt:MultifamilyMember2025-09-300000936528us-gaap:CommercialPortfolioSegmentMemberus-gaap:FinancingReceivables30To59DaysPastDueMembersrt:MultifamilyMember2025-09-300000936528us-gaap:CommercialPortfolioSegmentMemberus-gaap:FinancingReceivables60To89DaysPastDueMembersrt:MultifamilyMember2025-09-300000936528us-gaap:CommercialPortfolioSegmentMemberus-gaap:FinancialAssetPastDueMembersrt:MultifamilyMember2025-09-300000936528us-gaap:CommercialPortfolioSegmentMemberus-gaap:FinancialAssetNotPastDueMemberus-gaap:CommercialRealEstateMember2025-09-300000936528us-gaap:CommercialPortfolioSegmentMemberus-gaap:FinancingReceivables1To29DaysPastDueMe,https://www.sec.gov/Archives/edgar/data/936528/000093652826000061/wfsl-20260630.htm
WAFD,10-Q,2026-06-30,multifamily,25473,9-300000936528us-gaap:FinancingReceivables1To29DaysPastDueMember2025-09-300000936528us-gaap:FinancingReceivables30To59DaysPastDueMember2025-09-300000936528us-gaap:FinancingReceivables60To89DaysPastDueMember2025-09-300000936528us-gaap:FinancialAssetPastDueMember2025-09-300000936528us-gaap:ResidentialRealEstateMemberus-gaap:CommercialPortfolioSegmentMembersrt:MultifamilyMember2026-06-300000936528us-gaap:CommercialRealEstateMemberus-gaap:CommercialPortfolioSegmentMembersrt:MultifamilyMember2026-06-300000936528wfsl:GeneralBusinessAssetsMemberus-gaap:CommercialPortfolioSegmentMembersrt:MultifamilyMember2026-06-300000936528us-gaap:ResidentialRealEstateMemberus-gaap:CommercialPortfolioSegmentMemberus-gaap:CommercialRealEstateMem,https://www.sec.gov/Archives/edgar/data/936528/000093652826000061/wfsl-20260630.htm
WAFD,10-Q,2026-06-30,multifamily,29849,-gaap:CommercialPortfolioSegmentMemberus-gaap:PaymentDeferralMember2026-04-012026-06-300000936528us-gaap:CommercialPortfolioSegmentMember2026-04-012026-06-300000936528us-gaap:ExtendedMaturityMember2026-04-012026-06-300000936528us-gaap:PaymentDeferralMember2026-04-012026-06-300000936528us-gaap:CommercialPortfolioSegmentMemberus-gaap:ExtendedMaturityMembersrt:MultifamilyMember2025-04-012025-06-300000936528us-gaap:CommercialPortfolioSegmentMemberus-gaap:PaymentDeferralMembersrt:MultifamilyMember2025-04-012025-06-300000936528srt:MultifamilyMemberus-gaap:CommercialPortfolioSegmentMember2025-04-012025-06-300000936528us-gaap:CommercialPortfolioSegmentMemberus-gaap:ExtendedMaturityMemberus-gaap:CommercialRealEstateMember2025-04-0,https://www.sec.gov/Archives/edgar/data/936528/000093652826000061/wfsl-20260630.htm
WAFD,10-Q,2026-06-30,office,102202,"d) OF THE SECURITIES EXCHANGE ACT OF 1934For the transition period from to Commission file number 001-34654WAFD, INC. (Exact name of registrant as specified in its charter) Washington91-1661606(State or other jurisdiction of incorporation or organization)(I.R.S. Employer Identification No.)425 Pike StreetSeattleWashington98101(Address of Principal Executive Offices)(Zip Code)Registrant’s telephone number, including area code (206) 624-7930 (Former name, former address and former fiscal year, if changed since last report.)Securities registered pursuant to Section 12(b) of the Act: Title of Each ClassTrading Symbol(s)Name of each exchange on which registeredCommon Stock, $1.00 par value per shareWAFDNASDAQ Stock Market",https://www.sec.gov/Archives/edgar/data/936528/000093652826000061/wfsl-20260630.htm
WAFD,10-Q,2026-06-30,office,128001,"aggregated into five classes: multi-family, commercial real estate, commercial and industrial, construction, and land acquisition and development. The risk of loss for the commercial loan portfolio segment is generally most indicated by the credit risk rating assigned to each borrower. Commercial loan risk ratings are determined by experienced senior credit officers based on specific facts and circumstances and are subject to periodic review by an independent internal team of credit specialists. The consumer loan portfolio segment is disaggregated into five classes: single-family-residential mortgage, custom construction, consumer lot loans, home equity lines of credit, and other consumer. The risk of loss for the co",https://www.sec.gov/Archives/edgar/data/936528/000093652826000061/wfsl-20260630.htm
WAFD,10-Q,2026-06-30,office,137240,"sses based on the collateral’s fair value less cost to sell. In most cases, the Company records a partial charge-off to reduce the loan’s carrying value to the collateral’s fair value less cost to sell. Substantially all of the collateral consists of various types of real estate including residential properties; commercial properties such as retail centers, office buildings, and lodging; agriculture land; and vacant land.Off-Balance-Sheet Credit Exposures - Off-balance-sheet credit exposures for the Company include unfunded loan commitments and letters of credit from the Federal Home Loan Banks of both Des Moines and San Francisco (""FHLB-DM"" and ""FHLB-SF"", respectively), which may be used as collateral for public fun",https://www.sec.gov/Archives/edgar/data/936528/000093652826000061/wfsl-20260630.htm
WAFD,10-Q,2026-06-30,office,217402,"dition to the origination commission, WAFD Insurance Group, Inc. may also receive contingent incentive fees based on the volume of business generated for the insurance carrier and based on policy renewal rates. NOTE I – Commitments and ContingenciesLease Commitments - The Company’s lease commitments consist primarily of real estate property for branches and office space under various non-cancellable operating leases that expire between 2026 and 2070. The majority of the leases contain renewal options and provisions for increases in rental rates based on a predetermined schedule or an agreed upon index.45Table of ContentsWAFD, INC. AND SUBSIDIARIES NOTES TO INTERIM CONSOLIDATED FINANCIAL STATEMENTS(UNAUDITED)Financial",https://www.sec.gov/Archives/edgar/data/936528/000093652826000061/wfsl-20260630.htm
WAFD,10-Q,2026-06-30,office,268110,"nsure that information required to be disclosed by the Company in the reports it files or submits under the Exchange Act is recorded, processed, summarized and reported within the time periods specified in the SEC's rules and forms, and that such information is accumulated and communicated to the Company's management, including the Company’s Chief Executive Officer and Chief Financial Officer, as appropriate, to allow timely decisions regarding required disclosure. Management has evaluated, with the participation of the Company’s Chief Executive Officer and Chief Financial Officer, the effectiveness of the Company’s disclosure controls and procedures as of the end of the period covered by this quarterly report (the """,https://www.sec.gov/Archives/edgar/data/936528/000093652826000061/wfsl-20260630.htm
WAFD,10-Q,2026-06-30,office,268550,"egarding required disclosure. Management has evaluated, with the participation of the Company’s Chief Executive Officer and Chief Financial Officer, the effectiveness of the Company’s disclosure controls and procedures as of the end of the period covered by this quarterly report (the ""Evaluation Date""). Based on the evaluation, the Company’s Chief Executive Officer and Chief Financial Officer have concluded that, as of the Evaluation Date, the Company's disclosure controls and procedures are effective.(b) Changes in Internal Control over Financial Reporting. During the period to which this report relates, there have not been any changes in the Company's internal control over financial reporting (as defined in Rules 1",https://www.sec.gov/Archives/edgar/data/936528/000093652826000061/wfsl-20260630.htm
WAFD,10-Q,2026-06-30,office,274918," may be declared or paid on the Company’s common stock.Item 3. Defaults Upon Senior SecuritiesNot applicableItem 4. Mine Safety DisclosuresNot applicableItem 5. Other InformationRule 10b5-1 Plan and Non-Rule 10b5-1 Trading Arrangement Adoptions, Terminations, and Modifications - During the period covered by this Quarterly Report on Form 10-Q, no director or officer of the Company adopted, modified or terminated a ""Rule 10b5-1 trading arrangement"" or ""non-Rule 10b5-1 trading arrangement,"" as each term is defined in Item 408(a) of Regulation S-K.Director Resignation - As previously disclosed in the Company's Quarterly Report for the quarter ended March 31, 2026, on May 1, 2026, Mr. Shawn Bice notified the Company’s Boa",https://www.sec.gov/Archives/edgar/data/936528/000093652826000061/wfsl-20260630.htm
WAFD,10-Q,2026-06-30,office,275912,"th the Company on any matter relating to the operations, policies, or practices of the Company. Rather, Mr. Bice resigned in connection with his acceptance of a new position with another employer, which limited his ability to continue his service on the Board.63Table of ContentsItem 6. Exhibits(a)Exhibits31.1 Section 302 Certification by the Chief Executive Officer *31.2 Section 302 Certification by the Chief Financial Officer *32 Section 1350 Certification by the Chief Executive Officer and Chief Financial Officer **101.INSXBRL Instance Document *101.SCHXBRL Taxonomy Extension Schema Document *101.CALXBRL Taxonomy Extension Calculation Linkbase Document *101.DEFXBRL Taxonomy Extension Definition Linkbase Document *1",https://www.sec.gov/Archives/edgar/data/936528/000093652826000061/wfsl-20260630.htm
